HIERARCHY
ROOT mixamorig:Hips
{
	OFFSET -0.000008 104.274872 1.554316
	CHANNELS 6 Xposition Yposition Zposition Xrotation Yrotation Zrotation
	JOINT mixamorig:Spine
	{
		OFFSET -0.000005 10.181587 0.131521
		CHANNELS 6 Xposition Yposition Zposition Xrotation Yrotation Zrotation
		JOINT mixamorig:Spine1
		{
			OFFSET -0.000000 9.893967 -1.470711
			CHANNELS 3 Xrotation Yrotation Zrotation
			JOINT mixamorig:Spine2
			{
				OFFSET -0.000000 9.220772 -1.370643
				CHANNELS 3 Xrotation Yrotation Zrotation
				JOINT mixamorig:Neck
				{
					OFFSET 0.000001 16.740387 -2.049035
					CHANNELS 6 Xposition Yposition Zposition Xrotation Yrotation Zrotation
					JOINT mixamorig:Head
					{
						OFFSET 0.000000 9.617889 1.685008
						CHANNELS 6 Xposition Yposition Zposition Xrotation Yrotation Zrotation
						JOINT mixamorig:HeadTop_End
						{
							OFFSET 0.000002 22.037369 7.501095
							CHANNELS 6 Xposition Yposition Zposition Xrotation Yrotation Zrotation
							End Site
							{
								OFFSET 0.000002 23.106552 -2.828258
							}
						}
					}
				}
				JOINT mixamorig:RightShoulder
				{
					OFFSET -4.569969 11.014908 -2.160884
					CHANNELS 6 Xposition Yposition Zposition Xrotation Yrotation Zrotation
					JOINT mixamorig:RightArm
					{
						OFFSET -10.592846 -0.524811 -2.232097
						CHANNELS 3 Xrotation Yrotation Zrotation
						JOINT mixamorig:RightForeArm
						{
							OFFSET -27.841518 0.000000 -0.000004
							CHANNELS 3 Xrotation Yrotation Zrotation
							JOINT mixamorig:RightHand
							{
								OFFSET -28.328838 0.000000 0.000019
								CHANNELS 3 Xrotation Yrotation Zrotation
								JOINT mixamorig:RightHandThumb1
								{
									OFFSET -2.464806 -1.573990 2.681852
									CHANNELS 6 Xposition Yposition Zposition Xrotation Yrotation Zrotation
									JOINT mixamorig:RightHandThumb2
									{
										OFFSET -3.215187 -1.872772 1.924281
										CHANNELS 3 Xrotation Yrotation Zrotation
										JOINT mixamorig:RightHandThumb3
										{
											OFFSET -2.654839 -1.527985 1.512611
											CHANNELS 3 Xrotation Yrotation Zrotation
											JOINT mixamorig:RightHandThumb4
											{
												OFFSET -2.018822 -1.152008 1.108052
												CHANNELS 3 Xrotation Yrotation Zrotation
												End Site
												{
													OFFSET -1.888100 -1.145340 1.324313
												}
											}
										}
									}
								}
								JOINT mixamorig:RightHandIndex1
								{
									OFFSET -9.108284 -0.517868 2.259834
									CHANNELS 6 Xposition Yposition Zposition Xrotation Yrotation Zrotation
									JOINT mixamorig:RightHandIndex2
									{
										OFFSET -3.699997 0.000015 0.001215
										CHANNELS 3 Xrotation Yrotation Zrotation
										JOINT mixamorig:RightHandIndex3
										{
											OFFSET -2.850006 0.000000 -0.000521
											CHANNELS 3 Xrotation Yrotation Zrotation
											JOINT mixamorig:RightHandIndex4
											{
												OFFSET -2.772186 0.000000 -0.000020
												CHANNELS 3 Xrotation Yrotation Zrotation
												End Site
												{
													OFFSET -2.772186 0.000000 -0.000502
												}
											}
										}
									}
								}
								JOINT mixamorig:RightHandMiddle1
								{
									OFFSET -9.532501 -0.000046 -0.000025
									CHANNELS 6 Xposition Yposition Zposition Xrotation Yrotation Zrotation
									JOINT mixamorig:RightHandMiddle2
									{
										OFFSET -3.699997 0.000015 0.003713
										CHANNELS 3 Xrotation Yrotation Zrotation
										JOINT mixamorig:RightHandMiddle3
										{
											OFFSET -2.949997 0.000000 -0.002054
											CHANNELS 3 Xrotation Yrotation Zrotation
											JOINT mixamorig:RightHandMiddle4
											{
												OFFSET -2.946632 0.000015 -0.000155
												CHANNELS 3 Xrotation Yrotation Zrotation
												End Site
												{
													OFFSET -2.946625 0.000000 -0.001135
												}
											}
										}
									}
								}
								JOINT mixamorig:RightHandRing1
								{
									OFFSET -9.103592 -0.043076 -1.865134
									CHANNELS 6 Xposition Yposition Zposition Xrotation Yrotation Zrotation
									JOINT mixamorig:RightHandRing2
									{
										OFFSET -3.379272 0.000000 -0.001054
										CHANNELS 3 Xrotation Yrotation Zrotation
										JOINT mixamorig:RightHandRing3
										{
											OFFSET -2.889687 0.000000 0.000379
											CHANNELS 3 Xrotation Yrotation Zrotation
											JOINT mixamorig:RightHandRing4
											{
												OFFSET -2.638817 0.000000 0.000942
												CHANNELS 3 Xrotation Yrotation Zrotation
												End Site
												{
													OFFSET -2.638802 0.000000 0.005160
												}
											}
										}
									}
								}
								JOINT mixamorig:RightHandPinky1
								{
									OFFSET -8.076675 -0.486710 -3.806279
									CHANNELS 6 Xposition Yposition Zposition Xrotation Yrotation Zrotation
									JOINT mixamorig:RightHandPinky2
									{
										OFFSET -3.599998 -0.000031 -0.003747
										CHANNELS 3 Xrotation Yrotation Zrotation
										JOINT mixamorig:RightHandPinky3
										{
											OFFSET -2.099991 -0.000015 -0.005740
											CHANNELS 3 Xrotation Yrotation Zrotation
											JOINT mixamorig:RightHandPinky4
											{
												OFFSET -2.115776 -0.000015 -0.003680
												CHANNELS 3 Xrotation Yrotation Zrotation
												End Site
												{
													OFFSET -2.115784 -0.000015 -0.003507
												}
											}
										}
									}
								}
							}
						}
					}
				}
				JOINT mixamorig:LeftShoulder
				{
					OFFSET 4.570447 11.014709 -2.160855
					CHANNELS 6 Xposition Yposition Zposition Xrotation Yrotation Zrotation
					JOINT mixamorig:LeftArm
					{
						OFFSET 10.592369 -0.524597 -2.232120
						CHANNELS 3 Xrotation Yrotation Zrotation
						JOINT mixamorig:LeftForeArm
						{
							OFFSET 27.841522 -0.000031 0.000023
							CHANNELS 3 Xrotation Yrotation Zrotation
							JOINT mixamorig:LeftHand
							{
								OFFSET 28.328835 -0.000031 0.000018
								CHANNELS 3 Xrotation Yrotation Zrotation
								JOINT mixamorig:LeftHandThumb1
								{
									OFFSET 2.466141 -1.576187 2.681734
									CHANNELS 6 Xposition Yposition Zposition Xrotation Yrotation Zrotation
									JOINT mixamorig:LeftHandThumb2
									{
										OFFSET 3.217804 -1.872055 1.916487
										CHANNELS 3 Xrotation Yrotation Zrotation
										JOINT mixamorig:LeftHandThumb3
										{
											OFFSET 2.656013 -1.528809 1.514505
											CHANNELS 3 Xrotation Yrotation Zrotation
											JOINT mixamorig:LeftHandThumb4
											{
												OFFSET 2.020889 -1.154068 1.115134
												CHANNELS 3 Xrotation Yrotation Zrotation
												End Site
												{
													OFFSET 1.908852 -1.150833 1.300489
												}
											}
										}
									}
								}
								JOINT mixamorig:LeftHandIndex1
								{
									OFFSET 9.109306 -0.518036 2.259871
									CHANNELS 6 Xposition Yposition Zposition Xrotation Yrotation Zrotation
									JOINT mixamorig:LeftHandIndex2
									{
										OFFSET 3.699997 -0.000015 -0.000323
										CHANNELS 3 Xrotation Yrotation Zrotation
										JOINT mixamorig:LeftHandIndex3
										{
											OFFSET 2.850006 -0.000015 0.000350
											CHANNELS 3 Xrotation Yrotation Zrotation
											JOINT mixamorig:LeftHandIndex4
											{
												OFFSET 2.774864 0.000000 -0.000027
												CHANNELS 3 Xrotation Yrotation Zrotation
												End Site
												{
													OFFSET 2.774872 -0.000015 -0.000099
												}
											}
										}
									}
								}
								JOINT mixamorig:LeftHandMiddle1
								{
									OFFSET 9.533401 0.000031 0.000044
									CHANNELS 6 Xposition Yposition Zposition Xrotation Yrotation Zrotation
									JOINT mixamorig:LeftHandMiddle2
									{
										OFFSET 3.699997 -0.000015 -0.000231
										CHANNELS 3 Xrotation Yrotation Zrotation
										JOINT mixamorig:LeftHandMiddle3
										{
											OFFSET 2.950005 0.000000 -0.000060
											CHANNELS 3 Xrotation Yrotation Zrotation
											JOINT mixamorig:LeftHandMiddle4
											{
												OFFSET 2.952858 0.000000 0.000063
												CHANNELS 3 Xrotation Yrotation Zrotation
												End Site
												{
													OFFSET 2.952866 0.000000 0.000228
												}
											}
										}
									}
								}
								JOINT mixamorig:LeftHandRing1
								{
									OFFSET 9.104530 -0.043030 -1.865074
									CHANNELS 6 Xposition Yposition Zposition Xrotation Yrotation Zrotation
									JOINT mixamorig:LeftHandRing2
									{
										OFFSET 3.150002 -0.000015 0.000042
										CHANNELS 3 Xrotation Yrotation Zrotation
										JOINT mixamorig:LeftHandRing3
										{
											OFFSET 2.949997 0.000000 0.000037
											CHANNELS 3 Xrotation Yrotation Zrotation
											JOINT mixamorig:LeftHandRing4
											{
												OFFSET 2.644318 -0.000015 0.000059
												CHANNELS 3 Xrotation Yrotation Zrotation
												End Site
												{
													OFFSET 2.644318 0.000000 0.000121
												}
											}
										}
									}
								}
								JOINT mixamorig:LeftHandPinky1
								{
									OFFSET 8.077782 -0.486877 -3.806256
									CHANNELS 6 Xposition Yposition Zposition Xrotation Yrotation Zrotation
									JOINT mixamorig:LeftHandPinky2
									{
										OFFSET 3.599968 0.000031 0.014726
										CHANNELS 3 Xrotation Yrotation Zrotation
										JOINT mixamorig:LeftHandPinky3
										{
											OFFSET 2.099991 0.000015 0.007705
											CHANNELS 3 Xrotation Yrotation Zrotation
											JOINT mixamorig:LeftHandPinky4
											{
												OFFSET 2.125511 0.000015 0.007514
												CHANNELS 3 Xrotation Yrotation Zrotation
												End Site
												{
													OFFSET 2.125526 0.000015 0.006258
												}
											}
										}
									}
								}
							}
						}
					}
				}
			}
		}
	}
	JOINT mixamorig:RightUpLeg
	{
		OFFSET -8.207787 -6.751671 -1.599560
		CHANNELS 6 Xposition Yposition Zposition Xrotation Yrotation Zrotation
		JOINT mixamorig:RightLeg
		{
			OFFSET -0.000001 -44.370113 0.345939
			CHANNELS 3 Xrotation Yrotation Zrotation
			JOINT mixamorig:RightFoot
			{
				OFFSET 0.000001 -44.423676 -3.043536
				CHANNELS 3 Xrotation Yrotation Zrotation
				JOINT mixamorig:RightToeBase
				{
					OFFSET -0.000003 -8.728670 10.710561
					CHANNELS 3 Xrotation Yrotation Zrotation
					JOINT mixamorig:RightToe_End
					{
						OFFSET -0.000003 -0.000677 9.278120
						CHANNELS 3 Xrotation Yrotation Zrotation
						End Site
						{
							OFFSET -0.000003 -0.000677 9.278120
						}
					}
				}
			}
		}
	}
	JOINT mixamorig:LeftUpLeg
	{
		OFFSET 8.207791 -6.751701 -1.599555
		CHANNELS 6 Xposition Yposition Zposition Xrotation Yrotation Zrotation
		JOINT mixamorig:LeftLeg
		{
			OFFSET -0.000002 -44.370033 0.346958
			CHANNELS 3 Xrotation Yrotation Zrotation
			JOINT mixamorig:LeftFoot
			{
				OFFSET 0.000000 -44.423653 -3.044392
				CHANNELS 3 Xrotation Yrotation Zrotation
				JOINT mixamorig:LeftToeBase
				{
					OFFSET -0.000003 -8.728668 10.710560
					CHANNELS 3 Xrotation Yrotation Zrotation
					JOINT mixamorig:LeftToe_End
					{
						OFFSET -0.000003 -0.000677 9.278137
						CHANNELS 3 Xrotation Yrotation Zrotation
						End Site
						{
							OFFSET -0.000003 -0.000677 9.278137
						}
					}
				}
			}
		}
	}
}
MOTION
Frames: 250
Frame Time: 0.033333
0.770637 97.856705 2.480940 -1.066260 -3.163238 7.878179 -0.000004 10.181574 0.131519 -1.394772 0.589487 -0.278406 6.496312 -0.160547 -3.781749 6.504163 -0.147041 -3.779293 0.000002 16.740374 -2.049033 -1.722803 3.064332 -1.216010 0.000002 9.617867 1.685009 -25.287932 19.711699 -11.277423 0.000003 22.037384 7.501089 -0.000002 0.000001 0.000001 -4.569970 11.014917 -2.160882 0.912637 9.410349 6.885740 3.491362 22.445082 71.781347 -0.000004 7.179547 0.000016 38.346591 4.903489 -1.707345 -2.464804 -1.573971 2.681848 -3.957290 -16.952381 -15.272040 4.886092 -14.854304 -0.578675 -1.560136 0.883054 -1.926117 0.000000 0.000001 0.000004 -9.108274 -0.517864 2.259836 0.000643 -0.096449 0.637389 0.099512 -1.155819 9.771468 0.115244 -1.273780 10.427999 0.000003 0.000001 -0.000005 -9.532501 -0.000045 -0.000023 0.088352 -1.108735 8.665317 0.168294 -1.466598 12.936988 0.200208 -1.699739 13.779765 -0.000003 -0.000000 0.000003 -9.103580 -0.043073 -1.865130 0.337562 -2.144229 18.038251 0.307916 -2.068072 17.019587 0.335448 -2.130250 17.667975 -0.000002 0.000005 0.000001 -8.076683 -0.486711 -3.806278 0.705350 -3.057040 26.477153 0.346465 -2.236735 19.456156 0.416515 -2.533209 20.727278 0.000001 0.000004 -0.000006 4.570448 11.014726 -2.160852 0.636311 -5.343853 -7.290891 4.781282 -12.078875 -62.755505 -0.000005 -15.083346 -0.000000 32.464268 5.550311 5.047325 2.466144 -1.576196 2.681740 -3.599472 18.297681 14.126176 4.185344 14.320372 1.150408 -0.821912 0.916481 2.391521 0.000000 0.000003 -0.000006 9.109314 -0.518038 2.259872 0.090578 1.115335 -9.325969 0.010924 0.393567 -3.163642 0.010499 0.373998 -3.163635 0.000004 -0.000003 -0.000001 9.533417 0.000031 0.000049 0.146691 1.416603 -11.854458 0.112228 1.244098 -10.346740 0.103433 1.192730 -9.914571 -0.000001 0.000002 -0.000002 9.104533 -0.043035 -1.865072 0.216709 1.717211 -14.378450 0.352145 2.177130 -18.362185 0.349932 2.170420 -18.303527 -0.000000 -0.000006 -0.000001 8.077812 -0.486862 -3.806256 1.540850 6.125415 -16.561300 0.728142 -1.217794 -25.151777 0.716300 2.859759 -24.693154 0.000001 -0.000002 0.000001 -8.207786 -6.751684 -1.599567 -21.105537 5.383843 -6.217941 44.889642 -10.181032 -9.976331 -18.419238 -4.275284 -1.046354 -5.962758 0.000001 -0.000009 0.000000 0.000001 0.000002 8.207795 -6.751723 -1.599556 -15.565808 6.177823 -9.366810 34.947110 8.575829 1.560261 -17.872836 0.203214 -1.289921 -0.154113 -0.000000 -0.000000 0.000000 -0.000000 -0.000000 
0.739629 97.952347 2.455035 -1.481228 -0.487354 7.445512 -0.000005 10.181577 0.131523 -1.175929 -0.416933 -0.452512 6.461394 -0.271904 -3.451994 6.459698 -0.264932 -3.459269 0.000001 16.740393 -2.049035 -1.129729 2.839297 -1.171016 -0.000003 9.617875 1.685012 -24.459401 18.933221 -11.976415 0.000001 22.037354 7.501106 -0.000003 -0.000001 0.000000 -4.569971 11.014899 -2.160885 0.892193 9.563534 7.083991 1.480209 21.146722 70.675164 -0.000022 7.423656 0.000005 31.314020 3.656271 -2.617868 -2.464792 -1.573979 2.681849 -3.957285 -16.952381 -15.272038 4.886094 -14.854307 -0.578675 -1.560136 0.883062 -1.926115 -0.000001 -0.000005 0.000001 -9.108282 -0.517862 2.259837 0.002999 0.205637 -1.841521 0.085323 -1.069427 9.052821 0.107462 -1.230725 10.068651 0.000001 0.000001 0.000002 -9.532502 -0.000037 -0.000022 0.046423 -0.805858 6.155723 0.146148 -1.364031 12.075630 0.189741 -1.656410 13.413632 0.000001 -0.000001 0.000001 -9.103584 -0.043073 -1.865130 0.245260 -1.834043 15.379740 0.276721 -1.963726 16.125056 0.321520 -2.086440 17.290134 0.000003 0.000001 -0.000006 -8.076670 -0.486715 -3.806276 0.559675 -2.738512 23.596362 0.317303 -2.145858 18.672122 0.400408 -2.488313 20.335107 -0.000001 0.000004 -0.000012 4.570448 11.014728 -2.160855 0.632194 -5.444005 -7.412072 2.768751 -13.435412 -62.377672 -0.000026 -13.412937 -0.000006 34.023057 4.832655 7.163163 2.466144 -1.576213 2.681730 -3.599471 18.297667 14.126179 4.185341 14.320375 1.150407 -0.821913 0.916474 2.391520 -0.000001 0.000008 -0.000005 9.109308 -0.518035 2.259864 0.078880 1.041381 -8.705309 0.009689 0.370784 -2.974503 0.009264 0.351200 -2.974483 0.000002 -0.000004 -0.000003 9.533422 0.000027 0.000038 0.133140 1.350266 -11.293145 0.106341 1.211502 -10.072197 0.098353 1.163216 -9.666253 -0.000002 0.000000 -0.000001 9.104541 -0.043032 -1.865081 0.201565 1.657071 -13.864093 0.339123 2.137566 -18.016651 0.337630 2.132979 -17.976500 -0.000000 0.000002 0.000002 8.077800 -0.486855 -3.806265 1.487920 6.078922 -16.063464 0.707145 -1.259553 -24.765335 0.695690 2.817833 -24.305218 -0.000004 -0.000001 0.000009 -8.207785 -6.751661 -1.599564 -20.710612 4.431073 -5.283140 44.887532 -10.316895 -9.985854 -17.966075 -5.766661 -1.881593 -6.209287 0.000002 0.000003 0.000000 0.000000 0.000001 8.207791 -6.751698 -1.599554 -15.552418 4.798434 -9.078425 35.033806 6.851936 1.438346 -17.708107 0.127046 -0.815249 -0.375460 0.000000 0.000001 -0.000000 -0.000001 0.000000 
0.681537 98.040062 2.459406 -1.588631 1.840041 7.410435 -0.000005 10.181589 0.131521 -1.380372 -0.996876 -0.452911 6.180772 -0.341804 -3.491929 6.173120 -0.336496 -3.505033 0.000002 16.740383 -2.049038 -0.473354 2.599778 -1.215866 -0.000000 9.617869 1.685005 -23.242997 17.797805 -12.301266 0.000004 22.037338 7.501097 0.000002 -0.000002 0.000001 -4.569969 11.014914 -2.160884 0.883024 9.494067 7.015287 0.718823 21.201532 71.075297 0.000003 6.942582 -0.000000 24.995374 2.890166 -3.871397 -2.464800 -1.573973 2.681854 -3.957294 -16.952383 -15.272045 4.886098 -14.854307 -0.578679 -1.560136 0.883057 -1.926115 0.000003 -0.000004 0.000000 -9.108274 -0.517868 2.259840 0.017105 0.489023 -4.169857 0.073614 -0.992348 8.413028 0.100751 -1.192335 9.748715 -0.000006 0.000002 -0.000001 -9.532507 -0.000046 -0.000018 0.019527 -0.525045 3.840702 0.127931 -1.273560 11.317901 0.180914 -1.618828 13.096514 0.000003 0.000000 -0.000001 -9.103582 -0.043091 -1.865129 0.174311 -1.550289 12.977538 0.251278 -1.873869 15.357926 0.309972 -2.049426 16.971763 -0.000002 0.000004 -0.000008 -8.076681 -0.486709 -3.806273 0.443641 -2.449083 21.032724 0.294027 -2.070066 18.021114 0.387268 -2.450934 20.009461 0.000001 0.000003 -0.000002 4.570448 11.014703 -2.160856 0.625854 -5.335691 -7.538136 1.247650 -13.789314 -62.050383 -0.000017 -11.383355 -0.000001 35.443115 3.733289 8.842002 2.466136 -1.576192 2.681739 -3.599484 18.297686 14.126175 4.185347 14.320382 1.150408 -0.821909 0.916476 2.391517 0.000003 0.000005 0.000000 9.109309 -0.518029 2.259874 0.067642 0.964722 -8.063102 0.008375 0.345117 -2.761499 0.007976 0.325524 -2.761509 -0.000002 -0.000004 -0.000001 9.533408 0.000025 0.000047 0.119512 1.279925 -10.698976 0.100588 1.178626 -9.795568 0.093390 1.133716 -9.418228 0.000002 -0.000001 -0.000000 9.104540 -0.043032 -1.865073 0.185626 1.591161 -13.301729 0.327313 2.100897 -17.696834 0.326695 2.099000 -17.680320 -0.000002 -0.000006 0.000000 8.077790 -0.486871 -3.806256 1.428828 6.025999 -15.502919 0.689256 -1.295641 -24.432087 0.678127 2.781572 -23.970704 -0.000002 -0.000000 0.000004 -8.207787 -6.751680 -1.599564 -20.348276 3.757664 -4.703588 44.597242 -10.315239 -9.988318 -17.564762 -5.490193 0.365427 -6.544648 0.000005 -0.000008 0.000000 -0.000000 -0.000000 8.207793 -6.751706 -1.599556 -15.707869 3.316365 -9.249361 34.859670 5.897766 1.314448 -17.419629 0.104534 -0.556723 -0.662513 -0.000002 0.000001 -0.000000 -0.000001 -0.000000 
0.567780 97.942986 2.440349 -1.547924 3.976027 8.269361 -0.000003 10.181602 0.131522 -2.015352 -0.907771 -0.544635 5.678760 -0.354852 -4.098446 5.670727 -0.342123 -4.111579 0.000001 16.740370 -2.049035 0.245420 2.279042 -1.300072 0.000001 9.617849 1.685008 -21.711426 15.856679 -11.894097 0.000003 22.037338 7.501096 0.000005 0.000002 0.000000 -4.569970 11.014929 -2.160884 0.878829 9.069374 6.707093 0.782871 23.108333 73.050082 0.000006 6.470445 -0.000003 16.018117 2.029723 -4.308370 -2.464804 -1.573969 2.681854 -3.957286 -16.952388 -15.272040 4.886099 -14.854302 -0.578673 -1.560139 0.883062 -1.926120 0.000006 -0.000009 0.000001 -9.108274 -0.517875 2.259837 0.038936 0.736627 -6.209780 0.064635 -0.929079 7.888558 0.095410 -1.160835 9.486432 -0.000001 0.000003 -0.000002 -9.532496 -0.000049 -0.000021 0.005524 -0.283541 1.855521 0.114350 -1.201541 10.716356 0.174215 -1.589750 12.851530 -0.000001 0.000003 0.000003 -9.103584 -0.043074 -1.865127 0.124173 -1.310971 10.969839 0.232969 -1.806244 14.782536 0.301809 -2.022734 16.742469 0.000002 0.000004 -0.000004 -8.076692 -0.486710 -3.806275 0.358266 -2.208126 18.931958 0.278449 -2.017535 17.570931 0.378302 -2.425029 19.784278 0.000001 0.000006 -0.000001 4.570446 11.014708 -2.160855 0.615784 -4.967428 -7.677537 0.101523 -13.048405 -61.508948 -0.000002 -9.476540 0.000010 37.354004 2.409880 9.581972 2.466136 -1.576200 2.681736 -3.599488 18.297689 14.126178 4.185346 14.320373 1.150408 -0.821907 0.916481 2.391521 -0.000004 -0.000001 -0.000005 9.109289 -0.518034 2.259871 0.058602 0.898168 -7.506414 0.006861 0.312880 -2.493997 0.006517 0.293264 -2.493990 0.000001 -0.000002 -0.000001 9.533406 0.000026 0.000044 0.106926 1.211183 -10.119667 0.094497 1.142762 -9.493849 0.088011 1.100880 -9.142470 -0.000005 0.000001 -0.000001 9.104526 -0.043032 -1.865072 0.168489 1.516907 -12.669719 0.315798 2.064501 -17.380180 0.316242 2.065946 -17.392788 0.000002 -0.000001 0.000003 8.077786 -0.486873 -3.806258 1.355339 5.958742 -14.799121 0.673456 -1.328033 -24.133877 0.662599 2.749036 -23.671385 0.000007 -0.000000 -0.000006 -8.207785 -6.751667 -1.599564 -20.206558 3.441571 -5.108847 44.698442 -10.089615 -9.978984 -17.674248 -4.078117 4.233651 -6.950005 0.000006 -0.000000 0.000000 -0.000000 -0.000001 8.207793 -6.751698 -1.599555 -16.136918 1.853540 -10.443336 34.801515 5.777790 1.239951 -17.150752 0.136953 -0.532677 -1.006929 -0.000004 0.000001 -0.000000 -0.000000 -0.000000 
0.408765 97.539566 2.364988 -1.597376 5.913151 9.976210 -0.000004 10.181603 0.131520 -2.776372 -0.180871 -0.992314 5.198945 -0.322051 -5.193254 5.196353 -0.292635 -5.200987 0.000001 16.740358 -2.049035 0.894257 1.786891 -1.253858 0.000000 9.617880 1.685015 -20.210805 12.795169 -10.715005 0.000000 22.037354 7.501094 -0.000005 -0.000004 0.000002 -4.569965 11.014908 -2.160884 0.862202 8.255999 6.316722 0.785936 26.693093 75.635029 0.000000 7.558596 -0.000018 1.190032 -0.059811 -3.387198 -2.464796 -1.573959 2.681848 -3.957283 -16.952383 -15.272050 4.886092 -14.854302 -0.578672 -1.560136 0.883059 -1.926113 -0.000000 -0.000007 -0.000001 -9.108278 -0.517889 2.259836 0.059837 0.912351 -7.662177 0.057921 -0.878729 7.471570 0.091266 -1.135765 9.277919 -0.000002 0.000001 -0.000000 -9.532505 -0.000055 -0.000021 0.000555 -0.105068 0.390519 0.104489 -1.146484 10.257174 0.169147 -1.567253 12.662212 0.000001 0.000000 0.000002 -9.103581 -0.043073 -1.865133 0.091323 -1.125571 9.424233 0.219848 -1.755983 14.355854 0.295897 -2.003233 16.575044 -0.000002 0.000001 0.000002 -8.076691 -0.486698 -3.806277 0.296768 -2.014430 17.262262 0.267743 -1.980536 17.254603 0.372062 -2.406804 19.626043 0.000001 0.000005 0.000004 4.570446 11.014721 -2.160856 0.602485 -4.418747 -7.875126 -0.974976 -11.538555 -60.535311 -0.000013 -8.372757 0.000016 40.233147 1.189410 9.048075 2.466143 -1.576204 2.681735 -3.599487 18.297684 14.126184 4.185341 14.320382 1.150409 -0.821913 0.916481 2.391515 -0.000001 0.000000 -0.000005 9.109303 -0.518030 2.259872 0.056132 0.879130 -7.347328 0.005559 0.282036 -2.238251 0.005240 0.262442 -2.238256 0.000003 -0.000000 0.000000 9.533403 0.000029 0.000045 0.100573 1.175003 -9.815166 0.089129 1.110235 -9.220644 0.082998 1.069157 -8.876131 0.000001 -0.000000 0.000001 9.104539 -0.043029 -1.865073 0.155689 1.458778 -12.176342 0.305233 2.030549 -17.085100 0.306393 2.034289 -17.117595 0.000006 0.000001 0.000001 8.077808 -0.486856 -3.806257 1.285890 5.893586 -14.126390 0.658567 -1.358903 -23.850413 0.647980 2.718037 -23.386885 -0.000000 -0.000002 0.000006 -8.207784 -6.751669 -1.599564 -20.157352 3.238917 -6.600135 45.275193 -10.123040 -9.964425 -19.293278 -2.565572 7.612031 -6.415686 0.000001 0.000002 0.000000 0.000000 0.000000 8.207790 -6.751691 -1.599557 -16.980665 0.316861 -12.449965 35.419394 6.454837 0.811301 -17.161600 0.188394 -0.571306 -1.402419 -0.000002 0.000001 0.000000 -0.000000 0.000000 
0.183895 96.836487 2.243644 -2.030452 7.579272 11.854113 -0.000005 10.181581 0.131522 -3.172617 0.770976 -1.806242 5.068569 -0.285843 -6.403093 5.073821 -0.237144 -6.403313 0.000001 16.740368 -2.049034 1.256845 1.071712 -0.888215 -0.000001 9.617878 1.685012 -19.150507 8.712699 -9.175931 0.000005 22.037338 7.501091 -0.000000 0.000000 0.000002 -4.569970 11.014915 -2.160882 0.824675 7.199230 6.039062 0.489147 30.417831 77.018921 -0.000016 11.970078 0.000004 -18.926934 -4.525237 -2.779381 -2.464800 -1.573975 2.681849 -3.957289 -16.952378 -15.272047 4.886095 -14.854304 -0.578672 -1.560138 0.883057 -1.926115 0.000003 -0.000007 -0.000001 -9.108278 -0.517865 2.259837 0.066978 0.965095 -8.098989 0.053332 -0.842529 7.172091 0.088357 -1.117742 9.128154 -0.000000 0.000000 -0.000002 -9.532507 -0.000063 -0.000022 -0.000204 -0.026171 -0.256719 0.097716 -1.107078 9.928989 0.165048 -1.548983 12.508482 0.000001 0.000002 0.000000 -9.103591 -0.043071 -1.865130 0.073948 -1.013608 8.494242 0.209485 -1.715138 14.009756 0.290624 -1.985655 16.424322 -0.000000 0.000002 -0.000004 -8.076683 -0.486699 -3.806275 0.256065 -1.874234 16.063164 0.257694 -1.945101 16.952080 0.366142 -2.389367 19.474707 -0.000001 0.000001 -0.000006 4.570447 11.014723 -2.160854 0.591977 -3.932457 -8.199079 -2.304622 -9.960140 -59.103731 -0.000012 -8.525660 0.000009 43.839941 0.299012 7.366814 2.466144 -1.576218 2.681727 -3.599497 18.297670 14.126185 4.185345 14.320371 1.150403 -0.821910 0.916481 2.391520 -0.000000 0.000003 -0.000005 9.109304 -0.518034 2.259865 0.065086 0.946467 -7.910402 0.005175 0.271979 -2.154816 0.004864 0.252378 -2.154842 -0.000001 0.000001 0.000000 9.533405 0.000034 0.000036 0.107075 1.212006 -10.126707 0.087080 1.097486 -9.113620 0.080434 1.052824 -8.739194 -0.000000 -0.000001 0.000001 9.104538 -0.043030 -1.865082 0.156230 1.461345 -12.198048 0.298883 2.009711 -16.904571 0.299581 2.012064 -16.924703 0.000001 0.000000 -0.000000 8.077794 -0.486873 -3.806266 1.263408 5.872155 -13.907007 0.646368 -1.384494 -23.615902 0.636005 2.692332 -23.151498 -0.000005 0.000001 0.000001 -8.207785 -6.751673 -1.599561 -19.870327 2.654329 -8.507647 46.097872 -10.171639 -9.944597 -22.867764 -2.061930 9.203139 -4.230215 0.000002 -0.000002 0.000000 0.000000 -0.000000 8.207795 -6.751696 -1.599553 -18.091745 -1.112843 -14.228191 37.165532 7.237872 -0.363754 -17.719421 0.202833 -0.414400 -1.802199 -0.000002 -0.000000 -0.000000 0.000000 -0.000000 
-0.173799 95.978348 2.120976 -3.090528 8.975552 13.052082 -0.000003 10.181592 0.131521 -2.836440 1.324610 -2.648820 5.448963 -0.296017 -7.229071 5.458579 -0.236328 -7.224926 0.000001 16.740389 -2.049034 1.240634 0.169621 -0.135140 -0.000004 9.617876 1.685013 -18.733356 4.156742 -7.915020 0.000006 22.037354 7.501096 -0.000006 -0.000002 0.000001 -4.569969 11.014899 -2.160882 0.780275 6.173747 5.947806 0.991902 32.141613 75.362668 0.000007 20.481256 -0.000008 -38.927768 -10.135019 -4.747897 -2.464819 -1.573977 2.681851 -3.957291 -16.952384 -15.272049 4.886096 -14.854307 -0.578675 -1.560140 0.883062 -1.926115 0.000003 -0.000009 0.000001 -9.108284 -0.517889 2.259838 0.052446 0.854415 -7.182785 0.051946 -0.831339 7.079629 0.087457 -1.112193 9.081893 0.000001 -0.000001 -0.000001 -9.532513 -0.000048 -0.000023 0.000319 -0.087368 0.245321 0.095353 -1.093263 9.813954 0.162784 -1.538581 12.421011 0.000000 0.000000 0.000000 -9.103601 -0.043080 -1.865129 0.074391 -1.016612 8.519185 0.203217 -1.689984 13.796948 0.286468 -1.971632 16.304117 -0.000001 -0.000002 0.000002 -8.076678 -0.486709 -3.806274 0.244098 -1.830781 15.693005 0.248572 -1.912281 16.672345 0.360714 -2.373225 19.334780 0.000000 -0.000001 -0.000006 4.570449 11.014725 -2.160854 0.590901 -3.800473 -8.675744 -3.878058 -8.971261 -57.476124 -0.000011 -9.798595 0.000006 47.136058 -0.224298 5.069316 2.466132 -1.576207 2.681738 -3.599500 18.297676 14.126177 4.185336 14.320371 1.150407 -0.821914 0.916474 2.391511 0.000003 0.000009 0.000000 9.109296 -0.518025 2.259871 0.087822 1.098406 -9.183805 0.006202 0.297926 -2.370058 0.005877 0.278341 -2.370082 -0.000002 -0.000002 0.000000 9.533389 0.000026 0.000044 0.129651 1.332643 -11.144294 0.090630 1.119481 -9.298236 0.082632 1.066961 -8.857759 0.000001 0.000001 -0.000001 9.104532 -0.043036 -1.865074 0.176041 1.550047 -12.951717 0.301147 2.017214 -16.969404 0.299984 2.013393 -16.936316 -0.000002 -0.000003 0.000003 8.077785 -0.486863 -3.806260 1.321581 5.927271 -14.473133 0.642988 -1.391640 -23.550511 0.632697 2.685151 -23.085879 0.000002 -0.000002 0.000002 -8.207784 -6.751674 -1.599566 -19.787258 1.409326 -9.907426 47.949205 -9.559301 -9.993829 -25.374236 -2.448259 10.250318 -1.445737 0.000001 -0.000000 -0.000000 -0.000000 -0.000000 8.207797 -6.751697 -1.599555 -18.721205 -1.451513 -14.777775 39.850988 6.680740 -1.483950 -18.844688 0.167655 -0.063533 -2.113798 0.000003 -0.000001 -0.000000 0.000001 -0.000000 
-0.688998 95.129524 2.025093 -4.800389 10.178102 13.216039 -0.000005 10.181591 0.131521 -1.726015 1.048354 -3.128314 6.248977 -0.375655 -7.342795 6.255367 -0.320721 -7.341688 0.000002 16.740389 -2.049036 0.963519 -0.817736 0.915193 0.000002 9.617907 1.685011 -18.905417 -0.227390 -7.350757 0.000003 22.037354 7.501091 0.000001 -0.000001 -0.000001 -4.569967 11.014891 -2.160883 0.749399 5.469902 5.968073 2.980563 30.217587 70.161459 -0.000005 32.180757 -0.000005 -51.603213 -14.420321 -7.372371 -2.464784 -1.573973 2.681851 -3.957290 -16.952393 -15.272043 4.886091 -14.854299 -0.578673 -1.560135 0.883049 -1.926117 0.000000 -0.000000 0.000000 -9.108278 -0.517876 2.259833 0.025147 0.592361 -5.020446 0.054733 -0.853799 7.265359 0.089267 -1.123365 9.174792 -0.000000 0.000001 0.000001 -9.532496 -0.000049 -0.000022 0.005799 -0.290173 1.910005 0.099001 -1.114702 9.992354 0.163361 -1.541316 12.444038 0.000000 0.000001 0.000002 -9.103582 -0.043080 -1.865131 0.095962 -1.153621 9.657568 0.203896 -1.692694 13.819893 0.285094 -1.967002 16.264468 -0.000000 0.000000 -0.000007 -8.076675 -0.486713 -3.806275 0.268434 -1.917992 16.436555 0.243763 -1.894740 16.523081 0.357828 -2.364615 19.260109 0.000000 0.000001 -0.000003 4.570446 11.014708 -2.160853 0.594989 -4.198662 -9.211220 -5.266771 -8.912852 -56.161852 -0.000003 -11.596533 0.000011 49.019721 -0.326037 2.823617 2.466133 -1.576208 2.681740 -3.599485 18.297672 14.126175 4.185336 14.320376 1.150403 -0.821906 0.916473 2.391517 0.000003 0.000003 -0.000007 9.109303 -0.518039 2.259876 0.122012 1.293021 -10.821937 0.008938 0.356627 -2.856979 0.008571 0.337042 -2.856983 -0.000005 -0.000001 0.000000 9.533413 0.000031 0.000047 0.166120 1.506391 -12.616194 0.100009 1.175230 -9.766951 0.089954 1.112847 -9.242855 -0.000004 -0.000002 -0.000001 9.104527 -0.043033 -1.865070 0.213989 1.706609 -14.287712 0.313628 2.057567 -17.319886 0.309556 2.044510 -17.206440 -0.000001 -0.000005 0.000002 8.077802 -0.486868 -3.806255 1.455255 6.049798 -15.754185 0.652784 -1.370996 -23.739595 0.642318 2.705890 -23.275664 0.000001 -0.000006 0.000007 -8.207787 -6.751667 -1.599559 -19.625273 -0.615919 -10.175528 50.369660 -9.417023 -10.078691 -26.809244 -2.339856 9.950543 -0.846180 -0.000001 -0.000003 0.000000 0.000000 -0.000000 8.207792 -6.751698 -1.599556 -18.287439 0.055405 -14.016875 42.869515 4.166116 -1.077810 -20.285764 0.134329 0.190480 -2.257540 -0.000000 -0.000000 0.000000 -0.000000 -0.000000 
-1.342484 94.598160 1.959964 -7.348555 11.234930 11.836874 -0.000008 10.181588 0.131521 -0.054189 -0.138100 -2.927992 7.258054 -0.515048 -6.679700 7.253430 -0.481484 -6.690567 0.000003 16.740414 -2.049037 0.630745 -1.788183 2.107245 0.000000 9.617893 1.685013 -19.492542 -4.027334 -7.545065 0.000004 22.037354 7.501096 -0.000000 -0.000000 0.000001 -4.569969 11.014927 -2.160886 0.741252 5.256982 5.966740 4.951473 24.262893 63.232894 0.000005 44.775425 -0.000021 -52.454804 -16.813829 -6.444978 -2.464804 -1.573973 2.681845 -3.957289 -16.952386 -15.272050 4.886093 -14.854304 -0.578678 -1.560138 0.883056 -1.926111 0.000001 -0.000007 -0.000001 -9.108292 -0.517866 2.259836 0.003398 0.218459 -1.946827 0.063663 -0.921907 7.829067 0.094816 -1.157240 9.456669 -0.000000 0.000001 0.000007 -9.532523 -0.000043 -0.000026 0.027467 -0.621208 4.632408 0.111525 -1.186110 10.587562 0.168856 -1.565992 12.651498 0.000000 -0.000002 0.000005 -9.103583 -0.043071 -1.865132 0.150790 -1.443171 12.077044 0.216956 -1.744643 14.259733 0.289750 -1.982704 16.398980 -0.000002 -0.000001 -0.000003 -8.076684 -0.486720 -3.806277 0.349145 -2.180605 18.693745 0.250003 -1.917452 16.716323 0.361561 -2.375770 19.356773 -0.000000 -0.000001 -0.000003 4.570450 11.014740 -2.160856 0.593278 -5.066061 -9.571937 -5.897053 -9.831523 -55.679545 -0.000016 -13.313414 0.000009 49.266428 0.024470 1.135248 2.466136 -1.576208 2.681735 -3.599482 18.297670 14.126167 4.185341 14.320375 1.150407 -0.821910 0.916474 2.391513 -0.000000 0.000003 -0.000001 9.109289 -0.518037 2.259871 0.158082 1.469865 -12.318425 0.013375 0.434741 -3.505437 0.012914 0.415160 -3.505413 -0.000002 -0.000001 0.000000 9.533407 0.000030 0.000043 0.207921 1.682679 -14.118773 0.114260 1.255271 -10.440916 0.101980 1.184235 -9.843047 -0.000003 0.000001 -0.000004 9.104541 -0.043028 -1.865074 0.263460 1.890060 -15.863645 0.336558 2.129647 -17.947659 0.329338 2.107241 -17.752030 0.000001 0.000001 -0.000007 8.077785 -0.486869 -3.806258 1.637492 6.208281 -17.461081 0.679588 -1.315433 -24.249743 0.668592 2.761676 -23.787706 0.000001 0.000002 0.000001 -8.207788 -6.751666 -1.599561 -17.818936 -3.660877 -8.727426 51.420222 -8.649219 -10.045070 -27.648604 -2.540758 9.009394 -0.845478 0.000002 -0.000002 0.000000 0.000000 -0.000000 8.207790 -6.751700 -1.599556 -16.617611 2.314438 -11.740117 45.633658 0.836005 1.102519 -21.673717 0.178386 0.018008 -2.172305 0.000002 0.000000 0.000000 0.000001 -0.000000 
-2.032766 94.619202 1.919804 -10.013576 12.191162 8.773218 -0.000004 10.181597 0.131517 1.540962 -1.906256 -1.833446 8.159685 -0.649690 -5.257179 8.143221 -0.647872 -5.287586 0.000003 16.740400 -2.049033 0.506867 -2.617708 3.243808 0.000003 9.617913 1.685017 -20.148493 -6.893508 -8.310754 0.000004 22.037354 7.501088 0.000001 0.000000 -0.000001 -4.569968 11.014907 -2.160882 0.752486 5.460841 5.866266 4.685237 15.757038 56.992427 0.000014 55.665256 -0.000005 -42.892550 -16.477288 -1.577062 -2.464799 -1.573975 2.681855 -3.957288 -16.952393 -15.272050 4.886092 -14.854301 -0.578674 -1.560135 0.883052 -1.926119 0.000004 -0.000003 0.000006 -9.108277 -0.517871 2.259843 0.000714 -0.100887 0.673743 0.076736 -1.013525 8.588742 0.102571 -1.202886 9.836563 -0.000000 -0.000000 0.000002 -9.532501 -0.000066 -0.000016 0.063668 -0.942412 7.285192 0.130374 -1.285976 11.421727 0.178136 -1.606871 12.995850 0.000000 0.000003 0.000007 -9.103594 -0.043074 -1.865123 0.229726 -1.776043 14.886404 0.240878 -1.835754 15.033398 0.300394 -2.018060 16.702287 0.000000 -0.000001 -0.000006 -8.076675 -0.486715 -3.806267 0.474224 -2.529104 21.736720 0.268851 -1.984408 17.287704 0.372703 -2.408711 19.642617 0.000002 0.000001 -0.000001 4.570449 11.014717 -2.160852 0.591390 -6.112370 -9.487117 -5.442839 -11.658398 -56.251413 -0.000029 -14.683522 -0.000022 48.695800 0.644532 0.134441 2.466143 -1.576199 2.681737 -3.599497 18.297684 14.126183 4.185346 14.320379 1.150407 -0.821903 0.916478 2.391524 -0.000001 0.000003 -0.000005 9.109296 -0.518033 2.259869 0.182125 1.576267 -13.222871 0.017859 0.501734 -4.061826 0.017321 0.482167 -4.061827 0.000001 0.000001 0.000001 9.533401 0.000014 0.000045 0.239432 1.803539 -15.154499 0.128208 1.328868 -11.061958 0.114285 1.253051 -10.422489 0.000002 -0.000000 -0.000000 9.104531 -0.043046 -1.865074 0.305872 2.033352 -17.103320 0.361613 2.205422 -18.609689 0.352061 2.176828 -18.359443 -0.000003 0.000000 0.000003 8.077786 -0.486857 -3.806258 1.797648 6.339928 -18.926495 0.713433 -1.246953 -24.881700 0.701870 2.830468 -24.421990 0.000001 0.000000 0.000003 -8.207784 -6.751660 -1.599563 -14.615515 -6.132827 -7.009517 51.213281 -7.108087 -6.263353 -27.893944 -1.743735 6.240260 -0.845206 -0.000001 -0.000000 -0.000000 0.000000 -0.000000 8.207792 -6.751689 -1.599559 -14.672481 3.721102 -7.939070 47.500335 -1.814097 3.832779 -22.608423 0.323374 -0.616761 -1.828300 0.000003 -0.000000 -0.000000 0.000000 -0.000000 
-2.786273 94.962265 1.921774 -11.506478 12.508849 4.324260 -0.000005 10.181581 0.131520 2.355613 -3.316306 -0.316000 8.767268 -0.692611 -3.528512 8.746721 -0.717621 -3.575048 -0.000000 16.740393 -2.049037 0.570978 -3.298837 4.271246 -0.000002 9.617893 1.685014 -20.436527 -9.053401 -9.218653 0.000001 22.037369 7.501098 -0.000003 0.000000 0.000002 -4.569968 11.014907 -2.160884 0.770326 5.778801 5.681622 1.341991 7.402933 52.262453 -0.000021 63.079010 0.000000 -28.946943 -13.024520 3.403092 -2.464797 -1.573962 2.681845 -3.957288 -16.952378 -15.272050 4.886092 -14.854299 -0.578679 -1.560136 0.883049 -1.926115 -0.000002 0.000004 -0.000002 -9.108290 -0.517882 2.259827 0.004554 -0.252635 1.919372 0.088979 -1.092403 9.243960 0.109506 -1.242188 10.164239 -0.000002 0.000001 -0.000005 -9.532516 -0.000068 -0.000034 0.092881 -1.136405 8.895574 0.148754 -1.376545 12.180468 0.187844 -1.648395 13.346020 0.000003 -0.000006 0.000005 -9.103588 -0.043076 -1.865141 0.300104 -2.024609 17.008616 0.267846 -1.932897 15.861545 0.313425 -2.060575 17.067700 0.000001 -0.000002 -0.000004 -8.076689 -0.486718 -3.806285 0.596842 -2.823943 24.362429 0.294995 -2.073224 18.048100 0.387802 -2.452465 20.022971 -0.000000 0.000004 -0.000002 4.570449 11.014710 -2.160855 0.611102 -6.988393 -8.834218 -4.026655 -14.268293 -57.669036 -0.000008 -15.824889 -0.000026 48.335405 1.315596 -0.417816 2.466144 -1.576183 2.681741 -3.599482 18.297670 14.126176 4.185348 14.320380 1.150405 -0.821907 0.916474 2.391521 0.000001 0.000000 -0.000008 9.109318 -0.518033 2.259875 0.191197 1.614445 -13.548391 0.020983 0.543380 -4.407752 0.020405 0.523791 -4.407739 0.000002 0.000001 0.000000 9.533412 0.000031 0.000049 0.254971 1.859983 -15.640273 0.138208 1.379150 -11.486840 0.123490 1.302045 -10.835778 -0.000001 0.000001 0.000000 9.104538 -0.043027 -1.865071 0.331241 2.113872 -17.803807 0.381742 2.264247 -19.125541 0.371032 2.233158 -18.852821 -0.000002 0.000001 -0.000002 8.077799 -0.486879 -3.806257 1.898932 6.419691 -19.837914 0.743781 -1.187167 -25.436393 0.731692 2.890545 -24.978838 -0.000002 0.000009 -0.000003 -8.207786 -6.751664 -1.599558 -11.343324 -7.537292 -3.190997 49.117919 -6.019179 -2.862350 -27.018251 -0.962878 3.602029 -0.844911 -0.000001 -0.000000 0.000000 -0.000000 -0.000000 8.207791 -6.751715 -1.599555 -13.891795 3.928874 -2.995349 48.643422 -2.996154 6.060442 -23.215477 0.591947 -1.765241 -1.282788 0.000003 -0.000001 -0.000000 -0.000000 -0.000000 
-3.626073 95.358177 1.961849 -11.305756 11.023268 -0.189552 -0.000005 10.181586 0.131521 2.194088 -3.580066 0.821404 8.999915 -0.592161 -1.947552 8.984655 -0.627837 -1.996191 0.000001 16.740366 -2.049034 0.686813 -3.838590 5.191741 -0.000003 9.617910 1.685008 -20.287538 -10.656702 -9.963037 0.000001 22.037354 7.501093 0.000001 -0.000000 -0.000001 -4.569969 11.014903 -2.160883 0.777470 5.890810 5.432472 -4.623529 1.597444 48.489354 0.000037 66.616440 -0.000002 -15.966127 -8.648755 6.014558 -2.464803 -1.573971 2.681851 -3.957290 -16.952390 -15.272045 4.886097 -14.854307 -0.578678 -1.560141 0.883063 -1.926113 -0.000001 -0.000006 0.000002 -9.108294 -0.517868 2.259837 0.003752 -0.229823 1.732099 0.095145 -1.129912 9.555840 0.112869 -1.260870 10.320173 -0.000001 -0.000001 0.000005 -9.532523 -0.000048 -0.000021 0.097810 -1.165868 9.140757 0.159382 -1.426247 12.597897 0.194124 -1.674731 13.568207 0.000003 -0.000000 0.000002 -9.103605 -0.043072 -1.865133 0.328220 -2.115072 17.786970 0.287471 -2.000311 16.438232 0.323856 -2.093901 17.354411 -0.000002 0.000006 0.000003 -8.076705 -0.486719 -3.806274 0.659940 -2.962240 25.612583 0.318466 -2.149539 18.703841 0.401058 -2.490135 20.351001 0.000001 0.000004 -0.000005 4.570448 11.014717 -2.160854 0.656938 -7.498184 -7.741135 -2.093714 -17.376138 -59.445684 -0.000015 -17.044269 0.000003 48.391935 2.135322 -0.825434 2.466144 -1.576223 2.681737 -3.599482 18.297679 14.126170 4.185342 14.320376 1.150403 -0.821908 0.916478 2.391519 -0.000002 -0.000004 -0.000008 9.109313 -0.518031 2.259875 0.190642 1.612130 -13.528561 0.022175 0.558459 -4.533249 0.021588 0.538893 -4.533202 -0.000002 -0.000000 0.000000 9.533427 0.000018 0.000048 0.257695 1.869755 -15.724332 0.142873 1.401803 -11.678788 0.128005 1.325360 -11.032708 -0.000002 -0.000000 0.000003 9.104551 -0.043031 -1.865070 0.339171 2.138318 -18.016948 0.392967 2.296329 -19.407653 0.382127 2.265368 -19.135475 -0.000001 0.000002 -0.000003 8.077810 -0.486884 -3.806256 1.935980 6.448234 -20.168603 0.763036 -1.149942 -25.783044 0.750640 2.927938 -25.326835 0.000002 -0.000001 0.000010 -8.207788 -6.751677 -1.599564 -9.754127 -6.782707 1.741029 46.472361 -5.790026 -1.187894 -25.519535 -0.474278 1.850880 -1.346978 0.000001 0.000000 0.000000 0.000000 -0.000000 8.207792 -6.751715 -1.599556 -14.356200 3.615764 1.493581 48.907976 -2.118237 7.644725 -23.501530 1.040061 -3.627822 -0.686730 0.000003 0.000000 -0.000000 -0.000001 -0.000000 
-4.403793 95.592216 1.984329 -10.235575 7.203497 -3.227922 -0.000005 10.181591 0.131522 1.552756 -2.583004 1.089098 8.859447 -0.369498 -0.781711 8.853192 -0.398577 -0.816190 0.000001 16.740395 -2.049036 0.719075 -4.215596 5.969095 -0.000000 9.617858 1.685014 -20.050239 -11.638454 -10.467283 0.000005 22.037354 7.501091 -0.000002 0.000000 0.000001 -4.569969 11.014901 -2.160885 0.765729 5.651886 5.016621 -12.069931 -0.506689 45.094504 -0.000022 66.988945 0.000022 -5.584187 -5.106984 7.040610 -2.464800 -1.573982 2.681856 -3.957286 -16.952388 -15.272050 4.886094 -14.854302 -0.578678 -1.560136 0.883056 -1.926113 0.000006 -0.000014 0.000001 -9.108286 -0.517861 2.259833 0.001127 -0.126472 0.883891 0.094231 -1.124397 9.510035 0.112378 -1.258126 10.297290 -0.000004 0.000002 0.000001 -9.532503 -0.000049 -0.000019 0.085561 -1.091199 8.519604 0.160039 -1.429230 12.623057 0.195347 -1.679776 13.610905 0.000000 0.000003 0.000004 -9.103594 -0.043069 -1.865139 0.314547 -2.071581 17.412367 0.293462 -2.020442 16.610790 0.328031 -2.107083 17.468163 -0.000000 0.000004 0.000002 -8.076673 -0.486713 -3.806277 0.650491 -2.942013 25.429047 0.329955 -2.185735 19.015826 0.407423 -2.507999 20.507035 0.000002 0.000001 -0.000003 4.570447 11.014720 -2.160856 0.708202 -7.664012 -6.506582 -0.100897 -20.527567 -61.125596 -0.000024 -18.575951 -0.000022 48.028060 3.523593 -1.140501 2.466155 -1.576208 2.681734 -3.599485 18.297682 14.126176 4.185350 14.320382 1.150408 -0.821914 0.916474 2.391513 -0.000001 0.000001 -0.000005 9.109308 -0.518037 2.259871 0.186154 1.593343 -13.368321 0.022138 0.557816 -4.527925 0.021527 0.538238 -4.527903 -0.000002 0.000001 -0.000000 9.533425 0.000014 0.000042 0.254087 1.856847 -15.613135 0.143564 1.405171 -11.707124 0.128896 1.329913 -11.071153 0.000001 -0.000002 0.000005 9.104553 -0.043031 -1.865075 0.337029 2.131813 -17.960046 0.396251 2.305601 -19.489407 0.385730 2.275726 -19.226368 0.000001 0.000005 -0.000003 8.077811 -0.486855 -3.806257 1.934425 6.447029 -20.154553 0.770288 -1.136070 -25.912507 0.757751 2.941851 -25.456807 -0.000001 0.000003 -0.000004 -8.207788 -6.751667 -1.599559 -10.304633 -4.475947 5.466119 44.891715 -5.191337 -0.826672 -24.240772 -0.186371 0.647172 -1.577091 -0.000000 -0.000001 0.000000 0.000000 -0.000000 8.207790 -6.751696 -1.599552 -15.018898 3.068747 3.840804 48.316085 1.471517 8.687517 -23.474833 1.685394 -6.282454 -0.197382 0.000004 -0.000002 0.000000 0.000001 -0.000000 
-4.959462 95.709023 1.937952 -9.465211 1.902594 -4.712159 -0.000007 10.181570 0.131521 1.161944 -0.958111 0.737044 8.393256 -0.105904 0.017890 8.392912 -0.119904 0.005531 -0.000000 16.740389 -2.049036 0.635708 -4.399248 6.531715 -0.000001 9.617891 1.685011 -20.109976 -11.841322 -10.897510 0.000006 22.037354 7.501094 -0.000002 0.000000 -0.000001 -4.569968 11.014913 -2.160884 0.738911 5.058860 4.216902 -19.480642 0.852309 42.236824 0.000019 65.257280 -0.000015 2.990059 -2.224809 7.463490 -2.464800 -1.573969 2.681863 -3.957285 -16.952384 -15.272043 4.886098 -14.854302 -0.578675 -1.560137 0.883059 -1.926116 -0.000001 -0.000000 0.000004 -9.108288 -0.517875 2.259836 0.000097 -0.042655 0.196052 0.090054 -1.098928 9.298216 0.110077 -1.245433 10.191368 0.000005 -0.000006 0.000001 -9.532519 -0.000052 -0.000017 0.072547 -1.005540 7.808466 0.154961 -1.405813 12.426016 0.193151 -1.670601 13.533447 0.000002 0.000002 -0.000001 -9.103594 -0.043057 -1.865135 0.287265 -1.981786 16.641445 0.288618 -2.004276 16.472034 0.326498 -2.102204 17.426084 0.000001 -0.000000 -0.000002 -8.076688 -0.486709 -3.806273 0.607603 -2.848089 24.579853 0.328275 -2.180506 18.970656 0.406490 -2.505421 20.484458 -0.000000 0.000002 -0.000007 4.570446 11.014727 -2.160856 0.746005 -7.624548 -5.413033 1.691155 -23.320001 -62.496593 -0.000034 -20.392676 -0.000019 46.150956 5.813562 -1.084763 2.466136 -1.576182 2.681737 -3.599477 18.297684 14.126168 4.185346 14.320375 1.150403 -0.821914 0.916481 2.391521 -0.000002 -0.000006 -0.000001 9.109300 -0.518029 2.259872 0.175985 1.549799 -12.997573 0.021533 0.550349 -4.465792 0.020945 0.530769 -4.465782 0.000001 -0.000000 0.000001 9.533411 0.000025 0.000044 0.244600 1.822465 -15.317247 0.142085 1.397994 -11.646483 0.127911 1.324967 -11.029271 -0.000000 0.000002 0.000000 9.104542 -0.043031 -1.865073 0.328952 2.106736 -17.741469 0.394828 2.301631 -19.454348 0.384916 2.273373 -19.205778 -0.000002 0.000003 0.000005 8.077785 -0.486872 -3.806261 1.916057 6.432912 -19.990849 0.769973 -1.136661 -25.907034 0.757453 2.941284 -25.451330 -0.000001 0.000003 -0.000004 -8.207788 -6.751674 -1.599560 -11.469467 -2.538326 6.994001 44.414193 -2.715013 -0.550655 -23.374781 0.133566 -0.894897 -1.576915 0.000001 -0.000001 0.000000 0.000000 -0.000000 8.207791 -6.751713 -1.599552 -14.823288 1.890131 4.162135 47.102508 7.452366 9.130441 -23.044510 2.415175 -9.386999 -0.000402 0.000001 0.000000 -0.000000 -0.000000 -0.000000 
-5.351390 95.926407 1.805599 -9.160983 -3.439147 -5.949265 -0.000004 10.181595 0.131522 1.260585 0.440331 0.408091 7.701216 0.112533 0.708800 7.701356 0.111249 0.714763 0.000002 16.740417 -2.049036 0.487659 -4.418340 6.876398 0.000002 9.617895 1.685004 -20.441691 -11.320556 -11.503260 0.000009 22.037338 7.501106 0.000000 -0.000001 -0.000001 -4.569970 11.014921 -2.160884 0.691546 4.112161 2.904460 -25.645972 4.452415 40.438634 -0.000042 62.074030 0.000038 10.734349 0.693998 7.156664 -2.464808 -1.573975 2.681846 -3.957285 -16.952390 -15.272043 4.886098 -14.854302 -0.578678 -1.560142 0.883061 -1.926111 0.000004 -0.000011 -0.000001 -9.108284 -0.517866 2.259835 -0.000022 -0.009409 -0.076763 0.086673 -1.077969 9.123794 0.108218 -1.234980 10.104153 -0.000003 -0.000001 0.000001 -9.532507 -0.000052 -0.000022 0.065871 -0.958568 7.419096 0.149850 -1.381737 12.224067 0.190457 -1.659354 13.438442 -0.000002 -0.000002 -0.000002 -9.103596 -0.043072 -1.865128 0.268642 -1.917815 16.094005 0.280888 -1.978017 16.247435 0.322820 -2.090577 17.325670 0.000001 0.000001 -0.000006 -8.076681 -0.486723 -3.806280 0.573345 -2.770304 23.880862 0.320525 -2.156106 18.760431 0.402215 -2.493365 20.379297 -0.000002 -0.000000 -0.000002 4.570447 11.014722 -2.160856 0.768299 -7.496759 -4.574007 3.202805 -25.642939 -63.592374 -0.000048 -22.174204 -0.000013 42.486266 8.738975 -0.242731 2.466147 -1.576213 2.681737 -3.599478 18.297681 14.126180 4.185341 14.320370 1.150401 -0.821910 0.916483 2.391523 0.000000 0.000006 -0.000001 9.109313 -0.518031 2.259872 0.154295 1.452338 -12.169696 0.020154 0.532441 -4.316843 0.019569 0.512854 -4.316847 0.000000 -0.000000 0.000001 9.533408 0.000031 0.000045 0.223785 1.744580 -14.648592 0.138192 1.378956 -11.485372 0.125175 1.310740 -10.909217 -0.000001 -0.000001 0.000001 9.104534 -0.043030 -1.865073 0.310618 2.048559 -17.235583 0.389878 2.287542 -19.330556 0.381244 2.262798 -19.112951 0.000001 -0.000001 0.000006 8.077816 -0.486867 -3.806259 1.872197 6.398867 -19.598348 0.765827 -1.144570 -25.833065 0.753390 2.933300 -25.377073 -0.000001 -0.000000 -0.000000 -8.207787 -6.751672 -1.599560 -11.996870 -1.952301 7.485192 43.656414 1.292852 0.154979 -22.291625 0.529666 -2.991374 -1.711384 0.000001 -0.000001 -0.000000 0.000000 -0.000000 8.207791 -6.751695 -1.599553 -13.914634 0.104010 3.886142 46.124295 9.846429 9.200923 -22.175580 7.134944 -10.619416 -0.000057 -0.000000 -0.000007 0.000000 -0.000000 -0.000000 
-5.691147 96.133400 1.615449 -8.704659 -7.921676 -7.635761 -0.000007 10.181587 0.131521 1.461059 1.136431 0.415488 6.951619 0.242879 1.494692 6.949060 0.246999 1.508924 0.000001 16.740402 -2.049033 0.314947 -4.376040 7.109882 -0.000001 9.617909 1.685005 -20.643571 -10.466929 -12.360943 0.000005 22.037354 7.501105 0.000004 -0.000002 -0.000000 -4.569968 11.014919 -2.160882 0.596501 2.827162 1.249862 -30.399741 8.984497 39.866499 0.000006 57.358426 -0.000029 17.785685 3.934545 5.684449 -2.464804 -1.573990 2.681859 -3.957291 -16.952381 -15.272043 4.886099 -14.854311 -0.578673 -1.560135 0.883068 -1.926115 0.000003 -0.000009 0.000003 -9.108284 -0.517890 2.259842 -0.000028 0.001842 -0.169041 0.085347 -1.069559 9.053995 0.107469 -1.230796 10.069236 0.000001 -0.000000 0.000000 -9.532514 -0.000050 -0.000017 0.063476 -0.941107 7.274560 0.147170 -1.368942 12.116783 0.188941 -1.653037 13.385094 0.000000 -0.000005 0.000007 -9.103592 -0.043074 -1.865123 0.261527 -1.892741 15.879932 0.275767 -1.960429 16.096763 0.320083 -2.081907 17.251270 0.000002 0.000003 -0.000009 -8.076685 -0.486713 -3.806271 0.559898 -2.739029 23.601072 0.314129 -2.135720 18.584871 0.398640 -2.483300 20.291471 0.000002 0.000007 -0.000008 4.570444 11.014721 -2.160856 0.781891 -7.314143 -3.900812 4.414191 -27.692809 -64.560697 -0.000045 -23.460829 -0.000024 38.058569 11.376225 1.400075 2.466133 -1.576206 2.681738 -3.599487 18.297672 14.126184 4.185341 14.320374 1.150406 -0.821909 0.916478 2.391524 -0.000000 0.000005 0.000000 9.109313 -0.518035 2.259870 0.121127 1.288427 -10.783279 0.017335 0.494385 -4.000627 0.016808 0.474789 -4.000608 -0.000001 0.000001 0.000001 9.533415 0.000017 0.000045 0.189509 1.607526 -13.477039 0.130472 1.340411 -11.159525 0.119366 1.280345 -10.652699 -0.000000 -0.000005 0.000004 9.104524 -0.043033 -1.865075 0.277088 1.937335 -16.271817 0.379858 2.258778 -19.077719 0.373567 2.240615 -18.918092 -0.000001 -0.000001 -0.000003 8.077804 -0.486856 -3.806259 1.779871 6.325644 -18.765231 0.757346 -1.160868 -25.681178 0.745045 2.916961 -25.224580 0.000000 -0.000001 -0.000001 -8.207790 -6.751664 -1.599560 -12.439166 -1.916758 8.339569 42.426871 4.996912 1.160852 -20.930614 0.857402 -4.997460 -2.139377 0.000001 0.000000 0.000000 0.000000 -0.000000 8.207789 -6.751696 -1.599556 -13.518911 -1.251458 4.221726 45.636370 9.847535 9.637980 -21.354964 12.937760 -11.067490 -0.000011 0.000002 0.000003 -0.000000 0.000001 -0.000000 
-5.948681 96.300148 1.482182 -7.855347 -11.496500 -9.189189 -0.000004 10.181587 0.131520 1.340727 1.197787 0.566432 6.324575 0.292557 2.346885 6.319452 0.296998 2.360935 -0.000001 16.740410 -2.049037 0.100051 -4.379332 7.360318 0.000001 9.617910 1.685017 -20.432721 -9.797616 -13.239274 0.000005 22.037354 7.501101 0.000003 -0.000001 -0.000000 -4.569970 11.014926 -2.160886 0.442805 1.386528 -0.308005 -34.650742 13.818675 40.192289 0.000006 50.594927 -0.000008 24.229519 7.470696 3.134938 -2.464803 -1.573969 2.681846 -3.957288 -16.952384 -15.272047 4.886094 -14.854301 -0.578671 -1.560137 0.883054 -1.926118 0.000005 -0.000012 0.000004 -9.108284 -0.517869 2.259838 0.000033 0.028870 -0.390828 0.085158 -1.068369 9.044212 0.107372 -1.230216 10.064346 0.000002 0.000003 -0.000001 -9.532508 -0.000048 -0.000019 0.060885 -0.921821 7.114747 0.146332 -1.364937 12.083096 0.188616 -1.651669 13.373631 0.000002 -0.000003 0.000001 -9.103588 -0.043067 -1.865129 0.258492 -1.881951 15.787856 0.274136 -1.954802 16.048593 0.319264 -2.079268 17.228575 -0.000001 -0.000001 0.000004 -8.076694 -0.486699 -3.806277 0.558023 -2.734645 23.561835 0.311978 -2.128809 18.525300 0.397428 -2.479868 20.261662 -0.000000 -0.000002 -0.000007 4.570446 11.014710 -2.160855 0.792971 -7.058958 -3.187333 5.287821 -29.761938 -65.523787 -0.000026 -23.923515 0.000002 34.674856 12.832293 3.114713 2.466148 -1.576187 2.681737 -3.599488 18.297667 14.126175 4.185345 14.320375 1.150402 -0.821909 0.916483 2.391519 -0.000000 0.000000 -0.000005 9.109316 -0.518030 2.259872 0.083993 1.074322 -8.981610 0.013110 0.430886 -3.473220 0.012665 0.411280 -3.473230 0.000000 -0.000000 -0.000003 9.533419 0.000032 0.000046 0.146934 1.417770 -11.864387 0.118357 1.277369 -10.627255 0.109714 1.227940 -10.210961 -0.000000 0.000000 -0.000001 9.104544 -0.043030 -1.865072 0.230027 1.768304 -14.816338 0.362964 2.209399 -18.644724 0.360065 2.200860 -18.569647 -0.000002 0.000002 -0.000006 8.077801 -0.486873 -3.806257 1.628329 6.200546 -17.376319 0.741629 -1.191331 -25.397527 0.729580 2.886344 -24.939806 -0.000001 -0.000001 0.000006 -8.207788 -6.751664 -1.599562 -13.289304 -1.205461 9.535678 41.075153 7.307600 2.212094 -19.626122 1.040359 -6.355896 -2.634324 0.000002 0.000001 0.000000 0.000000 -0.000000 8.207793 -6.751708 -1.599556 -13.974054 -1.208754 5.314259 45.351001 9.636675 10.106549 -20.775719 16.762782 -11.448662 -0.251235 0.000005 0.000003 -0.000000 0.000001 -0.000000 
-6.024780 96.537598 1.510587 -7.033590 -14.393048 -10.051559 -0.000004 10.181575 0.131521 0.972469 0.990833 0.617653 5.891994 0.296543 3.067513 5.885855 0.300941 3.078262 -0.000002 16.740396 -2.049035 -0.185325 -4.464314 7.671524 -0.000002 9.617867 1.685015 -19.993446 -9.618909 -13.765660 0.000002 22.037354 7.501100 -0.000000 -0.000001 0.000000 -4.569969 11.014931 -2.160885 0.285105 0.166266 -1.355033 -39.701076 18.994975 40.941728 -0.000015 41.587461 0.000007 31.077952 11.030877 0.138823 -2.464803 -1.573954 2.681849 -3.957287 -16.952390 -15.272045 4.886096 -14.854311 -0.578678 -1.560139 0.883059 -1.926117 0.000002 -0.000009 0.000002 -9.108278 -0.517866 2.259841 0.000525 0.087654 -0.873362 0.083918 -1.060482 8.978524 0.106669 -1.226257 10.031486 0.000000 0.000003 -0.000002 -9.532509 -0.000047 -0.000020 0.054611 -0.873451 6.714341 0.144502 -1.356117 12.009411 0.187986 -1.648982 13.350832 -0.000003 -0.000005 0.000009 -9.103595 -0.043066 -1.865131 0.248116 -1.844525 15.468794 0.272383 -1.948679 15.996457 0.318736 -2.077605 17.214110 -0.000001 -0.000000 -0.000000 -8.076675 -0.486704 -3.806280 0.545527 -2.705171 23.298557 0.311241 -2.126405 18.504731 0.397001 -2.478708 20.251407 0.000001 -0.000004 -0.000003 4.570445 11.014709 -2.160855 0.803518 -6.736654 -2.262126 5.793830 -31.986271 -66.506180 -0.000030 -23.585762 0.000011 33.635471 12.918996 4.040190 2.466143 -1.576200 2.681738 -3.599487 18.297682 14.126172 4.185341 14.320377 1.150406 -0.821908 0.916480 2.391521 -0.000005 -0.000006 -0.000006 9.109297 -0.518041 2.259875 0.056761 0.884115 -7.388969 0.008503 0.347896 -2.784491 0.008139 0.328301 -2.784500 0.000000 -0.000001 0.000002 9.533410 0.000027 0.000049 0.110040 1.228621 -10.266392 0.102933 1.192207 -9.909824 0.096449 1.152013 -9.571952 0.000000 0.000002 0.000001 9.104530 -0.043032 -1.865069 0.181205 1.572357 -13.141618 0.337586 2.132761 -17.974550 0.338015 2.134132 -17.986617 0.000001 0.000001 0.000000 8.077787 -0.486872 -3.806254 1.435172 6.031750 -15.563426 0.711766 -1.250296 -24.850740 0.700223 2.827093 -24.390921 -0.000001 0.000002 -0.000002 -8.207785 -6.751677 -1.599561 -14.083731 0.142042 10.219469 39.671275 8.872397 3.233939 -18.508339 1.146669 -7.191084 -2.936085 -0.000002 -0.000005 0.000000 -0.000000 -0.000000 8.207794 -6.751721 -1.599555 -14.900594 -0.201389 6.266294 45.532811 9.532450 9.946465 -20.736504 18.959027 -9.032631 -1.251934 0.000006 0.000000 0.000000 -0.000001 -0.000000 
-5.907246 96.791420 1.656954 -6.616463 -16.805563 -10.493193 -0.000005 10.181594 0.131520 0.776726 0.877472 0.610147 5.569988 0.293398 3.517455 5.563602 0.299686 3.525987 -0.000000 16.740364 -2.049033 -0.516303 -4.594233 7.990471 -0.000003 9.617853 1.685010 -19.774082 -9.876443 -13.798122 0.000003 22.037384 7.501104 -0.000007 0.000001 0.000001 -4.569970 11.014913 -2.160883 0.201978 -0.482850 -1.788302 -46.281263 24.665756 41.834929 -0.000002 31.127149 -0.000001 39.717950 13.908206 -2.507690 -2.464804 -1.573975 2.681847 -3.957288 -16.952386 -15.272049 4.886096 -14.854301 -0.578677 -1.560139 0.883061 -1.926117 0.000000 -0.000005 0.000002 -9.108285 -0.517863 2.259836 0.001219 0.131842 -1.235772 0.081661 -1.045946 8.857800 0.105391 -1.219016 9.971132 -0.000001 -0.000004 -0.000002 -9.532519 -0.000040 -0.000026 0.048895 -0.826822 6.328884 0.141488 -1.341456 11.886335 0.186546 -1.642932 13.299777 -0.000002 0.000004 0.000003 -9.103591 -0.043073 -1.865133 0.234456 -1.793908 15.038345 0.268832 -1.936370 15.891014 0.317319 -2.073042 17.174987 -0.000002 0.000002 0.000006 -8.076698 -0.486706 -3.806281 0.522928 -2.650837 22.814814 0.308863 -2.118739 18.438721 0.395678 -2.474911 20.218393 0.000002 0.000002 -0.000001 4.570446 11.014710 -2.160853 0.812514 -6.416536 -1.127643 5.992784 -34.240309 -67.434465 -0.000024 -22.824984 -0.000016 34.793520 12.069332 3.999910 2.466132 -1.576208 2.681734 -3.599482 18.297682 14.126174 4.185342 14.320372 1.150408 -0.821912 0.916476 2.391514 0.000003 0.000006 0.000004 9.109300 -0.518053 2.259867 0.044061 0.779314 -6.514016 0.005236 0.274390 -2.174667 0.004958 0.254764 -2.174641 0.000000 -0.000001 -0.000001 9.533390 0.000037 0.000044 0.088526 1.102904 -9.209156 0.089429 1.111958 -9.235173 0.084124 1.076443 -8.937386 -0.000000 -0.000002 0.000001 9.104514 -0.043029 -1.865076 0.146681 1.416514 -11.817930 0.311282 2.050001 -17.254198 0.313785 2.058023 -17.323851 -0.000000 0.000001 0.000003 8.077794 -0.486858 -3.806260 1.268739 5.877277 -13.959162 0.674982 -1.324871 -24.162901 0.664098 2.752198 -23.700521 0.000001 -0.000003 0.000005 -8.207788 -6.751683 -1.599560 -14.386171 1.129995 10.003662 38.404822 9.465327 4.375733 -17.506854 2.695010 -7.541936 -3.059780 0.000001 -0.000002 -0.000000 0.000000 -0.000000 8.207789 -6.751699 -1.599553 -16.356596 0.278807 6.174066 47.143403 10.445516 10.011820 -19.115418 20.039918 -4.664922 -4.434660 0.000004 -0.000001 0.000000 0.000000 -0.000000 
-5.656610 96.877716 1.799478 -6.504188 -19.095686 -11.077103 -0.000005 10.181595 0.131522 0.939371 1.041217 0.819743 5.228922 0.313298 3.775633 5.221355 0.321918 3.784611 -0.000001 16.740383 -2.049035 -0.821018 -4.714583 8.236340 0.000002 9.617910 1.685009 -20.001243 -10.275756 -13.619629 0.000004 22.037338 7.501101 -0.000007 -0.000004 -0.000002 -4.569969 11.014893 -2.160883 0.208667 -0.487000 -1.814506 -53.974392 30.577551 42.828865 0.000008 20.969331 -0.000008 50.378652 15.540009 -3.962265 -2.464803 -1.573985 2.681845 -3.957289 -16.952391 -15.272052 4.886089 -14.854301 -0.578679 -1.560134 0.883051 -1.926110 -0.000003 -0.000004 -0.000006 -9.108284 -0.517872 2.259827 0.000606 0.094170 -0.926879 0.079985 -1.035019 8.767117 0.104440 -1.213578 9.925773 0.000001 -0.000001 -0.000002 -9.532504 -0.000034 -0.000030 0.050324 -0.838772 6.427570 0.139288 -1.330621 11.795768 0.185003 -1.636373 13.244570 0.000001 -0.000001 -0.000001 -9.103593 -0.043059 -1.865139 0.229754 -1.776196 14.887688 0.264951 -1.922703 15.774477 0.315204 -2.066287 17.116738 0.000000 -0.000001 0.000000 -8.076671 -0.486717 -3.806289 0.506249 -2.609911 22.451423 0.304542 -2.104656 18.317924 0.393234 -2.467987 20.157944 -0.000003 0.000001 -0.000012 4.570446 11.014708 -2.160854 0.821609 -6.198091 0.005790 6.060802 -36.237743 -68.190047 -0.000038 -22.107114 -0.000008 36.933281 10.927041 3.416837 2.466126 -1.576210 2.681738 -3.599490 18.297657 14.126194 4.185345 14.320377 1.150401 -0.821907 0.916478 2.391521 -0.000003 0.000000 -0.000003 9.109301 -0.518037 2.259868 0.043573 0.774945 -6.477476 0.003778 0.233899 -1.839224 0.003560 0.214311 -1.839246 0.000001 -0.000002 0.000001 9.533396 0.000026 0.000044 0.083141 1.069003 -8.924760 0.081438 1.061658 -8.813094 0.076325 1.025706 -8.511816 0.000001 0.000001 -0.000000 9.104518 -0.043033 -1.865076 0.132324 1.346089 -11.222014 0.292132 1.987419 -16.711315 0.295012 1.996949 -16.793898 -0.000001 0.000001 -0.000005 8.077781 -0.486881 -3.806258 1.179081 5.790366 -13.077164 0.643161 -1.391294 -23.553755 0.632866 2.685503 -23.089094 0.000001 0.000001 0.000000 -8.207784 -6.751664 -1.599563 -14.501089 1.348147 9.388904 37.601192 9.841146 5.705707 -16.632689 5.351716 -7.854325 -3.139204 0.000005 -0.000004 0.000000 0.000000 -0.000000 8.207792 -6.751708 -1.599554 -17.732821 -0.847797 5.727783 49.733619 10.458665 10.019819 -15.949743 21.820885 -2.103449 -7.966072 0.000002 -0.000004 0.000000 -0.000000 0.000001 
-5.345410 96.698792 1.889857 -6.363721 -21.723972 -12.040910 -0.000002 10.181585 0.131521 1.131302 1.469509 1.433117 4.837095 0.373186 4.067901 4.826015 0.380480 4.080025 -0.000001 16.740372 -2.049035 -1.042568 -4.800163 8.378190 -0.000001 9.617869 1.685016 -20.453024 -10.506700 -13.729641 -0.000000 22.037354 7.501107 0.000001 -0.000002 -0.000001 -4.569968 11.014935 -2.160884 0.261313 -0.065988 -1.649112 -61.513469 35.967827 43.871852 -0.000011 13.004676 0.000015 61.598232 16.376087 -3.705793 -2.464800 -1.573956 2.681855 -3.957289 -16.952388 -15.272049 4.886097 -14.854304 -0.578679 -1.560139 0.883059 -1.926115 0.000005 -0.000011 -0.000001 -9.108280 -0.517845 2.259843 0.000328 -0.070255 0.422445 0.081412 -1.044306 8.844205 0.105256 -1.218193 9.964338 0.000002 -0.000010 0.000001 -9.532502 -0.000042 -0.000016 0.065908 -0.958771 7.420647 0.141312 -1.340596 11.879145 0.185034 -1.636461 13.245452 0.000001 0.000002 0.000003 -9.103586 -0.043056 -1.865135 0.248960 -1.847571 15.494793 0.264886 -1.922499 15.772678 0.314156 -2.062909 17.087754 0.000002 -0.000002 0.000005 -8.076676 -0.486704 -3.806270 0.520424 -2.644726 22.760350 0.301293 -2.094077 18.227097 0.391397 -2.462778 20.112534 0.000001 0.000003 0.000000 4.570447 11.014725 -2.160855 0.835147 -6.140568 0.837616 6.176532 -37.740736 -68.717106 -0.000024 -21.605220 -0.000002 38.872652 9.999471 2.811311 2.466136 -1.576211 2.681740 -3.599474 18.297679 14.126172 4.185343 14.320374 1.150408 -0.821911 0.916478 2.391518 0.000001 0.000003 -0.000001 9.109304 -0.518037 2.259871 0.050942 0.837644 -7.000871 0.003735 0.232198 -1.825000 0.003492 0.212597 -1.825000 -0.000001 -0.000001 0.000003 9.533404 0.000021 0.000047 0.089576 1.109337 -9.263399 0.079800 1.051055 -8.723943 0.074202 1.011392 -8.391792 0.000000 -0.000000 0.000000 9.104541 -0.043028 -1.865073 0.135406 1.361529 -11.352613 0.284525 1.961914 -16.490334 0.286564 1.968792 -16.549958 -0.000001 0.000003 -0.000002 8.077801 -0.486865 -3.806256 1.175319 5.786630 -13.039738 0.625933 -1.427985 -23.218513 0.615963 2.648676 -22.752653 -0.000001 -0.000002 0.000000 -8.207787 -6.751678 -1.599563 -15.118132 1.346855 9.179273 37.496772 10.126329 6.946410 -15.922288 8.312374 -8.165712 -3.206090 -0.000001 0.000002 -0.000000 0.000000 -0.000000 8.207793 -6.751703 -1.599562 -19.114469 -2.576847 5.483509 52.519664 10.450604 10.016662 -13.562193 23.083538 0.524724 -10.733459 0.000009 -0.000016 0.000000 -0.000000 0.000001 
-4.997811 96.451279 1.995242 -5.957665 -24.808879 -13.289444 -0.000003 10.181576 0.131519 0.886487 2.057300 2.387120 4.443417 0.473340 4.545171 4.425890 0.472859 4.562589 -0.000001 16.740366 -2.049033 -1.173956 -4.854791 8.453825 0.000002 9.617890 1.685016 -20.679719 -10.381631 -14.475893 0.000000 22.037323 7.501093 0.000000 -0.000002 -0.000002 -4.569968 11.014912 -2.160884 0.324451 0.503020 -1.217473 -67.689818 40.030321 44.718092 -0.000013 8.212655 0.000003 71.237671 17.227364 -2.337193 -2.464815 -1.573956 2.681847 -3.957290 -16.952381 -15.272050 4.886099 -14.854311 -0.578678 -1.560142 0.883064 -1.926115 0.000007 -0.000010 0.000004 -9.108286 -0.517868 2.259832 0.008173 -0.338345 2.623362 0.087794 -1.084903 9.181455 0.108836 -1.238440 10.132967 0.000004 -0.000003 -0.000000 -9.532520 -0.000038 -0.000028 0.100893 -1.184005 9.291763 0.150203 -1.383423 12.238143 0.188250 -1.650058 13.360005 -0.000005 0.000002 0.000003 -9.103598 -0.043069 -1.865130 0.301592 -2.029514 17.050720 0.273046 -1.951016 16.016442 0.316498 -2.070443 17.152422 -0.000009 0.000007 -0.000009 -8.076687 -0.486690 -3.806273 0.584557 -2.796071 24.111901 0.304048 -2.103052 18.304120 0.392954 -2.467189 20.151068 -0.000001 0.000004 -0.000009 4.570446 11.014718 -2.160852 0.852576 -6.229233 1.182779 6.341768 -38.722607 -69.143385 -0.000044 -20.980075 -0.000013 40.095362 9.400336 2.686116 2.466148 -1.576207 2.681734 -3.599479 18.297674 14.126172 4.185343 14.320374 1.150406 -0.821913 0.916471 2.391509 0.000001 0.000000 0.000000 9.109310 -0.518037 2.259868 0.060897 0.915590 -7.652128 0.004563 0.256377 -2.025373 0.004302 0.236769 -2.025389 -0.000001 -0.000000 0.000001 9.533412 0.000033 0.000041 0.101370 1.179590 -9.853807 0.082826 1.070653 -8.888478 0.076502 1.026849 -8.521402 0.000003 0.000000 -0.000001 9.104547 -0.043036 -1.865074 0.148603 1.425669 -11.895544 0.287333 1.971377 -16.572385 0.288148 1.974088 -16.595755 -0.000002 0.000001 0.000001 8.077805 -0.486870 -3.806259 1.228665 5.838765 -13.566619 0.625197 -1.429562 -23.204065 0.615248 2.647068 -22.738157 -0.000001 0.000000 0.000004 -8.207784 -6.751674 -1.599560 -16.243715 1.765942 9.779371 37.478098 10.248269 7.822272 -15.228407 10.755974 -8.302144 -3.309042 0.000001 0.000003 -0.000000 -0.000000 -0.000000 8.207791 -6.751704 -1.599557 -20.528685 -3.478487 6.210246 54.714559 10.093275 9.942048 -12.480818 23.634746 2.854093 -10.946710 0.009596 -0.956730 0.000000 -0.000000 -0.000001 
-4.561473 96.377136 2.221975 -5.297629 -28.103440 -14.511929 -0.000003 10.181584 0.131521 0.243580 2.778258 3.451460 4.022026 0.599074 5.145363 3.995121 0.587347 5.168627 -0.000001 16.740402 -2.049034 -1.233035 -4.873477 8.500223 0.000001 9.617887 1.685011 -20.388926 -9.818508 -15.879116 0.000004 22.037338 7.501093 -0.000003 0.000000 -0.000000 -4.569969 11.014897 -2.160884 0.403875 1.144227 -0.187240 -72.198515 42.564626 45.200935 -0.000008 6.226261 0.000003 77.885392 18.004918 -1.234282 -2.464803 -1.573981 2.681852 -3.957286 -16.952391 -15.272043 4.886088 -14.854294 -0.578682 -1.560135 0.883054 -1.926109 0.000003 -0.000005 -0.000005 -9.108274 -0.517845 2.259836 0.027719 -0.621760 4.954574 0.098704 -1.151037 9.731756 0.114801 -1.271427 10.408139 0.000002 0.000009 -0.000001 -9.532506 -0.000029 -0.000028 0.151699 -1.448547 11.503218 0.165632 -1.454680 12.836845 0.194839 -1.677666 13.592984 0.000004 0.000002 -0.000002 -9.103593 -0.043073 -1.865134 0.383002 -2.280118 19.215573 0.290767 -2.011405 16.533414 0.323405 -2.092419 17.341833 -0.000003 0.000010 0.000002 -8.076695 -0.486684 -3.806279 0.696871 -3.039646 26.317959 0.316187 -2.142282 18.641495 0.399786 -2.486553 20.319811 0.000001 0.000000 -0.000003 4.570446 11.014714 -2.160854 0.867605 -6.395972 1.106586 6.326772 -39.380521 -69.777752 -0.000017 -19.546562 0.000013 40.554713 8.857061 3.606709 2.466151 -1.576202 2.681737 -3.599487 18.297687 14.126179 4.185343 14.320375 1.150407 -0.821912 0.916478 2.391514 0.000002 0.000001 0.000002 9.109324 -0.518034 2.259872 0.068008 0.967255 -8.084252 0.005715 0.286456 -2.274856 0.005422 0.266858 -2.274858 0.000002 0.000001 -0.000003 9.533420 0.000028 0.000045 0.111539 1.236856 -10.335887 0.087643 1.101005 -9.143193 0.080721 1.054692 -8.754722 -0.000003 -0.000002 0.000001 9.104535 -0.043031 -1.865075 0.162968 1.492101 -12.459065 0.295700 1.999268 -16.813839 0.295528 1.998692 -16.808829 -0.000001 0.000005 -0.000004 8.077801 -0.486876 -3.806257 1.295789 5.902978 -14.222692 0.635449 -1.407667 -23.404029 0.625282 2.669060 -22.938876 -0.000002 -0.000002 0.000003 -8.207788 -6.751681 -1.599560 -17.406667 2.713956 10.789199 36.801712 10.257936 8.475583 -14.375740 12.406317 -8.218705 -3.593841 0.000005 -0.000003 0.000001 0.000000 -0.000000 8.207790 -6.751705 -1.599560 -21.635174 -3.327324 7.656584 55.628442 9.839201 9.897286 -12.363716 23.894251 3.916666 -11.058349 0.043575 -2.035317 0.000000 0.000000 -0.000000 
-3.947791 96.396370 2.607249 -4.752033 -31.500330 -15.406759 -0.000009 10.181581 0.131518 -0.071022 3.760559 4.407070 3.426420 0.729450 5.669715 3.387637 0.713274 5.696007 0.000002 16.740393 -2.049037 -1.231159 -4.809192 8.456204 0.000003 9.617887 1.685013 -19.630824 -8.757228 -17.699853 -0.000001 22.037384 7.501097 -0.000003 -0.000003 -0.000001 -4.569968 11.014921 -2.160886 0.523901 2.042075 1.663257 -75.761025 44.120290 45.620094 -0.000006 5.807375 0.000010 81.324351 18.007712 -1.252085 -2.464804 -1.573977 2.681839 -3.957289 -16.952381 -15.272049 4.886094 -14.854309 -0.578679 -1.560137 0.883061 -1.926114 0.000004 -0.000014 0.000001 -9.108280 -0.517874 2.259838 0.049003 -0.825938 6.639290 0.110958 -1.220994 10.314777 0.121334 -1.306346 10.699683 0.000002 0.000004 0.000004 -9.532512 -0.000044 -0.000022 0.201105 -1.664433 13.321767 0.183525 -1.533148 13.497477 0.203094 -1.711437 13.878666 0.000002 -0.000004 0.000007 -9.103597 -0.043058 -1.865131 0.469233 -2.515530 21.276348 0.314281 -2.088637 17.196442 0.333588 -2.124406 17.617740 -0.000001 0.000004 0.000002 -8.076695 -0.486700 -3.806279 0.826040 -3.292762 28.656212 0.336518 -2.206211 19.192217 0.411058 -2.518087 20.595274 -0.000001 0.000003 -0.000010 4.570446 11.014719 -2.160857 0.875882 -6.552091 0.863857 5.839664 -39.986103 -70.918442 -0.000015 -16.808923 -0.000006 40.193583 7.996997 6.009673 2.466132 -1.576212 2.681741 -3.599489 18.297691 14.126165 4.185345 14.320374 1.150407 -0.821908 0.916481 2.391511 -0.000001 -0.000001 -0.000005 9.109297 -0.518032 2.259877 0.068086 0.967938 -8.089973 0.006581 0.306419 -2.440483 0.006241 0.286825 -2.440477 -0.000001 0.000000 0.000001 9.533402 0.000031 0.000054 0.114393 1.252538 -10.468094 0.091387 1.123928 -9.335785 0.084337 1.077810 -8.948684 -0.000001 -0.000002 -0.000001 9.104527 -0.043030 -1.865065 0.170601 1.526298 -12.749682 0.303917 2.026161 -17.047112 0.303438 2.024655 -17.033956 -0.000001 0.000003 0.000001 8.077800 -0.486875 -3.806251 1.340737 5.945196 -14.658349 0.648296 -1.380434 -23.653182 0.637907 2.696427 -23.188940 -0.000001 -0.000001 -0.000002 -8.207788 -6.751669 -1.599564 -18.406286 4.003068 11.391279 35.927051 10.241956 9.202483 -13.575634 13.785343 -8.008129 -4.080979 -0.000006 0.000000 0.000000 0.000000 -0.000000 8.207788 -6.751691 -1.599560 -21.922549 -2.546803 8.863427 55.260390 10.018270 9.923153 -13.344242 24.797787 3.049087 -10.596548 0.011254 -1.036896 -0.000000 -0.000000 0.000001 
-3.108249 96.204445 3.101187 -5.043294 -35.165208 -16.041049 -0.000003 10.181562 0.131519 0.793052 5.141669 5.228732 2.578002 0.848929 5.970727 2.526083 0.845883 5.993599 -0.000001 16.740379 -2.049033 -1.185002 -4.584984 8.161969 -0.000003 9.617862 1.685015 -18.700599 -7.147897 -19.589927 0.000006 22.037354 7.501092 -0.000004 -0.000002 -0.000001 -4.569971 11.014913 -2.160882 0.667478 3.469823 4.096058 -79.367631 45.510937 46.595971 0.000002 5.758925 0.000002 81.528321 16.826827 -1.962994 -2.464808 -1.573941 2.681834 -3.957286 -16.952381 -15.272049 4.886100 -14.854312 -0.578678 -1.560141 0.883066 -1.926111 -0.000001 -0.000002 -0.000002 -9.108287 -0.517863 2.259830 0.058921 -0.905311 7.295803 0.120271 -1.271494 10.736257 0.126122 -1.331541 10.910427 0.000003 0.000011 -0.000001 -9.532516 -0.000032 -0.000031 0.229294 -1.775329 14.261292 0.197957 -1.593601 14.007854 0.210222 -1.740066 14.120845 -0.000005 0.000004 0.000001 -9.103604 -0.043055 -1.865142 0.529033 -2.664952 22.599481 0.336068 -2.157469 17.789778 0.343746 -2.155790 17.888636 -0.000002 -0.000001 0.000003 -8.076698 -0.486698 -3.806290 0.925815 -3.472355 30.347142 0.358725 -2.273672 19.775867 0.423170 -2.551512 20.887215 0.000001 0.000000 -0.000002 4.570446 11.014703 -2.160853 0.876054 -6.609868 0.679878 4.822800 -40.667766 -72.582931 -0.000013 -13.054332 0.000008 38.833119 6.665477 9.735946 2.466140 -1.576215 2.681739 -3.599479 18.297674 14.126172 4.185348 14.320379 1.150405 -0.821912 0.916471 2.391511 0.000003 0.000006 -0.000001 9.109295 -0.518051 2.259871 0.059149 0.902401 -7.541745 0.006593 0.306707 -2.442816 0.006244 0.287104 -2.442792 -0.000002 -0.000002 -0.000002 9.533414 0.000029 0.000046 0.106569 1.209272 -10.103609 0.091947 1.127410 -9.364971 0.085437 1.084774 -9.007189 -0.000001 -0.000001 -0.000001 9.104525 -0.043030 -1.865074 0.166411 1.507634 -12.590923 0.307510 2.037912 -17.149205 0.307677 2.038477 -17.154114 -0.000001 0.000005 -0.000004 8.077788 -0.486858 -3.806260 1.341371 5.945782 -14.664466 0.656901 -1.362370 -23.818671 0.646359 2.714563 -23.355016 -0.000004 0.000005 0.000000 -8.207785 -6.751687 -1.599564 -19.292221 5.380096 11.164758 36.259610 10.169245 9.902514 -13.351676 15.789746 -7.654339 -4.664288 0.000001 -0.000002 -0.000000 0.000000 -0.000000 8.207789 -6.751710 -1.599555 -20.803385 -1.191571 9.137417 54.052136 10.574437 10.005889 -16.204487 26.631483 0.739466 -10.011799 0.000006 -0.000007 0.000000 0.000000 0.000002 
-2.060341 95.768204 3.656341 -6.807971 -39.024621 -17.047374 -0.000010 10.181582 0.131520 2.996179 6.845758 6.168544 1.676451 0.957763 6.051736 1.612296 0.985165 6.064541 -0.000001 16.740398 -2.049036 -1.144322 -4.152533 7.492439 -0.000002 9.617887 1.685009 -17.937798 -5.032261 -21.217003 0.000004 22.037354 7.501102 0.000003 -0.000002 -0.000001 -4.569968 11.014915 -2.160884 0.766709 5.521602 6.454368 -83.491645 47.188831 48.623331 -0.000000 5.531672 -0.000011 77.707998 14.573496 -2.144078 -2.464811 -1.573969 2.681831 -3.957286 -16.952390 -15.272045 4.886095 -14.854304 -0.578676 -1.560135 0.883056 -1.926112 0.000002 -0.000001 -0.000001 -9.108291 -0.517847 2.259824 0.053139 -0.859956 6.920511 0.123993 -1.291169 10.900632 0.128028 -1.341373 10.992616 -0.000002 0.000004 -0.000001 -9.532508 -0.000045 -0.000025 0.227589 -1.768790 14.205730 0.204677 -1.620984 14.239600 0.214164 -1.755678 14.253015 -0.000000 0.000003 0.000003 -9.103593 -0.043072 -1.865143 0.544404 -2.701810 22.927808 0.349273 -2.197998 18.139949 0.350603 -2.176686 18.069346 -0.000002 0.000004 0.000001 -8.076685 -0.486695 -3.806283 0.966170 -3.541583 31.006822 0.375211 -2.322365 20.197950 0.432038 -2.575626 21.098311 0.000003 -0.000001 0.000003 4.570446 11.014720 -2.160855 0.864228 -6.511174 0.574490 3.681860 -41.302553 -74.334506 -0.000016 -9.551375 -0.000022 36.437208 5.162701 13.748633 2.466128 -1.576206 2.681732 -3.599482 18.297693 14.126172 4.185346 14.320379 1.150407 -0.821913 0.916474 2.391513 -0.000001 -0.000000 0.000002 9.109298 -0.518038 2.259869 0.042469 0.765003 -6.394629 0.005518 0.281396 -2.232968 0.005220 0.261804 -2.232963 -0.000001 0.000000 -0.000000 9.533396 0.000031 0.000042 0.087878 1.098782 -9.174594 0.088174 1.104257 -9.170469 0.082880 1.068602 -8.871473 0.000001 0.000000 -0.000003 9.104522 -0.043014 -1.865076 0.148344 1.424332 -11.884177 0.303879 2.026085 -17.046620 0.305738 2.032143 -17.098948 -0.000002 0.000000 0.000005 8.077797 -0.486846 -3.806257 1.284467 5.892248 -14.112515 0.657027 -1.362095 -23.821139 0.646498 2.714826 -23.357500 0.000001 0.000005 0.000003 -8.207788 -6.751665 -1.599563 -19.597066 6.437695 10.258981 37.928058 10.027521 10.277417 -13.699679 18.939082 -7.050235 -5.337345 0.000005 -0.000003 0.000000 0.000000 -0.000000 8.207788 -6.751701 -1.599556 -17.928943 0.611510 8.455370 52.211725 10.534825 9.997240 -21.192545 29.425821 -1.067337 -6.029367 0.000006 0.000003 0.000000 0.000000 0.000000 
-0.865242 95.133743 4.258021 -9.924361 -42.599497 -19.065194 -0.000006 10.181588 0.131518 5.780092 8.595382 7.431347 1.152532 1.077501 5.995101 1.079075 1.137165 5.997108 -0.000001 16.740385 -2.049035 -1.185858 -3.548958 6.495705 -0.000006 9.617870 1.685014 -17.618586 -2.629400 -22.340864 0.000004 22.037384 7.501096 -0.000002 0.000001 0.000001 -4.569973 11.014893 -2.160884 0.794306 7.964717 8.087577 -87.950413 49.029383 51.755478 0.000001 5.204001 -0.000013 69.018720 11.614166 -1.166360 -2.464788 -1.573990 2.681856 -3.957290 -16.952390 -15.272045 4.886094 -14.854311 -0.578675 -1.560136 0.883056 -1.926116 0.000004 -0.000007 -0.000001 -9.108267 -0.517847 2.259842 0.035119 -0.699626 5.596515 0.121873 -1.279958 10.806974 0.126940 -1.335782 10.945793 -0.000002 0.000002 -0.000000 -9.532492 -0.000063 -0.000016 0.197853 -1.651157 13.209458 0.202561 -1.612392 14.166901 0.214310 -1.756292 14.258257 -0.000001 0.000002 0.000004 -9.103576 -0.043070 -1.865132 0.514428 -2.629371 22.283308 0.350939 -2.203103 18.184014 0.352676 -2.182978 18.123671 -0.000002 -0.000001 0.000002 -8.076679 -0.486732 -3.806269 0.943075 -3.502197 30.630953 0.381735 -2.341307 20.362715 0.435531 -2.585022 21.180727 0.000003 0.000002 -0.000016 4.570444 11.014713 -2.160854 0.836390 -6.258924 0.406958 3.226372 -41.608532 -75.373788 -0.000009 -8.071929 -0.000002 33.286531 4.423290 16.562842 2.466132 -1.576208 2.681736 -3.599491 18.297681 14.126190 4.185346 14.320377 1.150402 -0.821914 0.916469 2.391523 0.000002 0.000003 -0.000007 9.109292 -0.518037 2.259870 0.023703 0.572053 -4.787966 0.003610 0.228427 -1.793694 0.003368 0.208817 -1.793690 -0.000003 -0.000005 -0.000000 9.533401 0.000030 0.000043 0.062835 0.930064 -7.760750 0.079936 1.051893 -8.730974 0.076334 1.025825 -8.512923 -0.000005 -0.000001 0.000001 9.104527 -0.043031 -1.865072 0.119014 1.277265 -10.640812 0.291822 1.986387 -16.702176 0.296218 2.000918 -16.828225 0.000000 -0.000002 -0.000001 8.077791 -0.486870 -3.806254 1.167016 5.778443 -12.957415 0.646150 -1.384954 -23.611725 0.635802 2.691874 -23.147315 -0.000000 0.000000 0.000003 -8.207788 -6.751675 -1.599561 -19.244685 6.548019 9.369169 40.513977 9.781088 9.695359 -14.561116 23.019394 -5.947042 -5.992239 -0.000002 -0.000004 -0.000001 0.000001 -0.000000 8.207792 -6.751698 -1.599555 -14.186648 2.236470 7.368578 50.642096 9.596713 9.923085 -26.513131 29.899191 -3.303748 -2.286004 -0.000002 -0.000002 -0.000000 0.000000 0.000000 
0.394735 94.300911 4.857512 -13.479021 -45.626565 -21.686354 -0.000004 10.181584 0.131516 8.100626 10.153729 8.704418 1.387399 1.242459 5.812644 1.308356 1.316673 5.813504 0.000002 16.740393 -2.049034 -1.377331 -2.895387 5.383152 -0.000002 9.617883 1.685008 -17.955104 -0.324806 -22.849559 0.000007 22.037354 7.501112 -0.000002 -0.000004 -0.000001 -4.569970 11.014903 -2.160882 0.806804 10.357165 8.785887 -92.220593 50.650637 55.521672 0.000004 5.075843 -0.000003 56.157300 8.362848 0.396347 -2.464800 -1.573990 2.681845 -3.957290 -16.952376 -15.272055 4.886097 -14.854304 -0.578675 -1.560135 0.883057 -1.926115 -0.000001 0.000002 0.000003 -9.108282 -0.517886 2.259832 0.013808 -0.439206 3.452242 0.114474 -1.240331 10.476067 0.123154 -1.315985 10.780318 0.000000 0.000004 -0.000002 -9.532493 -0.000060 -0.000023 0.148683 -1.434256 11.383188 0.192293 -1.570128 13.809901 0.210865 -1.742650 14.142735 -0.000001 -0.000011 -0.000001 -9.103589 -0.043071 -1.865136 0.446836 -2.456838 20.760041 0.341443 -2.174077 17.933042 0.349987 -2.174853 18.053435 0.000000 -0.000001 0.000001 -8.076684 -0.486728 -3.806282 0.863590 -3.361828 29.303164 0.378023 -2.330549 20.269141 0.433540 -2.579680 21.133918 -0.000002 -0.000003 -0.000004 4.570448 11.014738 -2.160853 0.797198 -5.906226 0.097526 4.185952 -41.310914 -74.994227 -0.000014 -9.900511 0.000005 29.984295 5.708350 17.196591 2.466140 -1.576205 2.681735 -3.599508 18.297686 14.126184 4.185347 14.320374 1.150415 -0.821913 0.916474 2.391518 -0.000003 0.000002 -0.000006 9.109295 -0.518041 2.259872 0.009784 0.367754 -3.090987 0.001602 0.154182 -1.178271 0.001454 0.134577 -1.178258 -0.000001 -0.000001 0.000001 9.533402 0.000018 0.000044 0.039392 0.737164 -6.150133 0.068720 0.975847 -8.094015 0.066782 0.959849 -7.960126 -0.000004 0.000001 -0.000000 9.104544 -0.043050 -1.865073 0.086444 1.089798 -9.063522 0.272368 1.920469 -16.132152 0.279538 1.944984 -16.343898 -0.000001 -0.000003 0.000003 8.077787 -0.486872 -3.806259 1.006448 5.615094 -11.339910 0.623633 -1.432936 -23.173198 0.613702 2.643676 -22.707227 -0.000003 -0.000006 0.000000 -8.207789 -6.751665 -1.599561 -18.933488 5.476336 8.986336 43.923799 9.243046 7.549295 -16.172454 27.272419 -4.081258 -6.117253 0.000003 -0.000000 -0.000001 -0.000000 -0.000000 8.207794 -6.751695 -1.599560 -11.998042 3.362299 6.210625 51.253080 9.699535 10.046209 -27.949021 29.860709 -7.358516 -1.674709 -0.000005 0.000002 0.000000 0.000001 -0.000000 
1.696420 93.170616 5.360536 -16.730565 -48.348280 -23.501561 -0.000008 10.181612 0.131523 9.476545 11.499138 9.186782 2.466210 1.469842 5.381634 2.385645 1.534029 5.400132 0.000002 16.740389 -2.049033 -1.741981 -2.326752 4.374588 0.000002 9.617886 1.685014 -19.049244 1.492878 -22.770690 -0.000001 22.037354 7.501096 -0.000007 -0.000001 -0.000000 -4.569971 11.014919 -2.160881 0.851150 12.328840 8.855140 -95.899121 51.851388 59.236885 -0.000000 5.291599 -0.000005 41.810924 5.358488 1.782324 -2.464803 -1.573975 2.681850 -3.957289 -16.952391 -15.272049 4.886094 -14.854299 -0.578673 -1.560140 0.883068 -1.926115 0.000004 -0.000014 0.000001 -9.108266 -0.517878 2.259832 0.001199 -0.130549 0.917141 0.102997 -1.176051 9.939956 0.117119 -1.283879 10.512236 -0.000001 -0.000003 -0.000002 -9.532499 -0.000058 -0.000028 0.096002 -1.155268 9.052322 0.175768 -1.499665 13.215415 0.204229 -1.716067 13.917663 0.000003 0.000004 0.000004 -9.103583 -0.043066 -1.865133 0.357819 -2.205957 18.572041 0.322515 -2.114941 17.423080 0.343001 -2.153538 17.869032 -0.000004 0.000003 -0.000008 -8.076680 -0.486711 -3.806281 0.741810 -3.130639 27.152778 0.365009 -2.292387 19.938046 0.426564 -2.560780 20.968317 -0.000003 0.000001 -0.000001 4.570446 11.014697 -2.160853 0.756733 -5.494016 -0.225421 6.575955 -40.246616 -73.150500 -0.000026 -14.938670 -0.000010 27.454835 9.528135 15.680569 2.466136 -1.576200 2.681733 -3.599490 18.297686 14.126168 4.185341 14.320375 1.150408 -0.821913 0.916476 2.391520 0.000004 0.000008 -0.000003 9.109299 -0.518041 2.259871 0.003095 0.206822 -1.756157 0.000348 0.075732 -0.528064 0.000297 0.056137 -0.528077 -0.000001 -0.000002 -0.000003 9.533399 0.000034 0.000046 0.023489 0.569535 -4.754579 0.057335 0.892209 -7.394196 0.056569 0.883847 -7.324537 0.000002 0.000001 0.000003 9.104526 -0.043037 -1.865071 0.059763 0.907147 -7.533314 0.249568 1.839811 -15.436805 0.258849 1.873066 -15.723217 0.000000 0.000003 -0.000002 8.077791 -0.486874 -3.806258 0.841959 5.437713 -9.631993 0.592688 -1.500507 -22.558674 0.583367 2.575847 -22.090546 0.000003 0.000002 -0.000000 -8.207789 -6.751660 -1.599561 -19.542652 3.402844 8.456380 48.885095 8.584255 3.787182 -20.502213 30.190939 -0.903331 -5.422639 -0.000006 -0.000003 0.000000 0.000000 -0.000000 8.207788 -6.751697 -1.599554 -11.832438 4.897520 4.053338 53.704172 9.954913 10.093634 -29.948867 29.661965 -5.822640 -1.226359 0.000009 0.000003 0.000000 -0.000002 -0.000000 
2.951653 92.134201 5.790756 -19.706054 -50.979531 -23.348481 -0.000007 10.181588 0.131521 10.213727 12.697920 8.176918 4.141779 1.726131 4.557207 4.065247 1.767190 4.613534 0.000001 16.740396 -2.049034 -2.232465 -1.904059 3.544213 0.000004 9.617886 1.685019 -20.738187 2.670768 -22.280499 0.000003 22.037338 7.501101 -0.000004 -0.000003 -0.000000 -4.569966 11.014934 -2.160884 0.902411 13.770517 8.790710 -99.032443 52.717292 62.536536 0.000002 5.712783 -0.000003 29.106199 2.922909 2.946851 -2.464796 -1.573967 2.681841 -3.957288 -16.952381 -15.272049 4.886092 -14.854309 -0.578675 -1.560137 0.883061 -1.926116 0.000004 -0.000003 -0.000001 -9.108273 -0.517860 2.259834 0.001236 0.132638 -1.242494 0.090193 -1.099875 9.305962 0.110178 -1.245887 10.195234 0.000001 -0.000004 0.000001 -9.532504 -0.000033 -0.000017 0.056803 -0.890636 6.856503 0.156918 -1.414906 12.502626 0.195633 -1.680854 13.620177 -0.000003 -0.000003 0.000003 -9.103597 -0.043057 -1.865131 0.273371 -1.934273 16.234627 0.297923 -2.035274 16.738004 0.332681 -2.121638 17.593579 -0.000006 -0.000004 0.000002 -8.076681 -0.486686 -3.806279 0.609147 -2.851544 24.610965 0.344401 -2.230411 19.401499 0.415372 -2.530108 20.699962 -0.000000 -0.000001 -0.000005 4.570446 11.014723 -2.160855 0.717811 -5.013128 -0.343896 9.534712 -38.465959 -70.574958 -0.000027 -21.565636 0.000007 26.542399 14.778070 12.759698 2.466151 -1.576213 2.681733 -3.599470 18.297686 14.126178 4.185339 14.320371 1.150409 -0.821911 0.916483 2.391514 -0.000003 -0.000005 0.000002 9.109302 -0.518030 2.259868 0.001088 0.122924 -1.060817 0.000012 0.014003 -0.016494 -0.000001 -0.005603 -0.016492 0.000003 0.000001 -0.000003 9.533421 0.000036 0.000042 0.015706 0.465940 -3.893668 0.048620 0.822048 -6.808345 0.048340 0.817334 -6.769158 0.000003 -0.000007 -0.000003 9.104536 -0.043026 -1.865079 0.043660 0.775582 -6.434807 0.229055 1.763944 -14.784914 0.239347 1.802482 -15.115924 -0.000002 -0.000001 0.000002 8.077815 -0.486866 -3.806261 0.716337 5.294726 -8.288861 0.560783 -1.572203 -21.909346 0.552123 2.503815 -21.438948 0.000002 0.000000 -0.000000 -8.207790 -6.751663 -1.599561 -20.682354 0.582316 6.638762 53.989941 7.989067 -0.913822 -23.464027 29.323085 2.299135 -4.709766 -0.000006 -0.000003 -0.000000 0.000001 -0.000000 8.207789 -6.751696 -1.599558 -11.471202 6.429523 2.020770 55.948357 9.895015 6.914470 -32.309271 29.724386 -3.347273 -0.316936 -0.000004 -0.000001 0.000000 -0.000000 0.000000 
4.136562 91.515244 6.188229 -22.530299 -53.284181 -21.336382 -0.000006 10.181588 0.131521 10.818556 13.644788 5.895843 5.978177 1.929572 3.378920 5.912807 1.951817 3.483927 0.000001 16.740376 -2.049033 -2.729637 -1.589945 2.803311 -0.000003 9.617883 1.685015 -22.541555 3.383152 -21.686457 0.000005 22.037338 7.501092 -0.000006 0.000000 -0.000001 -4.569967 11.014926 -2.160882 0.923617 14.780651 8.856199 -101.922057 53.419797 65.481734 -0.000007 6.051763 -0.000008 19.266135 0.899153 4.023436 -2.464800 -1.573988 2.681854 -3.957287 -16.952384 -15.272045 4.886092 -14.854304 -0.578682 -1.560136 0.883054 -1.926111 0.000004 -0.000004 -0.000005 -9.108274 -0.517883 2.259838 0.005285 0.272487 -2.390395 0.079960 -1.034866 8.765767 0.104437 -1.213492 9.925100 -0.000000 0.000002 -0.000005 -9.532508 -0.000082 -0.000018 0.036996 -0.720165 5.448222 0.141097 -1.339506 11.870031 0.187434 -1.646636 13.331257 -0.000003 0.000001 0.000008 -9.103588 -0.043101 -1.865133 0.216370 -1.724498 14.449158 0.274118 -1.954698 16.047980 0.321500 -2.086401 17.289910 -0.000007 0.000001 -0.000009 -8.076679 -0.486722 -3.806277 0.505995 -2.609299 22.445977 0.320772 -2.156882 18.766927 0.402350 -2.493737 20.382526 -0.000001 -0.000003 0.000000 4.570447 11.014725 -2.160856 0.674526 -4.465706 -0.225225 11.879659 -36.285455 -68.243562 -0.000048 -27.441357 -0.000000 27.266202 19.310669 9.549877 2.466124 -1.576204 2.681740 -3.599490 18.297696 14.126182 4.185344 14.320377 1.150409 -0.821911 0.916478 2.391515 -0.000002 -0.000001 -0.000001 9.109294 -0.518031 2.259875 0.000904 0.111402 -0.965348 0.000067 -0.018179 0.000028 0.000073 -0.037793 0.250128 -0.000001 0.000005 0.000004 9.533390 0.000023 0.000051 0.013591 0.433366 -3.623315 0.043810 0.780587 -6.462275 0.043524 0.775855 -6.423028 -0.000001 0.000001 -0.000003 9.104509 -0.043033 -1.865071 0.037208 0.716416 -5.941585 0.215381 1.711369 -14.334344 0.225727 1.751232 -14.675995 0.000001 0.000001 -0.000005 8.077773 -0.486870 -3.806255 0.652223 5.219089 -7.589144 0.536238 -1.628901 -21.398325 0.528088 2.446880 -20.926183 -0.000000 0.000008 0.000002 -8.207788 -6.751675 -1.599566 -21.939037 -2.944550 3.029359 57.985369 7.756277 -5.180924 -23.181329 23.511792 3.601584 -4.728752 -0.000008 -0.000005 0.000000 -0.000001 -0.000000 8.207791 -6.751700 -1.599557 -10.136939 9.076205 -1.780001 56.163665 9.810494 4.097641 -33.637114 29.800464 -0.904866 -0.005442 0.000013 0.000003 -0.000000 0.000001 -0.000000 
5.203321 91.582573 6.622895 -24.558700 -54.531721 -18.370036 -0.000004 10.181587 0.131520 11.316981 13.982871 3.574715 7.565834 1.999258 2.149119 7.517270 2.013380 2.297352 -0.000000 16.740389 -2.049033 -3.101780 -1.318772 2.032215 0.000001 9.617881 1.685014 -23.915187 3.917150 -21.327296 0.000001 22.037369 7.501094 -0.000001 0.000003 -0.000000 -4.569972 11.014923 -2.160881 0.923373 15.475409 8.951697 -104.461521 53.998813 68.011540 -0.000009 6.188056 0.000004 10.671945 -0.948586 4.827293 -2.464808 -1.573977 2.681858 -3.957289 -16.952381 -15.272043 4.886092 -14.854307 -0.578672 -1.560134 0.883056 -1.926120 -0.000000 -0.000001 0.000004 -9.108286 -0.517853 2.259853 0.005975 0.289257 -2.528094 0.074750 -1.000236 8.478493 0.101438 -1.196256 9.781442 -0.000002 -0.000000 -0.000001 -9.532509 -0.000046 -0.000014 0.031770 -0.667648 5.015142 0.132020 -1.294369 11.492016 0.182092 -1.623954 13.139769 -0.000002 0.000000 0.000003 -9.103577 -0.043073 -1.865121 0.192698 -1.628876 13.640269 0.257655 -1.896811 15.553519 0.312818 -2.058603 17.050620 -0.000000 0.000000 -0.000000 -8.076687 -0.486688 -3.806266 0.454914 -2.478917 21.294979 0.301260 -2.093984 18.226071 0.391377 -2.462701 20.111985 -0.000001 -0.000009 -0.000009 4.570444 11.014728 -2.160853 0.630375 -3.972388 -0.130845 12.842210 -34.102759 -66.737116 -0.000033 -30.747732 -0.000022 28.753051 21.513714 7.268894 2.466124 -1.576220 2.681733 -3.599497 18.297687 14.126189 4.185341 14.320372 1.150402 -0.821908 0.916483 2.391520 0.000004 0.000001 -0.000003 9.109300 -0.518055 2.259869 0.001448 0.140817 -1.209173 0.000087 -0.022635 -0.000035 0.000093 -0.042227 0.286879 -0.000004 0.000008 0.000004 9.533408 0.000028 0.000044 0.014633 0.449558 -3.757714 0.042509 0.769075 -6.366463 0.042032 0.762460 -6.311361 -0.000003 0.000000 -0.000001 9.104520 -0.043038 -1.865072 0.037339 0.717422 -5.949925 0.209784 1.689294 -14.145527 0.219615 1.727823 -14.475377 0.000002 0.000002 0.000003 8.077790 -0.486872 -3.806260 0.643476 5.208592 -7.492725 0.523667 -1.658579 -21.131871 0.515754 2.417126 -20.658839 0.000000 0.000006 -0.000003 -8.207785 -6.751675 -1.599568 -22.725370 -7.297354 -1.364781 59.443259 7.592668 -8.212226 -22.118967 14.455201 1.501038 -4.693976 -0.000006 -0.000004 0.000000 0.000004 -0.000000 8.207791 -6.751704 -1.599556 -7.649428 12.245449 -6.302949 54.063215 9.768494 3.037515 -33.382502 29.859391 0.649911 -0.000047 0.000006 0.000004 -0.000000 -0.000000 -0.000000 
6.153586 92.009071 7.019401 -24.646382 -53.757660 -14.974138 -0.000006 10.181588 0.131522 11.303761 13.353417 2.411407 8.690834 1.907013 1.248794 8.659656 1.916245 1.420595 0.000000 16.740360 -2.049032 -3.301545 -1.092885 1.238319 0.000004 9.617908 1.685013 -24.623853 4.321111 -21.413942 0.000006 22.037338 7.501095 -0.000001 -0.000001 -0.000003 -4.569970 11.014906 -2.160880 0.935907 15.879995 8.846698 -105.614191 54.300147 69.323627 0.000008 6.497157 -0.000002 0.414353 -2.659105 5.210077 -2.464808 -1.573956 2.681844 -3.957290 -16.952383 -15.272040 4.886093 -14.854312 -0.578674 -1.560135 0.883057 -1.926118 0.000001 0.000001 0.000006 -9.108293 -0.517862 2.259822 0.004432 0.249388 -2.200757 0.074149 -0.996063 8.443883 0.101068 -1.194175 9.764135 -0.000002 0.000001 -0.000005 -9.532506 -0.000053 -0.000038 0.033864 -0.689186 5.192735 0.129713 -1.282658 11.394044 0.180364 -1.616482 13.076766 0.000002 0.000001 0.000001 -9.103581 -0.043091 -1.865142 0.192841 -1.629431 13.645016 0.251062 -1.873091 15.351340 0.308750 -2.045438 16.937319 -0.000001 0.000003 -0.000000 -8.076691 -0.486680 -3.806287 0.448934 -2.463150 21.156337 0.291162 -2.060432 17.938319 0.385616 -2.446163 19.968046 -0.000001 -0.000001 -0.000005 4.570445 11.014709 -2.160852 0.611911 -3.779955 -0.397952 12.365783 -32.118032 -66.055873 -0.000030 -31.030383 0.000002 30.167037 21.222571 6.453521 2.466129 -1.576217 2.681731 -3.599486 18.297679 14.126181 4.185346 14.320379 1.150406 -0.821909 0.916479 2.391523 -0.000006 0.000000 -0.000006 9.109294 -0.518038 2.259868 0.002356 0.180648 -1.539322 0.000044 -0.011349 -0.000022 0.000042 -0.030953 0.193524 0.000000 -0.000001 0.000001 9.533399 0.000038 0.000045 0.017024 0.484817 -4.050605 0.043418 0.777328 -6.435197 0.042712 0.768549 -6.362020 -0.000003 -0.000002 -0.000001 9.104526 -0.043031 -1.865079 0.040649 0.748731 -6.210713 0.210330 1.691454 -14.164054 0.219614 1.727803 -14.475223 0.000001 -0.000001 0.000002 8.077779 -0.486869 -3.806260 0.665746 5.235212 -7.737683 0.521915 -1.662677 -21.095007 0.514074 2.413017 -20.621874 -0.000002 0.000006 0.000001 -8.207788 -6.751683 -1.599564 -23.482954 -11.789933 -5.006212 58.868144 7.695323 -9.994926 -21.231990 4.891116 -1.899145 -4.046590 -0.000010 -0.000003 0.000000 -0.000001 -0.000000 8.207788 -6.751709 -1.599556 -5.360140 14.351892 -9.224588 51.572334 9.754588 2.331547 -32.584220 29.903934 1.539946 -0.000097 0.000002 -0.000001 -0.000000 -0.000000 0.000000 
6.985433 92.306419 7.289013 -22.606143 -50.360580 -11.429928 -0.000007 10.181581 0.131521 10.551682 11.723916 2.639229 9.351798 1.685206 0.841282 9.333880 1.682709 1.012153 -0.000001 16.740416 -2.049037 -3.395040 -0.998332 0.580336 0.000005 9.617904 1.685001 -24.826997 4.312268 -21.926876 0.000002 22.037323 7.501087 -0.000003 0.000001 -0.000000 -4.569972 11.014928 -2.160887 0.973007 15.960318 8.481573 -103.715077 54.004069 68.019620 -0.000016 7.909454 -0.000003 -12.948274 -4.252129 5.469125 -2.464796 -1.574000 2.681863 -3.957287 -16.952381 -15.272042 4.886096 -14.854307 -0.578672 -1.560138 0.883058 -1.926113 -0.000002 -0.000003 0.000004 -9.108283 -0.517873 2.259851 0.003054 0.207256 -1.854873 0.075591 -1.005934 8.525667 0.101913 -1.199082 9.805045 0.000002 -0.000000 -0.000003 -9.532509 -0.000062 -0.000018 0.037925 -0.728982 5.520922 0.131205 -1.290275 11.457799 0.180926 -1.618908 13.097323 0.000000 0.000001 0.000005 -9.103585 -0.043104 -1.865133 0.202063 -1.667478 13.966478 0.251740 -1.875442 15.371421 0.308604 -2.045023 16.933726 0.000000 0.000002 -0.000005 -8.076688 -0.486711 -3.806268 0.463129 -2.500424 21.484060 0.289920 -2.056370 17.903495 0.384929 -2.444167 19.950648 0.000000 0.000000 -0.000008 4.570444 11.014713 -2.160855 0.640190 -4.115199 -1.103245 10.931193 -30.295693 -65.838755 -0.000033 -29.132417 -0.000001 31.372022 19.340437 6.557935 2.466136 -1.576200 2.681743 -3.599477 18.297682 14.126174 4.185344 14.320373 1.150398 -0.821907 0.916479 2.391521 0.000001 -0.000001 -0.000005 9.109286 -0.518035 2.259874 0.003524 0.220612 -1.870639 0.000004 0.003917 0.000006 0.000014 -0.015681 0.067044 0.000000 0.000003 0.000002 9.533407 0.000036 0.000051 0.019830 0.523235 -4.369923 0.045209 0.793053 -6.566328 0.044252 0.782295 -6.476736 -0.000001 -0.000000 0.000001 9.104531 -0.043026 -1.865067 0.044939 0.786954 -6.529643 0.213839 1.705346 -14.282882 0.222713 1.739696 -14.576969 0.000001 0.000006 -0.000001 8.077786 -0.486876 -3.806247 0.696138 5.271132 -8.069652 0.526300 -1.652306 -21.188152 0.518353 2.423413 -20.715323 0.000000 -0.000001 -0.000001 -8.207788 -6.751678 -1.599563 -24.515089 -14.071662 -7.486581 57.586691 3.886986 -10.070262 -20.834102 -0.016311 -0.779652 -3.437955 0.000002 -0.000002 0.000000 -0.000000 -0.000000 8.207790 -6.751716 -1.599554 -4.751077 14.651534 -9.743625 50.534784 9.728217 1.280507 -32.110307 27.025798 2.050025 -0.125580 -0.000002 0.000003 0.000000 -0.000000 -0.000000 
7.701312 92.578636 7.370979 -19.792399 -44.653031 -8.284784 -0.000006 10.181595 0.131521 9.352419 9.432800 3.625499 9.632683 1.391523 0.760320 9.623281 1.369127 0.910153 0.000001 16.740393 -2.049029 -3.469944 -1.119387 0.231124 0.000003 9.617912 1.685017 -24.781601 3.575609 -22.672842 -0.000002 22.037354 7.501103 -0.000004 -0.000002 -0.000001 -4.569970 11.014895 -2.160879 1.011131 15.690292 8.024989 -97.781070 52.565392 63.304263 -0.000001 11.512148 -0.000009 -27.844943 -6.147865 6.011578 -2.464815 -1.573971 2.681856 -3.957288 -16.952390 -15.272049 4.886095 -14.854309 -0.578675 -1.560138 0.883057 -1.926107 -0.000003 0.000000 0.000000 -9.108282 -0.517865 2.259848 0.001557 0.149498 -1.380805 0.077161 -1.016354 8.612178 0.102806 -1.204283 9.848317 -0.000002 0.000001 -0.000001 -9.532516 -0.000053 -0.000004 0.043433 -0.779794 5.940346 0.133750 -1.303054 11.564706 0.182042 -1.623718 13.137799 -0.000001 -0.000000 0.000001 -9.103600 -0.043071 -1.865121 0.213047 -1.711431 14.338560 0.255045 -1.887456 15.473823 0.310049 -2.049676 16.973853 0.000001 -0.000002 0.000000 -8.076686 -0.486721 -3.806264 0.478344 -2.539727 21.830603 0.292794 -2.065923 17.985309 0.386541 -2.448857 19.991568 0.000002 -0.000001 0.000001 4.570446 11.014719 -2.160851 0.698546 -4.998630 -1.961425 9.171004 -28.556181 -65.694091 -0.000031 -26.415265 -0.000010 32.570867 16.957905 6.697313 2.466120 -1.576202 2.681743 -3.599486 18.297694 14.126181 4.185343 14.320381 1.150406 -0.821915 0.916471 2.391518 0.000002 0.000001 -0.000005 9.109293 -0.518052 2.259879 0.005266 0.269997 -2.279943 0.000032 0.019233 -0.059925 -0.000029 -0.000368 -0.059904 -0.000002 0.000005 0.000002 9.533396 0.000036 0.000053 0.023375 0.567984 -4.741719 0.047219 0.810353 -6.710699 0.045986 0.797252 -6.601540 -0.000001 0.000002 0.000000 9.104513 -0.043031 -1.865062 0.049764 0.828063 -6.872539 0.218111 1.721992 -14.425469 0.226522 1.754283 -14.702054 -0.000001 -0.000006 0.000004 8.077775 -0.486873 -3.806246 0.726861 5.307010 -8.402850 0.532248 -1.638262 -21.314456 0.524199 2.437536 -20.842049 0.000000 -0.000006 0.000006 -8.207783 -6.751667 -1.599561 -24.287777 -12.887863 -7.593546 55.308386 -4.792477 -10.083668 -20.006495 -0.714142 3.650464 -3.063638 0.000021 -0.000003 0.000000 -0.000003 -0.000000 8.207794 -6.751701 -1.599554 -5.193141 13.954920 -9.198941 50.184689 9.735517 1.021482 -31.452704 21.218775 1.926268 -0.201961 0.000006 0.000003 0.000000 -0.000000 0.000000 
8.270193 93.043091 7.294053 -17.531156 -37.778890 -5.475655 -0.000004 10.181586 0.131523 8.230935 6.947106 4.431069 9.585830 1.070256 0.682329 9.582401 1.027033 0.799368 0.000002 16.740393 -2.049035 -3.523698 -1.447221 0.226842 -0.000007 9.617876 1.685008 -24.519105 2.119087 -23.452440 0.000002 22.037354 7.501089 -0.000005 0.000000 -0.000000 -4.569967 11.014913 -2.160883 1.022833 15.100771 7.692068 -88.823871 49.346614 56.231926 0.000007 17.879967 -0.000002 -40.661195 -8.729207 6.608314 -2.464804 -1.573971 2.681857 -3.957287 -16.952379 -15.272043 4.886099 -14.854311 -0.578671 -1.560137 0.883052 -1.926118 0.000001 -0.000009 0.000001 -9.108273 -0.517867 2.259820 0.000015 0.024305 -0.353255 0.079304 -1.030653 8.730692 0.104060 -1.211391 9.907564 -0.000000 -0.000003 0.000002 -9.532502 -0.000046 -0.000028 0.055426 -0.879864 6.767574 0.137418 -1.321441 11.718585 0.183394 -1.629405 13.185728 0.000000 0.000001 0.000000 -9.103594 -0.043088 -1.865136 0.232026 -1.784770 14.960754 0.259306 -1.902695 15.603700 0.311639 -2.054794 17.017826 -0.000000 0.000001 -0.000006 -8.076683 -0.486716 -3.806268 0.499620 -2.593439 22.305461 0.295825 -2.075998 18.071914 0.388280 -2.453849 20.034893 0.000000 0.000002 0.000000 4.570450 11.014731 -2.160857 0.759933 -6.185822 -2.558906 7.536734 -26.922437 -65.423787 -0.000029 -23.931306 -0.000010 33.817441 14.724455 6.445215 2.466139 -1.576202 2.681751 -3.599479 18.297698 14.126185 4.185345 14.320379 1.150405 -0.821913 0.916474 2.391516 -0.000003 0.000003 -0.000001 9.109294 -0.518041 2.259883 0.008506 0.343025 -2.885707 0.000077 0.038153 -0.216710 0.000050 0.018551 -0.216714 0.000000 0.000003 -0.000000 9.533412 0.000023 0.000063 0.028863 0.631213 -5.267879 0.049701 0.831168 -6.884317 0.048000 0.814522 -6.745609 -0.000001 -0.000002 -0.000001 9.104527 -0.043051 -1.865057 0.056518 0.882327 -7.325789 0.222905 1.740489 -14.583813 0.230618 1.769826 -14.835420 -0.000001 0.000001 0.000000 8.077782 -0.486868 -3.806238 0.765101 5.351026 -8.814464 0.538279 -1.624140 -21.441244 0.530084 2.451677 -20.969248 -0.000001 0.000003 0.000003 -8.207785 -6.751670 -1.599561 -22.487920 -7.885267 -6.287829 53.467762 -9.021877 -9.946855 -18.414994 -5.451913 7.531165 -2.755676 0.000006 -0.000004 0.000000 0.000000 -0.000000 8.207791 -6.751707 -1.599552 -5.244776 13.608362 -9.143129 49.131972 9.796398 2.103476 -30.252318 14.852241 1.199455 -0.045690 -0.000000 0.000002 0.000000 0.000000 -0.000000 
8.678500 93.576500 7.188581 -15.911351 -30.760962 -2.501420 -0.000006 10.181581 0.131520 7.352267 4.578903 4.549407 9.239644 0.740357 0.387437 9.240901 0.682725 0.467921 0.000000 16.740389 -2.049034 -3.467924 -1.881118 0.447799 -0.000010 9.617887 1.685012 -23.865374 0.287987 -24.157985 -0.000004 22.037369 7.501093 0.000000 -0.000002 -0.000001 -4.569970 11.014941 -2.160882 1.007289 14.337576 7.574280 -79.285123 44.257437 49.103893 0.000006 26.640733 0.000006 -48.262827 -11.461879 6.846224 -2.464792 -1.573973 2.681872 -3.957290 -16.952384 -15.272043 4.886099 -14.854304 -0.578675 -1.560141 0.883059 -1.926114 0.000001 -0.000005 0.000002 -9.108280 -0.517862 2.259856 0.002382 -0.183016 1.347907 0.084088 -1.061566 8.987532 0.106752 -1.226789 10.036005 -0.000000 0.000001 -0.000001 -9.532507 -0.000037 -0.000003 0.079758 -1.053829 8.209211 0.144531 -1.356296 12.010754 0.186068 -1.640896 13.282704 -0.000000 -0.000004 0.000005 -9.103580 -0.043072 -1.865104 0.270629 -1.924719 16.153063 0.266773 -1.929185 15.829802 0.314212 -2.063115 17.089374 -0.000001 0.000002 -0.000003 -8.076678 -0.486708 -3.806258 0.547235 -2.709221 23.334727 0.300019 -2.089838 18.190471 0.390658 -2.460644 20.094186 -0.000000 -0.000002 -0.000005 4.570447 11.014725 -2.160853 0.819605 -7.292506 -2.686834 6.194027 -25.476551 -65.026543 -0.000020 -22.086074 -0.000009 35.033833 12.761985 5.864753 2.466133 -1.576208 2.681743 -3.599486 18.297669 14.126173 4.185344 14.320378 1.150409 -0.821907 0.916483 2.391520 0.000003 -0.000000 0.000002 9.109302 -0.518040 2.259874 0.014308 0.444574 -3.728771 0.000253 0.066160 -0.448735 0.000201 0.046563 -0.448738 -0.000001 0.000000 -0.000000 9.533406 0.000026 0.000054 0.037623 0.720442 -6.010873 0.053320 0.860565 -7.129905 0.050943 0.838934 -6.949487 -0.000001 -0.000002 -0.000002 9.104531 -0.043032 -1.865073 0.067048 0.960621 -7.980729 0.229413 1.765264 -14.796404 0.236074 1.790264 -15.010995 0.000001 0.000002 -0.000002 8.077797 -0.486852 -3.806257 0.822251 5.415714 -9.423669 0.545771 -1.606755 -21.597801 0.537389 2.469147 -21.126318 -0.000001 0.000001 -0.000002 -8.207788 -6.751681 -1.599561 -20.490059 -1.255400 -4.823457 53.330534 -8.646085 -9.882863 -17.693912 -12.354217 5.753841 -2.648012 0.000015 0.000004 0.000000 0.000001 0.000000 8.207790 -6.751698 -1.599556 -4.769107 13.438630 -9.864832 47.489236 9.865915 3.215305 -28.950310 8.322516 0.514600 -0.000015 -0.000002 0.000000 -0.000000 0.000000 -0.000000 
8.942619 93.953728 7.120863 -14.418748 -23.856816 0.601520 -0.000008 10.181580 0.131525 6.393081 2.451039 4.106480 8.659074 0.412712 -0.146695 8.662354 0.349533 -0.100201 0.000001 16.740355 -2.049029 -3.231284 -2.314857 0.716066 0.000006 9.617903 1.685008 -22.707864 -1.580975 -24.722715 -0.000001 22.037354 7.501100 -0.000003 0.000002 0.000000 -4.569967 11.014883 -2.160880 0.982973 13.661586 7.649661 -70.964067 37.984816 43.423925 -0.000022 36.652527 -0.000004 -49.897561 -13.518536 6.897450 -2.464796 -1.573977 2.681864 -3.957288 -16.952383 -15.272043 4.886095 -14.854311 -0.578679 -1.560135 0.883056 -1.926111 -0.000000 0.000002 0.000002 -9.108282 -0.517866 2.259849 0.012482 -0.417681 3.275207 0.092289 -1.112716 9.412860 0.111334 -1.252311 10.248695 -0.000000 0.000000 0.000001 -9.532506 -0.000047 -0.000008 0.116097 -1.269202 10.002174 0.156295 -1.411907 12.477343 0.191090 -1.662037 13.461066 -0.000000 -0.000002 0.000002 -9.103576 -0.043068 -1.865112 0.331039 -2.123943 17.863356 0.280278 -1.975891 16.229055 0.319463 -2.079904 17.233884 -0.000001 0.000001 -0.000005 -8.076686 -0.486701 -3.806262 0.630628 -2.899005 25.039472 0.309164 -2.119765 18.447467 0.395859 -2.475410 20.222744 0.000000 -0.000000 0.000003 4.570446 11.014720 -2.160851 0.873117 -8.002992 -2.477665 5.115307 -24.214617 -64.546954 -0.000026 -20.819752 -0.000011 36.334240 10.945892 5.069595 2.466140 -1.576212 2.681736 -3.599487 18.297684 14.126172 4.185345 14.320374 1.150404 -0.821910 0.916483 2.391517 -0.000002 0.000000 0.000001 9.109300 -0.518028 2.259875 0.023281 0.566871 -4.744958 0.000735 0.105112 -0.771699 0.000604 0.085530 -0.771680 0.000001 0.000002 0.000000 9.533401 0.000027 0.000052 0.050213 0.831845 -6.939986 0.058522 0.901218 -7.469558 0.055249 0.873610 -7.238964 0.000000 0.000000 -0.000000 9.104540 -0.043033 -1.865064 0.082344 1.063846 -8.845648 0.238822 1.800469 -15.098710 0.244098 1.819931 -15.265722 0.000000 0.000005 0.000001 8.077789 -0.486871 -3.806250 0.902952 5.504748 -10.271793 0.556912 -1.581074 -21.829445 0.548322 2.494940 -21.358761 0.000000 0.000002 0.000002 -8.207789 -6.751663 -1.599555 -18.845364 3.926989 -4.557065 53.698107 -9.657450 -9.955928 -18.716959 -13.074226 1.617495 -2.897315 -0.000016 0.000002 -0.000001 0.000004 0.000001 8.207788 -6.751695 -1.599552 -4.811687 12.209059 -10.760295 46.300490 9.895760 3.070008 -27.987479 2.503010 0.394003 -0.000052 -0.000004 -0.000005 0.000000 0.000000 0.000000 
9.066757 94.130417 7.033037 -12.764557 -17.002219 3.546918 -0.000007 10.181581 0.131518 4.995789 0.728090 3.430821 7.923902 0.117406 -0.883219 7.925121 0.056699 -0.862932 0.000000 16.740417 -2.049038 -2.815996 -2.723283 0.908969 -0.000001 9.617899 1.685013 -21.124221 -3.524224 -25.015301 -0.000002 22.037354 7.501091 0.000004 -0.000002 0.000001 -4.569968 11.014937 -2.160884 0.958126 13.259412 7.889005 -64.249192 31.301056 39.286958 -0.000007 46.659799 -0.000008 -47.190904 -14.703644 7.184381 -2.464811 -1.574002 2.681867 -3.957290 -16.952388 -15.272040 4.886094 -14.854306 -0.578678 -1.560140 0.883057 -1.926111 0.000004 -0.000005 -0.000007 -9.108288 -0.517866 2.259844 0.025964 -0.601835 4.790355 0.102063 -1.170629 9.894858 0.116602 -1.281177 10.489715 -0.000001 -0.000002 -0.000003 -9.532517 -0.000056 0.000014 0.153828 -1.458557 11.587208 0.170503 -1.476399 13.019522 0.197664 -1.689281 13.691252 0.000000 -0.000002 0.000006 -9.103601 -0.043074 -1.865111 0.398565 -2.324604 19.603068 0.298684 -2.037787 16.759495 0.327397 -2.105042 17.450435 0.000001 0.000002 -0.000002 -8.076704 -0.486723 -3.806257 0.731966 -3.110982 26.971985 0.324655 -2.169192 18.873098 0.404512 -2.499839 20.435658 -0.000000 -0.000000 -0.000005 4.570445 11.014721 -2.160855 0.899028 -8.215776 -2.265004 4.191920 -22.971533 -63.954401 -0.000034 -19.945846 -0.000010 38.230188 9.130679 3.919060 2.466147 -1.576208 2.681735 -3.599482 18.297682 14.126183 4.185347 14.320375 1.150406 -0.821913 0.916469 2.391510 0.000005 0.000008 0.000004 9.109301 -0.518043 2.259867 0.035474 0.699410 -5.847979 0.001565 0.152092 -1.160993 0.001389 0.132505 -1.160986 0.000002 0.000000 -0.000006 9.533411 0.000032 0.000039 0.066425 0.956085 -7.978551 0.065231 0.951144 -7.887048 0.060936 0.917111 -7.602550 -0.000000 0.000000 0.000001 9.104538 -0.043038 -1.865079 0.102070 1.183638 -9.852107 0.251272 1.845980 -15.489925 0.254957 1.859220 -15.603895 -0.000000 -0.000002 -0.000002 8.077796 -0.486858 -3.806266 1.002014 5.610449 -11.294504 0.572587 -1.545392 -22.151900 0.563699 2.530750 -21.682326 -0.000002 0.000001 0.000010 -8.207790 -6.751681 -1.599563 -17.821953 6.528019 -5.821132 54.490354 -10.386214 -10.011670 -19.889625 -8.507173 0.389553 -4.714734 0.000006 -0.000001 0.000001 -0.000001 -0.000000 8.207789 -6.751703 -1.599557 -5.938165 9.960617 -11.572234 45.935075 7.611407 1.930059 -27.249475 -0.345743 1.787985 -0.000069 -0.000001 0.000003 -0.000000 0.000000 -0.000000 
9.072425 94.108803 6.887492 -10.971986 -10.462895 6.386972 -0.000005 10.181594 0.131517 3.232085 -0.244296 2.745691 7.044342 -0.088867 -1.919653 7.042028 -0.140492 -1.914131 0.000002 16.740398 -2.049034 -2.246958 -3.179918 1.033729 -0.000015 9.617880 1.685009 -19.260488 -5.976401 -24.810321 0.000000 22.037338 7.501091 0.000000 -0.000003 -0.000000 -4.569966 11.014920 -2.160883 0.920153 12.965588 8.273661 -58.777241 24.514869 36.238665 -0.000011 55.905546 0.000013 -42.629779 -15.224311 8.089928 -2.464796 -1.573975 2.681849 -3.957290 -16.952390 -15.272052 4.886096 -14.854304 -0.578676 -1.560137 0.883051 -1.926112 0.000004 -0.000009 0.000001 -9.108268 -0.517867 2.259835 0.035489 -0.703350 5.627033 0.110084 -1.216103 10.273916 0.120851 -1.303884 10.679211 0.000000 0.000002 0.000003 -9.532498 -0.000063 -0.000040 0.180567 -1.578545 12.596626 0.182926 -1.530554 13.475660 0.203707 -1.713983 13.899895 -0.000001 -0.000002 0.000002 -9.103586 -0.043075 -1.865144 0.451367 -2.468897 20.865921 0.316905 -2.097080 17.269107 0.335824 -2.131324 17.677272 -0.000001 -0.000001 -0.000004 -8.076682 -0.486719 -3.806283 0.816640 -3.275198 28.492197 0.342646 -2.225101 19.355583 0.414437 -2.527468 20.676984 -0.000000 -0.000000 -0.000003 4.570447 11.014702 -2.160854 0.886079 -8.046467 -2.325937 3.245060 -21.525213 -63.156184 -0.000031 -19.307476 -0.000006 41.388832 7.145424 2.187841 2.466159 -1.576212 2.681733 -3.599487 18.297670 14.126190 4.185350 14.320379 1.150409 -0.821916 0.916476 2.391518 -0.000000 0.000003 -0.000003 9.109305 -0.518032 2.259868 0.051717 0.844016 -7.054023 0.002829 0.203064 -1.583560 0.002611 0.183483 -1.583560 0.000001 0.000001 -0.000000 9.533415 0.000029 0.000039 0.086654 1.091298 -9.111788 0.073146 1.006675 -8.352071 0.067607 0.965735 -8.009385 0.000000 0.000001 -0.000001 9.104537 -0.043032 -1.865081 0.125945 1.313563 -10.947279 0.266002 1.898278 -15.940656 0.267925 1.904986 -15.998448 0.000001 -0.000001 0.000001 8.077801 -0.486851 -3.806262 1.111672 5.723178 -12.405031 0.591788 -1.502470 -22.540642 0.582498 2.573840 -22.072400 0.000001 -0.000008 -0.000007 -8.207785 -6.751664 -1.599564 -17.580646 7.606818 -7.879736 55.728989 -10.408839 -10.011779 -21.001923 -1.684454 2.024055 -7.456132 -0.000009 -0.000000 0.000000 -0.000000 -0.000000 8.207792 -6.751697 -1.599560 -7.927111 7.885737 -12.614582 45.992417 3.491254 0.776540 -26.444213 -0.880306 3.986051 -0.000059 -0.000002 0.000003 0.000000 0.000000 -0.000000 
9.030969 93.980087 6.749037 -9.222741 -4.698955 9.373620 -0.000005 10.181583 0.131523 1.596818 -0.160473 2.160646 5.978075 -0.153840 -3.468677 5.977731 -0.192420 -3.466124 0.000001 16.740400 -2.049034 -1.521233 -3.794136 1.229572 -0.000011 9.617898 1.685010 -17.216356 -9.397006 -23.901561 0.000001 22.037369 7.501090 0.000002 0.000001 -0.000002 -4.569970 11.014892 -2.160883 0.864321 12.261838 8.684342 -54.115664 17.642537 33.951702 0.000026 64.288254 -0.000050 -38.077328 -15.239701 9.630845 -2.464815 -1.573971 2.681849 -3.957291 -16.952384 -15.272040 4.886093 -14.854301 -0.578672 -1.560135 0.883054 -1.926118 0.000000 -0.000001 0.000002 -9.108295 -0.517860 2.259829 0.040610 -0.752125 6.029693 0.114632 -1.241202 10.483259 0.123237 -1.316412 10.783924 -0.000001 0.000001 -0.000007 -9.532500 -0.000061 -0.000035 0.195126 -1.639920 13.114463 0.190851 -1.564111 13.758803 0.207652 -1.729846 14.034397 -0.000000 0.000001 0.000003 -9.103608 -0.043084 -1.865139 0.481133 -2.546101 21.545880 0.329948 -2.138387 17.625045 0.342091 -2.150753 17.845032 0.000000 -0.000001 -0.000004 -8.076672 -0.486710 -3.806284 0.865273 -3.364899 29.332080 0.357144 -2.268990 19.735101 0.422314 -2.549170 20.866820 0.000001 -0.000002 -0.000003 4.570446 11.014715 -2.160855 0.847793 -7.703264 -2.747474 1.974760 -19.842232 -62.102177 -0.000016 -18.719450 -0.000002 46.017143 4.752537 0.040114 2.466144 -1.576219 2.681741 -3.599480 18.297672 14.126174 4.185341 14.320380 1.150403 -0.821907 0.916479 2.391524 -0.000004 -0.000003 -0.000012 9.109301 -0.518045 2.259875 0.075538 1.019187 -8.519251 0.004659 0.258803 -2.045558 0.004384 0.239196 -2.045559 -0.000000 0.000006 0.000003 9.533403 0.000031 0.000049 0.113984 1.250242 -10.448753 0.082408 1.067895 -8.865411 0.075258 1.018562 -8.451934 0.000000 0.000002 0.000000 9.104522 -0.043033 -1.865071 0.155974 1.460191 -12.188274 0.282592 1.955397 -16.434048 0.282347 1.954596 -16.427086 0.000001 -0.000006 0.000008 8.077785 -0.486866 -3.806257 1.234069 5.843985 -13.619676 0.612938 -1.456063 -22.962625 0.603223 2.620474 -22.495906 -0.000001 -0.000005 0.000008 -8.207787 -6.751668 -1.599564 -17.635518 8.495309 -9.854673 57.432670 -6.646306 -9.952602 -22.336448 0.241945 2.717308 -7.659121 0.000004 -0.000002 0.000000 -0.000000 0.000000 8.207792 -6.751708 -1.599553 -9.854505 7.227545 -14.329226 45.840849 -0.496892 0.396197 -25.481513 -1.241837 5.751854 -0.232972 0.000001 -0.000000 0.000000 0.000000 -0.000000 
8.955694 93.638962 6.648965 -7.785574 0.261069 12.396929 -0.000008 10.181587 0.131520 0.568172 0.842504 1.718150 4.798823 -0.082720 -5.561277 4.811390 -0.108124 -5.553920 0.000001 16.740421 -2.049033 -0.658748 -4.611170 1.660763 0.000003 9.617875 1.685015 -15.128492 -13.806956 -22.288881 0.000000 22.037354 7.501091 -0.000003 -0.000000 -0.000001 -4.569970 11.014916 -2.160881 0.819372 10.711277 8.831844 -50.112712 10.853247 32.314936 0.000008 72.081759 -0.000009 -34.559456 -14.863584 11.445353 -2.464807 -1.573971 2.681846 -3.957290 -16.952390 -15.272042 4.886093 -14.854304 -0.578675 -1.560135 0.883051 -1.926114 0.000002 -0.000005 -0.000001 -9.108282 -0.517863 2.259835 0.045431 -0.795391 6.386849 0.116850 -1.253259 10.584018 0.124393 -1.322448 10.834301 -0.000001 0.000001 0.000000 -9.532513 -0.000043 -0.000011 0.205508 -1.682316 13.472880 0.195115 -1.581955 13.909556 0.209664 -1.737870 14.102199 -0.000000 -0.000003 -0.000001 -9.103608 -0.043074 -1.865121 0.497957 -2.588596 21.921733 0.337103 -2.160670 17.817271 0.345515 -2.161190 17.935230 -0.000001 -0.000003 -0.000002 -8.076675 -0.486713 -3.806271 0.889169 -3.407845 29.736315 0.365275 -2.293171 19.944817 0.426702 -2.561179 20.971705 0.000002 -0.000001 0.000001 4.570446 11.014707 -2.160852 0.800024 -7.334278 -3.497540 0.002602 -18.279096 -60.858836 -0.000023 -17.911392 -0.000010 51.381638 1.913107 -1.763432 2.466147 -1.576212 2.681736 -3.599489 18.297681 14.126190 4.185346 14.320379 1.150407 -0.821917 0.916474 2.391518 0.000005 0.000003 0.000002 9.109306 -0.518034 2.259874 0.112656 1.242911 -10.399394 0.007457 0.326481 -2.606769 0.007127 0.306865 -2.606757 -0.000001 -0.000002 0.000000 9.533409 0.000032 0.000041 0.153834 1.450273 -12.139894 0.094170 1.140831 -9.477705 0.084768 1.080640 -8.972538 0.000001 -0.000004 0.000002 9.104550 -0.043032 -1.865072 0.197583 1.640864 -13.725648 0.302277 2.020836 -17.000886 0.299105 2.010483 -16.911077 0.000001 -0.000000 0.000006 8.077798 -0.486879 -3.806259 1.386216 5.987211 -15.095789 0.636470 -1.405484 -23.424018 0.626292 2.671259 -22.958907 -0.000000 0.000000 0.000007 -8.207788 -6.751668 -1.599558 -17.579806 9.686005 -11.452769 58.872734 -5.397598 -9.953255 -24.165537 0.115275 3.719518 -8.582120 0.000001 -0.000005 -0.000000 -0.000000 -0.000000 8.207791 -6.751695 -1.599556 -11.259753 8.260737 -16.465204 46.011375 -4.701927 0.819810 -24.707519 -1.512225 7.265778 -0.883902 0.000002 -0.000000 -0.000000 -0.000000 -0.000000 
8.766602 92.964874 6.501502 -6.927189 4.923980 14.976470 -0.000003 10.181566 0.131520 0.202068 2.117319 1.242292 3.817756 0.039082 -7.783893 3.850374 0.024586 -7.769751 0.000001 16.740408 -2.049036 0.218856 -5.559917 2.375371 -0.000003 9.617850 1.685011 -13.330240 -18.674772 -20.250982 -0.000000 22.037354 7.501092 0.000002 -0.000001 -0.000001 -4.569970 11.014910 -2.160884 0.799981 8.420547 8.405913 -46.948118 4.674181 31.266523 -0.000038 79.540579 0.000017 -32.797909 -14.439157 12.952262 -2.464792 -1.573987 2.681841 -3.957290 -16.952393 -15.272043 4.886089 -14.854302 -0.578682 -1.560137 0.883054 -1.926115 0.000001 -0.000006 -0.000001 -9.108265 -0.517869 2.259817 0.051723 -0.848370 6.824893 0.118848 -1.263968 10.673339 0.125397 -1.327782 10.878942 -0.000003 -0.000003 -0.000001 -9.532502 -0.000044 -0.000037 0.217388 -1.729398 13.871766 0.198384 -1.595333 14.022802 0.211000 -1.743183 14.147147 -0.000002 -0.000001 -0.000003 -9.103579 -0.043088 -1.865146 0.514789 -2.630235 22.291000 0.341434 -2.174065 17.933087 0.347314 -2.166718 17.982985 0.000000 0.000001 0.000001 -8.076689 -0.486707 -3.806288 0.910591 -3.445733 30.094660 0.369201 -2.304807 20.045753 0.428838 -2.566929 21.022194 0.000002 0.000004 -0.000006 4.570447 11.014746 -2.160856 0.747000 -6.971901 -4.539721 -2.909624 -17.525371 -59.616084 -0.000021 -16.653620 0.000000 55.988396 -0.818386 -2.381911 2.466128 -1.576198 2.681736 -3.599487 18.297681 14.126185 4.185342 14.320377 1.150405 -0.821908 0.916469 2.391519 0.000001 0.000002 -0.000006 9.109304 -0.518044 2.259869 0.165435 1.503218 -12.601576 0.012048 0.413244 -3.326782 0.011628 0.393655 -3.326782 0.000002 -0.000001 0.000001 9.533405 0.000032 0.000048 0.209422 1.688608 -14.169399 0.110028 1.232102 -10.245624 0.097666 1.159197 -9.632378 -0.000001 -0.000001 -0.000001 9.104527 -0.043030 -1.865077 0.255996 1.863647 -15.636000 0.327545 2.101661 -17.703345 0.320508 2.079473 -17.510539 0.000000 0.000001 0.000001 8.077788 -0.486867 -3.806258 1.586813 6.165161 -16.990756 0.665566 -1.344300 -23.984404 0.654885 2.732710 -23.521343 0.000002 0.000002 0.000002 -8.207784 -6.751678 -1.599564 -17.439655 10.030043 -12.573384 59.693681 -8.958643 -9.985115 -27.342260 -0.449471 5.270097 -8.524906 0.000005 -0.000002 0.000000 -0.000000 0.000002 8.207792 -6.751705 -1.599553 -12.589177 9.499349 -18.140176 47.286178 -7.576761 1.126892 -24.476623 -2.829077 8.227786 -1.859511 0.000002 0.000002 -0.000000 0.000000 -0.000000 
8.364605 92.042122 6.238393 -6.828555 9.780857 16.723956 -0.000007 10.181582 0.131521 0.217717 2.897869 0.385960 3.454452 0.090365 -9.427539 3.501328 0.085071 -9.408565 0.000002 16.740362 -2.049035 0.911233 -6.503950 3.299190 -0.000004 9.617887 1.685008 -12.343955 -23.271180 -18.190001 -0.000001 22.037369 7.501103 -0.000001 0.000001 -0.000002 -4.569968 11.014913 -2.160886 0.765691 5.978589 7.352016 -44.911130 -0.153140 30.691578 -0.000103 86.677129 0.000092 -33.258230 -14.469710 13.764280 -2.464800 -1.573985 2.681853 -3.957287 -16.952383 -15.272049 4.886096 -14.854304 -0.578669 -1.560136 0.883054 -1.926120 0.000004 -0.000009 0.000001 -9.108287 -0.517855 2.259839 0.057340 -0.893189 7.195589 0.121305 -1.277087 10.782856 0.126681 -1.334330 10.933722 -0.000000 0.000004 0.000003 -9.532497 -0.000044 -0.000023 0.228935 -1.773944 14.249679 0.201924 -1.609794 14.144881 0.212513 -1.749175 14.198024 -0.000002 0.000004 0.000004 -9.103592 -0.043070 -1.865133 0.533439 -2.675613 22.694420 0.345827 -2.187502 18.049190 0.349078 -2.172078 18.029341 -0.000003 0.000002 -0.000003 -8.076696 -0.486709 -3.806281 0.937166 -3.492029 30.534193 0.372726 -2.315111 20.135152 0.430720 -2.572029 21.066895 0.000001 0.000012 -0.000008 4.570447 11.014730 -2.160857 0.693771 -6.611729 -5.799486 -6.611991 -18.227844 -58.685368 -0.000015 -15.003889 0.000001 58.359042 -2.555122 -1.691404 2.466140 -1.576198 2.681744 -3.599473 18.297681 14.126170 4.185346 14.320376 1.150400 -0.821912 0.916473 2.391522 0.000005 0.000011 -0.000008 9.109306 -0.518029 2.259879 0.223941 1.745104 -14.665504 0.018811 0.514764 -4.170096 0.018251 0.495188 -4.170078 0.000001 0.000001 0.000001 9.533397 0.000027 0.000053 0.273524 1.925169 -16.202295 0.130107 1.338492 -11.143275 0.114435 1.253859 -10.429399 -0.000001 -0.000001 0.000002 9.104527 -0.043030 -1.865063 0.328184 2.104338 -17.720752 0.359660 2.199640 -18.559026 0.348242 2.165325 -18.259066 0.000001 -0.000003 -0.000001 8.077793 -0.486858 -3.806248 1.829212 6.365064 -19.211686 0.703809 -1.266228 -24.703382 0.692408 2.811085 -24.243036 0.000002 -0.000002 0.000003 -8.207788 -6.751665 -1.599564 -17.483650 7.899955 -13.207539 60.461661 -10.283289 -9.974089 -32.042313 -5.444214 3.698989 -4.713893 0.000002 0.000001 0.000000 0.000000 0.000001 8.207786 -6.751713 -1.599557 -14.338850 9.465642 -18.711069 49.581204 -7.373710 0.683974 -24.799578 -6.316059 8.066207 -3.151232 0.000003 0.000001 -0.000000 -0.000000 -0.000000 
7.676281 91.048843 5.935628 -7.582484 14.781019 17.512979 -0.000006 10.181589 0.131518 0.472669 2.729275 -0.963697 3.953033 -0.005773 -9.959679 3.996570 -0.003030 -9.939923 -0.000002 16.740419 -2.049037 1.241825 -7.334752 4.361020 0.000001 9.617884 1.685007 -12.627655 -27.088546 -16.378845 0.000005 22.037338 7.501095 -0.000000 0.000001 -0.000000 -4.569971 11.014927 -2.160886 0.687629 3.918953 5.993622 -44.040715 -2.990244 30.473316 -0.000179 93.267230 0.000315 -35.424564 -15.119679 13.966575 -2.464788 -1.573973 2.681835 -3.957292 -16.952390 -15.272042 4.886097 -14.854314 -0.578675 -1.560139 0.883058 -1.926120 0.000003 -0.000008 0.000002 -9.108273 -0.517864 2.259835 0.060336 -0.916070 7.384786 0.123430 -1.288142 10.875598 0.127740 -1.339874 10.980082 0.000001 -0.000008 -0.000003 -9.532504 -0.000041 -0.000023 0.236325 -1.801810 14.486297 0.205081 -1.622614 14.253391 0.214004 -1.755061 14.247781 0.000001 0.000001 0.000009 -9.103593 -0.043064 -1.865136 0.547743 -2.709782 22.998847 0.350335 -2.201221 18.167992 0.351071 -2.178138 18.081772 0.000000 -0.000001 0.000001 -8.076696 -0.486714 -3.806270 0.959957 -3.531076 30.906258 0.377049 -2.327726 20.244810 0.433038 -2.578297 21.121728 0.000001 0.000002 -0.000002 4.570447 11.014706 -2.160856 0.653221 -6.321060 -7.043553 -10.542709 -20.523175 -58.436114 -0.000017 -13.423963 -0.000024 57.876469 -2.880762 -0.381495 2.466140 -1.576210 2.681736 -3.599486 18.297676 14.126183 4.185345 14.320372 1.150410 -0.821910 0.916479 2.391519 -0.000001 0.000006 -0.000003 9.109309 -0.518033 2.259868 0.265345 1.896661 -15.968731 0.026504 0.609836 -4.960427 0.025847 0.590255 -4.960419 0.000003 -0.000001 -0.000000 9.533391 0.000046 0.000042 0.325589 2.096260 -17.686070 0.151065 1.440869 -12.009750 0.132715 1.349282 -11.234881 -0.000002 -0.000001 -0.000001 9.104541 -0.043022 -1.865073 0.396181 2.306095 -19.487542 0.395173 2.302577 -19.462716 0.380045 2.259341 -19.082488 -0.000002 -0.000001 -0.000002 8.077796 -0.486847 -3.806262 2.063402 6.543793 -21.294631 0.749815 -1.175442 -25.545565 0.737631 2.902320 -25.088443 0.000000 0.000007 0.000004 -8.207787 -6.751671 -1.599564 -17.940844 4.022773 -13.820122 61.945069 -7.733712 -9.770772 -34.430096 -12.064838 4.506645 -2.382148 0.000004 0.000005 0.000000 0.000000 -0.000001 8.207786 -6.751693 -1.599557 -16.063350 8.616833 -18.091469 52.623384 -7.149591 0.145776 -25.738484 -9.551558 7.755436 -4.500869 0.000003 -0.000001 0.000001 0.000000 -0.000000 
6.706968 90.142921 5.722714 -9.262493 19.469132 17.275895 -0.000004 10.181597 0.131525 1.204911 1.549820 -2.417902 5.230461 -0.240310 -9.316127 5.252879 -0.233344 -9.303341 0.000000 16.740370 -2.049034 1.127677 -7.995714 5.536753 -0.000002 9.617899 1.685009 -14.296034 -29.891251 -14.882367 0.000006 22.037338 7.501099 -0.000001 0.000001 0.000000 -4.569969 11.014907 -2.160883 0.591282 2.339822 4.831935 -43.892199 -3.600855 30.602031 -0.000049 98.983525 0.000012 -37.259119 -15.891910 14.122868 -2.464807 -1.573981 2.681856 -3.957287 -16.952391 -15.272040 4.886100 -14.854309 -0.578675 -1.560140 0.883063 -1.926117 -0.000000 -0.000005 -0.000001 -9.108293 -0.517861 2.259834 0.062276 -0.930580 7.505003 0.124506 -1.293845 10.922919 0.128285 -1.342699 11.003776 -0.000001 -0.000003 0.000001 -9.532498 -0.000027 -0.000023 0.240643 -1.817876 14.622921 0.207057 -1.630563 14.320641 0.214933 -1.758746 14.279109 -0.000003 -0.000000 0.000002 -9.103591 -0.043082 -1.865140 0.555465 -2.727974 23.161359 0.353581 -2.211150 18.253682 0.352621 -2.182807 18.122206 0.000001 0.000000 -0.000002 -8.076685 -0.486716 -3.806278 0.971697 -3.550950 31.096325 0.380733 -2.338441 20.337641 0.434990 -2.583581 21.168172 0.000003 -0.000002 -0.000002 4.570445 11.014728 -2.160854 0.632582 -6.241420 -7.914101 -13.978035 -23.879451 -59.058016 -0.000001 -12.588220 -0.000001 55.256965 -2.101383 0.605984 2.466136 -1.576191 2.681733 -3.599496 18.297669 14.126175 4.185346 14.320373 1.150402 -0.821907 0.916471 2.391517 0.000008 0.000004 0.000000 9.109310 -0.518051 2.259874 0.271628 1.918526 -16.157347 0.032037 0.669801 -5.459635 0.031299 0.650258 -5.459606 0.000005 -0.000001 0.000001 9.533422 0.000029 0.000047 0.344618 2.155116 -18.199353 0.166465 1.511432 -12.608525 0.147078 1.419625 -11.830298 -0.000003 -0.000001 0.000001 9.104536 -0.043034 -1.865072 0.434349 2.411149 -20.415193 0.425117 2.385553 -20.194870 0.408355 2.339475 -19.787803 -0.000000 -0.000002 0.000006 8.077793 -0.486872 -3.806254 2.214645 6.652282 -22.610959 0.794169 -1.090924 -26.335056 0.781252 2.987223 -25.881040 -0.000006 -0.000005 0.000006 -8.207784 -6.751646 -1.599557 -17.566292 -0.439613 -13.422057 62.901391 -6.224596 -9.755788 -35.134869 -16.147728 8.326077 -1.285849 -0.000002 -0.000003 0.000000 -0.000000 -0.000000 8.207788 -6.751690 -1.599553 -17.046545 7.917198 -16.206897 56.069235 -6.896151 0.585298 -27.236329 -12.747816 6.845242 -5.544745 0.000003 -0.000005 -0.000001 0.000000 -0.000000 
5.548424 89.359428 5.620541 -11.936203 23.487212 16.058569 -0.000008 10.181570 0.131519 2.665415 -0.435901 -3.376156 6.968837 -0.540269 -7.775084 6.963677 -0.535796 -7.782610 0.000005 16.740417 -2.049036 0.608190 -8.437047 6.753516 -0.000000 9.617870 1.685014 -17.060342 -31.501912 -13.701939 0.000005 22.037338 7.501089 0.000005 -0.000001 0.000002 -4.569968 11.014933 -2.160885 0.507757 1.073973 4.157733 -43.659242 -2.288959 31.175084 -0.000029 103.543933 0.000023 -36.012555 -15.883784 15.004734 -2.464808 -1.573985 2.681860 -3.957287 -16.952384 -15.272038 4.886097 -14.854309 -0.578684 -1.560135 0.883057 -1.926114 0.000000 -0.000005 0.000007 -9.108281 -0.517872 2.259838 0.065827 -0.956702 7.721420 0.125206 -1.297430 10.952987 0.128636 -1.344496 11.018789 0.000000 -0.000003 -0.000003 -9.532500 -0.000045 -0.000012 0.246395 -1.839060 14.803288 0.208372 -1.635875 14.365486 0.215451 -1.760735 14.295873 0.000003 -0.000003 -0.000003 -9.103594 -0.043105 -1.865119 0.562380 -2.744161 23.306164 0.355496 -2.216836 18.302863 0.353411 -2.185214 18.143054 0.000002 -0.000004 -0.000002 -8.076684 -0.486713 -3.806260 0.979175 -3.563550 31.216925 0.382627 -2.343883 20.385079 0.436006 -2.586284 21.191903 -0.000001 -0.000011 -0.000001 4.570451 11.014729 -2.160856 0.629169 -6.480312 -8.173284 -16.330410 -27.414884 -60.314327 -0.000010 -12.980515 0.000004 52.315547 -0.851598 0.530180 2.466136 -1.576203 2.681733 -3.599496 18.297686 14.126194 4.185344 14.320374 1.150404 -0.821907 0.916486 2.391518 -0.000006 -0.000001 -0.000005 9.109303 -0.518030 2.259869 0.248268 1.835789 -15.444244 0.032884 0.678542 -5.532157 0.032145 0.658950 -5.532143 0.000005 0.000000 0.000000 9.533413 0.000025 0.000043 0.328997 2.106956 -17.779134 0.171008 1.531656 -12.780522 0.152433 1.444887 -12.044187 0.000005 0.000000 0.000002 9.104540 -0.043035 -1.865074 0.430778 2.401534 -20.329986 0.439849 2.425147 -20.545566 0.423924 2.382259 -20.165666 -0.000002 -0.000001 0.000001 8.077801 -0.486866 -3.806252 2.236833 6.667742 -22.802279 0.822785 -1.037845 -26.833903 0.809416 3.040558 -26.381937 -0.000002 -0.000000 -0.000001 -8.207785 -6.751671 -1.599566 -16.167789 -4.782957 -10.780752 63.721526 -6.026113 -9.938263 -35.954392 -18.192125 8.436247 -0.745119 -0.000004 -0.000001 -0.000000 -0.000000 -0.000000 8.207789 -6.751704 -1.599557 -17.251258 7.218039 -13.271902 59.721125 -6.698790 2.275332 -28.872046 -14.848925 5.322032 -6.030275 0.000002 -0.000003 -0.000000 0.000000 -0.000000 
4.335509 88.750946 5.553638 -15.173421 26.625380 13.920343 -0.000004 10.181582 0.131524 4.559998 -2.785717 -3.489781 8.793647 -0.811114 -5.715472 8.768775 -0.813381 -5.757973 0.000000 16.740374 -2.049036 -0.128523 -8.601098 7.850975 0.000001 9.617895 1.685009 -20.319627 -31.752580 -12.839087 0.000003 22.037338 7.501101 0.000001 0.000003 0.000002 -4.569970 11.014927 -2.160884 0.445880 0.054815 3.856666 -42.611406 0.236724 32.217910 -0.000012 106.809057 0.000025 -30.213420 -14.337431 16.811752 -2.464796 -1.573988 2.681844 -3.957287 -16.952383 -15.272045 4.886095 -14.854311 -0.578673 -1.560142 0.883061 -1.926113 0.000006 -0.000004 0.000007 -9.108277 -0.517879 2.259832 0.069680 -0.984147 7.948761 0.126417 -1.303897 11.007084 0.129273 -1.347745 11.045835 0.000007 -0.000000 0.000001 -9.532511 -0.000042 -0.000019 0.253362 -1.864448 15.019552 0.210118 -1.642720 14.423331 0.216102 -1.763356 14.318298 0.000003 0.000001 0.000003 -9.103593 -0.043084 -1.865127 0.572588 -2.767899 23.518594 0.357365 -2.222442 18.351615 0.354076 -2.187245 18.160512 0.000006 -0.000007 -0.000004 -8.076691 -0.486727 -3.806277 0.992712 -3.586169 31.434054 0.383831 -2.347348 20.415178 0.436628 -2.587995 21.206945 0.000005 0.000000 0.000000 4.570447 11.014723 -2.160856 0.642677 -7.009856 -7.897237 -17.333678 -30.377772 -61.608716 -0.000019 -14.584090 0.000003 51.063037 0.131967 -0.944259 2.466140 -1.576210 2.681736 -3.599484 18.297681 14.126184 4.185340 14.320375 1.150407 -0.821909 0.916480 2.391521 0.000004 0.000002 -0.000003 9.109308 -0.518033 2.259870 0.219409 1.727653 -14.515918 0.029747 0.645758 -5.259394 0.029048 0.626197 -5.259386 -0.000002 -0.000000 -0.000002 9.533422 0.000031 0.000045 0.299118 2.011229 -16.947258 0.165461 1.506977 -12.570632 0.148435 1.426068 -11.884819 0.000001 0.000001 0.000001 9.104538 -0.043029 -1.865076 0.399821 2.316361 -19.577955 0.436591 2.416489 -20.468675 0.422901 2.379495 -20.141133 -0.000003 0.000001 -0.000002 8.077805 -0.486865 -3.806259 2.153670 6.609169 -22.082905 0.826987 -1.030133 -26.906694 0.813569 3.048307 -26.455008 0.000000 -0.000002 0.000003 -8.207786 -6.751670 -1.599560 -13.619867 -8.738795 -6.904714 63.960043 -6.493795 -9.501791 -36.558103 -18.358078 7.329475 -0.814585 0.000003 -0.000004 0.000000 0.000000 -0.000000 8.207790 -6.751709 -1.599555 -17.021634 6.226252 -9.740200 63.101160 -6.697107 4.790138 -29.923141 -14.437635 3.892521 -5.960040 -0.000000 -0.000002 0.000001 -0.000000 0.000000 
3.103874 88.498718 5.465005 -17.545421 28.373941 10.659591 -0.000004 10.181583 0.131522 6.086315 -4.784733 -2.983156 10.378676 -0.969631 -3.561928 10.349682 -0.975591 -3.644689 0.000003 16.740419 -2.049032 -0.788543 -8.467619 8.690347 -0.000000 9.617891 1.685017 -23.294961 -30.691694 -12.137435 0.000006 22.037384 7.501096 0.000003 0.000002 0.000001 -4.569969 11.014925 -2.160885 0.399180 -0.652636 3.611601 -40.536684 3.260248 33.527391 -0.000021 108.801710 0.000034 -20.874100 -11.238535 18.711387 -2.464807 -1.573960 2.681860 -3.957288 -16.952391 -15.272042 4.886094 -14.854306 -0.578671 -1.560137 0.883059 -1.926117 0.000000 0.000002 0.000000 -9.108283 -0.517876 2.259833 0.067747 -0.970330 7.834306 0.127747 -1.310694 11.063934 0.129927 -1.351127 11.074281 -0.000006 -0.000000 0.000001 -9.532514 -0.000046 -0.000017 0.253085 -1.863396 15.010591 0.211687 -1.649011 14.476866 0.217036 -1.766962 14.348626 0.000004 -0.000001 0.000002 -9.103596 -0.043084 -1.865126 0.578317 -2.781065 23.636737 0.359672 -2.229385 18.411647 0.355165 -2.190483 18.188661 -0.000004 0.000005 -0.000001 -8.076689 -0.486716 -3.806272 1.007046 -3.609917 31.662254 0.386001 -2.353556 20.469305 0.437782 -2.591087 21.234015 -0.000001 0.000003 0.000000 4.570446 11.014720 -2.160853 0.671684 -7.662223 -7.385122 -17.126865 -32.372604 -62.372249 -0.000031 -16.890820 -0.000019 52.532552 0.048074 -3.551664 2.466140 -1.576196 2.681735 -3.599484 18.297677 14.126167 4.185345 14.320377 1.150408 -0.821910 0.916478 2.391518 0.000009 0.000002 0.000002 9.109318 -0.518044 2.259871 0.208247 1.683866 -14.141147 0.025910 0.603032 -4.903996 0.025260 0.583480 -4.903991 -0.000002 0.000000 0.000000 9.533419 0.000029 0.000046 0.280934 1.950487 -16.421195 0.156416 1.465798 -12.221012 0.140322 1.387040 -11.554299 0.000004 0.000001 -0.000003 9.104544 -0.043028 -1.865074 0.370772 2.233112 -18.846123 0.422730 2.379039 -20.137331 0.410706 2.346027 -19.845555 -0.000001 -0.000000 0.000005 8.077791 -0.486877 -3.806255 2.046444 6.531312 -21.145846 0.811284 -1.059035 -26.634480 0.798102 3.019264 -26.181676 0.000000 0.000002 0.000002 -8.207787 -6.751665 -1.599559 -11.082560 -11.565449 -3.720185 63.603405 -6.956526 -6.340335 -36.902276 -15.971930 5.721987 -0.813311 0.000000 0.000000 -0.000000 -0.000000 -0.000000 8.207791 -6.751698 -1.599556 -16.932111 5.794808 -5.876485 65.558942 -6.923019 7.689196 -31.081196 -11.266908 3.292080 -5.451464 0.000005 0.000001 0.000000 -0.000000 -0.000000 
1.811858 88.543579 5.285068 -17.692410 27.795972 6.332351 -0.000005 10.181586 0.131522 6.665714 -5.742444 -2.403649 11.498746 -0.978093 -1.793279 11.478130 -0.979786 -1.904683 -0.000001 16.740395 -2.049036 -1.139885 -8.077623 9.246044 -0.000000 9.617887 1.685013 -25.306735 -28.658084 -11.231432 0.000002 22.037354 7.501093 0.000004 -0.000002 -0.000001 -4.569969 11.014913 -2.160884 0.356495 -1.105351 3.255854 -37.899132 6.488155 34.791522 0.000008 109.658728 0.000006 -10.446018 -7.472365 19.834605 -2.464796 -1.573975 2.681853 -3.957292 -16.952390 -15.272054 4.886095 -14.854312 -0.578675 -1.560135 0.883057 -1.926113 0.000005 -0.000006 -0.000003 -9.108274 -0.517862 2.259836 0.055831 -0.881433 7.098290 0.127097 -1.307297 11.035409 0.129603 -1.349439 11.060002 0.000003 -0.000003 -0.000002 -9.532505 -0.000057 -0.000025 0.236270 -1.801611 14.484675 0.210700 -1.645097 14.443565 0.217198 -1.767612 14.354216 0.000003 0.000003 0.000005 -9.103591 -0.043069 -1.865135 0.564061 -2.748107 23.341424 0.360151 -2.230782 18.423727 0.355930 -2.192850 18.209011 -0.000003 0.000001 -0.000001 -8.076691 -0.486728 -3.806277 0.999837 -3.598015 31.547749 0.388278 -2.360097 20.526236 0.438997 -2.594356 21.262512 -0.000001 -0.000004 -0.000006 4.570447 11.014713 -2.160855 0.704879 -8.208812 -6.881537 -16.183361 -33.308042 -62.409945 -0.000038 -19.177348 0.000008 56.039547 -1.468781 -6.381751 2.466144 -1.576214 2.681738 -3.599495 18.297672 14.126186 4.185343 14.320368 1.150412 -0.821911 0.916474 2.391515 0.000002 -0.000001 -0.000003 9.109314 -0.518033 2.259873 0.227397 1.758328 -14.778757 0.024449 0.585769 -4.760301 0.023790 0.566188 -4.760273 0.000001 -0.000000 0.000001 9.533415 0.000032 0.000048 0.291736 1.986830 -16.735731 0.151773 1.444225 -12.038011 0.135121 1.361322 -11.336698 -0.000001 -0.000001 0.000004 9.104548 -0.043027 -1.865070 0.368383 2.226110 -18.784665 0.411009 2.346876 -19.853149 0.398660 2.312410 -19.549258 -0.000002 -0.000001 0.000003 8.077812 -0.486882 -3.806256 2.003456 6.499337 -20.767021 0.790998 -1.096857 -26.279520 0.778146 2.981274 -25.825273 0.000001 -0.000000 0.000003 -8.207788 -6.751675 -1.599560 -10.037077 -13.293525 -0.423959 62.662498 -7.620979 -3.826984 -36.445104 -12.730489 4.446876 -0.811965 -0.000000 0.000003 0.000000 0.000000 -0.000000 8.207792 -6.751708 -1.599555 -18.147560 6.483892 -1.782211 67.074104 -7.572403 9.977835 -31.591978 -5.995485 2.828406 -4.480377 -0.000002 -0.000002 0.000000 0.000001 -0.000000 
0.549256 88.673790 4.987216 -16.298361 24.257767 2.244675 -0.000006 10.181597 0.131519 6.549830 -5.503349 -2.144856 12.087796 -0.871433 -0.788288 12.078189 -0.863079 -0.905428 0.000001 16.740379 -2.049032 -1.167971 -7.484825 9.555957 0.000004 9.617867 1.685016 -26.112343 -25.976610 -9.805795 0.000002 22.037338 7.501096 0.000001 0.000002 0.000000 -4.569971 11.014913 -2.160885 0.308154 -1.563491 2.891921 -35.597600 10.205293 35.873936 -0.000017 109.563010 -0.000006 -0.880427 -3.905115 20.266112 -2.464807 -1.573985 2.681859 -3.957289 -16.952388 -15.272040 4.886096 -14.854304 -0.578680 -1.560138 0.883061 -1.926114 -0.000000 -0.000003 -0.000001 -9.108288 -0.517873 2.259843 0.038500 -0.732389 5.866756 0.122876 -1.285294 10.851499 0.127448 -1.338420 10.968050 -0.000003 -0.000008 -0.000002 -9.532505 -0.000056 -0.000018 0.204643 -1.678771 13.442966 0.205009 -1.622293 14.250528 0.215395 -1.760525 14.294259 -0.000005 -0.000002 0.000006 -9.103602 -0.043074 -1.865128 0.523614 -2.651827 22.482801 0.355353 -2.216422 18.299236 0.354791 -2.189356 18.178924 0.000002 0.000004 -0.000001 -8.076690 -0.486729 -3.806276 0.954026 -3.520953 30.809542 0.387138 -2.356815 20.497775 0.438395 -2.592717 21.248259 0.000001 -0.000002 -0.000006 4.570446 11.014737 -2.160856 0.732317 -8.460361 -6.409005 -15.059119 -33.293511 -61.921757 -0.000004 -20.807645 -0.000014 59.652284 -3.727107 -8.461453 2.466136 -1.576196 2.681733 -3.599485 18.297687 14.126190 4.185343 14.320380 1.150406 -0.821912 0.916474 2.391522 0.000005 0.000005 -0.000003 9.109301 -0.518036 2.259870 0.279098 1.944157 -16.378799 0.026965 0.615074 -5.004111 0.026304 0.595508 -5.004088 0.000000 0.000000 0.000001 9.533401 0.000033 0.000043 0.336947 2.131589 -17.993911 0.156701 1.467163 -12.232666 0.137760 1.374440 -11.447705 0.000000 -0.000000 0.000002 9.104521 -0.043033 -1.865073 0.404175 2.328592 -19.685570 0.412227 2.350223 -19.882734 0.397164 2.308212 -19.512377 -0.000000 0.000000 -0.000005 8.077798 -0.486849 -3.806259 2.076514 6.553426 -21.409739 0.782865 -1.112212 -26.135748 0.770125 2.965842 -25.680949 -0.000000 0.000001 0.000000 -8.207788 -6.751665 -1.599563 -10.691583 -13.255805 2.152832 61.991309 -8.283453 -2.304023 -35.673750 -8.896007 3.529859 -0.810592 0.000002 0.000002 0.000000 -0.000000 -0.000000 8.207791 -6.751698 -1.599560 -20.180163 6.940705 1.857368 67.418817 -6.816495 10.035342 -31.642450 -1.144639 2.043837 -3.186054 0.000002 0.000001 0.000000 0.000000 -0.000000 
-0.484492 88.770370 4.607349 -15.437819 18.342454 -0.293540 -0.000005 10.181587 0.131518 6.506938 -4.627109 -2.202111 12.246216 -0.741250 -0.599140 12.242119 -0.724367 -0.703473 -0.000002 16.740410 -2.049035 -1.034093 -6.696876 9.625415 0.000002 9.617908 1.685006 -25.967916 -22.630170 -7.880227 -0.000002 22.037354 7.501093 0.000005 0.000001 -0.000000 -4.569971 11.014906 -2.160885 0.248626 -2.254219 2.691844 -34.422924 15.013898 36.914369 0.000013 108.708902 -0.000016 7.161814 -0.671610 20.454933 -2.464804 -1.574000 2.681852 -3.957290 -16.952376 -15.272037 4.886102 -14.854312 -0.578673 -1.560137 0.883059 -1.926117 0.000002 -0.000002 0.000002 -9.108282 -0.517877 2.259836 0.024302 -0.582287 4.629480 0.115958 -1.248412 10.543596 0.123922 -1.320006 10.814087 0.000000 0.000002 -0.000002 -9.532512 -0.000064 -0.000020 0.171164 -1.537424 12.250230 0.195416 -1.583127 13.919605 0.211497 -1.745174 14.164127 0.000000 -0.000001 0.000007 -9.103584 -0.043101 -1.865130 0.469863 -2.517159 21.290861 0.344499 -2.183468 18.014320 0.350785 -2.177295 18.074451 -0.000004 0.000006 -0.000004 -8.076692 -0.486722 -3.806275 0.879543 -3.390613 29.574118 0.379788 -2.335684 20.313758 0.434491 -2.582218 21.156221 0.000003 -0.000004 -0.000005 4.570448 11.014708 -2.160856 0.753131 -8.348556 -5.863729 -14.131679 -32.571707 -61.275150 -0.000049 -21.394861 -0.000010 61.562995 -5.424318 -9.440431 2.466132 -1.576206 2.681739 -3.599480 18.297672 14.126173 4.185343 14.320371 1.150411 -0.821909 0.916478 2.391516 0.000003 0.000005 -0.000003 9.109299 -0.518042 2.259872 0.352166 2.177828 -18.410160 0.033872 0.688650 -5.616366 0.033123 0.669071 -5.616363 0.000000 -0.000000 -0.000001 9.533418 0.000024 0.000044 0.408441 2.340476 -19.826178 0.172144 1.536606 -12.822580 0.149652 1.431870 -11.934002 0.000000 -0.000001 0.000006 9.104550 -0.043033 -1.865073 0.474894 2.517272 -21.358073 0.430635 2.400439 -20.326722 0.411136 2.347209 -19.856081 -0.000000 -0.000000 0.000003 8.077791 -0.486882 -3.806258 2.262666 6.685605 -23.024368 0.796652 -1.086258 -26.378956 0.783708 2.991929 -25.925113 0.000000 -0.000000 -0.000000 -8.207787 -6.751666 -1.599562 -11.564471 -12.284861 3.617831 61.800562 -8.814374 -2.206922 -34.978604 -4.312138 3.250523 -0.809200 0.000002 -0.000001 -0.000000 0.000000 -0.000000 8.207791 -6.751694 -1.599557 -20.602583 6.475604 3.103024 66.176316 0.116161 10.064513 -31.581231 0.296102 -2.384715 -2.137061 -0.000008 0.000001 0.000000 0.000001 -0.000000 
-1.211589 89.008133 4.202779 -15.821479 11.432243 -1.791147 -0.000005 10.181583 0.131525 6.922284 -3.970342 -2.339233 12.149046 -0.677277 -0.903183 12.143748 -0.659113 -0.992403 0.000001 16.740400 -2.049034 -0.881214 -5.687185 9.411048 0.000001 9.617902 1.685007 -25.347071 -18.364389 -5.812301 0.000002 22.037354 7.501085 0.000003 0.000000 -0.000000 -4.569964 11.014903 -2.160879 0.183529 -3.149384 2.651904 -34.600994 21.302059 38.180245 -0.000041 107.311759 0.000018 13.499980 2.259344 20.336986 -2.464808 -1.573960 2.681855 -3.957288 -16.952384 -15.272040 4.886094 -14.854304 -0.578676 -1.560138 0.883061 -1.926112 -0.000001 -0.000002 0.000002 -9.108282 -0.517866 2.259841 0.017023 -0.487608 3.850280 0.109221 -1.211337 10.234132 0.120410 -1.301513 10.659353 -0.000003 -0.000005 -0.000000 -9.532508 -0.000030 -0.000017 0.148147 -1.431722 11.361875 0.185501 -1.541583 13.568817 0.206914 -1.726834 14.008890 -0.000003 0.000002 -0.000001 -9.103588 -0.043091 -1.865131 0.424439 -2.396532 20.231171 0.331016 -2.141702 17.653848 0.344993 -2.159626 17.921675 0.000006 -0.000005 -0.000001 -8.076682 -0.486700 -3.806271 0.807550 -3.258070 28.332697 0.367647 -2.300190 20.005602 0.427984 -2.564641 21.002111 -0.000003 -0.000001 0.000002 4.570449 11.014708 -2.160851 0.765344 -7.971307 -5.243049 -13.504733 -31.441919 -60.763467 -0.000018 -20.848235 -0.000013 61.201555 -5.868540 -9.367674 2.466129 -1.576187 2.681738 -3.599490 18.297676 14.126176 4.185342 14.320373 1.150411 -0.821907 0.916483 2.391521 -0.000001 0.000001 -0.000007 9.109302 -0.518039 2.259871 0.419593 2.371134 -20.109289 0.043793 0.781909 -6.393772 0.042943 0.762360 -6.393737 0.000000 -0.000001 -0.000001 9.533423 0.000031 0.000044 0.482412 2.536420 -21.564702 0.194304 1.631026 -13.626820 0.168176 1.516758 -12.654354 0.000001 -0.000001 0.000004 9.104545 -0.043029 -1.865073 0.560059 2.724790 -23.220608 0.462646 2.485065 -21.077629 0.438369 2.421207 -20.510508 0.000000 -0.000002 -0.000004 8.077803 -0.486859 -3.806257 2.504347 6.845879 -25.075629 0.831815 -1.021293 -26.990237 0.818350 3.057222 -26.538862 -0.000001 -0.000003 -0.000007 -8.207788 -6.751687 -1.599557 -11.357193 -11.662538 4.630461 61.393224 -7.203806 -3.610748 -34.264464 -0.733623 2.410396 -0.807786 -0.000000 -0.000001 0.000000 0.000000 -0.000000 8.207792 -6.751717 -1.599553 -18.861320 4.839140 2.556456 64.263679 7.813332 10.065250 -30.846569 2.061886 -7.204754 -1.764212 -0.000005 -0.000003 -0.000000 -0.000000 -0.000000 
-1.688447 89.580956 3.821738 -16.502661 4.670859 -3.461354 -0.000005 10.181588 0.131523 7.420175 -4.116453 -2.327071 11.942222 -0.715652 -1.201462 11.933208 -0.702001 -1.288567 0.000001 16.740400 -2.049037 -0.717814 -4.464973 8.882470 0.000002 9.617858 1.685012 -24.607032 -13.113430 -4.050728 -0.000001 22.037354 7.501091 0.000001 0.000003 -0.000000 -4.569970 11.014940 -2.160887 0.118728 -4.045280 2.579466 -35.765179 28.840030 39.851541 -0.000029 105.626622 0.000036 17.156382 4.356126 19.483926 -2.464808 -1.573969 2.681853 -3.957291 -16.952378 -15.272045 4.886095 -14.854306 -0.578673 -1.560136 0.883058 -1.926118 -0.000000 -0.000007 0.000001 -9.108286 -0.517861 2.259840 0.014877 -0.455853 3.589071 0.105073 -1.187942 10.039175 0.118219 -1.289822 10.561859 -0.000001 -0.000008 -0.000003 -9.532508 -0.000056 -0.000021 0.138175 -1.383253 10.955751 0.178693 -1.512380 13.322576 0.203414 -1.712768 13.889889 -0.000000 -0.000004 0.000005 -9.103595 -0.043053 -1.865131 0.399745 -2.327903 19.631888 0.319976 -2.106870 17.353538 0.339697 -2.143386 17.781322 0.000001 -0.000001 -0.000003 -8.076686 -0.486713 -3.806274 0.763688 -3.173755 27.550668 0.355637 -2.264420 19.695788 0.421491 -2.546924 20.847134 0.000004 -0.000000 0.000003 4.570449 11.014732 -2.160857 0.766924 -7.567944 -4.733085 -13.061090 -30.160579 -60.477514 -0.000021 -19.393941 -0.000009 59.421819 -5.502108 -8.277077 2.466136 -1.576202 2.681735 -3.599489 18.297686 14.126189 4.185344 14.320375 1.150408 -0.821913 0.916474 2.391518 0.000004 0.000006 -0.000001 9.109304 -0.518031 2.259869 0.452508 2.459292 -20.890275 0.053058 0.859830 -7.044070 0.052095 0.840284 -7.044059 0.000000 0.000000 0.000001 9.533414 0.000030 0.000045 0.528860 2.651029 -22.591324 0.215479 1.716014 -14.353135 0.186973 1.598027 -13.346013 -0.000001 0.000001 0.000003 9.104539 -0.043034 -1.865074 0.626913 2.875373 -24.588785 0.497728 2.574116 -21.872166 0.470092 2.504255 -21.248531 -0.000000 0.000002 -0.000008 8.077799 -0.486883 -3.806262 2.710908 6.973250 -26.792535 0.877488 -0.939281 -27.766643 0.863339 3.139597 -27.318508 -0.000001 -0.000001 -0.000004 -8.207787 -6.751667 -1.599556 -10.506176 -11.106180 5.778470 60.448684 -2.218381 -4.916342 -32.989947 0.191976 -0.241245 -0.806357 0.000000 0.000000 -0.000000 -0.000000 -0.000000 8.207791 -6.751707 -1.599555 -16.587299 2.928743 1.646857 62.772505 10.241153 10.026165 -28.812825 7.986667 -9.128065 -3.383010 0.000015 0.000001 0.000000 0.000001 -0.000000 
-1.973063 90.442505 3.505090 -16.610636 -1.497829 -5.437491 -0.000005 10.181590 0.131518 7.369276 -5.077613 -2.291563 11.725072 -0.834243 -1.129054 11.714932 -0.823826 -1.232087 0.000000 16.740379 -2.049036 -0.489730 -3.120773 8.096721 -0.000000 9.617872 1.685018 -23.872583 -7.239305 -2.868227 0.000000 22.037369 7.501101 0.000003 -0.000003 -0.000000 -4.569970 11.014902 -2.160888 0.047049 -4.817786 2.301241 -37.282430 36.810184 41.858654 -0.000002 103.934872 -0.000025 16.500921 4.916802 17.685513 -2.464792 -1.573958 2.681851 -3.957290 -16.952381 -15.272042 4.886097 -14.854311 -0.578678 -1.560138 0.883056 -1.926111 0.000001 0.000000 0.000000 -9.108286 -0.517855 2.259837 0.013786 -0.438956 3.450046 0.103706 -1.180094 9.973767 0.117488 -1.285909 10.529158 -0.000001 -0.000002 -0.000000 -9.532506 -0.000026 -0.000021 0.134083 -1.362883 10.785156 0.175646 -1.499104 13.210851 0.201825 -1.706321 13.835227 -0.000001 0.000005 0.000005 -9.103592 -0.043054 -1.865133 0.390998 -2.303083 19.415588 0.314071 -2.087970 17.190876 0.336665 -2.133998 17.700314 -0.000002 -0.000001 -0.000001 -8.076689 -0.486724 -3.806274 0.749227 -3.145333 27.288371 0.348146 -2.241882 19.500485 0.417443 -2.535750 20.749471 -0.000000 -0.000001 0.000002 4.570446 11.014697 -2.160854 0.765877 -7.396699 -4.539798 -12.561788 -28.871534 -60.314238 -0.000030 -17.553118 -0.000011 57.705365 -5.237006 -6.452844 2.466139 -1.576208 2.681738 -3.599487 18.297705 14.126183 4.185346 14.320374 1.150403 -0.821913 0.916476 2.391518 0.000004 0.000003 -0.000005 9.109317 -0.518042 2.259872 0.443867 2.436521 -20.688018 0.057607 0.895621 -7.343148 0.056629 0.876089 -7.343130 -0.000001 0.000001 0.000001 9.533427 0.000030 0.000047 0.533348 2.661818 -22.688345 0.227565 1.762562 -14.752018 0.198703 1.646704 -13.761152 0.000001 0.000004 0.000007 9.104545 -0.043030 -1.865072 0.650317 2.925897 -25.051290 0.522776 2.635651 -22.423798 0.494400 2.565823 -21.797792 0.000000 0.000002 -0.000000 8.077813 -0.486879 -3.806255 2.807186 7.029755 -27.582421 0.916571 -0.871170 -28.416372 0.901831 3.208033 -27.970979 -0.000000 0.000003 -0.000001 -8.207786 -6.751658 -1.599559 -10.105928 -9.493463 6.649455 58.847851 2.423162 -4.406596 -31.091427 1.004770 -2.941292 -0.804899 0.000002 0.000001 0.000000 0.000000 -0.000000 8.207789 -6.751696 -1.599553 -16.150250 1.354523 1.587839 62.873394 10.444934 9.212849 -24.399374 13.876134 -8.036716 -6.604004 0.000006 -0.000003 -0.000000 -0.000003 -0.000000 
-2.105661 91.433014 3.285789 -16.202884 -7.033077 -7.256186 -0.000005 10.181586 0.131523 6.550535 -6.468840 -2.414439 11.571541 -0.986931 -0.670987 11.564653 -0.973981 -0.802794 -0.000001 16.740389 -2.049036 -0.203293 -1.792263 7.221549 -0.000001 9.617887 1.685017 -23.131908 -1.336938 -2.237894 0.000000 22.037354 7.501098 0.000003 -0.000001 0.000000 -4.569970 11.014910 -2.160884 -0.040002 -5.536150 1.849233 -38.646330 44.188749 43.890324 -0.000012 102.499413 -0.000005 11.395861 4.188900 15.065743 -2.464803 -1.573988 2.681847 -3.957289 -16.952390 -15.272049 4.886094 -14.854307 -0.578678 -1.560135 0.883049 -1.926113 -0.000000 -0.000001 0.000000 -9.108276 -0.517874 2.259834 0.009765 -0.369640 2.880295 0.102986 -1.175934 9.938993 0.117096 -1.283821 10.511773 0.000002 0.000007 -0.000002 -9.532509 -0.000039 -0.000021 0.124234 -1.312435 10.363090 0.173813 -1.491092 13.143189 0.201294 -1.704142 13.816845 -0.000001 -0.000006 -0.000006 -9.103592 -0.043074 -1.865134 0.380525 -2.272930 19.153179 0.311564 -2.079879 17.121215 0.335663 -2.130883 17.673435 -0.000001 -0.000003 0.000001 -8.076696 -0.486692 -3.806276 0.741599 -3.130217 27.148952 0.345667 -2.234279 19.434943 0.416072 -2.532016 20.716667 0.000002 0.000002 0.000002 4.570446 11.014723 -2.160855 0.770803 -7.561923 -4.641326 -11.768482 -27.641204 -60.119482 -0.000023 -15.973448 0.000017 56.983073 -5.436513 -4.613564 2.466148 -1.576211 2.681742 -3.599476 18.297679 14.126179 4.185346 14.320373 1.150406 -0.821912 0.916474 2.391517 -0.000002 0.000001 -0.000003 9.109310 -0.518034 2.259871 0.413010 2.353017 -19.949227 0.056400 0.886395 -7.266051 0.055446 0.866855 -7.266018 0.000000 0.000001 -0.000003 9.533414 0.000027 0.000045 0.507972 2.600167 -22.134826 0.227693 1.763104 -14.756682 0.200055 1.652188 -13.807918 -0.000001 0.000001 -0.000003 9.104542 -0.043037 -1.865074 0.632358 2.887194 -24.697035 0.530030 2.653060 -22.580252 0.503046 2.587312 -21.990282 0.000000 -0.000003 -0.000003 8.077792 -0.486868 -3.806257 2.782300 7.015290 -27.378738 0.934793 -0.839976 -28.715416 0.919827 3.239420 -28.271311 -0.000001 0.000003 0.000001 -8.207787 -6.751678 -1.599560 -10.277894 -7.287712 6.946629 56.613358 6.735358 -2.493609 -28.800309 1.677983 -5.587484 -0.881200 0.000001 -0.000001 0.000000 -0.000000 -0.000000 8.207790 -6.751709 -1.599554 -16.341602 1.046890 1.493052 62.462155 10.587236 9.519470 -20.459946 18.124788 -5.418725 -9.072111 -0.000001 -0.000008 0.000000 0.000001 -0.000001 
-2.142134 92.535973 3.189476 -15.694511 -11.994553 -8.784451 -0.000004 10.181590 0.131520 5.200895 -7.864825 -2.604826 11.493812 -1.135529 -0.101762 11.492138 -1.117656 -0.265306 -0.000001 16.740404 -2.049034 0.074541 -0.581353 6.451416 -0.000000 9.617890 1.685012 -22.352959 4.149295 -1.904369 -0.000002 22.037384 7.501094 -0.000003 -0.000001 -0.000000 -4.569969 11.014898 -2.160880 -0.137946 -6.336221 1.429401 -39.764477 50.157873 45.672433 0.000011 101.515271 0.000008 5.325075 3.439001 12.201540 -2.464800 -1.573960 2.681854 -3.957289 -16.952376 -15.272045 4.886098 -14.854309 -0.578677 -1.560141 0.883062 -1.926111 0.000002 -0.000008 0.000001 -9.108277 -0.517862 2.259835 0.003260 -0.214313 1.604792 0.100031 -1.158841 9.796600 0.115528 -1.275289 10.440571 0.000002 -0.000006 0.000002 -9.532508 -0.000023 -0.000021 0.101923 -1.189982 9.341625 0.169356 -1.471384 12.977225 0.199960 -1.698745 13.771085 0.000001 0.000000 0.000004 -9.103595 -0.043083 -1.865133 0.350958 -2.185276 18.393093 0.307596 -2.067009 17.010694 0.334666 -2.127795 17.646625 -0.000002 0.000001 -0.000003 -8.076677 -0.486709 -3.806278 0.710725 -3.068046 26.577982 0.344347 -2.230261 19.400147 0.415363 -2.530009 20.699276 0.000003 -0.000001 -0.000005 4.570447 11.014706 -2.160851 0.781292 -7.919617 -4.766456 -10.608328 -26.611266 -59.898041 -0.000038 -15.105704 -0.000018 57.001487 -5.678361 -3.526330 2.466148 -1.576200 2.681736 -3.599482 18.297672 14.126184 4.185347 14.320374 1.150410 -0.821911 0.916483 2.391520 -0.000003 0.000003 -0.000005 9.109299 -0.518042 2.259873 0.384811 2.273732 -19.250799 0.052149 0.852577 -6.983500 0.051215 0.833023 -6.983466 -0.000001 0.000000 -0.000000 9.533409 0.000027 0.000045 0.477301 2.523438 -21.448814 0.220022 1.733673 -14.504426 0.193883 1.626942 -13.592598 0.000002 0.000001 -0.000001 9.104545 -0.043034 -1.865074 0.597499 2.810306 -23.995844 0.521858 2.633361 -22.403285 0.496993 2.572302 -21.855885 0.000000 0.000004 -0.000001 8.077795 -0.486867 -3.806259 2.691498 6.961649 -26.632567 0.930116 -0.847982 -28.638659 0.915183 3.231363 -28.194210 -0.000001 -0.000002 -0.000009 -8.207788 -6.751673 -1.599564 -10.298141 -5.792959 6.847075 53.655835 9.381350 -0.742042 -26.243921 3.721933 -7.076447 -1.411305 0.000001 -0.000001 -0.000000 0.000000 -0.000000 8.207791 -6.751691 -1.599558 -16.263551 1.296679 1.577387 61.324471 10.578518 10.062126 -17.257733 20.039785 -2.743617 -11.116833 0.000010 0.000000 -0.000000 0.000000 -0.000000 
-2.136269 93.569939 3.179943 -15.072663 -16.637159 -10.173914 -0.000004 10.181601 0.131523 3.563102 -9.001939 -2.626466 11.386133 -1.252509 0.342164 11.388845 -1.234565 0.153126 0.000001 16.740396 -2.049037 0.322936 0.496390 5.850178 -0.000000 9.617893 1.685015 -21.494310 9.116733 -1.643130 0.000001 22.037354 7.501104 0.000003 -0.000002 0.000000 -4.569968 11.014928 -2.160885 -0.227439 -7.230261 1.224114 -40.981162 54.314057 47.285116 0.000011 101.077839 -0.000032 4.535146 3.651386 10.283887 -2.464804 -1.573971 2.681854 -3.957291 -16.952384 -15.272045 4.886097 -14.854307 -0.578677 -1.560133 0.883054 -1.926114 0.000002 -0.000006 -0.000001 -9.108282 -0.517860 2.259839 -0.000021 -0.008936 -0.080572 0.093582 -1.120530 9.477731 0.112039 -1.256194 10.281132 -0.000000 -0.000006 0.000003 -9.532496 -0.000048 -0.000023 0.073044 -1.008948 7.836810 0.160298 -1.430412 12.632798 0.196411 -1.684151 13.647811 -0.000002 0.000000 0.000006 -9.103596 -0.043073 -1.865131 0.301191 -2.028175 17.039309 0.298008 -2.035602 16.740655 0.331370 -2.117504 17.557980 -0.000001 -0.000001 0.000002 -8.076679 -0.486710 -3.806275 0.643859 -2.927727 25.299559 0.338966 -2.213795 19.257700 0.412410 -2.521868 20.628037 -0.000001 -0.000000 -0.000005 4.570446 11.014736 -2.160856 0.795589 -8.163235 -4.646908 -9.292059 -26.144876 -59.926741 -0.000012 -14.917666 -0.000004 56.714045 -5.244755 -3.498985 2.466125 -1.576198 2.681735 -3.599479 18.297677 14.126181 4.185346 14.320380 1.150412 -0.821911 0.916479 2.391512 -0.000001 0.000005 -0.000001 9.109303 -0.518030 2.259873 0.369951 2.230675 -18.872824 0.048264 0.820562 -6.716218 0.047381 0.801008 -6.716189 0.000000 0.000001 -0.000001 9.533399 0.000027 0.000046 0.457252 2.471770 -20.988789 0.211350 1.699829 -14.214641 0.186247 1.595018 -13.320459 -0.000003 0.000001 0.000002 9.104528 -0.043016 -1.865072 0.569418 2.746466 -23.416598 0.508030 2.599620 -22.100494 0.484632 2.541315 -21.579003 -0.000002 0.000011 -0.000002 8.077777 -0.486854 -3.806257 2.606279 6.909790 -25.926823 0.912929 -0.877434 -28.356550 0.898257 3.201769 -27.910894 -0.000002 0.000005 -0.000003 -8.207788 -6.751650 -1.599555 -10.309891 -5.172109 6.779047 50.642308 9.240429 0.237270 -23.797474 8.274925 -6.961336 -1.979132 0.000001 -0.000000 0.000000 0.000001 -0.000000 8.207792 -6.751683 -1.599554 -15.890882 1.504167 2.195187 59.856260 10.196983 10.001510 -15.494624 19.980332 -1.107918 -10.598810 0.002365 -0.477827 -0.000000 0.000000 -0.000001 
-2.105717 94.323906 3.140980 -13.875750 -21.397292 -11.454180 -0.000002 10.181583 0.131515 1.609017 -9.818417 -2.374917 11.063675 -1.311007 0.752660 11.072170 -1.302513 0.550143 -0.000001 16.740416 -2.049037 0.627148 1.484077 5.282482 -0.000000 9.617875 1.685016 -20.441962 13.695246 -1.554684 0.000002 22.037354 7.501102 -0.000001 -0.000000 -0.000001 -4.569970 11.014925 -2.160886 -0.286939 -8.051827 1.248791 -42.614653 56.641710 48.992517 0.000031 101.173413 -0.000049 13.809159 5.427802 9.939628 -2.464804 -1.573960 2.681850 -3.957288 -16.952374 -15.272043 4.886094 -14.854312 -0.578679 -1.560139 0.883058 -1.926113 0.000000 -0.000003 0.000002 -9.108282 -0.517891 2.259836 0.001548 0.148355 -1.371439 0.085386 -1.069836 9.056295 0.107504 -1.230937 10.070378 -0.000000 0.000000 0.000002 -9.532511 -0.000058 -0.000023 0.051006 -0.844351 6.473916 0.148641 -1.375989 12.175844 0.190915 -1.661317 13.455037 0.000001 0.000004 0.000001 -9.103604 -0.043073 -1.865133 0.250053 -1.851557 15.528720 0.283141 -1.985669 16.312922 0.325109 -2.097835 17.388335 0.000002 0.000004 0.000001 -8.076680 -0.486697 -3.806277 0.560331 -2.740062 23.610256 0.327088 -2.176809 18.938665 0.405849 -2.503587 20.468446 -0.000002 0.000006 0.000006 4.570445 11.014745 -2.160858 0.807008 -8.049888 -4.249645 -8.230031 -26.746437 -60.642197 -0.000015 -14.934087 -0.000007 55.127529 -3.580168 -4.032708 2.466132 -1.576191 2.681734 -3.599487 18.297687 14.126174 4.185339 14.320376 1.150408 -0.821914 0.916478 2.391517 -0.000000 0.000002 -0.000006 9.109308 -0.518033 2.259872 0.361781 2.206589 -18.661819 0.046231 0.803213 -6.571483 0.045355 0.783666 -6.571462 -0.000000 -0.000005 0.000001 9.533414 0.000031 0.000046 0.446381 2.443264 -20.735505 0.205723 1.677469 -14.023510 0.181186 1.573517 -13.137168 0.000001 0.000001 0.000003 9.104538 -0.043020 -1.865073 0.554391 2.711566 -23.101079 0.497181 2.572753 -21.859867 0.474439 2.515408 -21.348031 0.000000 -0.000001 -0.000003 8.077786 -0.486849 -3.806258 2.560401 6.881302 -25.544759 0.896820 -0.905394 -28.089537 0.882368 3.173663 -27.642711 0.000001 0.000007 0.000002 -8.207786 -6.751675 -1.599567 -11.307262 -4.141514 7.407816 48.216914 9.077781 0.907840 -21.627622 12.087934 -6.899474 -2.690852 0.000003 -0.000001 0.000000 0.000000 -0.000000 8.207791 -6.751694 -1.599555 -16.085816 1.873748 3.195572 58.504996 9.703624 9.917287 -14.919575 19.141790 -1.017762 -9.935039 0.094226 -3.023567 -0.000000 -0.000000 -0.000001 
-2.035722 94.886246 3.008411 -11.733322 -26.462581 -12.449754 -0.000004 10.181588 0.131520 -0.735025 -10.402279 -1.956992 10.386711 -1.292407 1.477409 10.409440 -1.303912 1.275687 0.000000 16.740395 -2.049033 1.115424 2.414396 4.536237 0.000001 9.617905 1.685009 -18.996713 18.020769 -2.101147 -0.000000 22.037369 7.501101 0.000003 -0.000002 -0.000000 -4.569969 11.014900 -2.160885 -0.309722 -8.560173 1.408127 -44.276575 57.359560 50.627852 -0.000042 101.700731 0.000042 32.422082 9.637459 9.570428 -2.464792 -1.573987 2.681858 -3.957290 -16.952390 -15.272040 4.886095 -14.854306 -0.578676 -1.560137 0.883054 -1.926115 0.000000 0.000002 0.000002 -9.108280 -0.517882 2.259843 0.001673 0.154353 -1.420616 0.079365 -1.030938 8.733340 0.104080 -1.211548 9.908889 0.000002 0.000000 0.000000 -9.532508 -0.000055 -0.000015 0.045055 -0.793998 6.057605 0.139635 -1.332393 11.810283 0.185720 -1.639369 13.269735 -0.000003 -0.000003 0.000002 -9.103585 -0.043082 -1.865130 0.222467 -1.748265 14.650640 0.268579 -1.935435 15.883260 0.317806 -2.074611 17.188485 0.000003 0.000003 -0.000002 -8.076675 -0.486727 -3.806272 0.500101 -2.594635 22.316059 0.311675 -2.127819 18.516841 0.397251 -2.479389 20.257457 -0.000005 0.000002 -0.000001 4.570451 11.014692 -2.160854 0.804194 -7.593541 -3.736843 -7.720133 -28.662428 -62.346950 -0.000019 -14.725608 -0.000003 51.649597 -0.592178 -3.889006 2.466155 -1.576208 2.681732 -3.599498 18.297684 14.126182 4.185342 14.320379 1.150407 -0.821912 0.916471 2.391519 -0.000004 0.000001 -0.000003 9.109314 -0.518041 2.259870 0.343933 2.152955 -18.192721 0.045110 0.793529 -6.490730 0.044245 0.773980 -6.490688 0.000001 0.000001 -0.000000 9.533423 0.000031 0.000042 0.430476 2.400819 -20.359366 0.202273 1.663523 -13.904258 0.178517 1.562027 -13.039284 0.000001 -0.000003 -0.000000 9.104544 -0.043037 -1.865075 0.541202 2.680469 -22.820640 0.491020 2.557361 -21.722327 0.468991 2.501449 -21.223570 -0.000000 0.000001 0.000005 8.077824 -0.486886 -3.806259 2.534882 6.865256 -25.331567 0.888135 -0.920577 -27.944850 0.873813 3.158416 -27.497455 -0.000003 0.000002 -0.000001 -8.207787 -6.751677 -1.599560 -13.747283 -1.559463 9.088432 46.026900 8.981424 1.731209 -19.543857 13.975773 -6.991310 -3.511799 0.000004 0.000001 0.000000 0.000000 -0.000000 8.207790 -6.751694 -1.599555 -17.480819 2.506564 4.705188 57.524113 9.469898 9.872777 -15.344302 18.461890 -1.291967 -8.441720 0.166600 -4.029062 0.000001 -0.000000 0.000001 
-1.864001 95.432465 2.869051 -8.755809 -31.520302 -13.004694 -0.000005 10.181576 0.131520 -3.124871 -10.839287 -1.382813 9.340775 -1.203598 2.749665 9.389764 -1.244169 2.563341 0.000000 16.740391 -2.049035 1.836488 3.277925 3.504585 0.000001 9.617872 1.685008 -17.031087 22.111884 -3.737951 -0.000002 22.037369 7.501100 0.000000 0.000001 0.000001 -4.569968 11.014911 -2.160884 -0.292967 -8.570823 1.677018 -44.814801 56.787224 51.402132 -0.000018 102.530442 0.000001 54.369853 14.909555 6.327652 -2.464792 -1.573975 2.681842 -3.957289 -16.952386 -15.272042 4.886100 -14.854309 -0.578673 -1.560139 0.883063 -1.926115 0.000005 -0.000003 -0.000005 -9.108277 -0.517862 2.259834 0.000005 -0.021755 0.024496 0.079135 -1.029434 8.720770 0.103958 -1.210786 9.902595 -0.000002 -0.000001 0.000000 -9.532502 -0.000034 -0.000036 0.059179 -0.908938 7.008183 0.138486 -1.326640 11.762251 0.183743 -1.630990 13.199070 0.000002 0.000001 0.000000 -9.103585 -0.043054 -1.865141 0.234707 -1.794868 15.046475 0.262056 -1.912454 15.686983 0.313156 -2.059755 17.060474 -0.000001 -0.000000 -0.000000 -8.076685 -0.486688 -3.806292 0.497826 -2.588941 22.265710 0.300113 -2.090191 18.193438 0.390718 -2.460817 20.095689 0.000003 -0.000001 -0.000012 4.570446 11.014713 -2.160855 0.789913 -7.057310 -3.287245 -7.510816 -31.474451 -64.809527 -0.000022 -14.600158 -0.000019 45.822250 3.068166 -1.739412 2.466151 -1.576203 2.681735 -3.599497 18.297684 14.126182 4.185348 14.320376 1.150406 -0.821913 0.916469 2.391522 0.000001 0.000003 -0.000008 9.109312 -0.518048 2.259867 0.300777 2.016646 -17.006370 0.042673 0.772024 -6.311312 0.041840 0.752477 -6.311310 0.000001 -0.000002 0.000002 9.533409 0.000029 0.000040 0.392314 2.295232 -19.427438 0.196531 1.640202 -13.705210 0.174703 1.545539 -12.898933 -0.000003 -0.000003 0.000002 9.104548 -0.043033 -1.865078 0.510493 2.606388 -22.154791 0.484473 2.540924 -21.575492 0.464430 2.489646 -21.118433 0.000001 -0.000006 0.000006 8.077807 -0.486879 -3.806262 2.478440 6.829285 -24.858048 0.883302 -0.929037 -27.864167 0.869073 3.149897 -27.416427 0.000002 -0.000011 -0.000002 -8.207787 -6.751672 -1.599562 -17.157176 2.161466 11.380529 43.420243 9.008383 2.961491 -17.378863 13.602817 -7.120309 -4.334352 -0.000005 0.000002 -0.000001 0.000000 -0.000000 8.207788 -6.751707 -1.599556 -19.705483 3.228531 6.696440 56.496518 9.445989 9.859507 -15.766674 18.155488 -1.018915 -7.606982 0.154622 -3.882705 0.000000 -0.000000 0.000001 
-1.480518 95.874138 2.816437 -5.722962 -36.274165 -13.343680 -0.000004 10.181572 0.131519 -4.669571 -10.984937 -0.311101 8.020148 -1.070870 4.410408 8.099576 -1.141649 4.253170 0.000000 16.740391 -2.049033 2.671836 4.066576 2.227124 0.000000 9.617867 1.685010 -14.761002 25.929980 -6.361428 -0.000001 22.037354 7.501090 0.000001 0.000001 -0.000001 -4.569970 11.014905 -2.160882 -0.209030 -7.962329 2.193999 -43.139861 55.275632 50.525676 0.000022 103.580502 -0.000057 71.677194 17.623292 0.978416 -2.464800 -1.573971 2.681830 -3.957288 -16.952384 -15.272045 4.886097 -14.854306 -0.578681 -1.560137 0.883061 -1.926110 0.000003 -0.000011 0.000003 -9.108275 -0.517862 2.259815 0.006288 -0.296913 2.282958 0.085876 -1.072917 9.081889 0.107784 -1.232460 10.083197 0.000001 0.000000 -0.000003 -9.532507 -0.000041 -0.000038 0.093876 -1.142496 8.946067 0.147115 -1.368680 12.114473 0.186757 -1.643744 13.306778 0.000003 0.000000 0.000002 -9.103588 -0.043089 -1.865152 0.288713 -1.986697 16.683280 0.268566 -1.935363 15.882630 0.314392 -2.063705 17.094471 0.000001 -0.000001 0.000002 -8.076670 -0.486714 -3.806290 0.565250 -2.751543 23.712860 0.299640 -2.088673 18.180599 0.390462 -2.460103 20.089244 0.000005 -0.000003 -0.000005 4.570447 11.014720 -2.160853 0.778986 -6.716116 -3.040931 -6.481737 -34.188881 -66.890372 -0.000018 -15.944370 -0.000007 37.232857 5.964351 2.906891 2.466121 -1.576189 2.681734 -3.599490 18.297681 14.126191 4.185344 14.320380 1.150408 -0.821914 0.916473 2.391508 0.000006 0.000003 0.000006 9.109302 -0.518018 2.259869 0.228020 1.760613 -14.798443 0.036806 0.717581 -5.857509 0.036031 0.698025 -5.857496 -0.000001 -0.000000 0.000002 9.533393 0.000045 0.000044 0.322443 2.086384 -17.599990 0.183481 1.585713 -13.240502 0.165300 1.503882 -12.544928 -0.000004 -0.000002 0.000001 9.104522 -0.043033 -1.865075 0.446670 2.443983 -20.706229 0.469506 2.502725 -21.234804 0.453555 2.461387 -20.867182 0.000002 0.000001 -0.000006 8.077778 -0.486845 -3.806261 2.337004 6.736244 -23.660544 0.872648 -0.947879 -27.685091 0.858562 3.130955 -27.236604 -0.000002 -0.000012 -0.000002 -8.207789 -6.751681 -1.599565 -20.624651 5.458125 13.404672 40.682324 9.163763 4.501766 -15.356721 11.820557 -7.161196 -5.119829 0.000005 -0.000001 0.000000 0.000000 -0.000000 8.207790 -6.751704 -1.599557 -21.709142 3.889559 8.929833 55.049358 9.415886 9.843474 -15.657737 18.072103 -0.710509 -8.677802 0.174945 -4.124793 0.000000 -0.000000 -0.000001 
-0.824909 95.897392 2.780528 -3.909718 -41.037470 -14.351245 -0.000003 10.181575 0.131518 -4.431989 -10.387281 1.709821 6.593715 -0.905930 5.959769 6.690205 -0.992860 5.841275 0.000002 16.740421 -2.049035 3.334586 4.835015 0.796751 0.000002 9.617910 1.685011 -12.852944 29.520030 -9.069913 0.000004 22.037354 7.501098 -0.000001 -0.000000 0.000001 -4.569969 11.014920 -2.160885 -0.019516 -6.567910 3.128632 -39.173665 53.191048 47.943543 -0.000023 104.839039 0.000005 78.233103 17.014324 -2.613706 -2.464800 -1.573983 2.681859 -3.957289 -16.952386 -15.272042 4.886093 -14.854302 -0.578680 -1.560136 0.883052 -1.926107 0.000005 -0.000006 -0.000003 -9.108276 -0.517860 2.259835 0.018887 -0.513649 4.064436 0.096976 -1.140823 9.646621 0.113879 -1.266306 10.365584 0.000002 0.000001 -0.000002 -9.532504 -0.000046 -0.000017 0.134612 -1.365519 10.807238 0.162284 -1.439500 12.709175 0.193717 -1.673004 13.553631 -0.000002 -0.000001 0.000001 -9.103600 -0.043065 -1.865130 0.363659 -2.223391 18.723222 0.286570 -1.997287 16.412408 0.321747 -2.087207 17.296831 0.000000 0.000001 -0.000004 -8.076686 -0.486708 -3.806269 0.678894 -3.002222 25.976627 0.312561 -2.130721 18.541795 0.397766 -2.480831 20.269932 0.000002 -0.000003 0.000001 4.570447 11.014702 -2.160855 0.769055 -6.558336 -3.138791 -3.057604 -35.735075 -66.809284 -0.000033 -20.763727 -0.000011 26.114175 6.498297 8.940289 2.466139 -1.576216 2.681739 -3.599487 18.297684 14.126184 4.185339 14.320377 1.150407 -0.821913 0.916474 2.391520 -0.000001 0.000005 -0.000010 9.109304 -0.518044 2.259871 0.140227 1.385309 -11.601776 0.027060 0.616100 -5.012622 0.026386 0.596525 -5.012626 0.000002 -0.000001 -0.000003 9.533392 0.000026 0.000048 0.228677 1.763237 -14.808653 0.160369 1.484048 -12.375881 0.147326 1.420818 -11.840284 0.000002 -0.000002 0.000002 9.104529 -0.043033 -1.865071 0.349074 2.168609 -18.281341 0.439478 2.424134 -20.536468 0.429985 2.398675 -20.311043 0.000001 -0.000008 0.000002 8.077794 -0.486870 -3.806256 2.079087 6.555302 -21.432258 0.845936 -0.995670 -27.232041 0.832222 3.082919 -26.781699 0.000001 -0.000003 0.000001 -8.207788 -6.751660 -1.599560 -23.310505 6.835811 14.976231 39.081386 9.330680 5.770298 -13.862531 10.585057 -7.047782 -5.742891 -0.000001 -0.000000 -0.000000 0.000000 -0.000000 8.207790 -6.751694 -1.599557 -22.684156 4.954352 11.377316 53.923575 9.854407 9.939216 -18.427408 18.422712 -1.255493 -8.206621 0.000884 -0.293082 0.000000 0.000001 -0.000001 
0.060880 95.337555 2.636652 -4.301975 -46.475718 -16.808003 -0.000009 10.181590 0.131521 -2.186889 -8.534540 4.595788 5.314674 -0.681506 6.818941 5.400295 -0.759785 6.740986 0.000001 16.740416 -2.049036 3.473850 5.681134 -0.710669 -0.000001 9.617906 1.685009 -12.161513 33.003293 -10.608136 0.000004 22.037354 7.501095 0.000003 0.000004 0.000001 -4.569971 11.014913 -2.160884 0.253437 -4.159173 4.415035 -34.112362 50.997112 44.464265 0.000006 106.282689 -0.000030 73.550038 14.763447 -3.252166 -2.464804 -1.573969 2.681852 -3.957292 -16.952384 -15.272042 4.886091 -14.854299 -0.578677 -1.560134 0.883054 -1.926118 0.000003 -0.000001 0.000004 -9.108283 -0.517871 2.259841 0.021132 -0.542870 4.305067 0.106183 -1.194334 10.092337 0.118813 -1.293030 10.588446 -0.000001 -0.000000 0.000001 -9.532501 -0.000042 -0.000028 0.151567 -1.447861 11.497415 0.175762 -1.499668 13.215532 0.200957 -1.702741 13.805037 -0.000006 0.000005 0.000005 -9.103604 -0.043071 -1.865137 0.414300 -2.368608 19.987048 0.307101 -2.065445 16.997117 0.331662 -2.118389 17.565662 0.000004 0.000002 -0.000000 -8.076688 -0.486715 -3.806270 0.775534 -3.196817 27.763942 0.333321 -2.196330 19.107009 0.409314 -2.513231 20.552642 -0.000001 0.000006 0.000000 4.570446 11.014731 -2.160856 0.733924 -6.206665 -3.642408 3.285833 -35.225560 -63.552786 -0.000033 -30.552785 -0.000000 13.757263 4.378880 13.848651 2.466147 -1.576214 2.681736 -3.599497 18.297686 14.126181 4.185351 14.320379 1.150407 -0.821909 0.916473 2.391513 -0.000001 0.000010 -0.000007 9.109313 -0.518039 2.259871 0.065484 0.949336 -7.934175 0.015580 0.468861 -3.788863 0.015078 0.449292 -3.788855 -0.000001 -0.000000 -0.000002 9.533414 0.000029 0.000043 0.135889 1.364011 -11.409194 0.129234 1.334061 -11.105917 0.121591 1.292151 -10.752362 -0.000001 0.000001 -0.000003 9.104527 -0.043030 -1.865072 0.237476 1.796217 -15.055895 0.393311 2.297304 -19.416449 0.391408 2.291929 -19.368933 0.000001 -0.000000 0.000001 8.077802 -0.486868 -3.806260 1.718658 6.275845 -18.207467 0.797197 -1.085225 -26.388492 0.784238 2.992952 -25.934706 0.000002 -0.000002 -0.000001 -8.207788 -6.751668 -1.599566 -24.852552 5.823231 16.437004 39.648743 9.298301 5.987109 -13.012773 12.123716 -6.721865 -6.128406 0.000014 -0.000005 -0.000001 0.000001 -0.000000 8.207790 -6.751694 -1.599559 -22.510910 7.269623 14.342967 53.193558 10.371744 9.988809 -23.213769 19.141784 -3.125758 -6.344127 -0.000007 -0.000007 -0.000000 0.000001 0.000000 
1.114297 94.345383 2.437351 -7.142877 -52.670707 -20.377016 -0.000004 10.181584 0.131520 1.327926 -5.268273 7.418134 4.528193 -0.350590 6.577726 4.577647 -0.403141 6.535759 0.000002 16.740404 -2.049038 2.858759 6.635691 -2.228768 0.000002 9.617908 1.685009 -13.279346 36.338935 -10.245802 0.000005 22.037338 7.501094 0.000001 0.000001 0.000002 -4.569969 11.014923 -2.160888 0.504079 -0.676957 5.640792 -29.838276 49.315315 41.309356 -0.000073 107.734404 0.000055 61.481367 12.120322 -2.151574 -2.464815 -1.573958 2.681848 -3.957287 -16.952391 -15.272042 4.886091 -14.854302 -0.578673 -1.560135 0.883056 -1.926113 0.000005 -0.000005 -0.000001 -9.108291 -0.517857 2.259840 0.009831 -0.370723 2.889312 0.107494 -1.201574 10.152841 0.119477 -1.296635 10.618690 0.000006 0.000001 -0.000001 -9.532516 -0.000042 -0.000015 0.130259 -1.343519 10.623102 0.179088 -1.514033 13.336587 0.204085 -1.715506 13.913028 0.000001 -0.000001 0.000002 -9.103601 -0.043088 -1.865122 0.403659 -2.338923 19.727939 0.317938 -2.100405 17.297852 0.338373 -2.139254 17.745745 0.000003 0.000002 -0.000007 -8.076687 -0.486723 -3.806270 0.789126 -3.222985 28.006646 0.350167 -2.247978 19.553315 0.418537 -2.538789 20.775899 -0.000001 0.000000 -0.000006 4.570449 11.014714 -2.160858 0.664441 -5.201803 -4.389973 10.792352 -32.202208 -58.137430 -0.000069 -45.252681 -0.000037 1.798458 1.541767 15.542736 2.466144 -1.576204 2.681733 -3.599478 18.297681 14.126178 4.185348 14.320374 1.150402 -0.821906 0.916480 2.391524 -0.000003 0.000003 -0.000003 9.109311 -0.518052 2.259870 0.023147 0.565222 -4.731138 0.006272 0.299640 -2.384187 0.005957 0.280045 -2.384186 0.000002 -0.000002 -0.000003 9.533414 0.000037 0.000045 0.069835 0.980226 -8.180410 0.096872 1.156881 -9.612703 0.093317 1.133348 -9.415089 -0.000003 0.000002 0.000001 9.104531 -0.043047 -1.865072 0.142662 1.397156 -11.653874 0.337729 2.133231 -17.978844 0.342397 2.147565 -18.103823 -0.000002 -0.000003 0.000002 8.077790 -0.486878 -3.806257 1.325424 5.930878 -14.510272 0.728935 -1.216221 -25.166477 0.717120 2.861358 -24.707909 0.000002 -0.000000 -0.000000 -8.207784 -6.751679 -1.599566 -25.431753 3.217245 17.583624 42.670978 8.989209 4.307413 -13.490558 17.014063 -5.850557 -6.371633 0.000016 -0.000003 0.000000 0.000001 0.000000 8.207793 -6.751695 -1.599556 -21.669752 10.960100 16.844303 53.100192 9.848226 9.934152 -28.086028 21.188485 -6.127515 -1.983343 -0.000000 0.000007 -0.000000 -0.000000 0.000000 
2.270111 93.133339 2.420455 -12.264937 -58.780997 -23.911427 -0.000005 10.181581 0.131520 4.946902 -0.980063 8.879119 4.577965 0.100737 5.132154 4.587765 0.067929 5.124424 0.000003 16.740398 -2.049034 1.557332 7.575887 -3.682366 0.000000 9.617865 1.685007 -16.235407 39.126442 -8.318955 0.000003 22.037369 7.501091 -0.000002 0.000002 0.000002 -4.569967 11.014898 -2.160884 0.666179 3.494901 6.295941 -27.926374 48.700403 39.576513 0.000008 108.804114 -0.000031 46.506198 9.530332 -0.047443 -2.464800 -1.573965 2.681848 -3.957287 -16.952386 -15.272038 4.886094 -14.854304 -0.578676 -1.560139 0.883061 -1.926110 0.000004 -0.000007 -0.000008 -9.108264 -0.517850 2.259839 0.000755 -0.104015 0.699413 0.100079 -1.159128 9.799050 0.115558 -1.275446 10.441797 -0.000001 -0.000001 0.000001 -9.532500 -0.000036 -0.000020 0.089806 -1.117645 8.739527 0.170138 -1.474862 13.006726 0.201246 -1.703956 13.815331 -0.000002 -0.000001 0.000004 -9.103593 -0.043058 -1.865127 0.341014 -2.154903 18.130498 0.312208 -2.081935 17.138842 0.337793 -2.137471 17.730403 -0.000000 0.000000 0.000002 -8.076677 -0.486681 -3.806277 0.711253 -3.069124 26.587806 0.352507 -2.255020 19.614256 0.419797 -2.542267 20.806354 0.000000 -0.000001 -0.000000 4.570447 11.014729 -2.160854 0.585860 -3.450254 -5.080700 16.492733 -27.280153 -52.664922 -0.000123 -63.089522 -0.000078 -8.331357 0.744698 13.996421 2.466132 -1.576192 2.681735 -3.599473 18.297684 14.126190 4.185335 14.320366 1.150410 -0.821907 0.916483 2.391518 0.000003 0.000005 0.000000 9.109299 -0.518035 2.259876 0.009087 0.354397 -2.980134 0.001541 0.151598 -1.156851 0.001392 0.131997 -1.156842 0.000001 0.000000 0.000001 9.533406 0.000031 0.000045 0.038249 0.726275 -6.059474 0.071371 0.994466 -8.249869 0.069687 0.980375 -8.132098 0.000001 0.000000 0.000002 9.104535 -0.043039 -1.865076 0.085104 1.081427 -8.993235 0.285446 1.964970 -16.516965 0.293724 1.992684 -16.756814 0.000001 -0.000000 0.000004 8.077790 -0.486860 -3.806256 1.000948 5.609321 -11.283614 0.654036 -1.368376 -23.763627 0.643528 2.708532 -23.299768 0.000002 -0.000004 -0.000006 -8.207785 -6.751676 -1.599564 -25.666886 0.399424 17.652431 47.857797 8.452056 0.038881 -16.118183 23.111296 -3.781419 -6.473362 -0.000000 -0.000003 -0.000000 -0.000001 -0.000000 8.207788 -6.751704 -1.599556 -20.638487 14.566405 16.485630 54.687675 9.572340 10.025059 -29.279382 24.324047 -10.228987 -0.557550 -0.000003 0.000002 0.000000 -0.000000 -0.000000 
3.434493 91.768021 2.738410 -19.099820 -63.590892 -26.379138 -0.000004 10.181583 0.131518 7.873700 3.574591 8.293687 5.572655 0.612662 2.726756 5.566209 0.577233 2.762305 0.000001 16.740398 -2.049037 -0.006707 8.278741 -4.989448 0.000000 9.617870 1.685009 -20.413726 40.793981 -5.933138 0.000003 22.037369 7.501094 0.000001 0.000001 0.000000 -4.569971 11.014917 -2.160884 0.805097 7.597275 6.211918 -28.818224 49.217493 39.865570 -0.000029 109.029299 -0.000012 31.738014 6.655920 2.792725 -2.464804 -1.573988 2.681849 -3.957290 -16.952388 -15.272042 4.886097 -14.854306 -0.578681 -1.560138 0.883059 -1.926115 0.000004 -0.000006 0.000004 -9.108278 -0.517885 2.259839 0.000771 0.105531 -1.019723 0.089132 -1.093316 9.251452 0.109588 -1.242632 10.167964 0.000000 0.000000 0.000001 -9.532500 -0.000059 -0.000017 0.058119 -0.900777 6.940625 0.155049 -1.406203 12.429317 0.194336 -1.675567 13.575316 0.000000 -0.000000 0.000000 -9.103585 -0.043086 -1.865128 0.270688 -1.924951 16.155100 0.293879 -2.021848 16.622831 0.330446 -2.114576 17.532824 0.000000 -0.000001 0.000000 -8.076682 -0.486732 -3.806273 0.598327 -2.827280 24.392477 0.339066 -2.214071 19.260370 0.412464 -2.522025 20.629350 0.000001 0.000000 0.000000 4.570446 11.014715 -2.160854 0.518386 -1.417048 -5.592139 18.468464 -22.061395 -48.265443 -0.000424 -81.381492 -0.000374 -15.466892 3.141924 10.687208 2.466124 -1.576209 2.681731 -3.599471 18.297684 14.126186 4.185341 14.320368 1.150413 -0.821911 0.916474 2.391520 -0.000002 0.000006 -0.000003 9.109293 -0.518037 2.259874 0.010941 0.388778 -3.265439 0.000306 0.070583 -0.485464 0.000229 0.050992 -0.485467 0.000000 -0.000006 0.000001 9.533399 0.000029 0.000038 0.034195 0.686712 -5.729811 0.057686 0.894942 -7.417234 0.055805 0.877934 -7.275116 -0.000002 0.000010 -0.000000 9.104522 -0.043025 -1.865079 0.065838 0.951834 -7.907189 0.249412 1.839269 -15.432191 0.257761 1.869216 -15.690049 -0.000004 0.000009 0.000001 8.077782 -0.486857 -3.806258 0.831367 5.425910 -9.520098 0.591647 -1.502800 -22.537638 0.582345 2.573507 -22.069390 0.000001 -0.000009 0.000001 -8.207793 -6.751668 -1.599562 -26.126507 -1.482807 15.936816 54.028685 7.732354 -6.055702 -19.507930 26.882720 -1.106593 -6.343002 -0.000000 -0.000007 0.000000 0.000002 -0.000000 8.207791 -6.751695 -1.599559 -18.350290 16.668245 11.602897 57.003567 9.860052 8.985233 -31.030792 28.771783 -8.557749 -0.004402 -0.000005 0.000005 -0.000000 0.000001 -0.000000 
4.432208 90.399963 3.301502 -25.637180 -66.184506 -26.450620 -0.000005 10.181588 0.131523 9.987222 7.571906 6.079600 7.169668 1.065868 -0.090817 7.182438 1.008907 0.002096 0.000002 16.740410 -2.049035 -1.220096 8.593417 -6.064078 0.000000 9.617874 1.685015 -24.665814 41.109041 -4.122303 -0.000001 22.037369 7.501102 0.000002 0.000000 0.000000 -4.569971 11.014939 -2.160884 0.980885 10.910998 5.771164 -31.486762 50.401885 41.987802 0.000000 108.171898 -0.000036 18.705192 3.114690 5.467873 -2.464796 -1.573975 2.681846 -3.957289 -16.952386 -15.272047 4.886096 -14.854309 -0.578677 -1.560136 0.883056 -1.926107 0.000002 -0.000005 0.000000 -9.108284 -0.517862 2.259839 0.001858 0.162274 -1.485640 0.080977 -1.041559 8.821377 0.105016 -1.216843 9.952903 0.000000 0.000001 -0.000001 -9.532503 -0.000052 -0.000023 0.045903 -0.801378 6.118680 0.142575 -1.346773 11.930694 0.187513 -1.647006 13.334298 -0.000001 -0.000004 0.000005 -9.103594 -0.043075 -1.865132 0.229097 -1.773709 14.866690 0.274277 -1.955286 16.052726 0.320895 -2.084477 17.273328 -0.000000 0.000004 -0.000001 -8.076681 -0.486723 -3.806279 0.516202 -2.634428 22.668829 0.318772 -2.150527 18.712297 0.401230 -2.490616 20.355215 0.000001 0.000004 -0.000002 4.570449 11.014732 -2.160855 0.478371 0.166498 -6.124305 16.669563 -18.125628 -44.683743 0.000422 -97.641277 0.000592 -19.483654 7.547152 7.068774 2.466136 -1.576206 2.681743 -3.599493 18.297674 14.126178 4.185339 14.320367 1.150411 -0.821908 0.916481 2.391516 0.000002 0.000006 -0.000001 9.109310 -0.518037 2.259875 0.031548 0.659709 -5.517381 0.000440 0.083698 -0.594177 0.000361 0.064113 -0.594166 -0.000001 -0.000000 -0.000002 9.533411 0.000027 0.000050 0.055857 0.877147 -7.318426 0.057187 0.891024 -7.384412 0.053459 0.859381 -7.120149 -0.000000 0.000001 -0.000001 9.104538 -0.043028 -1.865075 0.080846 1.054280 -8.765442 0.237794 1.796679 -15.066105 0.243214 1.816609 -15.237259 0.000001 -0.000007 0.000001 8.077806 -0.486855 -3.806257 0.858424 5.455956 -9.805554 0.558713 -1.576967 -21.866654 0.550082 2.499094 -21.396105 -0.000001 -0.000005 0.000003 -8.207788 -6.751667 -1.599561 -27.188931 -1.583547 11.301666 59.888349 7.450035 -10.001156 -21.353407 26.525986 -0.368559 -6.032704 -0.000002 0.000000 -0.000001 -0.000002 -0.000000 8.207791 -6.751694 -1.599552 -14.881514 15.908890 4.806618 59.222815 9.710903 3.963879 -34.069311 29.709001 -4.709153 -0.034497 -0.000001 0.000001 -0.000000 0.000001 -0.000000 
5.287784 89.495018 3.783191 -28.601875 -66.095078 -22.731501 -0.000006 10.181594 0.131519 11.451116 10.291565 3.662356 8.681947 1.342644 -2.650665 8.737523 1.258069 -2.499015 0.000002 16.740381 -2.049033 -1.647489 8.574479 -6.822226 0.000001 9.617880 1.685004 -27.773209 40.492230 -3.180557 0.000002 22.037369 7.501100 -0.000003 -0.000000 0.000001 -4.569970 11.014906 -2.160887 1.122151 13.093542 5.611396 -33.880221 51.856791 44.942590 -0.000018 106.458791 0.000036 7.780139 -0.668276 6.842404 -2.464804 -1.573985 2.681855 -3.957290 -16.952384 -15.272042 4.886093 -14.854302 -0.578683 -1.560132 0.883059 -1.926111 0.000002 -0.000005 0.000000 -9.108280 -0.517871 2.259838 0.000437 0.080274 -0.812742 0.078846 -1.027487 8.704585 0.103787 -1.209826 9.894507 0.000001 0.000000 -0.000000 -9.532499 -0.000042 -0.000020 0.050360 -0.839013 6.429581 0.138011 -1.324395 11.743341 0.184199 -1.632892 13.215146 -0.000000 0.000004 0.000003 -9.103589 -0.043069 -1.865127 0.225660 -1.760505 14.754394 0.263263 -1.916772 15.723775 0.314400 -2.063686 17.094524 -0.000000 -0.000004 -0.000008 -8.076682 -0.486717 -3.806273 0.494907 -2.581637 22.200871 0.303252 -2.100448 18.281613 0.392494 -2.465891 20.139800 -0.000000 0.000008 -0.000007 4.570446 11.014707 -2.160856 0.487221 0.842506 -6.909494 12.582102 -16.390646 -41.181881 0.000135 -110.247770 0.000241 -21.542422 11.679787 4.202895 2.466140 -1.576218 2.681729 -3.599490 18.297677 14.126172 4.185346 14.320377 1.150413 -0.821914 0.916473 2.391518 0.000000 0.000000 0.000000 9.109303 -0.518030 2.259866 0.085126 1.081595 -9.042709 0.002433 0.187736 -1.456410 0.002219 0.168137 -1.456422 0.000001 -0.000002 0.000000 9.533417 0.000033 0.000035 0.111651 1.237555 -10.341787 0.070036 0.985119 -8.171620 0.062896 0.931753 -7.725198 0.000001 0.000001 -0.000001 9.104542 -0.043033 -1.865073 0.134529 1.357203 -11.316059 0.253063 1.852470 -15.545724 0.253287 1.853210 -15.552196 -0.000002 0.000003 -0.000001 8.077799 -0.486858 -3.806260 1.078431 5.689484 -12.070855 0.563936 -1.564999 -21.974590 0.555210 2.511078 -21.504417 -0.000001 -0.000000 0.000005 -8.207787 -6.751656 -1.599562 -28.447946 -0.516606 4.420843 64.196682 7.920316 -10.043322 -22.157173 22.519405 -1.467788 -5.516853 -0.000006 -0.000001 0.000000 -0.000001 -0.000000 8.207789 -6.751701 -1.599558 -11.959527 14.438876 -2.454526 59.679037 9.454512 -0.009198 -35.706057 29.813021 -1.518262 -0.010497 -0.000001 -0.000003 -0.000000 -0.000003 0.000000 
5.982131 89.528267 4.066214 -26.681987 -62.871721 -15.978512 -0.000005 10.181574 0.131520 12.207138 11.213264 2.448099 9.558423 1.383902 -4.464925 9.654163 1.271425 -4.276434 -0.000000 16.740385 -2.049031 -1.348571 8.433141 -7.208081 0.000001 9.617894 1.685002 -29.170126 39.713414 -2.658823 0.000007 22.037338 7.501100 0.000002 0.000000 -0.000001 -4.569972 11.014923 -2.160884 1.142966 14.145522 6.024269 -34.180702 53.678703 47.417489 -0.000051 104.554862 0.000032 -1.158333 -3.729740 6.525514 -2.464788 -1.573992 2.681849 -3.957287 -16.952391 -15.272043 4.886091 -14.854299 -0.578670 -1.560137 0.883052 -1.926123 0.000002 -0.000001 0.000007 -9.108277 -0.517887 2.259828 0.000118 -0.043468 0.202632 0.081934 -1.047744 8.872700 0.105548 -1.219906 9.978573 -0.000001 0.000004 -0.000003 -9.532507 -0.000064 -0.000022 0.064027 -0.945110 7.307603 0.141163 -1.339858 11.872897 0.185082 -1.636683 13.247162 -0.000001 0.000005 0.000002 -9.103584 -0.043084 -1.865135 0.249305 -1.848826 15.505609 0.263795 -1.918671 15.739963 0.313480 -2.060728 17.068945 0.000003 0.000005 -0.000004 -8.076686 -0.486721 -3.806281 0.525694 -2.657558 22.874464 0.299090 -2.086811 18.164466 0.390143 -2.459154 20.081202 -0.000000 0.000002 -0.000006 4.570447 11.014693 -2.160852 0.524615 0.716289 -7.780870 8.680094 -16.991405 -37.374440 0.000114 -118.592438 0.000205 -22.666162 13.693808 2.841427 2.466139 -1.576202 2.681747 -3.599490 18.297694 14.126187 4.185343 14.320371 1.150407 -0.821909 0.916481 2.391515 -0.000001 -0.000000 0.000002 9.109306 -0.518039 2.259878 0.168620 1.517479 -12.722885 0.008657 0.350579 -2.806624 0.008255 0.330970 -2.806630 -0.000001 -0.000000 0.000003 9.533405 0.000030 0.000054 0.200037 1.650897 -13.847104 0.095349 1.147924 -9.537219 0.083538 1.072758 -8.906428 0.000001 0.000001 -0.000001 9.104548 -0.043028 -1.865063 0.228431 1.762252 -14.764367 0.292721 1.989294 -16.727511 0.286293 1.967982 -16.542904 -0.000002 0.000002 0.000000 8.077801 -0.486867 -3.806248 1.441293 6.037258 -15.621677 0.606529 -1.470064 -22.835178 0.596938 2.606410 -22.367966 -0.000000 0.000001 -0.000007 -8.207787 -6.751676 -1.599560 -28.603816 -0.659627 -1.169665 65.657468 8.765183 -10.031471 -22.994108 15.160539 -2.030172 -4.658562 0.000001 -0.000002 -0.000000 0.000006 0.000001 8.207792 -6.751722 -1.599557 -10.114621 13.544539 -7.500427 58.271479 9.443705 -1.221878 -35.054010 29.862499 -0.301144 -0.002358 -0.000005 0.000002 -0.000000 0.000001 -0.000000 
6.422919 90.117668 4.189302 -22.238077 -56.266064 -9.358035 -0.000003 10.181586 0.131520 12.006646 10.284027 2.807862 9.796739 1.204940 -5.469194 9.909291 1.063455 -5.278431 0.000002 16.740412 -2.049031 -0.822423 8.344306 -7.225677 0.000001 9.617895 1.685010 -29.305593 39.223536 -1.948226 0.000005 22.037323 7.501097 0.000002 -0.000000 0.000000 -4.569972 11.014912 -2.160879 1.078219 14.201404 6.679356 -31.858027 55.972963 48.357241 -0.000065 103.244839 0.000066 -8.091583 -5.476213 5.173637 -2.464804 -1.573988 2.681849 -3.957291 -16.952381 -15.272043 4.886097 -14.854306 -0.578670 -1.560134 0.883056 -1.926115 0.000006 -0.000006 -0.000005 -9.108281 -0.517882 2.259842 0.000809 -0.107782 0.730537 0.086742 -1.078308 9.126606 0.108264 -1.235139 10.105545 0.000003 -0.000009 -0.000002 -9.532504 -0.000062 -0.000023 0.075272 -1.024019 7.961824 0.147549 -1.370656 12.131154 0.188264 -1.650220 13.361470 -0.000002 -0.000007 -0.000001 -9.103592 -0.043101 -1.865126 0.276986 -1.946754 16.341431 0.271724 -1.946434 15.977165 0.316889 -2.071675 17.163101 -0.000003 -0.000002 -0.000004 -8.076694 -0.486719 -3.806268 0.573889 -2.771533 23.892070 0.305043 -2.106377 18.332564 0.393530 -2.468825 20.165273 -0.000000 -0.000001 -0.000006 4.570446 11.014720 -2.160853 0.542856 0.248614 -8.128151 7.471851 -19.091345 -33.492912 0.000072 -123.020272 0.000185 -22.015501 12.999179 2.907892 2.466140 -1.576198 2.681730 -3.599487 18.297681 14.126182 4.185344 14.320375 1.150418 -0.821911 0.916476 2.391510 0.000001 0.000003 -0.000006 9.109303 -0.518044 2.259865 0.244762 1.823037 -15.334628 0.019207 0.520331 -4.216161 0.018662 0.500754 -4.216163 -0.000001 -0.000002 0.000002 9.533404 0.000024 0.000045 0.289996 1.980988 -16.685073 0.127874 1.327209 -11.048021 0.111462 1.237557 -10.291966 0.000002 0.000002 -0.000003 9.104535 -0.043029 -1.865080 0.338522 2.136373 -17.999912 0.347548 2.163259 -18.240983 0.334820 2.124346 -17.901064 0.000004 0.000008 0.000001 8.077791 -0.486854 -3.806266 1.842690 6.375721 -19.333086 0.676042 -1.322667 -24.183379 0.665143 2.754453 -23.721066 0.000001 0.000005 0.000001 -8.207783 -6.751663 -1.599566 -27.717439 -1.499859 -3.908528 64.941534 9.375372 -10.046149 -23.482226 5.620082 -1.924517 -3.661489 0.000022 -0.000002 -0.000000 -0.000004 -0.000000 8.207793 -6.751700 -1.599555 -9.322087 12.913106 -9.000083 56.577544 9.627590 -0.902718 -33.451176 25.168024 -0.654509 -0.000100 -0.000004 0.000003 -0.000000 -0.000000 -0.000000 
6.589149 90.640228 4.265483 -18.214581 -47.046346 -4.801816 -0.000005 10.181578 0.131517 10.725750 8.121636 4.111517 9.844709 0.879730 -5.998836 9.949097 0.711515 -5.831320 0.000002 16.740393 -2.049030 -0.588301 8.307051 -6.937333 0.000001 9.617879 1.685011 -29.211281 38.823222 -0.841739 0.000008 22.037338 7.501090 -0.000006 -0.000003 -0.000000 -4.569971 11.014909 -2.160882 1.022627 13.470683 6.992948 -27.727344 58.201968 47.349269 -0.000007 103.023910 -0.000014 -12.799202 -6.127216 3.878873 -2.464792 -1.573990 2.681852 -3.957284 -16.952383 -15.272042 4.886097 -14.854307 -0.578676 -1.560140 0.883069 -1.926114 0.000002 -0.000008 0.000004 -9.108274 -0.517877 2.259840 0.000400 -0.076730 0.475526 0.089281 -1.094200 9.258753 0.109668 -1.243071 10.171622 -0.000002 -0.000001 -0.000002 -9.532495 -0.000051 -0.000023 0.075036 -1.022409 7.948354 0.151606 -1.390060 12.294057 0.190869 -1.661105 13.453191 0.000000 0.000004 0.000007 -9.103578 -0.043084 -1.865132 0.286504 -1.979196 16.619025 0.279361 -1.972780 16.202600 0.321011 -2.084844 17.276414 -0.000000 0.000006 -0.000005 -8.076689 -0.486716 -3.806277 0.599781 -2.830538 24.421739 0.314199 -2.135943 18.586724 0.398668 -2.483389 20.292402 0.000000 0.000002 -0.000002 4.570448 11.014724 -2.160853 0.522925 -0.191444 -7.348949 10.146899 -20.984894 -30.192339 0.000073 -124.615545 0.000181 -17.265391 10.536496 3.750265 2.466136 -1.576214 2.681728 -3.599496 18.297691 14.126188 4.185347 14.320384 1.150406 -0.821913 0.916469 2.391515 0.000004 0.000007 -0.000002 9.109306 -0.518031 2.259865 0.267187 1.903034 -16.023544 0.029258 0.640608 -5.216561 0.028585 0.621038 -5.216547 0.000001 -0.000002 0.000001 9.533413 0.000033 0.000030 0.334231 2.123274 -17.921376 0.156099 1.464288 -12.208423 0.137258 1.372078 -11.427516 -0.000001 -0.000008 -0.000000 9.104533 -0.043029 -1.865082 0.415043 2.358680 -19.951006 0.400591 2.317813 -19.596875 0.384266 2.271510 -19.189545 0.000001 0.000004 -0.000003 8.077800 -0.486873 -3.806270 2.140680 6.599886 -21.969930 0.752349 -1.170519 -25.591240 0.740119 2.907233 -25.134265 -0.000001 -0.000002 -0.000007 -8.207787 -6.751680 -1.599562 -26.061925 -0.550576 -3.742927 62.492625 2.334656 -10.051310 -23.979693 0.603751 2.283315 -2.911053 -0.000012 -0.000001 0.000000 -0.000002 -0.000000 8.207790 -6.751710 -1.599556 -9.603313 11.904992 -8.254469 55.811306 9.732774 -0.079681 -32.248574 16.882822 -1.615121 -0.000024 -0.000002 -0.000001 -0.000000 0.000001 -0.000000 
6.649015 91.058075 4.334031 -15.477378 -36.868825 -1.417661 -0.000003 10.181589 0.131524 8.515525 5.834086 5.340178 10.114968 0.512958 -6.515434 10.201191 0.331185 -6.375105 0.000005 16.740402 -2.049039 -0.813730 8.199108 -6.433975 -0.000000 9.617873 1.685017 -29.604154 37.994761 0.417172 0.000002 22.037323 7.501091 0.000004 -0.000001 0.000000 -4.569966 11.014902 -2.160884 1.005929 12.284956 6.690221 -23.422604 59.421765 44.982509 -0.000036 103.865922 0.000026 -15.241815 -6.335203 3.411019 -2.464804 -1.573973 2.681855 -3.957286 -16.952386 -15.272040 4.886092 -14.854311 -0.578682 -1.560136 0.883058 -1.926111 0.000003 -0.000005 0.000002 -9.108286 -0.517868 2.259849 -0.000020 0.011015 -0.244284 0.088040 -1.086546 9.195134 0.108980 -1.239254 10.139806 -0.000001 -0.000000 0.000000 -9.532499 -0.000039 -0.000019 0.065409 -0.955280 7.391858 0.150709 -1.385759 12.257862 0.191018 -1.661745 13.458596 0.000000 -0.000000 0.000006 -9.103594 -0.043089 -1.865128 0.273377 -1.934292 16.234940 0.280960 -1.978258 16.249385 0.322616 -2.089913 17.320260 0.000000 0.000001 -0.000006 -8.076678 -0.486711 -3.806272 0.587235 -2.802156 24.166720 0.319025 -2.151320 18.719124 0.401371 -2.491010 20.358629 0.000002 -0.000007 -0.000006 4.570448 11.014714 -2.160856 0.473839 -0.533736 -5.355593 15.732093 -21.158628 -28.349805 0.000099 -124.632907 0.000190 -7.127198 8.228055 4.941232 2.466132 -1.576204 2.681726 -3.599486 18.297682 14.126184 4.185345 14.320373 1.150404 -0.821913 0.916476 2.391520 -0.000000 0.000006 -0.000003 9.109306 -0.518031 2.259865 0.226835 1.756143 -14.759991 0.032277 0.672356 -5.480889 0.031578 0.652787 -5.480867 0.000001 0.000006 -0.000002 9.533418 0.000032 0.000036 0.310985 2.049826 -17.282156 0.167402 1.515684 -12.644529 0.149758 1.432319 -11.937760 0.000001 0.000001 -0.000000 9.104533 -0.043031 -1.865079 0.418586 2.368443 -20.037166 0.431619 2.403106 -20.350149 0.416266 2.361337 -19.980842 -0.000002 -0.000002 -0.000001 8.077800 -0.486873 -3.806259 2.221145 6.656833 -22.667029 0.808767 -1.063688 -26.590819 0.795631 3.014583 -26.137823 0.000002 0.000010 0.000000 -8.207785 -6.751666 -1.599561 -23.891351 2.901337 -2.808208 59.835538 -8.083800 -9.915892 -23.659456 -1.779875 8.462091 -2.468248 0.000009 -0.000002 0.000000 -0.000003 -0.000000 8.207794 -6.751695 -1.599554 -10.292739 10.484790 -7.999594 55.199690 9.813430 1.364992 -31.255209 8.869533 -2.699109 -0.000004 -0.000001 0.000001 -0.000000 0.000001 -0.000000 
6.689917 91.502632 4.359495 -13.364270 -27.314336 2.023571 -0.000007 10.181585 0.131518 5.702709 4.462859 5.817073 10.604869 0.206708 -7.307424 10.681383 0.035807 -7.181421 0.000001 16.740404 -2.049037 -1.321791 7.947353 -5.830623 -0.000000 9.617883 1.685013 -30.339355 36.508153 1.487962 0.000002 22.037338 7.501091 0.000002 -0.000001 -0.000000 -4.569970 11.014909 -2.160882 0.997142 11.005408 5.939534 -20.386766 59.103471 42.503881 0.000002 105.303021 -0.000060 -15.809356 -6.568931 3.973743 -2.464807 -1.573975 2.681854 -3.957285 -16.952391 -15.272050 4.886096 -14.854299 -0.578668 -1.560129 0.883054 -1.926114 -0.000000 -0.000003 0.000006 -9.108283 -0.517862 2.259840 0.000526 0.088028 -0.876332 0.084607 -1.064893 9.015176 0.107058 -1.228461 10.049815 -0.000003 0.000003 0.000007 -9.532509 -0.000047 -0.000017 0.055241 -0.878455 6.755879 0.146273 -1.364687 12.081113 0.189056 -1.653510 13.389040 0.000002 -0.000000 0.000001 -9.103594 -0.043074 -1.865129 0.251255 -1.855918 15.565914 0.276352 -1.962410 16.113854 0.320982 -2.084702 17.275287 0.000001 0.000006 -0.000000 -8.076683 -0.486711 -3.806272 0.552487 -2.721616 23.445464 0.316714 -2.143945 18.655579 0.400055 -2.487333 20.326850 0.000002 -0.000001 0.000000 4.570448 11.014721 -2.160856 0.422036 -0.817379 -2.694687 21.764292 -19.434115 -28.671901 0.000073 -123.834922 0.000198 6.777972 7.425031 6.023455 2.466140 -1.576202 2.681748 -3.599476 18.297684 14.126173 4.185344 14.320371 1.150410 -0.821904 0.916483 2.391515 0.000002 0.000000 -0.000003 9.109308 -0.518034 2.259880 0.159489 1.476290 -12.372893 0.026902 0.614306 -4.997702 0.026226 0.594742 -4.997683 -0.000004 -0.000002 -0.000001 9.533406 0.000011 0.000042 0.244435 1.821890 -15.312348 0.158000 1.473189 -12.283707 0.143983 1.404802 -11.704587 0.000002 0.000000 0.000004 9.104530 -0.043030 -1.865072 0.356801 2.191819 -18.484374 0.429171 2.396512 -20.291756 0.418552 2.367639 -20.036519 0.000001 -0.000004 0.000004 8.077792 -0.486866 -3.806251 2.074598 6.552025 -21.392876 0.824018 -1.035598 -26.855448 0.810646 3.042858 -26.403536 -0.000001 -0.000012 0.000003 -8.207788 -6.751676 -1.599564 -22.759563 6.634492 -1.862852 59.971882 -8.272857 -9.837726 -23.249032 -11.380726 5.031467 -2.141100 0.000018 -0.000001 0.000000 -0.000003 -0.000000 8.207790 -6.751703 -1.599559 -11.196758 8.945817 -9.124825 54.032131 9.884257 2.839515 -30.118474 2.039281 -3.562912 -0.221117 -0.000005 0.000002 0.000000 -0.000000 -0.000000 
6.610238 91.935730 4.376297 -11.085100 -19.300267 5.405886 -0.000007 10.181584 0.131522 2.775868 4.429773 5.630524 10.915511 0.030100 -8.390674 11.000890 -0.104393 -8.263965 0.000001 16.740368 -2.049034 -1.858091 7.621451 -5.285639 0.000001 9.617881 1.685014 -30.722399 34.675310 2.261829 0.000002 22.037369 7.501094 -0.000001 -0.000001 -0.000001 -4.569970 11.014900 -2.160886 0.977851 9.808294 5.040891 -18.808890 57.586459 40.727298 -0.000005 106.731254 -0.000037 -15.313702 -6.924509 5.381280 -2.464803 -1.573969 2.681843 -3.957287 -16.952390 -15.272047 4.886099 -14.854309 -0.578679 -1.560141 0.883064 -1.926113 0.000002 -0.000006 -0.000001 -9.108284 -0.517863 2.259824 0.000848 0.110821 -1.063412 0.081647 -1.045857 8.857053 0.105372 -1.218969 9.970762 0.000005 0.000001 0.000000 -9.532508 -0.000049 -0.000035 0.050541 -0.840643 6.443156 0.141898 -1.343520 11.903526 0.186680 -1.643422 13.304128 -0.000000 -0.000002 0.000002 -9.103589 -0.043068 -1.865138 0.235987 -1.799706 15.087572 0.269746 -1.939548 15.918285 0.317786 -2.074557 17.187947 0.000002 -0.000003 -0.000001 -8.076684 -0.486713 -3.806283 0.522783 -2.650504 22.811828 0.310188 -2.123022 18.475503 0.396420 -2.477015 20.236776 -0.000005 0.000008 -0.000002 4.570446 11.014725 -2.160856 0.382596 -0.928655 -0.260868 25.886832 -16.702820 -31.151103 0.000110 -122.377169 0.000210 20.509303 7.862455 6.710116 2.466140 -1.576203 2.681736 -3.599472 18.297674 14.126179 4.185347 14.320369 1.150404 -0.821912 0.916479 2.391516 0.000005 0.000000 -0.000003 9.109304 -0.518042 2.259875 0.103726 1.193015 -9.979123 0.018069 0.504407 -4.083896 0.017508 0.484820 -4.083920 0.000000 -0.000000 0.000001 9.533403 0.000015 0.000046 0.176486 1.552038 -13.004302 0.135983 1.368027 -11.393032 0.125768 1.313885 -10.935802 0.000002 0.000008 -0.000002 9.104523 -0.043049 -1.865072 0.273954 1.926543 -16.178271 0.399100 2.313682 -19.560572 0.394129 2.299610 -19.436582 0.000001 0.000002 -0.000000 8.077797 -0.486882 -3.806258 1.804086 6.345054 -18.984654 0.796337 -1.086829 -26.373358 0.783394 2.991313 -25.919499 0.000002 0.000008 -0.000004 -8.207788 -6.751675 -1.599560 -23.111410 9.685761 -1.399555 60.555597 -9.254633 -9.912383 -23.202489 -16.910625 -2.542049 -2.203206 -0.000013 -0.000002 0.000001 -0.000001 0.000000 8.207790 -6.751704 -1.599554 -12.849949 7.280658 -10.678068 52.934441 5.204487 3.085919 -28.897137 0.554626 -1.480144 -0.965765 -0.000005 0.000001 0.000000 -0.000000 -0.000000 
6.359336 92.416473 4.413410 -8.491058 -13.025221 8.297310 -0.000006 10.181592 0.131521 0.427713 5.398781 5.126055 10.601774 0.000792 -9.633024 10.712910 -0.085075 -9.500429 0.000002 16.740377 -2.049038 -2.285416 7.363976 -4.961150 0.000004 9.617890 1.685017 -30.304716 33.059506 2.863403 0.000003 22.037354 7.501091 -0.000003 0.000001 -0.000002 -4.569969 11.014949 -2.160887 0.949195 8.621732 4.132191 -17.898483 55.879588 39.656608 -0.000012 107.724138 0.000012 -14.795329 -7.357587 7.303454 -2.464800 -1.573992 2.681850 -3.957289 -16.952384 -15.272042 4.886095 -14.854306 -0.578674 -1.560141 0.883059 -1.926117 0.000005 -0.000002 0.000000 -9.108278 -0.517874 2.259845 0.000377 0.074526 -0.765387 0.080777 -1.040206 8.810180 0.104906 -1.216161 9.947303 0.000003 -0.000002 0.000001 -9.532505 -0.000052 -0.000019 0.052692 -0.857985 6.586601 0.140207 -1.335175 11.833740 0.185381 -1.638019 13.258481 0.000004 -0.000001 -0.000002 -9.103584 -0.043090 -1.865134 0.234842 -1.795373 15.050803 0.265689 -1.925274 15.796443 0.315376 -2.066852 17.121510 -0.000002 0.000004 -0.000001 -8.076682 -0.486723 -3.806270 0.514139 -2.629346 22.623982 0.304513 -2.104576 18.317193 0.393206 -2.467938 20.157580 0.000003 0.000002 -0.000009 4.570446 11.014739 -2.160856 0.326610 -0.629436 1.155244 26.763297 -13.873358 -35.008394 0.000097 -120.271831 0.000210 30.126100 8.709314 7.717304 2.466151 -1.576210 2.681736 -3.599493 18.297691 14.126183 4.185343 14.320380 1.150407 -0.821920 0.916478 2.391517 0.000005 0.000007 0.000000 9.109304 -0.518030 2.259869 0.070090 0.981932 -8.207071 0.010954 0.393989 -3.167050 0.010532 0.374403 -3.167051 0.000001 0.000002 0.000002 9.533406 0.000032 0.000043 0.128853 1.328544 -11.109524 0.113291 1.250045 -10.396816 0.105743 1.205740 -10.023979 0.000000 -0.000003 0.000008 9.104539 -0.043030 -1.865076 0.207039 1.679061 -14.052031 0.359337 2.198707 -18.550864 0.358487 2.196087 -18.528118 -0.000000 0.000000 -0.000009 8.077809 -0.486858 -3.806259 1.541797 6.126257 -16.570259 0.745131 -1.184522 -25.460905 0.733021 2.893184 -25.003436 0.000001 -0.000003 0.000002 -8.207786 -6.751659 -1.599567 -24.522181 12.132065 -1.696608 61.089512 -10.364033 -9.998257 -21.364410 -18.630219 -7.566145 -4.731325 -0.000011 0.000001 0.000001 -0.000001 -0.000004 8.207788 -6.751684 -1.599558 -15.211861 5.346269 -11.729401 51.568140 0.884169 1.808257 -27.407799 -0.062017 0.745000 -1.926193 -0.000009 -0.000003 -0.000000 -0.000000 -0.000000 
6.028526 93.002022 4.511690 -6.077654 -8.050977 10.647098 -0.000004 10.181593 0.131520 -0.787059 6.642122 4.580581 9.576904 0.081673 -10.916130 9.721882 0.037226 -10.783534 0.000002 16.740370 -2.049037 -2.584432 7.249582 -4.903650 0.000007 9.617892 1.685010 -29.332476 31.994385 3.406922 0.000007 22.037338 7.501101 0.000001 0.000002 -0.000002 -4.569970 11.014920 -2.160886 0.903820 7.320336 3.209630 -17.033283 54.944483 39.000213 -0.000019 108.172199 -0.000001 -15.120393 -7.920459 9.427200 -2.464792 -1.573986 2.681859 -3.957287 -16.952384 -15.272043 4.886097 -14.854304 -0.578674 -1.560140 0.883057 -1.926113 0.000007 -0.000008 0.000000 -9.108277 -0.517888 2.259838 -0.000015 -0.007632 -0.091442 0.082165 -1.049164 8.884628 0.105673 -1.220629 9.984532 0.000004 -0.000001 0.000002 -9.532516 -0.000059 -0.000013 0.061063 -0.923103 7.125280 0.141848 -1.343261 11.901431 0.185772 -1.639566 13.271511 -0.000001 0.000003 0.000001 -9.103590 -0.043089 -1.865124 0.247525 -1.842321 15.450124 0.266157 -1.926962 15.810804 0.314994 -2.065634 17.111123 -0.000002 -0.000006 -0.000013 -8.076686 -0.486728 -3.806268 0.527910 -2.662937 22.922282 0.302837 -2.099108 18.270157 0.392264 -2.465239 20.134066 -0.000001 0.000011 -0.000007 4.570447 11.014710 -2.160856 0.236950 0.177770 1.277608 24.027175 -11.549778 -38.878024 0.000118 -117.728624 0.000245 33.810591 9.684930 10.093964 2.466135 -1.576211 2.681737 -3.599481 18.297696 14.126190 4.185344 14.320380 1.150403 -0.821903 0.916484 2.391519 -0.000002 -0.000004 0.000000 9.109300 -0.518042 2.259867 0.048934 0.821119 -6.862778 0.006821 0.312166 -2.488080 0.006492 0.292545 -2.488098 0.000002 0.000002 0.000001 9.533403 0.000007 0.000045 0.097928 1.159538 -9.685087 0.096349 1.153756 -9.586442 0.090541 1.116490 -9.273433 -0.000001 0.000001 -0.000001 9.104528 -0.043029 -1.865076 0.163198 1.493174 -12.468254 0.325287 2.094584 -17.641837 0.326883 2.099544 -17.685207 -0.000001 0.000002 0.000003 8.077800 -0.486870 -3.806261 1.353730 5.957247 -14.783565 0.695309 -1.283410 -24.545099 0.684052 2.793866 -24.084128 0.000000 0.000004 -0.000008 -8.207785 -6.751663 -1.599560 -25.999441 13.995607 -3.007460 61.645879 -10.505745 -10.007951 -18.081589 -17.689266 -8.225768 -8.441483 0.000002 -0.000002 -0.000001 -0.000000 -0.000004 8.207796 -6.751700 -1.599554 -17.270934 3.785342 -12.672731 49.477361 -2.682027 0.383825 -25.660037 -0.464044 2.501745 -3.001930 -0.000002 0.000001 0.000000 0.000001 -0.000000 
5.690712 93.652855 4.672025 -4.335526 -3.636734 12.513812 -0.000008 10.181573 0.131520 -0.950779 7.610606 4.095386 8.246976 0.198472 -12.162415 8.425096 0.179234 -12.037979 -0.000000 16.740421 -2.049036 -2.778515 7.217942 -4.975163 0.000004 9.617897 1.685009 -28.476206 31.358768 3.864573 -0.000002 22.037354 7.501101 -0.000001 -0.000001 -0.000000 -4.569971 11.014903 -2.160884 0.830457 5.947814 2.317983 -16.218440 54.972634 38.596709 -0.000015 108.213282 -0.000000 -16.535787 -8.737240 11.509363 -2.464807 -1.573990 2.681853 -3.957289 -16.952390 -15.272049 4.886097 -14.854307 -0.578675 -1.560139 0.883059 -1.926119 0.000004 -0.000005 0.000005 -9.108284 -0.517888 2.259845 0.001112 -0.125199 0.873356 0.085314 -1.069449 9.053109 0.107487 -1.230737 10.068779 -0.000000 -0.000003 0.000001 -9.532515 -0.000074 -0.000024 0.075402 -1.025010 7.969979 0.146407 -1.365280 12.086108 0.187570 -1.647200 13.335883 -0.000001 -0.000003 0.000000 -9.103589 -0.043105 -1.865135 0.271764 -1.928724 16.187347 0.270957 -1.943763 15.954217 0.316690 -2.070996 17.157379 -0.000002 -0.000001 -0.000001 -8.076675 -0.486727 -3.806278 0.559728 -2.738640 23.597474 0.305493 -2.107768 18.344602 0.393769 -2.469514 20.171277 0.000000 0.000001 -0.000007 4.570446 11.014719 -2.160857 0.157754 1.277582 0.515522 17.970620 -10.329300 -41.343046 0.000128 -114.979459 0.000243 32.399515 10.549383 14.154041 2.466139 -1.576188 2.681738 -3.599478 18.297698 14.126190 4.185347 14.320380 1.150405 -0.821912 0.916469 2.391517 -0.000001 0.000009 0.000004 9.109315 -0.518034 2.259871 0.028777 0.630123 -5.271060 0.004344 0.250053 -1.973038 0.004083 0.230455 -1.973032 0.000000 -0.000001 0.000000 9.533413 0.000048 0.000045 0.070557 0.985233 -8.222485 0.084068 1.078455 -8.953983 0.079984 1.049875 -8.714206 -0.000003 -0.000002 -0.000001 9.104538 -0.043048 -1.865076 0.129405 1.331308 -11.097084 0.300598 2.015352 -16.953279 0.304349 2.027608 -17.059676 -0.000002 0.000002 0.000001 8.077786 -0.486857 -3.806260 1.214690 5.825208 -13.428947 0.659417 -1.357149 -23.866780 0.648812 2.719814 -23.403324 -0.000000 -0.000004 0.000007 -8.207790 -6.751681 -1.599568 -26.407412 15.161685 -4.962906 61.537416 -10.630885 -10.016550 -15.595395 -15.076755 -7.148795 -11.752409 0.000009 -0.000010 -0.000000 0.000001 -0.000003 8.207789 -6.751709 -1.599557 -18.338412 3.074703 -13.960001 47.002923 -5.990089 0.220579 -23.828734 -0.611766 3.536383 -3.945838 0.000004 -0.000002 0.000000 -0.000001 -0.000000 
5.278369 94.294693 4.877634 -3.284876 0.745774 13.869402 -0.000004 10.181598 0.131521 -0.790081 8.235989 3.640720 7.223680 0.278851 -13.268630 7.429922 0.277738 -13.153501 0.000004 16.740383 -2.049034 -2.892660 7.134890 -4.956353 0.000001 9.617863 1.685019 -28.169435 30.730005 4.144421 -0.000006 22.037369 7.501092 0.000003 -0.000002 0.000003 -4.569969 11.014904 -2.160882 0.739640 4.709809 1.615942 -15.770249 55.378569 38.473796 0.000029 108.057725 -0.000007 -18.547264 -9.801069 13.377593 -2.464804 -1.573985 2.681843 -3.957287 -16.952390 -15.272043 4.886095 -14.854309 -0.578677 -1.560133 0.883061 -1.926116 -0.000000 -0.000000 0.000000 -9.108285 -0.517885 2.259822 0.005219 -0.270413 2.065377 0.089960 -1.098473 9.294339 0.110062 -1.245201 10.189415 0.000002 -0.000000 -0.000000 -9.532508 -0.000078 -0.000032 0.096021 -1.155334 9.052950 0.153327 -1.398091 12.361434 0.190505 -1.659532 13.439960 0.000001 0.000002 -0.000001 -9.103599 -0.043087 -1.865140 0.306439 -2.045349 17.186726 0.279201 -1.972216 16.197669 0.319962 -2.081468 17.247500 0.000003 -0.000005 0.000001 -8.076696 -0.486726 -3.806290 0.606841 -2.846373 24.564355 0.311539 -2.127383 18.513187 0.397160 -2.479180 20.255606 -0.000003 0.000002 -0.000001 4.570446 11.014722 -2.160853 0.120781 2.239344 -0.298353 9.441128 -10.780606 -41.952941 0.000135 -111.925600 0.000234 28.241138 10.790473 19.228968 2.466133 -1.576194 2.681737 -3.599482 18.297660 14.126174 4.185351 14.320375 1.150415 -0.821912 0.916476 2.391514 0.000003 0.000003 0.000002 9.109305 -0.518039 2.259868 0.008744 0.347636 -2.924074 0.002135 0.176511 -1.363353 0.001929 0.156927 -1.363393 0.000002 -0.000002 0.000001 9.533414 0.000035 0.000043 0.039820 0.740995 -6.182056 0.071766 0.997213 -8.272829 0.069952 0.982176 -8.147132 -0.000004 -0.000000 -0.000002 9.104537 -0.043029 -1.865077 0.091709 1.122345 -9.336760 0.278828 1.942579 -16.323307 0.285739 1.965980 -16.525656 0.000002 -0.000003 0.000006 8.077798 -0.486866 -3.806259 1.054252 5.664704 -11.826323 0.632784 -1.413323 -23.352319 0.622689 2.663385 -22.886953 -0.000001 -0.000002 0.000001 -8.207788 -6.751648 -1.599566 -25.693135 15.709978 -6.859235 60.791416 -10.719560 -10.021739 -14.219381 -12.891637 -4.990283 -13.916324 0.000005 -0.000008 0.000000 0.000001 0.000000 8.207790 -6.751691 -1.599557 -18.678827 2.512906 -15.341937 44.667842 -8.385083 1.030424 -22.147846 -1.086195 3.609964 -4.552692 -0.000001 -0.000001 -0.000000 0.000000 -0.000000 
4.687156 94.875824 5.116192 -2.610311 5.206456 14.757580 -0.000004 10.181584 0.131522 -1.041801 8.755318 3.110438 6.838887 0.292855 -14.109544 7.067700 0.318823 -13.997458 0.000004 16.740395 -2.049036 -2.942821 6.914114 -4.734952 -0.000001 9.617900 1.685016 -28.210869 29.741389 4.200221 0.000005 22.037338 7.501092 0.000002 -0.000001 -0.000001 -4.569966 11.014914 -2.160883 0.660851 3.777043 1.250459 -15.847695 55.459254 38.670205 -0.000002 107.850688 0.000025 -20.286085 -10.870140 14.958268 -2.464804 -1.573988 2.681849 -3.957289 -16.952381 -15.272038 4.886103 -14.854311 -0.578678 -1.560136 0.883059 -1.926108 0.000001 -0.000006 -0.000003 -9.108290 -0.517880 2.259837 0.013044 -0.426976 3.351585 0.095882 -1.134305 9.592418 0.113298 -1.263069 10.338469 -0.000003 0.000003 0.000003 -9.532512 -0.000060 -0.000024 0.122024 -1.300864 10.266459 0.162139 -1.438890 12.704067 0.194367 -1.675599 13.575701 -0.000002 -0.000006 0.000005 -9.103607 -0.043085 -1.865136 0.349941 -2.182171 18.366276 0.290204 -2.009533 16.517308 0.324492 -2.095937 17.371922 0.000000 -0.000007 -0.000006 -8.076690 -0.486732 -3.806272 0.667546 -2.978385 25.759273 0.320313 -2.155430 18.754612 0.402083 -2.493032 20.376367 -0.000001 -0.000000 -0.000000 4.570449 11.014729 -2.160854 0.101248 2.682600 -0.516122 -0.479338 -12.833582 -41.541976 0.000154 -108.034051 0.000278 23.532377 10.106788 24.045025 2.466152 -1.576200 2.681738 -3.599489 18.297676 14.126173 4.185344 14.320371 1.150406 -0.821909 0.916479 2.391512 0.000002 0.000002 -0.000001 9.109297 -0.518045 2.259873 0.000025 -0.017521 0.103007 0.000285 0.068032 -0.464393 0.000212 0.048448 -0.464409 -0.000001 -0.000004 0.000000 9.533411 0.000033 0.000045 0.012402 0.414090 -3.463308 0.056357 0.884534 -7.330161 0.057021 0.887425 -7.354442 0.000006 0.000001 -0.000001 9.104535 -0.043027 -1.865077 0.049730 0.827773 -6.870246 0.251688 1.847403 -15.502364 0.262768 1.886940 -15.842921 -0.000003 -0.000000 0.000001 8.077794 -0.486876 -3.806261 0.826136 5.420073 -9.464804 0.601926 -1.480122 -22.743584 0.592405 2.596279 -22.276081 -0.000000 -0.000006 0.000003 -8.207786 -6.751670 -1.599563 -24.484925 15.584250 -8.281915 59.595101 -10.783204 -10.024499 -13.702608 -12.331054 -2.534585 -14.887077 0.000001 -0.000005 0.000000 -0.000000 0.000003 8.207792 -6.751701 -1.599557 -18.966407 1.261143 -16.288922 42.521978 -8.339945 1.649749 -20.722114 -3.149988 2.587810 -4.935518 0.000001 0.000000 -0.000000 0.000000 0.000000 
3.889197 95.332123 5.377308 -1.988979 9.534532 15.295801 -0.000004 10.181597 0.131522 -1.838476 9.326618 2.408076 6.914494 0.263094 -14.638557 7.160664 0.330082 -14.523591 0.000001 16.740379 -2.049035 -2.928437 6.584365 -4.374019 0.000001 9.617867 1.685005 -28.011709 28.371288 4.105024 0.000006 22.037354 7.501084 -0.000003 0.000000 -0.000001 -4.569967 11.014900 -2.160881 0.611110 3.163712 1.214350 -16.254617 54.982955 39.071708 0.000048 107.645004 -0.000034 -21.100650 -11.617922 16.272128 -2.464803 -1.573989 2.681851 -3.957294 -16.952388 -15.272045 4.886093 -14.854312 -0.578680 -1.560138 0.883059 -1.926117 0.000003 -0.000006 0.000006 -9.108286 -0.517899 2.259833 0.023268 -0.569882 4.527195 0.102458 -1.172931 9.914078 0.116814 -1.282337 10.499312 -0.000001 -0.000009 -0.000002 -9.532505 -0.000075 -0.000027 0.149950 -1.440338 11.434156 0.172028 -1.483174 13.076634 0.198788 -1.693908 13.730273 0.000002 0.000002 0.000000 -9.103598 -0.043093 -1.865130 0.397476 -2.321536 19.576244 0.303066 -2.052243 16.883736 0.330009 -2.113244 17.521129 0.000000 0.000004 0.000004 -8.076687 -0.486728 -3.806284 0.736151 -3.119370 27.049071 0.331309 -2.190056 19.052942 0.408206 -2.510135 20.525594 -0.000000 0.000002 0.000001 4.570448 11.014716 -2.160853 0.093660 2.485467 -0.160827 -11.048821 -15.603845 -41.217757 0.000279 -102.509077 0.000418 19.373190 8.623920 27.491766 2.466140 -1.576206 2.681736 -3.599491 18.297679 14.126180 4.185345 14.320378 1.150398 -0.821913 0.916479 2.391524 -0.000002 0.000004 -0.000003 9.109307 -0.518031 2.259873 0.011154 -0.392424 3.211561 0.000505 -0.071916 0.000032 0.000505 -0.091499 0.695332 0.000001 -0.000002 -0.000007 9.533404 0.000032 0.000043 0.000224 0.055333 -0.488320 0.039178 0.738609 -6.112325 0.041743 0.759861 -6.289608 0.000001 -0.000002 0.000004 9.104537 -0.043010 -1.865066 0.016271 0.474036 -3.925292 0.216823 1.716957 -14.382317 0.231978 1.774955 -14.879512 -0.000003 -0.000000 -0.000001 8.077794 -0.486861 -3.806257 0.547270 5.091023 -6.421176 0.557715 -1.579222 -21.846029 0.549097 2.496774 -21.375422 -0.000006 0.000003 -0.000001 -8.207784 -6.751668 -1.599564 -23.494268 14.765240 -9.319845 58.258112 -10.818376 -10.024514 -13.962215 -12.906588 -0.631485 -14.901832 0.000006 -0.000007 -0.000000 -0.000000 0.000001 8.207795 -6.751693 -1.599554 -19.527355 -0.216634 -16.656145 40.737243 -8.268981 1.780033 -19.572057 -4.965883 1.661097 -5.390373 0.000008 -0.000001 0.000000 0.000000 -0.000000 
2.925173 95.558540 5.665003 -1.317530 13.385874 15.637961 -0.000004 10.181581 0.131522 -2.750527 9.854861 1.493739 7.006535 0.232172 -14.930887 7.263827 0.344050 -14.814008 0.000001 16.740400 -2.049038 -2.837929 6.246796 -4.002286 0.000002 9.617909 1.685018 -27.176035 26.910664 4.045828 -0.000006 22.037369 7.501098 -0.000001 -0.000000 0.000003 -4.569969 11.014905 -2.160885 0.587760 2.820088 1.348118 -16.664652 54.215695 39.477800 -0.000038 107.454380 0.000021 -20.928205 -11.898782 17.345322 -2.464811 -1.573990 2.681867 -3.957285 -16.952388 -15.272050 4.886099 -14.854307 -0.578668 -1.560140 0.883059 -1.926118 0.000003 -0.000008 0.000004 -9.108283 -0.517880 2.259852 0.032998 -0.678309 5.420812 0.108655 -1.208222 10.208124 0.120117 -1.299956 10.646337 0.000001 0.000001 0.000001 -9.532514 -0.000092 -0.000016 0.174702 -1.552911 12.380654 0.181488 -1.524490 13.424676 0.203169 -1.711771 13.881323 0.000000 -0.000002 0.000001 -9.103590 -0.043084 -1.865116 0.441224 -2.441865 20.628612 0.316139 -2.094666 17.248439 0.335771 -2.131259 17.676647 0.000000 0.000001 -0.000003 -8.076680 -0.486724 -3.806266 0.801631 -3.246850 28.228362 0.343385 -2.227351 19.374921 0.414839 -2.528576 20.686669 0.000001 0.000011 0.000002 4.570444 11.014720 -2.160858 0.132388 1.815730 0.176332 -21.853255 -18.292138 -41.368697 0.000680 -94.571503 0.000938 16.006099 6.671212 29.133755 2.466136 -1.576220 2.681745 -3.599494 18.297681 14.126176 4.185347 14.320374 1.150410 -0.821908 0.916474 2.391516 0.000002 0.000001 -0.000003 9.109301 -0.518031 2.259878 0.034346 -0.688352 5.671558 0.003746 -0.215618 0.000089 0.003768 -0.235200 1.886426 -0.000001 -0.000006 0.000004 9.533395 0.000027 0.000044 0.004676 -0.254273 2.077618 0.024354 0.583438 -4.820363 0.027644 0.618872 -5.115319 0.000001 0.000001 -0.000002 9.104516 -0.043029 -1.865070 0.001331 0.135691 -1.118512 0.179703 1.565243 -13.086921 0.197423 1.639475 -13.719886 -0.000002 -0.000001 0.000006 8.077800 -0.486867 -3.806251 0.279682 4.738237 -3.298478 0.502979 -1.708072 -20.688069 0.495549 2.367409 -20.213586 0.000004 0.000001 0.000002 -8.207785 -6.751667 -1.599561 -22.956981 13.556121 -10.186217 57.147206 -10.807153 -10.019467 -15.169553 -13.433751 0.709144 -14.126543 0.000010 -0.000006 0.000000 0.000000 0.000002 8.207791 -6.751693 -1.599556 -20.315500 -0.848142 -16.517412 39.848437 -8.226260 1.911640 -19.604953 -7.049779 0.622338 -5.981546 0.000002 -0.000002 -0.000001 -0.000001 -0.000000 
1.844437 95.515167 5.987391 -0.720368 16.658971 15.955375 -0.000007 10.181610 0.131520 -3.344555 10.111714 0.380958 6.852318 0.214658 -15.080621 7.111311 0.362440 -14.968436 0.000001 16.740395 -2.049034 -2.675346 5.971610 -3.672375 -0.000003 9.617865 1.685013 -25.786047 25.634260 4.178503 0.000003 22.037354 7.501096 0.000003 0.000001 0.000001 -4.569974 11.014919 -2.160882 0.587208 2.777964 1.458630 -16.985087 53.521472 39.796029 -0.000018 107.303740 0.000003 -20.215623 -11.893564 18.185498 -2.464796 -1.573973 2.681856 -3.957286 -16.952388 -15.272047 4.886093 -14.854301 -0.578672 -1.560133 0.883047 -1.926111 0.000000 -0.000001 -0.000001 -9.108286 -0.517869 2.259841 0.039964 -0.745998 5.979234 0.113498 -1.235018 10.431663 0.122649 -1.313316 10.758118 -0.000003 0.000005 -0.000005 -9.532519 -0.000044 -0.000019 0.192432 -1.628652 13.019441 0.189142 -1.557042 13.699174 0.206806 -1.726425 14.005428 -0.000000 -0.000001 -0.000002 -9.103596 -0.043070 -1.865127 0.474356 -2.528731 21.392798 0.327419 -2.130448 17.556685 0.340927 -2.147150 17.813854 -0.000001 0.000003 0.000003 -8.076701 -0.486716 -3.806269 0.853184 -3.342858 29.125060 0.354624 -2.261367 19.669311 0.420956 -2.545411 20.833890 -0.000000 -0.000003 -0.000002 4.570443 11.014725 -2.160854 0.213793 1.017040 -0.048146 -32.378894 -21.003889 -41.808824 -0.000526 -83.778294 -0.000458 13.624138 4.589481 29.117551 2.466141 -1.576196 2.681738 -3.599484 18.297662 14.126177 4.185349 14.320379 1.150404 -0.821911 0.916483 2.391521 -0.000001 0.000004 -0.000001 9.109311 -0.518052 2.259873 0.052463 -0.850225 7.021447 0.008428 -0.329279 0.000072 0.008476 -0.348887 2.829204 -0.000000 0.000006 -0.000002 9.533409 0.000012 0.000046 0.014728 -0.450963 3.709657 0.014637 0.453458 -3.740279 0.017741 0.496110 -4.094794 -0.000001 0.000006 -0.000000 9.104535 -0.043035 -1.865073 0.000882 -0.111006 0.925674 0.148465 1.424239 -11.889522 0.166807 1.508732 -12.606309 0.000003 -0.000002 0.000001 8.077795 -0.486854 -3.806256 0.081891 4.449024 -0.829184 0.449476 -1.841594 -19.498563 0.443285 2.233429 -19.020342 0.000001 0.000005 -0.000002 -8.207788 -6.751663 -1.599560 -22.598796 12.119728 -11.072409 56.312717 -10.750069 -10.009582 -17.486691 -13.306011 2.143800 -12.578887 0.000004 -0.000008 0.000000 -0.000000 0.000000 8.207788 -6.751692 -1.599557 -21.153210 -0.411619 -16.153165 39.783065 -8.155118 2.391604 -20.054241 -9.261813 -0.657989 -6.452218 0.000002 -0.000001 -0.000000 -0.000000 0.000000 
0.682248 95.207214 6.302488 -0.427782 19.651533 16.271413 -0.000007 10.181602 0.131521 -3.595282 9.903279 -0.792106 6.571469 0.178165 -15.071393 6.817860 0.348505 -14.970233 -0.000001 16.740379 -2.049038 -2.480998 5.740113 -3.335908 -0.000002 9.617872 1.685015 -24.217711 24.540323 4.481327 0.000013 22.037308 7.501098 0.000001 0.000001 -0.000002 -4.569975 11.014906 -2.160886 0.611359 3.104059 1.430777 -17.500645 53.051162 40.161359 -0.000008 107.222673 -0.000005 -19.523792 -12.030167 18.888263 -2.464800 -1.573971 2.681853 -3.957287 -16.952381 -15.272043 4.886097 -14.854309 -0.578673 -1.560140 0.883064 -1.926122 0.000002 -0.000009 0.000001 -9.108276 -0.517860 2.259843 0.043750 -0.780560 6.264453 0.116588 -1.251754 10.571384 0.124230 -1.321689 10.827989 0.000002 -0.000010 0.000002 -9.532507 -0.000062 -0.000025 0.202687 -1.670864 13.376049 0.194278 -1.578454 13.880042 0.209321 -1.736448 14.090142 -0.000000 0.000003 0.000007 -9.103597 -0.043090 -1.865130 0.494807 -2.580658 21.851493 0.335510 -2.155738 17.774847 0.344729 -2.158815 17.914724 0.000000 -0.000009 0.000000 -8.076685 -0.486710 -3.806275 0.886161 -3.402451 29.685594 0.363276 -2.287211 19.893155 0.425622 -2.558215 20.945853 -0.000001 0.000001 -0.000004 4.570444 11.014713 -2.160857 0.286947 0.435929 -0.793415 -41.980655 -24.406064 -42.498120 -0.000177 -70.363215 -0.000160 12.831777 2.625525 27.723649 2.466131 -1.576203 2.681738 -3.599497 18.297705 14.126183 4.185351 14.320368 1.150406 -0.821908 0.916483 2.391520 0.000004 0.000003 0.000000 9.109301 -0.518046 2.259873 0.055281 -0.872579 7.208333 0.011790 -0.391650 -0.000023 0.011824 -0.411232 3.346711 -0.000001 0.000001 -0.000001 9.533411 0.000038 0.000050 0.019147 -0.514234 4.235428 0.009932 0.374326 -3.083503 0.012518 0.417154 -3.438887 -0.000001 -0.000004 -0.000001 9.104537 -0.043050 -1.865068 0.003704 -0.226488 1.883242 0.128276 1.324864 -11.048825 0.145951 1.412293 -11.788255 0.000003 -0.000001 0.000002 8.077783 -0.486858 -3.806249 -0.021286 4.286782 0.525360 0.409075 -1.948054 -18.556919 0.403894 2.126595 -18.075850 -0.000004 0.000003 0.000001 -8.207788 -6.751645 -1.599562 -22.139017 10.036875 -12.047970 55.513121 -10.647187 -9.994048 -21.071528 -12.725862 3.908170 -9.974057 -0.000001 0.000002 0.000000 -0.000000 0.000001 8.207792 -6.751695 -1.599563 -22.064996 0.397888 -15.821964 40.483525 -8.018674 3.293253 -20.490819 -10.901675 -2.120149 -6.523935 0.000006 -0.000003 -0.000001 0.000000 0.000000 
-0.531036 94.603691 6.551920 -0.683875 22.720677 16.317716 -0.000005 10.181586 0.131522 -3.769379 9.096389 -1.673177 6.500414 0.069409 -14.764791 6.715320 0.249758 -14.677624 0.000003 16.740400 -2.049039 -2.321841 5.489481 -2.926915 0.000001 9.617881 1.685016 -22.831171 23.463419 4.774656 0.000003 22.037338 7.501100 -0.000001 0.000001 0.000002 -4.569967 11.014926 -2.160886 0.654654 3.680425 1.259812 -18.733679 52.821387 40.889850 -0.000000 107.200700 -0.000022 -19.134223 -12.713826 19.658097 -2.464800 -1.573990 2.681848 -3.957283 -16.952386 -15.272045 4.886100 -14.854304 -0.578678 -1.560134 0.883057 -1.926106 -0.000002 -0.000001 -0.000005 -9.108289 -0.517883 2.259829 0.046074 -0.800866 6.432195 0.118158 -1.260300 10.642759 0.125045 -1.325953 10.863676 -0.000005 0.000001 0.000001 -9.532513 -0.000060 -0.000027 0.208466 -1.694132 13.572951 0.197173 -1.590406 13.980929 0.210712 -1.742035 14.137502 -0.000000 0.000006 0.000007 -9.103600 -0.043081 -1.865138 0.505715 -2.607845 22.092368 0.340326 -2.170676 17.903770 0.347037 -2.165880 17.975726 0.000000 -0.000009 0.000003 -8.076703 -0.486725 -3.806283 0.903231 -3.432770 29.971987 0.368706 -2.303351 20.033085 0.428578 -2.566215 21.015860 -0.000000 0.000005 -0.000003 4.570447 11.014714 -2.160857 0.320314 0.257102 -1.457067 -50.152815 -28.676474 -43.705195 -0.000087 -55.444494 -0.000046 14.429690 0.855776 24.996676 2.466147 -1.576198 2.681727 -3.599488 18.297686 14.126184 4.185347 14.320374 1.150413 -0.821909 0.916479 2.391515 0.000001 -0.000001 -0.000008 9.109316 -0.518033 2.259859 0.043805 -0.777006 6.410419 0.012295 -0.400306 0.000006 0.012331 -0.419908 3.418629 0.000001 0.000002 -0.000002 9.533426 0.000028 0.000033 0.015109 -0.456789 3.758247 0.008852 0.353400 -2.909980 0.010969 0.390662 -3.219008 0.000001 -0.000003 0.000002 9.104543 -0.043024 -1.865081 0.003292 -0.213063 1.771794 0.120065 1.282136 -10.687984 0.136468 1.366144 -11.397611 0.000001 0.000003 -0.000003 8.077795 -0.486870 -3.806270 -0.035304 4.264024 0.713579 0.387628 -2.006787 -18.039832 0.383023 2.067662 -17.557281 -0.000002 0.000005 -0.000001 -8.207785 -6.751675 -1.599562 -21.557687 6.735635 -12.791815 54.664357 -10.492169 -9.973397 -25.858956 -12.153730 5.514927 -6.181159 -0.000003 -0.000000 -0.000000 0.000000 0.000000 8.207790 -6.751703 -1.599554 -23.152210 1.014306 -15.442733 42.261901 -7.813836 4.733349 -21.000632 -11.665203 -3.681272 -6.191447 0.000003 -0.000001 -0.000001 0.000000 -0.000000 
-1.758908 93.611900 6.783348 -1.734649 25.942956 15.643543 -0.000003 10.181587 0.131519 -4.023731 7.572247 -1.802951 6.924782 -0.140285 -13.984438 7.088798 0.033284 -13.912975 -0.000001 16.740423 -2.049036 -2.266071 5.208928 -2.438245 0.000001 9.617863 1.685008 -21.877639 22.437042 4.854246 0.000009 22.037354 7.501096 0.000000 0.000001 -0.000002 -4.569970 11.014914 -2.160885 0.690403 4.118248 1.019339 -21.110312 52.954300 42.260358 -0.000026 107.165463 0.000043 -18.891893 -13.997839 20.596441 -2.464800 -1.573988 2.681848 -3.957287 -16.952390 -15.272040 4.886098 -14.854312 -0.578675 -1.560135 0.883057 -1.926117 -0.000001 0.000000 0.000002 -9.108283 -0.517862 2.259837 0.050284 -0.836613 6.727524 0.119106 -1.265310 10.684707 0.125534 -1.328471 10.884649 -0.000003 0.000000 -0.000006 -9.532503 -0.000041 -0.000021 0.215836 -1.723323 13.820202 0.199030 -1.597972 14.044805 0.211439 -1.744902 14.161826 0.000001 -0.000001 0.000003 -9.103593 -0.043054 -1.865130 0.514845 -2.630415 22.292499 0.343049 -2.179022 17.975835 0.348221 -2.169469 18.006832 0.000000 0.000001 -0.000000 -8.076689 -0.486716 -3.806279 0.913346 -3.450552 30.140337 0.371517 -2.311585 20.104611 0.430080 -2.570289 21.051591 -0.000000 0.000007 -0.000007 4.570445 11.014731 -2.160855 0.312677 0.393682 -1.372796 -56.629105 -33.055390 -45.406920 -0.000074 -40.852318 -0.000010 18.857346 -0.882848 20.796905 2.466140 -1.576223 2.681724 -3.599475 18.297672 14.126193 4.185341 14.320378 1.150405 -0.821907 0.916476 2.391515 0.000004 0.000001 -0.000008 9.109297 -0.518051 2.259861 0.023755 -0.572612 4.708324 0.010192 -0.363534 -0.000007 0.010244 -0.383111 3.113212 -0.000003 -0.000004 0.000000 9.533409 0.000026 0.000041 0.006149 -0.291309 2.384778 0.010525 0.385220 -3.173857 0.012212 0.411804 -3.394588 -0.000005 0.000001 0.000001 9.104533 -0.043048 -1.865082 0.000563 -0.087882 0.734152 0.122404 1.294435 -10.791891 0.137229 1.369863 -11.429094 -0.000002 0.000006 -0.000002 8.077774 -0.486857 -3.806263 0.024806 4.360273 -0.085713 0.384682 -2.014976 -17.967711 0.380145 2.059432 -17.484907 -0.000000 -0.000006 -0.000004 -8.207784 -6.751666 -1.599563 -20.996881 2.245293 -12.751304 54.544238 -9.497102 -9.890601 -30.257998 -12.246841 7.986740 -2.950117 0.000004 -0.000005 0.000000 -0.000000 -0.000000 8.207797 -6.751698 -1.599559 -24.346474 1.538015 -14.441885 45.619291 -7.593310 6.905299 -21.807930 -12.120144 -5.279544 -5.657319 0.000000 -0.000003 0.000000 0.000000 0.000000 
-2.966120 92.216599 7.118177 -3.825554 29.095899 13.984638 -0.000005 10.181593 0.131522 -4.203954 5.278848 -0.979008 7.966757 -0.425321 -12.593460 8.067277 -0.285649 -12.542370 -0.000000 16.740383 -2.049033 -2.366544 4.975882 -1.919796 0.000000 9.617885 1.685006 -21.596391 21.855482 4.591540 -0.000005 22.037354 7.501091 0.000003 0.000003 0.000001 -4.569968 11.014928 -2.160882 0.681351 3.998690 0.797372 -24.638562 53.703291 44.282285 -0.000015 107.020219 0.000006 -18.377244 -15.388239 21.449241 -2.464808 -1.573998 2.681839 -3.957288 -16.952384 -15.272049 4.886094 -14.854304 -0.578676 -1.560137 0.883056 -1.926120 0.000002 -0.000003 0.000000 -9.108281 -0.517902 2.259829 0.060333 -0.916018 7.384286 0.120769 -1.274141 10.758524 0.126395 -1.332878 10.921548 0.000001 -0.000001 -0.000002 -9.532505 -0.000054 -0.000035 0.231967 -1.785410 14.346906 0.201718 -1.608945 14.137771 0.212248 -1.748184 14.189550 -0.000002 0.000010 0.000002 -9.103591 -0.043085 -1.865143 0.533032 -2.674615 22.685401 0.345827 -2.187476 18.049053 0.349083 -2.172116 18.029688 0.000000 0.000007 0.000003 -8.076689 -0.486723 -3.806284 0.931242 -3.481774 30.436508 0.373183 -2.316427 20.146587 0.430948 -2.572678 21.072605 -0.000000 0.000013 -0.000001 4.570449 11.014714 -2.160853 0.269863 0.507065 -0.316172 -61.286871 -36.487239 -46.852618 -0.000043 -28.501640 -0.000018 25.797479 -3.026431 15.234582 2.466139 -1.576191 2.681734 -3.599485 18.297691 14.126185 4.185337 14.320375 1.150406 -0.821911 0.916478 2.391527 0.000003 0.000002 -0.000010 9.109303 -0.518028 2.259870 0.003963 -0.234349 1.900182 0.006391 -0.284962 -0.000034 0.006408 -0.304530 2.461358 0.000006 -0.000002 0.000001 9.533398 0.000026 0.000040 0.000003 -0.004083 0.004079 0.015455 0.465564 -3.840846 0.016254 0.475188 -3.920888 0.000004 0.000002 0.000002 9.104524 -0.043015 -1.865076 0.001619 0.149839 -1.235790 0.134299 1.355324 -11.306146 0.146852 1.416590 -11.824663 0.000001 0.000001 -0.000001 8.077778 -0.486836 -3.806259 0.157561 4.562885 -1.792359 0.397204 -1.980342 -18.272376 0.392325 2.094194 -17.790495 0.000001 -0.000002 0.000002 -8.207787 -6.751663 -1.599567 -20.709820 -2.798769 -10.996021 56.531232 -9.389274 -10.019479 -32.077577 -11.874222 10.630453 -0.881183 0.000002 0.000001 -0.000000 -0.000001 -0.000000 8.207794 -6.751700 -1.599558 -25.310232 2.196673 -12.222044 50.686752 -7.461651 10.029488 -23.717538 -12.785729 -6.983069 -5.071699 0.000001 -0.000001 0.000000 -0.000000 -0.000000 
-4.146087 90.650764 7.559593 -7.038314 31.804185 11.556985 -0.000003 10.181597 0.131521 -4.054371 2.402954 0.465999 9.607508 -0.709416 -10.554595 9.645895 -0.634495 -10.532495 0.000000 16.740402 -2.049033 -2.645462 4.886093 -1.429317 0.000001 9.617879 1.685003 -22.217494 22.156833 3.973938 0.000003 22.037369 7.501093 -0.000005 0.000001 -0.000000 -4.569973 11.014924 -2.160885 0.614114 3.218897 0.627827 -28.814943 55.225355 46.646606 0.000009 106.714507 -0.000008 -17.291525 -16.019626 21.591599 -2.464800 -1.573986 2.681848 -3.957287 -16.952388 -15.272043 4.886099 -14.854307 -0.578683 -1.560143 0.883059 -1.926113 0.000002 -0.000004 -0.000003 -9.108288 -0.517900 2.259839 0.076946 -1.033756 8.360363 0.124488 -1.293808 10.922668 0.128280 -1.342704 11.003636 -0.000001 0.000005 -0.000005 -9.532510 -0.000059 -0.000027 0.259120 -1.884958 15.194413 0.207029 -1.630430 14.319536 0.214137 -1.755581 14.252170 -0.000001 -0.000002 0.000001 -9.103585 -0.043089 -1.865135 0.567610 -2.756353 23.415116 0.351188 -2.203821 18.190348 0.350823 -2.177373 18.075121 0.000000 -0.000005 -0.000002 -8.076686 -0.486734 -3.806280 0.971652 -3.550851 31.095287 0.376083 -2.324929 20.220428 0.432542 -2.576904 21.109562 -0.000000 -0.000004 -0.000004 4.570446 11.014724 -2.160854 0.231906 0.208165 1.357291 -64.294729 -38.487136 -47.095971 -0.000016 -19.609053 0.000004 34.160532 -5.991055 9.033180 2.466140 -1.576194 2.681739 -3.599484 18.297676 14.126173 4.185348 14.320372 1.150408 -0.821913 0.916469 2.391514 0.000007 0.000006 0.000004 9.109308 -0.518028 2.259873 0.005453 0.274611 -2.318343 0.002019 -0.155220 -0.000019 0.002037 -0.174809 1.385787 -0.000000 -0.000007 0.000001 9.533405 0.000026 0.000045 0.013777 0.436247 -3.647168 0.025883 0.601296 -4.969007 0.024745 0.585720 -4.839559 0.000000 -0.000004 0.000003 9.104538 -0.043031 -1.865069 0.020091 0.526748 -4.363317 0.157458 1.466332 -12.246408 0.166220 1.506082 -12.583863 0.000000 -0.000003 -0.000002 8.077795 -0.486856 -3.806248 0.389785 4.888296 -4.610595 0.424562 -1.906583 -18.923010 0.419001 2.168203 -18.443020 0.000001 -0.000000 0.000002 -8.207785 -6.751658 -1.599561 -19.127974 -7.544926 -7.412376 59.218157 -9.514071 -9.453289 -34.362726 -11.873179 9.255146 -0.745054 -0.000002 0.000001 -0.000000 0.000000 -0.000000 8.207793 -6.751687 -1.599554 -26.190029 1.525643 -7.011000 56.597106 -7.738105 10.172884 -26.401657 -14.289649 -7.329665 -4.453794 0.000004 -0.000001 0.000000 0.000001 -0.000000 
-5.313060 89.514771 7.994536 -10.936182 33.638897 8.917971 -0.000006 10.181589 0.131521 -3.575133 -0.507479 1.792755 11.690369 -0.899934 -8.020131 11.683570 -0.904425 -8.035170 -0.000002 16.740387 -2.049036 -3.064666 4.953853 -1.000387 -0.000002 9.617875 1.685012 -23.769820 23.319835 3.154294 0.000003 22.037354 7.501096 -0.000002 0.000002 0.000001 -4.569975 11.014929 -2.160886 0.512365 2.064589 0.469380 -32.778672 57.354867 48.822681 0.000001 106.285311 -0.000002 -15.672859 -15.231952 20.340631 -2.464800 -1.573992 2.681839 -3.957284 -16.952383 -15.272045 4.886101 -14.854314 -0.578669 -1.560133 0.883056 -1.926115 0.000003 -0.000003 -0.000003 -9.108283 -0.517884 2.259826 0.091480 -1.126597 9.131766 0.130144 -1.322997 11.166711 0.131161 -1.357283 11.125666 -0.000003 0.000001 -0.000001 -9.532520 -0.000058 -0.000032 0.286266 -1.979201 16.000034 0.214750 -1.661076 14.579018 0.217368 -1.768328 14.360206 -0.000001 -0.000005 0.000002 -9.103601 -0.043084 -1.865138 0.610825 -2.854607 24.297841 0.360171 -2.230908 18.424796 0.354284 -2.187813 18.165583 0.000000 -0.000005 0.000001 -8.076690 -0.486726 -3.806281 1.033183 -3.652662 32.074777 0.382616 -2.343832 20.384700 0.435995 -2.586278 21.191731 -0.000001 0.000009 -0.000002 4.570443 11.014716 -2.160857 0.269182 -0.643159 2.972084 -66.371380 -39.360741 -45.933896 -0.000013 -14.257418 -0.000005 42.389838 -9.540003 3.339101 2.466117 -1.576196 2.681737 -3.599479 18.297676 14.126181 4.185338 14.320370 1.150402 -0.821911 0.916478 2.391519 -0.000004 -0.000005 0.000001 9.109302 -0.518038 2.259872 0.064649 0.943184 -7.882956 0.000082 0.039782 -0.230201 0.000049 0.020188 -0.230198 0.000001 -0.000001 0.000001 9.533402 0.000029 0.000042 0.077486 1.032253 -8.616595 0.046545 0.804528 -6.662105 0.041310 0.755899 -6.256835 0.000001 -0.000004 -0.000002 9.104522 -0.043037 -1.865076 0.082110 1.062350 -8.833116 0.197132 1.638328 -13.710045 0.199602 1.648360 -13.795806 0.000002 -0.000007 -0.000004 8.077782 -0.486856 -3.806262 0.768401 5.354823 -8.849885 0.471532 -1.785560 -19.996709 0.464831 2.289670 -19.520047 0.000001 -0.000007 0.000009 -8.207788 -6.751659 -1.599560 -15.595041 -9.897938 -4.083385 61.186392 -9.364981 -5.084280 -36.420314 -10.774729 6.726644 -0.742920 0.000003 -0.000003 -0.000000 -0.000001 -0.000000 8.207790 -6.751715 -1.599556 -25.715609 -0.661690 -1.644664 61.218405 -8.243272 10.116818 -28.424867 -13.619101 -7.381844 -3.808295 0.000007 0.000001 0.000000 -0.000001 0.000000 
-6.538835 89.162170 8.329184 -14.381491 34.044118 6.506711 -0.000004 10.181587 0.131519 -3.088461 -2.684620 2.260380 13.877901 -0.937162 -5.386998 13.851362 -1.004637 -5.439286 0.000001 16.740368 -2.049036 -3.510987 5.101880 -0.657123 -0.000003 9.617887 1.685018 -25.925769 24.783114 2.463409 0.000005 22.037354 7.501095 0.000003 -0.000002 -0.000001 -4.569968 11.014904 -2.160882 0.411575 0.962005 0.259639 -35.642195 59.614110 50.201071 -0.000000 105.831042 -0.000015 -13.747151 -13.076669 17.432147 -2.464807 -1.573969 2.681853 -3.957279 -16.952388 -15.272050 4.886090 -14.854302 -0.578680 -1.560135 0.883054 -1.926108 0.000005 -0.000010 -0.000001 -9.108290 -0.517882 2.259838 0.086869 -1.097993 8.893949 0.134700 -1.346041 11.359700 0.133418 -1.368811 11.222135 -0.000001 0.000003 0.000003 -9.532514 -0.000044 -0.000018 0.288695 -1.987391 16.070378 0.220947 -1.685333 14.784559 0.220759 -1.781501 14.471899 -0.000001 0.000001 0.000002 -9.103597 -0.043068 -1.865128 0.633209 -2.903972 24.743706 0.369770 -2.259370 18.671630 0.358793 -2.201373 18.283129 0.000000 -0.000004 0.000003 -8.076689 -0.486715 -3.806269 1.083062 -3.732411 32.849453 0.392413 -2.371899 20.628964 0.441181 -2.600200 21.313880 -0.000001 0.000002 -0.000008 4.570448 11.014699 -2.160853 0.386388 -1.769173 3.969314 -68.394536 -39.832191 -43.998019 -0.000019 -11.587261 0.000003 48.915435 -12.542402 -0.921022 2.466132 -1.576202 2.681732 -3.599489 18.297679 14.126184 4.185345 14.320373 1.150406 -0.821911 0.916474 2.391517 0.000002 0.000003 0.000000 9.109288 -0.518012 2.259869 0.204173 1.667561 -14.001786 0.006164 0.296940 -2.361743 0.005852 0.277323 -2.361723 -0.000000 0.000014 -0.000002 9.533402 0.000041 0.000039 0.214977 1.710474 -14.356467 0.083154 1.072708 -8.905744 0.070836 0.988385 -8.199080 0.000002 -0.000002 0.000002 9.104523 -0.043014 -1.865076 0.216385 1.715966 -14.367824 0.259771 1.876339 -15.751425 0.252857 1.851706 -15.539068 0.000001 0.000001 -0.000005 8.077774 -0.486864 -3.806258 1.319326 5.925157 -14.451208 0.546341 -1.605412 -21.610022 0.537974 2.470495 -21.138577 -0.000001 0.000002 0.000001 -8.207786 -6.751667 -1.599561 -11.560476 -10.238559 -0.308109 61.168831 -9.268193 -0.960770 -37.023764 -9.662459 4.336828 -0.740758 -0.000007 0.000001 -0.000000 -0.000001 -0.000000 8.207790 -6.751702 -1.599561 -23.744931 -3.611472 2.343869 63.507898 -8.807923 10.088685 -29.233428 -9.025725 -7.268333 -3.256403 0.000006 0.000000 -0.000000 0.000001 0.000000 
-7.774642 89.483238 8.569364 -16.287715 32.456632 4.327793 -0.000006 10.181581 0.131519 -2.877637 -3.605422 1.776442 15.687015 -0.829100 -3.157676 15.662180 -0.918030 -3.235450 0.000000 16.740402 -2.049036 -3.842068 5.262859 -0.451241 0.000001 9.617896 1.685013 -28.105460 25.984311 2.267626 0.000004 22.037338 7.501090 0.000001 0.000001 -0.000000 -4.569968 11.014900 -2.160881 0.336237 0.211661 -0.006421 -36.952549 61.469763 50.380756 0.000018 105.439037 -0.000015 -11.755034 -10.228213 13.316357 -2.464800 -1.573990 2.681847 -3.957287 -16.952386 -15.272050 4.886097 -14.854309 -0.578674 -1.560134 0.883054 -1.926120 0.000008 0.000001 0.000004 -9.108284 -0.517888 2.259837 0.056678 -0.887883 7.151680 0.133289 -1.338973 11.300469 0.132713 -1.365285 11.192533 -0.000000 0.000002 -0.000003 -9.532515 -0.000056 -0.000027 0.247421 -1.842808 14.835258 0.219275 -1.678796 14.729216 0.221547 -1.784543 14.497843 0.000001 0.000002 0.000003 -9.103584 -0.043083 -1.865133 0.599368 -2.828947 24.066791 0.372584 -2.267606 18.743088 0.361529 -2.209590 18.354211 -0.000000 -0.000003 -0.000001 -8.076683 -0.486733 -3.806276 1.067650 -3.707999 32.611698 0.400234 -2.394097 20.822240 0.445320 -2.611203 21.410541 -0.000000 -0.000012 -0.000004 4.570447 11.014714 -2.160853 0.491492 -2.621554 4.227817 -70.672200 -40.446355 -42.042680 -0.000011 -10.413011 -0.000003 52.627670 -13.701134 -3.376015 2.466128 -1.576225 2.681737 -3.599490 18.297676 14.126199 4.185337 14.320368 1.150402 -0.821909 0.916478 2.391521 0.000004 0.000007 -0.000003 9.109305 -0.518045 2.259869 0.387629 2.281801 -19.321856 0.023868 0.579135 -4.705105 0.023252 0.559567 -4.705108 -0.000002 0.000001 0.000003 9.533396 -0.000001 0.000045 0.404440 2.329356 -19.728105 0.136692 1.371515 -11.422462 0.115063 1.257334 -10.458514 -0.000001 -0.000001 0.000001 9.104526 -0.043036 -1.865079 0.418603 2.368472 -20.037540 0.346343 2.159598 -18.208945 0.327900 2.102749 -17.712986 0.000002 0.000002 -0.000001 8.077783 -0.486904 -3.806259 1.987012 6.486987 -20.621569 0.652730 -1.371115 -23.738430 0.642251 2.705762 -23.274455 0.000002 0.000003 0.000009 -8.207787 -6.751672 -1.599561 -8.681635 -9.667066 3.275780 59.650439 -9.342104 0.726801 -36.322960 -8.390071 2.757963 -0.738572 0.000002 -0.000000 -0.000000 -0.000002 -0.000000 8.207790 -6.751710 -1.599554 -21.391971 -6.098404 4.494361 63.934614 -9.324416 9.999123 -28.363158 -0.859094 -7.032453 -3.399682 0.000004 -0.000001 -0.000000 -0.000001 -0.000000 
-8.864240 89.865005 8.711152 -16.662957 28.763743 2.566108 -0.000007 10.181602 0.131522 -2.835921 -3.339919 0.680790 16.679884 -0.642662 -1.626021 16.665989 -0.709695 -1.711244 0.000003 16.740423 -2.049043 -3.967765 5.475624 -0.459982 0.000001 9.617898 1.685010 -29.759407 26.968732 2.728963 0.000009 22.037338 7.501093 0.000003 -0.000001 -0.000000 -4.569965 11.014917 -2.160888 0.299407 -0.086090 -0.265822 -37.046089 62.640594 49.545642 -0.000006 105.125661 0.000017 -9.955290 -7.421573 8.921089 -2.464804 -1.573960 2.681848 -3.957291 -16.952388 -15.272040 4.886097 -14.854306 -0.578680 -1.560141 0.883063 -1.926110 -0.000003 -0.000007 0.000001 -9.108280 -0.517874 2.259840 0.019868 -0.526902 4.173431 0.123190 -1.286908 10.865083 0.127614 -1.339247 10.974838 0.000000 -0.000001 0.000003 -9.532511 -0.000040 -0.000021 0.173234 -1.546577 12.327267 0.205637 -1.624869 14.272298 0.217315 -1.768045 14.357831 -0.000003 0.000008 0.000010 -9.103595 -0.043069 -1.865131 0.502208 -2.599176 22.015479 0.361271 -2.234157 18.452904 0.358930 -2.201751 18.286353 0.000000 -0.000004 -0.000005 -8.076698 -0.486708 -3.806276 0.957365 -3.526663 30.864150 0.397852 -2.387306 20.763210 0.444042 -2.607839 21.380994 0.000000 -0.000003 -0.000005 4.570448 11.014715 -2.160858 0.506897 -2.771775 4.073723 -72.786020 -41.148280 -40.354400 -0.000019 -9.788826 -0.000018 53.346673 -12.633223 -3.960901 2.466139 -1.576212 2.681732 -3.599494 18.297684 14.126192 4.185344 14.320374 1.150404 -0.821910 0.916474 2.391517 0.000003 0.000007 -0.000001 9.109308 -0.518049 2.259874 0.528619 2.650351 -22.597706 0.048635 0.823634 -6.741837 0.047741 0.804084 -6.741806 -0.000002 0.000014 0.000003 9.533398 0.000028 0.000039 0.571563 2.751445 -23.497434 0.196476 1.639918 -13.702674 0.166443 1.509026 -12.588664 0.000001 -0.000000 0.000001 9.104542 -0.043028 -1.865082 0.625862 2.873079 -24.567815 0.444294 2.436945 -20.650297 0.415240 2.358557 -19.956039 -0.000003 -0.000001 -0.000000 8.077802 -0.486882 -3.806260 2.614421 6.914814 -25.994460 0.779635 -1.118289 -26.078839 0.766963 2.959741 -25.623822 0.000000 -0.000001 0.000003 -8.207787 -6.751651 -1.599556 -7.563538 -9.622997 5.747076 58.273733 -9.584851 -0.609876 -35.339501 -5.956680 2.552735 -0.736397 0.000002 -0.000002 -0.000000 -0.000001 -0.000000 8.207789 -6.751700 -1.599561 -20.439614 -7.799783 4.626680 63.793591 -0.920169 10.023365 -24.928898 1.471545 -9.076719 -6.179136 0.000008 -0.000005 -0.000000 0.000001 0.000000 
-9.775058 90.388565 8.718626 -16.325896 23.581829 1.278525 -0.000004 10.181606 0.131521 -2.613913 -2.532336 -0.539171 16.705758 -0.457085 -0.677296 16.701588 -0.478359 -0.757186 0.000001 16.740404 -2.049040 -3.884417 5.856860 -0.722216 0.000003 9.617868 1.685011 -30.581120 28.375116 3.666677 0.000004 22.037369 7.501099 -0.000001 -0.000003 -0.000002 -4.569966 11.014929 -2.160885 0.301157 -0.010474 -0.443975 -36.843420 63.235305 48.427377 0.000001 104.831806 0.000006 -8.553590 -5.032591 5.048915 -2.464808 -1.573975 2.681854 -3.957290 -16.952386 -15.272040 4.886092 -14.854290 -0.578673 -1.560128 0.883052 -1.926114 0.000004 -0.000002 0.000000 -9.108274 -0.517869 2.259846 0.000992 -0.119446 0.826086 0.106806 -1.197700 10.120468 0.119123 -1.294697 10.602511 -0.000001 0.000003 0.000001 -9.532515 -0.000050 -0.000017 0.099124 -1.173703 9.205843 0.182493 -1.528761 13.460704 0.208057 -1.731437 14.047763 0.000001 -0.000002 0.000003 -9.103593 -0.043052 -1.865120 0.375570 -2.258489 19.027833 0.335105 -2.154486 17.763888 0.349429 -2.173134 18.038617 -0.000001 0.000002 -0.000003 -8.076680 -0.486716 -3.806273 0.781833 -3.208986 27.876778 0.380338 -2.337271 20.327606 0.434775 -2.583011 21.163165 0.000000 0.000002 -0.000002 4.570445 11.014746 -2.160856 0.441982 -2.240046 3.996890 -73.994656 -41.403678 -38.632069 -0.000013 -9.221365 0.000010 51.936314 -10.102772 -2.858111 2.466139 -1.576194 2.681735 -3.599483 18.297689 14.126168 4.185341 14.320379 1.150408 -0.821910 0.916474 2.391520 0.000002 0.000003 -0.000006 9.109293 -0.518040 2.259870 0.564247 2.734450 -23.356020 0.068192 0.973631 -7.995695 0.067129 0.954089 -7.995644 -0.000003 0.000012 0.000001 9.533395 0.000028 0.000044 0.644729 2.913972 -24.977700 0.242566 1.818646 -15.233494 0.208491 1.686118 -14.098088 0.000001 0.000001 0.000002 9.104537 -0.043046 -1.865075 0.752520 3.134929 -26.984394 0.527668 2.647396 -22.529360 0.492849 2.561957 -21.763418 0.000004 0.000004 0.000001 8.077805 -0.486864 -3.806258 3.019966 7.148425 -29.306378 0.898262 -0.902899 -28.113520 0.883792 3.176192 -27.666853 -0.000002 -0.000004 -0.000004 -8.207788 -6.751657 -1.599557 -7.192558 -10.253570 6.657820 56.860522 -9.870039 -3.002378 -34.321660 -1.529844 3.192986 -0.734169 -0.000003 -0.000002 -0.000000 -0.000001 -0.000000 8.207791 -6.751680 -1.599557 -19.737807 -9.007676 3.590114 63.260304 8.341773 10.012663 -20.336678 3.005486 -10.235940 -9.302416 0.000013 -0.000001 -0.000000 -0.000001 -0.000000 
-10.505874 91.284546 8.659289 -15.853935 17.885086 0.015953 -0.000005 10.181606 0.131519 -2.076408 -1.939782 -1.534554 15.982820 -0.320167 0.071146 15.984267 -0.297031 -0.002710 0.000003 16.740379 -2.049030 -3.630489 6.476840 -1.186425 0.000001 9.617887 1.685011 -30.556648 30.800188 4.656626 0.000003 22.037354 7.501100 0.000001 0.000001 -0.000001 -4.569967 11.014901 -2.160881 0.319823 0.175438 -0.491004 -37.183427 63.616457 47.769469 -0.000018 104.471664 -0.000014 -7.575594 -3.105876 1.978731 -2.464804 -1.573983 2.681854 -3.957286 -16.952383 -15.272043 4.886099 -14.854309 -0.578672 -1.560137 0.883056 -1.926115 -0.000002 -0.000002 0.000002 -9.108278 -0.517864 2.259845 0.003811 0.232037 -2.058352 0.089763 -1.097157 9.283350 0.109915 -1.244541 10.183924 -0.000002 0.000000 0.000002 -9.532507 -0.000051 -0.000007 0.048240 -0.821473 6.284574 0.157041 -1.415469 12.507284 0.196466 -1.684290 13.649153 -0.000003 0.000003 0.000003 -9.103594 -0.043091 -1.865121 0.263240 -1.898806 15.931662 0.301313 -2.046469 16.834154 0.335207 -2.129484 17.661303 0.000001 -0.000004 0.000001 -8.076677 -0.486711 -3.806261 0.604640 -2.841486 24.520290 0.351284 -2.251337 19.582395 0.419136 -2.540442 20.790437 0.000000 0.000005 -0.000008 4.570446 11.014716 -2.160854 0.345905 -1.462872 4.308426 -73.708874 -40.645739 -36.275060 -0.000017 -8.611386 -0.000001 49.737239 -7.192635 -0.788402 2.466132 -1.576193 2.681742 -3.599490 18.297689 14.126193 4.185342 14.320372 1.150407 -0.821911 0.916478 2.391513 0.000001 0.000006 -0.000003 9.109285 -0.518045 2.259876 0.503117 2.588155 -22.039470 0.073191 1.008342 -8.286406 0.072100 0.988819 -8.286378 -0.000003 0.000004 -0.000004 9.533400 0.000029 0.000048 0.611889 2.842418 -24.323731 0.259596 1.880018 -15.761905 0.226771 1.757248 -14.707107 0.000002 -0.000007 -0.000003 9.104526 -0.043017 -1.865068 0.758929 3.147472 -27.101388 0.571614 2.750801 -23.462393 0.537581 2.671112 -22.742728 0.000002 0.000003 -0.000001 8.077799 -0.486852 -3.806252 3.115911 7.199229 -30.074703 0.975078 -0.772352 -29.366624 0.959565 3.307362 -28.925339 0.000001 -0.000003 0.000004 -8.207789 -6.751647 -1.599561 -6.669039 -10.480209 6.831787 55.068496 -4.982512 -4.122887 -32.948993 -0.191192 0.698042 -0.731937 -0.000002 0.000000 -0.000000 -0.000001 -0.000000 8.207791 -6.751685 -1.599555 -18.767562 -9.902212 2.057271 63.048015 9.582300 10.052304 -15.223086 11.046701 -7.426897 -12.022910 0.000010 -0.000010 0.000000 -0.000000 0.000001 
-11.043612 92.243279 8.637448 -15.299383 12.400767 -1.659733 -0.000005 10.181586 0.131521 -1.463382 -1.923969 -2.181388 14.929443 -0.235164 0.935281 14.935033 -0.185085 0.860512 0.000005 16.740417 -2.049037 -3.221259 7.274950 -1.748878 0.000001 9.617893 1.685008 -29.924271 34.206414 5.316422 0.000005 22.037354 7.501091 -0.000001 -0.000004 -0.000002 -4.569966 11.014923 -2.160885 0.316824 0.091489 -0.361354 -38.424483 64.100444 47.945466 0.000012 103.994691 -0.000016 -6.896450 -1.577254 -0.412044 -2.464808 -1.573973 2.681846 -3.957290 -16.952386 -15.272047 4.886092 -14.854304 -0.578675 -1.560140 0.883056 -1.926114 0.000004 -0.000010 -0.000001 -9.108289 -0.517873 2.259833 0.016999 0.487292 -4.155835 0.076251 -1.010297 8.561872 0.102290 -1.201248 9.823141 -0.000003 -0.000000 -0.000001 -9.532511 -0.000037 -0.000024 0.021285 -0.547683 4.026780 0.135601 -1.312400 11.642941 0.185714 -1.639369 13.269750 -0.000002 0.000000 0.000000 -9.103587 -0.043075 -1.865131 0.185354 -1.598007 13.379575 0.269437 -1.938459 15.909020 0.320461 -2.083102 17.261459 0.000001 0.000000 0.000001 -8.076694 -0.486716 -3.806277 0.469478 -2.516895 21.629034 0.319951 -2.154254 18.744418 0.401883 -2.492451 20.371307 -0.000002 0.000000 -0.000003 4.570448 11.014709 -2.160856 0.261752 -0.914176 5.020667 -71.778164 -38.499236 -32.864879 0.000000 -8.153092 -0.000011 47.738952 -4.569421 1.239673 2.466139 -1.576212 2.681747 -3.599488 18.297696 14.126182 4.185344 14.320375 1.150407 -0.821912 0.916474 2.391520 -0.000003 -0.000000 -0.000006 9.109304 -0.518058 2.259876 0.399013 2.314070 -19.605679 0.064643 0.948282 -7.783429 0.063616 0.928733 -7.783393 -0.000001 -0.000004 0.000000 9.533412 0.000014 0.000052 0.515787 2.619342 -22.306836 0.247648 1.837198 -15.392984 0.219539 1.729432 -14.468794 0.000001 -0.000001 0.000002 9.104540 -0.043021 -1.865065 0.673362 2.974621 -25.499022 0.569248 2.745356 -23.413013 0.540788 2.678746 -22.811585 0.000002 -0.000002 -0.000005 8.077797 -0.486883 -3.806248 2.950353 7.110512 -28.745490 0.993334 -0.742314 -29.657754 0.977586 3.337600 -29.217739 0.000001 -0.000005 -0.000005 -8.207791 -6.751679 -1.599558 -6.226602 -9.288351 7.034868 53.096108 -0.234221 -3.336763 -31.205550 0.694706 -2.114514 -0.729699 -0.000004 -0.000001 -0.000000 -0.000001 -0.000000 8.207790 -6.751705 -1.599555 -17.932156 -10.847600 1.208113 62.628982 10.048999 10.049214 -10.299373 17.773622 -4.180613 -13.582847 0.000012 -0.000001 -0.000000 -0.000001 -0.000001 
-11.431810 93.053078 8.667847 -14.584354 7.177341 -3.699841 -0.000004 10.181582 0.131526 -1.119168 -2.316658 -2.480211 13.885928 -0.174969 1.963114 13.896727 -0.117295 1.883064 0.000001 16.740396 -2.049034 -2.629904 8.092803 -2.339011 0.000002 9.617893 1.685014 -29.034885 37.926418 5.525141 0.000002 22.037354 7.501088 0.000001 -0.000004 -0.000000 -4.569969 11.014918 -2.160883 0.268006 -0.525127 -0.015547 -40.484174 64.740863 48.955183 -0.000008 103.421714 -0.000004 -6.355903 -0.410039 -2.277775 -2.464804 -1.573990 2.681848 -3.957288 -16.952383 -15.272042 4.886094 -14.854307 -0.578673 -1.560138 0.883056 -1.926115 0.000003 0.000001 0.000004 -9.108282 -0.517885 2.259835 0.031333 0.660965 -5.585799 0.067121 -0.947028 8.037204 0.096906 -1.169755 9.560794 0.000000 -0.000000 -0.000002 -9.532499 -0.000065 -0.000022 0.008831 -0.355764 2.448776 0.120330 -1.233695 10.984645 0.177552 -1.604318 12.974280 -0.000005 -0.000001 0.000003 -9.103599 -0.043091 -1.865131 0.137863 -1.380619 11.552439 0.244987 -1.850919 15.162540 0.308427 -2.044356 16.928165 0.000001 -0.000002 -0.000004 -8.076685 -0.486706 -3.806275 0.381568 -2.276746 19.527335 0.294080 -2.070216 18.022115 0.387283 -2.450977 20.009983 0.000002 -0.000001 0.000003 4.570447 11.014735 -2.160854 0.212738 -0.740986 5.985785 -68.536789 -34.671475 -28.495447 -0.000022 -8.250732 -0.000036 46.164009 -2.657080 2.693953 2.466143 -1.576206 2.681729 -3.599487 18.297689 14.126184 4.185344 14.320377 1.150403 -0.821912 0.916476 2.391520 0.000005 0.000009 -0.000003 9.109309 -0.518027 2.259866 0.300417 2.015423 -16.995852 0.050227 0.836882 -6.852576 0.049321 0.817336 -6.852569 -0.000000 -0.000002 0.000000 9.533418 0.000040 0.000041 0.409023 2.342094 -19.840383 0.219149 1.730305 -14.475563 0.196487 1.637593 -13.683620 0.000001 -0.000002 -0.000006 9.104547 -0.043030 -1.865076 0.554215 2.711114 -23.097091 0.533615 2.661631 -22.657655 0.512245 2.609970 -22.193277 0.000001 -0.000001 0.000000 8.077807 -0.486873 -3.806264 2.649681 6.936385 -26.286886 0.961959 -0.794225 -29.155844 0.946628 3.285414 -28.713630 0.000005 -0.000000 -0.000004 -8.207785 -6.751676 -1.599560 -6.166586 -7.101298 7.689172 51.025256 3.384690 -1.750906 -29.360975 1.351646 -4.479873 -0.727430 -0.000001 -0.000000 -0.000000 -0.000001 -0.000000 8.207793 -6.751702 -1.599550 -17.468192 -11.585674 1.322316 62.451268 9.982612 9.985198 -5.587954 22.060434 -1.335595 -15.859458 0.054912 -2.253831 0.000000 -0.000001 -0.000000 
-11.701916 93.795418 8.728720 -13.768854 1.706121 -5.740622 -0.000005 10.181591 0.131521 -1.198184 -2.706997 -2.455623 12.951105 -0.108590 2.994721 12.967748 -0.056981 2.913392 0.000001 16.740385 -2.049036 -1.821202 8.780222 -2.948035 0.000002 9.617895 1.685012 -28.104919 41.185962 5.383894 0.000003 22.037354 7.501088 -0.000001 -0.000004 0.000000 -4.569969 11.014905 -2.160880 0.191305 -1.589582 0.507802 -42.925102 65.337603 50.470829 -0.000071 102.836605 0.000057 -5.808347 0.402989 -3.639856 -2.464800 -1.573975 2.681846 -3.957293 -16.952393 -15.272042 4.886097 -14.854299 -0.578677 -1.560133 0.883052 -1.926119 0.000003 -0.000012 0.000004 -9.108282 -0.517864 2.259838 0.043328 0.776757 -6.541168 0.061203 -0.903835 7.679560 0.093335 -1.148269 9.381915 -0.000001 -0.000001 0.000001 -9.532502 -0.000043 -0.000024 0.003437 -0.226369 1.386080 0.110225 -1.178837 10.526927 0.171951 -1.579737 12.767224 0.000001 0.000001 0.000005 -9.103599 -0.043075 -1.865129 0.109594 -1.232286 10.312862 0.228323 -1.788527 14.632039 0.299891 -2.016460 16.688575 -0.000000 -0.000000 -0.000005 -8.076687 -0.486721 -3.806274 0.326727 -2.111267 18.094996 0.275930 -2.008884 17.496812 0.376833 -2.420751 19.747207 -0.000000 0.000004 -0.000004 4.570446 11.014716 -2.160851 0.184461 -0.728207 7.069357 -64.686611 -28.886984 -23.770873 -0.000027 -9.338272 -0.000001 44.685625 -1.971254 3.907589 2.466140 -1.576192 2.681741 -3.599483 18.297679 14.126178 4.185344 14.320374 1.150410 -0.821909 0.916479 2.391516 0.000004 0.000003 0.000002 9.109306 -0.518054 2.259877 0.229284 1.765450 -14.839879 0.036765 0.717125 -5.853809 0.035996 0.697585 -5.853797 0.000000 0.000011 -0.000001 9.533413 0.000028 0.000056 0.323346 2.089212 -17.624794 0.187936 1.604483 -13.400459 0.169717 1.523593 -12.712462 -0.000000 0.000000 0.000001 9.104536 -0.043032 -1.865067 0.446930 2.444646 -20.712081 0.485422 2.543281 -21.596601 0.470157 2.504422 -21.249960 0.000001 -0.000001 -0.000005 8.077787 -0.486892 -3.806249 2.335860 6.735479 -23.650775 0.905054 -0.891071 -28.226322 0.890496 3.188068 -27.780080 0.000002 -0.000002 -0.000001 -8.207788 -6.751678 -1.599563 -6.389429 -5.035204 8.576557 48.884333 6.872924 -0.730136 -27.427885 1.793064 -6.387418 -0.725137 0.000002 -0.000001 -0.000000 -0.000001 -0.000000 8.207792 -6.751703 -1.599556 -17.063913 -11.730253 2.071579 62.464122 9.293955 9.868326 -1.248482 23.546596 0.559968 -18.639918 0.318082 -5.355871 0.000000 -0.000001 0.000001 
-11.806002 94.328651 8.819688 -12.867660 -4.374546 -7.541886 -0.000006 10.181580 0.131523 -1.619128 -2.824233 -2.078267 12.029534 -0.022393 3.856621 12.050423 0.013714 3.783726 0.000002 16.740379 -2.049036 -0.798518 9.275764 -3.585313 -0.000000 9.617869 1.685008 -27.045951 43.611577 5.018432 -0.000000 22.037369 7.501094 -0.000000 -0.000004 -0.000001 -4.569970 11.014903 -2.160884 0.125307 -2.713060 1.039454 -45.007135 65.627436 51.875966 -0.000012 102.344654 -0.000013 -5.150801 0.905216 -4.518116 -2.464804 -1.573958 2.681858 -3.957289 -16.952384 -15.272042 4.886099 -14.854302 -0.578680 -1.560133 0.883056 -1.926117 0.000001 -0.000001 0.000000 -9.108275 -0.517864 2.259840 0.050774 0.840704 -7.069455 0.057427 -0.874975 7.440597 0.090970 -1.133914 9.262426 0.000002 0.000003 0.000000 -9.532510 -0.000050 -0.000017 0.001350 -0.148817 0.749581 0.103768 -1.142420 10.223367 0.168196 -1.563054 12.626742 -0.000001 0.000001 0.000001 -9.103582 -0.043068 -1.865126 0.093158 -1.136771 9.517444 0.217396 -1.746424 14.274781 0.294157 -1.997450 16.525405 0.000000 -0.000001 0.000001 -8.076681 -0.486710 -3.806271 0.292413 -1.999970 17.138212 0.263859 -1.966969 17.138743 0.369791 -2.400135 19.568072 0.000001 0.000004 -0.000000 4.570445 11.014706 -2.160856 0.130829 -0.537917 8.171324 -61.039563 -21.123284 -19.466212 -0.000009 -11.595374 0.000013 42.961282 -2.856904 5.711300 2.466143 -1.576202 2.681739 -3.599491 18.297689 14.126192 4.185341 14.320374 1.150406 -0.821912 0.916472 2.391523 -0.000000 0.000004 -0.000001 9.109298 -0.518067 2.259874 0.187279 1.598099 -13.408929 0.027226 0.617995 -5.028336 0.026556 0.598421 -5.028312 0.000000 0.000008 -0.000001 9.533402 0.000001 0.000045 0.267713 1.905013 -16.028369 0.162497 1.493654 -12.457556 0.147188 1.420141 -11.834559 -0.000000 0.000006 0.000000 9.104532 -0.043048 -1.865073 0.370751 2.233052 -18.845638 0.440984 2.428174 -20.572280 0.429776 2.398156 -20.306289 0.000001 -0.000002 0.000002 8.077807 -0.486887 -3.806255 2.083810 6.558751 -21.473630 0.845725 -0.996034 -27.228694 0.832036 3.082588 -26.778296 0.000000 -0.000002 0.000000 -8.207788 -6.751670 -1.599560 -7.164383 -3.524374 9.168673 47.385954 9.331987 -0.432927 -25.706105 3.804523 -7.253342 -0.747004 -0.000002 0.000002 -0.000000 -0.000000 -0.000000 8.207789 -6.751702 -1.599556 -16.911077 -11.234885 2.699312 63.418252 9.157643 9.859760 0.125898 22.554154 1.497542 -19.205169 0.275879 -4.958351 0.000001 0.000001 -0.000004 
-11.739053 94.638359 8.930033 -11.794451 -10.905214 -9.155076 -0.000006 10.181581 0.131518 -2.163300 -2.646229 -1.274805 10.994864 0.079813 4.501650 11.016450 0.092300 4.446467 0.000001 16.740396 -2.049032 0.375100 9.604791 -4.232880 0.000002 9.617865 1.685015 -25.535916 45.296305 4.439856 0.000003 22.037369 7.501095 0.000000 -0.000001 -0.000001 -4.569968 11.014904 -2.160882 0.084950 -3.505243 1.360317 -45.967433 65.486426 52.526948 0.000030 102.028184 -0.000025 -4.409074 1.216175 -5.092355 -2.464811 -1.573960 2.681856 -3.957290 -16.952384 -15.272042 4.886092 -14.854304 -0.578675 -1.560136 0.883059 -1.926110 0.000001 -0.000001 -0.000001 -9.108286 -0.517858 2.259843 0.052043 0.851186 -7.156087 0.055399 -0.859007 7.308441 0.089674 -1.125956 9.196352 0.000000 0.000004 0.000001 -9.532519 -0.000053 -0.000020 0.000835 -0.122647 0.534826 0.100204 -1.121788 10.051352 0.165909 -1.552781 12.540437 -0.000002 0.000000 0.000005 -9.103596 -0.043062 -1.865128 0.085786 -1.091213 9.138542 0.210774 -1.720281 14.053317 0.290442 -1.985035 16.418989 -0.000001 -0.000002 -0.000004 -8.076698 -0.486716 -3.806273 0.274225 -1.938171 16.609067 0.255973 -1.938937 16.899481 0.365115 -2.386337 19.448388 0.000001 -0.000004 -0.000006 4.570444 11.014721 -2.160854 0.007994 0.059121 9.162113 -58.185596 -11.896311 -16.027625 -0.000018 -14.789226 -0.000011 41.121198 -4.992847 8.706160 2.466136 -1.576204 2.681732 -3.599488 18.297689 14.126196 4.185345 14.320370 1.150405 -0.821911 0.916476 2.391518 0.000005 0.000006 0.000004 9.109302 -0.518040 2.259864 0.165933 1.505452 -12.620412 0.021673 0.552078 -4.480248 0.021084 0.532515 -4.480216 -0.000000 -0.000000 -0.000002 9.533419 0.000042 0.000040 0.236986 1.794448 -15.076435 0.145600 1.414920 -11.789681 0.131871 1.345046 -11.199151 0.000000 0.000002 -0.000000 9.104527 -0.043013 -1.865079 0.325758 2.096763 -17.654664 0.408290 2.339314 -19.786356 0.399258 2.314072 -19.564008 0.000001 -0.000004 -0.000002 8.077784 -0.486861 -3.806264 1.920327 6.436220 -20.028920 0.798084 -1.083570 -26.403993 0.785120 2.994610 -25.950259 -0.000000 0.000000 0.000003 -8.207791 -6.751670 -1.599562 -8.723635 -1.937807 9.434452 46.490687 9.318489 -0.027202 -24.267319 8.558548 -6.856040 -1.215564 0.000002 0.000002 0.000000 -0.000000 -0.000000 8.207788 -6.751698 -1.599555 -16.938031 -10.486163 3.083913 64.647249 9.043171 9.860610 -0.240647 20.263360 1.273233 -18.806477 0.219877 -4.438637 0.000000 -0.000000 0.000002 
-11.537601 94.873695 9.037765 -10.643559 -17.568334 -10.737954 -0.000004 10.181580 0.131526 -2.543611 -2.224320 -0.026963 9.793922 0.190279 4.996379 9.811807 0.174863 4.964119 0.000002 16.740391 -2.049035 1.596442 9.817492 -4.835199 0.000002 9.617901 1.685011 -23.255435 46.494208 3.531531 -0.000001 22.037354 7.501096 0.000002 0.000000 0.000001 -4.569971 11.014915 -2.160883 0.062264 -3.824111 1.372731 -45.466278 64.980521 52.129834 0.000022 101.931107 -0.000022 -3.758055 1.492036 -5.656333 -2.464800 -1.573975 2.681850 -3.957288 -16.952386 -15.272047 4.886093 -14.854297 -0.578678 -1.560137 0.883049 -1.926117 0.000006 -0.000002 0.000000 -9.108280 -0.517879 2.259839 0.048316 0.820286 -6.900662 0.055066 -0.856386 7.286692 0.089469 -1.124646 9.185471 -0.000001 0.000008 0.000001 -9.532493 -0.000059 -0.000021 0.001171 -0.140297 0.679574 0.099274 -1.116351 10.006137 0.165061 -1.548979 12.508492 0.000002 0.000003 0.000005 -9.103589 -0.043095 -1.865127 0.086121 -1.093346 9.156277 0.207992 -1.709206 13.959497 0.288601 -1.978831 16.365686 -0.000000 -0.000001 -0.000000 -8.076688 -0.486731 -3.806272 0.271291 -1.927994 16.522000 0.251640 -1.923399 16.767129 0.362543 -2.378714 19.382173 -0.000000 -0.000004 -0.000003 4.570444 11.014725 -2.160854 -0.196683 1.107807 9.900426 -56.388068 -2.150453 -13.268020 -0.000021 -18.469291 0.000001 39.855356 -7.269247 12.852267 2.466128 -1.576210 2.681740 -3.599498 18.297686 14.126200 4.185343 14.320373 1.150406 -0.821910 0.916474 2.391513 0.000002 0.000004 -0.000001 9.109279 -0.518050 2.259874 0.150873 1.436340 -12.034039 0.018890 0.515747 -4.178153 0.018331 0.496164 -4.178120 -0.000000 -0.000002 0.000000 9.533401 0.000035 0.000051 0.217785 1.721449 -14.450377 0.135868 1.367423 -11.387870 0.123146 1.300269 -10.820941 0.000000 0.000009 0.000003 9.104530 -0.043031 -1.865073 0.300588 2.016046 -16.953180 0.388186 2.282736 -19.288183 0.380316 2.260115 -19.089438 0.000001 0.000003 0.000004 8.077784 -0.486855 -3.806258 1.831562 6.366933 -19.232880 0.767132 -1.142097 -25.856361 0.754660 2.935812 -25.400437 -0.000001 -0.000002 0.000009 -8.207788 -6.751672 -1.599558 -10.796490 0.370476 9.787682 45.560405 9.325209 1.130666 -22.749895 13.087833 -6.720627 -1.830298 -0.000003 0.000001 0.000000 -0.000000 -0.000000 8.207793 -6.751710 -1.599555 -16.930366 -9.604942 3.468605 65.412476 9.058923 9.867023 -2.473754 18.293943 0.287685 -16.522316 0.157152 -3.793225 0.000001 -0.000000 -0.000001 
-11.212134 95.158684 9.149703 -9.726479 -24.237551 -12.358210 -0.000001 10.181578 0.131522 -2.455256 -1.501106 1.578407 8.429869 0.305413 5.397210 8.439179 0.266773 5.388494 0.000004 16.740385 -2.049035 2.761567 9.932149 -5.306564 0.000001 9.617889 1.685010 -20.139129 47.325011 2.139487 0.000008 22.037354 7.501094 0.000005 0.000000 0.000000 -4.569968 11.014892 -2.160884 0.055406 -3.748930 1.199327 -43.760472 64.248413 50.815033 0.000020 102.078953 -0.000015 -3.306543 1.850394 -6.397704 -2.464797 -1.573977 2.681843 -3.957289 -16.952374 -15.272043 4.886093 -14.854299 -0.578671 -1.560137 0.883053 -1.926115 0.000004 -0.000005 0.000000 -9.108268 -0.517877 2.259828 0.043325 0.777024 -6.543055 0.056044 -0.864110 7.350489 0.090099 -1.128473 9.217366 0.000002 0.000009 0.000002 -9.532491 -0.000041 -0.000027 0.002046 -0.178607 0.994161 0.100399 -1.122931 10.060919 0.165489 -1.550891 12.524631 0.000000 -0.000003 0.000001 -9.103575 -0.043104 -1.865136 0.091492 -1.126614 9.432962 0.208604 -1.711636 13.980278 0.288567 -1.978669 16.364548 -0.000000 0.000002 0.000003 -8.076682 -0.486702 -3.806283 0.279950 -1.957832 16.777451 0.250932 -1.920839 16.745283 0.362125 -2.377452 19.371250 0.000002 0.000000 -0.000001 4.570443 11.014719 -2.160857 -0.455509 2.472338 10.324954 -55.819520 7.246914 -10.424021 -0.000019 -22.410322 -0.000002 39.863006 -8.252168 17.481555 2.466128 -1.576191 2.681746 -3.599494 18.297689 14.126187 4.185347 14.320380 1.150401 -0.821905 0.916471 2.391528 0.000001 -0.000002 -0.000008 9.109293 -0.518055 2.259881 0.126230 1.315038 -11.007802 0.016940 0.488720 -3.953600 0.016412 0.469112 -3.953580 0.000001 -0.000004 0.000001 9.533388 0.000016 0.000050 0.192694 1.620846 -13.590582 0.129039 1.333036 -11.097151 0.117696 1.271492 -10.578033 0.000001 0.000000 -0.000000 9.104518 -0.043050 -1.865065 0.276562 1.935576 -16.256460 0.375922 2.247425 -18.977937 0.369511 2.228691 -18.813589 0.000001 -0.000000 -0.000002 8.077788 -0.486861 -3.806246 1.766231 6.314645 -18.641367 0.750314 -1.174462 -25.554453 0.738123 2.903272 -25.097366 0.000001 -0.000012 0.000003 -8.207784 -6.751661 -1.599559 -12.780386 2.991965 10.196849 44.185638 9.385492 2.827379 -20.941141 17.349903 -6.773514 -2.724360 0.000003 -0.000002 -0.000000 -0.000000 -0.000000 8.207796 -6.751695 -1.599556 -16.586322 -8.252294 4.122175 65.014918 9.123157 9.870831 -5.819717 17.864884 -1.045174 -13.200341 0.112256 -3.245288 -0.000001 -0.000002 0.000001 
-10.736741 95.442139 9.294367 -9.313670 -30.877752 -14.027620 -0.000006 10.181595 0.131523 -1.715028 -0.306587 3.445728 6.940052 0.430922 5.648757 6.936137 0.382433 5.659925 -0.000001 16.740389 -2.049037 3.787496 9.924361 -5.555741 0.000002 9.617868 1.685011 -16.551210 47.714052 0.232639 0.000004 22.037354 7.501091 0.000000 -0.000002 0.000001 -4.569969 11.014936 -2.160888 0.077123 -3.377973 1.122261 -41.546880 63.327465 48.942837 0.000043 102.496250 -0.000058 -2.834427 2.315007 -7.226595 -2.464796 -1.573958 2.681844 -3.957289 -16.952384 -15.272047 4.886089 -14.854306 -0.578667 -1.560133 0.883047 -1.926118 -0.000001 -0.000002 0.000005 -9.108273 -0.517868 2.259829 0.040282 0.749154 -6.313176 0.057424 -0.874909 7.439916 0.090978 -1.133868 9.262069 -0.000000 0.000002 0.000001 -9.532509 -0.000027 -0.000023 0.002938 -0.210258 1.253828 0.102339 -1.134224 10.154967 0.166565 -1.555723 12.565252 0.000001 -0.000004 -0.000000 -9.103602 -0.043056 -1.865138 0.097626 -1.163535 9.740136 0.211205 -1.721974 14.067644 0.289762 -1.982726 16.399260 0.000001 -0.000000 -0.000007 -8.076680 -0.486718 -3.806282 0.292321 -1.999647 17.135398 0.253011 -1.928330 16.809080 0.363356 -2.381109 19.403176 0.000000 0.000001 -0.000001 4.570442 11.014710 -2.160858 -0.706489 3.840143 10.457322 -56.871785 15.915461 -6.534275 -0.000019 -26.899122 -0.000003 41.132461 -7.104699 21.427161 2.466136 -1.576186 2.681747 -3.599478 18.297682 14.126186 4.185344 14.320372 1.150403 -0.821912 0.916474 2.391516 0.000002 0.000003 -0.000001 9.109296 -0.518043 2.259880 0.086482 1.090021 -9.113334 0.013775 0.441413 -3.560735 0.013317 0.421824 -3.560764 -0.000003 -0.000005 0.000004 9.533412 0.000029 0.000053 0.150826 1.436175 -12.020219 0.119420 1.283008 -10.674974 0.110530 1.232548 -10.249680 0.000002 -0.000002 0.000000 9.104540 -0.043042 -1.865065 0.235993 1.790660 -15.008168 0.362661 2.208536 -18.637001 0.359205 2.198258 -18.546972 -0.000001 -0.000000 0.000000 8.077808 -0.486848 -3.806246 1.653273 6.221557 -17.606752 0.737925 -1.198577 -25.330197 0.725940 2.879046 -24.872218 0.000003 0.000008 0.000004 -8.207788 -6.751663 -1.599560 -14.302486 4.862068 10.406659 42.713794 9.455685 4.315412 -19.053267 21.923347 -6.719634 -3.956277 0.000002 -0.000007 -0.000001 -0.000000 -0.000000 8.207788 -6.751687 -1.599552 -15.822492 -6.102681 5.049853 63.142141 9.143888 9.868204 -8.854250 19.221496 -2.611150 -11.400758 0.108838 -3.219621 -0.000001 0.000002 0.000001 
-10.081295 95.577026 9.465097 -9.450326 -37.430058 -15.776545 -0.000007 10.181588 0.131522 -0.438195 1.549984 5.516918 5.464181 0.594625 5.607461 5.444416 0.549850 5.632073 0.000003 16.740400 -2.049031 4.608116 9.749214 -5.541664 0.000001 9.617874 1.685010 -13.221860 47.472547 -2.006004 0.000002 22.037369 7.501092 0.000000 -0.000001 0.000000 -4.569968 11.014920 -2.160881 0.146846 -2.685749 1.423570 -39.832212 62.067404 47.052278 -0.000026 103.178504 0.000012 -1.967780 2.777298 -7.813829 -2.464807 -1.573967 2.681856 -3.957290 -16.952390 -15.272042 4.886093 -14.854299 -0.578678 -1.560132 0.883054 -1.926113 0.000007 -0.000001 0.000002 -9.108289 -0.517850 2.259842 0.039588 0.742769 -6.260332 0.058330 -0.881865 7.497394 0.091532 -1.137318 9.290850 0.000002 -0.000001 0.000004 -9.532499 -0.000033 -0.000016 0.003324 -0.222864 1.357394 0.103831 -1.142739 10.226063 0.167484 -1.559897 12.600252 -0.000001 -0.000002 0.000005 -9.103592 -0.043078 -1.865125 0.101098 -1.183874 9.909507 0.213787 -1.732222 14.154514 0.291179 -1.987506 16.440042 0.000001 0.000006 -0.000001 -8.076703 -0.486688 -3.806272 0.300413 -2.026484 17.365667 0.255933 -1.938831 16.898571 0.365099 -2.386277 19.447937 0.000001 0.000007 0.000001 4.570446 11.014716 -2.160853 -0.864098 4.788614 10.269957 -60.190475 23.853578 -1.042961 -0.000039 -32.561551 -0.000008 42.915486 -4.338426 23.434809 2.466121 -1.576181 2.681728 -3.599480 18.297674 14.126178 4.185346 14.320374 1.150402 -0.821907 0.916479 2.391520 0.000002 0.000006 0.000002 9.109282 -0.518057 2.259860 0.044542 0.783491 -6.548774 0.008813 0.354032 -2.835432 0.008442 0.334422 -2.835419 0.000000 0.000001 -0.000008 9.533395 0.000046 0.000036 0.099127 1.166600 -9.744513 0.103563 1.195667 -9.938896 0.097856 1.160371 -9.642234 0.000001 0.000004 0.000004 9.104523 -0.043020 -1.865082 0.176826 1.553485 -12.980887 0.339962 2.140116 -18.038622 0.341002 2.143305 -18.066638 0.000001 -0.000004 -0.000001 8.077776 -0.486847 -3.806268 1.449273 6.044437 -15.697429 0.716490 -1.240877 -24.938021 0.704872 2.836583 -24.478537 -0.000003 0.000008 0.000002 -8.207786 -6.751664 -1.599561 -15.559502 5.524467 10.591673 41.898535 9.432611 4.769813 -17.575383 27.004058 -6.210106 -5.305456 0.000001 0.000001 0.000000 -0.000000 -0.000000 8.207790 -6.751703 -1.599555 -14.724395 -3.212841 6.038698 59.940347 9.182009 9.863457 -10.973693 22.036533 -4.462402 -12.334007 0.154211 -3.845716 -0.000000 -0.000001 -0.000000 
-9.208733 95.331993 9.625703 -10.148417 -43.845836 -17.586614 -0.000003 10.181594 0.131521 0.991621 4.185215 7.602888 4.304343 0.847736 5.170062 4.269805 0.810444 5.203903 0.000005 16.740396 -2.049034 5.175549 9.360720 -5.324269 0.000002 9.617895 1.685016 -10.839793 46.339152 -4.310860 0.000000 22.037384 7.501095 0.000001 -0.000000 -0.000000 -4.569967 11.014921 -2.160884 0.276238 -1.525121 2.231411 -39.859707 60.225268 45.934634 -0.000049 104.041997 0.000036 -0.890882 3.010478 -7.778191 -2.464803 -1.573971 2.681849 -3.957290 -16.952386 -15.272042 4.886099 -14.854304 -0.578683 -1.560139 0.883057 -1.926108 0.000002 -0.000003 0.000002 -9.108293 -0.517875 2.259831 0.038991 0.737111 -6.213776 0.058537 -0.883453 7.510647 0.091670 -1.138102 9.297450 -0.000001 0.000004 -0.000003 -9.532507 -0.000046 -0.000024 0.003508 -0.228584 1.404203 0.104432 -1.146190 10.254769 0.167855 -1.561548 12.614137 -0.000000 0.000004 0.000002 -9.103589 -0.043090 -1.865139 0.102120 -1.189795 9.958707 0.215143 -1.737576 14.199818 0.291985 -1.990186 16.463129 -0.000000 -0.000002 0.000000 -8.076702 -0.486715 -3.806281 0.302279 -2.032660 17.418687 0.257831 -1.945581 16.956156 0.366214 -2.389605 19.476737 -0.000001 -0.000003 -0.000004 4.570443 11.014714 -2.160855 -0.845881 4.973719 9.593472 -66.093131 31.052629 5.711304 -0.000012 -39.864771 0.000017 44.244517 -1.557506 22.839242 2.466120 -1.576196 2.681736 -3.599482 18.297699 14.126175 4.185344 14.320368 1.150412 -0.821907 0.916478 2.391509 0.000003 0.000002 0.000009 9.109289 -0.518036 2.259881 0.017565 0.492407 -4.125952 0.003836 0.235587 -1.853131 0.003601 0.216014 -1.853155 -0.000003 -0.000003 0.000002 9.533397 0.000052 0.000051 0.056565 0.882672 -7.364536 0.083550 1.075169 -8.926290 0.080635 1.054088 -8.749781 0.000000 0.000006 -0.000002 9.104514 -0.043015 -1.865064 0.116954 1.266246 -10.547884 0.306399 2.034261 -17.117523 0.312021 2.052447 -17.275239 0.000002 0.000007 -0.000001 8.077783 -0.486861 -3.806249 1.182783 5.793995 -13.113745 0.677665 -1.319335 -24.213868 0.666737 2.757756 -23.751645 -0.000001 -0.000001 0.000002 -8.207787 -6.751664 -1.599562 -17.210765 5.209357 11.405459 42.828308 9.144666 3.146230 -17.572709 30.031157 -4.587963 -6.239948 -0.000000 -0.000004 -0.000000 0.000000 -0.000000 8.207791 -6.751691 -1.599555 -13.411310 0.169443 6.643929 56.236629 9.461343 9.880507 -13.649479 25.852247 -6.141401 -13.761019 0.193576 -4.326783 -0.000000 0.000000 -0.000000 
-8.136868 94.600380 9.804427 -11.685423 -49.945372 -19.346658 -0.000006 10.181594 0.131521 2.251453 7.529083 9.180081 3.834299 1.227137 4.375921 3.789742 1.191247 4.424308 0.000001 16.740404 -2.049033 5.476347 8.718086 -5.041533 0.000002 9.617882 1.685015 -9.619741 44.001093 -6.560725 -0.000000 22.037354 7.501095 -0.000002 -0.000001 0.000000 -4.569970 11.014902 -2.160882 0.451022 0.279291 3.445833 -42.724254 57.640615 46.358096 0.000005 104.937947 0.000011 -0.858664 2.726952 -6.886081 -2.464815 -1.573966 2.681854 -3.957289 -16.952390 -15.272042 4.886096 -14.854309 -0.578673 -1.560138 0.883058 -1.926120 0.000003 -0.000003 -0.000003 -9.108282 -0.517890 2.259842 0.034993 0.698588 -5.895926 0.058723 -0.884850 7.522265 0.091777 -1.138804 9.303285 0.000002 -0.000011 -0.000002 -9.532517 -0.000029 -0.000017 0.004456 -0.256107 1.630294 0.104961 -1.149213 10.279871 0.167953 -1.561972 12.617761 -0.000000 0.000002 0.000003 -9.103597 -0.043074 -1.865131 0.104724 -1.204853 10.084184 0.215749 -1.739903 14.219555 0.292164 -1.990807 16.468401 -0.000000 0.000008 -0.000002 -8.076689 -0.486707 -3.806272 0.303930 -2.038075 17.465239 0.258261 -1.947143 16.969434 0.366472 -2.390367 19.483386 0.000001 0.000002 -0.000001 4.570443 11.014685 -2.160853 -0.634443 4.334199 8.224241 -73.659595 37.546298 12.604504 -0.000090 -48.743403 -0.000041 44.214154 -0.256757 19.783501 2.466128 -1.576210 2.681736 -3.599485 18.297681 14.126174 4.185349 14.320383 1.150412 -0.821909 0.916476 2.391518 -0.000001 -0.000000 0.000002 9.109303 -0.518057 2.259870 0.007902 0.330512 -2.781985 0.001014 0.123579 -0.924769 0.000899 0.104016 -0.924758 0.000001 -0.000000 -0.000006 9.533402 0.000012 0.000049 0.034382 0.688786 -5.747257 0.065775 0.954911 -7.918558 0.064196 0.941274 -7.804778 0.000003 -0.000006 0.000002 9.104538 -0.043038 -1.865069 0.076575 1.026165 -8.529710 0.270148 1.912701 -16.065184 0.278500 1.941449 -16.313403 0.000003 -0.000006 0.000000 8.077799 -0.486855 -3.806256 0.941676 5.546522 -10.673901 0.626688 -1.426402 -23.232977 0.616691 2.650251 -22.767208 0.000001 0.000001 0.000000 -8.207785 -6.751671 -1.599562 -19.223380 4.363542 12.992408 45.804321 8.388826 -1.041893 -19.382658 30.413248 -1.676327 -4.940102 0.000008 -0.000002 0.000001 0.000000 -0.000000 8.207793 -6.751702 -1.599556 -11.883676 4.010895 6.063607 53.495667 10.730599 10.056053 -22.263430 29.297929 -5.362460 -9.357189 -0.000000 -0.000006 0.000000 0.000000 0.000000 
-6.966410 93.475571 10.080078 -14.418804 -55.213303 -20.783931 -0.000005 10.181573 0.131519 3.401001 11.229738 9.481987 4.293972 1.699498 3.360684 4.246487 1.660209 3.441778 -0.000000 16.740400 -2.049036 5.526333 7.801509 -4.806843 0.000001 9.617855 1.685015 -9.321077 40.244923 -8.783584 0.000000 22.037323 7.501097 0.000000 -0.000000 0.000000 -4.569971 11.014916 -2.160886 0.629083 2.783920 4.795751 -48.673318 54.271945 48.398519 -0.000005 105.759448 -0.000018 -3.575606 1.595447 -5.283737 -2.464788 -1.573987 2.681854 -3.957288 -16.952384 -15.272043 4.886091 -14.854306 -0.578669 -1.560142 0.883063 -1.926121 0.000005 -0.000011 0.000001 -9.108277 -0.517873 2.259838 0.025922 0.601363 -5.094708 0.059979 -0.894445 7.601698 0.092557 -1.143591 9.342991 -0.000001 0.000001 0.000008 -9.532493 -0.000041 -0.000021 0.007695 -0.332742 2.259715 0.106937 -1.160449 10.373647 0.168583 -1.564769 12.641204 -0.000003 -0.000012 0.000002 -9.103576 -0.043071 -1.865132 0.114408 -1.258817 10.534307 0.217485 -1.746751 14.277603 0.292583 -1.992174 16.480084 -0.000001 -0.000002 -0.000001 -8.076672 -0.486730 -3.806277 0.315349 -2.075050 17.783164 0.258640 -1.948509 16.981061 0.366704 -2.391028 19.489202 -0.000000 -0.000000 -0.000004 4.570444 11.014729 -2.160858 -0.316156 3.138345 6.132353 -80.840937 43.756343 18.501193 -0.000118 -58.658839 -0.000056 42.277365 -0.766480 14.776759 2.466125 -1.576209 2.681742 -3.599473 18.297684 14.126178 4.185345 14.320383 1.150408 -0.821913 0.916473 2.391518 0.000002 -0.000005 0.000011 9.109282 -0.518064 2.259876 0.009592 0.364026 -3.059961 0.000221 0.061401 -0.409450 0.000170 0.041819 -0.409443 -0.000001 -0.000002 -0.000003 9.533399 0.000034 0.000051 0.031865 0.663152 -5.533634 0.055670 0.879233 -7.285863 0.053907 0.863046 -7.150796 -0.000001 0.000001 -0.000003 9.104514 -0.043039 -1.865065 0.062666 0.928701 -7.713608 0.243357 1.817246 -15.242814 0.251732 1.847633 -15.504108 -0.000001 -0.000000 0.000004 8.077782 -0.486894 -3.806253 0.812514 5.404800 -9.320472 0.580175 -1.528370 -22.305694 0.571084 2.547807 -21.836637 -0.000000 -0.000004 0.000001 -8.207788 -6.751677 -1.599557 -20.787493 3.575234 13.954703 50.309391 7.716138 -6.219504 -23.347557 30.811895 1.694501 -3.661480 -0.000004 -0.000003 0.000000 0.000000 -0.000000 8.207792 -6.751709 -1.599554 -9.832443 7.846608 3.863383 51.213110 10.321506 10.019666 -31.746504 29.437542 -2.459528 -2.594327 0.000006 0.000001 0.000000 -0.000000 -0.000000 
-5.794250 92.192413 10.427581 -18.217245 -58.970071 -21.280228 -0.000007 10.181584 0.131520 4.802897 14.668820 8.001574 5.628307 2.147448 2.203758 5.587381 2.111321 2.341659 0.000002 16.740400 -2.049035 5.338448 6.651973 -4.620133 -0.000000 9.617889 1.685012 -9.604485 35.211442 -10.927881 0.000000 22.037384 7.501098 0.000001 0.000000 0.000000 -4.569969 11.014916 -2.160884 0.767108 5.748504 6.000370 -56.686827 50.127441 51.051504 -0.000028 106.532018 0.000022 -9.580730 -0.544917 -3.660218 -2.464792 -1.573996 2.681850 -3.957289 -16.952388 -15.272047 4.886100 -14.854309 -0.578668 -1.560138 0.883068 -1.926119 0.000004 -0.000004 0.000000 -9.108268 -0.517893 2.259837 0.014007 0.442424 -3.786747 0.063208 -0.918623 7.801901 0.094556 -1.155615 9.443109 0.000001 -0.000001 -0.000002 -9.532497 -0.000059 -0.000021 0.015454 -0.467962 3.371062 0.111737 -1.187234 10.596822 0.170548 -1.573499 12.714811 -0.000001 -0.000008 0.000000 -9.103576 -0.043105 -1.865134 0.135589 -1.369311 11.457929 0.222558 -1.766456 14.444817 0.294359 -1.998116 16.531059 0.000001 0.000002 -0.000001 -8.076674 -0.486734 -3.806276 0.345015 -2.168023 18.585020 0.261274 -1.957814 17.060450 0.368248 -2.395613 19.528925 0.000001 0.000012 -0.000005 4.570447 11.014753 -2.160857 -0.016790 1.828554 3.531923 -85.617282 50.248418 22.624872 -0.000152 -68.971202 -0.000093 38.792500 -2.239641 8.336408 2.466125 -1.576199 2.681736 -3.599498 18.297665 14.126205 4.185348 14.320376 1.150409 -0.821913 0.916474 2.391526 -0.000000 0.000011 -0.000005 9.109297 -0.518053 2.259868 0.025734 0.595953 -4.986810 0.000334 0.074193 -0.515458 0.000290 0.054627 -0.515472 0.000000 0.000001 0.000001 9.533396 0.000027 0.000035 0.049681 0.827415 -6.902998 0.055643 0.879057 -7.284613 0.052361 0.850498 -7.045892 -0.000004 0.000002 0.000002 9.104515 -0.043033 -1.865079 0.075516 1.019114 -8.470637 0.234925 1.785991 -14.974343 0.240828 1.807911 -15.162422 0.000002 -0.000006 -0.000003 8.077765 -0.486873 -3.806264 0.838818 5.434209 -9.598843 0.555041 -1.585361 -21.790670 0.546484 2.490614 -21.319829 0.000003 0.000005 0.000007 -8.207788 -6.751678 -1.599564 -22.008814 2.877998 12.403489 55.135353 7.468323 -9.107659 -24.542294 30.864761 1.938184 -5.543518 0.000002 -0.000006 -0.000001 -0.000000 -0.000000 8.207789 -6.751696 -1.599557 -8.531942 10.442290 -0.057241 51.995382 9.789463 10.132472 -33.253258 29.841175 -6.110007 -0.538704 0.000013 -0.000001 0.000000 0.000002 -0.000000 
-4.623757 91.322029 10.778904 -22.032204 -60.753706 -20.129496 -0.000006 10.181592 0.131517 6.583656 17.118648 5.293421 7.470332 2.426807 0.874670 7.449145 2.405611 1.083957 0.000001 16.740379 -2.049036 4.926823 5.403870 -4.391652 -0.000002 9.617900 1.685001 -10.146290 29.527574 -12.769968 0.000007 22.037338 7.501100 -0.000000 0.000000 -0.000000 -4.569969 11.014906 -2.160886 0.848470 8.557518 6.894361 -64.813461 45.299037 52.708761 -0.000061 107.371270 0.000036 -17.148051 -3.106196 -2.824239 -2.464812 -1.573960 2.681850 -3.957286 -16.952381 -15.272047 4.886102 -14.854311 -0.578666 -1.560137 0.883059 -1.926111 0.000003 -0.000007 0.000001 -9.108285 -0.517856 2.259834 0.004275 0.245409 -2.168048 0.068692 -0.958093 8.128851 0.097833 -1.175248 9.606627 0.000004 -0.000000 0.000001 -9.532499 -0.000051 -0.000026 0.029749 -0.646467 4.840569 0.119802 -1.230938 10.961724 0.174218 -1.589715 12.851184 0.000000 -0.000006 0.000005 -9.103597 -0.043057 -1.865134 0.169882 -1.530717 12.812667 0.232152 -1.803117 14.755961 0.298282 -2.011115 16.642659 -0.000002 -0.000006 0.000001 -8.076697 -0.486701 -3.806278 0.396295 -2.318922 19.894463 0.267944 -1.981259 17.260791 0.372187 -2.407159 19.629117 0.000001 -0.000003 -0.000003 4.570446 11.014734 -2.160857 0.197784 0.777895 0.761427 -86.551679 57.136909 23.793087 -0.000306 -79.222907 -0.000264 35.049563 -3.544404 1.252612 2.466140 -1.576206 2.681732 -3.599485 18.297684 14.126191 4.185348 14.320374 1.150402 -0.821914 0.916471 2.391521 0.000003 0.000007 0.000002 9.109308 -0.518046 2.259867 0.071257 0.990039 -8.275003 0.001805 0.163216 -1.253238 0.001648 0.143634 -1.253239 -0.000002 0.000001 -0.000001 9.533426 0.000036 0.000042 0.097645 1.157906 -9.671435 0.066665 0.961365 -7.972824 0.060332 0.912650 -7.565327 -0.000000 -0.000001 -0.000004 9.104541 -0.043045 -1.865076 0.121093 1.288263 -10.733719 0.248323 1.835329 -15.398229 0.249665 1.840182 -15.440051 0.000002 -0.000007 0.000001 8.077806 -0.486885 -3.806263 1.025752 5.635243 -11.536900 0.560128 -1.573701 -21.896034 0.551471 2.502341 -21.425567 0.000002 -0.000006 -0.000003 -8.207786 -6.751669 -1.599565 -22.381562 1.415087 8.029855 59.359357 7.638995 -9.622105 -25.170907 24.042384 0.073771 -6.112304 0.000006 -0.000002 -0.000001 0.000000 -0.000000 8.207790 -6.751712 -1.599559 -6.911629 10.551081 -4.269066 53.320661 9.878741 6.201578 -35.140821 29.795631 -3.405863 -0.026625 -0.000005 -0.000002 -0.000000 0.000001 -0.000000 
-3.467504 90.687355 11.025448 -24.019607 -60.367917 -16.960239 -0.000007 10.181587 0.131519 8.284411 18.036349 2.864709 9.270309 2.456125 -0.623126 9.283322 2.448118 -0.350395 0.000003 16.740387 -2.049039 4.374028 4.257261 -4.056343 0.000000 9.617873 1.685008 -10.455982 24.146846 -14.130305 0.000003 22.037384 7.501092 -0.000003 0.000000 -0.000000 -4.569968 11.014902 -2.160889 0.884844 10.411902 7.410643 -71.165776 39.940078 52.228981 -0.000043 108.358281 0.000051 -22.959763 -4.815336 -2.722812 -2.464800 -1.573971 2.681853 -3.957289 -16.952384 -15.272043 4.886097 -14.854312 -0.578679 -1.560140 0.883063 -1.926112 0.000002 -0.000006 0.000000 -9.108282 -0.517868 2.259837 0.000176 0.054242 -0.599162 0.075746 -1.006870 8.533609 0.101995 -1.199567 9.809008 0.000002 -0.000003 -0.000002 -9.532508 -0.000045 -0.000023 0.049473 -0.831715 6.369261 0.130323 -1.285720 11.419750 0.179273 -1.611756 13.036917 -0.000000 -0.000008 -0.000003 -9.103591 -0.043069 -1.865131 0.213696 -1.714063 14.360794 0.245760 -1.853733 15.186374 0.304274 -2.030844 16.812077 -0.000002 -0.000003 -0.000004 -8.076684 -0.486712 -3.806278 0.464515 -2.504023 21.515813 0.279018 -2.019520 17.587947 0.378643 -2.426011 19.792789 0.000001 0.000002 -0.000004 4.570448 11.014729 -2.160859 0.335486 0.125688 -1.844208 -82.691058 63.644413 20.048767 -0.003596 -89.075127 -0.004342 32.353961 -4.079681 -5.150642 2.466136 -1.576219 2.681730 -3.599482 18.297689 14.126170 4.185348 14.320383 1.150406 -0.821907 0.916476 2.391515 0.000001 -0.000003 0.000007 9.109301 -0.518057 2.259867 0.161484 1.485391 -12.450123 0.006955 0.315107 -2.512575 0.006625 0.295517 -2.512598 -0.000001 -0.000011 -0.000002 9.533416 0.000015 0.000040 0.188388 1.602830 -13.436898 0.089827 1.114450 -9.256145 0.078632 1.040971 -8.639763 -0.000000 -0.000002 0.000000 9.104524 -0.043048 -1.865079 0.210515 1.692893 -14.170334 0.283794 1.959465 -16.469138 0.278529 1.941531 -16.314187 -0.000000 -0.000001 0.000007 8.077792 -0.486861 -3.806264 1.360427 5.963448 -14.848053 0.596358 -1.492403 -22.632371 0.586966 2.584000 -22.164464 0.000003 -0.000007 0.000009 -8.207789 -6.751666 -1.599564 -22.924881 -1.934940 2.677531 62.685475 8.269626 -9.987801 -25.830138 12.392816 -2.371431 -5.367050 0.000006 0.000000 0.000000 0.000004 0.000000 8.207791 -6.751701 -1.599555 -5.628054 8.804613 -7.570577 54.287716 9.529281 0.171264 -36.843540 29.904733 -0.125584 -0.001341 -0.000010 -0.000003 -0.000000 0.000001 -0.000000 
-2.390944 90.445824 11.242872 -22.920056 -57.592661 -12.400438 -0.000005 10.181574 0.131519 9.231504 17.370529 2.123940 10.514647 2.266148 -2.106973 10.569411 2.247504 -1.800706 0.000002 16.740406 -2.049031 3.880595 3.393494 -3.650553 0.000001 9.617922 1.685012 -9.927701 19.985028 -15.101852 -0.000001 22.037354 7.501095 0.000001 0.000002 0.000000 -4.569969 11.014915 -2.160884 0.898492 10.763785 7.503977 -74.923828 34.029283 49.585613 -0.000049 109.479873 0.000036 -24.237066 -4.821682 -2.547786 -2.464800 -1.573958 2.681849 -3.957287 -16.952383 -15.272050 4.886092 -14.854304 -0.578676 -1.560135 0.883052 -1.926112 -0.000003 0.000003 0.000002 -9.108288 -0.517864 2.259839 0.000480 -0.083175 0.528456 0.082943 -1.054158 8.926002 0.106106 -1.223106 10.005230 -0.000000 0.000000 -0.000001 -9.532515 -0.000036 -0.000019 0.068750 -0.979035 7.588572 0.141199 -1.340013 11.874288 0.184740 -1.635247 13.234985 -0.000001 0.000010 0.000002 -9.103601 -0.043058 -1.865129 0.257102 -1.876925 15.744955 0.261002 -1.908758 15.655456 0.311377 -2.053961 17.010644 -0.000000 -0.000002 0.000000 -8.076684 -0.486713 -3.806274 0.535668 -2.681565 23.088063 0.293039 -2.066811 17.993022 0.386697 -2.449306 19.995439 -0.000001 -0.000002 -0.000002 4.570447 11.014709 -2.160851 0.422922 -0.209282 -3.938596 -74.341944 68.066127 10.493743 0.000404 -98.022278 0.000549 30.971889 -3.684507 -9.384278 2.466129 -1.576231 2.681734 -3.599487 18.297674 14.126185 4.185341 14.320372 1.150409 -0.821913 0.916474 2.391518 0.000003 0.000006 -0.000005 9.109296 -0.518057 2.259870 0.292038 1.987728 -16.755905 0.018295 0.507711 -4.111467 0.017751 0.488149 -4.111462 -0.000000 0.000000 0.000002 9.533402 0.000018 0.000040 0.320755 2.081006 -17.553383 0.125455 1.314693 -10.942093 0.107638 1.216442 -10.114142 0.000000 -0.000002 -0.000002 9.104520 -0.043047 -1.865077 0.347491 2.163783 -18.239231 0.339538 2.138805 -18.027367 0.325833 2.096282 -17.656705 0.000002 -0.000002 -0.000001 8.077786 -0.486882 -3.806260 1.812113 6.351466 -19.057273 0.660625 -1.354609 -23.889731 0.650002 2.722325 -23.426326 0.000001 0.000001 0.000006 -8.207787 -6.751674 -1.599565 -24.070172 -6.045558 -2.052061 64.159396 8.869060 -10.033905 -26.515636 2.368516 -4.204786 -3.877600 -0.000001 0.000001 -0.000000 -0.000001 -0.000000 8.207794 -6.751724 -1.599558 -5.484100 7.438515 -9.601605 54.508164 9.370132 -3.048966 -37.075882 29.912335 1.426739 -0.000028 0.000008 -0.000006 -0.000000 0.000001 -0.000000 
-1.451756 90.681885 11.528442 -19.747124 -52.283667 -8.085900 -0.000007 10.181593 0.131522 9.244775 15.606168 3.282956 10.923667 1.968932 -3.307209 11.014385 1.908958 -3.005630 0.000003 16.740391 -2.049037 3.717517 2.907257 -3.278764 0.000002 9.617902 1.685006 -8.266791 17.625503 -15.941165 0.000004 22.037354 7.501094 0.000002 -0.000001 -0.000001 -4.569967 11.014920 -2.160885 0.893536 9.680359 7.159024 -76.707163 27.393807 45.617194 0.000022 110.674002 -0.000008 -20.793481 -3.260129 -2.041677 -2.464781 -1.573977 2.681850 -3.957289 -16.952383 -15.272045 4.886099 -14.854307 -0.578669 -1.560138 0.883059 -1.926113 0.000002 -0.000006 -0.000003 -9.108282 -0.517851 2.259841 0.001345 -0.138487 0.982398 0.088305 -1.088109 9.208082 0.109116 -1.240029 10.146296 -0.000001 -0.000007 -0.000000 -9.532510 -0.000051 -0.000017 0.080079 -1.055966 8.226912 0.149685 -1.380907 12.217101 0.189285 -1.654484 13.397321 -0.000000 -0.000002 0.000001 -9.103578 -0.043070 -1.865129 0.287014 -1.980964 16.634250 0.274331 -1.955456 16.054254 0.317971 -2.075119 17.192734 -0.000002 0.000001 0.000001 -8.076658 -0.486709 -3.806274 0.589779 -2.807961 24.218729 0.306970 -2.112575 18.385804 0.394597 -2.471893 20.191897 0.000001 0.000002 -0.000001 4.570445 11.014720 -2.160856 0.468637 -0.389406 -5.109392 -65.670090 68.713226 -1.116489 0.000188 -105.257641 0.000311 30.035361 -2.224589 -10.389393 2.466128 -1.576183 2.681738 -3.599491 18.297684 14.126183 4.185345 14.320375 1.150415 -0.821910 0.916476 2.391513 0.000004 0.000008 -0.000001 9.109296 -0.518049 2.259868 0.420285 2.373031 -20.125765 0.035611 0.705876 -5.760011 0.034849 0.686312 -5.759989 -0.000000 0.000001 -0.000000 9.533401 0.000029 0.000041 0.461356 2.482480 -21.083827 0.169600 1.525427 -12.727530 0.144811 1.408782 -11.738250 -0.000001 -0.000004 -0.000003 9.104545 -0.043046 -1.865076 0.508855 2.602342 -22.118483 0.409516 2.342735 -19.816546 0.387004 2.279329 -19.258248 -0.000001 -0.000001 -0.000004 8.077792 -0.486867 -3.806261 2.306864 6.715877 -23.403300 0.746546 -1.181785 -25.486407 0.734405 2.895947 -25.029063 0.000002 0.000006 -0.000009 -8.207788 -6.751677 -1.599563 -24.843515 -8.514900 -4.449992 62.389933 1.554733 -10.018543 -26.577967 0.690136 -0.775080 -2.997885 0.000001 -0.000001 0.000000 0.000003 0.000000 8.207788 -6.751715 -1.599554 -5.862549 7.586318 -10.573746 53.928199 9.474387 -1.562195 -35.788501 25.503740 0.647608 -0.000065 -0.000007 -0.000007 -0.000000 -0.000000 -0.000000 
-0.710738 91.150818 11.765704 -16.723872 -44.906872 -4.940575 -0.000009 10.181583 0.131517 8.777538 13.493115 5.270912 10.520955 1.676624 -4.128368 10.632538 1.561982 -3.861657 -0.000000 16.740400 -2.049029 4.106708 2.813123 -3.031333 -0.000000 9.617891 1.685005 -5.781245 17.268414 -16.693291 0.000001 22.037354 7.501094 0.000000 -0.000000 -0.000001 -4.569971 11.014905 -2.160878 0.849319 7.775221 6.454945 -77.987926 20.193338 41.328908 -0.000013 111.892002 -0.000029 -14.998327 -0.894464 -1.662160 -2.464781 -1.573967 2.681849 -3.957284 -16.952384 -15.272042 4.886100 -14.854307 -0.578681 -1.560136 0.883052 -1.926103 -0.000004 0.000001 -0.000005 -9.108265 -0.517868 2.259838 0.000994 -0.118890 0.821513 0.090511 -1.101772 9.321772 0.110335 -1.246838 10.203124 0.000000 0.000000 -0.000005 -9.532482 -0.000061 -0.000024 0.080582 -1.059266 8.254375 0.153755 -1.400133 12.378482 0.191802 -1.665020 13.486305 -0.000001 -0.000006 0.000002 -9.103587 -0.043068 -1.865129 0.295946 -2.010836 16.890358 0.282408 -1.983209 16.291861 0.322377 -2.089181 17.313829 -0.000001 -0.000001 0.000004 -8.076696 -0.486723 -3.806275 0.612296 -2.858565 24.674313 0.317183 -2.145432 18.668292 0.400333 -2.488075 20.333222 -0.000000 -0.000004 -0.000003 4.570446 11.014716 -2.160854 0.471788 -0.530102 -5.009917 -62.580386 65.032683 -8.553846 0.000188 -109.932912 0.000282 28.359027 0.089758 -7.686818 2.466136 -1.576189 2.681737 -3.599483 18.297682 14.126178 4.185347 14.320373 1.150409 -0.821909 0.916473 2.391513 0.000003 0.000003 0.000002 9.109313 -0.518039 2.259871 0.479775 2.529660 -21.516778 0.053136 0.860520 -7.049972 0.052203 0.840996 -7.049959 0.000002 0.000001 0.000001 9.533410 0.000029 0.000045 0.548609 2.697995 -23.014495 0.210736 1.697367 -14.193628 0.181408 1.574449 -13.145108 -0.000001 -0.000002 0.000002 9.104553 -0.043027 -1.865070 0.636805 2.896843 -24.785201 0.479419 2.528109 -21.461021 0.450607 2.453644 -20.798264 0.000001 -0.000000 -0.000003 8.077810 -0.486864 -3.806257 2.712796 6.974360 -26.808119 0.840152 -1.006158 -27.133024 0.826528 3.072415 -26.682248 -0.000001 -0.000003 0.000001 -8.207788 -6.751676 -1.599568 -24.217371 -7.413427 -4.223833 59.691441 -7.252038 -9.984377 -25.652082 -0.544381 4.369209 -3.098591 -0.000016 0.000000 0.000000 -0.000003 -0.000000 8.207788 -6.751706 -1.599558 -6.210255 8.315995 -10.868020 52.901366 9.758851 2.225828 -34.037479 19.254821 -1.377402 -0.000052 -0.000001 0.000005 0.000000 0.000001 0.000000 
-0.193022 91.525520 11.894412 -14.681220 -36.417090 -2.143824 -0.000006 10.181586 0.131524 8.282713 11.660475 6.735717 9.575223 1.442999 -4.776818 9.695138 1.286001 -4.557750 0.000001 16.740425 -2.049037 5.096016 3.085753 -2.931898 -0.000004 9.617864 1.685021 -3.158548 18.813428 -17.021436 0.000003 22.037338 7.501093 -0.000003 0.000000 -0.000000 -4.569969 11.014934 -2.160884 0.758493 5.677324 5.550906 -79.917626 13.203146 37.344496 -0.000031 113.109736 0.000038 -9.599431 1.520241 -1.754350 -2.464792 -1.573973 2.681851 -3.957282 -16.952383 -15.272043 4.886096 -14.854307 -0.578672 -1.560141 0.883064 -1.926116 0.000006 -0.000013 0.000001 -9.108270 -0.517861 2.259835 0.000212 -0.058216 0.323726 0.089739 -1.096966 9.281622 0.109899 -1.244433 10.183056 0.000004 -0.000001 -0.000004 -9.532486 -0.000045 -0.000024 0.073710 -1.013450 7.874085 0.153345 -1.398267 12.362925 0.192063 -1.666080 13.495131 -0.000003 0.000004 -0.000003 -9.103577 -0.043086 -1.865131 0.287041 -1.981060 16.635064 0.284101 -1.988946 16.340903 0.323822 -2.093734 17.353007 0.000001 -0.000001 -0.000006 -8.076693 -0.486707 -3.806277 0.604310 -2.840716 24.513414 0.321312 -2.158646 18.782221 0.402659 -2.494630 20.390177 -0.000000 -0.000005 0.000000 4.570445 11.014727 -2.160854 0.442832 -0.672989 -3.662190 -65.246086 57.392324 -11.056955 0.000148 -111.681523 0.000237 25.423868 2.357827 -2.047859 2.466120 -1.576207 2.681733 -3.599479 18.297681 14.126175 4.185338 14.320376 1.150408 -0.821914 0.916478 2.391518 -0.000001 -0.000001 -0.000001 9.109283 -0.518025 2.259876 0.434419 2.411296 -20.464623 0.061387 0.924305 -7.582774 0.060385 0.904746 -7.582751 0.000002 0.000001 -0.000000 9.533385 0.000021 0.000046 0.535066 2.665876 -22.725062 0.232610 1.781684 -14.916022 0.203651 1.666693 -13.932039 -0.000002 0.000003 0.000001 9.104501 -0.043029 -1.865076 0.668418 2.964263 -25.403634 0.527221 2.646305 -22.519602 0.497745 2.574163 -21.872639 0.000001 0.000000 -0.000003 8.077775 -0.486877 -3.806261 2.884902 7.074061 -28.215406 0.916891 -0.870598 -28.421877 0.902177 3.208622 -27.976506 -0.000003 -0.000004 0.000006 -8.207785 -6.751664 -1.599564 -22.707673 -3.500592 -2.899613 58.484738 -9.577840 -9.950634 -24.278293 -8.597530 6.984774 -3.631951 -0.000019 -0.000005 -0.000000 -0.000000 -0.000000 8.207793 -6.751711 -1.599554 -6.553374 7.862401 -11.166673 52.080090 9.900189 4.765796 -32.871631 12.391013 -2.944427 -0.000085 0.000002 -0.000005 0.000000 -0.000000 -0.000000 
0.178757 91.744141 11.962733 -13.009855 -27.662510 1.193351 -0.000004 10.181597 0.131522 7.628474 10.406622 7.190194 8.478505 1.265385 -5.591003 8.605142 1.092518 -5.414944 0.000001 16.740377 -2.049035 6.490815 3.661771 -2.935846 -0.000003 9.617897 1.685008 -1.004804 21.863953 -16.509371 0.000003 22.037338 7.501094 0.000000 -0.000001 0.000001 -4.569968 11.014908 -2.160883 0.637954 3.492486 4.564683 -82.643199 7.434092 33.913723 -0.000037 114.305763 0.000033 -5.617030 3.733571 -2.363671 -2.464808 -1.573973 2.681855 -3.957290 -16.952386 -15.272043 4.886095 -14.854306 -0.578674 -1.560138 0.883059 -1.926113 -0.000002 0.000000 0.000002 -9.108285 -0.517872 2.259840 -0.000004 0.014051 -0.269326 0.087319 -1.081967 9.157177 0.108564 -1.236974 10.120836 -0.000001 -0.000003 0.000003 -9.532486 -0.000044 -0.000015 0.064398 -0.947832 7.330057 0.150138 -1.383114 12.235666 0.190741 -1.660608 13.449040 -0.000001 -0.000001 -0.000001 -9.103584 -0.043068 -1.865124 0.269721 -1.921563 16.126017 0.280885 -1.977985 16.247015 0.322741 -2.090341 17.323979 -0.000002 -0.000007 0.000002 -8.076674 -0.486710 -3.806267 0.579817 -2.785224 24.014610 0.319859 -2.153994 18.742138 0.401829 -2.492316 20.370158 -0.000000 -0.000003 -0.000007 4.570447 11.014709 -2.160856 0.403683 -0.828488 -1.602775 -70.281724 46.834235 -11.450189 0.000208 -111.003879 0.000296 21.791025 3.540196 4.941113 2.466128 -1.576201 2.681732 -3.599496 18.297684 14.126182 4.185343 14.320375 1.150407 -0.821916 0.916471 2.391512 -0.000000 0.000006 0.000007 9.109295 -0.518033 2.259865 0.314554 2.061231 -17.393601 0.055105 0.876207 -7.180982 0.054162 0.856685 -7.180959 -0.000001 -0.000004 -0.000001 9.533394 0.000028 0.000039 0.430558 2.401011 -20.360999 0.224921 1.752532 -14.666091 0.201154 1.656628 -13.846015 0.000000 -0.000003 0.000000 9.104537 -0.043011 -1.865076 0.587397 2.787542 -23.788977 0.533799 2.662099 -22.661557 0.510057 2.604578 -22.145060 0.000002 0.000004 0.000001 8.077793 -0.486862 -3.806261 2.754881 6.999276 -27.154085 0.949525 -0.815076 -28.954736 0.934337 3.264429 -28.511624 0.000001 -0.000001 0.000001 -8.207785 -6.751675 -1.599561 -21.809947 0.309564 -2.493443 58.735761 -10.074055 -9.985851 -23.624523 -16.733245 6.146316 -4.071103 -0.000013 -0.000003 0.000000 -0.000000 -0.000000 8.207790 -6.751706 -1.599557 -7.527059 5.824138 -11.899655 51.736016 9.935891 5.000308 -32.188889 5.784494 -3.569866 -0.000012 0.000004 -0.000002 -0.000000 -0.000000 0.000000 
0.471756 91.979050 12.003300 -11.080107 -19.188691 4.899441 -0.000006 10.181587 0.131523 6.362382 9.724854 7.026950 7.571774 1.119974 -6.737812 7.712037 0.956869 -6.590338 0.000001 16.740402 -2.049035 7.926942 4.417224 -2.980089 -0.000000 9.617895 1.685006 0.398564 25.702569 -15.110533 0.000002 22.037369 7.501090 -0.000003 -0.000000 -0.000000 -4.569968 11.014900 -2.160882 0.481159 0.883714 3.485141 -85.615848 3.534506 31.271382 -0.000012 115.449636 0.000006 -2.180553 5.832296 -3.506633 -2.464808 -1.573973 2.681858 -3.957288 -16.952383 -15.272038 4.886099 -14.854302 -0.578675 -1.560141 0.883059 -1.926111 0.000003 -0.000004 0.000000 -9.108285 -0.517861 2.259842 0.000647 0.096574 -0.946548 0.084494 -1.064126 9.008878 0.107000 -1.228092 10.046668 -0.000000 -0.000001 -0.000000 -9.532517 -0.000042 -0.000019 0.054418 -0.871884 6.701504 0.145817 -1.362456 12.062413 0.188833 -1.652555 13.381105 -0.000004 0.000001 0.000002 -9.103593 -0.043074 -1.865123 0.250043 -1.851500 15.528217 0.275362 -1.958979 16.084383 0.320441 -2.082974 17.260563 -0.000002 0.000006 -0.000000 -8.076666 -0.486708 -3.806261 0.551310 -2.718819 23.420225 0.315314 -2.139509 18.617612 0.399300 -2.485187 20.307867 -0.000002 0.000000 0.000001 4.570446 11.014712 -2.160855 0.373230 -0.999518 0.392474 -75.415800 35.183670 -11.769654 0.000195 -109.174420 0.000286 18.548571 3.436724 11.612379 2.466148 -1.576179 2.681742 -3.599487 18.297677 14.126181 4.185348 14.320377 1.150407 -0.821910 0.916478 2.391512 0.000003 0.000003 0.000002 9.109297 -0.518051 2.259874 0.186738 1.595800 -13.389347 0.038691 0.735455 -6.006369 0.037896 0.715876 -6.006330 -0.000001 -0.000002 0.000009 9.533417 0.000040 0.000052 0.293063 1.991227 -16.773823 0.192114 1.621957 -13.549520 0.175674 1.549729 -12.934739 0.000001 -0.000005 -0.000003 9.104525 -0.043029 -1.865073 0.439924 2.426081 -20.547407 0.496818 2.571838 -21.851831 0.482584 2.536133 -21.532726 -0.000000 -0.000000 0.000000 8.077781 -0.486868 -3.806257 2.383153 6.767072 -24.053261 0.924954 -0.856795 -28.554096 0.910095 3.222494 -28.109304 -0.000004 -0.000001 -0.000003 -8.207787 -6.751671 -1.599562 -22.098273 2.699075 -3.709932 59.609315 -10.400703 -10.012060 -22.926416 -21.389921 3.729349 -4.344728 -0.000013 -0.000002 -0.000001 -0.000001 -0.000000 8.207793 -6.751706 -1.599553 -9.390595 3.439311 -12.954233 51.416107 8.090897 3.896130 -31.427490 0.994036 -2.629698 -0.000009 0.000001 0.000002 -0.000000 0.000001 -0.000000 
0.687458 92.284630 12.058253 -8.903188 -11.310588 8.274598 -0.000006 10.181585 0.131523 4.402033 9.406573 6.752280 6.946144 0.988733 -8.081006 7.105511 0.853194 -7.949382 0.000002 16.740396 -2.049033 9.102101 5.191625 -3.039020 0.000004 9.617890 1.685013 1.086810 29.506325 -13.251255 0.000001 22.037354 7.501091 0.000003 0.000002 -0.000000 -4.569969 11.014923 -2.160884 0.249961 -2.130504 2.280048 -88.319598 1.638214 29.721520 -0.000004 116.507017 -0.000013 1.819900 7.709680 -5.105040 -2.464788 -1.573975 2.681841 -3.957284 -16.952388 -15.272050 4.886098 -14.854302 -0.578679 -1.560138 0.883061 -1.926114 0.000000 -0.000008 0.000002 -9.108283 -0.517875 2.259831 0.003022 0.206810 -1.851073 0.081316 -1.043736 8.839545 0.105216 -1.217944 9.961989 0.000001 0.000001 0.000001 -9.532490 -0.000048 -0.000032 0.042834 -0.774422 5.896107 0.140790 -1.338030 11.857529 0.186647 -1.643376 13.303627 -0.000000 0.000003 0.000002 -9.103593 -0.043056 -1.865140 0.227255 -1.766638 14.806672 0.268887 -1.936497 15.892197 0.317727 -2.074360 17.186317 0.000002 -0.000000 -0.000001 -8.076682 -0.486711 -3.806277 0.519540 -2.642608 22.741622 0.309959 -2.122259 18.469168 0.396290 -2.476661 20.233595 0.000000 0.000002 -0.000010 4.570446 11.014702 -2.160853 0.354108 -1.146279 1.841978 -80.156245 24.600304 -12.775163 0.000142 -107.679216 0.000236 16.428137 2.715070 17.036143 2.466120 -1.576202 2.681741 -3.599489 18.297687 14.126188 4.185345 14.320381 1.150406 -0.821914 0.916476 2.391520 0.000001 0.000003 0.000002 9.109282 -0.518036 2.259869 0.095938 1.147740 -9.598196 0.021615 0.551288 -4.473601 0.021020 0.531716 -4.473566 0.000001 0.000001 0.000001 9.533389 0.000028 0.000047 0.177776 1.557628 -13.051898 0.149718 1.434535 -11.956020 0.139715 1.384006 -11.528470 -0.000001 -0.000000 -0.000005 9.104512 -0.043029 -1.865076 0.293325 1.992055 -16.745165 0.433078 2.407058 -20.385142 0.428139 2.393722 -20.267103 0.000001 -0.000003 -0.000002 8.077763 -0.486873 -3.806259 1.918348 6.434719 -20.011372 0.854691 -0.979908 -27.381334 0.840862 3.098779 -26.931586 0.000001 -0.000004 0.000001 -8.207787 -6.751673 -1.599562 -23.063151 4.403779 -5.676604 60.504630 -10.468983 -10.013497 -22.289354 -22.895711 -0.055702 -4.976032 0.000015 -0.000002 0.000000 0.000001 -0.000002 8.207794 -6.751711 -1.599552 -11.712973 1.949137 -14.091606 50.793371 2.136101 2.752486 -30.209572 -0.164505 0.504605 -0.000061 -0.000005 -0.000003 -0.000000 -0.000000 0.000000 
0.814152 92.605865 12.163356 -6.875796 -4.206662 10.889036 -0.000006 10.181584 0.131524 2.248595 9.155862 6.446233 6.385263 0.867767 -9.344769 6.560360 0.769638 -9.226274 0.000002 16.740400 -2.049032 9.981546 5.856438 -3.096037 0.000001 9.617886 1.685008 1.330343 32.746065 -11.515095 0.000001 22.037369 7.501098 0.000000 0.000003 -0.000001 -4.569969 11.014922 -2.160884 -0.006698 -4.501732 1.139296 -90.667210 1.633412 29.401536 -0.000025 117.447247 0.000039 6.128630 9.003326 -6.694119 -2.464807 -1.573975 2.681832 -3.957289 -16.952386 -15.272049 4.886087 -14.854304 -0.578670 -1.560137 0.883056 -1.926117 0.000002 -0.000003 0.000002 -9.108285 -0.517865 2.259817 0.008711 0.349084 -3.019448 0.077183 -1.016506 8.613377 0.102829 -1.204355 9.848901 0.000001 0.000000 -0.000002 -9.532524 -0.000039 -0.000046 0.029816 -0.647266 4.847063 0.134435 -1.306564 11.594022 0.183896 -1.631638 13.204573 -0.000003 0.000007 0.000002 -9.103599 -0.043069 -1.865152 0.198843 -1.654278 13.854889 0.261002 -1.908774 15.655461 0.314534 -2.064079 17.097753 -0.000001 -0.000006 -0.000001 -8.076696 -0.486705 -3.806298 0.478571 -2.540269 21.835423 0.303895 -2.102558 18.299687 0.392863 -2.466938 20.148814 0.000002 -0.000004 -0.000008 4.570445 11.014730 -2.160857 0.329406 -1.146146 2.872945 -84.775283 16.747982 -14.348933 0.000214 -107.533979 0.000311 15.624847 2.161865 21.156137 2.466151 -1.576210 2.681731 -3.599491 18.297682 14.126188 4.185344 14.320379 1.150404 -0.821911 0.916476 2.391520 0.000001 0.000001 0.000002 9.109310 -0.518043 2.259868 0.046514 0.800631 -6.691759 0.009977 0.376459 -3.021541 0.009581 0.356861 -3.021513 -0.000001 -0.000001 0.000001 9.533406 0.000011 0.000043 0.104078 1.195111 -9.984303 0.112247 1.244331 -10.348814 0.106467 1.209824 -10.058272 0.000000 -0.000000 0.000002 9.104520 -0.043048 -1.865081 0.186909 1.596595 -13.348040 0.366137 2.218791 -18.726828 0.367724 2.223453 -18.767782 0.000001 -0.000000 0.000003 8.077804 -0.486887 -3.806262 1.501028 6.090527 -16.187227 0.766812 -1.142713 -25.850543 0.754336 2.935190 -25.394594 -0.000001 0.000002 -0.000005 -8.207788 -6.751671 -1.599562 -23.709907 6.458545 -7.413013 61.154044 -10.518342 -10.012065 -21.610737 -22.285741 -3.891539 -6.281503 -0.000007 0.000012 0.000001 0.000001 -0.000001 8.207793 -6.751704 -1.599553 -13.806984 1.620455 -15.137316 49.838647 -3.873481 2.439164 -28.694236 -0.936727 3.154811 -0.338369 -0.000004 0.000003 -0.000000 0.000000 -0.000000 
0.835640 92.959183 12.337641 -5.243616 2.052337 12.850643 -0.000007 10.181588 0.131518 0.509208 8.787595 5.883615 5.588215 0.767694 -10.395424 5.769530 0.711195 -10.296094 0.000002 16.740400 -2.049037 10.744866 6.351089 -3.060463 -0.000004 9.617903 1.685004 1.470031 35.311228 -10.233650 -0.000001 22.037369 7.501097 0.000000 -0.000000 -0.000000 -4.569968 11.014947 -2.160885 -0.067012 -4.701373 0.527134 -92.886372 3.263390 30.164472 -0.000008 118.241790 0.000015 9.296707 9.601014 -7.522273 -2.464796 -1.573987 2.681853 -3.957289 -16.952381 -15.272042 4.886098 -14.854309 -0.578679 -1.560140 0.883057 -1.926106 0.000006 -0.000002 -0.000002 -9.108269 -0.517865 2.259831 0.017573 0.495508 -4.223398 0.072002 -0.981293 8.321261 0.099816 -1.186808 9.702823 0.000002 -0.000001 -0.000002 -9.532496 -0.000049 -0.000018 0.018230 -0.507482 3.695994 0.126679 -1.267031 11.263517 0.180262 -1.616008 13.072779 -0.000001 0.000000 0.000007 -9.103575 -0.043061 -1.865129 0.167329 -1.519270 12.716342 0.251014 -1.872944 15.350089 0.310241 -2.050312 16.979437 0.000001 -0.000005 -0.000001 -8.076673 -0.486700 -3.806275 0.428060 -2.407162 20.665113 0.295883 -2.076178 18.073372 0.388313 -2.453928 20.035617 0.000002 0.000005 -0.000006 4.570445 11.014731 -2.160856 0.272766 -0.841088 3.994243 -89.168516 12.078391 -16.022661 0.000196 -108.906615 0.000278 16.117899 2.187877 24.241827 2.466106 -1.576202 2.681742 -3.599487 18.297667 14.126184 4.185339 14.320366 1.150404 -0.821910 0.916479 2.391518 0.000001 0.000003 -0.000003 9.109254 -0.518063 2.259877 0.023157 0.565341 -4.732202 0.004073 0.242208 -1.907896 0.003814 0.222602 -1.907902 0.000000 0.000001 -0.000002 9.533380 0.000013 0.000049 0.063670 0.936192 -7.812002 0.085771 1.089284 -9.044738 0.082330 1.065014 -8.841412 -0.000000 -0.000000 0.000001 9.104507 -0.043043 -1.865068 0.123118 1.298899 -10.823440 0.312020 2.052400 -17.274885 0.317264 2.069196 -17.421024 -0.000000 -0.000000 -0.000002 8.077767 -0.486879 -3.806252 1.197334 5.808276 -13.257702 0.687555 -1.299110 -24.400146 0.676452 2.778089 -23.938642 0.000000 -0.000000 0.000003 -8.207787 -6.751669 -1.599566 -23.404056 9.327591 -8.460998 61.554614 -10.616663 -10.016802 -20.304363 -20.913735 -5.586539 -8.849102 0.000007 -0.000013 0.000001 -0.000001 0.000000 8.207790 -6.751698 -1.599556 -15.259322 1.974898 -16.180460 48.714757 -8.924977 2.912721 -27.082766 -1.920810 4.808984 -1.111941 0.000001 -0.000000 0.000000 -0.000000 -0.000000 
0.726959 93.249062 12.584390 -3.930141 7.433896 14.526340 -0.000008 10.181588 0.131521 -0.628918 8.421206 4.969157 4.511472 0.707835 -11.354115 4.694582 0.694379 -11.279017 0.000002 16.740396 -2.049033 11.510651 6.657934 -2.807022 0.000001 9.617891 1.685001 1.651855 37.185978 -9.313815 0.000001 22.037354 7.501093 -0.000002 0.000000 0.000000 -4.569967 11.014917 -2.160885 0.167316 -2.372170 0.789491 -95.129529 5.908597 31.668548 0.000010 118.858979 -0.000025 10.386828 9.821193 -7.231141 -2.464788 -1.573987 2.681847 -3.957293 -16.952384 -15.272045 4.886097 -14.854306 -0.578677 -1.560135 0.883049 -1.926119 -0.000000 -0.000007 -0.000006 -9.108275 -0.517865 2.259834 0.025804 0.600258 -5.085552 0.066835 -0.944985 8.020180 0.096752 -1.168738 9.552269 0.000000 -0.000004 -0.000004 -9.532498 -0.000040 -0.000023 0.010905 -0.393968 2.762658 0.118865 -1.225989 10.920363 0.176177 -1.598330 12.923835 0.000002 -0.000003 0.000002 -9.103585 -0.043073 -1.865141 0.140364 -1.392908 11.655508 0.239882 -1.832135 15.002574 0.305069 -2.033392 16.833920 0.000000 0.000005 0.000000 -8.076683 -0.486709 -3.806278 0.378848 -2.268898 19.459144 0.285675 -2.042079 17.781004 0.382472 -2.437130 19.889366 -0.000001 -0.000000 0.000000 4.570448 11.014707 -2.160856 0.158324 -0.179676 5.502003 -92.876653 9.780640 -17.555886 0.000178 -111.236072 0.000267 17.788186 2.803262 26.414807 2.466128 -1.576194 2.681736 -3.599477 18.297687 14.126173 4.185346 14.320379 1.150414 -0.821913 0.916473 2.391510 0.000001 0.000005 0.000006 9.109299 -0.518028 2.259871 0.012182 0.410247 -3.443616 0.001559 0.151595 -1.156891 0.001399 0.132007 -1.156886 0.000001 0.000002 -0.000001 9.533409 0.000052 0.000043 0.042280 0.763418 -6.369145 0.069255 0.979779 -8.126695 0.067073 0.961998 -7.978201 0.000002 -0.000002 -0.000001 9.104537 -0.043034 -1.865075 0.087726 1.097828 -9.130961 0.274885 1.929049 -16.206403 0.282027 1.953495 -16.417458 0.000003 0.000001 0.000005 8.077794 -0.486858 -3.806258 1.000961 5.609358 -11.283735 0.629479 -1.420418 -23.287636 0.619414 2.656254 -22.822025 0.000000 0.000003 0.000000 -8.207787 -6.751657 -1.599566 -22.439144 12.763078 -8.942935 61.983653 -10.784356 -10.031641 -18.482425 -19.967078 -4.521982 -12.036322 0.000006 -0.000003 -0.000000 0.000000 -0.000001 8.207788 -6.751700 -1.599555 -16.428010 2.151535 -17.122089 47.367014 -9.100920 3.220042 -25.717622 -6.299765 4.036642 -1.888771 -0.000002 -0.000004 -0.000000 -0.000001 -0.000000 
0.465432 93.446022 12.904924 -2.770132 11.878068 16.085278 -0.000004 10.181584 0.131524 -1.384238 8.396958 3.963846 3.458147 0.701968 -12.426900 3.651722 0.731446 -12.372106 0.000001 16.740387 -2.049035 12.153206 6.772022 -2.365463 0.000002 9.617871 1.685007 1.704908 38.126218 -8.402742 0.000001 22.037369 7.501085 0.000005 0.000001 0.000001 -4.569970 11.014895 -2.160884 0.413942 0.613733 1.635696 -97.086023 8.593796 33.484784 -0.000043 119.263518 0.000036 10.204473 10.076815 -6.254909 -2.464800 -1.573992 2.681862 -3.957287 -16.952379 -15.272050 4.886092 -14.854307 -0.578666 -1.560142 0.883057 -1.926115 0.000003 -0.000005 0.000004 -9.108282 -0.517885 2.259844 0.028789 0.633798 -5.361829 0.063260 -0.918943 7.804525 0.094580 -1.155774 9.444407 0.000002 -0.000001 -0.000005 -9.532505 -0.000047 0.000000 0.008064 -0.340351 2.322092 0.113122 -1.194877 10.660753 0.172800 -1.583500 12.798941 -0.000001 -0.000002 0.000004 -9.103594 -0.043087 -1.865118 0.124793 -1.314220 10.997060 0.230351 -1.796327 14.698231 0.300100 -2.017102 16.694062 0.000000 0.000002 -0.000001 -8.076704 -0.486731 -3.806273 0.345420 -2.169239 18.595410 0.275327 -2.006868 17.479641 0.376485 -2.419768 19.738627 0.000003 0.000002 -0.000008 4.570445 11.014716 -2.160855 -0.013634 0.690348 7.075888 -95.654129 8.397943 -19.052811 0.000165 -113.705813 0.000244 20.232735 3.753094 27.684439 2.466140 -1.576198 2.681731 -3.599479 18.297686 14.126178 4.185340 14.320369 1.150407 -0.821907 0.916485 2.391522 -0.000000 -0.000001 -0.000010 9.109299 -0.518020 2.259867 0.006838 0.307634 -2.592104 0.000540 0.092011 -0.663023 0.000461 0.072408 -0.663025 0.000000 -0.000003 -0.000001 9.533403 0.000044 0.000043 0.030540 0.649233 -5.417606 0.059269 0.906921 -7.517283 0.057804 0.893434 -7.404728 -0.000001 -0.000002 0.000002 9.104538 -0.043011 -1.865077 0.067663 0.964963 -8.016894 0.251317 1.846130 -15.491246 0.259539 1.875515 -15.744305 -0.000000 -0.000000 0.000000 8.077780 -0.486846 -3.806259 0.875655 5.474930 -9.986396 0.591633 -1.502856 -22.537338 0.582327 2.573495 -22.069106 0.000003 -0.000001 0.000003 -8.207785 -6.751670 -1.599561 -21.270112 15.919180 -9.354612 62.211986 -10.936129 -10.044990 -17.167908 -19.924277 -2.083158 -14.382068 -0.000000 0.000015 -0.000000 0.000000 0.000000 8.207790 -6.751698 -1.599554 -17.581069 1.860282 -18.013768 46.026459 -8.943066 2.831928 -24.628873 -9.860662 3.406577 -2.570082 -0.000002 0.000001 0.000000 0.000001 -0.000000 
0.048102 93.494606 13.255815 -1.721865 15.402495 17.387263 -0.000007 10.181579 0.131519 -1.961130 8.888621 3.252039 2.776613 0.745288 -13.621285 2.996475 0.813521 -13.575885 -0.000003 16.740383 -2.049031 12.426262 6.710346 -2.004415 0.000000 9.617879 1.685006 1.399988 37.810892 -7.254334 0.000003 22.037354 7.501100 0.000004 -0.000001 -0.000000 -4.569971 11.014896 -2.160880 0.442009 1.236924 2.165049 -97.991235 10.504839 35.206767 -0.000038 119.426226 0.000037 10.700369 10.665115 -5.436001 -2.464785 -1.573973 2.681879 -3.957290 -16.952378 -15.272042 4.886095 -14.854312 -0.578676 -1.560139 0.883061 -1.926110 -0.000001 -0.000006 0.000004 -9.108273 -0.517865 2.259850 0.026325 0.606170 -5.134174 0.062114 -0.910589 7.735313 0.093909 -1.151611 9.409800 0.000002 0.000002 0.000010 -9.532502 -0.000050 0.000003 0.008474 -0.348857 2.392004 0.110824 -1.182159 10.554606 0.171107 -1.576080 12.736349 0.000002 0.000007 0.000002 -9.103578 -0.043069 -1.865106 0.122115 -1.300174 10.879733 0.225092 -1.776101 14.526498 0.296890 -2.006534 16.603408 0.000000 0.000002 -0.000006 -8.076675 -0.486705 -3.806249 0.335015 -2.137148 18.318313 0.268041 -1.981610 17.263687 0.372237 -2.407323 19.630584 0.000000 -0.000005 -0.000004 4.570442 11.014709 -2.160853 -0.183546 1.529060 7.989623 -97.508566 6.569457 -20.761912 0.000123 -115.736053 0.000208 22.586681 4.681090 28.306070 2.466137 -1.576208 2.681737 -3.599482 18.297655 14.126172 4.185341 14.320374 1.150411 -0.821909 0.916476 2.391519 0.000005 0.000007 -0.000007 9.109301 -0.518026 2.259876 0.004584 0.251649 -2.127948 0.000153 0.052621 -0.336645 0.000112 0.033033 -0.336655 -0.000002 -0.000004 0.000004 9.533394 0.000015 0.000045 0.024493 0.581553 -4.854615 0.053157 0.859289 -7.119182 0.052047 0.848056 -7.025665 0.000002 0.000001 -0.000007 9.104521 -0.043033 -1.865067 0.056280 0.880401 -7.309937 0.236426 1.791572 -15.022033 0.245213 1.823999 -15.300826 -0.000001 0.000003 0.000002 8.077794 -0.486875 -3.806254 0.794557 5.384566 -9.129368 0.567326 -1.557328 -22.043940 0.558516 2.518781 -21.574017 -0.000001 0.000002 -0.000000 -8.207787 -6.751674 -1.599564 -20.229694 17.820614 -10.067252 61.981720 -10.984348 -10.045757 -17.804357 -20.605217 -0.180426 -14.584247 0.000009 -0.000005 -0.000000 -0.000000 0.000001 8.207793 -6.751717 -1.599557 -18.722445 1.673786 -18.702405 45.085727 -8.800232 2.324991 -23.921255 -12.565060 2.862694 -3.108745 0.000001 -0.000001 -0.000000 0.000000 -0.000000 
-0.524595 93.329590 13.563991 -0.873889 18.195662 18.233303 -0.000005 10.181577 0.131519 -2.278375 9.625961 2.880754 2.495000 0.815632 -14.638241 2.747391 0.910411 -14.593625 0.000003 16.740398 -2.049028 12.245674 6.529380 -2.024748 0.000001 9.617874 1.685006 0.818009 36.292630 -5.971700 -0.000001 22.037354 7.501088 -0.000004 -0.000002 -0.000000 -4.569969 11.014923 -2.160881 0.249779 -2.043939 1.561928 -97.217641 11.513483 36.613625 -0.000014 119.338062 0.000004 13.162668 11.602635 -5.364564 -2.464811 -1.573958 2.681839 -3.957288 -16.952390 -15.272047 4.886095 -14.854299 -0.578674 -1.560139 0.883059 -1.926112 0.000007 -0.000002 0.000000 -9.108287 -0.517850 2.259828 0.022344 0.558530 -4.741961 0.063048 -0.917437 7.792163 0.094451 -1.155036 9.438235 0.000001 -0.000006 0.000005 -9.532502 -0.000025 -0.000014 0.010605 -0.388940 2.721461 0.111646 -1.186588 10.591512 0.171251 -1.576707 12.741802 -0.000004 -0.000003 0.000000 -9.103589 -0.043070 -1.865131 0.128296 -1.332286 11.148143 0.224638 -1.774490 14.512955 0.296209 -2.004226 16.583450 0.000003 0.000001 -0.000001 -8.076703 -0.486704 -3.806294 0.343560 -2.163514 18.545944 0.265723 -1.973461 17.194305 0.370887 -2.403348 19.595888 0.000001 0.000005 -0.000007 4.570446 11.014721 -2.160851 -0.281845 2.224453 7.740653 -98.396033 3.541136 -22.958002 0.000088 -117.212043 0.000190 23.699151 5.318783 28.903257 2.466113 -1.576206 2.681736 -3.599489 18.297679 14.126185 4.185346 14.320373 1.150412 -0.821906 0.916486 2.391514 -0.000003 -0.000006 -0.000004 9.109290 -0.518056 2.259871 0.004058 0.236811 -2.004859 0.000042 0.031173 -0.158703 0.000029 0.011536 -0.158678 0.000000 -0.000006 -0.000001 9.533387 0.000006 0.000041 0.022319 0.555081 -4.634501 0.049786 0.831876 -6.890320 0.048766 0.821036 -6.799892 -0.000001 -0.000004 0.000003 9.104521 -0.043060 -1.865077 0.051074 0.838883 -6.963076 0.227375 1.757586 -14.730317 0.236297 1.791093 -15.018061 0.000001 -0.000001 0.000002 8.077782 -0.486894 -3.806264 0.750922 5.334773 -8.662142 0.551532 -1.593438 -21.717915 0.543039 2.482524 -21.246862 0.000004 -0.000002 -0.000003 -8.207784 -6.751674 -1.599564 -19.596264 17.702298 -11.149021 61.311876 -10.897694 -10.030780 -20.982860 -21.350348 0.320743 -12.405200 0.000003 -0.000008 0.000000 0.000000 -0.000001 8.207791 -6.751693 -1.599556 -19.802785 2.113542 -19.066895 45.037335 -8.637210 2.445004 -23.808556 -14.795363 2.081660 -3.478844 0.000002 0.000000 -0.000000 0.000000 0.000000 
-1.260462 92.830238 13.788575 -0.396688 20.482149 18.565223 -0.000002 10.181588 0.131522 -2.131922 10.079869 2.494031 2.328346 0.885299 -15.062241 2.598950 0.987069 -15.018217 -0.000003 16.740423 -2.049039 11.808886 6.299353 -2.460729 0.000004 9.617852 1.685010 0.361063 34.120586 -4.922170 0.000002 22.037338 7.501101 0.000000 -0.000001 -0.000000 -4.569972 11.014925 -2.160891 -0.293472 -7.733152 -0.164651 -94.910663 12.162396 37.725652 -0.000030 119.015418 0.000039 16.865011 12.527900 -5.905986 -2.464804 -1.573966 2.681847 -3.957289 -16.952384 -15.272043 4.886095 -14.854309 -0.578676 -1.560140 0.883066 -1.926120 0.000003 -0.000007 0.000001 -9.108272 -0.517847 2.259842 0.020161 0.530615 -4.512187 0.064666 -0.929293 7.890223 0.095427 -1.160918 9.487278 0.000001 -0.000004 -0.000011 -9.532503 -0.000033 -0.000017 0.012515 -0.421779 2.991356 0.113764 -1.198371 10.689883 0.172404 -1.581777 12.784385 -0.000002 0.000003 -0.000004 -9.103587 -0.043074 -1.865139 0.136094 -1.371757 11.478492 0.227298 -1.784704 14.599606 0.297378 -2.008097 16.616689 0.000002 0.000003 0.000002 -8.076693 -0.486699 -3.806291 0.358526 -2.208893 18.938675 0.267647 -1.980146 17.251127 0.371990 -2.406606 19.624305 -0.000002 0.000000 -0.000000 4.570441 11.014726 -2.160860 -0.307932 2.865589 6.461996 -98.062044 -0.668756 -25.796159 0.000119 -118.383380 0.000211 22.781355 5.527620 30.011913 2.466155 -1.576215 2.681725 -3.599485 18.297686 14.126175 4.185348 14.320377 1.150407 -0.821911 0.916468 2.391519 0.000004 0.000006 -0.000001 9.109312 -0.518058 2.259868 0.003800 0.229174 -1.941625 0.000023 0.025475 -0.111450 0.000014 0.005847 -0.111439 -0.000001 0.000007 -0.000005 9.533430 0.000002 0.000036 0.021552 0.545600 -4.555641 0.048505 0.821204 -6.801210 0.047507 0.810436 -6.711465 -0.000003 -0.000001 -0.000003 9.104543 -0.043045 -1.865080 0.049613 0.826774 -6.861924 0.223121 1.741336 -14.591226 0.231932 1.774835 -14.878413 0.000002 0.000001 0.000001 8.077808 -0.486893 -3.806261 0.739406 5.321491 -8.538133 0.542984 -1.613168 -21.540084 0.534699 2.462709 -21.068407 0.000001 -0.000003 0.000003 -8.207787 -6.751667 -1.599563 -19.531059 15.441866 -12.373820 60.611754 -10.702798 -10.005220 -26.208752 -21.277339 -0.132608 -8.532651 0.000001 -0.000001 -0.000001 0.000000 -0.000001 8.207793 -6.751714 -1.599560 -21.009305 2.922017 -19.104971 46.375728 -8.450342 3.316824 -24.509125 -16.414860 1.040285 -3.666008 0.000002 -0.000000 0.000000 -0.000001 -0.000000 
-2.146366 91.864540 13.961722 -0.477637 22.301228 18.455467 -0.000006 10.181590 0.131519 -1.545481 9.921498 1.786545 2.066991 0.925491 -14.671936 2.327359 1.015104 -14.632975 0.000000 16.740395 -2.049033 11.427884 6.046320 -3.026081 0.000003 9.617891 1.685008 0.408752 31.910999 -4.471152 -0.000001 22.037369 7.501100 0.000000 0.000000 0.000001 -4.569971 11.014922 -2.160886 -1.087423 -12.512148 -2.176868 -91.972800 13.202319 38.715373 -0.000023 118.493469 0.000034 19.395736 13.071959 -6.180642 -2.464800 -1.573975 2.681864 -3.957285 -16.952381 -15.272050 4.886092 -14.854307 -0.578673 -1.560131 0.883061 -1.926110 -0.000000 -0.000003 -0.000003 -9.108288 -0.517864 2.259830 0.020272 0.532326 -4.526102 0.065624 -0.936240 7.947731 0.096028 -1.164371 9.516024 0.000001 0.000000 0.000003 -9.532499 -0.000039 -0.000007 0.012943 -0.428957 3.050329 0.115328 -1.206889 10.760919 0.173401 -1.586167 12.821384 -0.000000 -0.000001 0.000007 -9.103585 -0.043074 -1.865119 0.139682 -1.389615 11.628029 0.230123 -1.795472 14.691079 0.298925 -2.013245 16.660974 -0.000000 -0.000002 0.000002 -8.076693 -0.486713 -3.806274 0.367455 -2.235450 19.168941 0.270917 -1.991627 17.349273 0.373914 -2.412282 19.673405 -0.000002 0.000003 -0.000006 4.570446 11.014722 -2.160856 -0.300337 3.559238 4.725619 -96.124264 -5.428880 -29.014954 0.000128 -119.574646 0.000213 20.121322 5.255434 31.300500 2.466147 -1.576231 2.681732 -3.599491 18.297684 14.126171 4.185349 14.320384 1.150409 -0.821912 0.916476 2.391520 -0.000004 0.000001 -0.000007 9.109310 -0.518053 2.259866 0.002178 0.174013 -1.484240 0.000022 0.022538 -0.087227 0.000008 0.002921 -0.087232 0.000003 -0.000001 0.000003 9.533411 0.000014 0.000041 0.018569 0.506565 -4.231334 0.047795 0.815291 -6.751781 0.047126 0.807089 -6.683647 0.000002 0.000006 -0.000003 9.104528 -0.043023 -1.865070 0.047063 0.805445 -6.683908 0.221623 1.735593 -14.541842 0.230749 1.770294 -14.839559 -0.000000 0.000002 -0.000002 8.077798 -0.486882 -3.806259 0.733503 5.314683 -8.474593 0.540739 -1.618432 -21.492799 0.532492 2.457436 -21.020981 -0.000001 0.000000 -0.000002 -8.207788 -6.751672 -1.599561 -19.831383 11.920407 -13.291657 60.525264 -10.475512 -9.980296 -32.364524 -20.043450 -0.377761 -4.331601 0.000007 -0.000003 0.000000 0.000001 -0.000000 8.207791 -6.751705 -1.599556 -22.487486 3.499714 -18.917949 49.385287 -8.236201 4.771909 -26.167129 -17.045215 -0.122540 -3.702192 0.000003 0.000005 0.000001 -0.000001 -0.000000 
-3.147281 90.462395 14.167188 -1.242015 23.531482 17.891402 -0.000003 10.181577 0.131520 -0.878633 9.218959 0.975886 1.890385 0.903149 -13.574503 2.114773 0.970431 -13.541195 0.000002 16.740406 -2.049037 11.261206 5.727272 -3.344398 -0.000005 9.617894 1.685007 0.955585 29.866392 -4.745578 0.000000 22.037354 7.501102 -0.000001 -0.000000 0.000001 -4.569969 11.014915 -2.160882 -1.506083 -13.967575 -3.351828 -89.430945 15.077036 39.806442 -0.000042 117.816242 0.000034 18.539292 13.121923 -5.266276 -2.464808 -1.573958 2.681860 -3.957287 -16.952383 -15.272043 4.886094 -14.854306 -0.578676 -1.560137 0.883056 -1.926117 -0.000001 -0.000006 -0.000004 -9.108300 -0.517857 2.259842 0.021166 0.543448 -4.617685 0.065561 -0.935820 7.944302 0.095982 -1.164174 9.514296 -0.000001 0.000001 -0.000005 -9.532523 -0.000031 -0.000028 0.012496 -0.421017 2.985084 0.115562 -1.208183 10.771832 0.173648 -1.587249 12.830513 -0.000001 0.000003 0.000005 -9.103601 -0.043074 -1.865123 0.138805 -1.385265 11.591651 0.231255 -1.799627 14.726380 0.299672 -2.015762 16.682382 -0.000000 0.000001 -0.000000 -8.076707 -0.486699 -3.806283 0.366920 -2.233867 19.155196 0.272879 -1.998372 17.406879 0.375060 -2.415572 19.702215 0.000000 -0.000001 -0.000002 4.570447 11.014704 -2.160855 -0.265929 4.180415 3.027001 -92.320334 -9.770188 -31.824085 0.000105 -120.922147 0.000183 17.115626 4.818256 31.181453 2.466151 -1.576208 2.681729 -3.599492 18.297691 14.126188 4.185347 14.320376 1.150415 -0.821914 0.916472 2.391515 0.000002 0.000005 -0.000003 9.109304 -0.518048 2.259866 0.000156 0.045576 -0.419816 -0.000000 0.001410 -0.000083 0.000009 -0.018219 0.087863 0.000001 0.000002 0.000001 9.533406 0.000045 0.000036 0.011850 0.404620 -3.384621 0.045380 0.794411 -6.577475 0.045428 0.792641 -6.563113 0.000001 -0.000000 0.000000 9.104525 -0.043035 -1.865083 0.038743 0.730946 -6.062536 0.218465 1.723332 -14.436827 0.228749 1.762837 -14.775390 -0.000000 0.000003 -0.000000 8.077796 -0.486863 -3.806259 0.691137 5.265242 -8.015010 0.539588 -1.621117 -21.468657 0.531365 2.454748 -20.996760 0.000003 0.000003 0.000002 -8.207781 -6.751655 -1.599564 -20.240301 8.843984 -13.656747 62.318899 -7.916145 -9.776209 -35.951165 -19.652121 4.142414 -2.177425 -0.000003 0.000000 -0.000000 0.000001 0.000000 8.207788 -6.751699 -1.599556 -23.974860 3.461944 -18.455258 53.763312 -8.034863 6.656608 -28.665665 -16.531144 -1.285176 -3.650152 -0.000009 -0.000003 0.000001 -0.000000 -0.000000 
-4.243073 88.886520 14.477471 -2.717813 24.191768 16.561213 -0.000005 10.181575 0.131522 -0.525074 8.177895 0.710709 2.224841 0.791272 -12.052634 2.400594 0.834265 -12.018932 0.000004 16.740398 -2.049031 11.217055 5.266801 -3.196109 -0.000001 9.617891 1.685003 1.602662 27.742190 -5.600330 -0.000003 22.037369 7.501089 0.000002 0.000000 0.000001 -4.569965 11.014913 -2.160884 -1.212285 -12.061773 -3.079189 -87.763737 17.588898 41.104113 -0.000028 117.028571 0.000035 14.145493 12.499997 -3.048275 -2.464811 -1.573969 2.681862 -3.957289 -16.952384 -15.272040 4.886096 -14.854301 -0.578668 -1.560137 0.883061 -1.926115 -0.000001 -0.000001 -0.000001 -9.108272 -0.517876 2.259859 0.020683 0.537334 -4.567526 0.065169 -0.933032 7.921380 0.095750 -1.162810 9.502857 0.000002 0.000004 -0.000001 -9.532507 -0.000051 -0.000024 0.012503 -0.421799 2.991386 0.115238 -1.206266 10.755894 0.173409 -1.586180 12.821296 0.000001 -0.000003 0.000009 -9.103587 -0.043070 -1.865115 0.137700 -1.379751 11.545333 0.230874 -1.798229 14.714562 0.299524 -2.015231 16.677925 0.000002 0.000000 0.000001 -8.076679 -0.486711 -3.806251 0.363368 -2.223303 19.063469 0.272744 -1.997966 17.403472 0.374986 -2.415391 19.700526 0.000000 -0.000004 -0.000000 4.570448 11.014747 -2.160856 -0.178717 4.362527 1.520614 -86.880669 -12.579450 -33.409901 0.000104 -122.293308 0.000217 15.500419 4.977198 28.145903 2.466139 -1.576200 2.681730 -3.599487 18.297706 14.126178 4.185345 14.320378 1.150410 -0.821910 0.916478 2.391513 -0.000003 -0.000004 0.000000 9.109314 -0.518051 2.259862 0.000800 -0.105133 0.829079 0.000258 -0.047799 0.000040 0.000266 -0.067397 0.495533 -0.000000 0.000005 0.000002 9.533424 0.000034 0.000032 0.005105 0.266014 -2.234503 0.040111 0.747310 -6.185038 0.041012 0.753240 -6.234497 -0.000001 -0.000002 0.000002 9.104552 -0.043038 -1.865083 0.026158 0.601058 -4.980943 0.209462 1.688007 -14.134630 0.221495 1.735036 -14.537211 -0.000001 0.000000 0.000002 8.077807 -0.486865 -3.806262 0.594045 5.148781 -6.945262 0.531284 -1.640538 -21.293958 0.523241 2.435246 -20.821483 0.000003 -0.000003 0.000001 -8.207785 -6.751663 -1.599562 -19.936733 6.329595 -12.277405 64.236877 -7.474947 -9.768033 -38.006997 -18.523212 9.559295 -1.124857 -0.000005 -0.000005 0.000000 -0.000001 -0.000000 8.207798 -6.751694 -1.599562 -24.971095 2.615441 -17.240926 58.735618 -8.036231 8.657553 -31.577358 -14.812935 -2.229679 -3.466592 0.000008 0.000000 -0.000000 -0.000000 -0.000000 
-5.434724 87.459045 14.888749 -4.866699 24.620549 14.070862 -0.000005 10.181590 0.131519 -0.512728 6.814733 1.443436 3.291358 0.592616 -10.303796 3.416752 0.609687 -10.263625 0.000004 16.740377 -2.049036 11.103634 4.612093 -2.569177 -0.000001 9.617923 1.685005 1.932426 25.174108 -6.791938 0.000001 22.037384 7.501092 -0.000000 0.000000 -0.000000 -4.569967 11.014902 -2.160887 -0.577009 -8.368092 -1.609336 -86.651714 19.883896 42.362011 0.000009 116.166314 -0.000009 8.368052 10.966752 -0.312688 -2.464792 -1.573973 2.681867 -3.957288 -16.952379 -15.272047 4.886093 -14.854304 -0.578676 -1.560138 0.883057 -1.926117 -0.000001 -0.000006 0.000000 -9.108289 -0.517865 2.259822 0.018066 0.502373 -4.279743 0.065387 -0.934557 7.933888 0.095878 -1.163549 9.509098 0.000003 0.000003 -0.000002 -9.532505 -0.000045 -0.000018 0.014080 -0.446977 3.198460 0.115524 -1.207945 10.769723 0.173362 -1.585937 12.819486 0.000001 -0.000002 0.000001 -9.103585 -0.043073 -1.865132 0.140560 -1.393933 11.664233 0.230710 -1.797708 14.710004 0.299233 -2.014292 16.669883 -0.000001 0.000001 -0.000002 -8.076687 -0.486719 -3.806276 0.365296 -2.229079 19.113542 0.271981 -1.995278 17.380555 0.374543 -2.414061 19.689052 0.000003 -0.000001 0.000002 4.570447 11.014713 -2.160857 -0.028956 3.782072 0.181688 -80.722912 -12.897605 -33.722030 0.000089 -123.415603 0.000191 16.448730 6.119790 21.418193 2.466147 -1.576194 2.681740 -3.599485 18.297686 14.126173 4.185348 14.320380 1.150406 -0.821913 0.916471 2.391515 0.000000 0.000001 -0.000007 9.109298 -0.518050 2.259877 0.001816 -0.158716 1.273244 0.000992 -0.105552 0.000049 0.000992 -0.125148 0.974099 0.000002 0.000001 -0.000000 9.533397 0.000030 0.000053 0.002485 0.185492 -1.567013 0.034138 0.689693 -5.704813 0.035227 0.698282 -5.776345 0.000001 -0.000001 0.000001 9.104519 -0.043036 -1.865066 0.017012 0.484802 -4.014711 0.195788 1.632774 -13.662778 0.208761 1.685207 -14.110522 0.000002 -0.000001 0.000003 8.077789 -0.486856 -3.806249 0.482911 5.009773 -5.689991 0.512193 -1.685874 -20.887007 0.504558 2.389714 -20.413188 -0.000001 0.000001 0.000001 -8.207785 -6.751662 -1.599566 -19.228907 3.666431 -8.364463 66.303296 -7.654855 -9.929205 -39.848416 -18.129670 10.096176 -0.481237 -0.000008 -0.000001 -0.000000 0.000000 -0.000000 8.207797 -6.751697 -1.599560 -25.156985 0.739804 -14.576208 63.581411 -8.327878 10.066309 -34.420229 -12.007269 -2.655710 -3.035427 0.000002 -0.000002 0.000000 -0.000000 -0.000000 
-6.678576 86.393120 15.347001 -7.577399 25.254119 10.479976 -0.000004 10.181593 0.131520 -0.490337 5.011576 2.942822 4.827049 0.351279 -8.339571 4.905558 0.338074 -8.294925 0.000000 16.740389 -2.049031 10.852667 3.758802 -1.562141 0.000003 9.617907 1.685011 1.845553 21.980078 -8.126830 -0.000000 22.037354 7.501093 0.000004 0.000004 0.000001 -4.569969 11.014903 -2.160884 -0.037772 -4.504261 0.394478 -85.287910 20.855607 42.953806 -0.000009 115.251437 -0.000009 4.060967 8.691515 2.017946 -2.464819 -1.573977 2.681872 -3.957289 -16.952376 -15.272038 4.886093 -14.854311 -0.578673 -1.560136 0.883052 -1.926113 0.000002 -0.000002 0.000000 -9.108285 -0.517861 2.259859 0.014071 0.443393 -3.794564 0.066583 -0.943243 8.005804 0.096600 -1.167882 9.545076 -0.000002 0.000001 -0.000000 -9.532507 -0.000038 0.000003 0.017454 -0.496762 3.607927 0.117208 -1.217050 10.845715 0.174000 -1.588744 12.843130 -0.000000 0.000001 0.000002 -9.103596 -0.043072 -1.865113 0.148870 -1.434048 12.000555 0.232268 -1.803555 14.759632 0.299661 -2.015702 16.682129 -0.000005 0.000003 -0.000001 -8.076706 -0.486719 -3.806264 0.376589 -2.262263 19.401564 0.272402 -1.996723 17.393029 0.374779 -2.414787 19.695286 -0.000000 0.000003 -0.000006 4.570445 11.014713 -2.160855 0.144858 2.459107 -0.926297 -75.019308 -10.443171 -33.447406 0.000082 -124.104127 0.000185 19.933589 7.347380 11.586354 2.466136 -1.576207 2.681735 -3.599476 18.297687 14.126172 4.185343 14.320371 1.150410 -0.821911 0.916478 2.391516 0.000000 0.000007 0.000002 9.109299 -0.518044 2.259873 0.000007 0.002349 -0.061596 0.001376 -0.126132 -0.000000 0.001380 -0.145719 1.144627 0.000000 -0.000001 -0.000000 9.533396 0.000034 0.000043 0.005552 0.277093 -2.326531 0.031644 0.664345 -5.493741 0.031889 0.664526 -5.495311 -0.000001 -0.000007 0.000001 9.104505 -0.043036 -1.865068 0.017869 0.496697 -4.113704 0.185522 1.590027 -13.298029 0.197326 1.639109 -13.716692 -0.000001 0.000002 -0.000002 8.077796 -0.486864 -3.806260 0.444053 4.959659 -5.242820 0.490169 -1.739296 -20.409070 0.483051 2.336088 -19.933709 0.000001 -0.000000 0.000002 -8.207785 -6.751675 -1.599562 -17.582913 0.547762 -3.730471 67.619337 -8.211960 -8.712800 -41.277780 -16.864982 8.773918 -0.647087 -0.000005 0.000003 0.000000 -0.000001 -0.000000 8.207792 -6.751690 -1.599556 -24.425916 -2.344135 -10.151806 67.731346 -8.914797 10.104007 -36.863764 -8.504876 -2.468385 -2.485532 -0.000001 0.000001 -0.000000 -0.000000 -0.000000 
-7.916000 85.801239 15.813894 -10.427803 26.207152 6.490909 -0.000003 10.181581 0.131521 -0.140828 2.889343 4.324317 6.243979 0.135756 -6.110752 6.283237 0.093015 -6.071547 -0.000002 16.740398 -2.049035 10.584131 2.749541 -0.309108 0.000003 9.617862 1.685007 1.580069 18.231978 -9.468055 -0.000001 22.037338 7.501095 0.000000 0.000001 0.000000 -4.569971 11.014915 -2.160882 0.296161 -1.308947 2.302265 -83.147219 19.732661 42.277198 -0.000053 114.311419 0.000051 2.727694 6.212196 3.604686 -2.464792 -1.573975 2.681844 -3.957293 -16.952383 -15.272049 4.886095 -14.854302 -0.578675 -1.560140 0.883056 -1.926121 0.000003 -0.000000 0.000000 -9.108278 -0.517863 2.259822 0.009805 0.370671 -3.196954 0.068660 -0.957867 8.127097 0.097836 -1.175155 9.605712 -0.000003 -0.000005 0.000001 -9.532502 -0.000038 -0.000025 0.022475 -0.562777 4.151116 0.120222 -1.233156 10.980259 0.175354 -1.594697 12.893352 -0.000002 0.000004 0.000007 -9.103581 -0.043083 -1.865133 0.161673 -1.493807 12.502247 0.235826 -1.816942 14.873425 0.301110 -2.020444 16.722660 0.000002 0.000002 -0.000006 -8.076689 -0.486722 -3.806284 0.395982 -2.318109 19.887334 0.274842 -2.005164 17.464951 0.376207 -2.418917 19.731279 0.000002 -0.000000 -0.000004 4.570446 11.014736 -2.160853 0.290048 0.798555 -1.612308 -70.475381 -5.814233 -33.122060 0.000077 -124.387252 0.000216 24.188068 7.325347 0.911667 2.466114 -1.576220 2.681741 -3.599494 18.297665 14.126186 4.185347 14.320382 1.150405 -0.821913 0.916471 2.391518 -0.000000 0.000003 -0.000005 9.109303 -0.518053 2.259867 0.012278 0.411796 -3.456599 0.000422 -0.064466 -0.000035 0.000434 -0.084082 0.633776 -0.000001 -0.000001 -0.000000 9.533386 0.000035 0.000046 0.025895 0.597845 -4.990222 0.037005 0.718165 -5.942041 0.035150 0.697346 -5.768560 -0.000001 -0.000001 0.000004 9.104519 -0.043037 -1.865075 0.038108 0.724919 -6.012383 0.189707 1.607604 -13.448081 0.197760 1.640878 -13.731845 0.000001 0.000000 -0.000003 8.077768 -0.486858 -3.806262 0.561628 5.108872 -6.582621 0.482421 -1.758440 -20.238424 0.475464 2.316898 -19.762524 -0.000000 0.000006 -0.000002 -8.207785 -6.751676 -1.599562 -15.078054 -2.240771 -1.178429 68.268458 -8.467203 -3.419494 -42.522541 -12.691421 6.833446 -0.644374 -0.000005 0.000001 0.000000 -0.000000 -0.000000 8.207793 -6.751717 -1.599559 -22.602230 -5.858065 -5.259486 70.702047 -9.667416 10.014789 -38.792968 -4.207029 -2.162375 -2.650807 -0.000001 -0.000000 0.000000 0.000000 -0.000000 
-9.097207 85.386818 16.238693 -12.532537 27.001546 2.747409 -0.000006 10.181602 0.131525 0.426563 0.949801 4.769268 7.038142 0.005393 -3.680667 7.050867 -0.053527 -3.656067 0.000001 16.740393 -2.049038 10.458311 1.672651 1.010982 -0.000002 9.617908 1.685003 1.527869 14.202647 -10.715868 -0.000001 22.037354 7.501093 0.000002 0.000001 0.000000 -4.569969 11.014901 -2.160885 0.481322 0.947398 3.667192 -80.616969 16.459120 40.249946 -0.000052 113.413106 0.000023 3.743205 3.997749 4.525761 -2.464811 -1.573971 2.681851 -3.957287 -16.952388 -15.272049 4.886089 -14.854302 -0.578678 -1.560129 0.883054 -1.926116 0.000003 -0.000007 -0.000001 -9.108277 -0.517866 2.259839 0.006219 0.294936 -2.574860 0.071208 -0.975892 8.276531 0.099345 -1.184130 9.680443 0.000002 -0.000000 -0.000001 -9.532508 -0.000035 -0.000025 0.028674 -0.634775 4.744112 0.124104 -1.253610 11.151223 0.177219 -1.602829 12.961642 -0.000000 -0.000001 0.000002 -9.103603 -0.043054 -1.865135 0.177274 -1.563227 13.086504 0.240885 -1.835772 15.033458 0.303319 -2.027721 16.785250 0.000003 -0.000000 0.000002 -8.076693 -0.486696 -3.806274 0.420572 -2.386670 20.485889 0.278963 -2.019355 17.586308 0.378610 -2.425911 19.791984 -0.000001 0.000004 -0.000003 4.570447 11.014729 -2.160856 0.385706 -0.627509 -1.723154 -67.239927 -0.119873 -32.694640 0.000097 -124.408658 0.000192 26.480809 6.120591 -7.582409 2.466141 -1.576199 2.681735 -3.599492 18.297667 14.126176 4.185344 14.320378 1.150407 -0.821914 0.916471 2.391515 0.000002 0.000009 0.000004 9.109297 -0.518031 2.259879 0.070322 0.983549 -8.220844 0.000553 0.092421 -0.666498 0.000459 0.072832 -0.666496 0.000000 -0.000002 0.000000 9.533392 0.000029 0.000049 0.087980 1.099475 -9.180477 0.054509 0.870195 -7.210366 0.048705 0.820433 -6.794897 0.000000 -0.000000 -0.000004 9.104536 -0.043026 -1.865069 0.098844 1.164886 -9.694314 0.217159 1.718291 -14.393673 0.219000 1.725399 -14.454705 0.000001 0.000000 0.000000 8.077791 -0.486859 -3.806250 0.876514 5.475877 -9.995521 0.505745 -1.701396 -20.747987 0.498259 2.374147 -20.273726 -0.000002 0.000003 0.000000 -8.207788 -6.751658 -1.599557 -12.625047 -5.771446 1.033092 68.203503 -8.804547 0.394923 -43.122935 -8.189467 5.583409 -0.641624 -0.000000 0.000000 -0.000000 -0.000000 -0.000000 8.207791 -6.751695 -1.599557 -21.513805 -9.098630 -1.292420 73.615642 -8.630531 10.007125 -39.001179 -0.996079 -1.220529 -4.163995 0.000002 -0.000002 0.000000 -0.000000 -0.000000 
-10.160154 85.114784 16.647417 -13.132832 26.705456 -0.584653 -0.000004 10.181602 0.131522 0.790327 -0.239447 4.108556 7.073495 -0.016403 -1.270981 7.074101 -0.070605 -1.261562 -0.000003 16.740395 -2.049036 10.499201 0.662122 2.167178 -0.000002 9.617867 1.685011 2.004898 10.344041 -11.821843 0.000006 22.037338 7.501099 0.000003 0.000000 -0.000001 -4.569973 11.014916 -2.160887 0.567295 2.085658 4.263057 -78.749212 11.754219 37.263617 0.000012 112.644900 0.000008 5.235794 2.264193 4.819895 -2.464800 -1.573988 2.681853 -3.957290 -16.952381 -15.272049 4.886097 -14.854304 -0.578663 -1.560138 0.883059 -1.926123 0.000002 -0.000009 0.000006 -9.108282 -0.517877 2.259839 0.003879 0.233506 -2.070330 0.073945 -0.994649 8.432079 0.100948 -1.193476 9.758232 0.000003 0.000001 -0.000007 -9.532522 -0.000055 -0.000026 0.034745 -0.698049 5.265869 0.128236 -1.275055 11.330430 0.179294 -1.611873 13.037824 -0.000001 -0.000003 0.000000 -9.103592 -0.043089 -1.865124 0.193037 -1.630296 13.652244 0.246610 -1.856868 15.213065 0.305970 -2.036381 16.859659 0.000001 0.000004 0.000002 -8.076695 -0.486732 -3.806274 0.446896 -2.457767 21.109091 0.284113 -2.036817 17.735865 0.381571 -2.434523 19.866799 -0.000001 0.000004 -0.000002 4.570443 11.014703 -2.160858 0.429145 -1.363900 -1.259658 -65.346892 5.517625 -31.875550 0.000107 -124.218519 0.000186 25.239588 4.942371 -11.813791 2.466150 -1.576188 2.681737 -3.599482 18.297694 14.126174 4.185346 14.320373 1.150406 -0.821908 0.916479 2.391521 0.000001 0.000003 0.000000 9.109306 -0.518045 2.259873 0.175329 1.546952 -12.973279 0.006835 0.312550 -2.491465 0.006517 0.292977 -2.491469 0.000002 0.000000 -0.000000 9.533407 0.000030 0.000047 0.197823 1.641894 -13.770007 0.086584 1.094357 -9.087376 0.074970 1.016645 -8.435796 0.000002 -0.000001 -0.000009 9.104547 -0.043033 -1.865075 0.214039 1.706758 -14.288830 0.270542 1.914095 -16.077203 0.264333 1.892421 -15.890094 0.000000 0.000002 0.000000 8.077803 -0.486875 -3.806260 1.354669 5.958123 -14.792492 0.567422 -1.557100 -22.045954 0.558624 2.519003 -21.576006 0.000000 -0.000003 0.000000 -8.207783 -6.751665 -1.599563 -11.234854 -9.060581 3.225729 67.813294 -9.153089 1.715857 -43.289889 -4.421511 5.017053 -0.638867 0.000003 -0.000000 0.000000 -0.000001 -0.000000 8.207792 -6.751684 -1.599555 -21.154288 -11.982944 1.543968 75.270802 -4.350029 10.013338 -38.163825 -0.411781 -2.803181 -6.361993 0.000007 -0.000003 -0.000000 -0.000001 -0.000000 
-11.065359 85.055115 17.054026 -12.369482 24.568057 -3.420213 -0.000008 10.181582 0.131520 0.650227 -0.474671 2.803113 6.551115 0.051376 0.821354 6.549328 0.016199 0.823137 -0.000005 16.740389 -2.049032 10.602497 -0.136145 2.953894 0.000002 9.617897 1.685011 3.049113 7.200531 -12.775835 -0.000002 22.037384 7.501093 -0.000001 -0.000001 -0.000000 -4.569975 11.014916 -2.160884 0.566207 1.932347 4.096763 -78.384583 6.865760 33.766847 -0.000015 112.011858 0.000035 5.701862 1.108989 4.390062 -2.464808 -1.573988 2.681854 -3.957290 -16.952383 -15.272047 4.886093 -14.854309 -0.578683 -1.560139 0.883059 -1.926111 0.000001 -0.000007 -0.000001 -9.108274 -0.517886 2.259836 0.003259 0.214031 -1.910503 0.076185 -1.009851 8.558298 0.102256 -1.201053 9.821347 0.000004 0.000001 -0.000003 -9.532501 -0.000068 -0.000022 0.037940 -0.729174 5.522463 0.131646 -1.292465 11.476156 0.181226 -1.620130 13.107505 -0.000001 -0.000003 0.000004 -9.103580 -0.043088 -1.865131 0.204136 -1.675829 14.037097 0.251913 -1.876160 15.377324 0.308615 -2.045022 16.933799 -0.000000 -0.000001 0.000002 -8.076698 -0.486729 -3.806275 0.468836 -2.515257 21.614682 0.289511 -2.054984 17.891583 0.384667 -2.443475 19.944702 0.000002 -0.000007 -0.000002 4.570443 11.014725 -2.160854 0.408268 -1.257231 -0.307308 -64.897923 10.293487 -30.536693 0.000080 -123.698469 0.000175 21.095922 4.262926 -11.633347 2.466117 -1.576188 2.681740 -3.599477 18.297672 14.126176 4.185341 14.320372 1.150400 -0.821913 0.916474 2.391523 0.000002 0.000006 -0.000001 9.109288 -0.518035 2.259875 0.275527 1.931943 -16.273245 0.020101 0.531827 -4.311790 0.019535 0.512243 -4.311781 -0.000000 0.000001 0.000011 9.533381 0.000027 0.000045 0.314717 2.061804 -17.386315 0.128167 1.328595 -11.059691 0.110565 1.232717 -10.251318 0.000001 0.000000 -0.000001 9.104514 -0.043029 -1.865072 0.355322 2.187373 -18.445573 0.341688 2.145379 -18.084739 0.327489 2.101467 -17.701858 0.000001 0.000002 -0.000002 8.077768 -0.486871 -3.806257 1.870719 6.397731 -19.585012 0.659489 -1.356977 -23.868262 0.648892 2.719982 -23.404770 0.000000 -0.000001 0.000001 -8.207788 -6.751671 -1.599565 -11.242599 -10.796332 5.548613 67.223425 -9.070168 1.104665 -43.091250 -2.059838 4.568705 -0.636127 -0.000002 -0.000003 -0.000000 -0.000000 -0.000000 8.207790 -6.751694 -1.599559 -21.068171 -14.118973 3.277971 75.772445 -0.230512 10.020997 -37.103521 0.250918 -4.829486 -8.206333 0.000004 -0.000006 -0.000000 0.000000 0.000000 
-11.755578 85.137047 17.429043 -11.038036 20.674962 -5.596949 -0.000010 10.181595 0.131519 0.030857 -0.033140 1.585565 5.772965 0.161466 2.349485 5.771031 0.144767 2.352320 -0.000001 16.740391 -2.049036 10.698117 -0.641964 3.307627 -0.000001 9.617889 1.685006 4.380443 5.116381 -13.567731 0.000006 22.037338 7.501095 0.000001 0.000000 0.000001 -4.569970 11.014912 -2.160882 0.465645 0.496830 3.367106 -79.594264 3.077151 30.145675 -0.000024 111.352417 0.000042 5.033892 0.660107 3.239259 -2.464792 -1.573986 2.681856 -3.957285 -16.952384 -15.272042 4.886097 -14.854306 -0.578676 -1.560133 0.883057 -1.926117 0.000000 -0.000001 0.000007 -9.108266 -0.517867 2.259838 0.004939 0.263169 -2.313851 0.076918 -1.014690 8.598330 0.102671 -1.203439 9.841376 0.000002 0.000001 0.000001 -9.532500 -0.000035 -0.000020 0.035184 -0.702271 5.300559 0.132841 -1.298560 11.527254 0.182299 -1.624738 13.146311 0.000001 -0.000008 0.000000 -9.103585 -0.043072 -1.865128 0.203773 -1.674323 14.024310 0.255013 -1.887358 15.472877 0.310540 -2.051282 16.987823 -0.000001 -0.000008 -0.000003 -8.076673 -0.486700 -3.806279 0.475920 -2.533445 21.775143 0.293935 -2.069726 18.017930 0.387194 -2.450755 20.007905 0.000001 0.000006 -0.000002 4.570446 11.014709 -2.160852 0.310662 -0.478696 1.105948 -65.855618 13.872177 -28.809919 0.000059 -122.694117 0.000160 16.322875 3.501657 -8.477439 2.466143 -1.576191 2.681744 -3.599485 18.297682 14.126183 4.185346 14.320376 1.150409 -0.821910 0.916483 2.391521 -0.000001 -0.000002 -0.000004 9.109299 -0.518033 2.259874 0.309433 2.044810 -17.250905 0.033401 0.683751 -5.575729 0.032653 0.664189 -5.575699 0.000001 0.000001 0.000001 9.533398 0.000027 0.000049 0.376162 2.248868 -19.020091 0.164704 1.503573 -12.541773 0.143820 1.403966 -11.697533 -0.000000 0.000000 0.000000 9.104532 -0.043035 -1.865067 0.456818 2.470613 -20.942757 0.409918 2.343805 -19.826166 0.390950 2.290621 -19.357340 -0.000000 -0.000000 -0.000001 8.077796 -0.486865 -3.806251 2.250195 6.677015 -22.917161 0.757647 -1.160305 -25.686450 0.745317 2.917501 -25.229853 0.000000 -0.000000 0.000007 -8.207792 -6.751656 -1.599563 -12.298215 -10.447621 7.786907 66.710355 -7.624559 -0.101738 -42.664333 -1.402024 3.365624 -0.633330 -0.000002 -0.000002 -0.000000 -0.000001 -0.000000 8.207786 -6.751692 -1.599561 -20.739132 -15.298749 4.217702 75.286593 3.932165 10.008357 -36.360287 1.172931 -7.290056 -9.278564 0.000003 -0.000006 -0.000000 0.000000 -0.000000 
-12.191890 85.300941 17.737837 -9.670947 15.949697 -7.134169 -0.000009 10.181593 0.131525 -0.876442 0.606478 0.965512 4.939390 0.264232 3.239807 4.935226 0.254875 3.247614 0.000002 16.740398 -2.049035 10.832784 -0.904879 3.343413 0.000001 9.617884 1.685005 5.595188 3.947425 -14.198781 0.000007 22.037354 7.501094 -0.000002 -0.000001 0.000000 -4.569971 11.014919 -2.160885 0.257058 -1.957916 2.342767 -81.839709 1.222754 26.881307 -0.000004 110.434767 0.000053 4.275410 0.926092 1.693070 -2.464800 -1.573969 2.681854 -3.957291 -16.952386 -15.272047 4.886103 -14.854309 -0.578672 -1.560140 0.883056 -1.926119 -0.000001 0.000003 0.000004 -9.108288 -0.517865 2.259839 0.010683 0.386721 -3.328749 0.075115 -1.002559 8.497578 0.101622 -1.197403 9.790995 -0.000001 -0.000001 -0.000003 -9.532516 -0.000045 -0.000021 0.026067 -0.605504 4.502960 0.130434 -1.286305 11.424600 0.181696 -1.622283 13.125687 -0.000001 0.000001 -0.000002 -9.103601 -0.043071 -1.865126 0.187423 -1.606744 13.453461 0.253813 -1.883028 15.435963 0.310770 -2.051963 16.993478 0.000000 -0.000005 0.000003 -8.076711 -0.486703 -3.806274 0.458237 -2.487630 21.371503 0.295332 -2.074408 18.058120 0.388010 -2.453064 20.027971 0.000000 -0.000005 -0.000003 4.570446 11.014721 -2.160855 0.138965 0.609834 3.017217 -67.892845 16.382110 -26.964426 0.000103 -121.191707 0.000208 13.423366 2.347241 -4.086346 2.466137 -1.576206 2.681744 -3.599487 18.297662 14.126179 4.185343 14.320374 1.150408 -0.821911 0.916479 2.391518 0.000004 0.000007 -0.000007 9.109298 -0.518032 2.259876 0.264674 1.894267 -15.948019 0.037976 0.728761 -5.950672 0.037192 0.709209 -5.950647 0.000000 -0.000000 -0.000003 9.533410 0.000022 0.000049 0.353756 2.182707 -18.440421 0.180550 1.573170 -13.133712 0.160704 1.483082 -12.368264 -0.000000 -0.000000 -0.000000 9.104524 -0.043036 -1.865067 0.468432 2.500689 -21.210449 0.450660 2.453775 -20.799536 0.432373 2.405126 -20.368020 -0.000000 -0.000000 -0.000000 8.077812 -0.486841 -3.806252 2.365871 6.755581 -23.906311 0.829453 -1.025619 -26.949444 0.816010 3.052869 -26.497890 0.000000 -0.000001 0.000001 -8.207789 -6.751672 -1.599559 -13.872917 -8.718564 9.525144 66.381249 -6.108184 -0.975851 -42.113751 -0.924035 2.293480 -0.630556 -0.000003 -0.000002 -0.000000 -0.000001 -0.000000 8.207788 -6.751696 -1.599557 -20.200378 -15.767295 4.540334 74.222901 8.310752 9.999798 -35.787411 2.260856 -9.985265 -9.756290 0.000000 -0.000005 0.000000 0.000000 0.000000 
-12.406302 85.684387 17.999195 -8.274542 11.507206 -8.270983 -0.000004 10.181592 0.131519 -1.890577 1.056029 1.014578 4.116710 0.327889 3.671478 4.108651 0.314058 3.682946 -0.000001 16.740395 -2.049031 11.068686 -1.074737 3.251181 -0.000002 9.617893 1.685006 6.413424 3.143817 -14.751030 0.000000 22.037369 7.501094 0.000001 -0.000001 0.000000 -4.569969 11.014924 -2.160885 -0.041536 -4.974106 1.235199 -84.532170 1.489848 24.497718 0.000024 109.188470 -0.000020 4.554805 1.611239 0.196409 -2.464800 -1.573975 2.681860 -3.957289 -16.952383 -15.272045 4.886094 -14.854301 -0.578673 -1.560135 0.883052 -1.926117 -0.000000 -0.000000 0.000004 -9.108279 -0.517869 2.259840 0.022594 0.561657 -4.767721 0.070642 -0.971947 8.243903 0.099017 -1.182188 9.664141 0.000002 0.000001 0.000001 -9.532523 -0.000048 -0.000014 0.014411 -0.452099 3.240572 0.124086 -1.253525 11.150449 0.179104 -1.610999 13.030528 0.000000 0.000009 0.000003 -9.103602 -0.043087 -1.865128 0.157688 -1.475432 12.347877 0.247090 -1.858602 15.227842 0.308411 -2.044337 16.928030 0.000001 0.000007 -0.000007 -8.076701 -0.486713 -3.806268 0.415148 -2.371725 20.355243 0.291808 -2.062663 17.957380 0.385988 -2.447253 19.977610 -0.000000 0.000004 -0.000011 4.570445 11.014721 -2.160855 -0.086696 1.664443 5.363406 -70.527222 18.228716 -25.215604 0.000099 -119.376462 0.000196 13.546070 1.319992 0.090469 2.466158 -1.576206 2.681737 -3.599493 18.297687 14.126177 4.185344 14.320370 1.150408 -0.821908 0.916479 2.391521 0.000001 -0.000003 0.000002 9.109303 -0.518030 2.259870 0.181855 1.575070 -13.212538 0.031946 0.668956 -5.452552 0.031232 0.649399 -5.452538 -0.000000 0.000000 -0.000002 9.533426 0.000031 0.000046 0.274332 1.927937 -16.226146 0.171031 1.531763 -12.781348 0.155418 1.458836 -12.162520 -0.000000 0.000000 0.000002 9.104559 -0.043032 -1.865077 0.397800 2.310710 -19.527927 0.450823 2.454178 -20.803144 0.437885 2.419918 -20.499150 -0.000000 -0.000000 -0.000002 8.077793 -0.486871 -3.806254 2.212491 6.650778 -22.592319 0.851355 -0.985892 -27.324653 0.837589 3.092779 -26.874648 0.000000 -0.000003 -0.000004 -8.207786 -6.751672 -1.599561 -15.465145 -6.779620 10.716089 65.688859 -4.472033 -1.366788 -41.318372 -0.478930 1.279485 -0.627771 -0.000000 0.000001 0.000000 0.000000 -0.000000 8.207793 -6.751706 -1.599559 -19.766774 -15.839945 4.340776 73.241525 9.074755 10.014960 -35.015808 6.103927 -10.269815 -9.966416 0.000010 -0.000001 0.000000 0.000000 0.000000 
-12.422118 86.108864 18.207335 -6.820327 8.015195 -9.208036 -0.000001 10.181591 0.131519 -2.837776 1.128181 1.394674 3.328607 0.340210 4.013613 3.317923 0.315707 4.025223 0.000003 16.740396 -2.049033 11.360585 -1.283650 3.142582 0.000000 9.617879 1.685008 6.762055 2.197396 -15.397029 0.000000 22.037354 7.501090 0.000000 -0.000000 -0.000000 -4.569967 11.014925 -2.160883 -0.384129 -7.943518 0.167439 -87.417023 3.532812 23.274493 -0.000010 107.810684 0.000021 6.271354 2.271395 -0.906190 -2.464796 -1.573973 2.681841 -3.957289 -16.952384 -15.272045 4.886094 -14.854297 -0.578673 -1.560133 0.883056 -1.926113 0.000003 0.000000 0.000000 -9.108285 -0.517876 2.259822 0.040186 0.748209 -6.305472 0.064561 -0.928545 7.884151 0.095360 -1.160559 9.484240 -0.000000 0.000000 -0.000003 -9.532496 -0.000056 -0.000032 0.005188 -0.275126 1.786393 0.115061 -1.205415 10.748662 0.174799 -1.592282 12.872810 -0.000001 0.000006 0.000002 -9.103587 -0.043090 -1.865141 0.123278 -1.306163 10.929641 0.235611 -1.816225 14.867445 0.303571 -2.028498 16.791808 0.000000 0.000006 -0.000009 -8.076700 -0.486712 -3.806287 0.357584 -2.206106 18.914355 0.283008 -2.033033 17.703569 0.380936 -2.432673 19.850647 0.000001 -0.000001 -0.000002 4.570444 11.014733 -2.160853 -0.328172 2.491713 7.838652 -73.329410 19.790389 -23.627060 0.000104 -117.567828 0.000201 15.963376 0.875623 3.354833 2.466152 -1.576218 2.681726 -3.599493 18.297672 14.126185 4.185344 14.320376 1.150408 -0.821912 0.916476 2.391520 0.000000 0.000006 -0.000003 9.109312 -0.518048 2.259863 0.108322 1.218976 -10.197647 0.020967 0.543121 -4.405582 0.020366 0.523531 -4.405574 0.000001 -0.000001 0.000000 9.533393 0.000028 0.000043 0.187342 1.598455 -13.399698 0.145010 1.412166 -11.766525 0.134292 1.357173 -11.301476 -0.000001 0.000001 0.000001 9.104547 -0.043031 -1.865083 0.295377 1.998902 -16.804589 0.416963 2.363236 -19.997633 0.410969 2.346766 -19.852126 0.000001 0.000004 -0.000003 8.077809 -0.486877 -3.806264 1.898285 6.419203 -19.832175 0.822407 -1.038505 -26.827737 0.809060 3.039876 -26.375730 0.000001 0.000003 0.000003 -8.207786 -6.751674 -1.599562 -17.016224 -5.200496 11.517185 64.835154 -3.013681 -1.379289 -40.492776 -0.136519 0.474752 -0.624967 0.000003 -0.000001 -0.000000 -0.000000 -0.000000 8.207794 -6.751700 -1.599555 -19.810040 -15.826848 4.166294 72.302777 9.255033 10.023420 -34.384986 9.414808 -10.068991 -9.997870 -0.000001 -0.000003 -0.000000 -0.000000 -0.000000 
-12.319763 86.511368 18.353931 -5.538044 5.598722 -10.092643 -0.000004 10.181602 0.131524 -3.543011 0.780723 1.710217 2.637503 0.300786 4.576640 2.627853 0.265025 4.585479 0.000001 16.740377 -2.049034 11.578480 -1.550167 3.013847 -0.000005 9.617854 1.685008 6.729983 1.031461 -16.247386 0.000002 22.037354 7.501092 0.000002 -0.000001 0.000001 -4.569968 11.014919 -2.160884 -0.696982 -10.209080 -0.763853 -90.458083 6.672478 23.116997 -0.000020 106.611528 0.000027 9.096687 2.636097 -1.395350 -2.464808 -1.573973 2.681841 -3.957288 -16.952383 -15.272043 4.886097 -14.854302 -0.578678 -1.560137 0.883059 -1.926116 0.000004 -0.000005 0.000000 -9.108269 -0.517870 2.259831 0.059425 0.909254 -7.636546 0.058368 -0.882125 7.499642 0.091556 -1.137452 9.291961 -0.000000 0.000004 -0.000002 -9.532494 -0.000045 -0.000032 0.000663 -0.111219 0.440968 0.105513 -1.152254 10.305302 0.169776 -1.570193 12.686819 -0.000001 -0.000003 0.000001 -9.103573 -0.043081 -1.865124 0.092943 -1.135521 9.506869 0.222059 -1.764545 14.428508 0.297189 -2.007531 16.611876 0.000001 -0.000002 -0.000006 -8.076680 -0.486704 -3.806267 0.300731 -2.027537 17.374668 0.270718 -1.990954 17.343558 0.373805 -2.411934 19.670540 -0.000001 -0.000000 -0.000009 4.570446 11.014714 -2.160856 -0.532983 3.015120 9.977732 -75.974175 21.207707 -22.189669 0.000128 -116.110484 0.000198 19.007322 0.866931 5.665697 2.466132 -1.576202 2.681736 -3.599485 18.297677 14.126203 4.185345 14.320376 1.150402 -0.821911 0.916478 2.391519 0.000000 0.000002 0.000001 9.109303 -0.518049 2.259872 0.062710 0.928979 -7.764008 0.011529 0.404097 -3.250962 0.011088 0.384504 -3.250930 -0.000001 0.000003 -0.000000 9.533405 0.000033 0.000041 0.123564 1.301207 -10.878546 0.116319 1.266398 -10.534766 0.109191 1.225170 -10.187589 0.000001 0.000000 0.000003 9.104518 -0.043032 -1.865069 0.207480 1.680812 -14.066796 0.368657 2.226212 -18.791927 0.368290 2.225130 -18.782354 -0.000000 -0.000000 -0.000001 8.077791 -0.486858 -3.806258 1.565410 6.146743 -16.791105 0.762984 -1.150035 -25.782298 0.750596 2.927842 -25.326111 -0.000001 0.000001 -0.000004 -8.207790 -6.751652 -1.599561 -18.257162 -4.062283 12.235679 63.871954 -1.994964 -1.210840 -39.702298 0.071325 -0.028415 -0.622138 0.000002 -0.000000 0.000000 0.000000 -0.000000 8.207791 -6.751688 -1.599557 -20.061975 -15.666352 4.466164 71.434633 9.241505 10.022554 -34.136421 11.469734 -9.742262 -9.744317 0.000001 -0.000006 -0.000000 0.000000 -0.000000 
-12.158232 86.781319 18.404085 -4.664694 4.045012 -10.947438 -0.000005 10.181586 0.131521 -3.942585 0.086171 1.844776 2.140989 0.220083 5.351274 2.136512 0.174790 5.356042 0.000001 16.740393 -2.049034 11.617877 -1.797347 2.852945 -0.000001 9.617868 1.685009 6.520909 -0.042190 -17.178033 0.000001 22.037338 7.501097 -0.000001 -0.000000 -0.000001 -4.569968 11.014919 -2.160886 -0.897348 -11.367451 -1.440859 -93.448271 10.047572 23.700717 -0.000022 105.784638 0.000032 12.404882 2.726572 -1.189891 -2.464800 -1.573954 2.681851 -3.957290 -16.952383 -15.272040 4.886096 -14.854306 -0.578683 -1.560140 0.883061 -1.926108 0.000005 -0.000007 0.000001 -9.108280 -0.517862 2.259840 0.074939 1.020356 -8.557191 0.053255 -0.841894 7.166813 0.088307 -1.117443 9.125519 -0.000000 -0.000002 0.000000 -9.532506 -0.000026 -0.000019 -0.000221 0.011871 -0.568959 0.097294 -1.104678 9.908952 0.165143 -1.549373 12.511663 0.000000 -0.000000 0.000000 -9.103582 -0.043076 -1.865124 0.071354 -0.995511 8.344128 0.209286 -1.714429 14.003744 0.290756 -1.986084 16.427863 0.000001 0.000002 0.000001 -8.076674 -0.486699 -3.806272 0.255398 -1.871761 16.042060 0.257910 -1.945889 16.958730 0.366267 -2.389756 19.478023 -0.000000 -0.000001 -0.000008 4.570444 11.014729 -2.160856 -0.645816 3.172870 11.419759 -78.178714 22.436150 -20.998587 0.000109 -115.277611 0.000204 21.374307 0.934645 7.305843 2.466122 -1.576198 2.681732 -3.599479 18.297653 14.126192 4.185350 14.320380 1.150404 -0.821909 0.916480 2.391521 0.000001 0.000006 -0.000003 9.109282 -0.518040 2.259864 0.039566 0.738560 -6.174085 0.005949 0.291694 -2.318526 0.005640 0.272137 -2.318531 0.000000 0.000001 -0.000000 9.533384 0.000028 0.000044 0.086318 1.089130 -9.093561 0.093877 1.139092 -9.463087 0.088877 1.106242 -9.187531 -0.000001 -0.000000 0.000002 9.104522 -0.043032 -1.865075 0.150420 1.434213 -11.967911 0.324416 2.091844 -17.618068 0.327348 2.101027 -17.697865 0.000000 0.000000 -0.000006 8.077778 -0.486864 -3.806263 1.307601 5.914136 -14.337544 0.699815 -1.274276 -24.629059 0.688481 2.803014 -24.168419 -0.000001 0.000000 -0.000005 -8.207788 -6.751658 -1.599564 -19.086450 -3.392921 12.991880 63.098360 -1.374363 -1.152015 -39.078077 0.159625 -0.243291 -0.619312 0.000003 -0.000001 0.000000 0.000001 -0.000000 8.207790 -6.751693 -1.599553 -20.251577 -15.328020 5.196088 70.789023 9.180639 10.018104 -34.393510 12.499962 -9.457726 -9.182337 0.000003 -0.000004 0.000000 -0.000000 0.000000 
-11.934237 86.913895 18.349497 -4.155023 3.031317 -11.643663 -0.000005 10.181575 0.131516 -4.138315 -0.786894 2.029856 1.912266 0.120404 6.025143 1.915527 0.067027 6.025791 -0.000000 16.740419 -2.049036 11.449988 -1.953656 2.725308 0.000003 9.617869 1.685009 6.348292 -0.718705 -17.910354 -0.000001 22.037354 7.501091 -0.000001 -0.000000 0.000000 -4.569970 11.014935 -2.160885 -0.959832 -11.588860 -1.783074 -95.819925 12.809400 24.672880 -0.000021 105.359459 0.000049 15.524789 2.718980 -0.421646 -2.464796 -1.573973 2.681844 -3.957290 -16.952381 -15.272049 4.886095 -14.854306 -0.578674 -1.560135 0.883054 -1.926108 -0.000001 0.000001 -0.000005 -9.108266 -0.517872 2.259833 0.082435 1.070031 -8.969515 0.049852 -0.814041 6.936592 0.086107 -1.103593 9.010377 0.000000 -0.000002 -0.000001 -9.532494 -0.000043 -0.000028 0.000190 0.078741 -1.117624 0.091589 -1.070396 9.623787 0.161620 -1.533404 12.377431 0.000001 0.000004 0.000002 -9.103580 -0.043094 -1.865129 0.059052 -0.906486 7.606562 0.199527 -1.674870 13.669135 0.285452 -1.968206 16.274719 0.000001 -0.000001 0.000003 -8.076674 -0.486715 -3.806277 0.226147 -1.763412 15.120442 0.247058 -1.906774 16.625529 0.359808 -2.370525 19.311352 0.000001 -0.000001 -0.000000 4.570442 11.014731 -2.160857 -0.635812 2.922183 12.090213 -79.704845 23.510655 -20.311055 0.000111 -115.213694 0.000213 22.716956 0.907949 8.477300 2.466109 -1.576202 2.681730 -3.599486 18.297684 14.126184 4.185342 14.320371 1.150397 -0.821908 0.916479 2.391523 -0.000000 0.000001 -0.000003 9.109280 -0.518045 2.259863 0.028428 0.626245 -5.238644 0.003289 0.218222 -1.709204 0.003067 0.198636 -1.709201 -0.000001 -0.000000 -0.000000 9.533386 0.000032 0.000037 0.066715 0.958230 -7.996363 0.079626 1.049846 -8.713996 0.075705 1.021581 -8.477134 -0.000001 -0.000001 0.000001 9.104521 -0.043032 -1.865081 0.118713 1.275661 -10.627301 0.292927 1.990004 -16.733745 0.297419 2.004907 -16.862718 0.000002 -0.000002 -0.000006 8.077781 -0.486857 -3.806267 1.144700 5.756304 -12.735303 0.650612 -1.375582 -23.697616 0.640165 2.701288 -23.233500 -0.000002 -0.000000 -0.000007 -8.207788 -6.751669 -1.599564 -19.661089 -3.040601 13.625855 62.655429 -0.960107 -1.280461 -38.643547 0.164298 -0.248536 -0.616499 0.000003 -0.000001 0.000000 -0.000000 -0.000000 8.207794 -6.751701 -1.599558 -20.412319 -14.834315 5.954452 70.394286 9.149143 10.013640 -34.891885 12.988751 -9.296849 -8.498736 0.000000 -0.000002 -0.000000 0.000000 -0.000000 
-11.591315 86.833755 18.193869 -3.801399 2.291251 -12.123576 -0.000006 10.181599 0.131520 -4.226840 -1.663574 2.567437 1.944161 0.024006 6.323381 1.955485 -0.036500 6.320281 0.000001 16.740408 -2.049042 11.097360 -2.026864 2.706121 0.000001 9.617906 1.685006 6.221049 -1.007324 -18.336362 0.000006 22.037369 7.501097 0.000003 -0.000000 0.000000 -4.569969 11.014917 -2.160889 -0.954228 -11.534653 -1.851065 -96.837596 14.377646 25.711655 -0.000047 105.347656 0.000069 17.761219 2.723123 0.573254 -2.464811 -1.573973 2.681853 -3.957291 -16.952378 -15.272043 4.886099 -14.854312 -0.578680 -1.560139 0.883058 -1.926115 -0.000000 -0.000002 0.000002 -9.108268 -0.517864 2.259844 0.081091 1.061190 -8.896246 0.048358 -0.801554 6.833419 0.085121 -1.097362 8.958795 0.000000 -0.000002 -0.000001 -9.532496 -0.000062 -0.000012 0.000304 0.087710 -1.191193 0.088821 -1.053367 9.482130 0.159657 -1.524372 12.301575 0.000001 -0.000004 0.000002 -9.103585 -0.043073 -1.865123 0.055125 -0.875792 7.352630 0.193783 -1.651244 13.469513 0.282012 -1.956536 16.174745 0.000002 0.000000 0.000003 -8.076669 -0.486718 -3.806264 0.213630 -1.714737 14.707455 0.239680 -1.879692 16.395041 0.355355 -2.357195 19.196030 -0.000000 -0.000001 -0.000009 4.570444 11.014730 -2.160860 -0.526082 2.351746 12.127703 -80.445579 24.766635 -20.344292 0.000140 -115.923856 0.000231 23.326305 0.807250 9.155443 2.466151 -1.576193 2.681734 -3.599490 18.297679 14.126167 4.185346 14.320375 1.150411 -0.821909 0.916478 2.391516 -0.000003 -0.000001 -0.000001 9.109297 -0.518027 2.259871 0.022874 0.561959 -4.704049 0.002079 0.174978 -1.350654 0.001898 0.155378 -1.350658 0.000000 -0.000002 0.000001 9.533414 0.000039 0.000047 0.056511 0.882283 -7.361339 0.071477 0.995188 -8.255809 0.068118 0.969368 -8.039883 -0.000001 0.000001 0.000001 9.104538 -0.043028 -1.865073 0.101889 1.182581 -9.843208 0.273763 1.925219 -16.173082 0.279001 1.943141 -16.328226 -0.000001 0.000002 0.000006 8.077806 -0.486881 -3.806262 1.050949 5.661309 -11.792910 0.619340 -1.442201 -23.088828 0.609499 2.634384 -22.622533 0.000001 0.000003 -0.000001 -8.207788 -6.751673 -1.599564 -20.386687 -2.722334 14.026600 62.787217 -0.702310 -1.458969 -38.489564 0.095190 -0.073350 -0.613639 0.000002 -0.000001 -0.000000 -0.000000 -0.000000 8.207790 -6.751690 -1.599561 -20.832977 -14.247653 6.444817 70.463988 9.162778 10.011500 -35.512991 13.202330 -9.262968 -7.912798 0.000002 -0.000005 -0.000000 -0.000000 0.000001 
-11.135020 86.489555 17.932936 -3.504934 1.678053 -12.553140 -0.000004 10.181604 0.131521 -4.103272 -2.473712 3.482179 2.138453 -0.064529 6.315209 2.157593 -0.129981 6.308558 0.000001 16.740406 -2.049039 10.617338 -2.080264 2.760181 -0.000003 9.617910 1.685005 5.865638 -1.145000 -18.697966 0.000009 22.037354 7.501091 0.000001 0.000000 0.000000 -4.569969 11.014915 -2.160889 -0.975217 -11.782375 -1.833300 -95.947670 14.554071 26.450621 0.000030 105.875439 -0.000012 18.562251 2.672085 1.427450 -2.464804 -1.573985 2.681853 -3.957290 -16.952388 -15.272042 4.886096 -14.854309 -0.578684 -1.560138 0.883058 -1.926113 -0.000001 -0.000002 0.000002 -9.108267 -0.517862 2.259852 0.074292 1.016001 -8.521046 0.048612 -0.803756 6.851656 0.085284 -1.098475 8.967915 -0.000001 0.000000 0.000000 -9.532519 -0.000046 -0.000021 -0.000028 0.054541 -0.919004 0.088799 -1.053101 9.479762 0.159296 -1.522698 12.287700 -0.000001 -0.000007 0.000003 -9.103593 -0.043077 -1.865129 0.057606 -0.895150 7.512721 0.192224 -1.644822 13.415402 0.280725 -1.952137 16.137089 0.000001 -0.000003 0.000004 -8.076682 -0.486716 -3.806264 0.215791 -1.723326 14.780446 0.236408 -1.867550 16.291669 0.353377 -2.351245 19.144354 -0.000002 0.000001 -0.000007 4.570444 11.014741 -2.160861 -0.382308 1.708289 11.670856 -80.439623 26.783260 -20.992441 0.000117 -117.286984 0.000213 23.515757 0.739298 9.271011 2.466129 -1.576197 2.681742 -3.599497 18.297679 14.126182 4.185343 14.320374 1.150411 -0.821908 0.916479 2.391521 0.000001 0.000002 -0.000001 9.109301 -0.518041 2.259871 0.020970 0.538096 -4.505663 0.001522 0.150266 -1.145733 0.001354 0.130666 -1.145737 0.000001 0.000001 -0.000002 9.533424 0.000033 0.000046 0.052128 0.847405 -7.069997 0.067029 0.964039 -7.995110 0.063900 0.939012 -7.785795 -0.000001 -0.000000 -0.000000 9.104543 -0.043017 -1.865071 0.093483 1.133076 -9.426902 0.262929 1.887502 -15.847651 0.268484 1.906913 -16.015023 -0.000002 0.000000 -0.000001 8.077800 -0.486865 -3.806260 0.998091 5.606352 -11.254423 0.601269 -1.481570 -22.730605 0.591767 2.594848 -22.263017 0.000002 -0.000001 -0.000002 -8.207787 -6.751660 -1.599568 -21.458247 -2.271845 14.475485 63.552158 -0.779942 -1.679609 -38.622039 -0.078307 0.351860 -0.610799 0.000000 0.000001 -0.000000 0.000001 -0.000000 8.207795 -6.751700 -1.599560 -21.613396 -13.582775 6.871629 71.121093 9.198901 10.011043 -36.394677 13.046031 -9.292261 -7.394149 0.000006 -0.000001 0.000000 -0.000000 -0.000000 
-10.645995 85.900665 17.541319 -3.330790 1.097429 -13.110067 -0.000007 10.181585 0.131520 -3.557462 -3.245734 4.475544 2.370919 -0.156548 6.301343 2.398702 -0.221951 6.290960 0.000001 16.740376 -2.049033 10.103526 -2.146580 2.761649 0.000001 9.617867 1.685008 4.991875 -1.260100 -19.309503 -0.000000 22.037354 7.501094 0.000001 0.000000 0.000000 -4.569969 11.014886 -2.160882 -1.039558 -12.241901 -1.861213 -93.027819 13.308735 26.493769 -0.000060 107.120684 0.000064 17.922362 2.409276 1.983672 -2.464796 -1.573969 2.681848 -3.957292 -16.952384 -15.272043 4.886097 -14.854306 -0.578673 -1.560140 0.883061 -1.926110 0.000004 -0.000006 -0.000003 -9.108284 -0.517886 2.259828 0.067968 0.972101 -8.157035 0.049949 -0.815105 6.945409 0.086187 -1.104124 9.014798 -0.000000 0.000001 0.000001 -9.532489 -0.000040 -0.000020 -0.000235 0.011341 -0.564627 0.090527 -1.063785 9.568781 0.160155 -1.526712 12.321161 -0.000000 -0.000008 -0.000000 -9.103590 -0.043067 -1.865135 0.063321 -0.938458 7.871303 0.193985 -1.652107 13.476609 0.281340 -1.954198 16.154813 0.000000 -0.000003 -0.000007 -8.076672 -0.486710 -3.806274 0.227219 -1.767569 15.155720 0.236982 -1.869683 16.309821 0.353736 -2.352287 19.153408 -0.000003 0.000001 0.000006 4.570446 11.014709 -2.160853 -0.258441 1.226653 10.758745 -79.724639 30.037410 -21.785740 0.000136 -119.052219 0.000203 23.378897 0.862666 8.914263 2.466170 -1.576206 2.681731 -3.599489 18.297691 14.126180 4.185345 14.320376 1.150405 -0.821911 0.916478 2.391521 -0.000000 0.000000 0.000000 9.109321 -0.518050 2.259868 0.022901 0.562428 -4.707895 0.001339 0.141074 -1.069637 0.001201 0.121477 -1.069631 0.000000 0.000000 0.000001 9.533424 0.000029 0.000044 0.053239 0.856529 -7.146131 0.065263 0.951255 -7.887877 0.061948 0.924742 -7.666469 0.000001 -0.000001 -0.000001 9.104555 -0.043032 -1.865078 0.092057 1.124431 -9.354229 0.257552 1.868464 -15.683629 0.262901 1.887413 -15.846802 -0.000001 0.000000 0.000001 8.077806 -0.486865 -3.806260 0.978573 5.585809 -11.054467 0.591068 -1.504103 -22.525829 0.581767 2.572216 -22.057546 0.000000 0.000000 0.000005 -8.207792 -6.751666 -1.599561 -22.793424 -1.677110 15.368709 64.816747 -1.394300 -2.111771 -38.938396 -0.393401 1.121595 -0.607923 0.000002 0.000002 0.000000 -0.000000 -0.000000 8.207790 -6.751698 -1.599553 -22.611813 -12.684049 7.656893 72.232672 9.256376 10.010744 -37.804913 12.364486 -9.306403 -6.635135 0.000010 0.000001 0.000000 -0.000000 -0.000001 
-10.180464 85.121284 17.020975 -3.403307 0.435510 -13.663548 -0.000006 10.181585 0.131520 -2.564733 -3.979046 5.205110 2.604696 -0.255529 6.387029 2.641433 -0.314107 6.372162 0.000001 16.740395 -2.049032 9.650157 -2.179012 2.643793 0.000001 9.617887 1.685007 3.629985 -1.191887 -20.072099 0.000006 22.037338 7.501096 -0.000000 -0.000000 0.000001 -4.569969 11.014892 -2.160880 -1.041762 -12.145047 -1.809417 -88.417093 10.488749 25.715490 -0.000018 109.061298 0.000032 16.559811 1.833462 2.463402 -2.464808 -1.573973 2.681832 -3.957290 -16.952383 -15.272043 4.886094 -14.854304 -0.578678 -1.560132 0.883049 -1.926110 0.000001 -0.000003 0.000000 -9.108280 -0.517869 2.259819 0.066552 0.961970 -8.073020 0.051290 -0.826116 7.036423 0.087065 -1.109598 9.060322 -0.000000 -0.000001 0.000001 -9.532512 -0.000049 -0.000036 -0.000227 -0.008670 -0.400457 0.092443 -1.075633 9.667132 0.161402 -1.532335 12.368599 0.000000 -0.000007 0.000004 -9.103600 -0.043071 -1.865148 0.067791 -0.970834 8.139437 0.197001 -1.664563 13.582163 0.282938 -1.959664 16.201499 0.000003 0.000001 -0.000000 -8.076685 -0.486706 -3.806288 0.238611 -1.810474 15.520061 0.239956 -1.880719 16.403625 0.355540 -2.357712 19.200345 -0.000002 0.000003 0.000002 4.570446 11.014707 -2.160852 -0.154869 0.928050 9.414461 -78.194150 34.480024 -22.196452 0.000077 -120.804982 0.000184 22.989788 1.328435 8.283275 2.466117 -1.576208 2.681734 -3.599483 18.297672 14.126173 4.185344 14.320375 1.150411 -0.821912 0.916476 2.391516 0.000001 0.000000 -0.000001 9.109265 -0.518043 2.259873 0.028932 0.631853 -5.285636 0.001528 0.150401 -1.146981 0.001382 0.130814 -1.146992 -0.000000 -0.000000 0.000000 9.533390 0.000029 0.000045 0.060128 0.909871 -7.592038 0.066154 0.957850 -7.943368 0.062358 0.927739 -7.691459 0.000000 -0.000002 0.000002 9.104506 -0.043032 -1.865071 0.098155 1.160876 -9.660715 0.257240 1.867311 -15.673817 0.261795 1.883509 -15.813199 -0.000000 -0.000000 -0.000003 8.077767 -0.486857 -3.806257 0.998408 5.606681 -11.257715 0.587276 -1.512507 -22.449727 0.578061 2.563766 -21.981162 -0.000000 -0.000000 -0.000002 -8.207789 -6.751670 -1.599561 -24.219718 -0.942582 16.638583 66.470930 -2.445860 -2.848083 -39.369221 -0.835202 2.200063 -0.605049 0.000004 0.000004 0.000000 -0.000000 -0.000000 8.207790 -6.751711 -1.599559 -23.626632 -11.236406 8.859701 73.502056 9.340237 10.009816 -39.926301 11.247658 -9.319453 -5.329664 0.000001 -0.000001 -0.000000 -0.000000 -0.000000 
-9.703745 84.283188 16.456970 -3.818734 -0.402233 -13.734995 -0.000003 10.181566 0.131523 -1.325755 -4.544565 5.534333 2.945109 -0.340787 6.254063 2.986520 -0.387960 6.233309 0.000000 16.740381 -2.049033 9.284628 -2.095958 2.474530 -0.000004 9.617876 1.685008 2.110346 -0.700148 -20.380928 -0.000000 22.037384 7.501094 0.000001 -0.000000 -0.000001 -4.569969 11.014916 -2.160883 -0.822446 -10.649947 -1.343574 -82.633200 5.985110 24.581434 0.000034 111.216954 -0.000056 15.450627 0.963399 3.468316 -2.464819 -1.573971 2.681853 -3.957290 -16.952379 -15.272042 4.886098 -14.854311 -0.578677 -1.560143 0.883068 -1.926110 0.000005 -0.000005 -0.000001 -9.108295 -0.517870 2.259837 0.069796 0.985002 -8.263903 0.051613 -0.828680 7.057482 0.087255 -1.110849 9.070860 0.000002 -0.000000 0.000001 -9.532514 -0.000039 -0.000024 -0.000254 0.003838 -0.502917 0.093151 -1.079836 9.702160 0.162025 -1.535229 12.392941 -0.000002 -0.000002 0.000001 -9.103601 -0.043069 -1.865131 0.067793 -0.970770 8.139061 0.198939 -1.672515 13.649247 0.284224 -1.964043 16.239031 -0.000001 -0.000003 -0.000007 -8.076684 -0.486707 -3.806278 0.241277 -1.820366 15.604388 0.242859 -1.891416 16.494746 0.357274 -2.362974 19.245907 -0.000001 -0.000001 -0.000006 4.570445 11.014716 -2.160853 -0.040551 0.639338 7.751930 -75.771851 39.361007 -22.007582 0.000123 -121.942919 0.000199 22.654278 2.108762 7.403549 2.466128 -1.576195 2.681732 -3.599496 18.297684 14.126187 4.185343 14.320375 1.150404 -0.821907 0.916479 2.391521 -0.000001 -0.000002 -0.000001 9.109273 -0.518023 2.259868 0.037935 0.723271 -6.046853 0.002142 0.177109 -1.368246 0.001967 0.157497 -1.368234 0.000000 0.000000 -0.000000 9.533398 0.000038 0.000039 0.071412 0.991151 -8.272047 0.069735 0.983082 -8.154390 0.065164 0.948289 -7.863534 0.000000 -0.000000 -0.000003 9.104526 -0.043048 -1.865077 0.110956 1.233585 -10.272637 0.262268 1.885145 -15.827478 0.265643 1.897017 -15.929628 0.000000 0.000000 0.000010 8.077783 -0.486848 -3.806262 1.055518 5.665998 -11.839121 0.591105 -1.503999 -22.526845 0.581818 2.572318 -22.058560 0.000000 -0.000001 -0.000011 -8.207784 -6.751697 -1.599561 -25.429571 -0.098851 17.601693 68.353706 -3.435281 -3.887117 -39.898239 -1.325501 3.380406 -0.602163 0.000002 0.000001 0.000000 -0.000001 -0.000000 8.207793 -6.751723 -1.599553 -24.394449 -9.020464 9.900848 74.543523 9.401455 10.006645 -42.525666 10.072870 -9.363729 -3.490826 0.000000 -0.000001 -0.000000 -0.000000 -0.000000 
-9.110211 83.493263 15.962173 -4.713019 -1.454209 -12.775846 -0.000005 10.181578 0.131522 0.041385 -4.711869 5.484835 3.578448 -0.380056 5.409274 3.614638 -0.417648 5.381693 0.000001 16.740393 -2.049037 8.929705 -1.870805 2.363954 0.000003 9.617878 1.685008 0.677763 0.177447 -19.624491 0.000005 22.037338 7.501096 -0.000000 -0.000000 -0.000001 -4.569969 11.014921 -2.160885 -0.367711 -7.528230 -0.266789 -75.886919 0.305794 23.934047 0.000030 112.617805 -0.000019 15.019379 0.008218 5.708238 -2.464808 -1.573981 2.681849 -3.957292 -16.952383 -15.272047 4.886094 -14.854304 -0.578673 -1.560133 0.883052 -1.926116 0.000000 0.000000 0.000004 -9.108298 -0.517863 2.259832 0.071388 0.996077 -8.355770 0.050911 -0.822893 7.009806 0.086782 -1.107992 9.047007 -0.000001 -0.000001 0.000002 -9.532514 -0.000045 -0.000020 -0.000198 0.018197 -0.620874 0.092495 -1.075918 9.669587 0.161692 -1.533729 12.380175 -0.000001 0.000000 0.000004 -9.103598 -0.043075 -1.865132 0.065202 -0.952093 7.984398 0.198666 -1.671450 13.640056 0.284288 -1.964267 16.241018 0.000001 -0.000000 -0.000009 -8.076700 -0.486686 -3.806284 0.235258 -1.797921 15.413533 0.243532 -1.893903 16.515896 0.357686 -2.364195 19.256516 -0.000001 -0.000000 -0.000002 4.570446 11.014734 -2.160856 0.086550 0.244067 5.971385 -72.679203 43.449675 -21.399486 0.000095 -121.727358 0.000192 22.878497 2.844608 5.935418 2.466136 -1.576200 2.681737 -3.599479 18.297681 14.126176 4.185343 14.320379 1.150412 -0.821915 0.916471 2.391517 0.000003 0.000003 -0.000005 9.109310 -0.518039 2.259876 0.048369 0.816354 -6.823029 0.003106 0.212281 -1.659864 0.002876 0.192679 -1.659848 -0.000000 0.000000 -0.000000 9.533406 0.000028 0.000046 0.084862 1.079963 -9.016599 0.075033 1.019446 -8.458999 0.069646 0.980109 -8.129836 -0.000000 -0.000000 0.000000 9.104539 -0.043029 -1.865069 0.127424 1.321198 -11.011753 0.271501 1.917421 -16.105832 0.273609 1.924676 -16.168494 -0.000000 -0.000000 0.000003 8.077803 -0.486860 -3.806256 1.131703 5.743312 -12.605583 0.602131 -1.479678 -22.747738 0.592629 2.596729 -22.280209 -0.000000 -0.000001 0.000002 -8.207782 -6.751676 -1.599566 -26.008527 0.813756 17.411032 70.402680 -3.846417 -5.284191 -40.623325 -1.798424 4.472602 -0.599294 -0.000001 -0.000001 0.000000 0.000000 -0.000000 8.207792 -6.751711 -1.599559 -24.616019 -6.380513 9.850388 75.469342 8.570563 9.918476 -44.123193 9.824541 -10.390616 -1.611434 0.000002 -0.000002 -0.000000 0.000000 -0.000000 
-8.316825 82.820122 15.594226 -6.393912 -2.805223 -10.491715 -0.000006 10.181586 0.131520 1.659156 -4.270799 5.044808 4.667504 -0.358339 3.623260 4.688446 -0.395596 3.591504 0.000001 16.740396 -2.049038 8.423667 -1.568442 2.338576 0.000001 9.617888 1.685007 -0.804100 1.061012 -17.732225 -0.000000 22.037369 7.501096 0.000001 -0.000000 0.000001 -4.569968 11.014912 -2.160888 0.116283 -3.420014 1.186628 -67.980108 -5.261643 24.300561 -0.000004 112.131905 0.000022 14.790952 -0.652892 9.497313 -2.464819 -1.573960 2.681849 -3.957287 -16.952381 -15.272045 4.886094 -14.854306 -0.578676 -1.560140 0.883064 -1.926118 0.000003 -0.000010 0.000002 -9.108309 -0.517867 2.259834 0.061442 0.924478 -7.762671 0.050574 -0.820095 6.986779 0.086583 -1.106594 9.035491 0.000000 0.000001 -0.000008 -9.532520 -0.000067 -0.000016 -0.000187 -0.026736 -0.252140 0.092343 -1.074997 9.661907 0.161147 -1.531185 12.358868 0.000000 0.000000 0.000001 -9.103593 -0.043093 -1.865133 0.067118 -0.965946 8.098966 0.197754 -1.667669 13.608151 0.283492 -1.961551 16.217902 -0.000000 0.000001 -0.000002 -8.076714 -0.486695 -3.806275 0.232372 -1.787089 15.321374 0.242007 -1.888304 16.468220 0.356770 -2.361435 19.232631 -0.000000 0.000000 0.000006 4.570446 11.014721 -2.160859 0.185647 -0.107812 4.281050 -68.929955 45.482028 -20.863033 0.000125 -119.431199 0.000237 24.020317 2.888042 3.422379 2.466129 -1.576201 2.681741 -3.599475 18.297679 14.126167 4.185348 14.320380 1.150406 -0.821913 0.916473 2.391516 0.000001 0.000003 -0.000001 9.109287 -0.518043 2.259871 0.062292 0.925887 -7.738136 0.004267 0.248138 -1.957201 0.004018 0.228550 -1.957198 0.000000 0.000000 -0.000001 9.533381 0.000038 0.000046 0.101465 1.180147 -9.858434 0.081088 1.059409 -8.794102 0.074706 1.014876 -8.421102 0.000002 0.000003 0.000009 9.104500 -0.043034 -1.865074 0.146299 1.414651 -11.802174 0.282662 1.955628 -16.436019 0.283432 1.958217 -16.458396 -0.000001 0.000004 0.000006 8.077760 -0.486877 -3.806256 1.210469 5.821075 -13.387328 0.616806 -1.447674 -23.038933 0.607017 2.628893 -22.572452 0.000003 0.000004 -0.000001 -8.207788 -6.751665 -1.599563 -25.546523 2.202365 15.661673 72.573205 -3.688846 -6.914543 -41.608119 -2.269071 5.495811 -0.596369 0.000001 0.000000 0.000000 -0.000000 -0.000000 8.207792 -6.751704 -1.599555 -23.727544 -3.497063 7.695393 76.194920 7.990702 9.851627 -44.639436 10.381500 -11.033712 -0.281050 -0.000001 -0.000005 0.000000 0.000000 -0.000000 
-7.375513 82.395752 15.325198 -9.065571 -4.657164 -7.074584 -0.000006 10.181586 0.131522 3.548633 -3.162662 4.177599 6.269015 -0.295705 1.104633 6.272868 -0.345502 1.078141 0.000000 16.740381 -2.049037 7.596747 -1.298312 2.338177 -0.000007 9.617880 1.685008 -2.671953 1.493778 -15.163387 0.000004 22.037338 7.501094 -0.000002 0.000000 -0.000001 -4.569969 11.014911 -2.160885 0.436276 0.462922 2.453412 -58.993136 -9.380886 25.497554 0.000020 109.052358 -0.000005 13.930706 -0.799974 14.392006 -2.464796 -1.573988 2.681847 -3.957290 -16.952378 -15.272049 4.886095 -14.854311 -0.578671 -1.560139 0.883062 -1.926121 0.000005 -0.000010 0.000000 -9.108258 -0.517885 2.259835 0.036597 0.714304 -6.025640 0.052774 -0.838007 7.134880 0.087992 -1.115514 9.109551 -0.000001 0.000001 -0.000006 -9.532502 -0.000042 -0.000019 0.002344 -0.189533 1.083727 0.095752 -1.095567 9.833136 0.162042 -1.535254 12.393046 -0.000000 0.000001 0.000006 -9.103585 -0.043084 -1.865131 0.083356 -1.075787 9.010425 0.200145 -1.677426 13.690718 0.283639 -1.962051 16.222070 0.000000 0.000001 0.000003 -8.076677 -0.486710 -3.806273 0.251223 -1.856756 15.914228 0.241270 -1.885585 16.445118 0.356329 -2.360108 19.221088 -0.000000 0.000001 -0.000005 4.570445 11.014713 -2.160856 0.220231 -0.097134 2.835244 -63.836956 44.742414 -20.727438 0.000141 -114.516516 0.000209 25.862383 1.610422 -0.079983 2.466136 -1.576202 2.681745 -3.599476 18.297689 14.126184 4.185343 14.320378 1.150409 -0.821903 0.916479 2.391517 -0.000000 0.000000 0.000007 9.109295 -0.518046 2.259874 0.088612 1.103304 -9.224958 0.005886 0.290409 -2.307688 0.005580 0.270815 -2.307690 0.000000 -0.000001 0.000009 9.533406 0.000030 0.000051 0.129193 1.330199 -11.123436 0.088569 1.106746 -9.191501 0.080573 1.053691 -8.746291 -0.000000 -0.000000 0.000005 9.104538 -0.043036 -1.865072 0.173427 1.538707 -12.855123 0.295270 1.997816 -16.801441 0.294032 1.993707 -16.765693 0.000002 -0.000000 0.000002 8.077799 -0.486855 -3.806251 1.304676 5.911376 -14.309057 0.631946 -1.415108 -23.335908 0.621863 2.661582 -22.870491 -0.000001 0.000000 0.000004 -8.207787 -6.751670 -1.599561 -23.776823 4.755169 12.668234 74.511859 -3.434993 -8.457362 -42.644498 -2.797980 6.621184 -0.593458 -0.000005 -0.000003 0.000000 -0.000000 -0.000000 8.207790 -6.751690 -1.599557 -21.189856 -0.141211 3.491016 76.132212 8.732723 9.916823 -44.870006 10.907995 -10.154106 -0.000105 -0.000001 -0.000003 -0.000000 -0.000000 -0.000000 
-6.436691 82.459473 15.086603 -12.105779 -7.063872 -3.240392 -0.000004 10.181598 0.131521 5.232589 -1.541195 3.079187 8.241580 -0.236501 -1.686391 8.238285 -0.307409 -1.692280 0.000000 16.740395 -2.049035 6.395434 -1.158482 2.327246 -0.000002 9.617878 1.685018 -4.973027 1.164834 -12.460703 0.000002 22.037399 7.501087 0.000000 -0.000001 -0.000001 -4.569970 11.014908 -2.160885 0.593808 2.992782 3.048264 -49.848647 -11.660134 27.023343 -0.000054 103.616784 0.000056 12.183908 -0.575566 19.316969 -2.464811 -1.573954 2.681851 -3.957291 -16.952381 -15.272035 4.886098 -14.854311 -0.578680 -1.560140 0.883057 -1.926117 0.000003 -0.000006 -0.000001 -9.108286 -0.517876 2.259835 0.009375 0.362238 -3.127705 0.059460 -0.890493 7.568900 0.092239 -1.141610 9.326611 0.000001 -0.000000 0.000001 -9.532510 -0.000047 -0.000024 0.016827 -0.487868 3.534657 0.105645 -1.153108 10.312203 0.166109 -1.553694 12.548064 0.000001 -0.000000 0.000003 -9.103591 -0.043072 -1.865132 0.125583 -1.318291 11.030963 0.210325 -1.718484 14.038227 0.287133 -1.973884 16.323298 0.000001 -0.000001 -0.000003 -8.076686 -0.486707 -3.806277 0.310611 -2.059813 17.651982 0.246017 -1.902982 16.593171 0.359174 -2.368665 19.295168 0.000000 -0.000001 -0.000006 4.570446 11.014730 -2.160856 0.197556 0.412164 1.706457 -56.874903 41.471017 -20.892557 0.000233 -106.732040 0.000315 27.595682 -1.060517 -3.656755 2.466121 -1.576208 2.681740 -3.599487 18.297677 14.126184 4.185342 14.320371 1.150405 -0.821907 0.916481 2.391520 0.000003 0.000008 0.000004 9.109290 -0.518061 2.259868 0.141701 1.392433 -11.662107 0.009065 0.359041 -2.877000 0.008683 0.339468 -2.877018 -0.000000 -0.000001 0.000003 9.533387 0.000017 0.000044 0.181625 1.574201 -13.192984 0.100647 1.178992 -9.798514 0.089752 1.111636 -9.232646 -0.000002 -0.000005 -0.000001 9.104518 -0.043034 -1.865077 0.222560 1.739832 -14.572152 0.313145 2.056052 -17.306704 0.308302 2.040417 -17.170942 0.000002 -0.000001 0.000003 8.077778 -0.486869 -3.806259 1.460814 6.054786 -15.806875 0.649996 -1.376857 -23.685873 0.639573 2.700001 -23.221725 0.000001 -0.000000 0.000006 -8.207786 -6.751672 -1.599563 -20.958273 8.277301 9.184816 75.458134 -3.387737 -9.878981 -43.224709 -3.358340 7.927236 -0.590550 -0.000002 0.000001 0.000000 -0.000000 -0.000000 8.207792 -6.751696 -1.599558 -17.453961 3.257705 -0.935969 74.877130 9.395445 9.231472 -44.515522 10.856616 -9.201083 -0.000091 -0.000001 0.000000 -0.000000 0.000000 -0.000000 
-5.574293 83.313057 14.867743 -13.994701 -9.436099 0.330517 -0.000005 10.181578 0.131518 5.966166 0.302571 2.156240 10.166198 -0.211816 -4.306346 10.172481 -0.301239 -4.277500 -0.000001 16.740374 -2.049033 4.985075 -1.235641 2.383652 0.000001 9.617875 1.685010 -7.209752 -0.134562 -9.959469 0.000003 22.037354 7.501098 0.000000 0.000000 -0.000000 -4.569970 11.014923 -2.160884 0.655910 3.745292 2.939766 -41.791885 -12.902492 28.631262 0.000043 97.093031 -0.000103 10.097843 -0.206485 23.054342 -2.464808 -1.573971 2.681848 -3.957289 -16.952383 -15.272042 4.886094 -14.854307 -0.578679 -1.560140 0.883063 -1.926111 0.000002 -0.000003 -0.000001 -9.108282 -0.517889 2.259839 0.000311 -0.068677 0.409549 0.071511 -0.977927 8.293341 0.099528 -1.185140 9.688846 0.000001 0.000001 -0.000002 -9.532510 -0.000038 -0.000019 0.055278 -0.878703 6.757900 0.123298 -1.249380 11.115903 0.174153 -1.589454 12.849076 -0.000000 0.000000 0.000002 -9.103601 -0.043070 -1.865134 0.203585 -1.673582 14.018160 0.231047 -1.798918 14.720309 0.295624 -2.002325 16.567175 0.000001 0.000003 -0.000009 -8.076685 -0.486716 -3.806273 0.423376 -2.394364 20.553289 0.260172 -1.953912 17.027346 0.367614 -2.393721 19.512360 -0.000002 0.000000 0.000000 4.570445 11.014709 -2.160856 0.161341 1.127708 0.871258 -48.069160 36.346285 -22.069653 0.000543 -96.089096 0.000649 28.488903 -4.338275 -5.978013 2.466139 -1.576205 2.681735 -3.599477 18.297687 14.126161 4.185343 14.320367 1.150402 -0.821907 0.916484 2.391519 -0.000004 -0.000004 -0.000001 9.109309 -0.518041 2.259876 0.230851 1.771388 -14.891020 0.015747 0.471440 -3.810183 0.015245 0.451869 -3.810141 -0.000001 -0.000002 -0.000002 9.533411 0.000040 0.000049 0.269225 1.910278 -16.073810 0.121357 1.293291 -10.761592 0.105967 1.207016 -10.034847 -0.000000 -0.000002 0.000001 9.104548 -0.043032 -1.865069 0.307884 2.039811 -17.159506 0.342925 2.149181 -18.117968 0.332372 2.116695 -17.834384 0.000003 -0.000002 0.000001 8.077804 -0.486847 -3.806253 1.724788 6.280887 -18.263589 0.679816 -1.314961 -24.254248 0.668841 2.762191 -23.792209 -0.000000 0.000002 0.000003 -8.207786 -6.751676 -1.599564 -18.381023 12.026141 5.052285 74.775613 -3.015402 -9.970461 -42.856404 -3.284703 8.894559 -0.706550 0.000000 -0.000001 -0.000000 -0.000000 -0.000000 8.207792 -6.751714 -1.599557 -14.286422 5.216129 -3.313472 72.653815 9.631547 5.392355 -43.550820 8.507860 -7.887204 -0.000026 0.000005 0.000001 0.000000 0.000000 -0.000000 
-4.693387 84.817665 14.659348 -13.652486 -10.637203 3.437892 -0.000005 10.181595 0.131522 5.477796 2.045952 1.719007 11.439991 -0.207844 -6.433530 11.469423 -0.303024 -6.366667 0.000003 16.740406 -2.049037 3.705995 -1.611061 2.650046 -0.000002 9.617898 1.685004 -8.657110 -2.569676 -7.879165 -0.000000 22.037369 7.501089 -0.000002 0.000001 -0.000001 -4.569969 11.014914 -2.160885 0.633306 3.161003 2.553958 -35.554212 -14.490880 30.217423 0.000176 91.294836 0.000225 8.125550 0.065208 24.818881 -2.464800 -1.573992 2.681846 -3.957289 -16.952384 -15.272043 4.886096 -14.854306 -0.578681 -1.560145 0.883057 -1.926110 0.000001 0.000000 -0.000001 -9.108293 -0.517864 2.259834 0.015893 -0.471094 3.714462 0.087718 -1.084457 9.177852 0.108799 -1.238238 10.131152 0.000003 0.000002 -0.000006 -9.532506 -0.000043 -0.000024 0.116415 -1.270935 10.016595 0.147115 -1.368726 12.114911 0.185381 -1.637935 13.257674 0.000001 -0.000002 0.000007 -9.103590 -0.043088 -1.865137 0.312837 -2.066128 17.365380 0.261328 -1.909927 15.665401 0.308905 -2.045932 16.941572 0.000003 0.000001 -0.000008 -8.076698 -0.486712 -3.806278 0.583856 -2.794453 24.097433 0.284685 -2.038734 17.752203 0.381908 -2.435460 19.874940 -0.000001 -0.000000 -0.000005 4.570447 11.014702 -2.160856 0.159817 1.501214 0.229660 -38.249312 29.629538 -25.564023 -0.000451 -82.817895 -0.000406 28.581630 -7.032165 -6.009258 2.466139 -1.576198 2.681737 -3.599487 18.297691 14.126172 4.185341 14.320372 1.150404 -0.821910 0.916474 2.391519 -0.000001 0.000006 -0.000003 9.109315 -0.518022 2.259866 0.338811 2.137231 -18.055441 0.027414 0.620163 -5.046365 0.026755 0.600579 -5.046321 -0.000000 -0.000000 -0.000003 9.533404 0.000026 0.000039 0.381155 2.263309 -19.146878 0.151989 1.445223 -12.046627 0.131036 1.340851 -11.163521 -0.000003 -0.000001 0.000001 9.104535 -0.043035 -1.865077 0.427739 2.393335 -20.257344 0.388380 2.283254 -19.292923 0.370697 2.232211 -18.844454 -0.000001 -0.000000 0.000004 8.077799 -0.486873 -3.806255 2.089243 6.562707 -21.521154 0.730007 -1.214114 -25.185935 0.718168 2.863448 -24.727406 0.000002 0.000003 -0.000003 -8.207788 -6.751661 -1.599557 -17.168210 14.300495 1.045784 72.413133 -2.750970 -9.895078 -41.430667 -3.044960 9.869187 -0.854718 0.000003 -0.000005 -0.000000 -0.000001 -0.000000 8.207790 -6.751690 -1.599554 -12.971878 5.769303 -4.975429 69.360769 9.856257 1.230339 -41.699288 5.784420 -6.407937 -0.000014 -0.000002 0.000002 0.000000 0.000000 -0.000000 
-3.720423 86.879013 14.483919 -11.541194 -9.946191 6.056750 -0.000005 10.181590 0.131520 4.289212 3.378754 1.706089 11.610612 -0.184311 -7.869827 11.665570 -0.271565 -7.777088 0.000002 16.740374 -2.049030 2.865960 -2.301950 3.190859 -0.000002 9.617874 1.685004 -8.993287 -6.056464 -6.457303 0.000002 22.037323 7.501097 0.000000 -0.000000 0.000000 -4.569968 11.014892 -2.160881 0.554927 2.112122 2.368551 -31.201100 -17.436957 31.478849 -0.000055 87.755350 0.000037 5.657288 -0.324189 24.650221 -2.464796 -1.573988 2.681851 -3.957290 -16.952381 -15.272043 4.886096 -14.854307 -0.578672 -1.560131 0.883057 -1.926110 0.000001 -0.000002 0.000000 -9.108272 -0.517866 2.259832 0.039709 -0.743837 5.961088 0.104339 -1.183760 10.004512 0.117819 -1.287764 10.544537 0.000005 -0.000002 0.000006 -9.532513 -0.000045 -0.000022 0.177924 -1.567069 12.499886 0.172019 -1.483198 13.076926 0.197372 -1.688129 13.681315 -0.000001 -0.000000 0.000001 -9.103591 -0.043107 -1.865132 0.424992 -2.398040 20.244476 0.295629 -2.027662 16.672707 0.324525 -2.095952 17.372335 0.000000 -0.000003 -0.000001 -8.076688 -0.486723 -3.806287 0.756006 -3.158720 27.411668 0.316047 -2.141828 18.637505 0.399697 -2.486323 20.317818 -0.000002 -0.000006 -0.000005 4.570448 11.014705 -2.160851 0.212056 1.203118 -0.331469 -29.387992 21.531912 -31.352296 -0.000163 -67.453056 -0.000143 28.542479 -8.261687 -3.628988 2.466136 -1.576217 2.681736 -3.599477 18.297684 14.126181 4.185343 14.320374 1.150413 -0.821909 0.916478 2.391512 -0.000001 -0.000005 -0.000001 9.109310 -0.518038 2.259871 0.414580 2.357348 -19.987526 0.041960 0.765609 -6.257758 0.041123 0.746050 -6.257745 -0.000001 0.000005 0.000002 9.533415 0.000011 0.000043 0.474168 2.515452 -21.377789 0.186672 1.599208 -13.355379 0.161031 1.484567 -12.381035 -0.000002 -0.000002 -0.000000 9.104539 -0.043017 -1.865069 0.547132 2.694468 -22.946874 0.443830 2.435722 -20.639273 0.419827 2.371097 -20.066940 0.000002 -0.000006 0.000005 8.077790 -0.486874 -3.806261 2.461642 6.818450 -24.716684 0.799028 -1.081823 -26.420444 0.786036 2.996374 -25.966783 0.000002 -0.000000 0.000004 -8.207786 -6.751665 -1.599563 -17.094328 14.812114 -2.430578 68.468671 -3.567554 -9.808044 -39.066746 -2.674156 10.515297 -0.791812 -0.000001 0.000003 0.000000 0.000000 -0.000000 8.207790 -6.751699 -1.599559 -13.314574 4.138967 -6.727503 64.940838 9.775986 -2.662917 -38.952501 4.180472 -4.272851 -0.000046 -0.000001 0.000001 -0.000000 -0.000000 -0.000000 
-2.726854 89.194321 14.303477 -8.874306 -7.617221 8.083573 -0.000005 10.181590 0.131520 3.175339 4.020663 1.772333 10.705752 -0.133699 -8.610755 10.776227 -0.207147 -8.514420 0.000002 16.740387 -2.049034 2.545575 -3.198575 3.924029 -0.000002 9.617913 1.685008 -8.595052 -10.074152 -5.824475 0.000001 22.037338 7.501094 -0.000000 -0.000000 0.000001 -4.569968 11.014912 -2.160882 0.482947 1.213606 2.510608 -28.698286 -21.681969 31.959053 0.000147 87.017962 -0.000210 1.244795 -2.002477 23.214893 -2.464804 -1.573988 2.681843 -3.957288 -16.952384 -15.272042 4.886099 -14.854307 -0.578683 -1.560139 0.883061 -1.926116 0.000001 0.000001 0.000002 -9.108290 -0.517896 2.259832 0.051107 -0.843315 6.783046 0.116474 -1.251184 10.566607 0.124182 -1.321399 10.825587 -0.000001 -0.000002 0.000008 -9.532519 -0.000059 -0.000023 0.212750 -1.711132 13.717015 0.191157 -1.565438 13.770069 0.207030 -1.727325 14.012931 0.000000 0.000003 0.000000 -9.103592 -0.043086 -1.865141 0.501199 -2.596632 21.992943 0.325188 -2.123389 17.495917 0.338602 -2.140005 17.752232 -0.000001 -0.000002 0.000002 -8.076675 -0.486732 -3.806287 0.885021 -3.400406 29.666408 0.346796 -2.237795 19.465132 0.416713 -2.533736 20.731759 -0.000000 -0.000002 -0.000003 4.570447 11.014728 -2.160853 0.293430 0.420507 -0.868885 -23.068651 13.189934 -38.111708 -0.000087 -51.050517 -0.000042 28.912484 -7.738183 0.067003 2.466139 -1.576208 2.681735 -3.599482 18.297684 14.126178 4.185342 14.320370 1.150403 -0.821914 0.916474 2.391522 0.000000 0.000004 0.000002 9.109322 -0.518033 2.259870 0.411659 2.349292 -19.916447 0.052354 0.854262 -6.997563 0.051421 0.834702 -6.997513 0.000005 0.000002 -0.000003 9.533409 0.000027 0.000043 0.497569 2.574426 -21.904504 0.212123 1.702922 -14.240951 0.185100 1.590168 -13.279086 0.000001 0.000001 -0.000001 9.104558 -0.043032 -1.865078 0.608455 2.834731 -24.218165 0.492044 2.559916 -21.745222 0.465453 2.492321 -21.142106 0.000001 -0.000006 -0.000000 8.077803 -0.486876 -3.806262 2.696007 6.964332 -26.669650 0.869408 -0.953626 -27.630572 0.855366 3.125194 -27.181851 0.000003 -0.000000 -0.000005 -8.207787 -6.751675 -1.599563 -17.602454 14.362303 -4.622272 63.957085 -7.364010 -9.778603 -36.370423 -1.509938 8.499508 -0.725811 0.000003 -0.000001 -0.000000 -0.000000 0.000001 8.207790 -6.751714 -1.599557 -14.328431 1.328710 -8.726321 59.542277 9.695904 -5.282832 -35.560383 3.549998 -2.062697 -0.000018 0.000001 -0.000001 -0.000000 -0.000000 -0.000000 
-1.816875 91.403374 14.074219 -6.401426 -4.451141 9.541092 -0.000003 10.181592 0.131522 2.433735 3.809717 1.710793 9.227093 -0.107185 -8.941795 9.296652 -0.169162 -8.862589 0.000003 16.740398 -2.049035 2.587822 -4.111745 4.705830 0.000001 9.617895 1.685014 -8.182168 -13.921735 -5.788144 -0.000000 22.037369 7.501098 0.000000 -0.000001 0.000001 -4.569967 11.014923 -2.160884 0.433259 0.471661 2.725075 -28.505190 -26.171596 31.161498 0.000140 88.438655 0.000068 -5.866540 -4.872306 20.795909 -2.464804 -1.573981 2.681850 -3.957283 -16.952384 -15.272042 4.886099 -14.854302 -0.578677 -1.560138 0.883056 -1.926114 -0.000006 0.000002 0.000005 -9.108279 -0.517860 2.259838 0.046424 -0.803953 6.457703 0.121080 -1.275819 10.772439 0.126538 -1.333722 10.928500 0.000002 -0.000001 -0.000001 -9.532516 -0.000041 -0.000027 0.213555 -1.714325 13.744033 0.199931 -1.601668 14.076207 0.212061 -1.747399 14.182895 -0.000002 -0.000001 0.000006 -9.103593 -0.043082 -1.865130 0.521970 -2.647799 22.446993 0.342459 -2.177197 17.959916 0.347608 -2.167620 17.990809 -0.000002 -0.000003 0.000007 -8.076680 -0.486698 -3.806278 0.934632 -3.487634 30.492276 0.368524 -2.302776 20.028049 0.428468 -2.565917 21.013347 0.000001 -0.000000 -0.000000 4.570449 11.014747 -2.160856 0.361749 -0.340431 -1.362990 -19.129488 6.310420 -44.525511 -0.000045 -35.282042 -0.000002 29.721179 -5.823778 3.406786 2.466142 -1.576212 2.681736 -3.599498 18.297706 14.126177 4.185341 14.320376 1.150413 -0.821911 0.916479 2.391514 -0.000000 -0.000001 -0.000007 9.109312 -0.518043 2.259871 0.336242 2.129371 -17.986856 0.051960 0.851063 -6.970976 0.051027 0.831547 -6.970956 -0.000000 -0.000003 -0.000006 9.533407 0.000030 0.000040 0.440392 2.427368 -20.594479 0.215833 1.717470 -14.365609 0.191569 1.617278 -13.510130 -0.000004 0.000004 -0.000000 9.104531 -0.043050 -1.865076 0.578167 2.766541 -23.598415 0.512369 2.610265 -22.196023 0.488520 2.551111 -21.666429 0.000001 -0.000002 0.000003 8.077787 -0.486849 -3.806261 2.687492 6.959246 -26.599511 0.913758 -0.876048 -28.369983 0.899041 3.203177 -27.924381 0.000001 0.000001 0.000003 -8.207785 -6.751662 -1.599561 -18.199681 14.004510 -5.276366 60.130595 -8.794274 -9.859531 -33.366061 -4.315480 1.964699 -1.372901 -0.000002 0.000003 -0.000000 -0.000000 -0.000002 8.207795 -6.751691 -1.599554 -15.136876 -0.563555 -10.490429 53.760436 9.652895 -5.963656 -31.970121 2.529549 -0.533848 -0.000061 -0.000000 0.000002 -0.000000 -0.000000 -0.000000 
-1.011693 93.224495 13.824512 -4.264631 -1.225912 10.647765 -0.000006 10.181573 0.131522 1.784854 2.858986 1.711735 7.800432 -0.167536 -9.349551 7.854769 -0.222302 -9.297384 0.000001 16.740389 -2.049035 2.736043 -4.907387 5.449844 -0.000001 9.617887 1.685007 -8.209784 -17.218968 -5.880713 0.000003 22.037338 7.501093 0.000000 -0.000000 -0.000000 -4.569969 11.014903 -2.160884 0.373688 -0.462022 2.664475 -31.452157 -29.519917 28.647543 -0.000981 90.597098 0.000854 -14.378520 -7.844344 17.283085 -2.464819 -1.573962 2.681869 -3.957290 -16.952378 -15.272045 4.886094 -14.854307 -0.578673 -1.560135 0.883056 -1.926120 0.000007 -0.000007 -0.000001 -9.108286 -0.517864 2.259852 0.036140 -0.709863 5.680977 0.119262 -1.266108 10.691250 0.125606 -1.328846 10.887909 -0.000003 0.000002 0.000002 -9.532506 -0.000030 -0.000003 0.195511 -1.641557 13.128426 0.199087 -1.598184 14.046702 0.212425 -1.748796 14.194754 0.000000 -0.000001 0.000000 -9.103601 -0.043067 -1.865125 0.501454 -2.597271 21.998697 0.345732 -2.187252 18.047086 0.350260 -2.175618 18.060178 -0.000002 0.000001 -0.000004 -8.076704 -0.486708 -3.806264 0.914900 -3.453312 30.166541 0.376654 -2.326522 20.234359 0.432797 -2.577701 21.116539 -0.000001 0.000006 -0.000004 4.570447 11.014732 -2.160855 0.396320 -0.719821 -1.753217 -16.360229 2.108036 -49.788384 -0.000027 -22.108078 -0.000010 30.835493 -3.460654 5.206801 2.466128 -1.576196 2.681739 -3.599475 18.297686 14.126190 4.185339 14.320373 1.150406 -0.821910 0.916476 2.391520 0.000000 0.000008 -0.000005 9.109301 -0.518038 2.259872 0.240252 1.806436 -15.191830 0.041630 0.762644 -6.233091 0.040825 0.743091 -6.233048 -0.000003 -0.000001 -0.000001 9.533409 0.000024 0.000046 0.342930 2.149961 -18.154207 0.196960 1.641975 -13.720296 0.177751 1.558719 -13.011178 0.000001 0.000000 0.000001 9.104534 -0.043027 -1.865072 0.480229 2.530824 -21.478957 0.496003 2.569814 -21.833709 0.478609 2.526081 -21.443034 0.000001 -0.000002 -0.000003 8.077787 -0.486867 -3.806253 2.453915 6.813454 -24.651560 0.912173 -0.878745 -28.344042 0.897511 3.200444 -27.898341 -0.000005 -0.000010 0.000006 -8.207787 -6.751670 -1.599562 -19.031335 14.393572 -5.030019 57.282621 -10.250076 -9.970999 -29.496841 -8.474213 -5.085304 -3.660091 0.000007 -0.000006 0.000000 0.000000 -0.000001 8.207793 -6.751700 -1.599552 -15.473049 -0.732312 -11.669691 48.375870 9.462759 -5.537779 -28.647070 0.274245 0.325020 -0.130004 0.000001 -0.000001 0.000000 -0.000000 -0.000000 
-0.268225 94.571632 13.610579 -2.391310 1.605082 11.638050 -0.000008 10.181586 0.131523 0.869783 1.565031 2.083065 6.801984 -0.325361 -10.213354 6.834003 -0.373355 -10.186686 0.000000 16.740396 -2.049033 2.780326 -5.583832 6.143838 0.000003 9.617875 1.685007 -8.642751 -20.083022 -5.750059 0.000007 22.037338 7.501093 -0.000001 -0.000001 -0.000001 -4.569970 11.014909 -2.160884 0.268930 -1.770786 2.180100 -37.799896 -30.621866 24.487811 0.000059 92.082274 -0.000118 -21.394092 -9.424847 13.149081 -2.464796 -1.573971 2.681850 -3.957287 -16.952386 -15.272040 4.886091 -14.854307 -0.578668 -1.560135 0.883058 -1.926117 0.000003 -0.000005 0.000000 -9.108293 -0.517863 2.259830 0.028538 -0.630834 5.029308 0.114931 -1.242841 10.497050 0.123396 -1.317251 10.790802 0.000001 0.000000 0.000001 -9.532497 -0.000060 -0.000036 0.176909 -1.562609 12.462157 0.193518 -1.575306 13.853445 0.210124 -1.739663 14.117368 0.000003 -0.000002 0.000000 -9.103589 -0.043085 -1.865138 0.469619 -2.516536 21.285185 0.339944 -2.169437 17.892983 0.348219 -2.169479 18.006865 -0.000001 -0.000000 -0.000003 -8.076689 -0.486717 -3.806290 0.868535 -3.370787 29.387302 0.373446 -2.317196 20.153272 0.431098 -2.573065 21.075978 0.000001 -0.000006 -0.000003 4.570448 11.014702 -2.160854 0.403951 -0.734256 -1.991102 -13.679952 0.923897 -53.582940 -0.000006 -13.035172 -0.000023 32.258290 -1.716898 5.441335 2.466148 -1.576221 2.681735 -3.599490 18.297665 14.126196 4.185347 14.320385 1.150404 -0.821908 0.916479 2.391521 0.000000 0.000004 -0.000003 9.109304 -0.518067 2.259871 0.169898 1.523120 -12.770686 0.028689 0.634214 -5.163346 0.028006 0.614654 -5.163313 -0.000003 0.000000 -0.000004 9.533401 0.000032 0.000043 0.257126 1.867703 -15.706583 0.167311 1.515295 -12.641417 0.152668 1.445997 -12.053591 0.000001 -0.000004 0.000000 9.104534 -0.043029 -1.865075 0.372547 2.238314 -18.891721 0.453636 2.461586 -20.868876 0.442890 2.433213 -20.616972 -0.000001 -0.000000 -0.000003 8.077813 -0.486872 -3.806259 2.124561 6.588298 -21.829597 0.868031 -0.956046 -27.607456 0.854032 3.122748 -27.158668 -0.000002 -0.000002 -0.000007 -8.207788 -6.751669 -1.599565 -20.272650 15.250130 -4.862679 55.902458 -10.308261 -9.966127 -24.836825 -12.822365 -9.605682 -6.189961 0.000002 -0.000007 -0.000000 -0.000000 -0.000000 8.207794 -6.751701 -1.599553 -15.413008 0.432942 -12.464743 43.522259 6.336299 -5.114586 -25.837863 -0.508266 2.280321 -0.741564 0.000003 -0.000001 0.000000 -0.000000 -0.000000 
0.397264 95.429802 13.446024 -0.771647 4.047742 12.558008 -0.000004 10.181576 0.131521 -0.319369 0.369211 2.876797 6.234789 -0.529605 -11.539824 6.244135 -0.566569 -11.531626 0.000003 16.740398 -2.049033 2.656583 -6.216897 6.786181 0.000000 9.617847 1.685009 -9.229683 -22.817172 -5.510043 0.000001 22.037338 7.501100 0.000000 -0.000001 0.000001 -4.569966 11.014905 -2.160883 0.109108 -3.263956 1.365457 -46.215205 -29.099464 19.737170 0.000198 92.224875 -0.000198 -24.430379 -8.756535 9.211876 -2.464796 -1.573962 2.681842 -3.957289 -16.952386 -15.272042 4.886094 -14.854306 -0.578670 -1.560134 0.883059 -1.926113 0.000007 -0.000007 -0.000001 -9.108276 -0.517861 2.259828 0.023305 -0.570281 4.530573 0.111378 -1.223312 10.334023 0.121532 -1.307485 10.709310 0.000005 0.000000 -0.000001 -9.532493 -0.000062 -0.000042 0.162813 -1.499990 11.935195 0.187936 -1.551880 13.655642 0.207553 -1.729449 14.031018 0.000004 -0.000002 0.000002 -9.103595 -0.043070 -1.865133 0.444298 -2.450092 20.700683 0.331995 -2.144767 17.680119 0.344723 -2.158816 17.914746 0.000005 -0.000004 -0.000004 -8.076674 -0.486718 -3.806276 0.830479 -3.301036 28.733352 0.365825 -2.294794 19.958877 0.426993 -2.561962 20.978740 0.000002 -0.000003 -0.000006 4.570450 11.014698 -2.160852 0.398900 -0.594473 -2.080980 -10.675425 2.349770 -55.956024 -0.000010 -8.403167 -0.000004 33.951781 -1.161806 4.958113 2.466140 -1.576207 2.681739 -3.599479 18.297684 14.126184 4.185344 14.320374 1.150407 -0.821908 0.916473 2.391516 -0.000002 0.000001 0.000000 9.109305 -0.518026 2.259868 0.138158 1.375153 -11.515888 0.019400 0.522716 -4.236109 0.018861 0.503132 -4.236077 0.000000 -0.000003 -0.000002 9.533413 0.000031 0.000043 0.208816 1.686246 -14.149133 0.141240 1.393897 -11.611784 0.129121 1.331056 -11.080904 -0.000000 0.000000 0.000001 9.104532 -0.043032 -1.865075 0.298749 2.009955 -16.900432 0.407177 2.336269 -19.759597 0.400421 2.317341 -19.592753 -0.000001 -0.000005 -0.000003 8.077796 -0.486862 -3.806262 1.848515 6.380324 -19.385610 0.805815 -1.069196 -26.539103 0.792704 3.009061 -26.085896 -0.000001 0.000000 0.000003 -8.207788 -6.751687 -1.599564 -21.532776 15.606214 -5.145903 55.378528 -10.345396 -9.959766 -21.427779 -14.191623 -11.915156 -8.871962 0.000009 -0.000008 0.000000 0.000000 0.000001 8.207795 -6.751713 -1.599557 -15.213280 2.473360 -12.970155 39.752305 2.195047 -5.047519 -23.603395 -0.967631 4.387134 -1.478648 -0.000000 0.000002 -0.000000 0.000000 -0.000000 
0.898956 95.714882 13.318763 0.503491 6.371702 13.379463 -0.000006 10.181601 0.131520 -1.456915 -0.504259 3.776141 5.860444 -0.710318 -13.001314 5.849578 -0.730912 -13.005008 0.000001 16.740385 -2.049031 2.489453 -6.845045 7.345845 -0.000002 9.617883 1.685012 -9.840552 -25.502589 -5.594607 -0.000001 22.037369 7.501093 -0.000001 0.000000 0.000001 -4.569970 11.014915 -2.160881 -0.082506 -4.647798 0.384654 -53.827088 -25.706645 16.066849 -0.000146 91.371033 0.000141 -23.155369 -6.235705 5.931698 -2.464807 -1.573987 2.681862 -3.957290 -16.952388 -15.272043 4.886091 -14.854304 -0.578683 -1.560140 0.883059 -1.926105 -0.000001 -0.000006 0.000002 -9.108276 -0.517864 2.259838 0.016305 -0.477255 3.765090 0.108692 -1.208347 10.209274 0.120124 -1.300009 10.646912 0.000001 -0.000001 -0.000001 -9.532507 -0.000059 -0.000024 0.145994 -1.421405 11.275438 0.183168 -1.531630 13.484807 0.205643 -1.721752 13.965870 0.000003 -0.000003 0.000004 -9.103587 -0.043072 -1.865141 0.420614 -2.386032 20.139335 0.325380 -2.123981 17.500811 0.341911 -2.150183 17.840326 -0.000002 0.000000 -0.000002 -8.076691 -0.486714 -3.806274 0.801905 -3.247343 28.233000 0.359482 -2.275984 19.795656 0.423602 -2.552636 20.897102 0.000002 0.000009 0.000002 4.570448 11.014699 -2.160851 0.388412 -0.412081 -2.093658 -7.613554 5.471367 -57.107570 -0.000014 -7.255849 -0.000016 35.746768 -1.613531 4.577812 2.466124 -1.576211 2.681738 -3.599485 18.297686 14.126175 4.185342 14.320373 1.150408 -0.821914 0.916476 2.391516 -0.000001 0.000002 -0.000006 9.109289 -0.518041 2.259870 0.136911 1.369012 -11.463923 0.015316 0.464822 -3.755198 0.014797 0.445247 -3.755185 0.000002 -0.000000 0.000000 9.533404 0.000028 0.000044 0.197003 1.638528 -13.741525 0.126569 1.320444 -10.990842 0.114968 1.256780 -10.454025 0.000001 -0.000002 -0.000001 9.104525 -0.043029 -1.865074 0.269502 1.911162 -16.045719 0.374647 2.243733 -18.945529 0.368791 2.226590 -18.795209 0.000002 0.000001 -0.000003 8.077785 -0.486856 -3.806259 1.708975 6.267887 -18.118810 0.753547 -1.168219 -25.612784 0.741291 2.909564 -25.155882 -0.000002 0.000000 -0.000004 -8.207787 -6.751667 -1.599565 -22.788750 15.350399 -5.722726 55.888364 -10.238884 -9.938524 -19.853842 -12.659722 -11.617191 -10.489645 0.000007 0.000004 0.000000 0.000000 -0.000000 8.207790 -6.751690 -1.599555 -15.242013 5.176048 -13.314750 37.796679 -2.359970 -4.985164 -22.236016 -1.326578 6.263348 -2.266106 -0.000003 0.000002 -0.000000 -0.000000 -0.000000 
1.194988 95.468330 13.260936 1.283476 8.751513 14.186559 -0.000007 10.181592 0.131522 -2.187020 -1.120560 4.307190 5.437914 -0.827875 -14.215548 5.407851 -0.830756 -14.227075 0.000002 16.740381 -2.049034 2.515878 -7.414876 7.784519 0.000000 9.617908 1.685008 -10.524919 -27.908875 -6.235662 -0.000000 22.037354 7.501098 0.000000 -0.000001 0.000001 -4.569968 11.014911 -2.160883 -0.284533 -5.885461 -0.701993 -57.410465 -22.132999 14.926105 0.000854 90.523721 -0.000486 -19.236881 -3.145636 3.582108 -2.464815 -1.573973 2.681848 -3.957291 -16.952384 -15.272047 4.886100 -14.854304 -0.578678 -1.560137 0.883052 -1.926108 0.000002 -0.000001 -0.000003 -9.108284 -0.517871 2.259829 0.007219 -0.317899 2.455214 0.104633 -1.185406 10.017922 0.117984 -1.288554 10.551240 -0.000002 -0.000001 0.000001 -9.532501 -0.000064 -0.000032 0.119924 -1.289644 10.172758 0.176828 -1.504314 13.254612 0.203362 -1.712544 13.887930 -0.000003 -0.000000 0.000005 -9.103595 -0.043077 -1.865145 0.383885 -2.282670 19.237933 0.318297 -2.101493 17.307192 0.339410 -2.142484 17.773549 0.000001 -0.000002 0.000003 -8.076678 -0.486715 -3.806283 0.758964 -3.164536 27.465499 0.354687 -2.261561 19.670776 0.420979 -2.545491 20.834621 -0.000003 0.000002 -0.000001 4.570447 11.014698 -2.160852 0.371878 -0.138394 -2.149787 -5.114679 9.199099 -57.205884 0.000003 -7.955204 0.000020 37.550649 -2.463534 4.417218 2.466139 -1.576193 2.681738 -3.599497 18.297699 14.126176 4.185343 14.320374 1.150402 -0.821907 0.916476 2.391519 0.000001 0.000001 -0.000003 9.109302 -0.518033 2.259870 0.153236 1.447423 -12.128008 0.015160 0.462394 -3.734977 0.014624 0.442820 -3.734952 -0.000001 -0.000001 -0.000001 9.533407 0.000034 0.000044 0.209422 1.688634 -14.169527 0.123595 1.304911 -10.859706 0.111225 1.236464 -10.282758 0.000002 -0.000001 -0.000000 9.104531 -0.043034 -1.865075 0.274913 1.929928 -16.207670 0.362275 2.207418 -18.627160 0.355329 2.186695 -18.445740 0.000002 0.000005 -0.000002 8.077790 -0.486860 -3.806262 1.703149 6.263107 -18.065562 0.727067 -1.219942 -25.132084 0.715265 2.857613 -24.673360 -0.000000 -0.000002 -0.000001 -8.207788 -6.751669 -1.599564 -23.713756 15.009885 -6.224548 57.044811 -10.046795 -9.911656 -20.141808 -11.093245 -9.494059 -10.583761 -0.001955 0.430029 0.000000 0.000000 0.000001 8.207791 -6.751697 -1.599555 -15.527508 8.194165 -13.809130 37.893572 -6.807505 -4.368976 -21.862655 -1.603415 7.664850 -3.013033 -0.000001 0.000002 -0.000000 -0.000000 -0.000000 
1.305860 94.859215 13.317556 1.391505 11.147556 15.037012 -0.000007 10.181579 0.131520 -2.364740 -1.733793 4.153317 4.923944 -0.897414 -14.959791 4.871570 -0.888395 -14.977293 0.000004 16.740389 -2.049033 2.869697 -7.832232 8.099593 -0.000002 9.617888 1.685007 -11.362375 -29.718221 -7.180388 -0.000004 22.037369 7.501095 -0.000001 0.000001 0.000002 -4.569968 11.014915 -2.160882 -0.515043 -7.198666 -1.953296 -54.666037 -19.782591 17.300702 -0.000702 90.538686 0.000470 -14.762103 -0.683661 2.853442 -2.464792 -1.573990 2.681843 -3.957288 -16.952383 -15.272049 4.886092 -14.854304 -0.578670 -1.560135 0.883059 -1.926118 -0.000001 0.000000 0.000000 -9.108275 -0.517886 2.259836 0.001353 -0.138045 0.978694 0.097849 -1.146066 9.690426 0.114349 -1.268957 10.387493 0.000001 0.000004 -0.000003 -9.532491 -0.000055 -0.000023 0.090936 -1.124599 8.797174 0.167238 -1.461886 12.897534 0.199394 -1.696440 13.751613 -0.000003 0.000003 -0.000001 -9.103592 -0.043102 -1.865124 0.333263 -2.130870 17.923000 0.307378 -2.066265 17.004169 0.335341 -2.129851 17.664645 0.000000 0.000001 0.000001 -8.076673 -0.486728 -3.806277 0.688117 -3.021491 26.152251 0.347350 -2.239433 19.479317 0.416998 -2.534551 20.738867 -0.000001 0.000002 -0.000004 4.570446 11.014735 -2.160856 0.350501 0.272387 -2.371632 -3.612098 12.599825 -56.441258 -0.000014 -9.116888 -0.000005 39.489603 -3.220819 3.983026 2.466140 -1.576215 2.681737 -3.599480 18.297682 14.126183 4.185344 14.320373 1.150408 -0.821906 0.916483 2.391521 -0.000001 -0.000000 -0.000003 9.109303 -0.518032 2.259873 0.176961 1.554006 -13.033464 0.017232 0.492990 -3.989163 0.016707 0.473416 -3.989137 0.000004 0.000000 -0.000001 9.533422 0.000027 0.000047 0.233716 1.782233 -14.971577 0.128422 1.329934 -11.070944 0.114782 1.255806 -10.445828 0.000000 -0.000004 -0.000001 9.104548 -0.043027 -1.865070 0.299419 2.012249 -16.920195 0.366309 2.219286 -18.731208 0.357488 2.193123 -18.502014 -0.000002 -0.000001 -0.000005 8.077795 -0.486870 -3.806258 1.776553 6.322970 -18.735016 0.725925 -1.222152 -25.111580 0.714153 2.855396 -24.652762 -0.000000 0.000006 0.000007 -8.207787 -6.751670 -1.599562 -23.839843 14.717389 -6.485001 58.147777 -10.213700 -9.945840 -21.978618 -11.848368 -6.843530 -10.436364 0.000001 0.000001 -0.000000 -0.000001 0.000001 8.207792 -6.751705 -1.599553 -15.738583 10.970673 -14.512682 39.673307 -9.063996 -3.013745 -22.332637 -3.258660 7.892583 -3.588360 0.000004 0.000001 -0.000000 -0.000000 -0.000000 
1.223540 93.993729 13.481155 0.674167 13.414284 15.790528 -0.000006 10.181589 0.131521 -2.046971 -2.627164 3.277650 4.514442 -0.976196 -15.144232 4.433379 -0.967282 -15.168266 0.000005 16.740391 -2.049035 3.398113 -8.058921 8.335958 -0.000002 9.617849 1.685009 -12.346550 -30.782805 -7.988027 0.000001 22.037384 7.501102 0.000000 -0.000001 0.000001 -4.569966 11.014900 -2.160884 -0.811868 -8.717584 -3.405028 -45.320576 -18.366182 23.355946 -0.000468 91.355255 0.000386 -10.838231 0.745055 4.016415 -2.464819 -1.573985 2.681849 -3.957287 -16.952383 -15.272043 4.886092 -14.854314 -0.578672 -1.560140 0.883064 -1.926122 0.000005 -0.000009 -0.000010 -9.108300 -0.517864 2.259839 0.000142 -0.048277 0.242106 0.090499 -1.101710 9.321143 0.110345 -1.246796 10.202814 -0.000001 -0.000000 -0.000003 -9.532515 -0.000039 -0.000020 0.073590 -1.012522 7.866473 0.156824 -1.414428 12.498457 0.194219 -1.675072 13.571285 0.000001 -0.000000 -0.000001 -9.103598 -0.043073 -1.865131 0.289865 -1.990549 16.716458 0.293222 -2.019651 16.604122 0.329099 -2.110385 17.496487 0.000003 -0.000003 -0.000003 -8.076681 -0.486724 -3.806280 0.612174 -2.858280 24.671789 0.334984 -2.201473 19.151576 0.410229 -2.515785 20.574948 -0.000002 0.000003 0.000002 4.570452 11.014700 -2.160854 0.336473 0.718431 -2.823029 -2.919544 15.083448 -55.253379 -0.000020 -10.216382 -0.000023 41.831135 -3.785798 2.748759 2.466136 -1.576203 2.681734 -3.599497 18.297682 14.126183 4.185341 14.320374 1.150398 -0.821912 0.916474 2.391521 0.000001 0.000007 -0.000008 9.109313 -0.518044 2.259869 0.207771 1.681946 -14.124706 0.020316 0.534717 -4.335822 0.019746 0.515136 -4.335843 -0.000001 -0.000001 0.000001 9.533410 0.000029 0.000043 0.265776 1.898196 -15.969541 0.137038 1.373251 -11.437119 0.121732 1.292852 -10.758204 -0.000001 0.000001 0.000002 9.104535 -0.043027 -1.865074 0.332926 2.119118 -17.849438 0.379117 2.256685 -19.059230 0.368150 2.224757 -18.779122 -0.000000 0.000006 -0.000002 8.077796 -0.486871 -3.806255 1.877784 6.403249 -19.648405 0.739859 -1.194812 -25.365256 0.727828 2.882853 -24.907444 0.000001 0.000002 -0.000003 -8.207787 -6.751673 -1.599563 -23.070707 13.846054 -6.542585 58.978649 -10.343436 -9.967144 -25.380020 -15.251686 -5.202055 -8.513859 -0.000007 0.000005 -0.000000 -0.000000 -0.000003 8.207787 -6.751706 -1.599557 -15.804103 12.791351 -14.998230 42.591458 -8.863110 -1.489479 -23.552939 -6.175163 7.093963 -3.966905 -0.000001 -0.000001 -0.000000 -0.000001 -0.000000 
0.905825 92.944809 13.696175 -0.928584 15.388181 16.179741 -0.000006 10.181588 0.131523 -1.298157 -3.945616 1.859030 4.475838 -1.113475 -14.678532 4.362462 -1.118283 -14.712386 -0.000002 16.740417 -2.049035 3.743492 -8.156177 8.552415 -0.000002 9.617871 1.685011 -13.423723 -31.217707 -8.548105 0.000004 22.037369 7.501095 0.000003 0.000001 -0.000001 -4.569971 11.014917 -2.160883 -1.160563 -10.187913 -4.912180 -32.016440 -16.208901 31.290166 0.000015 91.749938 0.000048 -7.359018 1.453278 6.173715 -2.464811 -1.573985 2.681857 -3.957292 -16.952381 -15.272038 4.886100 -14.854311 -0.578684 -1.560140 0.883059 -1.926108 0.000004 0.000002 -0.000002 -9.108275 -0.517884 2.259834 0.001280 -0.134916 0.953004 0.086932 -1.079505 9.136706 0.108359 -1.235746 10.110591 0.000003 -0.000001 0.000002 -9.532516 -0.000048 -0.000016 0.078167 -1.043379 8.122475 0.151279 -1.388477 12.280729 0.190427 -1.659273 13.437718 0.000002 -0.000000 0.000005 -9.103596 -0.043070 -1.865128 0.280163 -1.957643 16.434591 0.282209 -1.982490 16.285756 0.323016 -2.091217 17.331409 0.000002 -0.000000 -0.000001 -8.076702 -0.486701 -3.806267 0.575849 -2.776067 23.932571 0.321319 -2.158608 18.781897 0.402644 -2.494598 20.390032 0.000001 -0.000004 -0.000006 4.570448 11.014709 -2.160853 0.347210 0.961762 -3.474113 -2.288214 16.389196 -54.352555 -0.000007 -11.528553 0.000009 44.735909 -4.321427 0.584492 2.466136 -1.576198 2.681734 -3.599487 18.297679 14.126186 4.185341 14.320370 1.150406 -0.821912 0.916483 2.391514 -0.000003 0.000003 -0.000001 9.109322 -0.518032 2.259871 0.257918 1.870437 -15.742548 0.024353 0.584964 -4.753617 0.023743 0.565383 -4.753573 0.000002 -0.000000 0.000001 9.533423 0.000028 0.000043 0.314294 2.060451 -17.374505 0.148378 1.428200 -11.902408 0.130593 1.338628 -11.144795 -0.000001 0.000003 0.000004 9.104539 -0.043035 -1.865075 0.379113 2.257402 -19.059254 0.396157 2.305329 -19.486980 0.382338 2.265961 -19.140628 -0.000000 0.000003 0.000003 8.077810 -0.486876 -3.806259 2.001464 6.497846 -20.749365 0.759055 -1.157620 -25.711515 0.746697 2.920213 -25.255024 -0.000002 0.000006 0.000005 -8.207786 -6.751673 -1.599565 -21.564471 11.610493 -6.465135 59.549646 -10.244058 -9.959809 -30.145276 -18.937531 -5.191933 -4.835581 -0.000003 -0.000001 -0.000000 0.000000 0.000001 8.207791 -6.751698 -1.599556 -15.897901 13.077404 -14.721173 46.219634 -8.686245 -0.550204 -25.318915 -7.904431 6.508705 -4.271033 -0.000001 -0.000003 0.000000 0.000000 -0.000000 
0.350282 91.873306 13.889091 -3.274137 16.905545 15.859185 -0.000006 10.181584 0.131521 -0.065826 -5.533186 0.245334 4.904558 -1.294034 -13.456570 4.766373 -1.321740 -13.504437 0.000005 16.740404 -2.049037 3.654282 -8.241856 8.780679 0.000002 9.617866 1.685012 -14.613538 -31.338438 -9.203326 0.000003 22.037354 7.501092 -0.000000 0.000001 0.000001 -4.569966 11.014900 -2.160884 -1.441129 -11.072512 -6.134913 -19.643747 -12.844534 37.802666 -0.001816 89.784339 0.001836 -3.822108 2.129051 8.097504 -2.464792 -1.574002 2.681843 -3.957286 -16.952386 -15.272050 4.886100 -14.854309 -0.578678 -1.560137 0.883061 -1.926116 0.000004 -0.000001 0.000000 -9.108282 -0.517868 2.259844 0.010253 -0.378606 2.954126 0.090362 -1.100875 9.314211 0.110263 -1.246389 10.199345 0.000003 -0.000000 0.000002 -9.532498 -0.000043 -0.000022 0.108871 -1.229467 9.670446 0.155230 -1.406983 12.436151 0.190860 -1.661125 13.453320 0.000001 -0.000006 0.000009 -9.103588 -0.043066 -1.865127 0.317862 -2.082250 17.504049 0.281959 -1.981644 16.278381 0.321072 -2.085029 17.278010 0.000002 -0.000003 -0.000002 -8.076677 -0.486707 -3.806271 0.610798 -2.855216 24.643978 0.314582 -2.137142 18.597079 0.398891 -2.484009 20.297575 0.000001 -0.000003 -0.000001 4.570449 11.014706 -2.160858 0.388679 0.747321 -4.207590 -0.950081 16.383325 -54.370085 -0.000032 -13.589587 -0.000019 47.976628 -4.891330 -2.236933 2.466128 -1.576203 2.681736 -3.599498 18.297684 14.126154 4.185344 14.320376 1.150407 -0.821912 0.916471 2.391521 -0.000000 0.000001 -0.000007 9.109295 -0.518027 2.259875 0.344934 2.155943 -18.218923 0.031020 0.659381 -5.372791 0.030315 0.639816 -5.372760 -0.000002 -0.000005 0.000003 9.533386 0.000027 0.000047 0.395591 2.304538 -19.509394 0.165370 1.506493 -12.566638 0.143535 1.402704 -11.686837 0.000003 0.000005 -0.000001 9.104525 -0.043030 -1.865072 0.453932 2.463087 -20.875918 0.419457 2.370086 -20.058085 0.401032 2.319094 -19.608039 0.000001 0.000006 0.000001 8.077791 -0.486862 -3.806257 2.188139 6.633667 -22.381931 0.782451 -1.112964 -26.128668 0.769742 2.965100 -25.673848 -0.000001 0.000004 -0.000003 -8.207785 -6.751668 -1.599561 -19.741764 8.091916 -6.332701 60.434538 -8.610724 -9.834534 -33.981813 -21.202697 -3.549302 -1.287293 -0.000002 -0.000001 -0.000000 0.000000 -0.000001 8.207794 -6.751696 -1.599553 -16.022471 11.878625 -13.323535 50.133954 -8.639980 -0.269891 -27.327541 -8.511052 6.122651 -4.565806 0.000009 -0.000004 0.000000 -0.000000 -0.000000 
-0.381606 90.936096 14.002605 -5.993408 17.865924 14.484673 -0.000006 10.181590 0.131521 1.665976 -6.890563 -1.115123 5.660396 -1.430376 -11.486163 5.518936 -1.480505 -11.548856 0.000005 16.740366 -2.049034 3.185058 -8.420767 9.028858 0.000001 9.617879 1.685016 -16.074066 -31.552284 -10.382670 -0.000004 22.037354 7.501092 0.000000 -0.000001 0.000000 -4.569962 11.014903 -2.160884 -1.502843 -10.967017 -6.726999 -12.464251 -9.930112 40.989270 -0.000023 83.707056 0.000011 -0.096104 3.637779 8.946613 -2.464808 -1.573958 2.681846 -3.957287 -16.952383 -15.272045 4.886097 -14.854307 -0.578675 -1.560141 0.883061 -1.926113 0.000005 0.000000 0.000002 -9.108282 -0.517854 2.259841 0.031398 -0.661645 5.283358 0.100396 -1.160985 9.814493 0.115730 -1.276375 10.449510 0.000004 0.000002 -0.000003 -9.532513 -0.000042 -0.000028 0.159848 -1.486421 11.821224 0.168643 -1.468186 12.950413 0.196233 -1.683428 13.641834 -0.000001 -0.000003 0.000005 -9.103582 -0.043074 -1.865134 0.395793 -2.316758 19.534647 0.295387 -2.026854 16.665663 0.325585 -2.099310 17.401118 -0.000002 0.000003 0.000001 -8.076697 -0.486731 -3.806277 0.714574 -3.075879 26.649699 0.321036 -2.157743 18.774460 0.402492 -2.494178 20.386308 0.000001 0.000002 -0.000004 4.570447 11.014722 -2.160855 0.448487 -0.053897 -4.860104 1.310335 14.855556 -55.459053 -0.000029 -16.646651 -0.000008 50.896729 -5.172162 -5.296656 2.466140 -1.576217 2.681734 -3.599485 18.297679 14.126192 4.185343 14.320378 1.150402 -0.821909 0.916485 2.391525 -0.000003 -0.000005 -0.000005 9.109324 -0.518044 2.259870 0.476195 2.520540 -21.435376 0.042785 0.773105 -6.320350 0.041963 0.753567 -6.320339 -0.000002 -0.000004 0.000002 9.533406 0.000024 0.000043 0.519759 2.629030 -22.393708 0.192248 1.622534 -13.554412 0.164527 1.500373 -12.515053 -0.000001 0.000001 0.000009 9.104547 -0.043034 -1.865075 0.572766 2.754151 -23.486246 0.455343 2.466060 -20.908544 0.429978 2.398717 -20.311330 0.000002 0.000006 -0.000008 8.077810 -0.486863 -3.806257 2.481279 6.831100 -24.881923 0.817743 -1.047084 -26.746930 0.804471 3.031270 -26.294599 0.000000 -0.000002 0.000003 -8.207784 -6.751655 -1.599561 -17.709333 3.821812 -5.689601 61.080176 -7.791882 -9.783787 -35.328006 -20.163138 1.406339 -0.355030 -0.000005 -0.000006 0.000000 -0.000000 0.000000 8.207791 -6.751688 -1.599555 -16.051605 10.027201 -10.814196 54.003225 -8.700599 0.079941 -29.378027 -8.285662 5.637196 -4.689014 0.000003 -0.000001 0.000000 0.000000 -0.000000 
-1.204598 90.149101 14.029655 -8.540651 18.250419 11.989028 -0.000006 10.181592 0.131522 3.599411 -7.376719 -1.892286 6.518924 -1.419994 -8.989552 6.401272 -1.480925 -9.061307 -0.000002 16.740412 -2.049038 2.566509 -8.753015 9.322376 -0.000000 9.617870 1.685010 -18.039875 -32.233999 -12.240486 0.000000 22.037354 7.501101 0.000000 -0.000003 0.000001 -4.569968 11.014895 -2.160884 -1.328125 -9.948680 -6.596187 -12.204317 -8.619576 40.912956 -0.000009 72.849944 0.000007 3.584915 6.834794 8.764806 -2.464792 -1.573990 2.681852 -3.957290 -16.952384 -15.272050 4.886092 -14.854302 -0.578672 -1.560132 0.883052 -1.926116 -0.000003 -0.000007 0.000001 -9.108278 -0.517881 2.259839 0.053598 -0.863694 6.951452 0.112752 -1.230846 10.397019 0.122241 -1.311262 10.740806 -0.000000 -0.000008 0.000009 -9.532493 -0.000059 -0.000021 0.210089 -1.700643 13.628104 0.186240 -1.544690 13.595104 0.204271 -1.716246 13.919179 0.000000 0.000001 -0.000002 -9.103586 -0.043089 -1.865132 0.483054 -2.550995 21.589222 0.317839 -2.100037 17.294688 0.335099 -2.129127 17.658290 0.000001 0.000000 0.000004 -8.076678 -0.486718 -3.806273 0.845082 -3.328020 28.986076 0.339619 -2.215787 19.275029 0.412783 -2.522857 20.636696 -0.000001 -0.000002 -0.000011 4.570444 11.014728 -2.160856 0.508396 -1.333675 -5.285154 4.018661 11.612879 -57.251592 -0.000024 -20.438354 -0.000004 52.716093 -4.541832 -8.208898 2.466144 -1.576188 2.681739 -3.599467 18.297674 14.126168 4.185349 14.320383 1.150415 -0.821914 0.916471 2.391516 -0.000003 -0.000003 -0.000011 9.109314 -0.518048 2.259873 0.630588 2.883278 -24.709265 0.060874 0.920461 -7.550823 0.059871 0.900935 -7.550789 0.000000 0.000002 0.000002 9.533426 0.000019 0.000045 0.673434 2.974790 -25.536371 0.230391 1.773292 -14.844103 0.195333 1.632912 -13.643494 0.000000 -0.000002 0.000006 9.104553 -0.043037 -1.865071 0.732126 3.094590 -26.608757 0.507710 2.598787 -22.093147 0.473640 2.513383 -21.329818 -0.000001 0.000007 -0.000005 8.077809 -0.486868 -3.806257 2.874522 7.068197 -28.130991 0.873119 -0.947040 -27.693116 0.859021 3.131820 -27.244662 0.000001 -0.000003 -0.000002 -8.207788 -6.751669 -1.599564 -15.615581 -0.529135 -3.875987 61.123479 -6.888632 -9.787012 -36.177190 -18.117159 5.297172 -0.381398 0.000003 -0.000003 -0.000000 0.000000 -0.000000 8.207792 -6.751701 -1.599557 -16.099113 8.417967 -7.564278 57.745124 -8.819543 1.232001 -31.420349 -7.202179 4.896604 -4.392968 0.000006 -0.000001 0.000000 -0.000000 -0.000000 
-2.024657 89.564285 14.015026 -10.319495 18.016048 8.627185 -0.000005 10.181581 0.131520 5.155571 -6.614203 -2.008568 7.317494 -1.217567 -6.338352 7.241486 -1.271217 -6.407778 0.000001 16.740387 -2.049037 1.944726 -9.251237 9.714380 -0.000000 9.617906 1.685006 -20.633016 -33.549141 -14.646601 0.000003 22.037354 7.501100 -0.000003 -0.000004 -0.000000 -4.569965 11.014905 -2.160883 -1.058794 -8.560904 -5.980145 -18.030977 -7.745743 37.977686 -0.000002 58.107056 0.000003 6.985993 12.147116 8.139686 -2.464811 -1.573975 2.681850 -3.957289 -16.952386 -15.272045 4.886093 -14.854299 -0.578673 -1.560130 0.883046 -1.926118 0.000000 0.000002 0.000009 -9.108287 -0.517873 2.259845 0.066010 -0.957921 7.731374 0.122033 -1.280830 10.814353 0.127025 -1.336203 10.949461 -0.000000 0.000005 -0.000002 -9.532519 -0.000047 -0.000018 0.241348 -1.820498 14.645235 0.200823 -1.605331 14.107168 0.211348 -1.744535 14.158707 -0.000001 0.000002 -0.000001 -9.103584 -0.043070 -1.865123 0.544878 -2.702966 22.938053 0.339749 -2.168833 17.887979 0.345209 -2.160362 17.927992 0.000002 0.000002 0.000001 -8.076691 -0.486713 -3.806276 0.944886 -3.505314 30.660518 0.361908 -2.283160 19.858182 0.424913 -2.556213 20.928371 -0.000001 0.000002 -0.000000 4.570454 11.014732 -2.160853 0.560263 -2.750470 -5.415114 6.410598 6.813738 -59.218000 -0.000027 -24.338952 -0.000009 52.966908 -2.549188 -10.567042 2.466147 -1.576203 2.681734 -3.599507 18.297693 14.126203 4.185344 14.320378 1.150399 -0.821907 0.916476 2.391520 0.000004 0.000001 -0.000003 9.109322 -0.518028 2.259871 0.756309 3.142305 -27.101207 0.082512 1.069966 -8.802925 0.081349 1.050444 -8.802888 -0.000001 0.000002 -0.000005 9.533419 0.000029 0.000043 0.813044 3.250903 -28.107094 0.274076 1.930631 -16.198552 0.232234 1.777840 -14.883814 0.000001 -0.000001 0.000001 9.104538 -0.043033 -1.865075 0.896459 3.402344 -29.508343 0.571518 2.750602 -23.460465 0.529033 2.650647 -22.558778 0.000001 0.000011 0.000003 8.077791 -0.486875 -3.806261 3.288070 7.286325 -31.440197 0.947483 -0.818489 -28.921982 0.932350 3.261030 -28.478773 0.000002 0.000005 -0.000003 -8.207786 -6.751673 -1.599562 -14.144343 -4.066324 -0.995334 61.086207 -7.500269 -9.495399 -36.559482 -14.827946 6.233187 -0.437868 0.000004 -0.000003 0.000000 0.000000 -0.000000 8.207793 -6.751696 -1.599558 -16.384616 7.207653 -4.255508 60.990454 -8.953890 3.226285 -33.285206 -4.835663 4.045570 -3.632687 0.000001 0.000000 -0.000000 -0.000001 -0.000000 
-2.787548 89.409119 14.013638 -11.004032 17.006886 4.966477 -0.000005 10.181576 0.131519 5.866871 -4.763072 -1.771003 7.937574 -0.863285 -3.878732 7.902841 -0.894225 -3.933474 0.000001 16.740364 -2.049033 1.314796 -9.866716 10.231963 -0.000001 9.617881 1.685015 -23.654065 -35.300074 -17.337457 -0.000001 22.037354 7.501099 0.000006 0.000000 0.000002 -4.569970 11.014903 -2.160884 -0.843457 -7.439944 -5.253849 -27.116730 -4.970875 33.081905 0.000014 41.779564 -0.000015 10.032624 18.833622 7.605084 -2.464800 -1.573973 2.681854 -3.957288 -16.952379 -15.272040 4.886097 -14.854312 -0.578678 -1.560140 0.883061 -1.926116 0.000003 -0.000009 0.000001 -9.108284 -0.517868 2.259836 0.074751 -1.019066 8.238480 0.126500 -1.304195 11.009511 0.129297 -1.347892 11.047071 0.000002 0.000002 0.000003 -9.532516 -0.000061 -0.000027 0.259809 -1.887500 15.216125 0.209284 -1.639393 14.395375 0.215375 -1.760457 14.293580 0.000000 -0.000003 0.000004 -9.103593 -0.043081 -1.865129 0.577071 -2.778253 23.611329 0.354043 -2.212452 18.264957 0.352067 -2.181127 18.107820 0.000000 0.000003 -0.000009 -8.076686 -0.486710 -3.806281 0.993333 -3.587181 31.443858 0.378300 -2.331342 20.276153 0.433704 -2.580091 21.137412 -0.000004 0.000003 -0.000003 4.570446 11.014711 -2.160856 0.603524 -3.904861 -5.288071 8.010810 1.121272 -61.043935 -0.000032 -27.678252 0.000002 51.750892 0.596259 -11.937684 2.466117 -1.576205 2.681740 -3.599497 18.297677 14.126178 4.185341 14.320376 1.150406 -0.821913 0.916479 2.391513 0.000003 0.000001 0.000004 9.109288 -0.518028 2.259872 0.802102 3.230230 -27.925024 0.100379 1.178837 -9.717632 0.099097 1.159364 -9.717574 0.000002 0.000002 0.000002 9.533398 0.000031 0.000047 0.886027 3.383938 -29.368338 0.310787 2.052779 -17.256647 0.265090 1.897006 -15.909134 0.000000 -0.000002 -0.000003 9.104524 -0.043039 -1.865071 1.009010 3.593560 -31.353003 0.631480 2.884618 -24.679850 0.583609 2.778214 -23.710759 0.000002 0.000003 -0.000004 8.077791 -0.486874 -3.806254 3.597967 7.430503 -33.859423 1.025996 -0.689319 -30.172774 1.009822 3.390850 -29.735078 -0.000001 0.000008 0.000002 -8.207788 -6.751666 -1.599560 -13.285074 -5.437756 0.692147 60.937855 -8.282353 -6.005389 -36.820901 -10.104237 5.379427 -0.461310 -0.000002 0.000001 -0.000000 0.000000 -0.000000 8.207791 -6.751700 -1.599559 -16.752427 6.154701 -1.653767 62.895353 -8.683752 5.650360 -34.563612 -1.349672 2.988045 -2.659604 0.000008 -0.000001 0.000000 0.000001 -0.000000 
-3.476378 89.539391 13.996831 -10.755351 15.150142 1.599449 -0.000006 10.181581 0.131518 5.718817 -2.476199 -1.569419 8.248109 -0.458095 -1.798881 8.239974 -0.460291 -1.831519 0.000004 16.740379 -2.049038 0.659395 -10.477454 10.815645 -0.000000 9.617926 1.685004 -26.565558 -36.965295 -19.948206 0.000007 22.037354 7.501094 -0.000001 -0.000003 -0.000002 -4.569968 11.014919 -2.160885 -0.724213 -6.875764 -4.662248 -36.076202 0.650943 28.080431 -0.000000 26.789715 -0.000005 12.892017 24.819555 7.489249 -2.464804 -1.573973 2.681848 -3.957292 -16.952386 -15.272047 4.886097 -14.854302 -0.578676 -1.560138 0.883063 -1.926111 0.000004 -0.000008 -0.000003 -9.108279 -0.517860 2.259835 0.094426 -1.144477 9.280450 0.129437 -1.319365 11.136319 0.130789 -1.355439 11.110453 0.000002 -0.000004 0.000004 -9.532500 -0.000029 -0.000029 0.288459 -1.986588 16.063317 0.215018 -1.662172 14.588258 0.217445 -1.768586 14.362435 -0.000001 0.000003 -0.000002 -9.103580 -0.043065 -1.865128 0.608963 -2.850495 24.260694 0.362013 -2.236277 18.471661 0.355334 -2.191037 18.193496 0.000001 0.000001 -0.000002 -8.076673 -0.486713 -3.806283 1.025405 -3.640028 31.952749 0.386085 -2.353838 20.471701 0.437837 -2.591221 21.235224 -0.000003 -0.000001 -0.000012 4.570451 11.014723 -2.160856 0.634762 -4.583173 -5.013856 8.895145 -4.527945 -62.663673 -0.000040 -30.020522 0.000002 49.684568 4.001491 -12.151471 2.466140 -1.576197 2.681733 -3.599495 18.297682 14.126187 4.185340 14.320371 1.150408 -0.821913 0.916478 2.391518 -0.000000 0.000001 -0.000005 9.109302 -0.518035 2.259872 0.757253 3.144123 -27.118380 0.106931 1.216306 -10.032918 0.105633 1.196831 -10.032921 -0.000001 0.000009 0.000001 9.533398 0.000028 0.000044 0.868763 3.353080 -29.074374 0.327643 2.106270 -17.721976 0.282386 1.956622 -16.424131 0.000001 0.000003 0.000002 9.104532 -0.043031 -1.865073 1.028643 3.625514 -31.664935 0.668467 2.963667 -25.404701 0.620206 2.859981 -24.454784 0.000001 -0.000006 0.000000 8.077795 -0.486863 -3.806258 3.706188 7.477179 -34.693645 1.085129 -0.596053 -31.086807 1.068245 3.484641 -30.653278 0.000000 -0.000003 0.000002 -8.207788 -6.751658 -1.599565 -13.042872 -5.835608 2.076085 60.301753 -8.790142 -2.811822 -36.539996 -5.656614 4.545862 -0.533681 0.000002 -0.000000 0.000000 -0.000000 -0.000000 8.207790 -6.751696 -1.599558 -17.175868 5.075036 -0.013480 63.166382 -4.757781 8.072406 -35.212583 0.153692 -0.240232 -1.771679 0.000001 0.000001 -0.000000 0.000002 -0.000000 
-4.094993 89.873413 13.933130 -9.934619 12.618405 -1.113225 -0.000004 10.181580 0.131520 5.020906 -0.512877 -1.637379 8.160571 -0.110368 -0.122641 8.161672 -0.087507 -0.134136 -0.000001 16.740406 -2.049035 0.045109 -10.932646 11.339548 -0.000000 9.617877 1.685011 -28.759113 -37.996465 -22.023907 -0.000001 22.037338 7.501101 0.000000 -0.000004 -0.000000 -4.569967 11.014916 -2.160883 -0.657170 -6.681657 -4.200919 -43.021671 7.777285 24.424999 0.000004 15.541742 -0.000005 16.005187 27.874654 8.050763 -2.464808 -1.573988 2.681842 -3.957290 -16.952384 -15.272043 4.886098 -14.854312 -0.578678 -1.560139 0.883063 -1.926114 0.000004 -0.000012 0.000004 -9.108278 -0.517864 2.259827 0.135057 -1.366627 11.134369 0.135591 -1.350467 11.396714 0.133858 -1.371018 11.240657 0.000002 -0.000004 0.000005 -9.532511 -0.000041 -0.000035 0.344587 -2.166581 17.612167 0.224219 -1.697947 14.891578 0.220417 -1.780173 14.460750 0.000004 0.000005 -0.000009 -9.103587 -0.043066 -1.865139 0.672566 -2.988359 25.509438 0.371197 -2.263522 18.707668 0.358213 -2.199634 18.268021 -0.000001 0.000004 -0.000004 -8.076685 -0.486719 -3.806282 1.092773 -3.747654 32.998123 0.391181 -2.368432 20.598618 0.440550 -2.598462 21.298697 -0.000000 -0.000003 -0.000004 4.570449 11.014714 -2.160857 0.651727 -4.860042 -4.688289 9.524353 -9.342719 -64.086354 -0.000031 -31.276628 -0.000022 47.591754 6.688524 -11.518227 2.466140 -1.576208 2.681735 -3.599480 18.297679 14.126198 4.185347 14.320374 1.150406 -0.821906 0.916478 2.391519 -0.000001 0.000005 -0.000005 9.109299 -0.518032 2.259868 0.657932 2.942036 -25.247468 0.100532 1.179718 -9.725107 0.099253 1.160254 -9.725080 -0.000003 0.000003 -0.000002 9.533404 0.000029 0.000044 0.783685 3.195342 -27.584940 0.320353 2.083286 -17.522010 0.279014 1.945145 -16.324816 -0.000001 -0.000001 -0.000005 9.104543 -0.043032 -1.865074 0.960502 3.512891 -30.570455 0.671320 2.969646 -25.459820 0.627257 2.875430 -24.595856 -0.000000 -0.000001 0.000003 8.077806 -0.486873 -3.806259 3.600512 7.431629 -33.879203 1.105885 -0.564069 -31.402259 1.088751 3.516779 -30.970192 -0.000000 -0.000004 0.000002 -8.207787 -6.751667 -1.599560 -13.324595 -6.287598 3.343537 59.183077 -8.876614 -1.315203 -35.814312 -1.733711 3.992464 -0.530626 -0.000000 -0.000001 -0.000000 -0.000000 -0.000000 8.207792 -6.751706 -1.599556 -17.572880 3.998870 0.892909 62.221596 -0.370777 9.927839 -35.083174 1.307209 -3.620445 -1.061116 -0.000005 -0.000001 0.000000 0.000001 -0.000000 
-4.652953 90.375786 13.816976 -8.757718 9.703241 -3.193841 -0.000006 10.181583 0.131519 4.061819 0.675095 -1.921682 7.714382 0.116195 1.202421 7.714040 0.154730 1.204445 -0.000002 16.740398 -2.049034 -0.441327 -11.153651 11.720489 0.000003 9.617892 1.685007 -29.907865 -38.190327 -23.239862 0.000005 22.037338 7.501088 0.000001 -0.000003 -0.000000 -4.569969 11.014919 -2.160884 -0.580798 -6.474271 -3.701746 -47.987130 14.373226 22.307164 -0.000010 8.977006 -0.000009 19.653004 27.251271 9.362703 -2.464800 -1.573975 2.681843 -3.957291 -16.952381 -15.272043 4.886097 -14.854316 -0.578673 -1.560137 0.883061 -1.926121 0.000002 -0.000006 0.000001 -9.108283 -0.517846 2.259827 0.193890 -1.633842 13.381198 0.146890 -1.405765 11.860105 0.139406 -1.398694 11.472343 0.000001 -0.000004 -0.000003 -9.532520 -0.000026 -0.000031 0.426430 -2.402579 19.665168 0.240055 -1.757801 15.399990 0.226229 -1.802533 14.650558 -0.000000 -0.000003 0.000006 -9.103587 -0.043046 -1.865136 0.775589 -3.196329 27.418936 0.388009 -2.312386 19.132316 0.364005 -2.216899 18.417632 0.000001 0.000007 -0.000004 -8.076704 -0.486694 -3.806281 1.217454 -3.936042 34.858933 0.401744 -2.398307 20.859184 0.446117 -2.613303 21.429003 -0.000001 -0.000001 -0.000007 4.570447 11.014727 -2.160855 0.661262 -4.978299 -4.318397 10.377715 -12.987176 -65.331477 -0.000045 -31.639007 -0.000021 46.025435 8.285270 -10.519363 2.466144 -1.576217 2.681732 -3.599486 18.297682 14.126191 4.185348 14.320377 1.150407 -0.821914 0.916476 2.391514 0.000004 0.000005 0.000000 9.109316 -0.518054 2.259870 0.554516 2.711769 -23.151061 0.086419 1.094658 -9.010202 0.085229 1.075157 -9.010182 -0.000000 0.000001 0.000003 9.533421 0.000016 0.000046 0.678220 2.984826 -25.628620 0.295970 2.004406 -16.837111 0.259749 1.878217 -15.747209 -0.000002 0.000004 -0.000009 9.104546 -0.043038 -1.865074 0.848913 3.317114 -28.697125 0.644167 2.912005 -24.930500 0.606411 2.829507 -24.176908 0.000001 0.000005 0.000001 8.077791 -0.486873 -3.806259 3.357753 7.320153 -31.988272 1.085682 -0.595199 -31.095215 1.068797 3.485499 -30.661727 0.000001 -0.000002 -0.000006 -8.207789 -6.751677 -1.599563 -13.961904 -7.170655 4.788406 57.643327 -5.893782 -1.581436 -34.709430 -0.649772 2.091977 -0.527558 -0.000000 -0.000001 -0.000000 -0.000000 -0.000000 8.207791 -6.751706 -1.599558 -18.108268 2.687988 1.972908 60.721878 3.491605 10.088197 -34.406941 1.876406 -6.224087 -0.481802 0.000002 0.000000 -0.000000 0.000000 0.000000 
-5.136352 91.032341 13.701856 -7.351445 6.586805 -4.867543 -0.000006 10.181590 0.131521 2.979597 1.118823 -2.174805 7.047484 0.225296 2.223583 7.043217 0.268849 2.230636 -0.000001 16.740393 -2.049035 -0.789440 -11.194707 12.000040 -0.000000 9.617872 1.685013 -30.105001 -37.793236 -23.674206 0.000000 22.037369 7.501095 -0.000003 -0.000002 -0.000001 -4.569969 11.014895 -2.160884 -0.469026 -6.051919 -3.005660 -51.776550 19.358875 21.244564 -0.000009 6.375928 -0.000004 23.383687 24.127804 10.993254 -2.464804 -1.573989 2.681849 -3.957291 -16.952378 -15.272054 4.886102 -14.854307 -0.578681 -1.560139 0.883061 -1.926112 0.000002 -0.000004 0.000000 -9.108292 -0.517889 2.259836 0.252854 -1.861699 15.314321 0.161177 -1.472671 12.421767 0.146292 -1.432195 11.753168 0.000001 0.000002 0.000006 -9.532519 -0.000072 -0.000023 0.512422 -2.625013 21.625545 0.260382 -1.831603 16.028830 0.234337 -1.833338 14.911997 0.000000 -0.000002 0.000008 -9.103599 -0.043098 -1.865129 0.895607 -3.418726 29.498928 0.412380 -2.381158 19.731940 0.373350 -2.244537 18.657256 0.000000 0.000001 -0.000001 -8.076687 -0.486728 -3.806278 1.376733 -4.158779 37.115330 0.420882 -2.451424 21.322963 0.456108 -2.639689 21.660948 0.000004 -0.000000 -0.000001 4.570446 11.014726 -2.160855 0.674452 -5.141700 -3.831679 11.660887 -15.629242 -66.481428 -0.000028 -31.411722 0.000002 44.894287 9.165459 -9.306013 2.466136 -1.576211 2.681735 -3.599485 18.297674 14.126173 4.185343 14.320370 1.150404 -0.821910 0.916481 2.391522 0.000000 0.000002 -0.000003 9.109309 -0.518050 2.259871 0.476552 2.521470 -21.443697 0.071830 0.999052 -8.208595 0.070744 0.979524 -8.208585 0.000001 -0.000003 0.000000 9.533390 0.000026 0.000042 0.589348 2.791993 -23.865192 0.266918 1.905859 -15.984565 0.235153 1.788762 -14.977611 -0.000001 -0.000004 0.000011 9.104530 -0.043031 -1.865075 0.741842 3.113897 -26.788362 0.602647 2.821102 -24.100655 0.570658 2.748598 -23.442386 -0.000002 0.000004 -0.000002 8.077802 -0.486869 -3.806258 3.090154 7.185743 -29.869097 1.039353 -0.667959 -30.381320 1.023031 3.412339 -29.944564 -0.000000 -0.000000 -0.000003 -8.207787 -6.751664 -1.599557 -14.738782 -7.816711 6.389267 55.765681 -2.970517 -2.519321 -33.237852 -0.122735 0.528335 -0.524493 0.000000 -0.000001 0.000000 0.000000 -0.000000 8.207793 -6.751705 -1.599555 -18.642163 1.610843 2.837179 58.793620 7.101640 10.078993 -33.329510 2.396213 -8.492608 -0.045927 0.000004 -0.000001 0.000000 0.000001 0.000000 
-5.499091 91.882561 13.659791 -5.918916 3.286975 -6.279186 -0.000006 10.181598 0.131522 1.868106 1.180076 -2.210373 6.288284 0.267849 2.994705 6.281466 0.307722 3.002311 -0.000000 16.740398 -2.049038 -1.060462 -11.176027 12.274098 -0.000002 9.617926 1.685009 -29.713816 -37.188218 -23.762831 0.000006 22.037338 7.501090 0.000000 0.000000 -0.000001 -4.569969 11.014925 -2.160888 -0.335219 -5.472706 -2.055476 -55.116942 22.944675 20.781761 -0.000004 6.031478 -0.000003 26.172788 20.517806 11.998176 -2.464811 -1.573975 2.681853 -3.957290 -16.952386 -15.272045 4.886096 -14.854301 -0.578675 -1.560137 0.883054 -1.926116 0.000003 -0.000006 -0.000003 -9.108292 -0.517863 2.259833 0.290601 -1.993029 16.436621 0.173999 -1.530104 12.905057 0.152356 -1.460991 11.994780 -0.000002 0.000003 -0.000002 -9.532530 -0.000059 -0.000026 0.574842 -2.773659 22.950805 0.279441 -1.898085 16.596952 0.242441 -1.863521 15.168699 -0.000000 -0.000003 0.000010 -9.103596 -0.043062 -1.865136 0.995196 -3.589766 31.128184 0.438131 -2.451489 20.347424 0.384011 -2.275504 18.926485 -0.000002 -0.000001 -0.000001 -8.076698 -0.486736 -3.806281 1.520765 -4.345339 39.057791 0.444689 -2.515594 21.885239 0.468372 -2.671622 21.942155 0.000001 -0.000000 0.000001 4.570447 11.014738 -2.160857 0.697926 -5.402824 -3.177944 13.252820 -17.757090 -67.674238 -0.000036 -30.837648 -0.000014 43.588505 10.024763 -7.623704 2.466141 -1.576202 2.681741 -3.599479 18.297667 14.126167 4.185346 14.320383 1.150405 -0.821911 0.916471 2.391523 -0.000001 0.000003 0.000002 9.109318 -0.518051 2.259871 0.422631 2.379425 -20.182422 0.060953 0.921001 -7.555438 0.059939 0.901470 -7.555399 -0.000000 -0.000002 -0.000001 9.533418 0.000027 0.000046 0.525352 2.642550 -22.515283 0.242456 1.818220 -15.229963 0.213890 1.707431 -14.280399 -0.000001 0.000003 0.000002 9.104533 -0.043029 -1.865073 0.661620 2.949930 -25.272009 0.562908 2.730660 -23.280075 0.535028 2.665028 -22.687955 0.000001 0.000003 -0.000001 8.077804 -0.486872 -3.806256 2.875990 7.069037 -28.143168 0.988475 -0.750245 -29.580579 0.972807 3.329600 -29.140282 0.000001 -0.000001 0.000000 -8.207787 -6.751660 -1.599563 -15.317411 -7.777173 7.882974 53.414866 -0.272027 -3.098681 -31.448964 0.292831 -0.811427 -0.521423 0.000000 0.000000 0.000000 0.000000 -0.000000 8.207791 -6.751701 -1.599556 -18.886720 0.873525 3.547508 56.515441 9.355997 10.081403 -31.931151 3.917120 -9.785512 -0.000033 0.000005 -0.000001 -0.000000 0.000001 0.000000 
-5.691689 92.910774 13.711319 -4.685149 -0.286528 -7.400415 -0.000002 10.181578 0.131519 0.846643 1.221445 -2.057387 5.507161 0.297884 3.645610 5.498597 0.329150 3.653604 0.000001 16.740381 -2.049032 -1.314589 -11.148768 12.529103 -0.000001 9.617846 1.685008 -29.103491 -36.471055 -23.944370 0.000003 22.037354 7.501096 -0.000003 -0.000001 0.000001 -4.569968 11.014896 -2.160882 -0.187524 -4.802007 -0.866489 -58.506396 26.019519 20.756790 -0.000004 6.314304 -0.000004 27.203947 17.786361 11.508170 -2.464804 -1.573973 2.681853 -3.957288 -16.952384 -15.272050 4.886092 -14.854302 -0.578669 -1.560131 0.883054 -1.926118 0.000001 0.000005 -0.000000 -9.108285 -0.517861 2.259838 0.297220 -2.015083 16.625830 0.181674 -1.563418 13.185654 0.155924 -1.477713 12.135103 0.000000 0.000001 0.000002 -9.532513 -0.000073 -0.000021 0.597320 -2.824914 23.411119 0.291804 -1.939923 16.955297 0.248172 -1.884553 15.347886 0.000001 -0.000002 0.000010 -9.103608 -0.043079 -1.865125 1.046423 -3.673566 31.936807 0.457629 -2.503206 20.801853 0.392699 -2.300437 19.143408 -0.000004 -0.000001 -0.000006 -8.076697 -0.486720 -3.806271 1.607309 -4.451384 40.186152 0.465644 -2.570609 22.369233 0.479037 -2.699075 22.184195 -0.000000 0.000000 -0.000000 4.570448 11.014715 -2.160854 0.730075 -5.696838 -2.427926 14.852827 -19.896064 -69.016992 -0.000039 -30.004249 -0.000027 41.513074 11.285582 -5.133599 2.466136 -1.576195 2.681738 -3.599492 18.297682 14.126183 4.185343 14.320374 1.150408 -0.821907 0.916483 2.391516 0.000001 -0.000003 -0.000001 9.109298 -0.518037 2.259871 0.371427 2.235045 -18.911134 0.053472 0.863257 -7.072824 0.052545 0.843724 -7.072788 0.000002 -0.000001 0.000000 9.533410 0.000013 0.000040 0.470362 2.505759 -21.291151 0.224153 1.749592 -14.640862 0.198363 1.645269 -13.749004 0.000000 0.000003 -0.000003 9.104543 -0.043027 -1.865073 0.600190 2.816372 -24.050968 0.532202 2.658254 -22.626989 0.507493 2.598281 -22.088634 0.000001 0.000001 0.000000 8.077810 -0.486862 -3.806260 2.720119 6.978736 -26.868431 0.947865 -0.817866 -28.928003 0.932718 3.261649 -28.484831 -0.000002 0.000003 0.000007 -8.207785 -6.751667 -1.599562 -15.483340 -7.215145 8.749504 50.580266 2.943149 -2.829214 -29.391854 0.723842 -2.351855 -0.518345 0.000001 0.000001 0.000000 -0.000000 -0.000000 8.207793 -6.751709 -1.599560 -18.616084 0.712774 4.076784 53.987902 9.386040 10.093491 -30.385910 7.080501 -9.656908 0.000008 -0.000000 0.000003 -0.000000 -0.000000 -0.000000 
-5.710690 93.926857 13.814325 -3.732671 -4.270344 -8.165413 -0.000006 10.181593 0.131524 0.008630 1.401742 -1.866050 4.750062 0.343212 4.363476 4.738398 0.364401 4.373253 -0.000000 16.740377 -2.049033 -1.568907 -11.049314 12.604575 0.000001 9.617904 1.685012 -28.448721 -35.393931 -24.364393 0.000001 22.037369 7.501095 0.000003 0.000001 0.000001 -4.569970 11.014903 -2.160884 -0.008915 -3.895623 0.532105 -62.231834 29.315845 21.230709 -0.000010 6.398516 -0.000009 26.386518 15.983886 9.363701 -2.464811 -1.573985 2.681852 -3.957288 -16.952393 -15.272042 4.886095 -14.854307 -0.578673 -1.560140 0.883062 -1.926115 0.000004 -0.000007 0.000001 -9.108282 -0.517880 2.259835 0.274537 -1.938338 15.968376 0.182986 -1.569069 13.233119 0.156531 -1.480541 12.158824 -0.000000 0.000000 0.000001 -9.532508 -0.000040 -0.000028 0.578571 -2.782242 23.027891 0.295019 -1.950731 17.047749 0.250415 -1.892703 15.417216 -0.000001 -0.000007 0.000005 -9.103606 -0.043070 -1.865136 1.042027 -3.666495 31.868262 0.466256 -2.525695 20.999719 0.397288 -2.313485 19.257153 -0.000002 0.000001 -0.000004 -8.076691 -0.486727 -3.806280 1.622147 -4.469164 40.376960 0.478047 -2.602506 22.650386 0.485297 -2.715009 22.324765 0.000002 -0.000006 0.000003 4.570448 11.014731 -2.160853 0.762260 -5.944478 -1.744370 16.164194 -22.376856 -70.535527 -0.000021 -28.858270 -0.000023 38.564064 12.762695 -1.750579 2.466140 -1.576191 2.681739 -3.599495 18.297684 14.126186 4.185344 14.320378 1.150402 -0.821908 0.916478 2.391519 -0.000005 -0.000000 -0.000001 9.109297 -0.518041 2.259871 0.302504 2.022298 -17.055382 0.046440 0.805009 -6.586476 0.045573 0.785439 -6.586465 -0.000000 -0.000001 -0.000000 9.533417 0.000028 0.000047 0.402213 2.323183 -19.673667 0.207295 1.683689 -14.076678 0.184963 1.589547 -13.273772 -0.000002 0.000002 -0.000005 9.104528 -0.043037 -1.865071 0.533251 2.661519 -22.649935 0.506942 2.596926 -22.076350 0.486078 2.544958 -21.611434 0.000003 -0.000001 -0.000008 8.077796 -0.486866 -3.806257 2.565140 6.884255 -25.584335 0.918362 -0.868099 -28.445841 0.903612 3.211154 -28.000589 -0.000001 0.000001 -0.000004 -8.207787 -6.751657 -1.599561 -15.490659 -6.140881 8.739510 47.667060 6.812299 -1.541819 -27.243767 1.178237 -4.201352 -0.515249 0.000000 -0.000001 -0.000000 0.000000 -0.000000 8.207790 -6.751681 -1.599554 -18.016910 1.194695 4.434156 51.285520 9.424973 10.109961 -28.904316 9.966583 -9.405923 -0.000019 -0.000004 -0.000003 -0.000000 -0.000000 -0.000000 
-5.604734 94.799477 13.932486 -3.043579 -8.743997 -8.720102 -0.000005 10.181604 0.131519 -0.608404 1.724274 -1.618034 4.060863 0.407900 5.235044 4.043282 0.419169 5.247376 0.000000 16.740391 -2.049035 -1.804896 -10.793629 12.363572 0.000003 9.617908 1.685008 -27.685724 -33.726880 -24.878131 0.000001 22.037384 7.501094 -0.000005 -0.000001 0.000000 -4.569969 11.014912 -2.160882 0.203816 -2.520045 2.092781 -66.311663 32.956633 22.316924 0.000001 6.266722 0.000021 24.093591 14.272625 6.069052 -2.464792 -1.573975 2.681839 -3.957290 -16.952383 -15.272042 4.886096 -14.854302 -0.578678 -1.560140 0.883061 -1.926117 0.000001 -0.000003 0.000004 -9.108293 -0.517863 2.259828 0.228229 -1.770377 14.537308 0.178471 -1.549582 13.068991 0.154428 -1.470758 12.076784 -0.000002 -0.000002 0.000001 -9.532509 -0.000047 -0.000031 0.523938 -2.653206 21.875641 0.289332 -1.931610 16.884052 0.249153 -1.888190 15.378692 0.000005 -0.000002 0.000008 -9.103596 -0.043081 -1.865147 0.987325 -3.576653 31.002218 0.463281 -2.517961 20.931618 0.397352 -2.313690 19.258879 0.000002 -0.000004 0.000002 -8.076678 -0.486695 -3.806281 1.571080 -4.407510 39.716997 0.480164 -2.607897 22.698091 0.486370 -2.717680 22.348616 -0.000004 -0.000002 0.000001 4.570446 11.014706 -2.160854 0.787528 -6.124280 -1.224324 17.000028 -25.248814 -72.198241 -0.000038 -27.304412 -0.000007 35.219355 13.870386 2.188832 2.466147 -1.576199 2.681733 -3.599499 18.297682 14.126190 4.185341 14.320366 1.150406 -0.821913 0.916478 2.391514 -0.000000 0.000001 0.000004 9.109310 -0.518032 2.259871 0.215504 1.712451 -14.385826 0.037067 0.719864 -5.876504 0.036276 0.700316 -5.876501 -0.000000 -0.000001 0.000003 9.533419 0.000030 0.000043 0.313018 2.056360 -17.339000 0.185674 1.595010 -13.319558 0.168022 1.516057 -12.648391 -0.000002 -0.000001 0.000002 9.104543 -0.043027 -1.865075 0.442879 2.433910 -20.616789 0.477590 2.523420 -21.419444 0.462307 2.484163 -21.069499 0.000003 0.000004 0.000001 8.077805 -0.486856 -3.806259 2.342889 6.740195 -23.710681 0.889047 -0.918948 -27.960149 0.874719 3.160031 -27.512810 0.000002 0.000000 0.000002 -8.207786 -6.751680 -1.599558 -15.584164 -4.300957 8.324964 44.823369 9.604790 0.407472 -25.106087 2.475365 -5.542369 -0.512177 -0.000002 -0.000001 -0.000000 0.000000 -0.000000 8.207793 -6.751702 -1.599562 -17.269290 2.081496 4.637458 48.786156 9.468110 10.128302 -27.652919 12.818003 -9.063634 -0.000000 -0.000005 -0.000002 -0.000000 -0.000000 -0.000000 
-5.413166 95.466606 14.062238 -2.668097 -13.637090 -9.350926 -0.000005 10.181582 0.131522 -0.975535 2.186823 -1.058905 3.457908 0.487879 6.125093 3.431522 0.489880 6.139847 0.000001 16.740389 -2.049036 -1.987635 -10.385854 11.866657 -0.000005 9.617884 1.685015 -26.672389 -31.575107 -25.272072 0.000002 22.037354 7.501095 -0.000001 0.000004 0.000001 -4.569970 11.014913 -2.160885 0.410541 -0.651031 3.701807 -70.491111 36.602229 24.083585 -0.000001 6.214888 -0.000007 20.580214 11.891149 2.258904 -2.464792 -1.573998 2.681843 -3.957290 -16.952386 -15.272047 4.886095 -14.854307 -0.578674 -1.560136 0.883063 -1.926115 0.000001 -0.000001 -0.000001 -9.108286 -0.517863 2.259836 0.165101 -1.509364 12.332130 0.168807 -1.507113 12.711475 0.149913 -1.449479 11.898026 0.000001 0.000002 -0.000004 -9.532511 -0.000044 -0.000028 0.439542 -2.438047 19.975850 0.275615 -1.884899 16.484064 0.244778 -1.872183 15.242469 -0.000004 -0.000002 -0.000001 -9.103596 -0.043093 -1.865137 0.888963 -3.406936 29.387545 0.449797 -2.482573 20.620268 0.393325 -2.302231 19.159017 -0.000002 -0.000002 0.000002 -8.076685 -0.486724 -3.806277 1.462310 -4.271216 38.279751 0.472887 -2.589293 22.533895 0.482711 -2.708414 22.266523 -0.000000 0.000008 -0.000004 4.570446 11.014717 -2.160856 0.808032 -6.264620 -0.783302 17.300270 -28.325529 -73.953293 -0.000028 -25.323413 -0.000001 32.168781 14.157497 6.069865 2.466136 -1.576206 2.681736 -3.599483 18.297686 14.126179 4.185347 14.320383 1.150406 -0.821913 0.916474 2.391520 0.000002 -0.000000 0.000002 9.109306 -0.518027 2.259870 0.130732 1.338031 -11.202049 0.025394 0.597133 -4.854801 0.024742 0.577561 -4.854763 0.000000 -0.000002 -0.000000 9.533414 0.000029 0.000044 0.216844 1.717802 -14.419146 0.157212 1.469552 -12.253036 0.144842 1.408939 -11.739633 0.000001 0.000003 -0.000003 9.104535 -0.043027 -1.865074 0.334318 2.123424 -17.887019 0.437039 2.417656 -20.479011 0.428677 2.395191 -20.280047 0.000002 -0.000003 -0.000001 8.077784 -0.486863 -3.806260 2.031695 6.520399 -21.016113 0.847063 -0.993638 -27.251241 0.833337 3.084971 -26.800959 0.000003 0.000000 0.000000 -8.207788 -6.751676 -1.599558 -15.747143 -1.913815 8.155555 42.342583 9.788399 2.187669 -23.167447 5.584109 -5.612350 -0.509074 0.000002 0.000002 -0.000000 0.000000 -0.000000 8.207790 -6.751696 -1.599557 -16.349041 2.881293 4.880451 46.788059 9.385898 10.079407 -26.842106 15.633280 -8.641333 -0.093307 0.000002 0.000005 -0.000000 0.000001 -0.000000 
-5.122981 95.934509 14.219310 -2.651782 -18.713441 -10.197155 -0.000006 10.181599 0.131522 -1.050574 2.802936 0.072434 2.930036 0.576922 6.784318 2.893256 0.571465 6.800879 0.000000 16.740396 -2.049035 -2.084598 -9.912115 11.327120 -0.000001 9.617904 1.685007 -25.427433 -29.278637 -25.464639 0.000001 22.037354 7.501089 -0.000000 0.000002 0.000001 -4.569970 11.014921 -2.160884 0.564855 1.449911 5.176899 -74.439035 39.906405 26.555851 0.000001 6.383137 0.000009 15.875260 8.833537 -1.636312 -2.464781 -1.573967 2.681824 -3.957288 -16.952381 -15.272047 4.886097 -14.854312 -0.578678 -1.560140 0.883069 -1.926114 0.000006 -0.000010 -0.000001 -9.108268 -0.517885 2.259810 0.096668 -1.157911 9.392215 0.154456 -1.441575 12.160429 0.143065 -1.416595 11.622497 -0.000003 -0.000001 -0.000004 -9.532485 -0.000046 -0.000043 0.334928 -2.136806 17.355048 0.254675 -1.811147 15.854565 0.237451 -1.844993 15.011120 -0.000000 0.000002 0.000010 -9.103572 -0.043085 -1.865157 0.754382 -3.154931 27.036138 0.426783 -2.420768 20.078477 0.385517 -2.279860 18.964270 0.000002 0.000003 0.000000 -8.076674 -0.486714 -3.806294 1.301525 -4.055947 36.065315 0.457228 -2.548672 22.176072 0.474770 -2.688116 22.087597 0.000002 0.000002 0.000002 4.570446 11.014738 -2.160856 0.830425 -6.383706 -0.243708 17.105944 -31.289489 -75.736956 -0.000049 -23.034668 -0.000001 29.771630 13.605530 9.409841 2.466144 -1.576211 2.681745 -3.599483 18.297674 14.126176 4.185344 14.320374 1.150409 -0.821908 0.916481 2.391513 -0.000002 -0.000005 -0.000001 9.109309 -0.518030 2.259878 0.068444 0.970443 -8.111006 0.014372 0.450431 -3.635731 0.013875 0.430860 -3.635713 -0.000000 -0.000001 0.000001 9.533408 0.000029 0.000051 0.135876 1.363948 -11.408649 0.125792 1.316390 -10.956704 0.118065 1.273423 -10.594370 -0.000000 0.000002 -0.000003 9.104538 -0.043029 -1.865066 0.230798 1.771209 -14.841231 0.386772 2.278723 -19.252691 0.385139 2.274051 -19.211738 0.000001 -0.000000 -0.000002 8.077803 -0.486861 -3.806249 1.674697 6.239481 -17.804189 0.788252 -1.102050 -26.230962 0.775435 2.976065 -25.776526 0.000001 -0.000000 0.000001 -8.207788 -6.751654 -1.599560 -15.858927 0.301500 8.376137 40.421425 9.862367 3.340123 -21.524667 8.577155 -5.424270 -0.595101 0.000001 0.000000 0.000000 -0.000000 -0.000000 8.207790 -6.751696 -1.599557 -15.140871 3.031297 5.186267 45.412722 9.086892 9.909281 -26.656232 17.763864 -7.911862 -0.881548 0.000005 0.000003 0.000000 -0.000001 -0.000000 
-4.697672 96.195229 14.387535 -2.882086 -23.685918 -11.127893 -0.000004 10.181587 0.131523 -0.816020 3.525885 1.746870 2.481703 0.665195 7.097558 2.434970 0.656073 7.115080 -0.000003 16.740396 -2.049035 -2.090894 -9.452979 10.908429 -0.000004 9.617868 1.685004 -24.177442 -27.093960 -25.532224 0.000002 22.037354 7.501101 -0.000001 0.000000 0.000000 -4.569968 11.014900 -2.160885 0.661547 3.468282 6.343185 -78.012030 42.777891 29.713601 -0.000016 6.661377 -0.000002 10.179711 5.762243 -5.331517 -2.464811 -1.573971 2.681851 -3.957287 -16.952381 -15.272045 4.886091 -14.854307 -0.578680 -1.560137 0.883057 -1.926118 0.000004 -0.000005 -0.000005 -9.108277 -0.517863 2.259826 0.039556 -0.742388 5.949250 0.136289 -1.353897 11.425522 0.134193 -1.372748 11.255064 -0.000003 -0.000004 0.000001 -9.532504 -0.000070 -0.000032 0.226791 -1.765754 14.180025 0.227912 -1.712104 15.011936 0.227321 -1.806758 14.686150 -0.000000 -0.000006 -0.000004 -9.103583 -0.043086 -1.865150 0.598225 -2.826385 24.043782 0.395339 -2.333329 19.314679 0.374041 -2.246560 18.674881 -0.000005 0.000002 -0.000003 -8.076681 -0.486717 -3.806288 1.100342 -3.759475 33.113778 0.433567 -2.485849 21.624485 0.462662 -2.656841 21.811760 0.000002 0.000006 -0.000008 4.570445 11.014709 -2.160856 0.855080 -6.457554 0.442639 16.529223 -33.803702 -77.462931 -0.000025 -20.656550 -0.000008 27.886349 12.497153 12.108505 2.466144 -1.576213 2.681739 -3.599485 18.297677 14.126188 4.185343 14.320374 1.150408 -0.821910 0.916473 2.391515 0.000001 0.000000 0.000000 9.109316 -0.518046 2.259874 0.032569 0.670347 -5.606031 0.006620 0.307773 -2.451670 0.006316 0.288182 -2.451678 -0.000000 -0.000003 0.000000 9.533411 0.000015 0.000045 0.081141 1.056190 -8.817252 0.097640 1.161321 -9.650001 0.093137 1.132303 -9.406412 -0.000000 -0.000004 0.000000 9.104525 -0.043031 -1.865070 0.152022 1.441707 -12.031458 0.335507 2.126364 -17.918815 0.338949 2.136992 -18.011648 0.000000 -0.000001 0.000002 8.077788 -0.486878 -3.806256 1.343791 5.948013 -14.687799 0.720588 -1.232732 -25.013468 0.708905 2.844765 -24.554291 -0.000003 0.000001 -0.000003 -8.207788 -6.751676 -1.599561 -16.059149 1.925479 8.530981 39.190932 9.943932 4.100106 -20.245167 11.746736 -5.053836 -0.797685 0.000000 -0.000000 0.000000 -0.000000 -0.000000 8.207792 -6.751704 -1.599555 -14.640094 2.124105 4.915988 45.894660 10.268525 9.979729 -26.717743 17.259787 -3.763797 -3.282053 0.000006 -0.000001 0.000000 0.000000 -0.000000 
-4.113863 96.183334 14.514691 -3.206316 -28.367780 -11.980369 -0.000004 10.181604 0.131521 -0.293399 4.239068 3.669739 2.159098 0.742167 7.182711 2.104412 0.734405 7.200340 -0.000001 16.740402 -2.049039 -2.045441 -9.036004 10.606343 -0.000007 9.617874 1.685007 -23.150276 -25.092857 -25.611384 0.000002 22.037369 7.501095 0.000001 0.000000 0.000000 -4.569970 11.014902 -2.160888 0.724780 5.252946 7.123617 -81.250120 45.233986 33.373674 0.000002 6.926557 0.000003 4.151268 3.446656 -8.553193 -2.464796 -1.573956 2.681851 -3.957292 -16.952378 -15.272047 4.886094 -14.854302 -0.578679 -1.560140 0.883056 -1.926111 0.000001 -0.000008 -0.000004 -9.108262 -0.517862 2.259838 0.007247 -0.318470 2.460047 0.116421 -1.250954 10.564632 0.124153 -1.321284 10.824608 -0.000000 -0.000000 0.000002 -9.532498 -0.000044 -0.000016 0.135034 -1.367666 10.825262 0.198298 -1.595015 14.019875 0.215148 -1.759544 14.285858 -0.000001 0.000003 0.000004 -9.103593 -0.043070 -1.865118 0.444344 -2.450253 20.701960 0.358070 -2.224539 18.369814 0.359460 -2.203378 18.300358 0.000003 -0.000003 -0.000001 -8.076673 -0.486702 -3.806266 0.884546 -3.399578 29.658563 0.402965 -2.401728 20.888875 0.446746 -2.615016 21.443867 -0.000000 0.000006 -0.000007 4.570445 11.014734 -2.160859 0.873082 -6.458379 1.094574 15.711564 -35.620290 -79.027167 -0.000020 -18.381900 -0.000013 26.214287 11.145595 14.313450 2.466140 -1.576210 2.681728 -3.599487 18.297674 14.126178 4.185342 14.320379 1.150399 -0.821911 0.916473 2.391522 0.000002 0.000001 -0.000007 9.109309 -0.518033 2.259864 0.014879 0.453192 -3.800124 0.002518 0.192005 -1.491839 0.002318 0.172421 -1.491845 0.000000 -0.000001 0.000000 9.533417 0.000035 0.000038 0.049156 0.823077 -6.866869 0.076508 1.029290 -8.541504 0.073983 1.009966 -8.379878 0.000000 -0.000000 -0.000001 9.104546 -0.043026 -1.865079 0.101446 1.179944 -9.820969 0.292099 1.987352 -16.710562 0.298688 2.009118 -16.899218 0.000000 0.000002 0.000001 8.077809 -0.486873 -3.806265 1.087678 5.698905 -12.163939 0.657531 -1.361053 -23.830800 0.646980 2.715893 -23.367202 -0.000001 -0.000003 0.000007 -8.207787 -6.751667 -1.599562 -16.709296 3.116811 8.437257 38.930644 10.033268 4.750066 -19.435645 14.943341 -4.626885 -1.136263 -0.000003 -0.000001 -0.000000 0.000000 -0.000000 8.207792 -6.751695 -1.599554 -14.755913 -0.045347 4.726857 48.170401 10.227316 9.985256 -24.914174 15.986681 -2.426594 -6.502685 -0.000007 -0.000004 -0.000000 0.000001 -0.000001 
-3.380527 95.927704 14.599137 -3.711131 -32.642598 -12.871565 -0.000007 10.181603 0.131524 0.492541 4.843593 5.538740 2.006182 0.801952 7.240092 1.945875 0.800271 7.257304 0.000003 16.740406 -2.049038 -2.013774 -8.662035 10.317199 -0.000017 9.617882 1.685008 -22.374740 -23.307566 -25.796790 0.000003 22.037369 7.501100 -0.000004 -0.000000 0.000000 -4.569964 11.014905 -2.160887 0.772521 6.779441 7.557636 -84.032671 47.114781 37.023700 0.000017 7.323570 0.000003 -1.341988 2.370640 -11.106324 -2.464823 -1.573960 2.681862 -3.957291 -16.952383 -15.272043 4.886094 -14.854301 -0.578674 -1.560141 0.883061 -1.926109 0.000004 -0.000015 -0.000003 -9.108285 -0.517864 2.259834 0.000152 0.049656 -0.561377 0.097884 -1.146253 9.691984 0.114377 -1.269053 10.388256 0.000003 0.000002 -0.000000 -9.532512 -0.000048 -0.000029 0.071883 -1.000904 7.769944 0.169980 -1.474073 13.000211 0.202440 -1.708816 13.856376 -0.000001 -0.000003 -0.000003 -9.103601 -0.043070 -1.865137 0.316594 -2.078227 17.469329 0.319619 -2.105712 17.343582 0.343246 -2.154261 17.875348 0.000001 -0.000004 -0.000006 -8.076703 -0.486716 -3.806277 0.688448 -3.022166 26.158491 0.368479 -2.302643 20.027071 0.428435 -2.565869 21.012852 -0.000001 0.000005 -0.000000 4.570448 11.014708 -2.160857 0.877829 -6.412502 1.458375 14.749660 -36.670080 -80.355202 -0.000024 -16.250693 -0.000005 24.707805 9.734873 16.163016 2.466140 -1.576204 2.681734 -3.599490 18.297669 14.126187 4.185344 14.320377 1.150409 -0.821912 0.916478 2.391514 0.000003 0.000004 -0.000005 9.109287 -0.518029 2.259871 0.006311 0.295679 -2.492962 0.000779 0.108496 -0.799740 0.000672 0.088904 -0.799737 0.000002 0.000003 -0.000001 9.533401 0.000033 0.000046 0.030979 0.653989 -5.457303 0.062360 0.930011 -7.710479 0.060986 0.917569 -7.606358 0.000001 -0.000005 -0.000002 9.104527 -0.043028 -1.865071 0.071245 0.989890 -8.225834 0.260322 1.878310 -15.768335 0.268691 1.907698 -16.021957 0.000000 0.000002 -0.000003 8.077793 -0.486849 -3.806258 0.910049 5.512424 -10.345467 0.608355 -1.466020 -22.872014 0.598743 2.610476 -22.404897 -0.000001 0.000000 -0.000004 -8.207791 -6.751673 -1.599557 -17.759272 4.276816 8.468302 39.555524 10.097616 5.128932 -19.109942 17.611998 -4.089383 -1.448019 0.000001 -0.000001 -0.000000 0.000000 -0.000000 8.207791 -6.751716 -1.599554 -14.932836 -2.548048 4.623065 50.914515 9.931800 9.979639 -23.635342 14.303116 -0.508913 -9.281368 -0.000002 0.000001 0.000000 -0.000000 0.000001 
-2.548566 95.639526 14.712604 -4.579580 -36.348665 -14.053727 -0.000007 10.181591 0.131520 1.520289 5.310348 7.208455 2.011737 0.842788 7.366604 1.947805 0.850709 7.383242 -0.000001 16.740372 -2.049029 -2.042190 -8.336274 9.961954 -0.000002 9.617899 1.685004 -21.738050 -21.814152 -26.105097 0.000003 22.037338 7.501095 -0.000000 -0.000001 -0.000000 -4.569970 11.014885 -2.160881 0.809297 8.024042 7.742000 -85.807025 48.054588 39.858385 -0.000011 8.330789 -0.000002 -5.807142 2.650113 -12.991392 -2.464789 -1.573971 2.681830 -3.957290 -16.952383 -15.272047 4.886094 -14.854304 -0.578678 -1.560134 0.883052 -1.926114 0.000002 -0.000006 0.000000 -9.108283 -0.517872 2.259816 0.007566 0.325404 -2.824880 0.083122 -1.055390 8.936258 0.106221 -1.223743 10.010357 -0.000000 -0.000001 -0.000000 -9.532495 -0.000044 -0.000044 0.035909 -0.709514 5.360375 0.146607 -1.366166 12.093419 0.191055 -1.661952 13.460247 0.000000 -0.000000 0.000012 -9.103589 -0.043075 -1.865157 0.226311 -1.763010 14.775869 0.285292 -1.993068 16.376130 0.327684 -2.105952 17.458389 0.000002 -0.000000 -0.000001 -8.076689 -0.486687 -3.806293 0.537577 -2.686168 23.129193 0.335064 -2.201709 19.153510 0.410264 -2.515894 20.575899 0.000000 -0.000000 0.000001 4.570447 11.014705 -2.160851 0.875231 -6.395700 1.442613 13.633650 -37.085482 -81.450764 -0.000018 -14.128511 -0.000008 23.633663 8.304963 17.677935 2.466140 -1.576226 2.681742 -3.599470 18.297687 14.126164 4.185341 14.320374 1.150408 -0.821908 0.916483 2.391521 -0.000001 -0.000003 -0.000003 9.109314 -0.518034 2.259873 0.002076 0.169176 -1.444242 0.000139 0.048073 -0.298813 0.000095 0.028466 -0.298811 0.000002 -0.000002 -0.000003 9.533410 0.000028 0.000047 0.019824 0.523095 -4.368579 0.052939 0.857666 -7.105756 0.052385 0.850773 -7.048219 -0.000001 -0.000003 0.000002 9.104529 -0.043029 -1.865069 0.052235 0.848225 -7.040926 0.238435 1.799060 -15.086372 0.248041 1.834286 -15.389323 -0.000001 -0.000001 -0.000001 8.077796 -0.486871 -3.806251 0.785250 5.374024 -9.029998 0.574014 -1.542219 -22.180635 0.565064 2.533965 -21.711163 -0.000002 0.000003 -0.000002 -8.207791 -6.751656 -1.599563 -18.641451 5.533133 9.075429 40.370984 10.089505 4.789827 -19.102974 19.319434 -3.219943 -1.531686 0.000002 0.000001 0.000000 0.000000 0.000000 8.207790 -6.751691 -1.599554 -14.613965 -4.743346 4.925427 53.150288 9.611535 9.911525 -22.940469 14.209054 2.015252 -9.057380 0.010027 -0.986283 0.000000 0.000001 -0.000000 
-1.683430 95.536156 14.911172 -5.695939 -39.348293 -15.440515 -0.000007 10.181594 0.131521 2.722771 5.640615 8.643538 2.129923 0.863540 7.543830 2.064228 0.883018 7.560005 0.000005 16.740410 -2.049038 -2.122237 -8.057524 9.518120 -0.000008 9.617871 1.685012 -21.202282 -20.648524 -26.492244 0.000003 22.037369 7.501093 0.000000 -0.000000 -0.000000 -4.569964 11.014914 -2.160886 0.837470 8.980255 7.761796 -85.885476 47.732644 41.231636 0.000008 10.568128 0.000002 -9.553701 3.932661 -14.310413 -2.464823 -1.573971 2.681855 -3.957290 -16.952384 -15.272042 4.886094 -14.854302 -0.578682 -1.560133 0.883049 -1.926116 -0.000000 0.000002 0.000002 -9.108305 -0.517873 2.259845 0.019312 0.519407 -4.419935 0.072849 -0.987166 8.370052 0.100313 -1.189752 9.727214 -0.000002 -0.000001 0.000001 -9.532526 -0.000045 -0.000034 0.017590 -0.498553 3.622645 0.129579 -1.281896 11.387749 0.182251 -1.624646 13.145638 0.000001 0.000000 0.000004 -9.103615 -0.043072 -1.865138 0.169222 -1.527817 12.788375 0.258665 -1.900499 15.584905 0.314872 -2.065207 17.107435 -0.000000 -0.000001 -0.000009 -8.076715 -0.486713 -3.806275 0.436303 -2.429449 20.860581 0.307378 -2.113871 18.396881 0.394812 -2.472520 20.197447 0.000000 -0.000003 -0.000001 4.570451 11.014712 -2.160856 0.874460 -6.457118 1.159071 12.295517 -37.111478 -82.363933 -0.000021 -11.858073 0.000001 23.304406 6.828805 18.824368 2.466132 -1.576212 2.681732 -3.599492 18.297687 14.126177 4.185343 14.320375 1.150411 -0.821912 0.916481 2.391517 -0.000001 0.000000 -0.000001 9.109291 -0.518027 2.259866 0.000288 0.064648 -0.577875 0.000014 -0.000441 -0.000017 0.000011 -0.020058 0.103090 -0.000000 -0.000001 0.000000 9.533401 0.000026 0.000040 0.012502 0.415932 -3.478421 0.046182 0.801379 -6.635767 0.046190 0.799181 -6.617758 0.000001 0.000000 0.000000 9.104530 -0.043029 -1.865074 0.038994 0.733388 -6.082930 0.222650 1.739465 -14.575163 0.233256 1.779716 -14.920376 0.000001 -0.000002 0.000001 8.077791 -0.486853 -3.806263 0.687453 5.260932 -7.975050 0.549724 -1.597626 -21.680258 0.541276 2.478337 -21.209076 0.000000 -0.000002 -0.000002 -8.207787 -6.751671 -1.599562 -18.989290 6.803815 10.198686 40.675856 10.012891 3.625959 -19.170410 20.053038 -1.948395 -1.355801 0.000007 0.000003 -0.000000 -0.000000 -0.000000 8.207790 -6.751705 -1.599556 -13.601061 -6.529334 5.444662 54.207059 9.491572 9.850191 -22.426422 17.133186 5.289424 -8.702578 0.099457 -3.093019 0.000000 0.000002 -0.000001 
-0.750035 95.543777 15.171949 -6.763098 -41.595582 -16.636001 -0.000004 10.181592 0.131520 3.950430 5.802018 9.849520 2.348290 0.865556 7.735149 2.282911 0.895785 7.751335 -0.000002 16.740393 -2.049037 -2.200029 -7.800154 8.982266 0.000005 9.617867 1.685006 -20.849011 -19.732268 -26.860704 0.000001 22.037354 7.501091 0.000001 0.000000 0.000000 -4.569971 11.014912 -2.160885 0.862689 9.742744 7.669036 -84.079274 46.102360 41.195251 0.000021 14.515081 0.000002 -13.608194 5.324735 -15.019209 -2.464819 -1.573973 2.681874 -3.957287 -16.952381 -15.272040 4.886096 -14.854307 -0.578677 -1.560136 0.883056 -1.926115 -0.000000 0.000000 -0.000003 -9.108287 -0.517873 2.259847 0.032157 0.669696 -5.657777 0.066007 -0.939051 7.971074 0.096244 -1.165777 9.527711 -0.000001 0.000004 0.000001 -9.532520 -0.000040 -0.000008 0.008060 -0.340355 2.322186 0.117877 -1.220681 10.875993 0.176060 -1.597799 12.919332 -0.000002 0.000003 -0.000000 -9.103609 -0.043069 -1.865114 0.133122 -1.356952 11.354344 0.239904 -1.832176 15.002843 0.305553 -2.035011 16.847970 -0.000001 0.000001 0.000006 -8.076704 -0.486700 -3.806262 0.371123 -2.246255 19.262511 0.287359 -2.047805 17.829987 0.383450 -2.439940 19.913890 0.000002 0.000000 -0.000007 4.570444 11.014708 -2.160855 0.873224 -6.549003 0.741488 10.785168 -36.931721 -83.061043 -0.000012 -9.541471 0.000003 23.751892 5.345778 19.606492 2.466128 -1.576194 2.681733 -3.599473 18.297686 14.126161 4.185346 14.320373 1.150405 -0.821912 0.916473 2.391515 0.000004 0.000010 -0.000001 9.109291 -0.518037 2.259869 0.000001 -0.008960 0.032126 0.000218 -0.040523 -0.000027 0.000209 -0.060104 0.435098 0.000000 -0.000002 -0.000003 9.533403 0.000037 0.000045 0.008151 0.335833 -2.813692 0.041031 0.755738 -6.255232 0.041418 0.756909 -6.264998 0.000001 0.000001 0.000002 9.104515 -0.043029 -1.865073 0.029882 0.642145 -5.322939 0.210284 1.691276 -14.162733 0.221617 1.735500 -14.541071 0.000001 -0.000001 -0.000002 8.077801 -0.486868 -3.806256 0.608304 5.166148 -7.103823 0.530564 -1.642230 -21.278843 0.522545 2.433569 -20.806312 0.000001 -0.000000 0.000000 -8.207788 -6.751674 -1.599558 -19.084901 7.984606 11.254629 40.665611 9.907174 2.115919 -19.305501 20.209013 -0.467396 -1.099561 -0.000001 -0.000004 -0.000000 0.000000 -0.000000 8.207792 -6.751696 -1.599556 -12.326753 -7.785220 5.825225 54.197421 9.350525 9.821582 -22.201755 22.706245 9.322333 -7.859974 0.124933 -3.450768 -0.000000 0.000001 -0.000001 
0.345648 95.500763 15.454337 -7.654676 -43.094297 -17.374299 -0.000004 10.181580 0.131521 4.996657 5.752364 10.854933 2.707193 0.859402 7.905953 2.644184 0.894569 7.923162 0.000004 16.740400 -2.049034 -2.216388 -7.523374 8.370171 -0.000004 9.617870 1.685009 -20.661367 -18.904895 -27.045739 0.000001 22.037384 7.501093 -0.000003 -0.000000 0.000000 -4.569967 11.014894 -2.160883 0.890190 10.461288 7.515081 -80.829230 43.417009 40.398670 0.000023 20.356670 -0.000021 -19.025007 5.693465 -14.941520 -2.464781 -1.573969 2.681843 -3.957288 -16.952384 -15.272047 4.886094 -14.854304 -0.578676 -1.560138 0.883058 -1.926113 0.000002 -0.000007 -0.000001 -9.108267 -0.517864 2.259840 0.045555 0.796623 -6.705207 0.060934 -0.901686 7.661526 0.093143 -1.147186 9.372910 -0.000000 -0.000005 -0.000000 -9.532493 -0.000050 -0.000028 0.002927 -0.210430 1.255118 0.109372 -1.174112 10.487471 0.171514 -1.577820 12.751202 0.000001 -0.000001 0.000004 -9.103578 -0.043074 -1.865128 0.107513 -1.220668 10.215985 0.226589 -1.782021 14.576694 0.298983 -2.013372 16.662071 0.000001 0.000002 0.000004 -8.076670 -0.486714 -3.806280 0.324067 -2.102907 18.022825 0.273676 -2.001117 17.430544 0.375522 -2.416940 19.714060 0.000004 -0.000000 -0.000001 4.570447 11.014722 -2.160853 0.857654 -6.545711 0.185730 9.436091 -36.524034 -83.298016 -0.000006 -7.767175 0.000010 24.591406 4.141703 20.029050 2.466137 -1.576202 2.681735 -3.599482 18.297667 14.126170 4.185341 14.320374 1.150413 -0.821911 0.916474 2.391518 0.000004 0.000004 0.000000 9.109312 -0.518030 2.259871 0.000124 -0.042921 0.313610 0.000474 -0.068709 -0.000019 0.000473 -0.088324 0.668933 0.000000 -0.000001 -0.000002 9.533414 0.000034 0.000046 0.006134 0.291322 -2.444489 0.037475 0.722551 -5.978540 0.037998 0.725097 -5.999893 -0.000001 0.000003 0.000002 9.104530 -0.043030 -1.865076 0.024636 0.583100 -4.831685 0.200923 1.653770 -13.842156 0.212536 1.700183 -14.238690 -0.000002 0.000005 -0.000003 8.077795 -0.486884 -3.806261 0.553423 5.098680 -6.490397 0.514997 -1.679162 -20.947219 0.507305 2.396476 -20.473583 -0.000001 0.000002 0.000004 -8.207788 -6.751663 -1.599563 -19.174918 8.735527 11.736475 40.860128 9.787948 0.555710 -19.654773 20.288589 1.114655 -0.962653 0.000002 -0.000000 0.000000 0.000000 -0.000000 8.207793 -6.751702 -1.599557 -11.263469 -7.786566 6.117341 53.466980 9.518648 9.844761 -22.697188 28.112297 12.979601 -6.595518 0.049167 -2.163954 0.000002 0.000003 -0.000000 
1.638413 95.369362 15.742171 -8.339411 -43.942879 -17.599478 -0.000005 10.181591 0.131521 5.684641 5.540297 11.636788 3.248725 0.866498 7.943942 3.189453 0.895335 7.963952 -0.000002 16.740427 -2.049036 -2.136061 -7.186145 7.755627 0.000002 9.617913 1.685008 -20.358489 -17.954803 -26.827940 0.000002 22.037384 7.501095 -0.000001 -0.000002 -0.000000 -4.569968 11.014925 -2.160884 0.918321 11.204456 7.405563 -76.769557 40.045631 39.441836 -0.000007 28.023115 0.000004 -25.846129 4.286459 -14.210180 -2.464816 -1.573977 2.681848 -3.957293 -16.952378 -15.272042 4.886096 -14.854307 -0.578681 -1.560134 0.883054 -1.926105 0.000002 -0.000006 0.000000 -9.108291 -0.517866 2.259843 0.055154 0.876111 -7.362246 0.056810 -0.870034 7.399605 0.090567 -1.131428 9.241935 0.000000 0.000002 0.000001 -9.532505 -0.000045 -0.000032 0.000783 -0.119069 0.505381 0.102785 -1.136758 10.176153 0.167786 -1.561231 12.611588 -0.000003 0.000003 0.000006 -9.103598 -0.043072 -1.865126 0.089283 -1.113154 9.320957 0.216300 -1.742188 14.238914 0.293792 -1.996168 16.514395 -0.000001 0.000001 0.000000 -8.076694 -0.486714 -3.806276 0.286709 -1.980815 16.974089 0.263284 -1.964863 17.120670 0.369424 -2.399095 19.559049 0.000001 0.000003 0.000001 4.570445 11.014734 -2.160855 0.818179 -6.347314 -0.584453 8.804233 -35.661439 -82.652556 -0.000008 -7.528194 0.000002 25.187794 3.846654 19.945105 2.466128 -1.576206 2.681734 -3.599487 18.297686 14.126186 4.185345 14.320374 1.150411 -0.821914 0.916478 2.391510 -0.000002 0.000008 -0.000003 9.109297 -0.518036 2.259864 0.000135 -0.042131 0.307026 0.000635 -0.081749 -0.000002 0.000644 -0.101356 0.776892 0.000001 -0.000000 -0.000002 9.533401 0.000035 0.000042 0.005733 0.281767 -2.365232 0.035660 0.704994 -5.832277 0.036142 0.707230 -5.850948 -0.000001 -0.000006 -0.000000 9.104521 -0.043029 -1.865076 0.022761 0.560699 -4.645417 0.195197 1.630435 -13.642664 0.206734 1.677119 -14.041495 0.000000 -0.000005 0.000000 8.077782 -0.486864 -3.806259 0.528320 5.067364 -6.207226 0.504169 -1.705231 -20.713647 0.496701 2.370282 -20.239247 -0.000001 -0.000006 0.000002 -8.207789 -6.751667 -1.599559 -19.213442 8.568768 11.634560 41.423318 9.628122 -1.469475 -20.314021 20.608323 2.998193 -0.924161 0.000004 -0.000001 0.000000 0.000000 -0.000000 8.207790 -6.751689 -1.599555 -10.547380 -5.798446 6.439165 52.268559 10.231158 9.949654 -24.771129 29.450027 14.955956 -6.383322 -0.000005 0.000009 0.000001 0.000001 -0.000003 
3.110528 95.009323 16.017778 -8.841767 -44.414050 -17.127259 -0.000005 10.181589 0.131517 6.001994 5.373915 11.920722 3.980152 0.909341 7.627154 3.924889 0.920537 7.653007 0.000002 16.740383 -2.049037 -1.961617 -6.739141 7.243602 -0.000006 9.617884 1.685003 -19.598762 -16.588287 -26.012041 0.000002 22.037354 7.501096 -0.000003 -0.000001 -0.000000 -4.569970 11.014926 -2.160886 0.935339 11.935451 7.516492 -72.441075 36.242128 38.525300 0.000003 37.290603 -0.000001 -32.623876 1.253926 -13.352446 -2.464792 -1.573973 2.681859 -3.957288 -16.952383 -15.272043 4.886089 -14.854295 -0.578678 -1.560135 0.883047 -1.926120 0.000001 0.000003 0.000004 -9.108275 -0.517874 2.259844 0.053121 0.859944 -7.228546 0.054276 -0.850172 7.235260 0.088961 -1.121547 9.159743 0.000001 0.000003 0.000003 -9.532513 -0.000046 -0.000009 0.000565 -0.106168 0.399543 0.098803 -1.113482 9.982292 0.165030 -1.548935 12.508031 0.000001 0.000002 -0.000001 -9.103595 -0.043105 -1.865127 0.081712 -1.065082 8.921438 0.208920 -1.712971 13.991327 0.289597 -1.982157 16.394307 0.000004 0.000007 -0.000001 -8.076676 -0.486707 -3.806277 0.264401 -1.903892 16.316024 0.254632 -1.934119 16.858478 0.364293 -2.383963 19.427881 -0.000001 0.000001 -0.000009 4.570446 11.014687 -2.160856 0.764872 -5.964477 -1.511436 9.275743 -34.060477 -80.807756 -0.000007 -9.715065 -0.000001 25.082406 5.217822 19.041797 2.466128 -1.576211 2.681736 -3.599483 18.297682 14.126178 4.185345 14.320380 1.150405 -0.821915 0.916468 2.391516 0.000003 0.000011 0.000000 9.109297 -0.518040 2.259867 0.000036 -0.022831 0.146948 0.000637 -0.081474 -0.000035 0.000638 -0.101048 0.774434 -0.000001 -0.000001 -0.000001 9.533388 0.000037 0.000043 0.006288 0.294889 -2.474069 0.035371 0.702111 -5.808296 0.035722 0.703188 -5.817288 -0.000002 0.000002 0.000000 9.104528 -0.043028 -1.865080 0.023283 0.566932 -4.697238 0.193268 1.622409 -13.574238 0.204493 1.668183 -13.965068 0.000001 -0.000002 -0.000002 8.077767 -0.486852 -3.806256 0.528910 5.068045 -6.213661 0.499185 -1.717311 -20.605735 0.491840 2.358194 -20.131013 0.000001 -0.000003 0.000004 -8.207789 -6.751667 -1.599561 -19.512225 7.673285 11.092594 42.870051 9.425944 -4.404183 -21.568281 20.964349 5.345908 -0.843740 -0.000000 -0.000000 0.000000 -0.000000 -0.000000 8.207790 -6.751700 -1.599557 -10.270101 -2.139318 6.391885 51.074816 10.273344 9.961029 -28.699164 29.300227 14.761043 -3.218105 0.000010 -0.000006 0.000001 0.000001 0.000001 
4.690330 94.424820 16.286463 -9.447766 -44.671917 -15.465599 -0.000003 10.181588 0.131520 6.189218 5.566319 11.144610 4.908774 0.997562 6.738751 4.857394 0.989043 6.776232 -0.000007 16.740374 -2.049035 -1.751038 -6.116862 6.848776 -0.000007 9.617907 1.685007 -18.398704 -14.459367 -24.566865 0.000003 22.037338 7.501097 -0.000004 -0.000001 0.000000 -4.569974 11.014898 -2.160884 0.926170 12.618191 8.004445 -68.319657 32.146057 37.641675 -0.000001 47.772518 0.000007 -37.230832 -2.432127 -12.606857 -2.464804 -1.573960 2.681861 -3.957285 -16.952384 -15.272043 4.886100 -14.854304 -0.578677 -1.560142 0.883068 -1.926111 0.000002 -0.000006 -0.000001 -9.108271 -0.517856 2.259840 0.037612 0.723990 -6.105376 0.054786 -0.854196 7.268502 0.089307 -1.123539 9.176369 0.000001 0.000000 -0.000001 -9.532499 -0.000033 -0.000021 0.002696 -0.202358 1.189115 0.099213 -1.115900 10.002457 0.164368 -1.545943 12.482902 0.000001 0.000001 -0.000006 -9.103595 -0.043065 -1.865128 0.089766 -1.115900 9.343810 0.206700 -1.704072 13.916305 0.287457 -1.974993 16.332885 0.000001 -0.000009 0.000000 -8.076679 -0.486692 -3.806276 0.268853 -1.919446 16.449157 0.249257 -1.914799 16.693870 0.361130 -2.374478 19.345524 -0.000000 0.000002 -0.000005 4.570441 11.014710 -2.160855 0.717704 -5.489353 -2.333424 10.592072 -31.609214 -77.905937 0.000002 -14.405026 0.000005 24.443237 8.565616 17.086823 2.466132 -1.576207 2.681746 -3.599470 18.297676 14.126170 4.185347 14.320380 1.150407 -0.821909 0.916483 2.391517 -0.000005 -0.000003 -0.000006 9.109291 -0.518060 2.259876 -0.000002 0.000095 -0.042965 0.000530 -0.074065 0.000024 0.000559 -0.093658 0.713111 0.000001 -0.000000 -0.000001 9.533393 0.000014 0.000052 0.007226 0.315884 -2.648436 0.036006 0.708378 -5.860296 0.036242 0.708194 -5.859165 0.000000 0.000000 0.000002 9.104514 -0.043040 -1.865068 0.024928 0.586573 -4.860524 0.194107 1.625868 -13.603720 0.205046 1.670384 -13.983953 -0.000002 -0.000003 -0.000003 8.077781 -0.486880 -3.806250 0.543148 5.085867 -6.374489 0.499301 -1.717036 -20.608117 0.491954 2.358456 -20.133391 -0.000001 -0.000002 0.000003 -8.207787 -6.751670 -1.599562 -20.002902 7.126175 9.821387 45.347532 9.279944 -8.292938 -23.485896 20.366150 8.034609 -0.929814 -0.000001 -0.000002 -0.000000 -0.000000 -0.000000 8.207793 -6.751708 -1.599556 -10.122860 1.720720 5.321289 51.108718 8.041722 9.849602 -30.038001 30.611668 6.276287 -0.495290 -0.000002 0.000008 -0.000000 -0.000000 -0.000001 
6.326829 93.615433 16.530462 -10.537281 -44.528875 -12.120654 -0.000007 10.181591 0.131521 6.627780 6.349259 8.858922 6.070760 1.120815 5.249762 6.024418 1.104198 5.308277 -0.000005 16.740391 -2.049033 -1.600947 -5.266587 6.405890 -0.000002 9.617862 1.685011 -17.220684 -11.367762 -22.750662 0.000005 22.037369 7.501093 -0.000006 0.000001 -0.000000 -4.569971 11.014902 -2.160880 0.885442 13.269328 8.844953 -64.777377 28.014817 36.865861 -0.000006 58.803318 -0.000002 -38.278484 -5.669509 -11.664803 -2.464796 -1.573960 2.681836 -3.957290 -16.952386 -15.272050 4.886099 -14.854307 -0.578678 -1.560135 0.883056 -1.926108 -0.000000 -0.000002 0.000002 -9.108273 -0.517861 2.259828 0.017653 0.496570 -4.231909 0.059162 -0.888106 7.549119 0.092033 -1.140412 9.316693 -0.000002 -0.000000 0.000001 -9.532497 -0.000023 -0.000029 0.010967 -0.395273 2.773590 0.105252 -1.150868 10.293587 0.166764 -1.556625 12.572748 0.000001 0.000005 0.000004 -9.103586 -0.043056 -1.865139 0.116971 -1.272679 10.650077 0.212138 -1.725686 14.099152 0.288910 -1.979908 16.374928 0.000001 0.000002 -0.000003 -8.076691 -0.486689 -3.806277 0.307774 -2.050570 17.572692 0.250338 -1.918700 16.726992 0.361751 -2.376379 19.362089 -0.000001 -0.000001 -0.000000 4.570444 11.014711 -2.160852 0.683100 -4.987688 -2.786270 11.815238 -28.597539 -74.562026 -0.000019 -20.458440 0.000002 24.106506 13.164309 14.143314 2.466148 -1.576203 2.681735 -3.599477 18.297670 14.126172 4.185343 14.320374 1.150409 -0.821908 0.916483 2.391515 -0.000001 0.000001 0.000002 9.109308 -0.518039 2.259871 0.000040 0.025072 -0.249867 0.000423 -0.065263 0.000000 0.000439 -0.084854 0.640344 0.000000 0.000000 -0.000003 9.533407 0.000035 0.000044 0.008327 0.339363 -2.843030 0.036982 0.717757 -5.938604 0.037076 0.716400 -5.927415 0.000000 -0.000002 -0.000001 9.104528 -0.043037 -1.865070 0.026892 0.609194 -5.048807 0.196189 1.634512 -13.677473 0.206907 1.677865 -14.047816 -0.000000 -0.000001 0.000003 8.077792 -0.486859 -3.806257 0.560097 5.106958 -6.565352 0.502122 -1.710190 -20.669339 0.494719 2.365312 -20.194790 0.000000 -0.000001 0.000002 -8.207788 -6.751666 -1.599564 -20.570433 8.262344 6.034054 49.082101 9.460171 -10.308629 -25.650330 18.339435 9.551871 -1.833411 -0.000002 0.000004 0.000000 0.000000 -0.000000 8.207790 -6.751701 -1.599559 -8.668118 4.684496 1.644326 49.908322 8.292745 9.745165 -29.814076 30.709661 -3.992603 -0.508195 0.000001 -0.000004 -0.000000 -0.000000 0.000000 
7.875155 93.197540 16.848301 -12.237817 -43.619900 -7.310336 -0.000005 10.181588 0.131520 7.490846 7.660781 5.459405 7.448414 1.249787 3.397691 7.410727 1.242198 3.487926 -0.000005 16.740383 -2.049037 -1.550202 -4.198715 5.655825 -0.000010 9.617876 1.685011 -16.466340 -7.452319 -21.087909 0.000005 22.037338 7.501101 -0.000005 0.000002 -0.000000 -4.569973 11.014925 -2.160889 0.826810 13.880744 9.755852 -61.871262 24.341415 36.393799 0.000019 69.410001 -0.000041 -35.980043 -7.767479 -10.353365 -2.464804 -1.573960 2.681844 -3.957290 -16.952379 -15.272040 4.886093 -14.854302 -0.578674 -1.560133 0.883049 -1.926118 -0.000003 0.000000 0.000007 -9.108284 -0.517857 2.259834 0.004209 0.242976 -2.147824 0.066775 -0.944658 8.017449 0.096707 -1.168580 9.550882 0.000000 0.000003 0.000003 -9.532497 -0.000049 -0.000023 0.028432 -0.632040 4.721770 0.116323 -1.212181 10.805152 0.171998 -1.579949 12.769069 0.000001 0.000003 0.000004 -9.103586 -0.043063 -1.865150 0.162187 -1.495998 12.520826 0.225342 -1.777264 14.536516 0.294435 -1.998374 16.533361 0.000000 0.000001 0.000001 -8.076681 -0.486685 -3.806275 0.378448 -2.267606 19.448171 0.259515 -1.951597 17.007646 0.367223 -2.392580 19.502502 -0.000001 0.000007 -0.000005 4.570443 11.014729 -2.160857 0.651304 -4.453212 -2.888083 11.892137 -25.741130 -71.474911 -0.000037 -25.856615 -0.000019 24.923627 17.273094 10.645068 2.466128 -1.576196 2.681735 -3.599482 18.297674 14.126170 4.185345 14.320377 1.150409 -0.821913 0.916476 2.391520 -0.000001 0.000003 -0.000003 9.109292 -0.518038 2.259873 0.000316 0.066534 -0.593527 0.000343 -0.055713 -0.000020 0.000349 -0.075318 0.561086 0.000001 -0.000000 -0.000004 9.533397 0.000036 0.000045 0.010149 0.374432 -3.133999 0.038128 0.728774 -6.030398 0.038024 0.725437 -6.002633 0.000000 -0.000001 0.000004 9.104517 -0.043031 -1.865069 0.029497 0.638062 -5.289039 0.198678 1.644622 -13.763894 0.209073 1.686445 -14.121173 0.000000 -0.000003 -0.000000 8.077765 -0.486869 -3.806261 0.578636 5.129888 -6.773279 0.505457 -1.702076 -20.741977 0.497971 2.373472 -20.267690 -0.000000 -0.000006 -0.000002 -8.207787 -6.751667 -1.599559 -19.715163 10.948082 -0.226854 52.720465 9.684331 -9.986339 -27.477306 14.271761 7.801853 -3.897571 0.000006 -0.000002 -0.000000 -0.000001 0.000000 8.207791 -6.751695 -1.599556 -6.287596 4.759841 -2.600692 48.691964 8.760431 4.910868 -30.117893 29.513476 -7.320067 -0.108638 -0.000010 0.000003 -0.000000 0.000000 -0.000000 
9.376644 93.294930 17.268459 -14.167289 -41.492545 -2.023450 -0.000005 10.181579 0.131522 8.437957 9.055531 2.270676 8.839326 1.344081 1.573466 8.815509 1.351369 1.700855 -0.000000 16.740393 -2.049035 -1.493325 -3.006084 4.473988 -0.000004 9.617871 1.685018 -15.911979 -3.133974 -20.136047 0.000003 22.037354 7.501095 -0.000000 -0.000003 0.000000 -4.569970 11.014906 -2.160883 0.782789 14.362503 10.340288 -59.290529 21.616659 36.375733 0.000047 78.537497 -0.000040 -31.839856 -8.574398 -9.024212 -2.464796 -1.573985 2.681855 -3.957289 -16.952388 -15.272042 4.886094 -14.854301 -0.578680 -1.560135 0.883053 -1.926116 -0.000001 -0.000005 0.000004 -9.108287 -0.517872 2.259837 0.000022 0.026711 -0.373163 0.075839 -1.007498 8.538583 0.102046 -1.199852 9.811493 -0.000001 -0.000002 -0.000002 -9.532499 -0.000048 -0.000034 0.051776 -0.850681 6.526163 0.129851 -1.283281 11.399223 0.178757 -1.609539 13.018231 0.000001 0.000000 0.000004 -9.103602 -0.043086 -1.865137 0.216131 -1.723561 14.441231 0.243573 -1.845706 15.118060 0.302791 -2.025957 16.770140 -0.000000 -0.000001 0.000004 -8.076700 -0.486710 -3.806285 0.465383 -2.506289 21.535774 0.275228 -2.006465 17.476262 0.376421 -2.419572 19.736948 0.000001 -0.000004 -0.000006 4.570446 11.014726 -2.160857 0.614237 -3.885362 -2.977596 10.312809 -23.814206 -69.112628 -0.000025 -28.706769 -0.000004 26.827110 19.121839 7.549494 2.466147 -1.576221 2.681745 -3.599483 18.297682 14.126172 4.185344 14.320383 1.150413 -0.821908 0.916476 2.391518 -0.000000 0.000003 0.000006 9.109309 -0.518038 2.259879 0.001492 0.143674 -1.232770 0.000184 -0.039826 0.000023 0.000203 -0.059432 0.429467 0.000000 0.000002 0.000004 9.533404 0.000033 0.000047 0.013897 0.438153 -3.662993 0.039963 0.745912 -6.173202 0.039462 0.738782 -6.113831 0.000000 -0.000001 -0.000001 9.104529 -0.043025 -1.865069 0.034354 0.688422 -5.708317 0.202053 1.658328 -13.880819 0.211792 1.697203 -14.213284 0.000001 0.000001 0.000001 8.077804 -0.486863 -3.806256 0.609634 5.167757 -7.118593 0.509105 -1.693241 -20.821123 0.501565 2.382358 -20.347072 0.000002 -0.000002 0.000002 -8.207785 -6.751677 -1.599556 -18.538125 13.286548 -6.055971 57.636865 9.244676 -9.960198 -24.284826 7.726991 3.779437 -7.828481 0.000010 -0.000006 0.000000 -0.000000 0.000000 8.207795 -6.751699 -1.599553 -3.713049 3.516497 -7.989124 46.957373 9.691172 0.373401 -30.120339 25.071685 -4.657162 -0.000012 0.000004 -0.000001 0.000000 0.000000 -0.000000 
10.794737 93.847008 17.766016 -15.331118 -37.434829 2.723222 -0.000008 10.181573 0.131522 8.751316 9.936319 0.676029 9.883874 1.369040 0.095895 9.878079 1.376070 0.254616 -0.000005 16.740389 -2.049037 -1.253493 -1.831883 3.026248 -0.000003 9.617869 1.685011 -14.842003 1.080715 -20.138616 0.000005 22.037338 7.501093 0.000002 0.000002 -0.000000 -4.569976 11.014919 -2.160884 0.781734 14.638231 10.377901 -56.677135 19.942674 36.728850 0.000043 85.464081 -0.000116 -27.445223 -8.373166 -7.953454 -2.464815 -1.573973 2.681847 -3.957290 -16.952381 -15.272040 4.886094 -14.854304 -0.578676 -1.560132 0.883051 -1.926115 0.000002 -0.000005 0.000002 -9.108282 -0.517870 2.259833 0.000908 -0.114168 0.782812 0.083998 -1.060948 8.982505 0.106699 -1.226511 10.033483 -0.000001 -0.000002 0.000003 -9.532505 -0.000051 -0.000038 0.072872 -1.007613 7.825631 0.142487 -1.346359 11.927529 0.185267 -1.637492 13.253869 -0.000000 0.000008 -0.000002 -9.103594 -0.043076 -1.865130 0.264568 -1.903493 15.971634 0.262104 -1.912675 15.688963 0.311678 -2.054923 17.018936 -0.000002 0.000005 0.000001 -8.076700 -0.486690 -3.806280 0.546291 -2.706960 23.314508 0.293218 -2.067378 17.997907 0.386806 -2.449582 19.997875 0.000002 -0.000000 -0.000002 4.570443 11.014739 -2.160858 0.581458 -3.374991 -3.416523 7.345094 -23.127389 -67.691143 -0.000055 -28.286573 -0.000009 28.760926 18.191422 6.016361 2.466136 -1.576206 2.681735 -3.599488 18.297679 14.126178 4.185345 14.320374 1.150415 -0.821908 0.916478 2.391516 -0.000003 -0.000002 -0.000010 9.109294 -0.518028 2.259869 0.004893 0.260074 -2.197742 0.000038 -0.010277 -0.000039 0.000036 -0.029889 0.184638 0.000001 0.000002 -0.000001 9.533405 0.000036 0.000046 0.021010 0.538563 -4.497323 0.043289 0.776143 -6.425219 0.042125 0.763220 -6.317659 -0.000003 0.000002 0.000000 9.104522 -0.043026 -1.865074 0.043461 0.774009 -6.421729 0.207965 1.682091 -14.083795 0.216562 1.716014 -14.374244 0.000000 0.000001 0.000001 8.077801 -0.486861 -3.806259 0.667892 5.237759 -7.761058 0.515235 -1.678565 -20.952502 0.507562 2.397046 -20.478902 -0.000001 -0.000002 0.000004 -8.207790 -6.751686 -1.599560 -16.936608 13.754197 -10.513940 60.459742 6.108888 -9.971973 -19.223952 0.879376 1.582325 -13.207273 0.000001 -0.000002 0.000000 -0.000001 -0.000001 8.207787 -6.751694 -1.599553 -1.263405 1.711416 -12.922759 43.737075 9.685969 -1.434145 -28.804339 21.013798 -2.727438 -0.000031 -0.000001 -0.000006 -0.000000 -0.000000 0.000000 
12.117744 94.579926 18.157467 -15.006339 -30.761632 6.210483 -0.000006 10.181583 0.131524 7.909864 9.966219 1.189967 10.316256 1.318140 -0.949388 10.329386 1.298521 -0.774753 -0.000004 16.740408 -2.049036 -0.773158 -0.819600 1.684580 0.000005 9.617885 1.685013 -12.827801 4.701843 -20.786777 0.000002 22.037354 7.501091 0.000000 0.000001 -0.000001 -4.569977 11.014923 -2.160880 0.816783 14.779484 10.008373 -54.077647 18.920027 37.106574 -0.001938 90.125651 -0.002762 -23.587187 -7.552725 -7.183331 -2.464819 -1.573971 2.681855 -3.957290 -16.952383 -15.272047 4.886097 -14.854309 -0.578675 -1.560140 0.883061 -1.926120 0.000003 -0.000009 0.000001 -9.108287 -0.517863 2.259841 0.001984 -0.167388 1.219503 0.089525 -1.095738 9.271722 0.109805 -1.243852 10.178115 -0.000001 0.000008 -0.000003 -9.532516 -0.000057 -0.000025 0.084432 -1.084126 8.460874 0.151523 -1.389622 12.290236 0.190129 -1.658055 13.427443 -0.000001 0.000009 0.000001 -9.103601 -0.043088 -1.865137 0.295389 -2.009015 16.874817 0.276727 -1.963749 16.125168 0.319012 -2.078420 17.221323 0.000000 -0.000003 -0.000000 -8.076704 -0.486702 -3.806275 0.602327 -2.836314 24.473702 0.309002 -2.119149 18.442332 0.395740 -2.475115 20.220188 -0.000001 0.000000 -0.000009 4.570441 11.014714 -2.160855 0.569069 -3.070390 -4.238844 3.809874 -23.342836 -67.173340 -0.000033 -25.398268 -0.000014 29.808657 15.468381 6.323724 2.466135 -1.576215 2.681735 -3.599484 18.297691 14.126168 4.185344 14.320380 1.150406 -0.821913 0.916471 2.391519 0.000007 0.000002 0.000000 9.109301 -0.518039 2.259869 0.011107 0.391716 -3.289806 0.000060 0.034341 -0.185028 0.000030 0.014728 -0.185027 -0.000001 -0.000000 0.000002 9.533401 0.000037 0.000039 0.031631 0.660713 -5.513285 0.048559 0.821662 -6.805024 0.046554 0.802235 -6.643059 -0.000001 -0.000004 -0.000000 9.104533 -0.043025 -1.865072 0.057530 0.890075 -7.390554 0.217806 1.720736 -14.414665 0.224956 1.748359 -14.651333 -0.000002 0.000002 -0.000000 8.077793 -0.486851 -3.806260 0.757340 5.342175 -8.731283 0.526696 -1.651338 -21.196906 0.518753 2.424401 -20.724100 -0.000001 0.000002 0.000002 -8.207786 -6.751669 -1.599558 -16.429202 12.149065 -12.605820 60.562966 -4.806705 -9.971853 -12.833838 0.190522 1.777051 -17.999493 0.000011 -0.000006 0.000000 -0.000003 0.000001 8.207797 -6.751706 -1.599554 -0.583102 -0.141128 -15.882737 40.934785 9.743084 -0.427255 -26.762723 16.251668 -2.477170 -0.000045 0.000001 -0.000002 0.000000 -0.000001 -0.000000 
13.337259 95.452217 18.275782 -13.766681 -21.799479 8.279653 -0.000003 10.181595 0.131526 6.078920 9.398038 3.028536 10.210252 1.226087 -1.684738 10.240287 1.164722 -1.508573 -0.000002 16.740404 -2.049038 -0.192584 -0.084006 0.781944 0.000000 9.617873 1.685014 -10.294319 7.291810 -21.346378 0.000003 22.037354 7.501093 0.000001 0.000000 0.000000 -4.569973 11.014933 -2.160886 0.854784 14.959487 9.608980 -52.074458 17.963389 37.135889 -0.000205 93.096387 0.000411 -20.374830 -6.524250 -6.456673 -2.464785 -1.573973 2.681861 -3.957289 -16.952369 -15.272043 4.886099 -14.854316 -0.578677 -1.560140 0.883056 -1.926117 0.000003 -0.000003 0.000000 -9.108262 -0.517869 2.259838 0.001424 -0.142291 1.013621 0.091665 -1.108905 9.381074 0.110985 -1.250399 10.232791 -0.000000 -0.000009 0.000001 -9.532502 -0.000038 -0.000013 0.084301 -1.083195 8.453143 0.155541 -1.408515 12.448774 0.192662 -1.668587 13.516477 -0.000002 -0.000009 0.000005 -9.103588 -0.043070 -1.865123 0.303558 -2.035963 17.106048 0.284927 -1.991741 16.364793 0.323512 -2.092767 17.344692 0.000003 0.000003 0.000005 -8.076673 -0.486702 -3.806274 0.624207 -2.884910 24.912029 0.319485 -2.152808 18.731995 0.401634 -2.491743 20.365071 -0.000001 -0.000002 -0.000000 4.570444 11.014718 -2.160856 0.574923 -3.062835 -5.110603 0.641083 -23.795949 -67.222763 -0.000037 -21.788186 -0.000012 29.984261 12.522972 7.532022 2.466136 -1.576219 2.681740 -3.599486 18.297686 14.126165 4.185343 14.320378 1.150407 -0.821916 0.916467 2.391518 0.000004 0.000007 -0.000008 9.109295 -0.518045 2.259871 0.018049 0.499414 -4.184192 0.000458 0.084823 -0.603462 0.000383 0.065227 -0.603441 0.000001 0.000002 0.000000 9.533407 0.000028 0.000045 0.043157 0.771331 -6.435010 0.055104 0.874802 -7.248904 0.052317 0.850203 -7.043469 -0.000001 0.000002 0.000003 9.104533 -0.043025 -1.865073 0.074029 1.008992 -8.385760 0.230909 1.770949 -14.845059 0.236722 1.792703 -15.031884 -0.000003 -0.000001 -0.000003 8.077790 -0.486872 -3.806262 0.860751 5.458525 -9.829968 0.544224 -1.610285 -21.565960 0.535908 2.465603 -21.094404 0.000005 0.000002 0.000007 -8.207785 -6.751657 -1.599556 -16.877780 9.647819 -12.208191 60.465254 -8.895986 -9.878413 -5.125907 -7.010350 -0.854878 -20.867509 -0.096162 2.978327 0.000001 0.000001 0.000001 8.207793 -6.751690 -1.599551 -1.461145 -1.967701 -16.546908 38.823263 9.908754 1.517697 -24.625245 9.880920 -3.196101 -0.000070 0.000001 -0.000004 0.000000 -0.000000 -0.000000 
14.307910 96.143150 18.175867 -12.791947 -11.991989 9.721172 -0.000005 10.181587 0.131520 3.945739 8.977327 4.712230 9.925638 1.157822 -2.270883 9.969773 1.065180 -2.095604 0.000003 16.740381 -2.049034 0.286903 0.293155 0.438960 0.000002 9.617890 1.685005 -8.196428 8.510680 -21.181036 -0.000003 22.037369 7.501097 0.000000 -0.000000 0.000001 -4.569965 11.014915 -2.160882 0.869666 15.217318 9.458685 -51.362261 16.797600 36.699409 -0.000197 95.223950 0.000217 -17.960081 -5.745449 -5.445343 -2.464792 -1.573971 2.681846 -3.957292 -16.952388 -15.272047 4.886096 -14.854312 -0.578676 -1.560140 0.883061 -1.926112 -0.000003 0.000002 0.000000 -9.108273 -0.517875 2.259840 0.000338 -0.071627 0.433735 0.090663 -1.102734 9.329701 0.110426 -1.247306 10.207071 -0.000001 -0.000003 -0.000000 -9.532501 -0.000037 -0.000027 0.076046 -1.029187 8.004650 0.154809 -1.405124 12.420398 0.192811 -1.669175 13.521262 -0.000002 0.000001 0.000000 -9.103589 -0.043071 -1.865129 0.292660 -1.999877 16.796270 0.286279 -1.996357 16.404386 0.324832 -2.096974 17.381095 -0.000002 -0.000002 -0.000001 -8.076693 -0.486714 -3.806275 0.613896 -2.862095 24.706048 0.323500 -2.165530 18.841608 0.403871 -2.498026 20.419892 0.000002 -0.000001 -0.000000 4.570451 11.014724 -2.160853 0.585719 -3.335191 -5.634891 -1.540617 -23.961453 -67.347339 -0.000014 -19.070298 -0.000005 29.963555 10.500251 8.390136 2.466147 -1.576212 2.681739 -3.599494 18.297687 14.126191 4.185344 14.320380 1.150399 -0.821919 0.916471 2.391517 0.000000 0.000007 0.000006 9.109306 -0.518035 2.259878 0.022699 0.559770 -4.685851 0.001059 0.126198 -0.946235 0.000925 0.106577 -0.946231 -0.000003 0.000005 0.000004 9.533406 0.000032 0.000052 0.051600 0.843320 -7.035770 0.061188 0.921331 -7.637738 0.057879 0.894056 -7.409863 0.000001 -0.000001 0.000005 9.104537 -0.043025 -1.865062 0.087755 1.098028 -9.132493 0.244267 1.820521 -15.270937 0.249225 1.838596 -15.426440 -0.000001 -0.000002 0.000002 8.077785 -0.486860 -3.806254 0.947104 5.552368 -10.730255 0.564413 -1.563978 -21.983842 0.555640 2.512097 -21.513697 -0.000002 -0.000000 0.000000 -8.207786 -6.751664 -1.599560 -17.157212 8.558877 -10.759699 61.023499 -9.178006 -9.802388 2.384222 -16.162067 -3.197430 -23.136325 -0.347119 5.542914 -0.000001 -0.000002 -0.000003 8.207793 -6.751708 -1.599557 -2.920587 -3.947148 -16.208780 37.593576 10.035101 2.700858 -23.078991 2.524110 -3.918006 -0.000070 0.000003 0.000006 0.000000 -0.000000 -0.000000 
14.980145 96.568207 18.065897 -12.543188 -2.679047 11.449826 -0.000010 10.181594 0.131521 2.117992 9.386267 5.259995 9.765322 1.173789 -2.759982 9.821421 1.078663 -2.575725 0.000007 16.740391 -2.049033 0.590740 0.271806 0.576653 -0.000003 9.617867 1.685008 -7.124154 8.182188 -20.253881 0.000006 22.037338 7.501095 -0.000002 -0.000001 -0.000000 -4.569966 11.014907 -2.160881 0.863219 15.298683 9.494246 -52.095284 15.697033 35.962971 -0.000048 97.175990 0.000039 -16.918775 -5.602052 -4.000532 -2.464804 -1.573977 2.681844 -3.957287 -16.952386 -15.272047 4.886097 -14.854307 -0.578677 -1.560135 0.883052 -1.926109 -0.000000 -0.000007 0.000001 -9.108294 -0.517864 2.259833 -0.000026 -0.004738 -0.115164 0.087844 -1.085293 9.184705 0.108868 -1.238614 10.134586 0.000001 0.000007 0.000002 -9.532494 -0.000067 -0.000034 0.066666 -0.964201 7.465754 0.151169 -1.387971 12.276385 0.191211 -1.662562 13.465549 0.000000 -0.000000 0.000005 -9.103597 -0.043074 -1.865140 0.273742 -1.935536 16.245458 0.282506 -1.983527 16.294417 0.323509 -2.092782 17.344970 0.000003 0.000002 -0.000002 -8.076694 -0.486710 -3.806276 0.585203 -2.797525 24.124952 0.321626 -2.159576 18.790259 0.402819 -2.495083 20.394207 -0.000000 -0.000003 -0.000003 4.570450 11.014715 -2.160854 0.599540 -3.813376 -5.693067 -2.664173 -23.635793 -67.198536 -0.000012 -17.902853 0.000002 30.491648 9.629809 8.218440 2.466132 -1.576205 2.681729 -3.599505 18.297684 14.126189 4.185347 14.320375 1.150407 -0.821910 0.916473 2.391522 -0.000002 -0.000001 -0.000005 9.109303 -0.518038 2.259865 0.024880 0.586069 -4.904515 0.001509 0.149393 -1.138552 0.001354 0.129786 -1.138540 0.000001 -0.000000 0.000002 9.533401 0.000045 0.000040 0.056043 0.878633 -7.330880 0.065209 0.950945 -7.885539 0.061690 0.922775 -7.649991 0.000000 0.000000 0.000003 9.104531 -0.043026 -1.865076 0.095589 1.145681 -9.532815 0.254222 1.856555 -15.581051 0.258887 1.873228 -15.724629 -0.000001 -0.000001 0.000002 8.077785 -0.486859 -3.806264 0.996239 5.604409 -11.235538 0.581173 -1.526132 -22.326256 0.572075 2.550110 -21.857271 -0.000000 0.000001 -0.000001 -8.207789 -6.751662 -1.599556 -16.516847 9.890381 -9.447742 62.578863 -9.401639 -9.807473 8.422940 -21.024999 -3.491156 -23.968513 -0.284621 4.904180 0.000001 -0.000001 0.000000 8.207792 -6.751702 -1.599556 -4.224292 -6.311236 -16.459450 37.073533 4.779770 2.838728 -21.942382 0.649954 -2.076583 -0.000039 0.000001 -0.000004 -0.000000 0.000000 -0.000000 
15.374430 96.744301 18.029795 -12.639674 5.747445 13.490483 -0.000006 10.181592 0.131516 0.802666 10.733231 4.672117 9.701037 1.291623 -3.099418 9.767198 1.221049 -2.895504 0.000003 16.740389 -2.049037 0.806247 -0.115723 1.023826 -0.000000 9.617881 1.685017 -6.830604 6.418092 -19.082186 0.000002 22.037338 7.501095 0.000001 -0.000002 -0.000000 -4.569970 11.014894 -2.160886 0.866372 14.823855 9.387110 -53.716023 15.234208 35.255691 -0.000004 99.195015 -0.000005 -17.881031 -6.237131 -2.263326 -2.464830 -1.573990 2.681858 -3.957291 -16.952390 -15.272042 4.886094 -14.854309 -0.578679 -1.560136 0.883056 -1.926124 -0.000002 -0.000003 0.000004 -9.108306 -0.517882 2.259840 -0.000006 0.016665 -0.290755 0.085217 -1.068773 9.047397 0.107396 -1.230397 10.065932 0.000004 0.000010 -0.000000 -9.532521 -0.000068 -0.000021 0.062028 -0.930363 7.185382 0.147370 -1.369913 12.125004 0.189201 -1.654064 13.393791 0.000000 0.000002 0.000002 -9.103615 -0.043089 -1.865134 0.259759 -1.886435 15.826098 0.276953 -1.964531 16.131904 0.320908 -2.084485 17.273396 -0.000001 -0.000000 0.000005 -8.076713 -0.486729 -3.806278 0.558638 -2.736099 23.574610 0.316319 -2.142715 18.645194 0.399861 -2.486770 20.321650 -0.000003 0.000003 0.000001 4.570447 11.014711 -2.160859 0.621608 -4.409183 -5.513896 -3.121282 -22.833724 -66.722663 -0.000015 -17.890926 -0.000002 31.862078 9.346579 7.142484 2.466140 -1.576203 2.681733 -3.599498 18.297684 14.126177 4.185345 14.320373 1.150408 -0.821916 0.916478 2.391518 -0.000003 0.000006 -0.000007 9.109301 -0.518069 2.259869 0.027601 0.617211 -5.163669 0.001729 0.159505 -1.222370 0.001549 0.139904 -1.222398 0.000000 -0.000003 0.000003 9.533412 0.000029 0.000041 0.059752 0.907118 -7.568981 0.067319 0.966168 -8.012777 0.063586 0.936714 -7.766772 0.000000 -0.000003 -0.000001 9.104538 -0.043061 -1.865075 0.100082 1.172215 -9.755955 0.259644 1.875927 -15.747862 0.264132 1.891764 -15.884428 -0.000002 -0.000000 -0.000000 8.077794 -0.486890 -3.806261 1.017774 5.626967 -11.455787 0.590688 -1.504923 -22.518446 0.581404 2.571390 -22.050118 -0.000003 0.000002 0.000003 -8.207786 -6.751667 -1.599565 -15.165072 12.450524 -8.564116 64.676598 -9.480679 -9.822270 12.237827 -19.845113 -2.248269 -24.457376 -0.201900 4.078997 -0.000002 0.000000 -0.000003 8.207792 -6.751693 -1.599558 -5.690154 -8.861631 -17.251234 37.023252 -0.680565 2.531553 -20.967392 0.192520 -0.135151 -0.319334 0.000002 0.000001 0.000000 -0.000000 -0.000000 
15.564625 96.864182 18.033331 -12.606677 13.596851 15.316218 -0.000005 10.181584 0.131516 -0.078544 12.526723 3.507630 9.477153 1.471489 -3.257805 9.550699 1.436692 -3.034481 0.000002 16.740385 -2.049034 1.055390 -0.740998 1.598085 0.000004 9.617836 1.685010 -6.655625 3.716639 -18.178321 -0.000002 22.037354 7.501090 0.000001 -0.000003 0.000000 -4.569967 11.014895 -2.160883 0.895299 13.693500 8.883144 -55.472092 15.787868 34.926189 0.000021 101.170476 -0.000003 -20.851895 -7.473993 -0.578749 -2.464807 -1.573977 2.681860 -3.957290 -16.952388 -15.272045 4.886097 -14.854309 -0.578675 -1.560140 0.883057 -1.926116 -0.000002 -0.000005 0.000004 -9.108281 -0.517864 2.259840 -0.000008 -0.017393 -0.011260 0.084378 -1.063476 9.003414 0.106939 -1.227750 10.043932 -0.000001 -0.000000 0.000001 -9.532526 -0.000044 -0.000017 0.064218 -0.946594 7.319904 0.145819 -1.362505 12.062783 0.188031 -1.649196 13.352791 0.000001 0.000002 0.000000 -9.103590 -0.043069 -1.865126 0.258611 -1.882375 15.791527 0.273343 -1.952032 16.024959 0.318765 -2.077714 17.215174 0.000001 -0.000003 -0.000001 -8.076688 -0.486712 -3.806271 0.550244 -2.716346 23.398280 0.311325 -2.126743 18.507702 0.397074 -2.478881 20.252872 -0.000002 -0.000000 -0.000000 4.570448 11.014709 -2.160853 0.645868 -4.983975 -5.442746 -3.444287 -21.646466 -66.063659 -0.000041 -18.112530 -0.000020 33.665118 8.932282 5.861477 2.466132 -1.576216 2.681736 -3.599491 18.297684 14.126184 4.185344 14.320373 1.150397 -0.821908 0.916486 2.391527 -0.000000 -0.000002 -0.000006 9.109285 -0.518046 2.259873 0.033900 0.683792 -5.717830 0.001994 0.171476 -1.321608 0.001828 0.151876 -1.321619 -0.000003 -0.000001 0.000002 9.533393 0.000036 0.000045 0.067058 0.960582 -8.016093 0.069327 0.980216 -8.130480 0.065058 0.947593 -7.857580 -0.000004 -0.000000 -0.000003 9.104517 -0.043033 -1.865071 0.107130 1.212334 -10.093603 0.263131 1.888171 -15.853465 0.266991 1.901773 -15.970685 0.000000 0.000001 0.000004 8.077785 -0.486871 -3.806253 1.043441 5.653552 -11.716578 0.594861 -1.495706 -22.602197 0.585480 2.580665 -22.134183 0.000002 -0.000003 0.000000 -8.207787 -6.751671 -1.599564 -13.920246 14.614510 -8.007466 66.549777 -9.585816 -9.842933 13.168664 -14.625614 -0.684811 -23.535334 -0.116756 3.125485 0.000000 -0.000000 0.000001 8.207789 -6.751716 -1.599560 -7.384860 -10.809510 -18.056543 37.057075 -5.730885 2.643473 -20.000771 -0.067063 1.277312 -0.895406 0.000003 -0.000003 0.000000 -0.000001 -0.000000 
15.614968 96.999374 18.049122 -12.334185 21.185509 16.669765 -0.000005 10.181577 0.131520 -0.665416 14.113035 2.190260 8.967985 1.637843 -3.331548 9.046483 1.635836 -3.100242 0.000000 16.740393 -2.049034 1.357638 -1.412878 2.154184 0.000003 9.617897 1.685010 -6.253118 0.830622 -17.594311 0.000001 22.037369 7.501087 -0.000002 -0.000003 0.000001 -4.569970 11.014904 -2.160883 0.921821 12.326575 8.077315 -57.019714 17.288906 35.140719 -0.000048 102.896574 0.000060 -24.870418 -8.858836 0.813406 -2.464796 -1.573954 2.681843 -3.957287 -16.952383 -15.272038 4.886092 -14.854304 -0.578672 -1.560142 0.883056 -1.926122 0.000006 -0.000003 0.000000 -9.108282 -0.517875 2.259834 0.000485 -0.084509 0.539435 0.085716 -1.071883 9.073231 0.107679 -1.231943 10.078827 -0.000000 0.000001 -0.000004 -9.532511 -0.000049 -0.000022 0.071897 -1.000994 7.770751 0.147319 -1.369691 12.123027 0.188404 -1.650735 13.365727 -0.000001 0.000000 0.000007 -9.103573 -0.043058 -1.865142 0.270255 -1.923420 16.141887 0.273740 -1.953420 16.036979 0.318436 -2.076630 17.205745 -0.000001 0.000002 0.000001 -8.076687 -0.486699 -3.806282 0.563590 -2.747649 23.678106 0.309755 -2.121620 18.463562 0.396173 -2.476340 20.230803 -0.000004 -0.000003 -0.000009 4.570446 11.014716 -2.160854 0.655700 -5.327508 -5.640260 -4.016583 -20.186283 -65.381098 -0.000030 -17.786340 -0.000032 35.129353 8.104163 5.113483 2.466128 -1.576194 2.681739 -3.599485 18.297682 14.126168 4.185343 14.320371 1.150412 -0.821911 0.916481 2.391518 -0.000001 0.000003 0.000002 9.109293 -0.518040 2.259870 0.044413 0.782352 -6.539352 0.002662 0.197081 -1.533803 0.002473 0.177471 -1.533807 0.000000 -0.000000 -0.000001 9.533395 0.000030 0.000044 0.079535 1.045720 -8.729404 0.073021 1.005707 -8.343975 0.067935 0.968155 -8.029716 -0.000001 -0.000001 -0.000001 9.104531 -0.043031 -1.865072 0.120515 1.285181 -10.707692 0.268603 1.907388 -16.019251 0.271325 1.916714 -16.099794 0.000001 0.000001 0.000001 8.077780 -0.486871 -3.806259 1.098655 5.710019 -12.274318 0.599789 -1.484782 -22.701278 0.590343 2.591605 -22.233570 0.000002 -0.000002 -0.000001 -8.207786 -6.751684 -1.599560 -13.295415 15.803278 -7.665517 67.832986 -9.339701 -9.849132 13.343184 -9.114448 0.700809 -21.837575 -0.047291 2.011028 -0.000001 -0.000001 -0.000000 8.207790 -6.751724 -1.599555 -9.138782 -11.583583 -18.338974 37.044808 -8.556898 3.234318 -18.998745 -2.746953 1.466006 -1.572380 -0.000002 -0.000000 -0.000000 0.000000 0.000000 
15.566920 97.048561 18.105528 -11.996720 28.484968 17.785632 -0.000006 10.181583 0.131523 -1.092339 15.126992 0.830895 8.364676 1.724711 -3.526051 8.448773 1.749775 -3.298716 0.000002 16.740396 -2.049035 1.619715 -1.972164 2.631092 -0.000002 9.617898 1.685006 -5.806330 -1.605873 -17.005778 0.000004 22.037354 7.501092 -0.000001 -0.000002 -0.000001 -4.569965 11.014901 -2.160884 0.930534 11.401517 7.348270 -58.495687 19.392517 35.802486 -0.000063 104.286415 0.000039 -28.313299 -9.874735 2.038976 -2.464797 -1.573975 2.681850 -3.957289 -16.952376 -15.272047 4.886097 -14.854311 -0.578677 -1.560141 0.883057 -1.926109 0.000003 -0.000010 -0.000004 -9.108263 -0.517874 2.259831 0.001620 -0.151378 1.088212 0.088349 -1.088438 9.210911 0.109140 -1.240200 10.147695 0.000006 0.000001 0.000004 -9.532514 -0.000047 -0.000021 0.081460 -1.064875 8.300930 0.150929 -1.386867 12.267160 0.189978 -1.657389 13.421891 0.000000 0.000005 0.000001 -9.103590 -0.043075 -1.865132 0.288375 -1.985503 16.673187 0.277776 -1.967343 16.155948 0.319958 -2.081513 17.247826 -0.000001 0.000005 -0.000003 -8.076683 -0.486702 -3.806278 0.590336 -2.809191 24.229948 0.312283 -2.129743 18.533363 0.397584 -2.480345 20.265726 -0.000005 0.000001 -0.000008 4.570448 11.014717 -2.160855 0.646891 -5.268900 -5.965355 -4.973643 -18.585833 -64.749394 -0.000025 -16.660447 -0.000006 35.815333 6.994280 5.157034 2.466136 -1.576204 2.681735 -3.599486 18.297677 14.126180 4.185348 14.320377 1.150405 -0.821911 0.916476 2.391516 -0.000001 0.000005 -0.000003 9.109293 -0.518039 2.259870 0.056347 0.880852 -7.361723 0.003822 0.235033 -1.848512 0.003580 0.215438 -1.848501 -0.000000 0.000000 -0.000003 9.533402 0.000028 0.000045 0.094665 1.140219 -9.522693 0.078711 1.043912 -8.664171 0.072750 1.001486 -8.308873 -0.000000 0.000001 -0.000000 9.104541 -0.043032 -1.865073 0.138940 1.379043 -11.500773 0.278092 1.940083 -16.301580 0.279356 1.944392 -16.338813 -0.000001 0.000003 -0.000000 8.077795 -0.486866 -3.806260 1.181539 5.792766 -13.101513 0.610452 -1.461493 -22.913085 0.600761 2.615000 -22.446145 0.000000 0.000001 -0.000001 -8.207787 -6.751662 -1.599560 -13.073441 16.393762 -7.554823 68.750649 -8.791528 -9.842864 14.224170 -5.000042 1.569539 -20.607046 -0.008159 0.822351 0.000001 0.000005 -0.000002 8.207794 -6.751693 -1.599555 -10.991215 -11.465740 -18.187390 37.069076 -8.199663 3.749503 -18.222347 -8.437678 0.486959 -2.475191 0.000001 -0.000000 0.000000 0.000000 -0.000000 
15.433694 96.945824 18.246511 -11.777702 35.248957 19.129295 -0.000002 10.181589 0.131519 -1.470013 15.619760 -0.547167 7.986738 1.711109 -4.031742 8.081964 1.762739 -3.811446 0.000003 16.740370 -2.049033 1.748067 -2.374666 3.061803 -0.000003 9.617889 1.685010 -5.661729 -3.403441 -16.113326 0.000004 22.037354 7.501093 -0.000001 0.000001 -0.000001 -4.569969 11.014884 -2.160884 0.939966 11.253042 7.031837 -60.091984 21.849082 36.722727 0.000004 105.404647 -0.000007 -29.736212 -10.217922 3.462904 -2.464827 -1.573958 2.681854 -3.957288 -16.952379 -15.272038 4.886097 -14.854312 -0.578678 -1.560140 0.883061 -1.926117 0.000004 -0.000003 0.000004 -9.108294 -0.517863 2.259834 0.002694 -0.194856 1.445073 0.091022 -1.104952 9.348181 0.110633 -1.248434 10.216339 -0.000002 0.000001 -0.000002 -9.532509 -0.000044 -0.000024 0.089078 -1.113183 8.702393 0.154909 -1.405500 12.423504 0.191940 -1.665556 13.490854 0.000000 -0.000002 -0.000001 -9.103601 -0.043075 -1.865133 0.304982 -2.040640 17.146336 0.283269 -1.986122 16.316770 0.322452 -2.089442 17.315971 0.000002 0.000002 -0.000001 -8.076694 -0.486692 -3.806277 0.617588 -2.870294 24.780169 0.317277 -2.145757 18.671178 0.400390 -2.488257 20.334641 0.000001 0.000010 -0.000002 4.570448 11.014695 -2.160852 0.632140 -4.855952 -6.126733 -6.240812 -16.987053 -64.166110 -0.000026 -15.030338 -0.000009 35.927048 5.806132 5.697299 2.466148 -1.576192 2.681735 -3.599482 18.297672 14.126184 4.185347 14.320375 1.150413 -0.821909 0.916481 2.391511 -0.000002 0.000000 0.000001 9.109313 -0.518035 2.259871 0.065298 0.947915 -7.922466 0.005194 0.273036 -2.163590 0.004901 0.253435 -2.163575 -0.000000 0.000000 0.000000 9.533408 0.000030 0.000045 0.107376 1.213782 -10.141547 0.085025 1.084517 -9.004781 0.078326 1.038949 -8.622822 -0.000000 -0.000001 0.000001 9.104548 -0.043034 -1.865073 0.156716 1.463570 -12.216914 0.289948 1.980125 -16.648038 0.290064 1.980544 -16.651593 0.000000 0.000002 0.000001 8.077809 -0.486848 -3.806257 1.265751 5.874432 -13.930033 0.626402 -1.427024 -23.227308 0.616398 2.649635 -22.761491 -0.000000 0.000002 0.000007 -8.207783 -6.751667 -1.599564 -12.687110 16.910997 -7.875022 69.502864 -8.349475 -9.836399 15.377551 -1.850372 1.792351 -20.138505 0.000027 0.000003 0.000001 0.000002 0.000001 8.207797 -6.751697 -1.599556 -13.049987 -11.203523 -18.410205 37.650188 -7.970605 4.156667 -19.098606 -12.303355 -0.604251 -3.515627 -0.000001 -0.000001 -0.000000 0.000000 -0.000000 
15.205246 96.755669 18.462494 -11.708470 41.427905 20.758301 -0.000006 10.181580 0.131517 -1.840437 15.814297 -1.724043 7.971193 1.619361 -4.898537 8.086201 1.699357 -4.680650 0.000001 16.740381 -2.049031 1.755246 -2.683129 3.513401 0.000004 9.617878 1.685012 -5.919285 -4.797032 -14.907127 0.000002 22.037369 7.501092 0.000000 -0.000000 -0.000001 -4.569969 11.014926 -2.160881 0.945719 11.515741 7.146336 -61.670393 24.720705 37.865332 0.000011 106.357725 -0.000058 -28.719743 -9.895355 5.320717 -2.464811 -1.573977 2.681860 -3.957289 -16.952390 -15.272040 4.886096 -14.854307 -0.578675 -1.560136 0.883054 -1.926115 -0.000001 -0.000002 0.000002 -9.108285 -0.517886 2.259844 0.003073 -0.207890 1.551918 0.092784 -1.115689 9.437456 0.111592 -1.253774 10.260998 0.000003 -0.000006 0.000002 -9.532514 -0.000056 -0.000011 0.092564 -1.134527 8.879822 0.157736 -1.418707 12.534450 0.193473 -1.671931 13.544724 0.000000 0.000004 0.000001 -9.103597 -0.043083 -1.865122 0.314701 -2.072121 17.416888 0.287898 -2.001821 16.451107 0.324754 -2.096697 17.378653 0.000000 -0.000002 -0.000004 -8.076676 -0.486739 -3.806269 0.635644 -2.909917 25.138096 0.322289 -2.161711 18.808625 0.403192 -2.496136 20.403378 0.000001 0.000002 0.000003 4.570447 11.014701 -2.160853 0.620215 -4.390855 -5.959803 -7.588698 -15.494159 -63.599026 -0.000017 -13.545307 -0.000015 35.991921 4.719229 6.169192 2.466136 -1.576220 2.681736 -3.599495 18.297691 14.126163 4.185346 14.320374 1.150412 -0.821908 0.916479 2.391510 0.000000 0.000000 -0.000005 9.109314 -0.518031 2.259872 0.069603 0.978602 -8.179298 0.006248 0.298945 -2.378489 0.005948 0.279348 -2.378487 -0.000000 -0.000000 0.000001 9.533408 0.000034 0.000046 0.114652 1.253916 -10.479711 0.089941 1.115161 -9.261994 0.082861 1.068373 -8.869645 0.000001 0.000000 0.000002 9.104527 -0.043026 -1.865072 0.168445 1.516705 -12.668088 0.300458 2.014892 -16.949408 0.300002 2.013429 -16.936625 0.000001 -0.000001 0.000002 8.077806 -0.486866 -3.806257 1.323873 5.929421 -14.495260 0.642553 -1.392572 -23.542021 0.632265 2.684218 -23.077346 0.000001 -0.000001 0.000008 -8.207788 -6.751674 -1.599562 -11.975745 17.205067 -8.562172 70.313403 -6.132034 -9.845092 15.853696 -0.720569 1.793620 -20.173927 0.000001 0.000011 0.000002 0.000002 0.000000 8.207790 -6.751706 -1.599559 -15.202980 -11.206289 -19.168796 38.159639 -7.905253 4.536778 -19.821607 -13.453515 -1.675874 -4.377221 -0.000000 -0.000004 0.000001 -0.000000 -0.000000 
14.786786 96.516029 18.677654 -11.840787 47.363510 22.224809 -0.000008 10.181590 0.131516 -2.178073 15.808813 -2.362870 8.196892 1.485323 -5.989439 8.338036 1.591107 -5.769658 -0.000003 16.740396 -2.049034 1.748313 -2.980463 4.015235 0.000001 9.617905 1.685009 -6.366553 -6.106475 -13.630137 0.000004 22.037369 7.501097 0.000000 -0.000002 0.000001 -4.569966 11.014926 -2.160883 0.929416 11.454379 7.417437 -62.805345 28.243401 39.421963 -0.000004 107.181412 0.000043 -25.976114 -9.168349 7.581067 -2.464804 -1.573992 2.681855 -3.957289 -16.952381 -15.272055 4.886096 -14.854309 -0.578666 -1.560137 0.883061 -1.926119 -0.000001 0.000002 0.000007 -9.108279 -0.517888 2.259833 0.002743 -0.196487 1.458380 0.093322 -1.118896 9.464229 0.111884 -1.255378 10.274391 -0.000001 -0.000004 -0.000003 -9.532492 -0.000061 -0.000021 0.091952 -1.130840 8.849092 0.158848 -1.423770 12.577043 0.194187 -1.674917 13.569959 -0.000001 -0.000005 -0.000000 -9.103595 -0.043085 -1.865130 0.316271 -2.077211 17.460661 0.290339 -2.010028 16.521365 0.326128 -2.101030 17.415937 0.000001 -0.000002 0.000001 -8.076678 -0.486724 -3.806277 0.641100 -2.921769 25.245409 0.325586 -2.172083 18.898029 0.405017 -2.501257 20.448120 0.000002 -0.000000 0.000003 4.570446 11.014714 -2.160855 0.615736 -4.222837 -5.582310 -8.676768 -14.133366 -63.017204 -0.000019 -12.964421 -0.000010 36.322126 4.021963 6.026010 2.466136 -1.576216 2.681736 -3.599495 18.297689 14.126181 4.185340 14.320369 1.150406 -0.821907 0.916478 2.391519 0.000003 0.000003 0.000000 9.109298 -0.518035 2.259871 0.072044 0.995509 -8.320900 0.006758 0.310817 -2.476936 0.006436 0.291222 -2.476928 -0.000001 0.000001 0.000001 9.533398 0.000027 0.000045 0.118424 1.274182 -10.650641 0.092668 1.131795 -9.401735 0.085392 1.084474 -9.004740 -0.000001 0.000000 -0.000001 9.104536 -0.043033 -1.865073 0.174143 1.541849 -12.881879 0.307032 2.036289 -17.135111 0.306373 2.034237 -17.117151 -0.000001 0.000001 0.000002 8.077785 -0.486873 -3.806258 1.350676 5.954430 -14.754247 0.653685 -1.369125 -23.756769 0.643183 2.707776 -23.292856 -0.000001 0.000001 -0.000001 -8.207788 -6.751678 -1.599562 -11.292172 16.742885 -9.173102 71.086519 -2.315664 -9.867049 14.902990 -0.781316 1.267665 -19.901749 0.000011 -0.000002 0.000005 0.000001 0.000000 8.207792 -6.751709 -1.599555 -17.435492 -11.449360 -19.768948 38.384919 -7.930086 4.749148 -18.723222 -13.377355 -2.377466 -4.857015 0.000001 -0.000004 0.000000 0.000000 0.000000 
14.106910 96.163864 18.865543 -12.409633 53.400635 23.319816 -0.000003 10.181583 0.131524 -2.467442 15.556874 -2.382276 8.465700 1.337035 -7.025246 8.631193 1.460669 -6.804691 -0.000002 16.740404 -2.049035 1.825537 -3.296393 4.545670 -0.000001 9.617867 1.685008 -6.703808 -7.431061 -12.568125 -0.000001 22.037354 7.501099 0.000001 -0.000000 0.000001 -4.569971 11.014898 -2.160885 0.897666 10.717288 7.574640 -63.100518 32.458825 41.613102 -0.000049 107.828217 0.000077 -22.515392 -8.448440 10.139730 -2.464796 -1.573969 2.681846 -3.957290 -16.952386 -15.272049 4.886094 -14.854302 -0.578671 -1.560144 0.883061 -1.926113 0.000003 -0.000002 0.000000 -9.108286 -0.517873 2.259833 0.002252 -0.178157 1.307954 0.092852 -1.116097 9.440892 0.111630 -1.253975 10.262692 -0.000001 -0.000002 -0.000000 -9.532513 -0.000038 -0.000025 0.089444 -1.115411 8.720843 0.158451 -1.421939 12.561794 0.194111 -1.674631 13.567343 0.000001 -0.000002 -0.000000 -9.103592 -0.043069 -1.865134 0.312406 -2.064753 17.353474 0.290512 -2.010544 16.526025 0.326396 -2.101890 17.423469 -0.000002 -0.000003 -0.000002 -8.076698 -0.486710 -3.806279 0.636338 -2.911422 25.151758 0.326569 -2.175189 18.924878 0.405566 -2.502790 20.461548 0.000001 0.000000 -0.000006 4.570444 11.014716 -2.160854 0.626235 -4.473856 -5.303961 -9.140167 -12.884296 -62.411298 -0.000016 -13.905262 -0.000010 36.784995 4.142247 4.908902 2.466128 -1.576207 2.681734 -3.599505 18.297677 14.126165 4.185344 14.320376 1.150407 -0.821912 0.916481 2.391515 -0.000001 0.000002 0.000002 9.109302 -0.518041 2.259868 0.076808 1.027678 -8.590505 0.007055 0.317348 -2.531172 0.006721 0.297768 -2.531196 0.000005 0.000001 -0.000000 9.533412 0.000029 0.000041 0.123410 1.300509 -10.872789 0.094231 1.141149 -9.480403 0.086649 1.092407 -9.071266 0.000000 -0.000000 0.000001 9.104539 -0.043032 -1.865076 0.178876 1.562380 -13.056585 0.310311 2.046934 -17.227504 0.309403 2.043968 -17.201765 0.000002 -0.000002 -0.000001 8.077792 -0.486852 -3.806261 1.365503 5.968149 -14.896964 0.658813 -1.358397 -23.855139 0.648223 2.718548 -23.391625 0.000004 -0.000001 0.000005 -8.207784 -6.751671 -1.599556 -10.825779 15.216519 -9.335059 71.617730 1.542008 -9.882771 11.999062 -0.756098 -0.285760 -19.146661 -0.000010 -0.000012 0.000003 0.000000 0.000001 8.207794 -6.751708 -1.599553 -19.838722 -11.911350 -19.792795 38.854153 -7.997691 4.859330 -16.414903 -14.266496 -2.842107 -4.946697 -0.000002 -0.000004 0.000000 -0.000000 -0.000000 
13.250649 95.565453 19.098276 -13.554268 59.395953 24.372243 -0.000004 10.181592 0.131521 -2.720881 15.051541 -2.142075 8.678102 1.196293 -7.695143 8.856174 1.330526 -7.478567 0.000002 16.740385 -2.049034 1.997562 -3.606147 5.062089 0.000002 9.617887 1.685007 -6.837561 -8.649356 -11.872780 0.000007 22.037338 7.501093 0.000002 0.000000 -0.000002 -4.569970 11.014910 -2.160884 0.865159 9.713408 7.595413 -62.388403 36.981448 44.381968 0.000012 108.240999 -0.000014 -18.617895 -8.074589 12.982297 -2.464803 -1.573981 2.681853 -3.957287 -16.952388 -15.272055 4.886095 -14.854304 -0.578670 -1.560139 0.883061 -1.926115 0.000001 -0.000003 0.000002 -9.108283 -0.517869 2.259834 0.002276 -0.179332 1.317399 0.092112 -1.111575 9.403263 0.111218 -1.251708 10.243872 0.000001 -0.000001 -0.000004 -9.532515 -0.000057 -0.000024 0.088688 -1.110800 8.682477 0.157562 -1.417872 12.527447 0.193615 -1.672560 13.549904 0.000002 -0.000005 0.000003 -9.103608 -0.043085 -1.865131 0.308885 -2.053391 17.255655 0.289371 -2.006752 16.493438 0.325897 -2.100307 17.409753 0.000000 -0.000003 0.000000 -8.076681 -0.486715 -3.806278 0.628692 -2.894772 25.000922 0.325706 -2.172482 18.901509 0.405082 -2.501462 20.449872 -0.000001 -0.000001 -0.000000 4.570446 11.014740 -2.160855 0.645761 -4.972548 -5.384952 -8.738060 -11.782876 -61.823232 -0.000019 -16.595295 -0.000006 37.029529 5.460333 2.775881 2.466132 -1.576206 2.681735 -3.599499 18.297696 14.126183 4.185342 14.320369 1.150411 -0.821911 0.916485 2.391522 -0.000002 -0.000000 -0.000006 9.109294 -0.518051 2.259869 0.086101 1.087639 -9.093386 0.007622 0.329800 -2.634386 0.007276 0.310201 -2.634382 -0.000001 0.000000 0.000001 9.533407 0.000033 0.000043 0.133039 1.349769 -11.288790 0.096413 1.154199 -9.590123 0.088269 1.102498 -9.155968 0.000001 0.000001 0.000002 9.104527 -0.043036 -1.865076 0.187977 1.601055 -13.386015 0.313424 2.056891 -17.313980 0.311764 2.051636 -17.268393 0.000001 0.000001 0.000000 8.077782 -0.486863 -3.806258 1.393801 5.994170 -15.168510 0.661635 -1.352483 -23.909318 0.651013 2.724479 -23.446016 0.000001 0.000002 0.000006 -8.207785 -6.751663 -1.599562 -10.394342 12.758327 -9.244644 71.774148 4.284383 -9.885338 7.150822 -0.492282 -2.300608 -18.105302 0.000045 -0.000006 0.000002 -0.000001 0.000001 8.207795 -6.751699 -1.599554 -22.641181 -12.331726 -19.744935 40.813570 -8.055728 5.414854 -16.675222 -16.513919 -3.804534 -4.625310 -0.000000 -0.000001 0.000000 -0.000002 -0.000000 
12.297536 94.600517 19.468441 -15.070471 64.843992 25.539075 -0.000006 10.181573 0.131521 -2.875806 14.396444 -2.147287 8.845386 1.084049 -7.795010 9.018431 1.225923 -7.586444 -0.000003 16.740408 -2.049034 2.184369 -3.872475 5.526585 0.000000 9.617897 1.685010 -7.049893 -9.616517 -11.528909 0.000005 22.037354 7.501092 -0.000000 0.000001 0.000000 -4.569972 11.014931 -2.160884 0.845666 9.154214 7.632850 -60.707500 41.151080 47.303619 -0.000012 108.420517 -0.000024 -13.647672 -8.022832 16.101512 -2.464796 -1.573975 2.681852 -3.957288 -16.952391 -15.272049 4.886098 -14.854311 -0.578677 -1.560140 0.883063 -1.926118 0.000003 -0.000008 0.000004 -9.108284 -0.517845 2.259840 0.003591 -0.224726 1.690277 0.092152 -1.111846 9.405567 0.111247 -1.251854 10.245045 -0.000001 -0.000001 -0.000001 -9.532497 -0.000060 -0.000022 0.093647 -1.141100 8.934396 0.157701 -1.418491 12.532746 0.193364 -1.671526 13.541248 -0.000000 -0.000003 0.000004 -9.103582 -0.043067 -1.865128 0.313101 -2.066979 17.372694 0.288764 -2.004710 16.475910 0.325338 -2.098550 17.394550 -0.000002 -0.000002 0.000000 -8.076674 -0.486695 -3.806269 0.629166 -2.895780 25.010240 0.324319 -2.168117 18.863830 0.404318 -2.499305 20.431025 0.000001 -0.000000 -0.000002 4.570447 11.014726 -2.160854 0.656433 -5.450654 -5.842528 -7.484111 -11.013953 -61.356785 -0.000022 -20.716594 -0.000001 36.850722 8.029301 0.000121 2.466144 -1.576192 2.681733 -3.599487 18.297679 14.126197 4.185344 14.320379 1.150401 -0.821911 0.916478 2.391521 -0.000002 0.000000 -0.000003 9.109305 -0.518041 2.259868 0.098789 1.164486 -9.739019 0.008767 0.353006 -2.826951 0.008381 0.333413 -2.826950 0.000002 -0.000001 0.000001 9.533407 0.000030 0.000042 0.147068 1.418378 -11.869404 0.100342 1.177228 -9.783788 0.091402 1.121698 -9.317188 -0.000001 -0.000000 0.000002 9.104541 -0.043033 -1.865076 0.203016 1.662885 -13.913704 0.319088 2.074992 -17.471462 0.316327 2.066243 -17.395298 -0.000001 -0.000002 0.000000 8.077793 -0.486853 -3.806260 1.446926 6.042332 -15.675178 0.667047 -1.341254 -24.012336 0.656307 2.735748 -23.549386 -0.000002 0.000003 0.000002 -8.207789 -6.751672 -1.599562 -9.920926 9.678265 -9.103452 71.432686 5.197450 -9.890559 1.131741 -0.052779 -3.387802 -17.758973 0.000005 -0.000009 0.000000 -0.000000 -0.000000 8.207791 -6.751710 -1.599553 -25.683070 -12.078884 -19.932502 43.902759 -8.066929 6.589558 -17.599229 -19.214645 -4.802972 -4.039263 0.000006 -0.000001 0.000001 -0.000004 -0.000000 
11.157161 93.449570 19.994558 -16.730161 69.376888 26.573274 -0.000005 10.181586 0.131519 -2.747070 13.679557 -2.595467 9.030517 1.009319 -7.320754 9.182428 1.157396 -7.121667 -0.000004 16.740376 -2.049034 2.238547 -4.077171 5.920230 0.000002 9.617887 1.685009 -7.884701 -10.292000 -11.425538 0.000005 22.037384 7.501094 -0.000001 0.000001 0.000000 -4.569972 11.014904 -2.160882 0.843384 9.261186 7.775780 -58.248379 44.449543 49.823378 -0.000021 108.419732 0.000020 -6.949411 -7.852113 19.288420 -2.464797 -1.573987 2.681851 -3.957289 -16.952374 -15.272042 4.886097 -14.854312 -0.578678 -1.560136 0.883057 -1.926117 0.000004 -0.000002 0.000002 -9.108273 -0.517861 2.259839 0.007390 -0.321638 2.486095 0.094002 -1.123046 9.498738 0.112258 -1.257436 10.291632 -0.000000 0.000001 -0.000001 -9.532504 -0.000062 -0.000019 0.106870 -1.218211 9.576835 0.160311 -1.430524 12.633723 0.194127 -1.674693 13.568118 -0.000001 -0.000001 0.000003 -9.103593 -0.043068 -1.865127 0.330866 -2.123365 17.858452 0.290775 -2.011459 16.533866 0.325699 -2.099725 17.404579 0.000001 0.000000 -0.000001 -8.076685 -0.486694 -3.806270 0.648169 -2.937002 25.383729 0.324406 -2.168396 18.866108 0.404361 -2.499409 20.432163 -0.000002 -0.000000 -0.000004 4.570442 11.014722 -2.160853 0.654418 -5.778971 -6.441139 -5.657667 -10.898614 -61.128042 -0.000035 -25.472890 0.000003 36.333191 11.404555 -2.755264 2.466144 -1.576205 2.681731 -3.599505 18.297684 14.126190 4.185347 14.320380 1.150410 -0.821905 0.916474 2.391520 0.000002 0.000005 -0.000005 9.109318 -0.518042 2.259867 0.111040 1.234100 -10.324990 0.010324 0.382801 -3.074232 0.009910 0.363224 -3.074251 -0.000003 0.000000 -0.000000 9.533396 0.000027 0.000042 0.161839 1.487134 -12.452592 0.105677 1.207768 -10.040723 0.095900 1.148833 -9.545223 -0.000002 0.000001 0.000001 9.104535 -0.043031 -1.865076 0.220939 1.733655 -14.519198 0.327766 2.102360 -17.709588 0.323833 2.089965 -17.601679 -0.000004 -0.000000 0.000001 8.077791 -0.486853 -3.806261 1.515772 6.103504 -16.325957 0.677176 -1.320353 -24.204594 0.666246 2.756758 -23.742352 -0.000002 0.000003 0.000005 -8.207785 -6.751666 -1.599563 -9.339300 6.104752 -8.635046 70.157989 4.523109 -9.894548 -4.985478 0.252294 -2.911636 -18.764483 -0.000004 -0.000011 0.000002 0.000000 -0.000000 8.207790 -6.751708 -1.599557 -28.395067 -10.619051 -19.800811 47.415252 -8.046314 8.434145 -18.797405 -21.612276 -5.875065 -3.687115 0.000003 -0.000003 0.000000 0.000001 0.000000 
9.665385 92.429131 20.609575 -18.827509 73.062376 27.576378 -0.000004 10.181595 0.131518 -2.207448 12.853024 -3.255691 9.329162 0.956422 -6.429473 9.450270 1.107867 -6.240144 0.000005 16.740377 -2.049036 1.968532 -4.226633 6.247446 0.000002 9.617887 1.685009 -9.765126 -10.730212 -11.435607 0.000008 22.037323 7.501095 0.000000 -0.000000 0.000001 -4.569968 11.014916 -2.160883 0.844228 9.558868 7.952083 -55.391342 46.805145 51.630158 -0.000004 108.286338 -0.000008 1.119601 -7.126105 21.954871 -2.464804 -1.573992 2.681850 -3.957288 -16.952383 -15.272047 4.886095 -14.854304 -0.578674 -1.560138 0.883061 -1.926116 0.000006 -0.000010 -0.000001 -9.108281 -0.517880 2.259841 0.014489 -0.449919 3.540296 0.098006 -1.146950 9.697706 0.114434 -1.269376 10.391098 -0.000001 -0.000000 0.000003 -9.532516 -0.000061 -0.000021 0.127798 -1.330907 10.517608 0.165980 -1.456259 12.850021 0.196357 -1.683888 13.645738 -0.000000 0.000001 0.000001 -9.103593 -0.043084 -1.865129 0.362908 -2.221166 18.703986 0.296774 -2.031438 16.705277 0.327800 -2.106332 17.461486 0.000001 0.000001 0.000006 -8.076694 -0.486729 -3.806270 0.689655 -3.024699 26.181384 0.327848 -2.179193 18.959301 0.406270 -2.504771 20.478746 -0.000001 -0.000001 0.000003 4.570448 11.014727 -2.160856 0.651227 -6.014496 -6.859219 -3.683068 -11.750884 -61.189008 -0.000019 -29.889929 -0.000003 35.779195 14.754363 -4.932264 2.466128 -1.576216 2.681739 -3.599497 18.297686 14.126184 4.185337 14.320375 1.150407 -0.821908 0.916483 2.391521 -0.000003 -0.000003 -0.000006 9.109304 -0.518035 2.259870 0.118614 1.275113 -10.670764 0.011857 0.409856 -3.298732 0.011419 0.390264 -3.298702 0.000004 -0.000001 0.000001 9.533412 0.000032 0.000045 0.172521 1.534806 -12.857661 0.110960 1.237136 -10.288150 0.100585 1.176345 -9.776627 0.000002 0.000001 -0.000001 9.104516 -0.043027 -1.865074 0.236139 1.791291 -15.013572 0.337436 2.132343 -17.970984 0.332613 2.117446 -17.841098 0.000001 0.000000 0.000003 8.077801 -0.486871 -3.806258 1.578872 6.158365 -16.916866 0.690312 -1.293539 -24.451529 0.679141 2.783689 -23.990249 -0.000000 0.000004 -0.000003 -8.207785 -6.751669 -1.599563 -8.456140 2.003271 -7.506506 67.448029 2.898019 -9.891517 -10.606936 0.259149 -1.527302 -21.473609 -0.012404 1.105422 0.000001 0.000000 -0.000000 8.207792 -6.751703 -1.599565 -30.501907 -8.480902 -18.651361 50.371528 -8.106939 10.337443 -19.693146 -24.013289 -6.986741 -4.088240 0.000002 -0.000002 0.000000 0.000002 -0.000000 
7.734559 91.660721 21.257030 -21.950404 76.293350 29.120389 -0.000001 10.181581 0.131520 -1.429289 11.799323 -3.762391 9.848979 0.899027 -5.284787 9.936068 1.050045 -5.106293 -0.000001 16.740395 -2.049033 1.214521 -4.346219 6.521480 0.000000 9.617867 1.685009 -12.657644 -11.042197 -11.471454 0.000000 22.037338 7.501095 0.000000 0.000001 0.000000 -4.569970 11.014894 -2.160881 0.837299 9.471071 8.045976 -52.670604 48.532613 52.807669 0.000062 108.029673 -0.000090 9.245009 -5.969357 23.300854 -2.464808 -1.573985 2.681849 -3.957290 -16.952381 -15.272049 4.886097 -14.854304 -0.578680 -1.560137 0.883059 -1.926113 0.000003 -0.000005 0.000000 -9.108282 -0.517869 2.259837 0.022920 -0.565547 4.491635 0.103440 -1.178603 9.961324 0.117352 -1.285164 10.522929 -0.000001 -0.000001 -0.000001 -9.532509 -0.000042 -0.000022 0.150777 -1.444182 11.466491 0.173762 -1.490862 13.141398 0.199789 -1.698013 13.765020 0.000000 0.000000 0.000004 -9.103598 -0.043084 -1.865130 0.402183 -2.334813 19.692021 0.306326 -2.062871 16.975049 0.331701 -2.118534 17.566883 0.000000 -0.000002 -0.000005 -8.076699 -0.486704 -3.806271 0.746493 -3.139933 27.238497 0.335243 -2.202290 19.158373 0.410352 -2.516173 20.578344 0.000001 -0.000002 -0.000005 4.570446 11.014717 -2.160855 0.656311 -6.270674 -6.908506 -1.957977 -13.692487 -61.509822 -0.000044 -33.177658 -0.000028 35.599427 17.237036 -6.400020 2.466140 -1.576206 2.681738 -3.599487 18.297679 14.126204 4.185347 14.320374 1.150410 -0.821902 0.916479 2.391513 0.000001 0.000006 -0.000003 9.109306 -0.518033 2.259872 0.119732 1.281068 -10.721008 0.012823 0.425822 -3.431248 0.012350 0.406218 -3.431234 -0.000003 0.000000 -0.000000 9.533406 0.000027 0.000045 0.176192 1.550828 -12.993982 0.114496 1.256519 -10.451433 0.103952 1.195675 -9.939285 0.000002 0.000001 0.000000 9.104530 -0.043027 -1.865073 0.243903 1.819940 -15.259725 0.345087 2.155725 -18.175116 0.339954 2.140104 -18.038704 -0.000001 -0.000000 0.000002 8.077783 -0.486881 -3.806257 1.616416 6.190434 -17.265752 0.702316 -1.269230 -24.675786 0.690939 2.808089 -24.215309 -0.000004 -0.000001 -0.000003 -8.207784 -6.751677 -1.599559 -7.255131 -2.451581 -5.635359 63.408812 1.002337 -9.891979 -15.837725 0.077467 -0.204190 -24.255564 -0.073779 2.705606 -0.000001 0.000001 -0.000000 8.207793 -6.751702 -1.599560 -32.762761 -7.322342 -15.965118 52.405576 -8.616530 10.265811 -19.760347 -27.192773 -7.541250 -5.263804 0.000008 -0.000001 0.000000 0.000001 0.000000 
5.479742 91.175255 21.936279 -25.838344 79.425148 31.090007 -0.000007 10.181587 0.131521 -0.827852 10.521842 -3.962631 10.614315 0.833353 -3.944082 10.668093 0.981468 -3.778644 0.000002 16.740376 -2.049033 -0.019046 -4.470118 6.749317 0.000006 9.617887 1.685015 -16.101939 -11.373149 -11.515499 0.000004 22.037338 7.501097 0.000002 -0.000000 0.000002 -4.569970 11.014914 -2.160882 0.824089 8.969170 8.036054 -50.541593 50.012131 53.636635 0.000025 107.655536 -0.000044 16.248076 -4.969374 22.882285 -2.464808 -1.574000 2.681849 -3.957291 -16.952383 -15.272045 4.886094 -14.854306 -0.578679 -1.560136 0.883056 -1.926116 -0.000002 0.000000 -0.000001 -9.108292 -0.517883 2.259834 0.027160 -0.615484 4.902963 0.108478 -1.207139 10.199298 0.120008 -1.299425 10.641926 0.000000 -0.000004 -0.000001 -9.532512 -0.000055 -0.000025 0.165149 -1.510524 12.024052 0.181144 -1.522952 13.411714 0.203432 -1.712835 13.890478 -0.000000 -0.000003 0.000006 -9.103601 -0.043095 -1.865134 0.433678 -2.421626 20.450980 0.316827 -2.096805 17.266911 0.336476 -2.133409 17.695147 -0.000001 -0.000003 -0.000002 -8.076707 -0.486741 -3.806277 0.799628 -3.243036 28.192921 0.345182 -2.232822 19.422263 0.415807 -2.531279 20.710322 -0.000001 -0.000002 -0.000002 4.570447 11.014726 -2.160853 0.671441 -6.595223 -6.646224 -0.731480 -16.573628 -62.036423 -0.000049 -34.927111 -0.000025 36.143654 18.368542 -7.350451 2.466136 -1.576214 2.681737 -3.599487 18.297677 14.126181 4.185341 14.320383 1.150409 -0.821914 0.916471 2.391515 -0.000001 0.000000 0.000000 9.109297 -0.518036 2.259870 0.116608 1.264445 -10.580762 0.012977 0.428140 -3.450582 0.012501 0.408562 -3.450572 0.000001 0.000001 -0.000000 9.533390 0.000032 0.000045 0.174071 1.541576 -12.915267 0.115513 1.262181 -10.499098 0.105158 1.202379 -9.995692 -0.000000 0.000002 -0.000003 9.104543 -0.043030 -1.865073 0.243657 1.819015 -15.251812 0.348610 2.166483 -18.269091 0.343712 2.151577 -18.138855 -0.000005 0.000004 0.000003 8.077808 -0.486873 -3.806259 1.621897 6.195094 -17.316649 0.709454 -1.254897 -24.808203 0.697965 2.822497 -24.348277 -0.000004 0.000001 0.000000 -8.207788 -6.751667 -1.599558 -6.065335 -6.190995 -3.346129 58.720666 -0.499454 -9.105692 -20.926475 -0.039413 0.349823 -25.834525 -0.144814 2.665736 0.000000 -0.000001 -0.000000 8.207793 -6.751703 -1.599558 -35.927225 -7.581508 -13.647712 54.085778 -9.020388 10.118742 -16.970443 -29.566014 -7.323389 -6.526563 0.000014 -0.000001 0.000000 0.000002 0.000000 
3.078100 91.054214 22.627975 -28.293574 82.583599 31.388486 -0.000006 10.181581 0.131520 -0.667513 9.214598 -3.923279 11.455460 0.789446 -2.406672 11.478787 0.932540 -2.256273 -0.000001 16.740419 -2.049037 -1.496499 -4.622957 6.937918 -0.000000 9.617907 1.685014 -19.535663 -11.840603 -11.597167 0.000005 22.037354 7.501099 0.000003 -0.000000 0.000001 -4.569972 11.014912 -2.160887 0.813636 8.523817 7.977938 -49.146947 51.413074 54.294868 -0.000042 107.228328 0.000027 21.912094 -4.504466 20.919367 -2.464808 -1.573971 2.681844 -3.957290 -16.952388 -15.272049 4.886092 -14.854299 -0.578675 -1.560138 0.883054 -1.926112 0.000002 -0.000007 -0.000001 -9.108284 -0.517854 2.259834 0.022407 -0.559234 4.439752 0.110690 -1.219495 10.302286 0.121171 -1.305589 10.693441 -0.000001 0.000000 -0.000001 -9.532506 -0.000043 -0.000024 0.160250 -1.488261 11.836799 0.184700 -1.538187 13.540123 0.205794 -1.722364 13.970941 -0.000000 0.000001 -0.000000 -9.103593 -0.043084 -1.865131 0.439522 -2.437333 20.588799 0.324045 -2.119794 17.464804 0.340384 -2.145460 17.799488 0.000001 -0.000001 0.000001 -8.076695 -0.486708 -3.806276 0.823153 -3.287383 28.606079 0.354280 -2.260363 19.660524 0.420767 -2.544910 20.829521 -0.000001 -0.000000 -0.000000 4.570444 11.014712 -2.160856 0.692269 -6.959226 -6.291226 -0.093238 -20.062743 -62.753435 -0.000077 -35.060748 -0.000035 37.445371 18.117490 -7.873134 2.466143 -1.576197 2.681735 -3.599508 18.297689 14.126172 4.185352 14.320376 1.150407 -0.821914 0.916480 2.391521 -0.000007 -0.000004 -0.000003 9.109315 -0.518033 2.259872 0.113841 1.249405 -10.453980 0.012564 0.421678 -3.396895 0.012110 0.402095 -3.396884 0.000001 -0.000001 0.000001 9.533419 0.000025 0.000045 0.170693 1.526723 -12.788938 0.114701 1.257707 -10.461513 0.104495 1.198792 -9.965467 0.000001 0.000002 -0.000003 9.104543 -0.043028 -1.865073 0.239501 1.803734 -15.120473 0.348207 2.165260 -18.258364 0.343653 2.151404 -18.137390 -0.000002 0.000000 0.000006 8.077799 -0.486863 -3.806255 1.606659 6.182156 -17.175325 0.710504 -1.252810 -24.827616 0.698994 2.824598 -24.367733 0.000002 -0.000003 0.000001 -8.207786 -6.751687 -1.599561 -5.429822 -8.048926 -0.678399 54.742952 -2.280355 -7.308973 -29.492111 -0.260523 0.966295 -19.180518 -0.000009 -0.000009 0.000000 -0.000000 -0.000000 8.207790 -6.751721 -1.599560 -39.671480 -9.113561 -12.026912 55.018789 -9.196778 10.088185 -11.565909 -29.683206 -6.319532 -8.398143 0.000008 -0.000003 0.000000 -0.000002 -0.000000 
0.517875 91.450623 23.255758 -23.128571 85.644002 24.103495 -0.000004 10.181580 0.131521 -0.712939 8.116106 -3.919796 12.031936 0.798105 -0.748329 12.029666 0.933342 -0.613788 0.000002 16.740393 -2.049037 -2.857656 -4.799746 7.108006 0.000001 9.617861 1.685017 -22.566663 -12.442241 -11.716811 0.000003 22.037338 7.501101 0.000001 -0.000001 0.000000 -4.569968 11.014933 -2.160886 0.815517 8.521775 7.912120 -48.338936 52.684302 54.741552 0.000022 106.879360 0.000001 26.707949 -4.471768 18.061441 -2.464803 -1.573975 2.681846 -3.957290 -16.952390 -15.272047 4.886097 -14.854299 -0.578677 -1.560137 0.883057 -1.926111 0.000003 -0.000010 -0.000003 -9.108273 -0.517870 2.259837 0.010916 -0.390747 3.053954 0.108205 -1.205649 10.186621 0.119866 -1.298654 10.635595 0.000000 0.000001 -0.000002 -9.532509 -0.000045 -0.000022 0.133797 -1.361453 10.773259 0.181663 -1.525183 13.430479 0.205433 -1.720900 13.958642 0.000001 0.000002 -0.000001 -9.103589 -0.043060 -1.865131 0.409352 -2.354884 19.867273 0.323749 -2.118848 17.456693 0.341461 -2.148811 17.828172 0.000002 0.000000 -0.000000 -8.076680 -0.486712 -3.806272 0.796759 -3.237581 28.142142 0.358256 -2.272294 19.763772 0.422915 -2.550806 20.881147 0.000000 -0.000000 0.000001 4.570447 11.014723 -2.160861 0.712090 -7.298348 -6.008134 -0.048050 -23.811113 -63.701438 -0.000038 -33.657758 -0.000010 39.134406 16.760864 -7.702619 2.466144 -1.576209 2.681734 -3.599482 18.297672 14.126187 4.185344 14.320374 1.150408 -0.821911 0.916483 2.391521 0.000004 0.000003 0.000002 9.109313 -0.518046 2.259870 0.114669 1.253885 -10.491825 0.012219 0.415824 -3.348296 0.011759 0.396230 -3.348286 -0.000003 -0.000000 -0.000001 9.533411 0.000033 0.000044 0.170356 1.525263 -12.776541 0.113630 1.251881 -10.412368 0.103454 1.192706 -9.914331 -0.000002 0.000000 -0.000001 9.104545 -0.043032 -1.865074 0.237194 1.795172 -15.046931 0.346135 2.158992 -18.203666 0.341708 2.145419 -18.085057 0.000002 -0.000000 -0.000004 8.077803 -0.486868 -3.806258 1.592897 6.170383 -17.047377 0.707615 -1.258596 -24.774051 0.696153 2.818779 -24.313947 -0.000000 -0.000004 -0.000012 -8.207787 -6.751665 -1.599561 -5.937767 -8.012048 2.048538 50.450280 -3.608664 -4.747594 -34.516084 -0.147125 0.577403 -11.460048 0.000042 0.000001 0.000000 -0.000001 -0.000000 8.207794 -6.751717 -1.599558 -43.059814 -10.879816 -10.686760 53.978842 -9.305435 10.086529 -5.402426 -29.737387 -5.439584 -11.875717 0.000015 -0.000006 0.000000 -0.000004 -0.000000 
-2.298005 92.413879 23.741022 16.491256 87.838698 -17.306658 -0.000006 10.181591 0.131522 -0.450552 7.322280 -4.042013 12.037139 0.850385 0.819651 12.015889 0.975600 0.938088 0.000001 16.740383 -2.049035 -3.837071 -4.971681 7.301300 0.000004 9.617866 1.685012 -25.009436 -13.051635 -11.806106 0.000004 22.037354 7.501097 0.000004 0.000001 0.000001 -4.569966 11.014918 -2.160888 0.828337 8.889960 7.862472 -47.971420 53.755296 54.871435 0.000064 106.728686 -0.000060 30.824640 -4.574993 14.959979 -2.464808 -1.573960 2.681848 -3.957288 -16.952384 -15.272045 4.886093 -14.854302 -0.578671 -1.560139 0.883061 -1.926112 0.000003 -0.000004 -0.000005 -9.108280 -0.517851 2.259837 0.001552 -0.148265 1.062720 0.100925 -1.164053 9.840207 0.116004 -1.277910 10.462378 -0.000000 -0.000001 -0.000002 -9.532507 -0.000040 -0.000022 0.095574 -1.152701 9.031179 0.171615 -1.481380 13.061571 0.201751 -1.705979 13.832567 -0.000001 0.000001 0.000002 -9.103593 -0.043087 -1.865133 0.349259 -2.180102 18.348584 0.313924 -2.087496 17.186658 0.338419 -2.139419 17.747067 -0.000001 -0.000002 0.000009 -8.076682 -0.486684 -3.806274 0.720109 -3.087109 26.752862 0.353807 -2.258935 19.648168 0.420514 -2.544210 20.823324 0.000000 -0.000003 0.000004 4.570446 11.014704 -2.160858 0.729209 -7.537904 -5.752749 -0.579382 -27.544054 -64.947558 -0.000021 -30.854587 -0.000004 40.683346 14.686753 -6.420745 2.466140 -1.576173 2.681736 -3.599482 18.297684 14.126167 4.185343 14.320373 1.150405 -0.821905 0.916471 2.391517 0.000000 -0.000001 -0.000003 9.109301 -0.518033 2.259871 0.118222 1.272949 -10.652562 0.012314 0.417565 -3.362739 0.011883 0.397981 -3.362761 -0.000002 -0.000000 0.000001 9.533406 0.000031 0.000044 0.173535 1.539206 -12.895133 0.113687 1.252149 -10.414616 0.103303 1.191927 -9.907738 -0.000000 -0.000001 0.000004 9.104537 -0.043011 -1.865074 0.239493 1.803662 -15.119853 0.345241 2.156256 -18.179763 0.340537 2.141876 -18.054201 -0.000000 -0.000002 -0.000001 8.077794 -0.486848 -3.806258 1.596992 6.173891 -17.085411 0.704988 -1.263857 -24.725471 0.693581 2.813505 -24.265202 0.000001 0.000001 -0.000001 -8.207786 -6.751660 -1.599561 -7.683556 -7.575022 4.289792 46.074096 -4.616418 -2.514482 -35.773321 0.101638 -0.100417 -6.270897 -0.000007 0.000003 0.000000 0.000000 -0.000000 8.207794 -6.751694 -1.599556 -45.446931 -11.660374 -9.435823 50.534203 -9.286068 10.101883 1.023707 -29.823464 -4.563025 -14.301648 0.000002 -0.000007 0.000000 -0.000003 -0.000000 
-5.318811 93.826370 24.074877 78.484338 86.748382 -80.595597 -0.000008 10.181585 0.131521 0.378994 6.792444 -4.187206 11.425806 0.904498 2.034208 11.392905 1.019646 2.136836 -0.000003 16.740408 -2.049036 -4.413428 -5.125466 7.575992 0.000000 9.617867 1.685010 -26.809918 -13.562314 -11.805039 0.000003 22.037354 7.501088 0.000001 -0.000001 0.000001 -4.569971 11.014913 -2.160884 0.838242 9.260051 7.892955 -48.197978 54.690172 54.783332 0.000009 106.778608 -0.000031 33.664312 -4.612185 11.985438 -2.464800 -1.573969 2.681853 -3.957290 -16.952388 -15.272045 4.886094 -14.854306 -0.578676 -1.560136 0.883056 -1.926113 0.000003 -0.000001 0.000002 -9.108285 -0.517871 2.259838 0.000710 0.101641 -0.987915 0.090902 -1.104254 9.342297 0.110573 -1.248093 10.213378 -0.000000 -0.000001 -0.000003 -9.532510 -0.000051 -0.000021 0.060158 -0.916384 7.069743 0.157118 -1.415792 12.509882 0.195452 -1.680204 13.614398 -0.000001 -0.000003 0.000002 -9.103591 -0.043088 -1.865133 0.279227 -1.954465 16.407439 0.296312 -2.029934 16.692289 0.331451 -2.117771 17.560017 0.000001 0.000001 -0.000003 -8.076674 -0.486728 -3.806273 0.616409 -2.867702 24.756608 0.340622 -2.218857 19.301558 0.413328 -2.524372 20.649964 0.000002 0.000004 0.000000 4.570449 11.014725 -2.160857 0.748563 -7.632628 -5.336993 -1.623599 -31.020407 -66.511993 0.000001 -26.908041 0.000001 41.740061 12.253769 -3.871469 2.466132 -1.576212 2.681734 -3.599491 18.297684 14.126188 4.185345 14.320377 1.150405 -0.821913 0.916469 2.391519 -0.000001 0.000006 -0.000005 9.109302 -0.518035 2.259869 0.119612 1.280446 -10.715780 0.012751 0.424977 -3.424282 0.012325 0.405393 -3.424270 0.000002 0.000001 0.000001 9.533405 0.000030 0.000043 0.175945 1.549776 -12.985061 0.114786 1.258166 -10.465325 0.104300 1.197508 -9.954663 -0.000001 -0.000001 0.000003 9.104539 -0.043031 -1.865075 0.243472 1.818343 -15.246017 0.346577 2.160304 -18.215153 0.341583 2.145079 -18.082151 -0.000001 -0.000001 0.000002 8.077799 -0.486862 -3.806260 1.614423 6.188759 -17.247420 0.705761 -1.262308 -24.739847 0.694328 2.815055 -24.279617 -0.000001 -0.000001 -0.000005 -8.207788 -6.751666 -1.599559 -9.957431 -7.918827 5.637182 41.414715 -4.849757 -0.863058 -34.351589 0.442436 -1.072072 -3.270910 0.000003 0.000008 0.000000 -0.000000 -0.000000 8.207789 -6.751691 -1.599554 -46.470930 -10.755568 -8.317716 45.125438 -9.343219 10.105088 7.230008 -29.103422 -3.379698 -15.050365 -0.000032 -0.000012 -0.000000 -0.000002 -0.000000 
-8.284900 95.305305 24.277430 93.826712 84.166399 -96.801730 -0.000006 10.181586 0.131522 1.479703 6.499645 -4.166113 10.440914 0.933892 2.749366 10.402486 1.039948 2.838674 -0.000000 16.740385 -2.049041 -4.769867 -5.290569 7.963747 -0.000002 9.617859 1.685018 -28.032117 -14.031960 -11.780310 0.000002 22.037369 7.501095 0.000001 0.000000 0.000000 -4.569972 11.014923 -2.160885 0.831197 9.330449 8.076719 -49.459647 55.619754 54.872780 -0.000013 106.878916 -0.000018 34.539567 -4.493665 9.220033 -2.464796 -1.573975 2.681853 -3.957288 -16.952386 -15.272043 4.886097 -14.854311 -0.578678 -1.560140 0.883061 -1.926115 0.000001 -0.000003 0.000000 -9.108274 -0.517874 2.259836 0.006472 0.301273 -2.626768 0.081137 -1.042535 8.829417 0.105089 -1.217314 9.956934 0.000000 -0.000001 0.000003 -9.532509 -0.000061 -0.000022 0.035973 -0.710179 5.365896 0.142263 -1.345275 11.918454 0.188304 -1.650319 13.362138 0.000000 -0.000000 0.000002 -9.103590 -0.043071 -1.865129 0.219380 -1.736282 14.549128 0.275776 -1.960445 16.097019 0.322337 -2.089060 17.312745 0.000000 0.000001 -0.000007 -8.076675 -0.486737 -3.806277 0.517679 -2.638044 22.701078 0.322089 -2.161069 18.803197 0.403085 -2.495835 20.400696 0.000001 -0.000004 0.000002 4.570447 11.014714 -2.160861 0.773714 -7.642843 -4.663465 -2.962093 -33.945033 -68.255631 -0.000035 -22.329953 0.000012 42.203712 9.779205 -0.388396 2.466116 -1.576198 2.681733 -3.599485 18.297694 14.126183 4.185344 14.320374 1.150408 -0.821911 0.916476 2.391520 0.000001 0.000002 -0.000001 9.109292 -0.518033 2.259870 0.114072 1.250633 -10.464326 0.012941 0.427893 -3.448561 0.012482 0.408321 -3.448546 0.000001 -0.000001 0.000003 9.533401 0.000030 0.000044 0.171949 1.532243 -12.835903 0.115349 1.261206 -10.490960 0.105088 1.202074 -9.993125 0.000000 0.000001 -0.000003 9.104527 -0.043030 -1.865075 0.242449 1.814589 -15.213719 0.348342 2.165624 -18.261626 0.343515 2.150991 -18.133782 -0.000000 -0.000003 0.000004 8.077779 -0.486863 -3.806260 1.621343 6.194620 -17.311377 0.709080 -1.255668 -24.801289 0.697598 2.821739 -24.341315 0.000000 -0.000003 0.000004 -8.207789 -6.751663 -1.599559 -13.052863 -9.005423 5.987366 38.038328 -4.386417 0.699505 -30.606440 0.840771 -2.531670 -1.777831 -0.000040 -0.000007 0.000000 0.000000 -0.000000 8.207790 -6.751712 -1.599552 -46.610649 -7.992131 -7.547776 38.486542 -9.743345 10.044704 13.738739 -23.793973 -2.393256 -14.507137 -0.000018 -0.000012 0.000000 -0.000003 -0.000000 
-10.944036 96.494186 24.356070 97.546508 81.476753 -101.045313 -0.000005 10.181588 0.131518 2.289282 6.482038 -3.920428 9.404484 0.953891 3.051445 9.363347 1.050821 3.132910 0.000001 16.740404 -2.049032 -5.115119 -5.507040 8.399556 0.000003 9.617874 1.685016 -28.879232 -14.632502 -11.907656 0.000005 22.037369 7.501096 0.000002 0.000001 0.000000 -4.569971 11.014907 -2.160873 0.809439 9.017528 8.372761 -52.143235 56.510718 55.622861 -0.000010 106.813626 0.000034 33.949489 -4.194500 6.648579 -2.464796 -1.573973 2.681851 -3.957289 -16.952378 -15.272038 4.886101 -14.854312 -0.578674 -1.560142 0.883061 -1.926116 0.000002 -0.000003 -0.000001 -9.108274 -0.517863 2.259838 0.013307 0.431321 -3.695315 0.073714 -0.993131 8.419466 0.100820 -1.192700 9.751944 0.000001 -0.000000 0.000000 -9.532512 -0.000056 -0.000020 0.022616 -0.564483 4.165346 0.130353 -1.285880 11.421165 0.182087 -1.623902 13.139294 0.000001 -0.000001 0.000002 -9.103589 -0.043060 -1.865129 0.178611 -1.569059 13.135763 0.257494 -1.896248 15.548647 0.313559 -2.060970 17.071151 -0.000001 0.000001 0.000001 -8.076674 -0.486698 -3.806276 0.444741 -2.452007 21.058604 0.303535 -2.101402 18.289782 0.392664 -2.466344 20.143881 -0.000000 -0.000002 -0.000005 4.570446 11.014750 -2.160855 0.805633 -7.751806 -3.891772 -4.133612 -35.964829 -69.800961 -0.000021 -17.916293 -0.000003 42.026099 7.625794 3.316952 2.466140 -1.576202 2.681736 -3.599477 18.297686 14.126167 4.185344 14.320373 1.150408 -0.821909 0.916483 2.391521 0.000001 -0.000002 0.000001 9.109314 -0.518039 2.259871 0.101192 1.178516 -9.857068 0.012243 0.416317 -3.352325 0.011791 0.396725 -3.352339 -0.000001 -0.000002 0.000004 9.533418 0.000035 0.000046 0.159341 1.475704 -12.355587 0.113471 1.251068 -10.405501 0.103964 1.195633 -9.938902 -0.000002 -0.000000 0.000001 9.104515 -0.043031 -1.865073 0.231552 1.774039 -14.865461 0.347088 2.161852 -18.228668 0.343197 2.150014 -18.125266 -0.000002 0.000001 0.000002 8.077795 -0.486866 -3.806257 1.594067 6.171372 -17.058056 0.710376 -1.253037 -24.825613 0.698887 2.824372 -24.365698 -0.000000 -0.000003 0.000000 -8.207788 -6.751667 -1.599563 -16.177547 -9.982355 5.627510 35.141077 -3.817122 2.536423 -27.088616 1.162964 -4.098084 -1.258101 0.000013 0.000010 0.000000 -0.000000 0.000000 8.207792 -6.751700 -1.599548 -47.094407 -4.138073 -7.078012 32.462096 -9.970561 10.039517 19.254069 -18.942705 -5.510334 -13.233772 -0.000004 0.000009 0.000000 -0.000001 -0.000000 
-13.204440 97.325890 24.306892 98.179571 78.874881 -101.893705 -0.000002 10.181593 0.131519 2.514927 6.765269 -3.603799 8.481274 0.994040 3.190639 8.436597 1.081402 3.269958 -0.000001 16.740389 -2.049029 -5.527201 -5.766961 8.721865 -0.000000 9.617910 1.685010 -29.613125 -15.450149 -12.290913 0.000002 22.037369 7.501099 0.000004 0.000001 -0.000000 -4.569970 11.014910 -2.160883 0.789341 8.400264 8.580757 -56.137782 57.004472 57.188450 -0.000053 106.459454 0.000051 33.953318 -3.656209 4.306263 -2.464804 -1.573971 2.681847 -3.957289 -16.952388 -15.272043 4.886094 -14.854304 -0.578678 -1.560141 0.883058 -1.926109 -0.000002 0.000000 0.000004 -9.108293 -0.517870 2.259838 0.018322 0.505923 -4.309043 0.069071 -0.960898 8.152186 0.098080 -1.176660 9.618265 -0.000001 -0.000000 0.000005 -9.532516 -0.000047 -0.000022 0.016014 -0.476125 3.438024 0.122421 -1.244815 11.077747 0.177731 -1.605078 12.980713 0.000000 -0.000001 0.000005 -9.103600 -0.043058 -1.865129 0.154893 -1.462469 12.238944 0.244333 -1.848501 15.142022 0.306875 -2.039348 16.885034 0.000001 -0.000001 0.000004 -8.076702 -0.486718 -3.806278 0.400076 -2.329648 19.987797 0.289080 -2.053527 17.879362 0.384426 -2.442772 19.938567 0.000001 -0.000002 -0.000006 4.570451 11.014732 -2.160851 0.847060 -8.135505 -3.347809 -4.522932 -36.784445 -70.632687 -0.000015 -14.567778 -0.000018 41.054259 6.212084 6.488474 2.466128 -1.576203 2.681740 -3.599474 18.297691 14.126149 4.185343 14.320374 1.150408 -0.821913 0.916483 2.391522 -0.000000 -0.000004 -0.000008 9.109281 -0.518051 2.259871 0.084677 1.078634 -9.017864 0.010629 0.388308 -3.119872 0.010207 0.368720 -3.119862 0.000000 -0.000002 0.000003 9.533386 0.000032 0.000046 0.140825 1.388288 -11.614673 0.108583 1.224034 -10.177728 0.100128 1.173624 -9.753712 -0.000002 -0.000002 -0.000001 9.104517 -0.043030 -1.865073 0.211714 1.697605 -14.210554 0.340627 2.142139 -18.056486 0.338234 2.134800 -17.992451 -0.000000 -0.000003 0.000004 8.077773 -0.486864 -3.806256 1.528562 6.114709 -16.446061 0.705225 -1.263415 -24.729624 0.693797 2.813948 -24.269356 0.000002 -0.000002 0.000001 -8.207782 -6.751679 -1.599558 -19.355020 -10.521656 4.865858 32.940442 -3.631691 4.288450 -24.220599 1.331807 -5.309253 -1.005954 -0.000006 0.000002 -0.000000 -0.000001 -0.000000 8.207795 -6.751703 -1.599549 -47.908374 -0.992222 -6.494212 28.302134 -10.167175 9.018799 22.455162 -16.614741 -8.155340 -12.162222 -0.005866 0.755573 0.000000 -0.000002 0.000001 
-15.066918 97.842834 24.147070 97.629802 76.554393 -101.214955 -0.000003 10.181587 0.131522 2.339525 7.243017 -3.502044 7.633478 1.057350 3.370334 7.582818 1.135774 3.449427 -0.000000 16.740410 -2.049025 -5.942181 -6.002710 8.788795 -0.000003 9.617886 1.685008 -30.387249 -16.353088 -12.828995 0.000004 22.037338 7.501096 0.000002 -0.000000 -0.000000 -4.569970 11.014917 -2.160879 0.779771 7.669499 8.479530 -60.539921 56.549653 59.021386 -0.000040 105.901830 0.000060 36.971872 -2.708790 2.239367 -2.464796 -1.573973 2.681849 -3.957290 -16.952384 -15.272047 4.886090 -14.854301 -0.578671 -1.560133 0.883057 -1.926114 0.000001 -0.000001 0.000004 -9.108276 -0.517877 2.259833 0.020859 0.539695 -4.586955 0.066479 -0.942373 7.998658 0.096523 -1.167440 9.541490 -0.000000 0.000001 -0.000010 -9.532506 -0.000047 -0.000026 0.013098 -0.431376 3.070141 0.117837 -1.220423 10.873945 0.175091 -1.593563 12.883708 -0.000000 -0.000001 0.000001 -9.103582 -0.043070 -1.865134 0.142556 -1.403688 11.746043 0.236305 -1.818702 14.888448 0.302640 -2.025483 16.765924 -0.000000 0.000005 -0.000003 -8.076691 -0.486714 -3.806278 0.375447 -2.258942 19.372865 0.279842 -2.022319 17.611684 0.379109 -2.427363 19.804678 0.000000 0.000003 -0.000002 4.570445 11.014705 -2.160842 0.890669 -8.785429 -3.255391 -3.669284 -36.301243 -70.416231 -0.000005 -12.960128 -0.000006 39.177043 5.873794 8.668045 2.466128 -1.576205 2.681735 -3.599469 18.297689 14.126184 4.185342 14.320374 1.150407 -0.821914 0.916479 2.391516 0.000002 -0.000004 0.000004 9.109304 -0.518035 2.259871 0.067941 0.966710 -8.079816 0.008577 0.349577 -2.798451 0.008226 0.329987 -2.798479 0.000001 0.000003 0.000001 9.533397 0.000030 0.000044 0.120414 1.284634 -10.738793 0.101532 1.184164 -9.842090 0.094305 1.139223 -9.464491 0.000003 0.000003 -0.000007 9.104530 -0.043027 -1.865074 0.187570 1.599316 -13.371203 0.329463 2.107651 -17.755767 0.328807 2.105566 -17.737510 -0.000000 -0.000000 0.000008 8.077792 -0.486868 -3.806257 1.439057 6.035242 -15.600227 0.692759 -1.288553 -24.497522 0.681549 2.788701 -24.036392 -0.000001 0.000003 0.000002 -8.207787 -6.751673 -1.599562 -22.519149 -10.809284 3.863800 31.671078 -3.695985 5.475285 -22.122255 1.380129 -5.978423 -0.914179 0.000021 0.000004 -0.000000 -0.000000 -0.000000 8.207792 -6.751709 -1.599556 -48.744045 0.129885 -6.662294 26.947212 -10.200836 8.869305 21.859623 -16.300199 -9.587490 -11.293161 -0.010899 1.028198 0.000000 -0.000001 0.000000 
-16.578545 98.100220 23.910288 96.454463 74.700659 -99.546817 -0.000005 10.181583 0.131519 2.136305 7.700990 -3.771054 6.756816 1.115957 3.602085 6.699313 1.186833 3.678286 0.000005 16.740408 -2.049043 -6.262939 -6.133054 8.593455 0.000000 9.617905 1.685024 -31.160433 -17.034975 -13.304777 0.000004 22.037354 7.501098 0.000005 0.000002 0.000001 -4.569970 11.014919 -2.160889 0.775922 7.131353 8.033791 -63.913215 54.775433 60.057792 -0.000010 105.418567 0.000020 43.951711 -1.080417 0.299700 -2.464792 -1.573956 2.681853 -3.957290 -16.952384 -15.272045 4.886096 -14.854304 -0.578672 -1.560138 0.883056 -1.926115 0.000003 -0.000004 -0.000006 -9.108277 -0.517864 2.259839 0.019422 0.520905 -4.432260 0.065304 -0.933972 7.929088 0.095830 -1.163267 9.506715 -0.000001 -0.000001 -0.000003 -9.532502 -0.000024 -0.000022 0.013256 -0.433888 3.090899 0.115817 -1.209534 10.783089 0.173697 -1.587434 12.831917 -0.000001 -0.000000 0.000003 -9.103574 -0.043073 -1.865131 0.139156 -1.387003 11.606098 0.232182 -1.803225 14.756830 0.300262 -2.017650 16.698749 0.000001 0.000001 -0.000001 -8.076679 -0.486709 -3.806275 0.364552 -2.226859 19.094315 0.274603 -2.004343 17.457943 0.376064 -2.418521 19.727763 -0.000000 -0.000002 -0.000006 4.570450 11.014741 -2.160861 0.916812 -9.488273 -3.544854 -1.557897 -34.665563 -69.267175 -0.000006 -13.244016 0.000009 36.636069 6.679737 9.840165 2.466144 -1.576200 2.681736 -3.599495 18.297682 14.126176 4.185339 14.320374 1.150406 -0.821910 0.916479 2.391521 -0.000004 -0.000003 -0.000005 9.109300 -0.518044 2.259870 0.052170 0.847775 -7.085373 0.006558 0.306257 -2.439152 0.006254 0.286667 -2.439170 0.000002 -0.000002 0.000001 9.533422 0.000025 0.000046 0.100168 1.172707 -9.795880 0.093647 1.137625 -9.450757 0.087616 1.098368 -9.121298 0.000003 -0.000005 0.000005 9.104527 -0.043029 -1.865073 0.162686 1.490921 -12.448991 0.315773 2.064414 -17.379406 0.316812 2.067770 -17.408656 0.000003 -0.000006 0.000006 8.077792 -0.486874 -3.806259 1.340380 5.944843 -14.654866 0.675703 -1.323391 -24.176592 0.664804 2.753696 -23.714236 0.000002 -0.000004 -0.000002 -8.207788 -6.751663 -1.599568 -25.566696 -10.908367 2.659123 31.429365 -3.654781 6.050886 -20.794410 1.384134 -6.210930 -0.871139 0.000037 0.000001 0.000000 -0.000001 -0.000000 8.207794 -6.751709 -1.599547 -49.196138 -0.756031 -7.624231 28.079268 -10.084181 9.875750 17.506362 -15.646978 -9.292323 -10.125745 -0.000293 0.180096 -0.000001 -0.000002 -0.000001 
-17.840288 98.229118 23.607489 94.983138 73.278176 -97.323734 -0.000006 10.181577 0.131526 2.072363 7.962949 -4.254960 5.813857 1.140489 3.742187 5.752016 1.203727 3.810922 -0.000001 16.740377 -2.049033 -6.452370 -6.112501 8.255351 -0.000005 9.617854 1.685016 -31.789486 -17.173380 -13.599380 0.000004 22.037338 7.501094 0.000002 0.000000 -0.000000 -4.569971 11.014923 -2.160881 0.782243 7.140631 7.473674 -65.177128 51.739530 59.580164 0.000069 105.332445 -0.000072 53.547191 1.351862 -1.930324 -2.464792 -1.573987 2.681844 -3.957289 -16.952386 -15.272055 4.886091 -14.854304 -0.578670 -1.560139 0.883057 -1.926118 0.000002 -0.000003 0.000005 -9.108277 -0.517891 2.259828 0.012575 0.419351 -3.596970 0.065943 -0.938623 7.967650 0.096207 -1.165581 9.525995 -0.000002 -0.000000 0.000001 -9.532495 -0.000058 -0.000028 0.018211 -0.507300 3.694629 0.116718 -1.214437 10.823976 0.173550 -1.586832 12.826959 -0.000000 0.000005 0.000000 -9.103584 -0.043068 -1.865142 0.147777 -1.428903 11.957314 0.231744 -1.801550 14.742555 0.299404 -2.014843 16.674585 0.000001 -0.000000 -0.000001 -8.076684 -0.486716 -3.806284 0.370580 -2.244673 19.248807 0.272235 -1.996186 17.388282 0.374698 -2.414504 19.692904 0.000000 0.000000 -0.000003 4.570447 11.014714 -2.160858 0.922180 -10.003882 -3.890050 1.386721 -32.250456 -67.669976 -0.000014 -14.943865 -0.000000 34.125896 8.317103 10.267858 2.466148 -1.576213 2.681738 -3.599474 18.297667 14.126177 4.185349 14.320374 1.150411 -0.821908 0.916473 2.391515 0.000001 0.000004 0.000000 9.109299 -0.518048 2.259870 0.037897 0.722900 -6.043669 0.004720 0.260332 -2.058251 0.004434 0.240731 -2.058230 0.000003 -0.000001 0.000003 9.533407 0.000028 0.000047 0.080916 1.054693 -8.804668 0.085511 1.087616 -9.030810 0.080670 1.054308 -8.751546 -0.000001 0.000003 -0.000003 9.104529 -0.043030 -1.865073 0.138334 1.376021 -11.475167 0.301130 2.017064 -16.968176 0.303887 2.026127 -17.046810 0.000001 -0.000003 0.000003 8.077791 -0.486850 -3.806259 1.237463 5.847256 -13.652968 0.656868 -1.362466 -23.817758 0.646304 2.714451 -23.354090 -0.000004 0.000006 0.000003 -8.207789 -6.751659 -1.599560 -28.349045 -10.675242 1.354200 31.734281 -3.396423 6.292848 -19.899155 1.380302 -6.235712 -0.829239 -0.000013 -0.000003 -0.000000 -0.000001 -0.000000 8.207788 -6.751717 -1.599554 -49.090953 -2.548691 -8.213095 30.252188 -9.918825 10.041737 11.655614 -12.980687 -6.953519 -9.323693 0.000021 -0.000008 0.000000 -0.000001 0.000000 
-18.908897 98.308563 23.216265 93.696904 72.086445 -95.225049 -0.000007 10.181591 0.131530 2.017252 7.990781 -4.566281 4.840898 1.125272 3.621062 4.780019 1.178099 3.679261 0.000003 16.740406 -2.049037 -6.529099 -5.946908 7.915328 0.000003 9.617871 1.685016 -32.184845 -16.596924 -13.793150 0.000002 22.037338 7.501091 0.000003 -0.000000 -0.000000 -4.569970 11.014920 -2.160877 0.815699 7.902193 7.168193 -64.220218 47.853183 57.762268 0.000053 105.826391 -0.000048 63.064646 4.244406 -4.709485 -2.464800 -1.573984 2.681862 -3.957284 -16.952383 -15.272042 4.886097 -14.854309 -0.578678 -1.560137 0.883061 -1.926111 -0.000001 -0.000001 -0.000002 -9.108278 -0.517865 2.259839 0.003455 0.220663 -1.964855 0.069492 -0.963810 8.176388 0.098335 -1.178126 9.630368 0.000001 -0.000004 -0.000005 -9.532501 -0.000040 -0.000011 0.031964 -0.669788 5.032731 0.121898 -1.241983 11.054081 0.175362 -1.594771 12.894003 -0.000004 -0.000001 0.000000 -9.103591 -0.043069 -1.865125 0.174928 -1.552969 13.000041 0.236420 -1.819125 14.892060 0.300660 -2.018973 16.710133 -0.000001 0.000004 0.000001 -8.076684 -0.486702 -3.806271 0.404035 -2.340752 20.084784 0.273540 -2.000683 17.426765 0.375445 -2.416721 19.712177 -0.000003 0.000003 -0.000005 4.570449 11.014721 -2.160851 0.929454 -10.251010 -3.918617 4.547755 -29.511967 -66.148333 -0.000001 -17.115199 -0.000010 32.513545 10.138764 10.208244 2.466132 -1.576207 2.681736 -3.599478 18.297676 14.126173 4.185347 14.320380 1.150405 -0.821912 0.916473 2.391520 -0.000001 0.000005 -0.000003 9.109295 -0.518047 2.259871 0.026270 0.601980 -5.036977 0.003105 0.212200 -1.659154 0.002884 0.192601 -1.659156 0.000003 -0.000005 -0.000003 9.533416 0.000026 0.000050 0.063858 0.937481 -7.822844 0.077430 1.035410 -8.592911 0.073662 1.007826 -8.361975 -0.000003 0.000001 -0.000002 9.104540 -0.043033 -1.865072 0.115472 1.258204 -10.480123 0.286084 1.967169 -16.535898 0.290509 1.981995 -16.664263 0.000001 -0.000004 -0.000002 8.077793 -0.486880 -3.806253 1.131533 5.743124 -12.603769 0.637146 -1.404021 -23.437299 0.626975 2.672723 -22.972291 0.000002 -0.000000 0.000002 -8.207786 -6.751661 -1.599550 -30.833649 -10.163978 0.118034 32.156104 -3.012764 6.373463 -19.179368 1.355384 -6.153690 -0.839791 0.000016 0.000001 0.000000 -0.000001 -0.000000 8.207788 -6.751696 -1.599546 -48.405066 -3.771834 -8.413728 32.542938 -9.788859 9.967577 6.216310 -9.149304 -3.887920 -8.626479 -0.000003 -0.000009 0.000000 -0.000000 0.000000 
-19.771496 98.314674 22.702604 93.018488 71.055817 -93.838863 -0.000004 10.181602 0.131529 1.779278 7.875396 -4.336296 3.873570 1.088796 3.153181 3.819995 1.127266 3.200046 -0.000000 16.740402 -2.049034 -6.518866 -5.677524 7.631644 0.000002 9.617908 1.685025 -32.321459 -15.377406 -14.059176 0.000005 22.037354 7.501093 0.000000 -0.000000 -0.000000 -4.569969 11.014937 -2.160887 0.863732 9.259811 7.367887 -61.681656 43.675324 55.317063 0.000013 106.842771 0.000003 70.235935 7.001110 -7.733224 -2.464788 -1.573985 2.681863 -3.957290 -16.952390 -15.272045 4.886097 -14.854304 -0.578669 -1.560135 0.883056 -1.926117 -0.000003 -0.000006 0.000009 -9.108278 -0.517874 2.259846 0.000159 -0.048384 0.242733 0.076647 -1.012997 8.584376 0.102519 -1.202609 9.834397 -0.000004 -0.000001 -0.000005 -9.532514 -0.000045 -0.000009 0.058929 -0.907010 6.992032 0.132335 -1.295888 11.504663 0.179782 -1.613974 13.055740 0.000001 0.000001 0.000000 -9.103581 -0.043074 -1.865122 0.225404 -1.759589 14.746660 0.248007 -1.861913 15.256097 0.305026 -2.033313 16.833300 0.000002 0.000004 -0.000003 -8.076694 -0.486714 -3.806266 0.473433 -2.527115 21.719220 0.280669 -2.025090 17.635526 0.379579 -2.428731 19.816616 -0.000000 -0.000002 -0.000007 4.570449 11.014719 -2.160863 0.959597 -10.307510 -3.458102 7.344654 -26.769832 -65.026912 -0.000013 -18.694706 -0.000011 32.353121 11.383748 9.865697 2.466147 -1.576220 2.681736 -3.599500 18.297686 14.126189 4.185344 14.320369 1.150402 -0.821914 0.916471 2.391528 0.000005 0.000015 -0.000003 9.109315 -0.518076 2.259871 0.018437 0.504636 -4.227603 0.001858 0.165671 -1.273446 0.001689 0.146057 -1.273458 -0.000000 0.000002 -0.000001 9.533404 0.000028 0.000043 0.050832 0.837011 -6.983209 0.069960 0.984572 -8.166944 0.066998 0.961537 -7.974368 0.000000 -0.000001 0.000001 9.104534 -0.043055 -1.865075 0.096264 1.149744 -9.567049 0.271319 1.916774 -16.100277 0.277091 1.936656 -16.271993 0.000001 -0.000001 -0.000001 8.077809 -0.486872 -3.806258 1.030966 5.640656 -11.590011 0.616792 -1.447690 -23.038771 0.607000 2.628867 -22.572312 -0.000003 -0.000001 -0.000001 -8.207786 -6.751667 -1.599555 -33.047846 -9.604073 -0.956409 32.738630 -2.684334 6.304269 -18.691518 1.289888 -5.911212 -0.953151 -0.000031 -0.000002 -0.000000 0.000000 -0.000000 8.207794 -6.751691 -1.599557 -47.560735 -3.940026 -8.189034 35.308038 -9.708995 9.998226 1.314659 -5.348590 -2.423258 -7.902111 -0.000008 -0.000002 -0.000000 -0.000001 -0.000000 
-20.374445 98.211815 22.072437 92.893715 70.355511 -93.207227 -0.000006 10.181583 0.131518 1.354580 7.768972 -3.420718 2.909330 1.058135 2.397720 2.868236 1.081011 2.433386 0.000002 16.740393 -2.049049 -6.439277 -5.347877 7.328865 -0.000002 9.617874 1.685009 -32.095240 -13.785735 -14.484193 0.000006 22.037354 7.501099 -0.000001 0.000002 0.000000 -4.569967 11.014903 -2.160888 0.880746 10.678957 7.983825 -58.427357 39.729018 52.898794 0.000000 108.128212 -0.000001 74.357838 9.255802 -10.524417 -2.464796 -1.573973 2.681857 -3.957294 -16.952383 -15.272038 4.886093 -14.854309 -0.578677 -1.560138 0.883061 -1.926120 0.000004 -0.000009 0.000004 -9.108274 -0.517865 2.259842 0.007743 -0.329388 2.549703 0.086930 -1.079484 9.136388 0.108345 -1.235728 10.110434 -0.000003 -0.000003 0.000001 -9.532495 -0.000040 -0.000016 0.098781 -1.171672 9.189007 0.147360 -1.369890 12.124701 0.186592 -1.643094 13.301307 -0.000000 0.000001 0.000001 -9.103580 -0.043075 -1.865124 0.296567 -2.012922 16.908285 0.266489 -1.928124 15.820755 0.312780 -2.058473 17.049528 -0.000001 0.000001 -0.000001 -8.076677 -0.486729 -3.806272 0.575769 -2.775919 23.931270 0.294832 -2.072727 18.043768 0.387719 -2.452215 20.020818 0.000001 0.000001 -0.000002 4.570448 11.014726 -2.160863 1.006983 -10.259017 -2.699330 9.356147 -24.062065 -64.394696 -0.000020 -18.901659 0.000007 33.528931 11.481398 9.574091 2.466140 -1.576203 2.681737 -3.599496 18.297686 14.126175 4.185345 14.320369 1.150405 -0.821913 0.916479 2.391520 -0.000003 -0.000004 -0.000001 9.109303 -0.518042 2.259871 0.014545 0.448424 -3.760644 0.001094 0.128239 -0.963273 0.000961 0.108640 -0.963270 0.000002 -0.000005 -0.000000 9.533410 0.000025 0.000043 0.043088 0.770828 -6.430881 0.064015 0.942217 -7.812428 0.061524 0.921663 -7.640668 -0.000000 -0.000003 -0.000000 9.104535 -0.043028 -1.865074 0.083115 1.068822 -8.887452 0.258404 1.871515 -15.709859 0.264983 1.894724 -15.909930 0.000001 0.000005 0.000003 8.077801 -0.486862 -3.806259 0.951447 5.557001 -10.775043 0.597413 -1.490058 -22.653514 0.587995 2.586335 -22.185696 -0.000000 0.000003 -0.000006 -8.207787 -6.751682 -1.599562 -34.837677 -9.045182 -1.801746 33.653647 -2.682275 6.093653 -18.583806 1.184937 -5.419005 -1.218300 0.000016 -0.000002 -0.000000 0.000001 -0.000000 8.207789 -6.751710 -1.599556 -46.142945 -3.360979 -7.735223 37.979414 -9.723161 10.105132 -3.903156 -1.614187 -1.943484 -7.580473 0.000014 0.000005 0.000000 0.000001 -0.000000 
-20.645760 97.974754 21.376982 92.827223 70.255223 -92.903803 -0.000006 10.181571 0.131526 0.921598 7.800900 -1.932418 1.956571 1.053122 1.547863 1.930364 1.063352 1.572397 -0.000002 16.740385 -2.049041 -6.304415 -4.971468 6.831411 0.000001 9.617907 1.685015 -31.260147 -12.121118 -15.005056 0.000005 22.037354 7.501097 -0.000004 0.000000 0.000000 -4.569968 11.014930 -2.160892 0.860970 11.531456 8.590404 -55.186798 36.348187 50.838911 -0.000006 109.384592 -0.000003 76.201286 11.010936 -13.012376 -2.464804 -1.573977 2.681847 -3.957289 -16.952384 -15.272042 4.886094 -14.854304 -0.578674 -1.560136 0.883059 -1.926116 -0.000000 -0.000001 0.000004 -9.108286 -0.517883 2.259833 0.023164 -0.568475 4.515804 0.098339 -1.148838 9.713359 0.114594 -1.270302 10.398925 -0.000005 -0.000001 0.000001 -9.532511 -0.000044 -0.000029 0.143843 -1.410981 11.188128 0.164463 -1.449412 12.792479 0.194557 -1.676424 13.582670 -0.000000 -0.000005 0.000002 -9.103596 -0.043069 -1.865149 0.375883 -2.259417 19.035879 0.289167 -2.006021 16.487105 0.322752 -2.090371 17.324194 0.000003 0.000001 0.000008 -8.076711 -0.486698 -3.806285 0.692984 -3.031550 26.244179 0.314540 -2.137022 18.596249 0.398854 -2.483955 20.297169 0.000004 0.000004 -0.000002 4.570447 11.014726 -2.160856 1.034122 -10.078859 -2.155248 10.394153 -21.216765 -64.152579 -0.000027 -17.532717 -0.000001 35.308967 10.323891 9.780523 2.466163 -1.576202 2.681739 -3.599489 18.297674 14.126172 4.185344 14.320374 1.150411 -0.821913 0.916471 2.391510 0.000004 0.000014 0.000005 9.109317 -0.518054 2.259874 0.013868 0.437711 -3.671737 0.000738 0.106646 -0.784253 0.000640 0.087040 -0.784248 0.000000 0.000006 0.000001 9.533411 0.000030 0.000047 0.040469 0.747055 -6.232761 0.060387 0.915507 -7.588987 0.058038 0.895142 -7.418970 -0.000001 0.000001 0.000002 9.104535 -0.043037 -1.865074 0.076900 1.028456 -8.548894 0.249328 1.838922 -15.429126 0.256075 1.863207 -15.638212 -0.000000 -0.000003 -0.000002 8.077798 -0.486883 -3.806254 0.906127 5.508183 -10.304815 0.582015 -1.524205 -22.343673 0.572931 2.552042 -21.874780 0.000003 0.000003 -0.000005 -8.207788 -6.751680 -1.599561 -35.916331 -8.357489 -2.291810 35.016481 -3.163002 5.761820 -18.971761 1.057747 -4.631801 -1.752497 -0.000007 -0.000001 -0.000000 -0.000000 -0.000000 8.207789 -6.751724 -1.599547 -43.646046 -2.265685 -7.232551 39.130284 -7.759454 10.140786 -9.624630 -0.090001 -0.820643 -7.143066 0.000031 -0.000009 -0.000000 0.000001 -0.000000 
-20.544687 97.864616 20.651833 92.334302 70.990261 -92.470844 -0.000004 10.181572 0.131515 0.606711 7.992804 -0.162489 1.116265 1.075483 0.831692 1.103887 1.078277 0.845949 0.000000 16.740383 -2.049036 -6.107170 -4.531410 5.996101 0.000003 9.617893 1.685032 -29.590924 -10.545620 -15.503460 0.000004 22.037338 7.501085 -0.000002 0.000001 0.000000 -4.569972 11.014921 -2.160881 0.851741 11.523771 8.712064 -52.382186 33.604780 49.189803 0.000025 110.417897 -0.000051 77.060592 12.518477 -15.476811 -2.464796 -1.573960 2.681847 -3.957289 -16.952383 -15.272050 4.886099 -14.854307 -0.578666 -1.560145 0.883064 -1.926118 0.000005 -0.000009 -0.000003 -9.108277 -0.517865 2.259829 0.039875 -0.745311 5.973269 0.108599 -1.207860 10.205158 0.120074 -1.299756 10.644856 -0.000004 0.000001 -0.000002 -9.532502 -0.000043 -0.000028 0.184728 -1.596317 12.746389 0.180405 -1.519744 13.384678 0.202038 -1.707128 13.842113 0.000000 0.000001 0.000000 -9.103582 -0.043074 -1.865140 0.447904 -2.459693 20.784954 0.311609 -2.080039 17.122478 0.332893 -2.122238 17.599014 0.000002 -0.000003 0.000002 -8.076691 -0.486715 -3.806287 0.800961 -3.245565 28.216437 0.335822 -2.204071 19.173813 0.410674 -2.517048 20.586060 -0.000000 -0.000001 -0.000009 4.570447 11.014729 -2.160857 0.992813 -9.636298 -2.340339 10.523748 -18.110592 -64.079366 -0.000029 -15.018606 -0.000003 36.803286 8.318377 10.671237 2.466136 -1.576207 2.681741 -3.599461 18.297664 14.126164 4.185348 14.320374 1.150410 -0.821917 0.916467 2.391516 0.000003 0.000009 0.000000 9.109299 -0.518058 2.259876 0.015441 0.461737 -3.871313 0.000673 0.102535 -0.750088 0.000598 0.082918 -0.750095 0.000003 0.000002 -0.000002 9.533404 0.000033 0.000044 0.041886 0.759877 -6.339624 0.059307 0.907172 -7.519303 0.056751 0.885329 -7.337056 0.000000 0.000003 -0.000004 9.104523 -0.043038 -1.865073 0.076927 1.028405 -8.548555 0.245161 1.823817 -15.299195 0.251621 1.847212 -15.500611 0.000001 0.000004 -0.000003 8.077786 -0.486869 -3.806254 0.897523 5.498816 -10.215067 0.573229 -1.543950 -22.164797 0.564296 2.532199 -21.695246 -0.000003 -0.000010 0.000004 -8.207788 -6.751670 -1.599569 -35.520016 -7.524516 -2.224716 35.827443 -3.985847 5.183760 -19.380986 0.896829 -3.562054 -2.609979 0.000011 -0.000004 0.000001 0.000001 -0.000000 8.207794 -6.751709 -1.599565 -40.238372 -0.715504 -6.547130 38.982000 -5.498884 10.114591 -13.775411 -0.237865 -0.821051 -5.729065 0.000004 -0.000004 -0.000000 -0.000000 0.000000 
-20.065176 97.991951 19.881056 91.464204 72.618025 -91.713642 -0.000005 10.181582 0.131518 0.291230 8.219899 1.418661 0.592121 1.109347 0.376438 0.589452 1.108122 0.384214 -0.000000 16.740391 -2.049037 -5.802970 -4.023410 4.865854 0.000002 9.617882 1.685006 -27.103333 -9.083200 -15.923285 0.000006 22.037354 7.501091 0.000005 -0.000001 0.000000 -4.569975 11.014904 -2.160883 0.871083 10.879980 8.177997 -50.102340 31.368320 47.860594 0.000002 111.192843 -0.000027 77.813080 14.059868 -18.138150 -2.464803 -1.573971 2.681847 -3.957292 -16.952384 -15.272052 4.886097 -14.854304 -0.578678 -1.560136 0.883052 -1.926116 0.000001 0.000002 0.000000 -9.108288 -0.517885 2.259837 0.054822 -0.873496 7.032481 0.116548 -1.251543 10.569737 0.124218 -1.321582 10.827150 -0.000003 -0.000002 0.000007 -9.532505 -0.000055 -0.000019 0.217879 -1.731256 13.887446 0.193186 -1.573938 13.841919 0.207970 -1.731144 14.045259 -0.000000 -0.000001 0.000007 -9.103581 -0.043069 -1.865127 0.504936 -2.605955 22.075518 0.330346 -2.139668 17.636057 0.341421 -2.148639 17.826782 -0.000001 -0.000002 0.000001 -8.076683 -0.486720 -3.806272 0.885749 -3.401764 29.678996 0.354496 -2.261035 19.666206 0.420874 -2.545244 20.832360 -0.000004 -0.000000 0.000001 4.570447 11.014711 -2.160856 0.877792 -8.781390 -3.331062 9.979061 -14.910663 -63.941834 -0.000009 -12.198864 -0.000004 37.481035 6.123633 11.884160 2.466139 -1.576191 2.681737 -3.599496 18.297696 14.126183 4.185340 14.320366 1.150411 -0.821911 0.916481 2.391515 0.000003 0.000004 0.000000 9.109303 -0.518032 2.259875 0.018162 0.500789 -4.195575 0.000811 0.111728 -0.826473 0.000704 0.092136 -0.826486 0.000003 -0.000000 -0.000000 9.533398 0.000026 0.000044 0.045628 0.792958 -6.615434 0.060197 0.913993 -7.576482 0.057365 0.890088 -7.376773 -0.000000 -0.000002 0.000002 9.104517 -0.043034 -1.865072 0.081089 1.055795 -8.778068 0.245576 1.825363 -15.312582 0.251514 1.846855 -15.497402 -0.000001 0.000001 -0.000004 8.077790 -0.486866 -3.806255 0.916773 5.519732 -10.415702 0.571556 -1.547745 -22.130559 0.562672 2.528405 -21.660912 0.000001 -0.000001 0.000006 -8.207787 -6.751680 -1.599575 -33.507368 -6.635342 -1.679317 35.782439 -4.854320 3.922613 -19.662532 0.660008 -2.111234 -3.553866 0.000001 -0.000001 0.000000 0.000001 -0.000000 8.207789 -6.751706 -1.599559 -36.294252 1.069930 -6.094754 38.206924 -5.391056 10.102232 -16.113453 -0.335759 -0.594158 -4.858905 0.000012 -0.000000 -0.000000 0.000000 -0.000000 
-19.307173 98.071877 19.021276 90.983031 74.934880 -90.823997 -0.000006 10.181592 0.131524 -0.322023 8.360831 2.263346 0.573708 1.138245 0.115236 0.575781 1.134219 0.124010 0.000000 16.740383 -2.049044 -5.332804 -3.509167 3.704133 0.000001 9.617876 1.685018 -24.077747 -7.792619 -16.250087 0.000006 22.037369 7.501096 -0.000000 0.000000 0.000000 -4.569970 11.014901 -2.160886 0.894256 10.058562 7.209831 -48.207783 29.447299 46.730109 0.000012 111.783409 -0.000036 78.625415 15.754731 -20.972582 -2.464811 -1.573973 2.681840 -3.957282 -16.952386 -15.272040 4.886095 -14.854307 -0.578674 -1.560137 0.883064 -1.926119 0.000003 -0.000012 0.000004 -9.108291 -0.517870 2.259830 0.068962 -0.979004 7.906198 0.122498 -1.283289 10.834690 0.127258 -1.337431 10.959636 -0.000003 0.000005 0.000002 -9.532493 -0.000039 -0.000017 0.245845 -1.837053 14.786274 0.202975 -1.614007 14.180431 0.212362 -1.748602 14.193200 -0.000005 -0.000001 0.000005 -9.103589 -0.043072 -1.865133 0.549925 -2.714885 23.044454 0.344555 -2.183657 18.015940 0.347749 -2.168066 17.994625 -0.000001 -0.000000 0.000008 -8.076694 -0.486710 -3.806288 0.949873 -3.513865 30.742115 0.368636 -2.303148 20.031275 0.428535 -2.566104 21.014954 0.000004 -0.000005 0.000000 4.570448 11.014726 -2.160862 0.750405 -7.443670 -4.603277 9.009872 -12.073411 -63.608821 -0.000001 -9.913973 0.000012 37.439306 4.287517 12.705603 2.466129 -1.576206 2.681732 -3.599485 18.297674 14.126172 4.185339 14.320374 1.150407 -0.821907 0.916483 2.391521 0.000000 0.000005 -0.000003 9.109292 -0.518058 2.259871 0.020920 0.537368 -4.499659 0.001084 0.126717 -0.950707 0.000943 0.107134 -0.950711 0.000001 -0.000003 0.000002 9.533397 0.000026 0.000040 0.049854 0.828822 -6.914855 0.062190 0.928760 -7.699890 0.059064 0.903007 -7.484811 0.000001 0.000001 -0.000000 9.104523 -0.043051 -1.865078 0.086839 1.092361 -9.084992 0.248971 1.837721 -15.418730 0.254397 1.857197 -15.586572 -0.000000 -0.000007 -0.000004 8.077789 -0.486856 -3.806263 0.948272 5.553562 -10.742036 0.575313 -1.539325 -22.206786 0.566308 2.536864 -21.737400 0.000003 0.000001 0.000004 -8.207788 -6.751674 -1.599564 -30.852767 -5.698744 -1.145892 36.086997 -5.736369 1.459681 -20.354925 0.259623 -0.001028 -4.168310 0.000010 -0.000000 -0.000000 0.000001 -0.000000 8.207791 -6.751701 -1.599552 -32.250661 2.349060 -6.629093 37.351446 -6.203527 10.107681 -17.566200 -0.363083 -0.280691 -4.028046 0.000012 0.000003 0.000000 0.000000 0.000000 
-18.421164 97.676872 18.100374 91.814695 77.595874 -90.231710 -0.000004 10.181586 0.131522 -1.440891 8.530060 2.081375 1.080909 1.165657 -0.210393 1.086142 1.161719 -0.191045 -0.000004 16.740381 -2.049036 -4.656590 -3.121186 2.861536 0.000005 9.617885 1.685017 -20.892258 -6.919797 -16.376155 0.000002 22.037354 7.501091 0.000002 -0.000000 0.000000 -4.569974 11.014945 -2.160884 0.904974 9.288765 6.201283 -46.503784 27.706891 45.715074 0.000012 112.280121 -0.000019 79.250917 17.553672 -23.811467 -2.464792 -1.573988 2.681846 -3.957289 -16.952383 -15.272049 4.886091 -14.854299 -0.578674 -1.560137 0.883057 -1.926110 0.000003 -0.000003 -0.000003 -9.108292 -0.517862 2.259819 0.083796 -1.078717 8.733681 0.127520 -1.309425 11.053178 0.129803 -1.350493 11.068888 -0.000002 -0.000007 -0.000001 -9.532505 -0.000047 -0.000034 0.272573 -1.932343 15.599028 0.211014 -1.646235 14.453263 0.215803 -1.762189 14.308334 0.000002 0.000003 0.000007 -9.103588 -0.043075 -1.865137 0.589941 -2.807688 23.875497 0.355648 -2.217328 18.307207 0.352497 -2.182458 18.119274 0.000000 0.000007 0.000006 -8.076695 -0.486716 -3.806286 1.004320 -3.605428 31.619077 0.379116 -2.333701 20.296578 0.434120 -2.581239 21.147627 -0.000005 0.000003 -0.000006 4.570444 11.014719 -2.160854 0.670845 -5.726720 -5.381518 7.759127 -10.067504 -63.074639 -0.000008 -8.636021 -0.000021 37.350323 3.021754 12.540594 2.466148 -1.576196 2.681731 -3.599489 18.297672 14.126187 4.185346 14.320374 1.150408 -0.821911 0.916471 2.391523 -0.000000 0.000002 -0.000001 9.109303 -0.518008 2.259866 0.023544 0.569923 -4.770323 0.001318 0.140793 -1.067223 0.001194 0.121189 -1.067232 0.000000 -0.000002 0.000001 9.533409 0.000035 0.000043 0.053856 0.861292 -7.185964 0.064303 0.944404 -7.830661 0.060944 0.917129 -7.602839 -0.000003 -0.000001 0.000001 9.104526 -0.043030 -1.865081 0.092345 1.126129 -9.368588 0.253306 1.853323 -15.553210 0.258324 1.871251 -15.707558 0.000004 0.000001 0.000002 8.077787 -0.486866 -3.806259 0.977970 5.585160 -11.048151 0.581397 -1.525616 -22.330844 0.572310 2.550613 -21.861882 0.000002 -0.000001 0.000004 -8.207788 -6.751672 -1.599562 -28.724224 -4.660318 -1.214827 38.161254 -6.936852 -2.137091 -22.082295 -0.393723 2.862661 -4.364356 -0.000007 -0.000004 -0.000001 0.000000 -0.000000 8.207793 -6.751686 -1.599558 -28.561022 2.710866 -8.828840 37.165211 -6.253039 10.251572 -19.598449 -0.274321 0.168750 -3.111114 0.000015 -0.000000 -0.000000 -0.000000 0.000000 
-17.508484 96.767227 17.216446 94.365252 80.299030 -90.476647 -0.000007 10.181584 0.131525 -2.976582 9.045205 1.212706 1.940853 1.207230 -0.922267 1.955731 1.212807 -0.883737 0.000002 16.740416 -2.049036 -3.750312 -2.986672 2.583884 0.000005 9.617902 1.685017 -17.890726 -6.786956 -16.052053 0.000004 22.037354 7.501097 0.000000 0.000000 -0.000000 -4.569969 11.014931 -2.160886 0.895279 8.441677 5.451308 -44.865057 26.095445 44.783600 -0.000002 112.728051 -0.000003 79.452503 19.357244 -26.508668 -2.464811 -1.573977 2.681828 -3.957288 -16.952390 -15.272049 4.886094 -14.854311 -0.578675 -1.560133 0.883057 -1.926118 0.000001 -0.000004 0.000000 -9.108289 -0.517880 2.259818 0.099494 -1.174554 9.530727 0.132356 -1.334143 11.260099 0.132232 -1.362862 11.172336 0.000001 0.000003 -0.000002 -9.532518 -0.000049 -0.000046 0.299454 -2.023249 16.377745 0.218468 -1.675661 14.702520 0.218943 -1.774411 14.411877 -0.000000 0.000000 0.000006 -9.103588 -0.043068 -1.865149 0.629308 -2.895449 24.666545 0.365482 -2.246693 18.561604 0.356559 -2.194702 18.225120 -0.000002 0.000001 -0.000007 -8.076687 -0.486707 -3.806293 1.057185 -3.691354 32.449641 0.387839 -2.358837 20.515346 0.438761 -2.593721 21.257048 -0.000003 0.000006 -0.000004 4.570448 11.014719 -2.160855 0.623726 -3.950995 -5.224697 6.237997 -9.029451 -62.392112 -0.000013 -8.339645 -0.000005 38.061642 2.147375 11.240277 2.466139 -1.576203 2.681741 -3.599468 18.297703 14.126155 4.185346 14.320371 1.150404 -0.821911 0.916479 2.391528 -0.000002 0.000002 -0.000008 9.109308 -0.518036 2.259871 0.027872 0.620033 -5.187066 0.001598 0.153291 -1.170936 0.001440 0.133706 -1.170940 -0.000001 0.000002 -0.000000 9.533419 0.000034 0.000047 0.059388 0.904235 -7.544742 0.066372 0.959349 -7.955808 0.062626 0.929734 -7.708224 -0.000001 -0.000000 -0.000003 9.104535 -0.043029 -1.865072 0.098429 1.162386 -9.673210 0.257439 1.868044 -15.679990 0.261978 1.884144 -15.818810 -0.000001 0.000003 0.000006 8.077800 -0.486857 -3.806256 1.004564 5.613135 -11.320629 0.587162 -1.512781 -22.447231 0.577939 2.563505 -21.978663 -0.000002 0.000003 0.000003 -8.207788 -6.751660 -1.599560 -27.175122 -3.584204 -2.139236 41.573336 -8.544405 -5.906244 -24.561203 -1.327724 5.996534 -4.690243 -0.000012 0.000003 0.000000 -0.000001 -0.000000 8.207791 -6.751706 -1.599551 -26.244273 2.787632 -12.226074 39.167433 -5.196448 10.190484 -21.091353 -0.108057 1.049104 -3.115686 -0.000021 -0.000001 -0.000000 -0.000000 -0.000000 
-16.631243 95.656075 16.415188 99.612333 82.945530 -93.169866 -0.000005 10.181593 0.131520 -4.493190 10.016274 0.374072 2.936434 1.257462 -2.199249 2.975244 1.285558 -2.136142 -0.000002 16.740412 -2.049037 -2.584310 -3.125556 2.917114 0.000001 9.617880 1.685010 -15.409028 -7.455652 -15.036142 0.000004 22.037338 7.501096 -0.000001 -0.000000 -0.000000 -4.569969 11.014915 -2.160883 0.855157 7.329727 5.065624 -43.250284 24.602017 43.930756 -0.000008 113.122556 0.000016 79.182991 21.109115 -29.011126 -2.464819 -1.573981 2.681840 -3.957287 -16.952384 -15.272050 4.886096 -14.854304 -0.578666 -1.560135 0.883054 -1.926120 -0.000003 -0.000009 0.000002 -9.108310 -0.517868 2.259825 0.114762 -1.260781 10.249612 0.137116 -1.357957 11.459412 0.134591 -1.374764 11.272012 0.000000 -0.000002 -0.000003 -9.532513 -0.000043 -0.000040 0.325312 -2.106676 17.095190 0.225698 -1.703603 14.939611 0.221966 -1.786145 14.511425 0.000002 -0.000003 0.000001 -9.103592 -0.043076 -1.865140 0.667615 -2.977873 25.414055 0.374946 -2.274558 18.803400 0.360450 -2.206336 18.325932 -0.000002 -0.000006 0.000002 -8.076715 -0.486711 -3.806287 1.109270 -3.773364 33.249822 0.396190 -2.382652 20.722493 0.443180 -2.605532 21.360655 -0.000001 0.000002 0.000004 4.570447 11.014719 -2.160854 0.563972 -2.587315 -4.303185 4.411584 -8.626877 -61.595069 -0.000015 -8.645387 -0.000011 39.977910 1.256732 9.158849 2.466139 -1.576199 2.681739 -3.599496 18.297703 14.126164 4.185347 14.320374 1.150412 -0.821914 0.916474 2.391515 0.000004 0.000008 -0.000001 9.109291 -0.518027 2.259868 0.037772 0.721655 -6.033184 0.002015 0.172550 -1.330529 0.001853 0.152957 -1.330508 0.000002 0.000000 -0.000001 9.533388 0.000034 0.000047 0.070749 0.986572 -8.233674 0.069379 0.980641 -8.134030 0.064880 0.946063 -7.844874 -0.000001 -0.000002 -0.000001 9.104519 -0.043035 -1.865073 0.109455 1.225308 -10.202803 0.262273 1.885236 -15.828154 0.265841 1.897697 -15.935629 -0.000003 -0.000009 0.000001 8.077774 -0.486868 -3.806258 1.045734 5.655941 -11.739986 0.592295 -1.501368 -22.550783 0.582985 2.574970 -22.082577 -0.000000 -0.000000 0.000006 -8.207787 -6.751663 -1.599565 -26.094623 -2.965182 -3.551689 45.946905 -8.802067 -8.895761 -27.358505 -3.668662 5.470724 -5.875421 0.000028 0.000004 -0.000000 0.000001 0.000000 8.207792 -6.751698 -1.599558 -24.315330 2.997080 -14.581347 41.657102 -4.541595 7.546784 -22.883931 -0.427447 3.208148 -3.747096 -0.000026 -0.000006 0.000000 -0.000000 0.000000 
-15.812641 94.675514 15.671584 114.528783 85.676090 -105.931193 -0.000005 10.181586 0.131520 -5.308105 11.065610 0.103935 3.958101 1.271837 -3.939747 4.034362 1.326088 -3.851055 0.000001 16.740391 -2.049036 -1.129011 -3.419960 3.746487 -0.000000 9.617894 1.685014 -13.840086 -8.556470 -13.310761 0.000000 22.037384 7.501098 -0.000002 -0.000000 0.000001 -4.569972 11.014916 -2.160884 0.790021 5.998517 5.016971 -41.639729 23.208945 43.154897 -0.000011 113.440331 0.000002 78.486858 22.797770 -31.308525 -2.464807 -1.573988 2.681843 -3.957287 -16.952390 -15.272038 4.886096 -14.854309 -0.578670 -1.560139 0.883064 -1.926118 0.000003 0.000001 -0.000005 -9.108288 -0.517864 2.259819 0.128427 -1.333018 10.853259 0.141446 -1.379421 11.639153 0.136731 -1.385503 11.361889 -0.000000 0.000004 -0.000001 -9.532519 -0.000044 -0.000039 0.348380 -2.178158 17.712381 0.232378 -1.729012 15.155438 0.224790 -1.797024 14.603709 -0.000002 -0.000002 -0.000002 -9.103585 -0.043066 -1.865140 0.702368 -3.050310 26.075000 0.383883 -2.300530 19.029177 0.364157 -2.217391 18.421785 0.000004 -0.000005 -0.000003 -8.076705 -0.486713 -3.806292 1.157251 -3.846716 33.971636 0.404303 -2.405524 20.922056 0.447465 -2.616897 21.460463 -0.000000 -0.000004 -0.000000 4.570446 11.014714 -2.160856 0.508954 -2.092288 -3.167915 2.329562 -8.247603 -60.666191 -0.000012 -9.081798 -0.000026 42.723745 0.085254 6.966581 2.466113 -1.576202 2.681730 -3.599477 18.297691 14.126198 4.185343 14.320374 1.150408 -0.821910 0.916471 2.391517 -0.000002 0.000004 0.000001 9.109286 -0.518050 2.259862 0.057978 0.893373 -7.466318 0.003085 0.211650 -1.654532 0.002865 0.192036 -1.654519 -0.000002 -0.000000 -0.000001 9.533398 0.000031 0.000038 0.093080 1.130637 -9.442212 0.075212 1.020677 -8.469441 0.069283 0.977600 -8.108699 0.000001 -0.000006 0.000000 9.104519 -0.043029 -1.865082 0.131664 1.342718 -11.193483 0.270965 1.915558 -16.089807 0.272577 1.921111 -16.137772 -0.000001 -0.000004 0.000001 8.077768 -0.486876 -3.806267 1.130312 5.741904 -12.591572 0.600265 -1.483809 -22.710107 0.590770 2.592567 -22.242448 -0.000000 -0.000007 0.000000 -8.207786 -6.751663 -1.599565 -25.676150 -2.723092 -5.570001 51.765003 -10.181313 -9.984957 -27.307641 -4.245764 3.023493 -7.985565 0.000001 -0.000008 0.000000 -0.000001 -0.000000 8.207792 -6.751696 -1.599556 -21.574997 3.477407 -16.462527 43.522597 -4.294474 5.031104 -24.455576 -0.837511 5.338730 -5.023105 0.000058 0.000000 0.000000 0.000001 0.000000 
-15.038537 93.920631 15.021159 180.933760 87.305411 -170.990453 -0.000006 10.181588 0.131525 -4.761196 11.476633 0.491761 5.002317 1.190249 -5.784093 5.115684 1.253478 -5.674297 -0.000000 16.740387 -2.049037 0.607232 -3.686366 4.875497 -0.000001 9.617849 1.685008 -13.535989 -9.530713 -11.144176 0.000004 22.037354 7.501102 -0.000002 -0.000000 0.000000 -4.569969 11.014894 -2.160884 0.720582 4.664982 5.225934 -39.972466 21.876160 42.453799 0.000017 113.670214 -0.000029 77.331354 24.403866 -33.358678 -2.464796 -1.573973 2.681843 -3.957290 -16.952384 -15.272043 4.886094 -14.854307 -0.578675 -1.560140 0.883057 -1.926122 0.000001 -0.000007 0.000001 -9.108282 -0.517864 2.259824 0.140005 -1.391185 11.340048 0.145152 -1.397433 11.790109 0.138565 -1.394504 11.437366 0.000002 0.000002 -0.000001 -9.532502 -0.000060 -0.000023 0.367841 -2.236441 18.217260 0.238160 -1.750699 15.339587 0.227236 -1.806414 14.683425 0.000001 -0.000002 0.000005 -9.103584 -0.043086 -1.865131 0.731872 -3.110191 26.624094 0.391795 -2.323222 19.226721 0.367479 -2.227222 18.506956 0.000000 -0.000002 0.000002 -8.076679 -0.486716 -3.806285 1.198238 -3.907856 34.577809 0.411712 -2.426129 21.102023 0.451323 -2.627149 21.550478 0.000003 -0.000006 0.000003 4.570447 11.014699 -2.160853 0.524948 -2.722337 -2.342773 0.172457 -7.400284 -59.577309 -0.000004 -9.287302 -0.000010 45.519656 -1.271355 5.263728 2.466132 -1.576206 2.681732 -3.599481 18.297684 14.126192 4.185344 14.320376 1.150404 -0.821905 0.916478 2.391524 -0.000001 0.000002 -0.000001 9.109296 -0.518038 2.259868 0.090661 1.115893 -9.330512 0.005384 0.277810 -2.203374 0.005093 0.258238 -2.203368 0.000005 -0.000000 0.000000 9.533393 0.000032 0.000042 0.128933 1.328974 -11.113070 0.085523 1.087666 -9.031256 0.077504 1.033534 -8.577363 -0.000003 -0.000002 0.000002 9.104523 -0.043029 -1.865077 0.169408 1.520985 -12.704490 0.286885 1.969830 -16.559006 0.285542 1.965370 -16.520342 0.000003 -0.000004 0.000001 8.077790 -0.486857 -3.806260 1.276487 5.884653 -14.034690 0.616517 -1.448261 -23.033522 0.606747 2.628280 -22.567008 -0.000001 -0.000001 0.000004 -8.207784 -6.751667 -1.599563 -24.248953 -2.394626 -7.556634 57.458208 -10.402125 -10.013624 -23.045022 -4.883412 3.820934 -13.323088 -0.000023 -0.000002 0.000000 0.000000 0.000001 8.207790 -6.751705 -1.599551 -17.554906 3.364674 -17.758881 44.920341 -4.159483 3.225461 -25.892762 -1.212589 6.947794 -6.488201 0.000015 0.000001 -0.000000 0.000000 0.000000 
-14.277439 93.430717 14.581880 234.411601 83.305003 -224.051078 -0.000004 10.181581 0.131520 -2.628346 10.620131 1.141696 6.074304 0.975388 -7.228493 6.203634 1.014681 -7.108940 -0.000001 16.740408 -2.049033 2.520451 -3.784134 6.061871 -0.000003 9.617867 1.685011 -14.558089 -10.012212 -8.951075 0.000005 22.037384 7.501096 0.000001 -0.000000 -0.000000 -4.569967 11.014907 -2.160881 0.661743 3.469645 5.575258 -38.144045 20.546672 41.828755 0.000022 113.824023 -0.000013 75.585995 25.864550 -35.089588 -2.464808 -1.573969 2.681844 -3.957288 -16.952388 -15.272049 4.886098 -14.854306 -0.578687 -1.560143 0.883063 -1.926110 0.000006 -0.000012 -0.000004 -9.108280 -0.517868 2.259832 0.149459 -1.436865 11.723128 0.148182 -1.411956 11.911854 0.140040 -1.401766 11.498225 -0.000003 0.000001 -0.000001 -9.532509 -0.000026 -0.000030 0.383639 -2.282612 18.618076 0.242892 -1.768290 15.489481 0.229251 -1.814114 14.748793 -0.000003 -0.000001 0.000001 -9.103596 -0.043065 -1.865146 0.755926 -3.157939 27.064121 0.398366 -2.341960 19.389865 0.370236 -2.235396 18.577951 0.000000 -0.000005 0.000002 -8.076704 -0.486713 -3.806292 1.231756 -3.956839 35.066744 0.417993 -2.443433 21.253175 0.454595 -2.635734 21.626047 0.000001 0.000000 0.000002 4.570446 11.014707 -2.160851 0.639417 -4.389091 -2.157764 -1.836491 -6.063456 -58.385249 -0.000006 -9.102918 0.000004 47.917346 -2.588739 4.290123 2.466136 -1.576216 2.681743 -3.599491 18.297684 14.126176 4.185345 14.320378 1.150411 -0.821908 0.916473 2.391516 -0.000004 0.000003 -0.000003 9.109310 -0.518053 2.259877 0.130972 1.339263 -11.212382 0.009321 0.363899 -2.917383 0.008939 0.344306 -2.917378 0.000002 -0.000003 -0.000003 9.533403 0.000030 0.000045 0.174314 1.542586 -12.923875 0.100237 1.176591 -9.778522 0.089727 1.111532 -9.231819 0.000002 -0.000000 0.000002 9.104543 -0.043031 -1.865071 0.220635 1.732474 -14.509055 0.310946 2.048962 -17.245075 0.306157 2.033448 -17.110428 0.000000 -0.000001 0.000002 8.077789 -0.486873 -3.806254 1.472025 6.064793 -15.913139 0.644585 -1.388275 -23.581472 0.634262 2.688560 -23.116963 0.000004 0.000002 0.000003 -8.207783 -6.751669 -1.599566 -20.220855 -2.197426 -7.862793 61.393975 -10.531038 -10.037814 -17.659102 -5.999371 4.769529 -20.198147 0.000032 -0.000012 0.000000 -0.000003 -0.000002 8.207793 -6.751707 -1.599556 -11.930957 2.457192 -17.985386 46.060996 -4.596651 2.023295 -27.274508 -1.581528 8.118519 -7.516102 -0.000005 -0.000003 -0.000000 0.000001 0.000000 
-13.605597 93.184807 14.417624 244.540662 76.979517 -234.740542 -0.000004 10.181579 0.131524 0.534092 8.307971 1.480087 7.155522 0.632755 -7.762968 7.266977 0.623381 -7.652383 -0.000002 16.740396 -2.049037 4.344043 -3.680861 7.049569 -0.000004 9.617858 1.685012 -16.568809 -9.961859 -7.092287 0.000002 22.037369 7.501096 -0.000000 0.000000 0.000000 -4.569974 11.014914 -2.160885 0.614015 2.387438 5.890249 -36.065612 19.152404 41.276633 0.000016 113.929154 -0.000016 73.178278 27.099817 -36.473258 -2.464800 -1.573967 2.681830 -3.957284 -16.952388 -15.272061 4.886094 -14.854311 -0.578666 -1.560137 0.883066 -1.926120 0.000007 -0.000010 0.000004 -9.108281 -0.517877 2.259825 0.156548 -1.470158 12.002546 0.150578 -1.423361 12.007651 0.141197 -1.407496 11.546120 0.000003 -0.000001 -0.000002 -9.532506 -0.000059 -0.000044 0.395706 -2.317140 18.918786 0.246668 -1.782158 15.607426 0.230858 -1.820255 14.800902 -0.000006 0.000003 0.000002 -9.103583 -0.043079 -1.865145 0.774768 -3.194707 27.403854 0.403669 -2.356856 19.519813 0.372467 -2.241956 18.635015 0.000003 -0.000003 -0.000005 -8.076700 -0.486717 -3.806277 1.258444 -3.995180 35.451499 0.423062 -2.457366 21.375077 0.457238 -2.642664 21.687008 -0.000000 -0.000000 0.000006 4.570446 11.014704 -2.160853 0.787625 -6.607793 -2.829004 -3.547483 -4.760726 -57.272219 -0.000008 -8.623469 -0.000010 50.083028 -3.791006 3.940343 2.466140 -1.576202 2.681737 -3.599485 18.297674 14.126184 4.185344 14.320377 1.150407 -0.821911 0.916471 2.391517 0.000003 0.000005 -0.000003 9.109313 -0.518039 2.259870 0.168856 1.518487 -12.731279 0.014391 0.450747 -3.638223 0.013883 0.431159 -3.638207 0.000002 -0.000001 -0.000002 9.533405 0.000028 0.000042 0.219198 1.726957 -14.497555 0.116992 1.270021 -10.565388 0.104116 1.196505 -9.946233 0.000003 -0.000000 -0.000002 9.104530 -0.043034 -1.865076 0.275283 1.931117 -16.218009 0.339925 2.140023 -18.038079 0.331880 2.115148 -17.820993 0.000002 0.000002 0.000000 8.077801 -0.486867 -3.806259 1.675423 6.240080 -17.810741 0.681943 -1.310569 -24.294508 0.670940 2.766572 -23.832623 -0.000004 -0.000001 0.000005 -8.207786 -6.751681 -1.599560 -14.392050 -2.622191 -6.339058 63.747685 -9.736671 -9.918649 -11.555343 -8.456188 5.818163 -23.465158 -0.123021 3.455684 0.000000 0.000000 -0.000001 8.207793 -6.751700 -1.599555 -5.186984 1.631271 -16.689202 47.135252 -6.485134 1.698215 -28.513586 -1.989249 9.112797 -7.785580 -0.000021 -0.000007 0.000000 -0.000000 0.000000 
-13.190554 93.081116 14.462700 245.139970 70.827101 -236.867982 -0.000007 10.181566 0.131521 3.590488 4.930790 1.055825 8.250811 0.214906 -7.070739 8.318167 0.163798 -6.992109 -0.000001 16.740402 -2.049035 5.641899 -3.454407 7.665437 -0.000003 9.617888 1.685013 -19.075204 -9.572403 -5.742587 0.000001 22.037369 7.501097 0.000000 -0.000000 -0.000000 -4.569968 11.014925 -2.160882 0.569655 1.338004 5.962577 -33.723793 17.626410 40.775485 0.000015 114.010720 -0.000006 70.225908 28.071681 -37.565002 -2.464796 -1.573973 2.681849 -3.957293 -16.952388 -15.272042 4.886092 -14.854302 -0.578672 -1.560132 0.883051 -1.926121 0.000006 -0.000006 0.000002 -9.108288 -0.517852 2.259822 0.160632 -1.488984 12.160718 0.152344 -1.431674 12.077519 0.142055 -1.411659 11.581033 0.000001 0.000002 0.000000 -9.532504 -0.000046 -0.000027 0.403370 -2.338806 19.107598 0.249448 -1.792307 15.693765 0.232123 -1.824925 14.840500 0.000001 0.000002 0.000004 -9.103585 -0.043075 -1.865136 0.787846 -3.219971 27.638079 0.407723 -2.368168 19.618521 0.374207 -2.247074 18.679411 0.000000 -0.000003 -0.000006 -8.076697 -0.486716 -3.806284 1.278060 -4.023017 35.732217 0.427088 -2.468322 21.470987 0.459319 -2.648135 21.734994 0.000001 -0.000002 -0.000008 4.570448 11.014701 -2.160856 0.843641 -8.639610 -4.453308 -4.909805 -4.315541 -56.471324 -0.000015 -8.234760 -0.000012 52.320304 -4.808748 3.878228 2.466140 -1.576212 2.681739 -3.599497 18.297674 14.126166 4.185345 14.320377 1.150405 -0.821909 0.916481 2.391521 0.000002 -0.000000 -0.000006 9.109300 -0.518035 2.259874 0.198387 1.644154 -13.801781 0.019255 0.520772 -4.220005 0.018712 0.501193 -4.220011 -0.000002 -0.000002 -0.000000 9.533422 0.000033 0.000048 0.255740 1.862756 -15.663961 0.132309 1.349620 -11.237343 0.117513 1.270507 -10.569713 0.000004 -0.000001 0.000001 9.104534 -0.043029 -1.865070 0.321990 2.084905 -17.551380 0.367885 2.223979 -18.772215 0.357327 2.192621 -18.497674 0.000004 -0.000002 0.000003 8.077795 -0.486857 -3.806255 1.843805 6.376613 -19.343256 0.720642 -1.232626 -25.014499 0.708949 2.844862 -24.555302 0.000001 0.000003 -0.000002 -8.207788 -6.751680 -1.599560 -9.595666 -4.067214 -4.335225 66.341689 -9.577271 -8.675887 -8.095360 -10.681428 6.862250 -22.564011 -0.161094 3.960111 -0.000000 0.000001 -0.000000 8.207792 -6.751710 -1.599554 0.781759 1.772853 -13.988129 48.408464 -6.783268 2.838465 -29.619771 -4.961528 8.305547 -7.468915 -0.000011 -0.000000 -0.000000 0.000000 0.000000 
-13.129558 93.054413 14.624710 242.332953 66.492431 -236.317797 -0.000006 10.181562 0.131522 5.578920 1.389312 -0.227547 9.381364 -0.180642 -5.257388 9.402846 -0.236355 -5.229064 -0.000003 16.740389 -2.049035 5.965077 -3.238080 7.922931 -0.000000 9.617882 1.685011 -21.810625 -9.154572 -4.859111 0.000001 22.037354 7.501097 0.000000 0.000000 0.000000 -4.569973 11.014902 -2.160883 0.517483 0.295440 5.644359 -31.157079 15.933814 40.290801 -0.000007 114.071112 -0.000010 66.908356 28.787854 -38.422905 -2.464800 -1.573975 2.681849 -3.957292 -16.952388 -15.272038 4.886096 -14.854302 -0.578677 -1.560137 0.883052 -1.926111 -0.000001 0.000000 0.000004 -9.108287 -0.517867 2.259818 0.161201 -1.491625 12.182914 0.153365 -1.436408 12.117065 0.142538 -1.414014 11.600830 0.000001 -0.000004 0.000001 -9.532518 -0.000039 -0.000032 0.405890 -2.345871 19.169450 0.251091 -1.798251 15.744631 0.232890 -1.827932 14.866089 0.000000 0.000003 0.000005 -9.103598 -0.043072 -1.865146 0.794194 -3.232095 27.750662 0.410379 -2.375622 19.683654 0.375451 -2.250689 18.710665 0.000002 -0.000005 -0.000004 -8.076691 -0.486721 -3.806284 1.289250 -4.038750 35.891152 0.430030 -2.476318 21.540970 0.460854 -2.652102 21.769980 0.000002 0.000003 0.000005 4.570444 11.014724 -2.160859 0.749893 -9.847112 -6.786446 -5.915990 -5.419957 -56.179187 -0.000007 -8.546891 -0.000004 54.353969 -5.280640 3.590455 2.466132 -1.576209 2.681733 -3.599480 18.297693 14.126189 4.185345 14.320368 1.150402 -0.821909 0.916476 2.391515 -0.000001 0.000006 -0.000005 9.109296 -0.518036 2.259870 0.222048 1.737838 -14.603161 0.023133 0.570105 -4.630047 0.022507 0.550532 -4.630038 0.000004 -0.000000 -0.000001 9.533395 0.000030 0.000042 0.284219 1.961615 -16.517400 0.144248 1.408401 -11.734674 0.127975 1.325269 -11.031957 0.000002 -0.000000 -0.000002 9.104536 -0.043035 -1.865077 0.357591 2.194192 -18.505127 0.390262 2.288621 -19.339896 0.377849 2.252987 -19.026756 -0.000002 -0.000006 -0.000001 8.077785 -0.486857 -3.806260 1.964697 6.470109 -20.423719 0.752596 -1.170043 -25.595717 0.740358 2.907734 -25.138790 -0.000001 0.000003 -0.000003 -8.207788 -6.751691 -1.599557 -8.032296 -6.329070 -3.195011 69.134246 -9.651953 -6.131798 -4.851971 -11.507632 7.001242 -20.497883 -0.098003 3.084204 -0.000000 0.000001 -0.000000 8.207788 -6.751726 -1.599554 3.992095 2.663203 -10.926168 49.902533 -6.520444 5.278360 -30.610958 -8.132549 6.632154 -6.977008 0.000002 0.000001 0.000000 -0.000000 0.000000 
-13.411627 93.137512 14.902159 239.039354 64.786824 -235.557925 -0.000004 10.181570 0.131524 6.354770 -1.281425 -2.035238 10.478473 -0.442361 -2.903066 10.474227 -0.462248 -2.927794 0.000001 16.740396 -2.049028 5.131452 -3.132228 8.000773 -0.000000 9.617866 1.685003 -24.843906 -8.988201 -4.235888 0.000002 22.037338 7.501093 0.000001 0.000000 0.000000 -4.569973 11.014893 -2.160881 0.448070 -0.701572 4.960238 -28.330107 14.095863 39.813661 0.000027 114.084062 -0.000039 63.125735 29.195196 -38.993663 -2.464808 -1.573969 2.681850 -3.957292 -16.952379 -15.272033 4.886095 -14.854311 -0.578680 -1.560141 0.883061 -1.926110 0.000003 -0.000011 0.000001 -9.108299 -0.517867 2.259830 0.158580 -1.479543 12.081339 0.153492 -1.437062 12.122656 0.142608 -1.414356 11.603613 0.000002 0.000003 -0.000002 -9.532537 -0.000027 -0.000029 0.403410 -2.338864 19.108170 0.251476 -1.799666 15.756475 0.233192 -1.829037 14.875556 0.000004 -0.000002 -0.000001 -9.103598 -0.043064 -1.865136 0.793343 -3.230446 27.735371 0.411488 -2.378744 19.710896 0.376084 -2.252522 18.726586 -0.000001 -0.000005 -0.000003 -8.076699 -0.486718 -3.806269 1.290796 -4.040947 35.913565 0.431710 -2.480854 21.580589 0.461708 -2.654345 21.789820 -0.000000 -0.000002 0.000006 4.570447 11.014721 -2.160850 0.602615 -10.046587 -9.124468 -6.544752 -8.271829 -56.525737 -0.000022 -10.130384 -0.000005 55.215017 -4.588350 2.537389 2.466136 -1.576203 2.681742 -3.599476 18.297679 14.126170 4.185342 14.320377 1.150416 -0.821910 0.916483 2.391519 -0.000007 -0.000004 -0.000006 9.109303 -0.518040 2.259872 0.243007 1.816569 -15.278906 0.026248 0.607007 -4.936931 0.025604 0.587433 -4.936904 0.000000 -0.000001 0.000000 9.533412 0.000028 0.000047 0.308282 2.041174 -17.206944 0.153411 1.451815 -12.102426 0.135885 1.365180 -11.369272 -0.000001 -0.000001 -0.000002 9.104525 -0.043032 -1.865072 0.386332 2.278165 -19.241618 0.406772 2.335089 -19.749128 0.392822 2.295961 -19.404482 0.000003 0.000003 0.000004 8.077782 -0.486871 -3.806253 2.056322 6.538613 -21.232674 0.775517 -1.126149 -26.005351 0.762885 2.951843 -25.550046 0.000002 -0.000004 0.000005 -8.207788 -6.751689 -1.599560 -9.901837 -8.580351 -2.242946 71.051022 -9.686043 -4.541179 -0.303218 -12.133526 7.035214 -19.813050 -0.066791 2.540233 -0.000000 -0.000000 -0.000000 8.207792 -6.751711 -1.599552 4.085309 3.159696 -8.384682 51.132022 -6.277927 7.588689 -31.220218 -9.495704 5.204531 -6.578658 0.000008 -0.000001 -0.000000 -0.000000 -0.000000 
-13.977437 93.460991 15.324247 237.544362 65.771621 -236.404595 -0.000003 10.181585 0.131518 6.487763 -2.499696 -3.769935 11.322580 -0.513679 -0.784343 11.315919 -0.481219 -0.845954 0.000002 16.740381 -2.049035 3.383366 -3.136883 8.089515 0.000000 9.617908 1.685008 -28.301101 -9.105719 -3.629845 0.000001 22.037354 7.501096 -0.000006 -0.000001 0.000000 -4.569969 11.014915 -2.160886 0.364911 -1.581439 4.134113 -25.014813 12.146618 39.402815 0.000012 114.019244 -0.000043 58.350791 29.058394 -39.170059 -2.464792 -1.573973 2.681851 -3.957290 -16.952383 -15.272045 4.886097 -14.854314 -0.578677 -1.560139 0.883061 -1.926121 0.000003 -0.000007 0.000002 -9.108290 -0.517853 2.259833 0.153628 -1.456612 11.888825 0.152855 -1.434029 12.097256 0.142305 -1.412842 11.590938 -0.000002 0.000002 -0.000005 -9.532503 -0.000048 -0.000017 0.396941 -2.320637 18.949281 0.250674 -1.796734 15.731760 0.232973 -1.828270 14.869049 0.000002 -0.000001 0.000002 -9.103610 -0.043079 -1.865129 0.786275 -3.216944 27.610104 0.411048 -2.377474 19.699691 0.376066 -2.252444 18.726072 0.000003 0.000002 0.000002 -8.076677 -0.486696 -3.806273 1.283628 -4.030870 35.811628 0.431951 -2.481487 21.586202 0.461831 -2.654664 21.792612 -0.000003 -0.000009 -0.000003 4.570446 11.014714 -2.160856 0.529000 -9.548337 -10.609613 -6.754073 -12.500692 -57.537821 -0.000014 -13.139449 -0.000001 53.985979 -2.230072 0.627367 2.466144 -1.576196 2.681737 -3.599482 18.297679 14.126195 4.185342 14.320382 1.150408 -0.821915 0.916468 2.391519 -0.000001 -0.000001 0.000004 9.109311 -0.518043 2.259872 0.255994 1.863573 -15.683386 0.029044 0.638108 -5.195669 0.028373 0.618523 -5.195640 -0.000000 -0.000001 0.000001 9.533425 0.000033 0.000046 0.325295 2.095319 -17.677890 0.160860 1.486216 -12.394375 0.142481 1.397517 -11.642893 -0.000001 -0.000001 0.000003 9.104556 -0.043033 -1.865072 0.409387 2.343102 -19.813484 0.419757 2.370891 -20.065262 0.404594 2.329065 -19.696039 0.000002 0.000005 -0.000004 8.077818 -0.486879 -3.806256 2.134342 6.595352 -21.914836 0.792840 -1.093400 -26.311914 0.779959 2.984750 -25.857836 0.000000 0.000000 0.000008 -8.207784 -6.751687 -1.599562 -14.172750 -9.024808 -1.086981 71.781846 -9.693815 -3.549469 5.261061 -12.961384 6.970654 -20.313770 -0.055098 2.301624 0.000000 0.000001 -0.000000 8.207793 -6.751714 -1.599555 2.195195 2.911178 -6.469113 51.473651 -6.166819 8.421477 -31.070824 -8.734381 4.528563 -6.293740 0.000000 -0.000000 -0.000000 -0.000000 -0.000000 
-14.774257 94.044983 15.813848 239.095416 68.890681 -239.879194 -0.000004 10.181584 0.131518 6.572766 -2.514666 -4.886148 11.657844 -0.440283 0.582352 11.659479 -0.368184 0.508644 -0.000004 16.740404 -2.049036 1.231633 -3.163803 8.254348 0.000000 9.617846 1.685005 -32.022010 -9.216114 -2.920492 0.000003 22.037354 7.501096 0.000004 -0.000000 0.000000 -4.569972 11.014915 -2.160885 0.288487 -2.271722 3.470472 -20.839542 10.012305 39.188982 -0.000027 113.884115 0.000024 52.038443 28.020305 -39.075727 -2.464800 -1.573954 2.681856 -3.957290 -16.952388 -15.272042 4.886098 -14.854306 -0.578668 -1.560138 0.883056 -1.926121 -0.000001 0.000002 0.000007 -9.108272 -0.517861 2.259838 0.146609 -1.423255 11.608944 0.151630 -1.428315 12.049158 0.141705 -1.409951 11.566867 -0.000000 -0.000004 -0.000001 -9.532510 -0.000031 -0.000026 0.387099 -2.292577 18.704958 0.248932 -1.790380 15.677642 0.232393 -1.826038 14.850013 0.000000 -0.000005 0.000008 -9.103591 -0.043063 -1.865128 0.774423 -3.194061 27.397934 0.409236 -2.372442 19.655879 0.375479 -2.250756 18.711346 -0.000002 0.000001 -0.000001 -8.076691 -0.486705 -3.806274 1.270070 -4.011724 35.618333 0.430878 -2.478599 21.560827 0.461272 -2.653214 21.779931 -0.000002 -0.000006 0.000004 4.570446 11.014699 -2.160855 0.543768 -8.846447 -10.760453 -6.515381 -17.396318 -59.079736 -0.000028 -17.087781 -0.000007 50.712823 1.682137 -1.416929 2.466151 -1.576198 2.681736 -3.599473 18.297682 14.126162 4.185344 14.320375 1.150415 -0.821912 0.916481 2.391519 0.000002 -0.000000 -0.000005 9.109311 -0.518046 2.259871 0.249088 1.838700 -15.469255 0.030767 0.656721 -5.350635 0.030077 0.637141 -5.350606 -0.000003 -0.000000 -0.000000 9.533420 0.000027 0.000044 0.324466 2.092691 -17.655028 0.165527 1.507307 -12.573458 0.147180 1.420122 -11.834297 0.000001 -0.000001 0.000001 9.104555 -0.043036 -1.865075 0.417910 2.366535 -20.020451 0.429368 2.397062 -20.296739 0.413991 2.355080 -19.925537 0.000001 0.000003 -0.000004 8.077808 -0.486861 -3.806258 2.181417 6.628878 -22.323480 0.807596 -1.065861 -26.570378 0.794477 3.012408 -26.117322 -0.000001 -0.000000 0.000007 -8.207787 -6.751673 -1.599558 -19.685420 -7.853527 0.463220 71.697520 -9.681377 -2.958493 10.585383 -13.085690 6.483843 -19.590051 -0.039086 1.936601 0.000002 0.000001 0.000001 8.207792 -6.751712 -1.599557 -0.597314 2.779741 -4.851214 50.819329 -6.228106 7.972044 -30.219031 -6.662205 4.396540 -6.029604 0.000006 -0.000005 0.000000 0.000000 0.000000 
-15.745811 94.826202 16.224445 243.259510 73.190627 -245.725344 -0.000005 10.181581 0.131520 6.707877 -2.169625 -5.162658 11.388380 -0.334699 1.211996 11.396539 -0.249825 1.143533 -0.000000 16.740395 -2.049034 -0.878276 -3.110346 8.429463 0.000001 9.617865 1.685019 -35.539605 -8.885352 -2.184563 0.000002 22.037369 7.501101 0.000002 0.000001 0.000000 -4.569970 11.014923 -2.160883 0.241220 -2.728448 3.160462 -15.544015 7.443432 39.347975 0.000026 113.716899 -0.000039 44.351116 25.947554 -39.270019 -2.464796 -1.573973 2.681843 -3.957286 -16.952395 -15.272054 4.886090 -14.854304 -0.578679 -1.560134 0.883057 -1.926116 -0.000002 -0.000002 0.000009 -9.108283 -0.517865 2.259830 0.135703 -1.369932 11.162041 0.149874 -1.419977 11.979204 0.140855 -1.405792 11.531896 -0.000000 0.000004 -0.000005 -9.532516 -0.000044 -0.000030 0.371966 -2.248643 18.323016 0.246241 -1.780574 15.593991 0.231489 -1.822597 14.820846 0.000002 -0.000005 0.000005 -9.103594 -0.043073 -1.865136 0.756664 -3.159426 27.077580 0.406293 -2.364199 19.583995 0.374478 -2.247843 18.685886 0.000002 0.000003 0.000000 -8.076682 -0.486714 -3.806285 1.250482 -3.983811 35.337370 0.428843 -2.473094 21.512663 0.460235 -2.650479 21.755829 0.000005 -0.000001 -0.000000 4.570448 11.014723 -2.160854 0.593787 -8.272826 -9.748768 -5.849905 -22.230422 -60.861528 -0.000024 -20.999610 -0.000001 46.569821 6.080682 -2.641765 2.466132 -1.576180 2.681732 -3.599473 18.297677 14.126176 4.185343 14.320368 1.150410 -0.821907 0.916486 2.391520 -0.000000 0.000003 0.000000 9.109296 -0.518031 2.259871 0.217573 1.720542 -14.454984 0.029866 0.646900 -5.268889 0.029154 0.627323 -5.268858 -0.000001 0.000000 -0.000000 9.533397 0.000028 0.000045 0.297951 2.007391 -16.913884 0.164152 1.501137 -12.521047 0.147183 1.420176 -11.834819 0.000000 0.000000 0.000001 9.104520 -0.043035 -1.865073 0.399758 2.316205 -19.576400 0.431617 2.403060 -20.349879 0.417690 2.365260 -20.015437 0.000001 -0.000003 0.000002 8.077789 -0.486855 -3.806259 2.156544 6.611238 -22.107917 0.816510 -1.049393 -26.725287 0.803248 3.028966 -26.272837 0.000000 -0.000001 -0.000005 -8.207788 -6.751674 -1.599567 -25.611302 -7.219261 2.318410 71.125157 -9.645668 -3.451397 14.242220 -11.387594 5.543037 -15.412494 -0.010974 1.029420 0.000001 -0.000000 -0.000000 8.207793 -6.751711 -1.599556 -3.957359 3.686534 -3.166803 49.470681 -6.443902 7.591862 -28.934440 -4.439798 4.202026 -5.701452 0.000011 -0.000001 -0.000001 0.000000 -0.000000 
-16.775608 95.686577 16.474140 248.756473 77.987045 -252.991764 -0.000006 10.181577 0.131522 6.605146 -2.238138 -4.770592 10.647439 -0.290734 1.519398 10.658106 -0.214460 1.458378 0.000000 16.740379 -2.049034 -2.755023 -2.917312 8.507833 0.000001 9.617902 1.685010 -38.390345 -7.789345 -1.597918 0.000004 22.037369 7.501083 -0.000005 -0.000001 -0.000000 -4.569967 11.014918 -2.160879 0.229153 -2.940805 3.178626 -9.243813 4.173518 40.093012 -0.000004 113.461299 0.000005 36.418203 23.292065 -40.411023 -2.464784 -1.573990 2.681856 -3.957289 -16.952390 -15.272050 4.886092 -14.854299 -0.578675 -1.560139 0.883057 -1.926114 0.000000 -0.000008 0.000003 -9.108277 -0.517885 2.259841 0.118055 -1.278522 10.397824 0.147067 -1.406651 11.867533 0.139501 -1.399131 11.476061 0.000001 -0.000007 -0.000003 -9.532500 -0.000088 -0.000013 0.347130 -2.174331 17.679311 0.241973 -1.764893 15.460514 0.230093 -1.817313 14.775832 -0.000000 0.000003 0.000004 -9.103591 -0.043082 -1.865127 0.727905 -3.102230 26.551032 0.401764 -2.351477 19.472907 0.372987 -2.243459 18.648001 -0.000000 0.000000 0.000004 -8.076677 -0.486737 -3.806267 1.219495 -3.939017 34.888757 0.425906 -2.465113 21.442667 0.458694 -2.646495 21.720809 -0.000002 0.000004 0.000003 4.570448 11.014731 -2.160855 0.645697 -7.892153 -8.227311 -4.841042 -26.443588 -62.547362 -0.000034 -23.878350 -0.000037 43.208726 9.428151 -2.873140 2.466143 -1.576206 2.681737 -3.599486 18.297693 14.126180 4.185344 14.320374 1.150404 -0.821913 0.916476 2.391520 0.000001 0.000003 -0.000008 9.109298 -0.518025 2.259871 0.173345 1.538272 -12.899483 0.025655 0.600262 -4.880798 0.025027 0.580676 -4.880790 -0.000001 -0.000001 -0.000001 9.533408 0.000034 0.000044 0.252809 1.852257 -15.573542 0.154809 1.458372 -12.158117 0.140267 1.386751 -11.551802 0.000002 -0.000000 -0.000005 9.104535 -0.043032 -1.865072 0.354988 2.186380 -18.436774 0.421700 2.376231 -20.112462 0.410902 2.346538 -19.850217 -0.000001 -0.000002 -0.000006 8.077781 -0.486863 -3.806258 2.039487 6.526179 -21.084686 0.811818 -1.058042 -26.643841 0.798637 3.020261 -26.191100 0.000001 -0.000003 -0.000003 -8.207788 -6.751668 -1.599559 -31.330597 -8.222795 4.227557 69.879221 -9.605350 -4.955164 15.864709 -7.938597 4.550090 -8.859730 -0.000008 -0.000015 -0.000002 0.000003 -0.000000 8.207790 -6.751695 -1.599553 -8.065859 5.692596 -1.216021 47.899826 -6.729845 8.238253 -27.458991 -2.927541 3.531760 -5.262729 -0.000004 -0.000000 0.000000 0.000000 -0.000000 
-17.680365 96.561310 16.581421 257.595995 82.933181 -263.706227 -0.000005 10.181575 0.131519 6.051168 -2.945279 -4.117197 9.680719 -0.331915 1.916479 9.694500 -0.271202 1.855682 -0.000001 16.740377 -2.049034 -4.385398 -2.574645 8.430336 0.000000 9.617887 1.685007 -40.401552 -5.864952 -1.238986 0.000002 22.037323 7.501105 -0.000007 0.000001 -0.000000 -4.569969 11.014906 -2.160883 0.242282 -2.923102 3.360987 -2.450547 0.282246 41.662409 0.000001 112.749471 -0.000006 29.820920 20.924162 -42.604329 -2.464804 -1.573996 2.681847 -3.957290 -16.952384 -15.272038 4.886096 -14.854306 -0.578683 -1.560132 0.883056 -1.926114 0.000004 -0.000003 0.000007 -9.108290 -0.517867 2.259836 0.092842 -1.134929 9.201084 0.142367 -1.383877 11.676516 0.137200 -1.387733 11.380560 -0.000002 0.000003 0.000004 -9.532513 -0.000057 -0.000025 0.309231 -2.055198 16.652203 0.234983 -1.738851 15.238943 0.227731 -1.808266 14.699221 -0.000000 0.000001 0.000008 -9.103599 -0.043096 -1.865133 0.681678 -3.007461 25.683417 0.394356 -2.330493 19.290201 0.370542 -2.236306 18.585746 0.000001 0.000005 0.000001 -8.076681 -0.486731 -3.806278 1.167325 -3.861900 34.121682 0.421226 -2.452317 21.330898 0.456280 -2.640154 21.664918 -0.000001 0.000002 0.000002 4.570449 11.014724 -2.160850 0.686992 -7.622828 -6.891179 -3.608292 -29.658327 -63.877917 -0.000021 -25.170195 -0.000006 41.797046 10.829976 -2.657310 2.466139 -1.576202 2.681737 -3.599484 18.297691 14.126161 4.185343 14.320376 1.150406 -0.821908 0.916479 2.391517 -0.000003 -0.000002 0.000001 9.109299 -0.518028 2.259871 0.135123 1.360114 -11.388699 0.019854 0.528639 -4.285292 0.019287 0.509057 -4.285298 0.000001 0.000000 0.000000 9.533401 0.000029 0.000045 0.207458 1.680767 -14.102312 0.139939 1.387521 -11.557864 0.127859 1.324714 -11.027310 0.000000 0.000000 0.000002 9.104543 -0.043032 -1.865074 0.300415 2.015509 -16.948508 0.400221 2.316776 -19.587760 0.392950 2.296265 -19.407117 -0.000000 -0.000001 0.000004 8.077789 -0.486868 -3.806260 1.862931 6.391653 -19.515249 0.789692 -1.099308 -26.256485 0.776870 2.978804 -25.802146 -0.000000 0.000001 0.000006 -8.207788 -6.751672 -1.599563 -36.279434 -9.684433 5.911089 67.518285 -9.597413 -6.088046 16.453431 -4.211335 3.895289 -4.130018 0.000020 -0.000008 0.000002 0.000000 0.000001 8.207789 -6.751699 -1.599552 -12.710853 8.015779 0.860358 46.173370 -7.063106 9.649123 -25.886852 -2.082793 2.531067 -4.726485 0.000019 0.000003 0.000000 0.000000 -0.000000 
-18.325823 97.460518 16.597481 295.450023 86.964352 -303.194939 -0.000005 10.181587 0.131517 5.119367 -3.995627 -3.530696 8.685025 -0.422994 2.495138 8.705535 -0.375026 2.428825 -0.000003 16.740389 -2.049038 -5.771181 -2.114480 8.223385 0.000001 9.617905 1.685014 -41.693066 -3.360500 -0.986090 0.000001 22.037354 7.501099 0.000002 0.000001 0.000001 -4.569972 11.014911 -2.160883 0.265844 -2.750370 3.569179 4.140062 -3.562028 44.181239 -0.000010 110.773770 0.000016 25.770866 19.533337 -45.299457 -2.464811 -1.573975 2.681849 -3.957290 -16.952383 -15.272042 4.886101 -14.854302 -0.578673 -1.560133 0.883059 -1.926126 0.000003 -0.000007 0.000001 -9.108296 -0.517876 2.259838 0.064061 -0.943838 7.614947 0.135138 -1.348164 11.377391 0.133622 -1.369872 11.230994 0.000001 -0.000000 0.000000 -9.532516 -0.000059 -0.000019 0.260486 -1.889857 15.236359 0.224425 -1.698768 14.898545 0.223876 -1.793536 14.574053 -0.000001 0.000001 0.000005 -9.103594 -0.043081 -1.865129 0.616440 -2.867096 24.410558 0.382656 -2.296968 18.998333 0.366460 -2.224241 18.481107 -0.000000 0.000000 -0.000002 -8.076691 -0.486722 -3.806278 1.087689 -3.739700 32.920535 0.413288 -2.430470 21.139743 0.452141 -2.629277 21.569333 -0.000003 -0.000003 0.000003 4.570445 11.014738 -2.160854 0.709555 -7.403845 -6.115638 -2.261303 -31.640756 -64.727640 -0.000019 -24.903797 0.000017 42.302206 10.489074 -2.341685 2.466140 -1.576208 2.681736 -3.599493 18.297682 14.126186 4.185343 14.320375 1.150408 -0.821908 0.916473 2.391519 0.000003 0.000001 -0.000003 9.109293 -0.518031 2.259871 0.113370 1.246825 -10.432270 0.014904 0.458982 -3.706662 0.014429 0.439400 -3.706643 0.000000 0.000000 -0.000001 9.533408 0.000028 0.000045 0.176755 1.553250 -13.014607 0.125171 1.313235 -10.929911 0.114775 1.255656 -10.444514 -0.000000 -0.000000 0.000001 9.104527 -0.043034 -1.865074 0.256600 1.865810 -15.654555 0.374465 2.243186 -18.940740 0.369747 2.229393 -18.819779 -0.000000 0.000001 -0.000006 8.077801 -0.486873 -3.806258 1.695026 6.256370 -17.990964 0.756278 -1.162951 -25.661806 0.743966 2.914854 -25.205090 0.000001 0.000001 0.000001 -8.207787 -6.751660 -1.599566 -39.955032 -9.961862 7.199550 63.832407 -9.633302 -5.710111 17.231519 -1.733549 3.603662 -3.740295 0.000013 -0.000008 -0.000000 0.000000 0.000001 8.207792 -6.751706 -1.599559 -16.978126 9.814324 2.787913 44.010245 -7.447535 10.658596 -24.214445 -1.296201 1.745137 -4.212838 0.000014 -0.000002 0.000000 0.000000 -0.000000 
-18.682472 98.320549 16.571087 370.243081 85.478458 -379.134648 -0.000007 10.181595 0.131519 3.984009 -4.904442 -3.059242 7.746021 -0.508941 3.059439 7.774563 -0.470579 2.989264 -0.000004 16.740419 -2.049031 -6.871787 -1.610678 7.969772 0.000002 9.617868 1.685013 -42.473654 -0.759676 -0.652900 -0.000000 22.037384 7.501102 0.000006 0.000002 0.000001 -4.569969 11.014909 -2.160876 0.285740 -2.600513 3.770027 9.813955 -6.361981 47.439755 0.000034 106.468804 -0.000011 24.492988 19.387693 -47.840479 -2.464811 -1.573973 2.681853 -3.957289 -16.952381 -15.272047 4.886096 -14.854302 -0.578678 -1.560134 0.883054 -1.926114 0.000003 -0.000007 0.000006 -9.108277 -0.517871 2.259844 0.038501 -0.732507 5.867682 0.125833 -1.300752 10.980829 0.128958 -1.346174 11.032715 -0.000000 0.000001 0.000000 -9.532511 -0.000039 -0.000019 0.209170 -1.696997 13.597229 0.210818 -1.645581 14.447723 0.218511 -1.772713 14.397424 -0.000001 -0.000001 -0.000000 -9.103596 -0.043068 -1.865130 0.539760 -2.690750 22.829233 0.366461 -2.249602 18.586973 0.360359 -2.206098 18.323862 0.000002 0.000002 -0.000003 -8.076693 -0.486725 -3.806277 0.986135 -3.575198 31.328647 0.400987 -2.396156 20.840340 0.445708 -2.612237 21.419588 -0.000000 0.000003 -0.000007 4.570446 11.014729 -2.160851 0.714683 -7.263055 -5.894855 -0.887164 -32.310971 -65.111647 -0.000041 -23.466539 -0.000035 43.685760 9.228357 -1.759017 2.466128 -1.576205 2.681737 -3.599472 18.297682 14.126195 4.185341 14.320372 1.150409 -0.821913 0.916478 2.391518 0.000003 0.000003 0.000004 9.109295 -0.518046 2.259871 0.107212 1.212691 -10.144713 0.012154 0.414842 -3.340156 0.011720 0.395256 -3.340125 0.000000 -0.000000 -0.000000 9.533394 0.000033 0.000045 0.164089 1.497229 -12.538330 0.115218 1.260488 -10.484915 0.105432 1.203984 -10.009207 0.000000 -0.000001 0.000002 9.104529 -0.043035 -1.865074 0.233545 1.781510 -14.929614 0.353657 2.181649 -18.401718 0.349920 2.170446 -18.303688 0.000000 -0.000000 -0.000008 8.077783 -0.486866 -3.806257 1.590601 6.168413 -17.025951 0.724419 -1.225146 -25.083760 0.712673 2.852386 -24.624833 -0.000000 -0.000002 0.000000 -8.207789 -6.751674 -1.599564 -42.203295 -8.770579 8.100819 58.997760 -9.695507 -4.003443 18.549037 -0.527097 3.447496 -3.651216 0.000026 -0.000002 -0.000001 0.000001 0.000000 8.207790 -6.751693 -1.599556 -20.249942 10.789737 4.319169 41.489462 -7.498293 10.756821 -22.570673 -0.178705 1.316626 -3.923769 -0.000008 0.000003 0.000000 0.000001 -0.000000 
-18.779879 98.985130 16.567995 385.737064 81.153705 -395.395990 -0.000008 10.181595 0.131518 2.720569 -5.313414 -2.609218 6.877721 -0.546569 3.419588 6.911314 -0.518489 3.352497 0.000002 16.740389 -2.049042 -7.653352 -1.151246 7.733000 0.000000 9.617907 1.685009 -42.868818 1.489819 -0.240874 -0.000000 22.037354 7.501106 -0.000001 0.000001 0.000001 -4.569973 11.014927 -2.160893 0.291572 -2.668139 3.989006 13.937502 -7.510338 50.911496 -0.000005 99.028652 -0.000087 25.202141 20.526696 -49.977693 -2.464792 -1.573989 2.681844 -3.957293 -16.952393 -15.272042 4.886093 -14.854306 -0.578679 -1.560129 0.883061 -1.926107 -0.000002 0.000002 0.000000 -9.108276 -0.517884 2.259834 0.020796 -0.538816 4.271433 0.115968 -1.248450 10.543900 0.123927 -1.320041 10.814240 0.000005 0.000001 -0.000001 -9.532495 -0.000058 -0.000023 0.164825 -1.509038 12.011287 0.196114 -1.586033 13.944108 0.212243 -1.748087 14.188841 -0.000001 -0.000001 0.000004 -9.103582 -0.043089 -1.865130 0.465240 -2.505194 21.185196 0.347546 -2.192777 18.094742 0.352693 -2.183046 18.124300 0.000000 -0.000002 -0.000005 -8.076696 -0.486727 -3.806281 0.879611 -3.390776 29.575341 0.384965 -2.350587 20.443393 0.437229 -2.589606 21.221060 0.000001 0.000001 -0.000001 4.570449 11.014684 -2.160858 0.711695 -7.272652 -6.023744 0.428983 -31.781376 -65.164403 -0.000036 -21.267491 0.000012 44.762837 7.792467 -0.599189 2.466125 -1.576197 2.681734 -3.599491 18.297672 14.126171 4.185344 14.320376 1.150404 -0.821912 0.916478 2.391518 0.000001 0.000002 0.000002 9.109299 -0.518044 2.259871 0.109647 1.226319 -10.259498 0.011362 0.401551 -3.229849 0.010946 0.381962 -3.229850 0.000001 0.000000 0.000000 9.533409 0.000030 0.000045 0.163846 1.496184 -12.529483 0.111241 1.238764 -10.301787 0.101394 1.181010 -9.815883 -0.000001 0.000001 0.000002 9.104522 -0.043033 -1.865073 0.228628 1.763044 -14.771220 0.342780 2.148761 -18.114251 0.338939 2.136959 -18.011229 -0.000000 0.000003 -0.000013 8.077796 -0.486872 -3.806259 1.559455 6.141589 -16.735543 0.704562 -1.264712 -24.717497 0.693150 2.812631 -24.257176 -0.000000 0.000003 -0.000001 -8.207787 -6.751675 -1.599561 -43.356432 -7.248557 8.916410 53.276268 -9.488051 -2.270467 19.925566 0.371278 3.471066 -5.191452 0.000006 -0.000008 -0.000002 -0.000001 -0.000001 8.207791 -6.751694 -1.599559 -22.762989 11.101549 5.360858 38.952794 -5.768752 10.620557 -21.306539 0.275488 0.452918 -3.980118 -0.000014 0.000001 0.000000 0.000000 -0.000000 
-18.646544 99.458717 16.635042 389.189206 76.560219 -399.282914 -0.000010 10.181578 0.131518 1.347800 -5.161022 -2.220713 6.083107 -0.524561 3.587639 6.117164 -0.508152 3.529989 0.000002 16.740389 -2.049036 -8.137298 -0.780130 7.511231 0.000001 9.617893 1.685017 -42.903898 3.281888 0.009996 0.000000 22.037338 7.501099 0.000007 -0.000001 0.000000 -4.569968 11.014918 -2.160885 0.286083 -2.967561 4.246580 16.242700 -7.333668 54.133344 0.000007 88.457705 -0.000106 26.676246 22.747807 -51.859031 -2.464807 -1.573969 2.681846 -3.957293 -16.952395 -15.272047 4.886093 -14.854309 -0.578683 -1.560141 0.883061 -1.926105 -0.000003 -0.000005 0.000001 -9.108280 -0.517878 2.259835 0.011024 -0.392593 3.068886 0.107310 -1.200603 10.144643 0.119404 -1.296137 10.614614 -0.000002 0.000000 0.000004 -9.532508 -0.000045 -0.000029 0.132857 -1.356712 10.733384 0.182812 -1.530089 13.471914 0.206169 -1.723844 13.983657 -0.000000 -0.000005 0.000008 -9.103593 -0.043070 -1.865140 0.404948 -2.342553 19.759404 0.328996 -2.135434 17.599603 0.344667 -2.158605 17.913054 0.000004 -0.000006 0.000001 -8.076689 -0.486707 -3.806284 0.787275 -3.219462 27.973776 0.367658 -2.300247 20.005989 0.427996 -2.564644 21.002313 0.000001 -0.000003 -0.000004 4.570449 11.014722 -2.160856 0.708297 -7.463802 -6.290584 1.618211 -30.338638 -65.069880 0.000002 -18.579030 0.000021 44.847968 6.477063 1.292839 2.466136 -1.576206 2.681735 -3.599484 18.297681 14.126176 4.185346 14.320380 1.150405 -0.821908 0.916481 2.391521 -0.000001 -0.000003 -0.000001 9.109313 -0.518033 2.259871 0.112367 1.241360 -10.386211 0.011680 0.406844 -3.273720 0.011252 0.387255 -3.273734 -0.000000 -0.000000 -0.000001 9.533412 0.000030 0.000044 0.166962 1.510160 -12.648172 0.111328 1.239180 -10.305327 0.101294 1.180390 -9.810660 -0.000001 0.000001 0.000001 9.104535 -0.043028 -1.865074 0.232162 1.776363 -14.885450 0.340776 2.142559 -18.060193 0.336470 2.129394 -17.945292 0.000000 -0.000000 -0.000005 8.077791 -0.486869 -3.806259 1.571833 6.152286 -16.851101 0.698635 -1.276660 -24.607152 0.687325 2.800625 -24.146438 0.000000 -0.000001 0.000002 -8.207793 -6.751678 -1.599573 -43.570009 -6.640589 9.912152 46.726195 -7.691730 -1.783692 20.742494 0.599476 4.343178 -9.728894 0.013472 -1.155360 -0.000001 -0.000001 0.000001 8.207787 -6.751706 -1.599562 -24.976011 10.939380 6.706027 36.959485 -3.640782 9.226372 -20.503972 0.401124 0.159463 -4.315061 -0.000005 -0.000004 0.000000 0.000000 -0.000000 
-18.261105 99.844940 16.750921 389.388702 72.238116 -399.372034 -0.000007 10.181583 0.131518 -0.087521 -4.688562 -2.068639 5.377779 -0.468868 3.673397 5.409693 -0.462862 3.626860 -0.000000 16.740379 -2.049037 -8.390370 -0.471996 7.269650 -0.000000 9.617877 1.685017 -42.588883 4.857285 -0.127642 0.000002 22.037369 7.501081 0.000002 0.000001 0.000000 -4.569969 11.014907 -2.160889 0.287102 -3.275619 4.556187 17.075137 -6.867163 56.979292 -0.000104 75.714341 0.000070 27.883185 25.351138 -53.557603 -2.464808 -1.573975 2.681851 -3.957289 -16.952384 -15.272043 4.886099 -14.854311 -0.578675 -1.560138 0.883056 -1.926111 -0.000001 -0.000004 -0.000004 -9.108289 -0.517873 2.259843 0.006510 -0.302073 2.325337 0.101002 -1.164511 9.843825 0.116046 -1.278121 10.464179 0.000002 -0.000007 0.000001 -9.532505 -0.000044 -0.000018 0.113393 -1.254474 9.879213 0.172694 -1.486168 13.101748 0.201275 -1.704050 13.815977 -0.000002 -0.000003 0.000001 -9.103598 -0.043081 -1.865135 0.364065 -2.224586 18.733611 0.313766 -2.087002 17.182534 0.337661 -2.137109 17.727047 0.000002 -0.000001 0.000001 -8.076682 -0.486705 -3.806274 0.720895 -3.088702 26.767306 0.352200 -2.254087 19.606273 0.419635 -2.541823 20.802371 -0.000000 -0.000002 -0.000005 4.570448 11.014725 -2.160859 0.707751 -7.781633 -6.539912 2.697454 -28.329550 -64.963124 -0.000019 -15.626578 -0.000001 43.878003 5.241138 3.808402 2.466132 -1.576199 2.681736 -3.599470 18.297689 14.126161 4.185341 14.320374 1.150406 -0.821911 0.916476 2.391522 -0.000003 -0.000002 -0.000008 9.109298 -0.518043 2.259871 0.109453 1.225347 -10.251281 0.012038 0.412693 -3.322313 0.011595 0.393110 -3.322311 -0.000000 0.000000 -0.000000 9.533403 0.000033 0.000044 0.165576 1.503980 -12.595677 0.112224 1.244215 -10.347691 0.102321 1.186203 -9.859497 -0.000001 0.000001 0.000001 9.104534 -0.043029 -1.865074 0.233557 1.781566 -14.930111 0.342487 2.147880 -18.106577 0.338189 2.134645 -17.991061 -0.000000 0.000003 -0.000006 8.077786 -0.486862 -3.806257 1.585535 6.164092 -16.978947 0.701007 -1.271917 -24.650935 0.689634 2.805391 -24.190367 -0.000001 -0.000000 0.000003 -8.207790 -6.751675 -1.599557 -42.634731 -7.194175 10.684483 39.719370 -5.420055 -2.448603 20.729284 0.753842 5.636370 -12.827566 0.063106 -2.496616 0.000001 0.000001 -0.000000 8.207787 -6.751694 -1.599559 -26.318954 11.021178 7.733544 35.122906 -1.671424 7.485696 -19.957666 0.454718 0.223972 -4.750947 0.000014 -0.000002 0.000000 0.000000 0.000000 
-17.602205 100.215469 16.880911 388.494384 68.526339 -397.743663 -0.000007 10.181581 0.131524 -1.589492 -4.272900 -2.210632 4.772454 -0.425713 3.692265 4.802417 -0.427006 3.653709 -0.000002 16.740395 -2.049038 -8.477259 -0.170943 6.987830 0.000002 9.617874 1.685012 -41.964908 6.479688 -0.597352 0.000002 22.037354 7.501105 0.000006 0.000000 -0.000001 -4.569970 11.014914 -2.160886 0.310252 -3.346985 4.927643 17.158624 -7.005703 59.541300 -0.000000 62.270992 0.000014 28.231972 27.184235 -54.702637 -2.464808 -1.573977 2.681846 -3.957291 -16.952379 -15.272043 4.886093 -14.854309 -0.578679 -1.560139 0.883054 -1.926113 -0.000000 -0.000001 -0.000001 -9.108287 -0.517867 2.259831 0.004510 -0.251646 1.911197 0.097202 -1.142168 9.657775 0.113997 -1.266974 10.371162 -0.000004 -0.000003 -0.000001 -9.532506 -0.000044 -0.000026 0.102758 -1.194788 9.381518 0.166203 -1.457268 12.858628 0.198003 -1.690677 13.702914 0.000003 -0.000001 0.000002 -9.103600 -0.043073 -1.865135 0.340349 -2.152850 18.112881 0.303273 -2.052908 16.889308 0.332617 -2.121401 17.591663 -0.000001 0.000001 0.000003 -8.076702 -0.486693 -3.806281 0.681230 -3.007132 26.021322 0.340743 -2.219262 19.305021 0.413398 -2.524590 20.651702 -0.000001 0.000008 -0.000009 4.570445 11.014753 -2.160861 0.711106 -8.110282 -6.676149 3.818001 -26.008271 -64.882829 -0.000013 -12.746531 -0.000009 42.195396 4.060188 6.560261 2.466128 -1.576187 2.681736 -3.599491 18.297681 14.126178 4.185341 14.320371 1.150408 -0.821906 0.916485 2.391522 -0.000001 -0.000003 -0.000012 9.109293 -0.518040 2.259871 0.099488 1.168615 -9.773753 0.011666 0.406476 -3.270727 0.011222 0.386890 -3.270725 0.000001 -0.000002 0.000001 9.533388 0.000035 0.000045 0.156285 1.461684 -12.236639 0.111348 1.239316 -10.306415 0.101957 1.184220 -9.842959 0.000001 -0.000004 -0.000001 9.104530 -0.043026 -1.865072 0.226398 1.754543 -14.698289 0.342637 2.148271 -18.110014 0.338961 2.137069 -18.012261 -0.000000 0.000001 -0.000008 8.077778 -0.486875 -3.806259 1.570986 6.151549 -16.843173 0.703582 -1.266661 -24.699479 0.692216 2.810670 -24.239091 -0.000001 0.000002 -0.000003 -8.207790 -6.751665 -1.599560 -40.824618 -8.158700 10.579336 32.988676 -4.355187 -2.840194 20.118834 0.763677 6.012884 -13.741841 0.114017 -3.353727 -0.000001 -0.000001 -0.000001 8.207789 -6.751698 -1.599554 -26.422778 11.519915 7.903004 32.989257 0.158998 6.007170 -19.466847 0.496343 0.360271 -5.138497 0.000023 0.000007 0.000000 0.000000 0.000000 
-16.707945 100.526390 17.063593 388.057744 65.339441 -396.075539 0.000000 10.181576 0.131519 -3.292362 -4.182710 -2.554396 4.247962 -0.428808 3.581797 4.277550 -0.436359 3.546314 0.000001 16.740408 -2.049037 -8.416904 0.161991 6.645209 0.000000 9.617897 1.685005 -41.056837 8.180261 -1.074197 0.000001 22.037354 7.501099 -0.000004 0.000003 0.000000 -4.569972 11.014938 -2.160886 0.347358 -3.169294 5.311963 17.060993 -7.760359 61.957056 -0.000011 49.409384 0.000002 27.575113 27.180289 -54.746176 -2.464800 -1.573960 2.681844 -3.957288 -16.952384 -15.272052 4.886098 -14.854304 -0.578671 -1.560135 0.883054 -1.926120 0.000003 -0.000001 0.000004 -9.108297 -0.517875 2.259840 0.003165 -0.210962 1.577183 0.095109 -1.129709 9.554157 0.112869 -1.260772 10.319343 0.000002 0.000004 -0.000006 -9.532517 -0.000037 -0.000023 0.095658 -1.153206 9.035269 0.162406 -1.440026 12.713612 0.196118 -1.682948 13.637763 -0.000000 0.000005 0.000002 -9.103597 -0.043070 -1.865126 0.326350 -2.109232 17.736471 0.297002 -2.032205 16.711796 0.329578 -2.111921 17.509740 0.000000 0.000002 -0.000007 -8.076674 -0.486702 -3.806273 0.659602 -2.961517 25.605905 0.333775 -2.197667 19.118704 0.409548 -2.513909 20.558502 0.000001 -0.000000 -0.000000 4.570446 11.014725 -2.160854 0.716126 -8.328675 -6.699956 5.215655 -23.446889 -64.805361 -0.000022 -10.391475 -0.000015 40.259642 3.114195 9.033885 2.466136 -1.576216 2.681739 -3.599505 18.297694 14.126205 4.185345 14.320379 1.150409 -0.821915 0.916471 2.391515 0.000003 0.000005 0.000000 9.109310 -0.518052 2.259871 0.084599 1.078172 -9.013918 0.010411 0.384455 -3.087909 0.009984 0.364865 -3.087916 -0.000000 -0.000001 0.000000 9.533412 0.000027 0.000044 0.140162 1.385053 -11.587262 0.107554 1.218426 -10.130499 0.099176 1.167930 -9.705775 0.000001 -0.000001 0.000002 9.104535 -0.043032 -1.865073 0.210015 1.690950 -14.153644 0.338106 2.134402 -17.988992 0.335734 2.127097 -17.925268 0.000001 -0.000002 0.000001 8.077789 -0.486868 -3.806260 1.519592 6.106876 -16.361962 0.700841 -1.272235 -24.648063 0.689489 2.805086 -24.187510 -0.000001 -0.000006 0.000006 -8.207780 -6.751680 -1.599567 -39.161614 -8.590907 9.443977 27.261802 -6.025525 -2.003077 19.121548 0.516431 4.336320 -12.940187 0.135829 -3.666839 -0.000001 0.000000 0.000000 8.207793 -6.751710 -1.599563 -25.850123 12.053295 7.222587 30.628945 2.099287 4.888182 -19.008586 0.545433 0.411968 -5.376608 0.000037 0.000001 0.000000 -0.000001 -0.000000 
-15.609443 100.681473 17.391552 388.369938 62.311146 -394.736549 -0.000002 10.181593 0.131522 -5.312236 -4.429020 -3.020589 3.759532 -0.478706 3.361151 3.789841 -0.494714 3.325386 -0.000001 16.740425 -2.049041 -8.169331 0.546980 6.193083 0.000000 9.617896 1.685020 -39.824890 9.858834 -1.233358 0.000004 22.037354 7.501096 0.000002 -0.000002 -0.000001 -4.569974 11.014930 -2.160886 0.367850 -2.984962 5.553365 16.944439 -8.281485 64.375277 0.000021 37.809335 -0.000008 26.208286 24.937224 -53.333047 -2.464796 -1.573969 2.681850 -3.957289 -16.952383 -15.272043 4.886097 -14.854304 -0.578677 -1.560138 0.883062 -1.926112 0.000002 -0.000007 -0.000001 -9.108277 -0.517861 2.259835 0.001628 -0.151843 1.092050 0.093448 -1.119680 9.470626 0.111949 -1.255768 10.277581 -0.000001 0.000000 -0.000003 -9.532500 -0.000049 -0.000030 0.087337 -1.102297 8.611886 0.159486 -1.426740 12.601976 0.194900 -1.677868 13.594803 0.000001 -0.000000 0.000010 -9.103592 -0.043058 -1.865134 0.312966 -2.066524 17.368869 0.292936 -2.018716 16.595930 0.327821 -2.106340 17.461848 0.000000 -0.000000 0.000001 -8.076673 -0.486709 -3.806279 0.642412 -2.924586 25.271039 0.329910 -2.185657 19.014953 0.407410 -2.507954 20.506583 0.000000 0.000002 0.000002 4.570446 11.014709 -2.160856 0.715685 -8.345636 -6.709694 7.072616 -20.545388 -64.705715 -0.000020 -8.940315 -0.000029 38.497268 2.636463 10.818703 2.466155 -1.576220 2.681738 -3.599496 18.297679 14.126186 4.185348 14.320380 1.150407 -0.821913 0.916473 2.391516 0.000001 0.000002 -0.000003 9.109321 -0.518041 2.259870 0.068224 0.968873 -8.097883 0.008592 0.349390 -2.796963 0.008193 0.329798 -2.796940 -0.000000 -0.000001 -0.000001 9.533424 0.000030 0.000043 0.120648 1.285922 -10.749689 0.101334 1.182993 -9.832196 0.094068 1.137876 -9.453214 -0.000001 -0.000002 0.000004 9.104547 -0.043033 -1.865075 0.187632 1.599629 -13.373917 0.328659 2.105165 -17.734091 0.327964 2.102900 -17.714318 0.000001 0.000000 -0.000001 8.077802 -0.486869 -3.806259 1.438603 6.034853 -15.596199 0.691059 -1.292005 -24.465582 0.679880 2.785218 -24.004322 0.000001 -0.000006 -0.000001 -8.207785 -6.751673 -1.599558 -38.236021 -8.110965 7.835354 23.010839 -9.505983 -0.415879 17.547999 -1.063643 1.216188 -11.797203 0.120433 -2.606028 0.000000 -0.000001 -0.000000 8.207792 -6.751697 -1.599558 -25.263089 12.598191 6.060744 28.437773 4.237100 3.955807 -18.765417 0.597415 0.347665 -5.384910 -0.000004 -0.000002 0.000001 -0.000000 -0.000000 
-14.300811 100.630005 17.939766 388.331034 59.121113 -392.753827 -0.000004 10.181586 0.131521 -7.520350 -4.788137 -3.536368 3.259822 -0.546828 3.112875 3.290075 -0.573626 3.076703 -0.000002 16.740412 -2.049038 -7.663025 0.996983 5.611885 0.000001 9.617880 1.685018 -38.209468 11.512808 -0.963327 0.000002 22.037354 7.501110 -0.000009 -0.000001 -0.000000 -4.569975 11.014931 -2.160886 0.341095 -3.162124 5.452563 16.848367 -7.621541 67.004197 -0.000009 27.700718 0.000003 24.724834 21.136109 -50.581017 -2.464808 -1.573958 2.681850 -3.957288 -16.952383 -15.272040 4.886096 -14.854307 -0.578675 -1.560140 0.883063 -1.926111 0.000002 -0.000000 0.000000 -9.108280 -0.517861 2.259839 0.000269 -0.063795 0.369466 0.091054 -1.105080 9.349346 0.110640 -1.248509 10.216913 -0.000000 -0.000001 0.000002 -9.532508 -0.000050 -0.000023 0.075686 -1.026814 7.985059 0.155806 -1.409730 12.458973 0.193442 -1.671820 13.543747 -0.000000 -0.000002 0.000005 -9.103598 -0.043074 -1.865128 0.293817 -2.003767 16.829724 0.288638 -2.004261 16.472120 0.326180 -2.101202 17.417437 -0.000000 -0.000001 0.000002 -8.076675 -0.486729 -3.806280 0.617833 -2.870808 24.784827 0.326818 -2.175958 18.931322 0.405696 -2.503163 20.464792 0.000000 -0.000000 -0.000005 4.570442 11.014734 -2.160858 0.706404 -8.120726 -6.761556 9.384061 -17.097482 -64.591958 -0.000014 -8.470807 -0.000004 37.323927 2.636792 11.697723 2.466151 -1.576195 2.681740 -3.599495 18.297676 14.126169 4.185344 14.320377 1.150405 -0.821913 0.916473 2.391519 0.000003 0.000003 -0.000007 9.109303 -0.518031 2.259872 0.053546 0.858936 -7.178582 0.006620 0.307091 -2.446047 0.006276 0.287500 -2.446076 0.000002 -0.000001 -0.000000 9.533418 0.000026 0.000045 0.101567 1.180744 -9.863499 0.093796 1.138588 -9.458898 0.087673 1.098791 -9.124837 0.000001 -0.000004 -0.000001 9.104524 -0.043028 -1.865074 0.163739 1.495593 -12.488747 0.315864 2.064798 -17.382779 0.316854 2.067845 -17.409220 0.000002 -0.000000 0.000002 8.077793 -0.486878 -3.806258 1.342249 5.946600 -14.673024 0.675625 -1.323556 -24.175023 0.664730 2.753531 -23.712704 0.000002 -0.000002 0.000010 -8.207788 -6.751668 -1.599562 -37.601424 -7.273937 6.580008 20.081366 -9.861709 0.936257 15.084830 -6.991922 -1.308007 -11.269321 0.010617 -0.165782 -0.000000 -0.000003 -0.000000 8.207791 -6.751699 -1.599556 -24.580080 13.534965 4.816675 26.770467 6.557501 3.009676 -18.997522 0.649685 0.155919 -5.230488 0.000028 -0.000001 0.000000 -0.000000 -0.000000 
-12.797058 100.398872 18.738443 386.916283 55.697375 -389.487494 -0.000004 10.181583 0.131520 -9.536880 -4.917764 -3.848035 2.690413 -0.593047 2.739181 2.717025 -0.626895 2.705317 -0.000001 16.740372 -2.049036 -6.844798 1.499494 5.013866 0.000003 9.617864 1.684998 -36.217283 13.218173 -0.299243 0.000003 22.037369 7.501083 0.000006 0.000002 -0.000001 -4.569970 11.014926 -2.160885 0.247803 -4.140051 4.902221 17.113688 -5.526161 70.135196 -0.000001 19.295322 -0.000000 23.688155 17.317668 -47.080258 -2.464815 -1.573981 2.681848 -3.957284 -16.952383 -15.272054 4.886096 -14.854312 -0.578667 -1.560135 0.883057 -1.926119 0.000004 -0.000004 0.000006 -9.108292 -0.517861 2.259841 0.000101 0.042096 -0.499565 0.087539 -1.083362 9.168664 0.108692 -1.237686 10.126589 -0.000001 -0.000001 -0.000007 -9.532511 -0.000054 -0.000021 0.062096 -0.930906 7.189866 0.150628 -1.385453 12.255174 0.191251 -1.662660 13.466398 -0.000000 -0.000003 0.000008 -9.103602 -0.043089 -1.865130 0.268447 -1.917146 16.088319 0.282479 -1.983436 16.293490 0.323773 -2.093575 17.351699 0.000002 -0.000003 0.000001 -8.076698 -0.486726 -3.806274 0.582065 -2.790361 24.060673 0.322335 -2.161880 18.809950 0.403219 -2.496215 20.404075 0.000001 -0.000003 -0.000003 4.570446 11.014723 -2.160855 0.698275 -7.699158 -6.698214 11.928328 -12.878953 -64.506663 -0.000007 -8.686768 -0.000009 37.175880 2.804491 11.583861 2.466144 -1.576195 2.681733 -3.599494 18.297681 14.126180 4.185344 14.320380 1.150402 -0.821912 0.916478 2.391521 0.000003 0.000004 -0.000001 9.109308 -0.518033 2.259871 0.043072 0.770480 -6.440339 0.004856 0.264631 -2.093893 0.004601 0.245036 -2.093910 0.000001 -0.000000 0.000000 9.533429 0.000035 0.000047 0.086381 1.089574 -9.097348 0.086332 1.092763 -9.074008 0.081111 1.057121 -8.775146 -0.000001 0.000000 0.000000 9.104536 -0.043037 -1.865075 0.142668 1.397295 -11.655161 0.302039 2.020049 -16.994037 0.304386 2.027713 -17.060638 -0.000001 -0.000001 0.000003 8.077811 -0.486871 -3.806259 1.247032 5.856478 -13.746762 0.657191 -1.361712 -23.824632 0.646671 2.715202 -23.361011 0.000002 -0.000001 0.000001 -8.207788 -6.751681 -1.599569 -37.044016 -7.255151 5.881183 19.722952 -9.887047 1.629857 8.843745 -11.391565 -3.927082 -7.001083 0.000027 -0.000008 0.000000 0.000001 -0.000000 8.207790 -6.751710 -1.599561 -23.284724 14.776281 3.714829 25.757116 9.282412 2.058940 -19.807981 0.739433 -0.309530 -5.159763 0.000022 0.000000 -0.000000 -0.000000 -0.000000 
