HIERARCHY
ROOT Hips
{
	OFFSET -0.000008 104.274872 1.554316
	CHANNELS 6 Xposition Yposition Zposition Xrotation Yrotation Zrotation
	JOINT Spine
	{
		OFFSET -0.000005 10.181587 0.131521
		CHANNELS 6 Xposition Yposition Zposition Xrotation Yrotation Zrotation
		JOINT Spine1
		{
			OFFSET -0.000000 9.893967 -1.470711
			CHANNELS 3 Xrotation Yrotation Zrotation
			JOINT Spine2
			{
				OFFSET -0.000000 9.220772 -1.370643
				CHANNELS 3 Xrotation Yrotation Zrotation
				JOINT Neck
				{
					OFFSET 0.000001 16.740387 -2.049035
					CHANNELS 6 Xposition Yposition Zposition Xrotation Yrotation Zrotation
					JOINT Head
					{
						OFFSET 0.000000 9.617889 1.685008
						CHANNELS 6 Xposition Yposition Zposition Xrotation Yrotation Zrotation
						JOINT HeadTop_End
						{
							OFFSET 0.000002 22.037369 7.501095
							CHANNELS 6 Xposition Yposition Zposition Xrotation Yrotation Zrotation
							End Site
							{
								OFFSET 0.000002 23.106552 -2.828258
							}
						}
					}
				}
				JOINT RightShoulder
				{
					OFFSET -4.569969 11.014908 -2.160884
					CHANNELS 6 Xposition Yposition Zposition Xrotation Yrotation Zrotation
					JOINT RightArm
					{
						OFFSET -10.592846 -0.524811 -2.232097
						CHANNELS 3 Xrotation Yrotation Zrotation
						JOINT RightForeArm
						{
							OFFSET -27.841518 0.000000 -0.000004
							CHANNELS 3 Xrotation Yrotation Zrotation
							JOINT RightHand
							{
								OFFSET -28.328838 0.000000 0.000019
								CHANNELS 3 Xrotation Yrotation Zrotation
								JOINT RightHandThumb1
								{
									OFFSET -2.464806 -1.573990 2.681852
									CHANNELS 6 Xposition Yposition Zposition Xrotation Yrotation Zrotation
									JOINT RightHandThumb2
									{
										OFFSET -3.215187 -1.872772 1.924281
										CHANNELS 3 Xrotation Yrotation Zrotation
										JOINT RightHandThumb3
										{
											OFFSET -2.654839 -1.527985 1.512611
											CHANNELS 3 Xrotation Yrotation Zrotation
											JOINT RightHandThumb4
											{
												OFFSET -2.018822 -1.152008 1.108052
												CHANNELS 3 Xrotation Yrotation Zrotation
												End Site
												{
													OFFSET -1.888100 -1.145340 1.324313
												}
											}
										}
									}
								}
								JOINT RightHandIndex1
								{
									OFFSET -9.108284 -0.517868 2.259834
									CHANNELS 6 Xposition Yposition Zposition Xrotation Yrotation Zrotation
									JOINT RightHandIndex2
									{
										OFFSET -3.699997 0.000015 0.001215
										CHANNELS 3 Xrotation Yrotation Zrotation
										JOINT RightHandIndex3
										{
											OFFSET -2.850006 0.000000 -0.000521
											CHANNELS 3 Xrotation Yrotation Zrotation
											JOINT RightHandIndex4
											{
												OFFSET -2.772186 0.000000 -0.000020
												CHANNELS 3 Xrotation Yrotation Zrotation
												End Site
												{
													OFFSET -2.772186 0.000000 -0.000502
												}
											}
										}
									}
								}
								JOINT RightHandMiddle1
								{
									OFFSET -9.532501 -0.000046 -0.000025
									CHANNELS 6 Xposition Yposition Zposition Xrotation Yrotation Zrotation
									JOINT RightHandMiddle2
									{
										OFFSET -3.699997 0.000015 0.003713
										CHANNELS 3 Xrotation Yrotation Zrotation
										JOINT RightHandMiddle3
										{
											OFFSET -2.949997 0.000000 -0.002054
											CHANNELS 3 Xrotation Yrotation Zrotation
											JOINT RightHandMiddle4
											{
												OFFSET -2.946632 0.000015 -0.000155
												CHANNELS 3 Xrotation Yrotation Zrotation
												End Site
												{
													OFFSET -2.946625 0.000000 -0.001135
												}
											}
										}
									}
								}
								JOINT RightHandRing1
								{
									OFFSET -9.103592 -0.043076 -1.865134
									CHANNELS 6 Xposition Yposition Zposition Xrotation Yrotation Zrotation
									JOINT RightHandRing2
									{
										OFFSET -3.379272 0.000000 -0.001054
										CHANNELS 3 Xrotation Yrotation Zrotation
										JOINT RightHandRing3
										{
											OFFSET -2.889687 0.000000 0.000379
											CHANNELS 3 Xrotation Yrotation Zrotation
											JOINT RightHandRing4
											{
												OFFSET -2.638817 0.000000 0.000942
												CHANNELS 3 Xrotation Yrotation Zrotation
												End Site
												{
													OFFSET -2.638802 0.000000 0.005160
												}
											}
										}
									}
								}
								JOINT RightHandPinky1
								{
									OFFSET -8.076675 -0.486710 -3.806279
									CHANNELS 6 Xposition Yposition Zposition Xrotation Yrotation Zrotation
									JOINT RightHandPinky2
									{
										OFFSET -3.599998 -0.000031 -0.003747
										CHANNELS 3 Xrotation Yrotation Zrotation
										JOINT RightHandPinky3
										{
											OFFSET -2.099991 -0.000015 -0.005740
											CHANNELS 3 Xrotation Yrotation Zrotation
											JOINT RightHandPinky4
											{
												OFFSET -2.115776 -0.000015 -0.003680
												CHANNELS 3 Xrotation Yrotation Zrotation
												End Site
												{
													OFFSET -2.115784 -0.000015 -0.003507
												}
											}
										}
									}
								}
							}
						}
					}
				}
				JOINT LeftShoulder
				{
					OFFSET 4.570447 11.014709 -2.160855
					CHANNELS 6 Xposition Yposition Zposition Xrotation Yrotation Zrotation
					JOINT LeftArm
					{
						OFFSET 10.592369 -0.524597 -2.232120
						CHANNELS 3 Xrotation Yrotation Zrotation
						JOINT LeftForeArm
						{
							OFFSET 27.841522 -0.000031 0.000023
							CHANNELS 3 Xrotation Yrotation Zrotation
							JOINT LeftHand
							{
								OFFSET 28.328835 -0.000031 0.000018
								CHANNELS 3 Xrotation Yrotation Zrotation
								JOINT LeftHandThumb1
								{
									OFFSET 2.466141 -1.576187 2.681734
									CHANNELS 6 Xposition Yposition Zposition Xrotation Yrotation Zrotation
									JOINT LeftHandThumb2
									{
										OFFSET 3.217804 -1.872055 1.916487
										CHANNELS 3 Xrotation Yrotation Zrotation
										JOINT LeftHandThumb3
										{
											OFFSET 2.656013 -1.528809 1.514505
											CHANNELS 3 Xrotation Yrotation Zrotation
											JOINT LeftHandThumb4
											{
												OFFSET 2.020889 -1.154068 1.115134
												CHANNELS 3 Xrotation Yrotation Zrotation
												End Site
												{
													OFFSET 1.908852 -1.150833 1.300489
												}
											}
										}
									}
								}
								JOINT LeftHandIndex1
								{
									OFFSET 9.109306 -0.518036 2.259871
									CHANNELS 6 Xposition Yposition Zposition Xrotation Yrotation Zrotation
									JOINT LeftHandIndex2
									{
										OFFSET 3.699997 -0.000015 -0.000323
										CHANNELS 3 Xrotation Yrotation Zrotation
										JOINT LeftHandIndex3
										{
											OFFSET 2.850006 -0.000015 0.000350
											CHANNELS 3 Xrotation Yrotation Zrotation
											JOINT LeftHandIndex4
											{
												OFFSET 2.774864 0.000000 -0.000027
												CHANNELS 3 Xrotation Yrotation Zrotation
												End Site
												{
													OFFSET 2.774872 -0.000015 -0.000099
												}
											}
										}
									}
								}
								JOINT LeftHandMiddle1
								{
									OFFSET 9.533401 0.000031 0.000044
									CHANNELS 6 Xposition Yposition Zposition Xrotation Yrotation Zrotation
									JOINT LeftHandMiddle2
									{
										OFFSET 3.699997 -0.000015 -0.000231
										CHANNELS 3 Xrotation Yrotation Zrotation
										JOINT LeftHandMiddle3
										{
											OFFSET 2.950005 0.000000 -0.000060
											CHANNELS 3 Xrotation Yrotation Zrotation
											JOINT LeftHandMiddle4
											{
												OFFSET 2.952858 0.000000 0.000063
												CHANNELS 3 Xrotation Yrotation Zrotation
												End Site
												{
													OFFSET 2.952866 0.000000 0.000228
												}
											}
										}
									}
								}
								JOINT LeftHandRing1
								{
									OFFSET 9.104530 -0.043030 -1.865074
									CHANNELS 6 Xposition Yposition Zposition Xrotation Yrotation Zrotation
									JOINT LeftHandRing2
									{
										OFFSET 3.150002 -0.000015 0.000042
										CHANNELS 3 Xrotation Yrotation Zrotation
										JOINT LeftHandRing3
										{
											OFFSET 2.949997 0.000000 0.000037
											CHANNELS 3 Xrotation Yrotation Zrotation
											JOINT LeftHandRing4
											{
												OFFSET 2.644318 -0.000015 0.000059
												CHANNELS 3 Xrotation Yrotation Zrotation
												End Site
												{
													OFFSET 2.644318 0.000000 0.000121
												}
											}
										}
									}
								}
								JOINT LeftHandPinky1
								{
									OFFSET 8.077782 -0.486877 -3.806256
									CHANNELS 6 Xposition Yposition Zposition Xrotation Yrotation Zrotation
									JOINT LeftHandPinky2
									{
										OFFSET 3.599968 0.000031 0.014726
										CHANNELS 3 Xrotation Yrotation Zrotation
										JOINT LeftHandPinky3
										{
											OFFSET 2.099991 0.000015 0.007705
											CHANNELS 3 Xrotation Yrotation Zrotation
											JOINT LeftHandPinky4
											{
												OFFSET 2.125511 0.000015 0.007514
												CHANNELS 3 Xrotation Yrotation Zrotation
												End Site
												{
													OFFSET 2.125526 0.000015 0.006258
												}
											}
										}
									}
								}
							}
						}
					}
				}
			}
		}
	}
	JOINT RightUpLeg
	{
		OFFSET -8.207787 -6.751671 -1.599560
		CHANNELS 6 Xposition Yposition Zposition Xrotation Yrotation Zrotation
		JOINT RightLeg
		{
			OFFSET -0.000001 -44.370113 0.345939
			CHANNELS 3 Xrotation Yrotation Zrotation
			JOINT RightFoot
			{
				OFFSET 0.000001 -44.423676 -3.043536
				CHANNELS 3 Xrotation Yrotation Zrotation
				JOINT RightToeBase
				{
					OFFSET -0.000003 -8.728670 10.710561
					CHANNELS 3 Xrotation Yrotation Zrotation
					JOINT RightToe_End
					{
						OFFSET -0.000003 -0.000677 9.278120
						CHANNELS 3 Xrotation Yrotation Zrotation
						End Site
						{
							OFFSET -0.000003 -0.000677 9.278120
						}
					}
				}
			}
		}
	}
	JOINT LeftUpLeg
	{
		OFFSET 8.207791 -6.751701 -1.599555
		CHANNELS 6 Xposition Yposition Zposition Xrotation Yrotation Zrotation
		JOINT LeftLeg
		{
			OFFSET -0.000002 -44.370033 0.346958
			CHANNELS 3 Xrotation Yrotation Zrotation
			JOINT LeftFoot
			{
				OFFSET 0.000000 -44.423653 -3.044392
				CHANNELS 3 Xrotation Yrotation Zrotation
				JOINT LeftToeBase
				{
					OFFSET -0.000003 -8.728668 10.710560
					CHANNELS 3 Xrotation Yrotation Zrotation
					JOINT LeftToe_End
					{
						OFFSET -0.000003 -0.000677 9.278137
						CHANNELS 3 Xrotation Yrotation Zrotation
						End Site
						{
							OFFSET -0.000003 -0.000677 9.278137
						}
					}
				}
			}
		}
	}
}
MOTION
Frames: 250
Frame Time: 0.033333
1.033362 94.198807 1.778114 -6.571653 25.356056 1.612535 -0.000005 10.181589 0.131523 -0.413853 -10.356697 -7.761615 0.828555 -1.391563 2.634490 0.905841 -1.384791 2.608684 0.000002 16.740391 -2.049033 7.261464 -1.209575 -1.031720 0.000001 9.617887 1.685011 19.438611 -7.448603 -0.558118 0.000003 22.037354 7.501096 -0.000002 0.000000 -0.000000 -4.569968 11.014890 -2.160885 -0.771199 -3.722775 -11.830977 4.647603 10.832872 -10.517154 0.000004 39.248480 -0.000003 22.126364 6.258526 -62.545927 -2.464792 -1.573980 2.681839 -2.591559 -5.784499 -15.442493 5.122757 -17.557625 -0.755087 -1.560135 0.883071 -1.926128 0.000007 -0.000001 0.000004 -9.108274 -0.517887 2.259828 0.098572 1.169088 -9.793364 0.011652 -0.384528 3.397360 0.011951 -0.418840 3.355716 0.000001 0.000000 -0.000003 -9.532496 -0.000063 -0.000032 0.095522 1.152299 -9.970885 0.006176 -0.238772 2.758980 0.000006 -0.051845 0.122623 0.000000 -0.000003 -0.000003 -9.103579 -0.043097 -1.865144 0.011574 0.401957 -3.153041 0.001407 -0.158330 1.090779 0.000133 -0.041501 0.234639 -0.000002 0.000006 -0.000001 -8.076668 -0.486730 -3.806278 0.050941 -0.843848 7.429747 0.008145 -0.431298 4.335270 0.007837 -0.501912 3.652258 -0.000001 0.000000 0.000007 4.570440 11.014713 -2.160857 3.719927 -7.105009 26.198613 -58.399641 -37.958623 -35.510362 -0.000050 -42.363852 -0.000026 2.027622 10.834303 22.167960 2.466148 -1.576213 2.681734 -3.074602 10.549500 15.520756 4.126574 13.590310 1.096806 -0.821919 0.916481 2.391523 -0.000003 -0.000001 0.000004 9.109304 -0.518052 2.259870 0.016446 -0.476742 3.911543 0.029883 0.647243 -5.271822 0.046416 0.792799 -6.647688 0.000000 0.000001 -0.000002 9.533419 0.000040 0.000043 0.000214 -0.054921 0.425325 0.048337 0.819730 -6.788904 0.108416 1.220795 -10.150810 0.000001 0.000003 -0.000002 9.104526 -0.043036 -1.865075 0.003746 0.227543 -1.879935 0.085182 1.081214 -8.997370 0.164412 1.497950 -12.514769 0.000000 0.000002 -0.000001 8.077783 -0.486863 -3.806262 0.370905 4.863098 -4.388524 0.298907 -2.269748 -15.744551 0.306185 1.834308 -15.519797 -0.000000 -0.000001 0.000001 -8.207787 -6.751662 -1.599566 -33.105500 0.077971 -5.108401 56.430623 -6.944680 1.542757 -0.907503 7.251356 2.839252 -12.427165 -0.061208 1.052291 0.000000 -0.000001 -0.000000 8.207790 -6.751692 -1.599555 -5.496778 3.392936 0.890957 51.421236 -3.633587 -2.731244 -20.173281 -3.295074 7.469245 -19.194039 0.009769 -0.494458 0.000000 0.000001 -0.000000 
0.757728 94.300964 4.817580 -6.732965 27.851387 -0.134170 -0.000004 10.181578 0.131521 -1.350235 -11.864266 -7.557568 1.270724 -1.577231 3.533872 1.370526 -1.571166 3.499029 0.000001 16.740398 -2.049035 7.048456 -1.316261 -1.076345 0.000000 9.617874 1.685008 19.004201 -7.936355 -1.078292 0.000004 22.037354 7.501096 -0.000001 -0.000000 -0.000001 -4.569969 11.014913 -2.160883 -1.301929 -5.693434 -11.527868 4.811005 10.526988 -10.750982 0.000001 36.109093 -0.000009 21.263765 8.376372 -62.694703 -2.464799 -1.573959 2.681839 -2.591555 -5.784501 -15.442493 5.122757 -17.557618 -0.755098 -1.560141 0.883063 -1.926116 0.000004 -0.000004 0.000000 -9.108271 -0.517873 2.259840 0.103245 1.196388 -10.020774 0.014828 -0.436110 3.821567 0.012778 -0.433055 3.472609 -0.000001 0.000000 0.000001 -9.532498 -0.000033 -0.000032 0.100201 1.180000 -10.201528 0.006405 -0.243751 2.799883 -0.000009 -0.054320 0.143053 0.000001 0.000003 0.000000 -9.103577 -0.043068 -1.865129 0.014548 0.450593 -3.552935 0.001149 -0.144285 0.975496 0.000086 -0.034469 0.177000 0.000005 0.000001 0.000003 -8.076658 -0.486706 -3.806275 0.045013 -0.793901 7.016918 0.006994 -0.408973 4.151911 0.007867 -0.502494 3.657072 0.000004 0.000001 0.000004 4.570440 11.014748 -2.160855 4.159854 -8.334260 26.301040 -56.104998 -37.656817 -33.437963 -0.000066 -44.620277 -0.000016 4.535316 11.355825 23.312974 2.466110 -1.576188 2.681734 -3.074597 10.549494 15.520741 4.126573 13.590304 1.096798 -0.821917 0.916485 2.391521 -0.000001 0.000001 -0.000003 9.109283 -0.518050 2.259870 0.018186 -0.501187 4.114550 0.026445 0.609227 -4.955319 0.044233 0.773816 -6.489432 0.000000 0.000000 -0.000003 9.533389 0.000034 0.000041 0.000451 -0.079429 0.628311 0.043927 0.781795 -6.472384 0.105077 1.201993 -9.992518 0.000000 0.000002 0.000002 9.104503 -0.043050 -1.865075 0.003965 0.234157 -1.934815 0.084941 1.079681 -8.984515 0.164241 1.497190 -12.508377 -0.000000 0.000001 0.000006 8.077767 -0.486861 -3.806262 0.375580 4.869338 -4.443634 0.298435 -2.271203 -15.731727 0.305951 1.833559 -15.513373 0.000000 -0.000001 -0.000004 -8.207787 -6.751667 -1.599559 -30.565414 -1.608410 -2.916286 56.573586 -7.563456 3.110932 -2.795186 5.252025 -1.152550 -14.321445 -0.197670 3.876026 0.000000 -0.000001 -0.000000 8.207791 -6.751698 -1.599556 -3.943426 3.424649 4.274509 51.036044 -3.853050 -0.871888 -20.211705 -5.399258 4.811038 -20.561856 -0.002854 0.276933 -0.000000 -0.000001 0.000000 
0.473284 94.425072 8.027177 -6.746963 30.129634 -2.470657 -0.000008 10.181601 0.131521 -2.182188 -13.048846 -7.068135 1.510639 -1.714522 4.213807 1.628905 -1.713703 4.171569 0.000001 16.740379 -2.049033 7.059644 -1.487988 -0.910685 0.000001 9.617867 1.685007 18.798023 -8.445838 -1.296993 0.000002 22.037354 7.501099 0.000003 0.000000 0.000001 -4.569969 11.014921 -2.160882 -1.742094 -7.533892 -10.828109 5.113816 9.887226 -11.195967 -0.000002 32.859702 0.000017 20.083415 10.382338 -62.770299 -2.464796 -1.573980 2.681849 -2.591562 -5.784488 -15.442493 5.122764 -17.557619 -0.755095 -1.560141 0.883071 -1.926121 -0.000001 -0.000006 0.000000 -9.108279 -0.517873 2.259838 0.105499 1.209392 -10.128944 0.015313 -0.443437 3.881695 0.013515 -0.444723 3.568481 0.000000 0.000004 -0.000000 -9.532492 -0.000050 -0.000021 0.102121 1.191155 -10.294413 0.006467 -0.246055 2.818795 0.000029 -0.055482 0.152498 0.000002 0.000007 0.000000 -9.103590 -0.043078 -1.865133 0.015937 0.471873 -3.727864 0.001031 -0.138628 0.929073 0.000082 -0.031640 0.153784 0.000002 0.000001 0.000000 -8.076682 -0.486708 -3.806280 0.042048 -0.767517 6.799161 0.000943 -0.254542 2.883984 0.006052 -0.463841 3.339707 -0.000001 -0.000004 -0.000000 4.570440 11.014725 -2.160853 5.381502 -11.058601 27.631221 -52.877043 -36.768725 -30.100039 -0.000058 -48.233795 -0.000016 7.861009 12.465805 25.090633 2.466152 -1.576189 2.681738 -3.074602 10.549495 15.520741 4.126576 13.590303 1.096806 -0.821914 0.916486 2.391519 0.000003 0.000007 -0.000003 9.109303 -0.518049 2.259872 0.018143 -0.500642 4.110001 0.025581 0.599233 -4.872213 0.043673 0.768844 -6.447880 -0.000001 0.000001 0.000007 9.533411 0.000034 0.000044 0.000442 -0.078874 0.623786 0.042823 0.771819 -6.389285 0.104195 1.197062 -9.950960 0.000000 0.000000 -0.000001 9.104538 -0.043032 -1.865075 0.002273 0.177151 -1.462325 0.084567 1.077408 -8.965591 0.163992 1.496077 -12.498887 -0.000001 0.000001 0.000002 8.077802 -0.486877 -3.806256 0.335536 4.815258 -3.969121 0.297750 -2.273405 -15.712835 0.305611 1.832490 -15.503908 0.000000 0.000000 0.000002 -8.207787 -6.751652 -1.599564 -27.755428 -4.388670 -0.164275 56.247376 -6.740358 3.910026 -6.458184 3.050103 -4.285193 -13.875235 -0.071613 2.654047 0.000000 0.000000 0.000000 8.207791 -6.751686 -1.599554 -3.616789 2.747923 7.710511 52.194158 -2.021560 2.063040 -18.745184 -8.078981 -1.524270 -24.012037 -0.003422 0.579583 0.000000 -0.000001 -0.000000 
0.243263 94.509171 11.141783 -6.370229 30.955080 -4.296011 -0.000004 10.181590 0.131520 -3.046765 -13.115483 -6.686226 1.472216 -1.708440 4.376575 1.592780 -1.715598 4.333150 0.000001 16.740416 -2.049037 7.278808 -1.671357 -0.575363 0.000000 9.617891 1.685016 18.760226 -8.791434 -1.189919 0.000002 22.037354 7.501094 0.000001 -0.000001 -0.000001 -4.569968 11.014941 -2.160884 -1.933800 -8.654633 -9.880370 5.554434 9.070660 -11.601870 -0.000002 30.069723 0.000017 18.300346 11.519202 -62.461540 -2.464811 -1.573966 2.681859 -2.591555 -5.784497 -15.442484 5.122762 -17.557625 -0.755097 -1.560137 0.883068 -1.926114 0.000000 0.000003 0.000002 -9.108293 -0.517871 2.259843 0.106219 1.213287 -10.161514 0.008123 -0.318406 2.853975 0.011871 -0.417394 3.343812 0.000002 0.000005 0.000000 -9.532514 -0.000050 -0.000016 0.101897 1.189826 -10.283311 0.006555 -0.247456 2.830373 0.000018 -0.056199 0.158297 0.000003 0.000007 -0.000003 -9.103602 -0.043076 -1.865123 0.016240 0.476168 -3.763235 0.001059 -0.139291 0.934626 0.000081 -0.031984 0.156562 -0.000000 0.000001 0.000001 -8.076694 -0.486703 -3.806264 0.040764 -0.755811 6.702345 -0.001694 -0.033160 1.067909 0.002301 -0.361853 2.502179 -0.000001 0.000003 0.000005 4.570437 11.014727 -2.160858 7.114628 -14.236104 29.972639 -48.892027 -35.457424 -25.788441 -0.000099 -51.934248 -0.000059 11.003113 14.100208 26.777560 2.466118 -1.576208 2.681737 -3.074600 10.549500 15.520744 4.126576 13.590307 1.096804 -0.821918 0.916485 2.391519 0.000001 0.000001 -0.000003 9.109311 -0.518062 2.259875 0.019731 -0.522010 4.287613 0.026025 0.604287 -4.914264 0.043961 0.771375 -6.468891 0.000000 -0.000000 0.000005 9.533393 0.000011 0.000047 0.000728 -0.100303 0.801360 0.043380 0.776865 -6.431329 0.104636 1.199556 -9.971981 0.000000 -0.000000 0.000006 9.104534 -0.043029 -1.865075 0.000049 0.026687 -0.215231 0.080215 1.049275 -8.729442 0.160913 1.482166 -12.380776 -0.000001 0.000001 0.000009 8.077778 -0.486881 -3.806256 0.231989 4.670927 -2.716998 0.289255 -2.300603 -15.477122 0.301418 1.818856 -15.385739 -0.000000 -0.000000 0.000008 -8.207787 -6.751677 -1.599567 -25.420911 -7.272378 1.558502 55.610406 -4.057386 4.551687 -8.822268 1.363294 -7.134951 -13.834692 -0.048653 2.184283 0.000000 -0.000003 -0.000000 8.207791 -6.751693 -1.599556 -4.081413 1.172222 9.264942 53.849526 0.653509 4.890769 -13.768244 -9.543308 -8.619159 -29.983598 -0.080687 2.791931 0.000000 0.000000 -0.000000 
0.072138 94.485519 13.977068 -5.964389 29.498730 -4.704706 -0.000005 10.181587 0.131520 -3.763383 -11.665893 -6.685663 1.219678 -1.513890 3.959790 1.321191 -1.526459 3.923403 0.000001 16.740404 -2.049036 7.534647 -1.767311 -0.238495 0.000001 9.617878 1.685007 18.725172 -8.742722 -0.933647 0.000002 22.037338 7.501096 0.000001 -0.000000 -0.000000 -4.569966 11.014925 -2.160882 -1.871672 -8.716453 -9.156322 5.896474 8.745823 -11.789134 -0.000009 28.171718 0.000007 15.619406 11.116769 -61.242488 -2.464796 -1.574004 2.681865 -2.591556 -5.784500 -15.442489 5.122758 -17.557619 -0.755090 -1.560136 0.883058 -1.926124 -0.000006 -0.000006 0.000002 -9.108277 -0.517878 2.259845 0.107584 1.221188 -10.227447 0.001121 -0.105781 1.108318 0.006854 -0.319869 2.542578 -0.000001 0.000009 0.000001 -9.532504 -0.000047 -0.000018 0.101958 1.190263 -10.287016 0.006573 -0.247933 2.834313 0.000024 -0.056443 0.160278 0.000001 -0.000000 -0.000001 -9.103584 -0.043094 -1.865120 0.016711 0.483267 -3.821521 0.001055 -0.139093 0.932791 0.000090 -0.031850 0.155626 -0.000001 0.000005 0.000000 -8.076697 -0.486728 -3.806269 0.039340 -0.742643 6.593798 -0.000009 0.096997 0.000007 -0.000445 -0.215896 1.304483 -0.000002 -0.000003 -0.000004 4.570443 11.014725 -2.160853 8.281388 -15.870667 32.267511 -44.905335 -34.517611 -21.551897 -0.000092 -54.093097 -0.000044 13.090302 15.578893 27.367175 2.466137 -1.576202 2.681736 -3.074603 10.549500 15.520749 4.126573 13.590307 1.096803 -0.821917 0.916485 2.391513 0.000001 0.000000 0.000000 9.109301 -0.518048 2.259871 0.027570 -0.616958 5.077193 0.025429 0.597603 -4.858894 0.043586 0.768049 -6.441205 -0.000001 -0.000003 0.000001 9.533383 0.000034 0.000046 0.002773 -0.195577 1.590864 0.042629 0.770229 -6.375944 0.104070 1.196276 -9.944295 -0.000001 -0.000000 -0.000002 9.104534 -0.043048 -1.865076 0.002645 -0.191233 1.590677 0.069577 0.977667 -8.129376 0.153242 1.446789 -12.080638 0.000001 0.000001 -0.000001 8.077779 -0.486884 -3.806256 0.087758 4.458020 -0.904742 0.268148 -2.369905 -14.878090 0.290886 1.784209 -15.085458 0.000001 -0.000001 0.000001 -8.207785 -6.751676 -1.599565 -23.959586 -8.464598 1.744450 55.594154 -1.310432 5.607027 -10.384409 1.090606 -9.965535 -14.055086 -0.049851 2.209830 0.000000 -0.000003 -0.000000 8.207791 -6.751711 -1.599555 -4.679056 -0.983653 8.546070 56.002886 2.425525 5.669359 -5.628882 -8.266709 -14.009549 -36.447078 -0.316354 5.511303 -0.000000 -0.000001 0.000001 
-0.098602 94.171440 16.423368 -6.191414 24.768616 -3.296270 -0.000006 10.181578 0.131524 -3.965408 -8.929572 -7.005836 0.901317 -1.160149 3.155306 0.967767 -1.171344 3.132079 0.000001 16.740404 -2.049032 7.627727 -1.694832 -0.070135 -0.000001 9.617900 1.685012 18.573079 -8.152382 -0.731792 0.000000 22.037323 7.501094 0.000002 0.000000 -0.000001 -4.569968 11.014917 -2.160883 -1.666473 -7.861536 -9.124638 5.834669 9.701561 -11.837825 0.000001 27.201141 -0.000007 11.969191 8.908779 -58.594970 -2.464804 -1.573968 2.681850 -2.591562 -5.784494 -15.442486 5.122758 -17.557619 -0.755092 -1.560142 0.883076 -1.926122 0.000003 -0.000007 0.000006 -9.108292 -0.517875 2.259835 0.110694 1.238484 -10.371645 0.000014 0.029284 0.000101 0.001532 -0.155993 1.197196 -0.000006 -0.000003 0.000001 -9.532508 -0.000047 -0.000022 0.103794 1.200765 -10.374327 0.006529 -0.246955 2.826355 0.000011 -0.055960 0.156296 0.000000 -0.000002 -0.000002 -9.103586 -0.043113 -1.865132 0.018082 0.502439 -3.979196 0.000962 -0.133752 0.889125 0.000074 -0.029202 0.133810 -0.000004 0.000001 0.000002 -8.076664 -0.486721 -3.806269 0.037118 -0.721515 6.419493 0.000006 0.096986 0.000136 -0.000289 -0.079875 0.188466 -0.000002 0.000003 -0.000001 4.570437 11.014725 -2.160855 7.689488 -14.589287 33.399806 -41.356608 -34.851665 -18.078867 -0.000085 -53.935941 -0.000067 14.073315 16.158257 26.369641 2.466137 -1.576213 2.681741 -3.074602 10.549494 15.520749 4.126574 13.590310 1.096800 -0.821915 0.916486 2.391522 0.000000 0.000002 -0.000003 9.109303 -0.518032 2.259868 0.047310 -0.807539 6.665007 0.021993 0.555939 -4.512157 0.041263 0.747248 -6.267824 0.000001 0.000001 0.000007 9.533390 0.000053 0.000046 0.010842 -0.386972 3.178456 0.038118 0.728633 -6.029165 0.100493 1.175661 -9.770865 0.000001 -0.000001 -0.000004 9.104513 -0.043035 -1.865070 0.012494 -0.415818 3.453508 0.054334 0.864206 -7.180469 0.141491 1.390765 -11.606018 0.000001 -0.000002 0.000000 8.077782 -0.486864 -3.806258 -0.053821 4.233747 0.963460 0.236287 -2.479908 -13.930774 0.274580 1.729328 -14.610651 0.000003 0.000000 0.000007 -8.207787 -6.751678 -1.599559 -23.323528 -7.131938 0.901759 56.964276 0.721036 6.451059 -11.986941 2.488007 -13.067463 -14.382205 -0.040755 1.994831 0.000000 -0.000001 -0.000000 8.207791 -6.751700 -1.599554 -5.196021 -2.282006 5.964225 59.420726 4.274196 3.513608 2.488974 -5.514214 -15.700177 -39.709566 -0.173269 4.059402 0.000000 -0.000003 0.000000 
-0.354349 93.555901 18.590223 -7.060120 18.266274 -2.018764 -0.000007 10.181581 0.131519 -3.107701 -6.158659 -6.590552 0.813627 -0.791056 2.559660 0.851101 -0.794620 2.546527 0.000002 16.740393 -2.049041 7.318577 -1.351090 -0.317222 0.000001 9.617892 1.685014 18.321192 -6.914694 -0.655926 0.000004 22.037323 7.501096 0.000003 0.000000 0.000000 -4.569966 11.014919 -2.160890 -1.539843 -6.909778 -10.421676 4.943584 13.914650 -12.520544 -0.000004 26.061453 -0.000003 6.930980 5.585422 -52.880858 -2.464804 -1.573964 2.681845 -2.591557 -5.784490 -15.442484 5.122765 -17.557619 -0.755094 -1.560138 0.883064 -1.926120 0.000004 -0.000006 -0.000004 -9.108292 -0.517886 2.259830 0.114356 1.258605 -10.539542 -0.000006 0.029287 0.000099 0.000038 -0.033067 0.188467 0.000000 -0.000001 -0.000001 -9.532499 -0.000040 -0.000021 0.107077 1.219531 -10.530720 0.006281 -0.241503 2.781402 0.000016 -0.053206 0.133818 -0.000002 -0.000000 0.000001 -9.103616 -0.043081 -1.865138 0.019454 0.521383 -4.135062 0.000807 -0.124232 0.810966 0.000047 -0.024448 0.094739 0.000001 0.000003 0.000003 -8.076688 -0.486704 -3.806277 0.035269 -0.703488 6.270831 -0.000002 0.096979 0.000135 0.000134 -0.048118 -0.072061 -0.000001 0.000002 -0.000000 4.570437 11.014720 -2.160860 4.742331 -9.583863 32.443641 -37.630842 -37.259420 -14.407483 -0.000084 -51.567508 -0.000047 14.268666 15.002594 24.474422 2.466118 -1.576185 2.681753 -3.074598 10.549503 15.520751 4.126573 13.590307 1.096802 -0.821913 0.916485 2.391516 -0.000001 -0.000002 0.000001 9.109285 -0.518051 2.259881 0.079313 -1.044182 8.644561 0.014719 0.455891 -3.681040 0.035977 0.697390 -5.852231 -0.000002 0.000002 -0.000002 9.533393 0.000027 0.000052 0.028323 -0.625154 5.157668 0.028323 0.628817 -5.198015 0.092150 1.126218 -9.355166 0.000000 -0.000002 -0.000002 9.104511 -0.043036 -1.865071 0.018608 -0.506754 4.208946 0.041666 0.757204 -6.287581 0.130846 1.337967 -11.159401 0.000002 -0.000004 -0.000003 8.077776 -0.486873 -3.806245 -0.109105 4.141518 1.720742 0.207939 -2.583916 -13.039352 0.259683 1.677543 -14.163839 -0.000002 0.000001 0.000008 -8.207788 -6.751679 -1.599564 -22.495303 -4.445294 1.237449 59.047901 1.285846 6.613278 -14.112666 4.606075 -16.060343 -14.540093 -0.017383 1.299479 -0.000000 -0.000001 -0.000000 8.207792 -6.751709 -1.599558 -6.246846 -2.499487 4.439319 64.159239 5.549906 -0.391527 9.918167 -3.781499 -15.745288 -39.614155 -0.036595 1.854205 -0.000001 -0.000003 0.000001 
-0.621881 92.934975 20.612394 -7.738440 12.063760 -2.229115 -0.000005 10.181592 0.131520 -2.165021 -4.444218 -4.869405 1.023536 -0.544911 2.318673 1.045644 -0.543745 2.308802 0.000002 16.740400 -2.049037 6.801148 -0.856489 -0.832356 0.000001 9.617874 1.685013 18.056392 -5.412611 -0.528843 0.000004 22.037338 7.501097 0.000001 -0.000000 -0.000000 -4.569971 11.014929 -2.160883 -1.548782 -6.375164 -12.451480 3.783748 21.232507 -14.318390 -0.000000 23.161158 -0.000009 1.115362 2.506093 -44.375240 -2.464800 -1.573980 2.681849 -2.591562 -5.784496 -15.442487 5.122761 -17.557619 -0.755091 -1.560138 0.883063 -1.926129 -0.000001 -0.000003 0.000006 -9.108274 -0.517890 2.259833 0.117637 1.276418 -10.688257 -0.000001 0.029289 0.000099 0.000009 -0.001322 -0.072064 -0.000003 0.000002 0.000000 -9.532492 -0.000046 -0.000023 0.110432 1.238222 -10.686660 0.005881 -0.231975 2.703259 0.000003 -0.048444 0.094720 -0.000006 0.000003 0.000000 -9.103585 -0.043090 -1.865136 0.018597 0.509613 -4.038241 0.000655 -0.114732 0.733050 0.000020 -0.019693 0.055752 -0.000005 0.000000 0.000002 -8.076660 -0.486708 -3.806278 0.036506 -0.715723 6.371737 -0.000001 0.096985 0.000115 -0.000044 -0.060317 0.028095 -0.000005 -0.000003 0.000000 4.570444 11.014714 -2.160858 1.324737 -3.236711 30.567835 -31.671051 -39.715771 -8.338352 -0.000067 -48.122258 -0.000046 13.158715 12.982115 23.448968 2.466152 -1.576196 2.681741 -3.074597 10.549492 15.520748 4.126580 13.590316 1.096801 -0.821915 0.916481 2.391521 -0.000001 0.000004 0.000000 9.109304 -0.518051 2.259879 0.106009 -1.206045 10.004349 0.007956 0.336678 -2.691480 0.030158 0.637964 -5.357410 0.000001 -0.000001 -0.000002 9.533431 0.000029 0.000052 0.045109 -0.788322 6.517139 0.018566 0.509801 -4.208373 0.082669 1.067247 -8.860240 -0.000001 -0.000000 0.000008 9.104552 -0.043026 -1.865068 0.013844 -0.437207 3.631205 0.036811 0.711810 -5.909141 0.126471 1.315563 -10.970121 0.000003 -0.000001 -0.000008 8.077809 -0.486838 -3.806251 -0.066939 4.212120 1.141593 0.196430 -2.628144 -12.661488 0.253447 1.655555 -13.974480 -0.000004 -0.000001 0.000003 -8.207788 -6.751667 -1.599563 -21.323347 -1.606583 3.264912 60.473313 0.541774 6.623583 -16.668329 6.345753 -18.478742 -14.265239 -0.001180 0.339171 -0.000000 -0.000001 0.000002 8.207791 -6.751693 -1.599557 -8.693895 -2.036163 4.759876 69.508622 4.635185 -3.511533 13.275983 -3.166493 -14.008888 -34.896239 0.000004 -0.000006 0.000002 -0.000000 -0.000001 
-0.813129 92.584335 22.639053 -7.804605 7.406137 -3.968093 -0.000005 10.181577 0.131518 -1.971261 -3.858459 -1.967020 1.430596 -0.438962 2.203007 1.446533 -0.441105 2.191884 0.000001 16.740398 -2.049036 6.329268 -0.408329 -1.255748 0.000002 9.617850 1.685013 17.778369 -4.009383 -0.352776 0.000003 22.037384 7.501091 -0.000005 0.000000 -0.000000 -4.569966 11.014903 -2.160886 -1.699708 -6.429725 -14.214279 2.886348 30.234966 -17.391622 0.000004 18.324264 0.000005 -5.046191 -0.068908 -34.262199 -2.464796 -1.573953 2.681847 -2.591557 -5.784493 -15.442493 5.122761 -17.557630 -0.755100 -1.560138 0.883066 -1.926112 -0.000000 -0.000001 0.000002 -9.108272 -0.517852 2.259835 0.115406 1.264339 -10.587340 0.000006 0.029276 0.000111 0.000011 -0.013525 0.028090 0.000000 -0.000002 -0.000001 -9.532510 -0.000033 -0.000018 0.108350 1.226611 -10.589781 0.005504 -0.222485 2.625325 0.000000 -0.043703 0.055782 -0.000000 0.000001 -0.000000 -9.103575 -0.043070 -1.865128 0.011372 0.398834 -3.127326 0.000754 -0.120638 0.781457 0.000030 -0.022640 0.079963 0.000001 -0.000001 0.000001 -8.076675 -0.486701 -3.806274 0.048741 -0.825869 7.281224 0.000005 0.096989 0.000143 -0.000220 -0.072813 0.130530 -0.000003 0.000001 0.000001 4.570439 11.014739 -2.160855 -1.119077 1.909700 29.238069 -23.515320 -39.710655 -0.321890 -0.000073 -44.519839 -0.000029 10.798600 11.235768 23.878587 2.466167 -1.576198 2.681735 -3.074606 10.549495 15.520744 4.126576 13.590307 1.096801 -0.821917 0.916478 2.391521 0.000004 0.000004 -0.000001 9.109315 -0.518031 2.259871 0.107515 -1.214569 10.076194 0.004503 0.254726 -2.011817 0.026448 0.597129 -5.017556 -0.000001 -0.000003 0.000001 9.533413 0.000029 0.000041 0.046072 -0.796936 6.588964 0.013029 0.427974 -3.528744 0.076471 1.026730 -8.520283 -0.000001 0.000001 0.000004 9.104545 -0.043021 -1.865087 0.005512 -0.276254 2.295577 0.040488 0.746523 -6.198409 0.129818 1.332690 -11.114800 0.000001 -0.000001 0.000001 8.077819 -0.486856 -3.806255 0.033305 4.373670 -0.197663 0.205216 -2.594322 -12.950324 0.258189 1.672352 -14.119210 0.000002 0.000000 -0.000002 -8.207786 -6.751687 -1.599569 -19.935104 0.310491 6.228953 60.441471 -0.712976 6.815653 -18.992637 7.548629 -20.142757 -13.904436 0.000005 -0.000002 0.000001 -0.000002 -0.000000 8.207791 -6.751706 -1.599559 -12.857455 -2.427990 5.931296 74.164530 1.414640 -4.526917 10.695928 -1.878048 -11.423044 -27.923376 0.000014 -0.000010 -0.000004 0.000000 0.000001 
-0.952875 92.565269 24.664999 -7.376305 4.069978 -6.275668 -0.000005 10.181585 0.131520 -2.516404 -3.369106 1.159255 1.803216 -0.350974 1.972414 1.813994 -0.361631 1.961850 0.000001 16.740376 -2.049037 6.041395 -0.162367 -1.298456 -0.000000 9.617877 1.685007 17.445946 -2.927668 -0.293173 0.000004 22.037369 7.501092 0.000001 0.000000 -0.000000 -4.569970 11.014897 -2.160885 -1.956809 -7.063724 -14.992573 2.040532 38.931884 -21.158230 -0.000007 13.397795 -0.000007 -10.726864 -3.210275 -24.177294 -2.464830 -1.573949 2.681845 -2.591558 -5.784492 -15.442493 5.122766 -17.557623 -0.755095 -1.560140 0.883073 -1.926129 0.000009 -0.000001 0.000004 -9.108302 -0.517857 2.259832 0.096202 1.155188 -9.677588 0.000001 0.029292 0.000091 0.000015 -0.026017 0.130553 0.000000 -0.000000 -0.000001 -9.532518 -0.000038 -0.000022 0.089727 1.117169 -9.678504 0.005743 -0.228381 2.673724 0.000001 -0.046657 0.079983 0.000003 0.000001 -0.000003 -9.103612 -0.043073 -1.865133 0.000771 0.104712 -0.712206 0.001794 -0.176128 1.236914 0.000198 -0.050394 0.307697 -0.000007 -0.000002 -0.000004 -8.076694 -0.486701 -3.806276 0.089700 -1.117119 9.695260 -0.000004 0.096986 0.000123 -0.000448 -0.096904 0.328209 0.000002 0.000003 -0.000004 4.570446 11.014723 -2.160857 -2.351029 4.438326 29.440923 -16.180754 -36.581639 6.058343 -0.000068 -41.025979 -0.000001 8.025736 9.902526 24.903438 2.466144 -1.576208 2.681732 -3.074599 10.549499 15.520763 4.126579 13.590308 1.096798 -0.821920 0.916476 2.391518 0.000007 0.000005 0.000002 9.109319 -0.518040 2.259868 0.085889 -1.086376 8.998526 0.004336 0.250417 -1.975925 0.026252 0.594968 -4.999602 -0.000004 -0.000007 -0.000006 9.533410 0.000032 0.000047 0.032318 -0.667660 5.511559 0.012761 0.423635 -3.492801 0.076163 1.024589 -8.502339 -0.000006 -0.000004 -0.000001 9.104537 -0.043035 -1.865075 0.001609 -0.148448 1.236195 0.049662 0.826627 -6.866627 0.137716 1.372238 -11.449041 -0.000000 -0.000008 -0.000000 8.077800 -0.486873 -3.806261 0.115533 4.500177 -1.260391 0.226142 -2.516416 -13.617467 0.269302 1.711130 -14.453599 0.000002 0.000009 -0.000002 -8.207788 -6.751657 -1.599564 -18.429001 0.689458 8.847418 59.217918 -1.223508 6.873172 -20.263909 8.515489 -21.304564 -13.381403 0.000003 -0.000005 0.000000 -0.000001 -0.000001 8.207789 -6.751700 -1.599557 -18.036113 -4.138198 6.488273 76.879161 -1.483552 -3.713625 3.500987 0.290249 -6.798663 -20.535324 -0.000114 0.100765 0.000003 0.000001 0.000001 
-1.108014 92.809219 26.587639 -6.993216 0.833323 -7.798703 -0.000006 10.181590 0.131517 -3.033555 -1.715454 3.258466 1.921028 -0.126541 1.617831 1.924001 -0.142980 1.613989 0.000002 16.740385 -2.049037 5.910166 -0.120724 -0.991616 0.000000 9.617856 1.685010 17.077969 -2.200810 -0.427343 0.000002 22.037384 7.501088 0.000000 -0.000001 -0.000000 -4.569967 11.014916 -2.160889 -2.217222 -8.007313 -14.903515 0.280915 45.973573 -24.196227 0.000002 10.566991 0.000008 -14.490735 -7.619648 -15.570045 -2.464777 -1.573983 2.681848 -2.591555 -5.784492 -15.442493 5.122765 -17.557623 -0.755089 -1.560139 0.883075 -1.926121 -0.000006 0.000000 0.000002 -9.108239 -0.517894 2.259830 0.053657 0.864175 -7.263489 0.000008 0.029285 0.000101 0.000095 -0.050094 0.328200 -0.000001 -0.000002 -0.000002 -9.532469 -0.000047 -0.000022 0.048760 0.825703 -7.262793 0.008234 -0.283829 3.129184 0.000077 -0.074400 0.307690 0.000000 0.000000 0.000004 -9.103560 -0.043073 -1.865131 0.012584 -0.419385 3.590277 0.006688 -0.323229 2.444457 0.001198 -0.123960 0.911440 0.000003 -0.000005 -0.000000 -8.076658 -0.486718 -3.806273 0.192982 -1.631118 14.000302 -0.000009 0.096994 0.000147 -0.000714 -0.166522 0.899350 0.000001 0.000003 0.000004 4.570441 11.014714 -2.160860 -2.724480 4.760926 31.161396 -11.812904 -32.182991 8.309543 -0.000066 -37.371527 -0.000031 5.814533 8.138946 24.985433 2.466133 -1.576223 2.681744 -3.074594 10.549491 15.520741 4.126575 13.590310 1.096806 -0.821920 0.916480 2.391517 0.000004 0.000011 0.000004 9.109300 -0.518047 2.259877 0.062672 -0.928792 7.678025 0.006957 0.315363 -2.514560 0.029167 0.627335 -5.268913 0.000001 -0.000003 -0.000005 9.533415 0.000027 0.000048 0.018757 -0.508946 4.191316 0.017028 0.488525 -4.031459 0.081045 1.056709 -8.771740 0.000000 0.000006 -0.000001 9.104534 -0.043031 -1.865065 0.001116 -0.123498 1.029289 0.057607 0.890037 -7.396389 0.144131 1.403531 -11.714045 -0.000003 0.000002 0.000005 8.077794 -0.486860 -3.806252 0.131868 4.524677 -1.467992 0.243390 -2.454815 -14.146377 0.278239 1.741811 -14.718691 0.000001 0.000004 -0.000007 -8.207788 -6.751680 -1.599565 -16.778659 0.194439 9.912222 57.712674 -0.310409 6.770852 -20.126956 9.243148 -22.227893 -13.864946 0.000004 -0.000004 0.000000 -0.000000 -0.000000 8.207791 -6.751701 -1.599560 -23.028329 -5.672443 5.532703 76.699842 -1.039338 -1.656926 -4.006276 1.682272 -0.201038 -13.395921 0.000005 -0.000004 0.000001 0.000000 0.000000 
-1.274984 93.279457 28.378874 -7.149819 -3.251835 -7.729783 -0.000007 10.181583 0.131519 -2.810455 1.510975 3.760007 1.731400 0.284604 1.154445 1.727415 0.269626 1.161249 0.000001 16.740404 -2.049039 5.842776 -0.170262 -0.583661 0.000001 9.617865 1.685009 16.740642 -1.729449 -0.573026 0.000002 22.037338 7.501100 -0.000003 -0.000000 -0.000000 -4.569974 11.014932 -2.160884 -2.325630 -8.542471 -14.687342 -3.009274 50.920894 -25.164985 -0.000005 10.192590 0.000006 -15.821498 -12.225353 -9.146065 -2.464800 -1.573989 2.681851 -2.591560 -5.784492 -15.442486 5.122761 -17.557614 -0.755088 -1.560136 0.883058 -1.926128 -0.000000 -0.000007 0.000003 -9.108286 -0.517885 2.259839 0.008349 0.341881 -2.960436 0.000004 0.029290 0.000066 0.000849 -0.119704 0.899357 -0.000008 -0.000000 -0.000001 -9.532504 -0.000080 -0.000018 0.006346 0.303173 -2.959926 0.016978 -0.430736 4.336762 0.000840 -0.147973 0.911456 -0.000002 0.000004 -0.000003 -9.103591 -0.043114 -1.865126 0.094023 -1.142098 9.561653 0.023060 -0.584876 4.595793 0.004904 -0.255012 1.987065 -0.000002 0.000002 0.000003 -8.076686 -0.486732 -3.806276 0.399690 -2.328555 19.978298 -0.000007 0.097002 0.000099 0.000716 -0.297887 1.977218 -0.000003 0.000006 0.000002 4.570445 11.014735 -2.160857 -2.673147 4.240118 33.486474 -10.000136 -28.320633 7.261236 -0.000052 -33.308015 -0.000017 4.611120 5.447451 23.223234 2.466152 -1.576204 2.681730 -3.074600 10.549493 15.520755 4.126571 13.590309 1.096809 -0.821925 0.916478 2.391512 0.000001 0.000002 -0.000001 9.109310 -0.518046 2.259866 0.052649 -0.851579 7.032873 0.011007 0.394902 -3.174604 0.032913 0.666983 -5.598997 0.000000 -0.000001 -0.000003 9.533409 0.000013 0.000051 0.013474 -0.431269 3.546277 0.023072 0.567919 -4.691567 0.087232 1.096053 -9.101858 -0.000005 0.000004 -0.000000 9.104545 -0.043033 -1.865079 0.001674 -0.152344 1.268405 0.059244 0.902423 -7.499762 0.145395 1.409645 -11.765743 0.000001 0.000006 0.000003 8.077804 -0.486864 -3.806256 0.113001 4.496352 -1.228068 0.246819 -2.442839 -14.249579 0.280009 1.747793 -14.770400 -0.000000 0.000002 0.000001 -8.207788 -6.751667 -1.599560 -14.962086 0.144282 9.088011 56.652290 0.609862 6.711212 -19.039200 9.613678 -22.603727 -15.422417 0.000002 -0.000004 -0.000000 -0.000000 -0.000000 8.207789 -6.751707 -1.599559 -26.893562 -5.820601 3.278960 73.205469 2.923367 0.700100 -8.073466 1.107500 3.834941 -11.216441 0.050076 -2.221411 -0.000003 0.000000 -0.000001 
-1.388302 93.878716 30.125210 -7.755769 -8.111621 -6.484552 -0.000004 10.181587 0.131520 -1.968352 5.542282 3.377357 1.400510 0.790067 0.415161 1.399447 0.780686 0.431170 0.000001 16.740372 -2.049031 5.792034 -0.204552 -0.279754 0.000000 9.617870 1.685011 16.463689 -1.396083 -0.435314 0.000004 22.037354 7.501095 0.000002 0.000000 -0.000000 -4.569968 11.014909 -2.160881 -2.164541 -7.848448 -15.049999 -7.214569 53.952791 -24.037708 -0.000007 10.796938 -0.000011 -15.922759 -15.291351 -4.856573 -2.464808 -1.573965 2.681846 -2.591560 -5.784493 -15.442498 5.122758 -17.557616 -0.755097 -1.560135 0.883059 -1.926120 -0.000000 -0.000009 -0.000003 -9.108285 -0.517874 2.259834 0.010627 -0.385458 3.010433 0.000001 0.029303 0.000081 0.004143 -0.251023 1.977242 -0.000002 -0.000001 -0.000002 -9.532504 -0.000041 -0.000023 0.012653 -0.424102 3.010375 0.040209 -0.691862 6.488183 0.004097 -0.279029 1.987090 0.000001 -0.000005 0.000000 -9.103598 -0.043084 -1.865139 0.280412 -1.958512 16.441959 0.062028 -0.946539 7.581430 0.014109 -0.436670 3.479684 -0.000001 -0.000000 -0.000001 -8.076706 -0.486715 -3.806281 0.726387 -3.099783 26.869155 0.000005 0.096978 0.000105 0.006840 -0.481071 3.481191 -0.000001 -0.000002 -0.000003 4.570432 11.014716 -2.160855 -2.635961 3.955718 35.383918 -9.426738 -25.284326 5.290271 -0.000041 -28.810018 0.000008 4.323819 2.501859 20.046689 2.466125 -1.576209 2.681737 -3.074596 10.549500 15.520749 4.126574 13.590304 1.096808 -0.821914 0.916486 2.391524 0.000003 0.000003 -0.000003 9.109300 -0.518044 2.259868 0.054460 -0.866214 7.155000 0.013294 0.433739 -3.497129 0.034847 0.686359 -5.760271 0.000003 0.000003 -0.000000 9.533391 0.000039 0.000043 0.014395 -0.445993 3.668395 0.026339 0.606712 -5.014096 0.090350 1.115251 -9.263188 0.000000 0.000011 -0.000000 9.104525 -0.043024 -1.865071 0.001030 -0.119445 0.995681 0.057355 0.888098 -7.380165 0.143921 1.402571 -11.705903 0.000001 0.000001 -0.000002 8.077766 -0.486870 -3.806258 0.134522 4.528671 -1.501712 0.242842 -2.456725 -14.130150 0.277971 1.740885 -14.710566 0.000001 0.000006 -0.000003 -8.207788 -6.751659 -1.599560 -12.968142 0.856998 7.076190 56.150804 -0.475031 6.676070 -18.075872 9.757438 -22.214866 -17.141854 0.000005 -0.000003 -0.000000 0.000001 0.000001 8.207792 -6.751703 -1.599558 -29.281684 -5.181822 0.900180 67.466792 7.241927 1.902596 -8.810121 -0.535272 3.085202 -9.031435 0.051998 -2.261969 0.000000 0.000000 0.000000 
-1.423266 94.342873 32.002182 -8.171035 -12.872435 -5.264916 -0.000006 10.181589 0.131523 -1.502285 9.086164 3.617663 1.205825 1.234330 -0.728635 1.225339 1.229552 -0.705196 0.000002 16.740366 -2.049035 5.771891 -0.176653 -0.154159 0.000000 9.617901 1.685000 16.238184 -1.119053 0.075791 0.000004 22.037338 7.501095 0.000004 -0.000000 -0.000000 -4.569965 11.014925 -2.160887 -1.719894 -5.845743 -16.207332 -11.200283 55.963493 -21.879599 0.000001 10.875463 0.000005 -16.088729 -16.257244 -2.119692 -2.464781 -1.573972 2.681853 -2.591558 -5.784490 -15.442489 5.122759 -17.557618 -0.755090 -1.560139 0.883063 -1.926123 0.000003 -0.000007 0.000009 -9.108281 -0.517869 2.259840 0.106934 -1.217300 9.887109 0.000001 0.029286 0.000084 0.012852 -0.434104 3.481212 -0.000001 -0.000002 0.000003 -9.532481 -0.000038 -0.000022 0.113571 -1.255411 9.887087 0.088668 -1.052396 9.474039 0.012685 -0.460708 3.479665 0.000002 0.000009 0.000002 -9.103572 -0.043075 -1.865134 0.557647 -2.733086 23.207195 0.130189 -1.359844 11.020373 0.030568 -0.645495 5.198602 0.000000 -0.000005 0.000000 -8.076657 -0.486737 -3.806277 1.135581 -3.813850 33.647540 -0.001290 0.020802 0.625095 0.019721 -0.690404 5.202132 0.000001 0.000001 0.000000 4.570446 11.014695 -2.160858 -2.894645 4.330312 36.331535 -9.020959 -22.789532 4.253766 -0.000017 -23.788576 0.000016 4.784077 0.388261 16.593577 2.466137 -1.576211 2.681726 -3.074594 10.549494 15.520746 4.126572 13.590307 1.096797 -0.821915 0.916483 2.391524 0.000003 0.000001 -0.000005 9.109293 -0.518049 2.259864 0.055988 -0.878170 7.255004 0.012849 0.426382 -3.436080 0.034489 0.682673 -5.729728 0.000001 0.000003 0.000003 9.533422 0.000045 0.000030 0.015186 -0.458028 3.768377 0.025721 0.599369 -4.953050 0.089749 1.111630 -9.232649 0.000002 0.000003 -0.000002 9.104544 -0.043024 -1.865087 0.000150 0.045816 -0.373751 0.059505 0.904429 -7.516592 0.145591 1.410633 -11.774149 -0.000002 0.000006 0.000007 8.077782 -0.486870 -3.806262 0.244983 4.689404 -2.876138 0.247366 -2.440891 -14.266330 0.280308 1.748786 -14.778841 -0.000002 0.000001 0.000002 -8.207788 -6.751652 -1.599559 -10.993948 1.233053 5.076311 55.932361 -3.475559 6.434733 -18.138442 9.780255 -21.397313 -18.324747 -0.000744 0.265966 0.000000 -0.000000 -0.000001 8.207790 -6.751692 -1.599557 -30.780978 -5.012462 -0.136998 62.110264 8.107190 0.942404 -7.775971 -1.181060 -0.552968 -8.804868 0.000003 -0.000001 -0.000000 -0.000000 -0.000000 
-1.452026 94.520737 34.190098 -7.876163 -16.660911 -4.985270 -0.000008 10.181588 0.131517 -2.382325 11.289745 5.456649 1.322516 1.514652 -2.063042 1.377198 1.512974 -2.028793 0.000001 16.740379 -2.049031 5.794053 -0.073222 -0.208652 0.000000 9.617890 1.685006 16.074517 -0.806311 0.726064 0.000003 22.037384 7.501094 0.000000 0.000001 -0.000000 -4.569972 11.014921 -2.160880 -1.153544 -3.514886 -17.873020 -14.634276 58.489669 -19.461661 0.000012 10.168030 -0.000000 -16.147455 -16.136001 -0.155503 -2.464777 -1.573947 2.681847 -2.591559 -5.784495 -15.442477 5.122757 -17.557618 -0.755102 -1.560140 0.883068 -1.926119 -0.000001 -0.000006 -0.000005 -9.108274 -0.517881 2.259836 0.297943 -2.017475 16.646276 0.000293 -0.046876 0.625071 0.028732 -0.643220 5.202198 0.000001 0.000000 0.000002 -9.532499 -0.000025 -0.000022 0.309031 -2.054552 16.646655 0.167652 -1.463774 12.913346 0.028444 -0.669587 5.198615 0.000000 -0.000003 -0.000001 -9.103580 -0.043052 -1.865132 0.860343 -3.355375 28.902082 0.221184 -1.761156 14.399746 0.052838 -0.850065 6.887365 -0.000000 -0.000002 -0.000000 -8.076698 -0.486691 -3.806279 1.543391 -4.373479 39.355379 0.006024 -0.389168 3.989239 0.038446 -0.894968 6.887638 -0.000000 -0.000010 -0.000001 4.570439 11.014719 -2.160851 -3.523207 5.440769 36.335964 -8.573649 -20.944270 4.483772 -0.000022 -18.046982 0.000004 5.359745 -0.654698 13.528364 2.466125 -1.576217 2.681734 -3.074596 10.549501 15.520748 4.126576 13.590304 1.096799 -0.821921 0.916479 2.391522 0.000000 0.000004 -0.000008 9.109293 -0.518055 2.259860 0.044408 -0.782390 6.455183 0.012486 0.420379 -3.386099 0.034170 0.679682 -5.704736 0.000001 0.000002 0.000002 9.533382 0.000013 0.000041 0.009474 -0.361702 2.968677 0.025203 0.593365 -4.903055 0.089258 1.108645 -9.207632 0.000000 0.000001 -0.000004 9.104521 -0.043051 -1.865077 0.007152 0.314193 -2.598617 0.070792 0.986268 -8.201502 0.154177 1.451056 -12.116720 -0.000003 -0.000001 0.000006 8.077786 -0.486893 -3.806263 0.432620 4.944770 -5.110424 0.270660 -2.361564 -14.950089 0.292138 1.788392 -15.121574 -0.000001 0.000005 0.000006 -8.207788 -6.751667 -1.599561 -9.244859 0.434149 4.188132 55.337475 -6.639868 5.774314 -19.174279 9.395440 -20.186587 -18.837554 -0.008888 0.915477 0.000000 0.000000 -0.000000 8.207790 -6.751682 -1.599562 -32.097706 -5.221678 0.765412 59.035640 5.412487 -1.169354 -5.848976 -0.838991 -4.154416 -9.220814 -0.000006 -0.000001 0.000000 0.000002 0.000000 
-1.544411 94.508087 36.722397 -6.992624 -19.397010 -5.510314 -0.000004 10.181567 0.131524 -4.441250 12.214434 8.346676 1.662118 1.640685 -3.140460 1.752427 1.642876 -3.090398 0.000001 16.740389 -2.049033 5.836467 0.100052 -0.405239 0.000000 9.617866 1.685007 16.002816 -0.369870 1.173062 0.000002 22.037338 7.501102 0.000002 0.000000 0.000000 -4.569972 11.014910 -2.160883 -0.784753 -2.078260 -19.544846 -18.069100 62.743743 -16.684819 0.000005 9.378368 -0.000014 -15.068985 -16.319391 0.997256 -2.464792 -1.573972 2.681854 -2.591560 -5.784490 -15.442489 5.122758 -17.557623 -0.755097 -1.560136 0.883068 -1.926124 0.000008 -0.000012 -0.000003 -9.108290 -0.517891 2.259844 0.530701 -2.668999 22.334476 0.016183 -0.456509 3.989289 0.050346 -0.847445 6.887726 -0.000001 0.000001 0.000002 -9.532503 -0.000056 -0.000015 0.545422 -2.704799 22.335239 0.269166 -1.862559 16.293189 0.050026 -0.874232 6.887353 0.000002 0.000013 0.000003 -9.103583 -0.043076 -1.865125 1.115105 -3.781892 32.993201 0.315936 -2.093955 17.242299 0.076222 -1.021479 8.307419 -0.000001 -0.000003 -0.000001 -8.076698 -0.486702 -3.806269 1.869662 -4.748708 43.456611 0.030852 -0.733656 6.823076 0.058853 -1.066626 8.306226 0.000002 0.000009 -0.000001 4.570440 11.014721 -2.160856 -4.473584 7.235762 35.663413 -8.677100 -20.013853 5.101570 -0.000012 -11.863120 -0.000004 4.538092 -1.083320 10.621450 2.466141 -1.576187 2.681747 -3.074604 10.549495 15.520763 4.126577 13.590309 1.096804 -0.821922 0.916483 2.391531 0.000005 0.000004 -0.000010 9.109282 -0.518030 2.259873 0.022510 -0.557596 4.583426 0.015545 0.468528 -3.785921 0.036609 0.703675 -5.904681 -0.000003 0.000002 -0.000004 9.533384 0.000024 0.000053 0.001329 -0.136002 1.097177 0.029471 0.641420 -5.302915 0.093188 1.132460 -9.407644 -0.000000 -0.000002 0.000001 9.104537 -0.043031 -1.865067 0.026349 0.603244 -4.999442 0.091277 1.118960 -9.314295 0.168577 1.516604 -12.673296 0.000001 0.000003 -0.000002 8.077784 -0.486851 -3.806250 0.646217 5.211908 -7.523187 0.310514 -2.233281 -16.060913 0.311863 1.852573 -15.678388 -0.000000 0.000004 -0.000001 -8.207786 -6.751678 -1.599559 -7.627394 -0.834006 4.550320 53.977708 -8.852411 4.658058 -20.425303 8.430044 -18.154738 -18.824614 -0.017785 1.294239 0.000000 -0.000001 -0.000002 8.207793 -6.751709 -1.599558 -33.078514 -4.764538 2.663946 58.367764 2.414853 -2.473949 -4.203346 -1.154581 -5.902288 -9.980454 -0.016981 1.292746 -0.000000 -0.000001 0.000000 
-1.658491 94.500420 39.465248 -6.288833 -21.660003 -5.993430 -0.000006 10.181586 0.131517 -6.368840 12.567786 10.816041 1.936524 1.699546 -3.689563 2.050439 1.706270 -3.625466 0.000000 16.740391 -2.049039 5.882905 0.306650 -0.681729 0.000002 9.617861 1.685013 16.023298 0.143583 1.274643 0.000003 22.037369 7.501095 -0.000002 -0.000000 -0.000000 -4.569971 11.014915 -2.160887 -0.786420 -1.878353 -20.892510 -22.122194 68.439479 -13.096350 -0.000010 9.246441 0.000002 -12.472614 -17.226099 0.299218 -2.464803 -1.573982 2.681846 -2.591558 -5.784500 -15.442487 5.122756 -17.557621 -0.755090 -1.560132 0.883061 -1.926124 0.000004 0.000000 0.000005 -9.108295 -0.517862 2.259838 0.737142 -3.120749 26.420224 0.048211 -0.800338 6.823267 0.073192 -1.018784 8.306299 -0.000000 0.000000 0.000000 -9.532520 -0.000057 -0.000020 0.754382 -3.155421 26.421188 0.372639 -2.192767 19.136240 0.072830 -1.045739 8.307399 0.000000 0.000006 0.000003 -9.103601 -0.043082 -1.865133 1.292213 -4.042455 35.588667 0.394068 -2.329687 19.282952 0.095615 -1.144134 9.326593 0.000000 -0.000001 0.000002 -8.076710 -0.486702 -3.806282 2.090221 -4.974164 46.058742 0.059267 -0.980760 8.863893 0.076149 -1.189665 9.326064 0.000003 0.000004 -0.000000 4.570430 11.014713 -2.160859 -5.585307 9.454144 34.618080 -10.060683 -19.742293 5.107042 -0.000010 -6.439637 0.000025 1.055647 -0.690214 7.400049 2.466152 -1.576189 2.681738 -3.074600 10.549495 15.520749 4.126577 13.590306 1.096804 -0.821918 0.916485 2.391516 0.000003 0.000005 -0.000005 9.109303 -0.518036 2.259870 0.005230 -0.269007 2.187449 0.024035 0.581126 -4.721748 0.042660 0.759828 -6.372639 -0.000001 -0.000004 -0.000001 9.533415 0.000030 0.000046 0.001695 0.153119 -1.298718 0.040826 0.753785 -6.238804 0.102635 1.188119 -9.875707 0.000001 0.000001 0.000003 9.104538 -0.043019 -1.865073 0.053752 0.860493 -7.143582 0.116236 1.261650 -10.515162 0.184852 1.587173 -13.273910 -0.000001 0.000002 0.000000 8.077810 -0.486855 -3.806258 0.846458 5.442704 -9.679455 0.356288 -2.095772 -17.259523 0.333852 1.921608 -16.279268 0.000001 0.000003 0.000001 -8.207786 -6.751680 -1.599561 -5.901648 -1.317384 5.168011 52.273166 -9.634121 3.087519 -20.812648 6.720867 -15.491612 -19.296973 -0.021742 1.431562 -0.000000 -0.000000 0.000000 8.207789 -6.751706 -1.599558 -32.805228 -3.213274 4.008299 58.885062 1.515622 -2.429619 -4.167897 -2.317805 -5.877427 -12.585424 -0.148162 3.820293 -0.000000 -0.000002 0.000000 
-1.666539 94.642670 42.222458 -6.475072 -23.830084 -5.763918 -0.000004 10.181588 0.131526 -6.894588 13.039453 11.830452 1.918652 1.768602 -3.862724 2.044797 1.778253 -3.794813 0.000002 16.740379 -2.049051 5.940166 0.486726 -0.979036 0.000000 9.617894 1.685011 16.083916 0.525532 1.183099 0.000001 22.037369 7.501088 0.000000 -0.000001 0.000000 -4.569965 11.014893 -2.160903 -0.970464 -2.210538 -21.930467 -26.431965 73.823738 -8.932386 0.000006 9.973295 -0.000013 -9.237919 -18.273732 -3.090595 -2.464822 -1.573987 2.681845 -2.591558 -5.784504 -15.442499 5.122763 -17.557616 -0.755092 -1.560137 0.883064 -1.926121 0.000006 -0.000004 -0.000001 -9.108315 -0.517862 2.259835 0.884555 -3.399065 29.012031 0.081782 -1.046719 8.864205 0.092222 -1.141558 9.326185 0.000000 -0.000004 -0.000001 -9.532548 -0.000064 -0.000021 0.903343 -3.432912 29.013144 0.456945 -2.426371 21.177276 0.091808 -1.168441 9.326602 0.000001 0.000004 0.000002 -9.103604 -0.043085 -1.865133 1.408956 -4.201243 37.212619 0.447930 -2.477615 20.576906 0.109037 -1.221701 9.972734 -0.000000 0.000001 -0.000003 -8.076725 -0.486730 -3.806273 2.233323 -5.109995 47.686868 0.081847 -1.136903 10.158572 0.088245 -1.267530 9.972817 -0.000001 0.000002 0.000001 4.570435 11.014692 -2.160872 -6.597375 11.596783 33.433445 -12.862903 -19.307430 4.347353 0.000003 -3.341841 0.000002 -4.629764 1.811270 4.101202 2.466137 -1.576187 2.681737 -3.074599 10.549496 15.520758 4.126571 13.590312 1.096802 -0.821918 0.916485 2.391517 0.000001 -0.000001 0.000004 9.109306 -0.518048 2.259872 0.000009 0.007682 -0.105744 0.037594 0.725059 -5.919836 0.051049 0.831612 -6.971721 0.000002 -0.000003 0.000001 9.533407 0.000031 0.000045 0.013357 0.429592 -3.591934 0.057997 0.897317 -7.436976 0.115433 1.259270 -10.474930 0.000001 0.000006 -0.000002 9.104530 -0.043030 -1.865079 0.087104 1.094014 -9.098867 0.141051 1.388607 -11.587633 0.200010 1.650060 -13.810276 0.000001 -0.000000 0.000001 8.077800 -0.486857 -3.806249 1.036594 5.646485 -11.647028 0.399585 -1.973833 -18.329853 0.354104 1.983089 -16.815907 0.000002 0.000004 -0.000005 -8.207785 -6.751674 -1.599553 -4.204968 -0.581113 4.634950 51.321526 -9.662475 1.442656 -18.947691 5.211604 -12.318032 -21.391114 -0.060521 2.391665 -0.000000 -0.000001 -0.000002 8.207791 -6.751701 -1.599560 -30.669827 -0.802268 3.840711 58.921768 2.348507 -1.866199 -5.615469 -3.186372 -5.120593 -14.223802 -0.184372 4.265571 0.000000 -0.000001 0.000000 
-1.471929 94.876671 44.771465 -7.391553 -25.743535 -4.572383 -0.000002 10.181591 0.131519 -5.776787 13.855938 11.247097 1.640052 1.864105 -4.077974 1.777634 1.873953 -4.017512 0.000000 16.740410 -2.049039 5.992401 0.590201 -1.234724 0.000001 9.617907 1.685010 16.086994 0.598749 1.172073 0.000002 22.037338 7.501096 0.000002 0.000000 0.000000 -4.569964 11.014918 -2.160886 -1.037074 -2.215634 -22.778508 -27.911093 77.126735 -7.097460 -0.000004 11.171380 0.000008 -6.508381 -18.467749 -8.776238 -2.464827 -1.573984 2.681852 -2.591562 -5.784490 -15.442493 5.122762 -17.557623 -0.755090 -1.560136 0.883068 -1.926124 0.000004 -0.000005 0.000004 -9.108310 -0.517857 2.259837 0.983106 -3.569598 30.633569 0.107620 -1.202318 10.158961 0.105435 -1.219253 9.972950 0.000000 0.000004 0.000001 -9.532536 -0.000046 -0.000022 1.002856 -3.602906 30.634799 0.514685 -2.572841 22.471478 0.104973 -1.246048 9.972726 0.000000 -0.000004 0.000004 -9.103596 -0.043081 -1.865134 1.479207 -4.292391 38.161192 0.483317 -2.569497 21.386248 0.117879 -1.270117 10.376796 0.000001 -0.000002 0.000001 -8.076722 -0.486714 -3.806274 2.318666 -5.187401 48.637873 0.097720 -1.234064 10.966396 0.096254 -1.316115 10.376808 -0.000001 0.000005 -0.000001 4.570428 11.014717 -2.160857 -7.272306 13.152633 32.297786 -16.280989 -18.152187 3.596176 -0.000011 -3.283491 0.000011 -10.704168 7.108660 1.774055 2.466144 -1.576215 2.681731 -3.074597 10.549504 15.520751 4.126577 13.590311 1.096805 -0.821914 0.916481 2.391516 0.000002 0.000010 0.000002 9.109296 -0.518054 2.259862 0.004555 0.251043 -2.122825 0.053375 0.862517 -7.066640 0.059797 0.900262 -7.545152 0.000003 0.000001 0.000003 9.533408 0.000036 0.000032 0.032750 0.672233 -5.609196 0.077249 1.034325 -8.583877 0.128371 1.327242 -11.048523 0.000002 -0.000000 0.000001 9.104540 -0.043044 -1.865083 0.130449 1.336692 -11.142596 0.165739 1.503946 -12.565618 0.214353 1.707267 -14.299383 -0.000002 0.000004 -0.000003 8.077790 -0.486863 -3.806262 1.242715 5.852338 -13.704647 0.441051 -1.863316 -19.305825 0.373078 2.038955 -17.305254 0.000000 0.000002 -0.000001 -8.207784 -6.751666 -1.599558 -3.555382 0.705180 1.902359 52.836697 -9.481226 0.842430 -14.015616 5.206767 -8.425657 -24.242534 -0.268503 5.089083 -0.000000 -0.000001 -0.000000 8.207794 -6.751701 -1.599558 -27.317830 1.759188 1.922687 57.971237 3.354922 -1.644614 -7.618145 -3.028999 -3.720491 -14.324218 -0.136435 3.671451 -0.000000 0.000002 -0.000000 
-1.147859 95.006920 46.910793 -8.300002 -27.118631 -2.358434 -0.000006 10.181586 0.131518 -3.757407 14.812717 9.442249 1.330986 1.957980 -4.613208 1.486290 1.965783 -4.564474 0.000002 16.740406 -2.049028 5.991519 0.604766 -1.384864 0.000001 9.617887 1.685002 15.925892 0.385700 1.386323 0.000002 22.037354 7.501094 0.000000 0.000000 -0.000000 -4.569966 11.014918 -2.160875 -0.920514 -1.763893 -23.389136 -22.652334 77.781177 -11.598229 -0.000007 12.169632 -0.000005 -4.375908 -16.924283 -15.364884 -2.464792 -1.573959 2.681853 -2.591556 -5.784490 -15.442494 5.122762 -17.557625 -0.755086 -1.560141 0.883071 -1.926124 0.000003 -0.000004 0.000000 -9.108280 -0.517868 2.259839 1.042901 -3.667879 31.580718 0.125508 -1.299071 10.966821 0.114124 -1.267685 10.376942 -0.000002 0.000000 0.000002 -9.532523 -0.000052 -0.000019 1.063190 -3.700848 31.582030 0.552474 -2.663765 23.280958 0.113652 -1.294505 10.376812 0.000001 0.000006 0.000000 -9.103592 -0.043081 -1.865132 1.472453 -4.283756 38.070890 0.504579 -2.622925 21.858873 0.123193 -1.298374 10.612770 0.000001 0.000002 0.000002 -8.076713 -0.486706 -3.806274 2.310492 -5.180089 48.547328 0.107606 -1.290591 11.437381 0.101082 -1.344396 10.612530 0.000002 -0.000001 -0.000001 4.570443 11.014732 -2.160845 -7.515492 13.840235 31.413737 -19.134227 -16.615772 3.645578 -0.000017 -5.497010 0.000013 -15.966875 13.809472 0.973877 2.466140 -1.576227 2.681744 -3.074601 10.549508 15.520748 4.126572 13.590305 1.096807 -0.821922 0.916479 2.391521 0.000001 0.000004 -0.000001 9.109313 -0.518043 2.259889 0.017239 0.488228 -4.091238 0.069544 0.983159 -8.075445 0.068029 0.960534 -8.049532 0.000001 0.000002 0.000002 9.533408 0.000024 0.000052 0.059897 0.908202 -7.577919 0.096465 1.154520 -9.592794 0.140290 1.386911 -11.553074 -0.000001 0.000001 0.000000 9.104534 -0.043045 -1.865062 0.188108 1.601615 -13.390781 0.193648 1.623988 -13.587758 0.229847 1.766929 -14.810553 -0.000000 -0.000000 -0.000000 8.077794 -0.486876 -3.806245 1.477969 6.070100 -15.969413 0.486375 -1.748659 -20.325767 0.393391 2.097168 -17.816673 0.000001 0.000003 -0.000003 -8.207788 -6.751677 -1.599565 -5.300600 1.868718 -3.064361 58.593966 -9.669403 1.815892 -9.858749 7.454436 -2.891050 -21.893246 -0.114324 3.349841 0.000001 0.000000 -0.000000 8.207791 -6.751696 -1.599561 -24.050783 3.460615 -1.328434 56.539900 3.613303 -2.177972 -9.014694 -1.821178 -2.389516 -14.292381 -0.096531 3.087947 -0.000000 -0.000002 -0.000000 
-0.879041 94.992256 48.630138 -8.718865 -27.680940 0.350709 -0.000003 10.181591 0.131527 -1.879727 15.433576 7.168564 1.173749 2.006019 -5.322372 1.346360 2.010562 -5.282571 -0.000000 16.740402 -2.049033 5.929960 0.559865 -1.429269 0.000002 9.617876 1.685005 15.600494 0.040280 1.729728 0.000002 22.037338 7.501096 0.000000 -0.000000 0.000000 -4.569971 11.014906 -2.160883 -0.806262 -1.393155 -23.635535 -13.558231 76.279389 -19.838851 -0.000004 12.550946 0.000000 -2.127921 -13.577605 -21.696309 -2.464796 -1.573968 2.681841 -2.591561 -5.784497 -15.442491 5.122761 -17.557626 -0.755098 -1.560145 0.883071 -1.926121 -0.000001 -0.000005 -0.000001 -9.108272 -0.517866 2.259833 1.037133 -3.658569 31.490526 0.136578 -1.355392 11.437884 0.119352 -1.295920 10.612667 0.000001 -0.000003 -0.000001 -9.532520 -0.000052 -0.000023 1.057380 -3.691565 31.491820 0.575134 -2.716618 23.753713 0.118874 -1.322756 10.612772 0.000000 0.000000 0.000002 -9.103593 -0.043073 -1.865135 1.341414 -4.110495 36.280397 0.502529 -2.617832 21.813896 0.122684 -1.295663 10.590299 0.000001 -0.000004 0.000001 -8.076695 -0.486705 -3.806281 2.150708 -5.032509 46.752232 0.106635 -1.285195 11.392317 0.100616 -1.341701 10.590049 -0.000001 0.000005 -0.000002 4.570445 11.014710 -2.160852 -7.363824 13.658519 30.921776 -20.771918 -15.460709 4.474094 -0.000015 -8.294436 -0.000009 -20.621320 19.395091 1.167656 2.466148 -1.576194 2.681734 -3.074601 10.549507 15.520746 4.126577 13.590307 1.096800 -0.821913 0.916488 2.391519 -0.000005 -0.000002 -0.000001 9.109325 -0.518058 2.259872 0.040397 0.746282 -6.238421 0.087350 1.100570 -9.059941 0.076598 1.019325 -8.541780 -0.000002 0.000005 -0.000005 9.533413 0.000026 0.000043 0.098749 1.164369 -9.725552 0.117249 1.271452 -10.577402 0.152454 1.445027 -12.045448 -0.000004 0.000003 0.000004 9.104545 -0.043031 -1.865070 0.259162 1.874932 -15.733091 0.226808 1.755448 -14.712093 0.247506 1.832359 -15.372790 0.000003 0.000004 0.000003 8.077803 -0.486864 -3.806253 1.732088 6.286887 -18.330252 0.538574 -1.623441 -21.447600 0.416359 2.160983 -18.379214 -0.000000 0.000003 0.000000 -8.207784 -6.751660 -1.599551 -9.193365 2.910043 -8.103795 65.518931 -8.072526 2.856696 -6.220811 9.246873 2.352360 -15.836118 -0.000035 0.056597 -0.000000 -0.000001 0.000001 8.207792 -6.751686 -1.599552 -21.622583 4.063689 -4.820597 55.173425 3.400396 -3.257436 -10.021387 -0.542619 -1.179495 -14.376930 -0.051968 2.263729 0.000000 -0.000001 -0.000000 
-0.744421 94.975357 50.104172 -8.703138 -26.798522 2.258844 -0.000005 10.181599 0.131513 -0.791091 15.090400 5.387172 1.120535 1.947660 -5.719143 1.292710 1.948824 -5.685483 -0.000000 16.740404 -2.049038 5.877801 0.503846 -1.454525 0.000001 9.617880 1.685013 15.314307 -0.309073 1.956775 0.000002 22.037354 7.501096 0.000000 -0.000001 0.000000 -4.569971 11.014916 -2.160887 -0.868383 -1.585548 -23.579389 -6.076181 73.601237 -26.503099 0.000002 12.598004 0.000011 0.736808 -9.299361 -27.528198 -2.464788 -1.573974 2.681850 -2.591558 -5.784494 -15.442487 5.122756 -17.557616 -0.755089 -1.560135 0.883069 -1.926118 -0.000003 -0.000003 0.000004 -9.108307 -0.517863 2.259827 0.925971 -3.472044 29.702727 0.135491 -1.349998 11.392829 0.118853 -1.293226 10.590166 0.000001 -0.000004 0.000001 -9.532513 -0.000046 -0.000018 0.945168 -3.505659 29.703895 0.572957 -2.711578 23.708714 0.118362 -1.320061 10.590298 0.000000 0.000000 0.000003 -9.103591 -0.043069 -1.865124 1.093102 -3.747680 32.658020 0.462847 -2.516816 20.921675 0.112751 -1.242331 10.144846 -0.000004 -0.000003 -0.000001 -8.076701 -0.486704 -3.806280 1.841942 -4.718868 43.120600 0.088431 -1.178212 10.501762 0.091597 -1.288197 10.144668 -0.000003 0.000000 -0.000002 4.570434 11.014724 -2.160860 -6.929324 12.841434 30.818558 -21.315009 -15.159808 5.343163 -0.000017 -10.278823 0.000005 -25.265380 22.330014 1.602028 2.466133 -1.576186 2.681714 -3.074595 10.549500 15.520743 4.126578 13.590312 1.096811 -0.821921 0.916474 2.391518 0.000001 0.000006 -0.000001 9.109311 -0.518055 2.259849 0.076172 1.023423 -8.554781 0.109086 1.228284 -10.133835 0.086512 1.083333 -9.078681 0.000002 -0.000001 0.000001 9.533415 0.000034 0.000039 0.151388 1.438784 -12.042543 0.142213 1.398593 -11.651446 0.166286 1.508317 -12.582541 -0.000004 0.000002 -0.000001 9.104534 -0.043031 -1.865094 0.337946 2.134615 -17.984610 0.264103 1.891647 -15.883368 0.266593 1.900342 -15.958436 -0.000004 0.000000 -0.000003 8.077785 -0.486860 -3.806274 1.984669 6.485208 -20.600738 0.595542 -1.494158 -22.616116 0.440930 2.227207 -18.965178 -0.000002 0.000001 -0.000001 -8.207786 -6.751652 -1.599568 -14.050816 3.403249 -10.214358 70.050065 -4.324464 2.490806 -4.819300 7.711023 5.857162 -12.342943 0.000010 -0.026520 -0.000001 0.000002 -0.000002 8.207789 -6.751695 -1.599564 -20.022455 4.122722 -6.846214 54.188791 2.867466 -4.385805 -10.871700 -0.612012 0.013797 -14.593119 -0.015887 1.249776 0.000000 0.000000 -0.000000 
-0.706761 95.096207 51.496452 -8.568216 -23.724237 2.334933 -0.000009 10.181576 0.131520 -0.389385 13.258318 4.618982 0.987317 1.718674 -5.367587 1.129335 1.716932 -5.342015 0.000001 16.740398 -2.049036 5.895223 0.457380 -1.524816 -0.000001 9.617867 1.685001 15.322937 -0.634580 1.863301 0.000002 22.037369 7.501101 -0.000001 -0.000002 0.000000 -4.569967 11.014906 -2.160884 -1.111961 -2.371439 -23.440854 -1.735199 70.338750 -30.043154 -0.000016 13.087071 0.000006 4.226357 -5.113577 -32.876098 -2.464808 -1.573982 2.681865 -2.591558 -5.784490 -15.442491 5.122757 -17.557619 -0.755094 -1.560136 0.883064 -1.926120 0.000003 -0.000010 -0.000003 -9.108285 -0.517858 2.259848 0.719011 -3.084318 26.085498 0.115066 -1.243458 10.502183 0.109087 -1.239848 10.144821 -0.000002 0.000002 0.000002 -9.532548 -0.000058 -0.000021 0.736041 -3.119077 26.086412 0.530636 -2.611647 22.816336 0.108636 -1.266686 10.144863 -0.000001 -0.000003 0.000004 -9.103608 -0.043073 -1.865121 0.803888 -3.250559 27.922302 0.387348 -2.310492 19.115814 0.093944 -1.134116 9.243128 0.000001 0.000001 -0.000002 -8.076707 -0.486725 -3.806264 1.469306 -4.280173 38.373321 0.056634 -0.960783 8.698596 0.074648 -1.179653 9.242989 -0.000003 -0.000001 -0.000002 4.570446 11.014731 -2.160853 -6.378780 11.748176 31.111057 -21.356451 -15.802925 5.406736 -0.000014 -11.261542 0.000013 -29.865528 23.170338 2.065114 2.466121 -1.576202 2.681709 -3.074597 10.549502 15.520744 4.126580 13.590312 1.096798 -0.821922 0.916478 2.391521 0.000002 0.000009 0.000002 9.109282 -0.518039 2.259845 0.123157 1.299004 -10.872455 0.135213 1.365581 -11.292342 0.097892 1.152243 -9.657850 -0.000003 0.000003 0.000002 9.533389 0.000014 0.000029 0.215111 1.711006 -14.361019 0.171798 1.535148 -12.810103 0.181873 1.576412 -13.161906 0.000002 0.000003 -0.000002 9.104515 -0.043035 -1.865083 0.416338 2.362271 -19.982801 0.302560 2.021770 -17.009051 0.285581 1.965486 -16.521278 -0.000004 0.000008 0.000008 8.077783 -0.486888 -3.806283 2.215308 6.652727 -22.616554 0.652749 -1.371047 -23.739052 0.465199 2.290609 -19.528334 -0.000002 0.000001 -0.000001 -8.207788 -6.751675 -1.599566 -18.367683 2.607057 -8.947142 70.506205 -4.291146 1.417685 -6.256984 6.892921 7.462342 -10.990250 0.001555 -0.391532 -0.000001 0.000001 -0.000001 8.207788 -6.751717 -1.599556 -18.932212 4.151430 -6.378193 53.782491 1.222560 -5.106342 -11.337212 -2.203656 1.484619 -15.013217 -0.002165 0.461962 -0.000000 -0.000001 0.000000 
-0.705100 95.271118 52.848526 -8.586240 -18.376552 0.690733 -0.000004 10.181589 0.131529 -0.101210 9.971376 4.676378 0.719717 1.309986 -4.261678 0.810035 1.305708 -4.247186 0.000001 16.740402 -2.049039 5.940201 0.374814 -1.579196 -0.000002 9.617865 1.685010 15.615882 -1.053153 1.419190 0.000001 22.037384 7.501087 -0.000003 -0.000001 0.000000 -4.569968 11.014916 -2.160890 -1.491786 -3.606188 -23.239620 0.225443 66.357221 -31.321130 -0.000004 14.440729 -0.000032 7.934470 -1.328985 -37.357081 -2.464796 -1.573967 2.681847 -2.591560 -5.784495 -15.442484 5.122760 -17.557626 -0.755097 -1.560143 0.883066 -1.926117 -0.000000 -0.000002 0.000000 -9.108284 -0.517862 2.259837 0.486082 -2.558659 21.355995 0.078733 -1.026807 8.698886 0.090601 -1.131588 9.243119 -0.000003 -0.000001 -0.000003 -9.532534 -0.000044 -0.000032 0.500181 -2.594703 21.356635 0.449737 -2.407373 21.010101 0.090181 -1.158389 9.243129 0.000002 -0.000010 -0.000003 -9.103599 -0.043083 -1.865140 0.552030 -2.719860 23.088903 0.298463 -2.037076 16.753436 0.071891 -0.992058 8.063226 -0.000002 -0.000008 -0.000004 -8.076689 -0.486713 -3.806290 1.127704 -3.801809 33.528968 0.025415 -0.674937 6.339083 0.055056 -1.037240 8.063101 -0.000000 0.000003 -0.000002 4.570444 11.014725 -2.160862 -5.845138 10.577427 32.018865 -21.700392 -17.216421 4.185357 -0.000006 -12.228299 0.000010 -33.687903 23.684543 2.973279 2.466148 -1.576202 2.681721 -3.074600 10.549508 15.520749 4.126572 13.590304 1.096795 -0.821915 0.916491 2.391521 -0.000000 -0.000002 -0.000008 9.109302 -0.518034 2.259843 0.176427 1.551772 -13.014326 0.164112 1.502325 -12.451409 0.109967 1.221108 -10.237300 0.000001 -0.000000 0.000001 9.533421 0.000029 0.000024 0.283742 1.960044 -16.503769 0.204157 1.671149 -13.969359 0.198152 1.644385 -13.741540 0.000006 0.000000 -0.000006 9.104536 -0.043030 -1.865088 0.485273 2.543651 -21.593469 0.338816 2.136574 -18.007929 0.302954 2.023122 -17.020649 0.000001 -0.000000 0.000001 8.077788 -0.486867 -3.806288 2.405425 6.781801 -24.241950 0.705525 -1.262781 -24.735383 0.487237 2.346654 -20.027981 -0.000002 0.000002 -0.000002 -8.207786 -6.751664 -1.599554 -21.106340 0.789694 -6.004491 67.001362 -6.734786 1.143978 -9.492596 5.577609 7.252093 -10.056350 -0.000003 -0.000005 -0.000001 0.000002 -0.000001 8.207790 -6.751689 -1.599552 -18.339271 4.235216 -4.090442 54.296906 -1.818715 -4.758971 -11.106419 -4.176069 3.116563 -15.650035 -0.003534 0.588499 -0.000000 0.000001 0.000001 
-0.710118 95.358765 54.114532 -8.811393 -11.538888 -1.557813 -0.000006 10.181583 0.131526 0.478886 6.091098 4.892846 0.470508 0.816275 -2.843939 0.511164 0.810009 -2.839016 0.000002 16.740385 -2.049040 5.928274 0.169817 -1.498668 0.000001 9.617894 1.685011 15.881891 -1.808790 0.773027 0.000002 22.037354 7.501095 0.000002 0.000000 -0.000000 -4.569974 11.014910 -2.160890 -2.019881 -5.314572 -22.684952 1.212679 61.340057 -31.879020 0.000004 16.234714 0.000000 11.163059 2.364034 -40.683264 -2.464838 -1.573968 2.681833 -2.591562 -5.784488 -15.442489 5.122760 -17.557621 -0.755099 -1.560138 0.883063 -1.926112 0.000008 -0.000005 -0.000001 -9.108307 -0.517879 2.259832 0.293788 -2.003671 16.528040 0.041528 -0.741748 6.339237 0.068974 -0.989458 8.063188 -0.000003 -0.000004 0.000001 -9.532532 -0.000059 -0.000030 0.304796 -2.040773 16.528428 0.353676 -2.136385 18.647289 0.068601 -1.016287 8.063207 -0.000005 -0.000005 -0.000000 -9.103622 -0.043074 -1.865134 0.365499 -2.228848 18.770605 0.219404 -1.754199 14.340687 0.052409 -0.846502 6.857836 0.000005 0.000005 0.000005 -8.076704 -0.486717 -3.806289 0.857656 -3.351030 29.201873 0.005676 -0.381800 3.928738 0.038060 -0.891356 6.857734 0.000001 0.000006 0.000004 4.570431 11.014707 -2.160861 -5.264495 9.098169 33.814491 -23.219582 -18.978570 1.703547 -0.000022 -14.341031 0.000008 -35.901469 24.958602 4.792409 2.466148 -1.576198 2.681729 -3.074601 10.549506 15.520748 4.126574 13.590301 1.096802 -0.821913 0.916483 2.391516 -0.000006 0.000001 0.000002 9.109314 -0.518029 2.259866 0.229018 1.764453 -14.831377 0.193273 1.628164 -13.522486 0.121730 1.284610 -10.772679 -0.000005 0.000002 -0.000004 9.533407 0.000028 0.000041 0.349248 2.169134 -18.321658 0.236497 1.796178 -15.040597 0.213794 1.707054 -14.277150 -0.000001 0.000004 0.000008 9.104534 -0.043032 -1.865071 0.537767 2.672310 -22.747091 0.369473 2.228612 -18.812948 0.317347 2.069444 -17.423101 -0.000000 -0.000003 -0.000000 8.077809 -0.486866 -3.806252 2.543841 6.870899 -25.406364 0.749424 -1.176218 -25.538304 0.505358 2.391661 -20.430680 0.000002 0.000000 0.000000 -8.207788 -6.751676 -1.599560 -22.572069 -0.529579 -3.081903 61.618716 -8.554546 2.168486 -12.612655 2.437496 6.233620 -9.091331 0.000015 -0.000006 -0.000000 0.000002 -0.000001 8.207793 -6.751695 -1.599546 -18.161654 3.800640 -1.805564 55.702354 -4.868575 -3.175651 -10.370334 -5.473218 4.582487 -16.214762 -0.041667 2.022158 0.000000 0.000002 -0.000000 
-0.753027 95.384918 55.276402 -8.984128 -4.448802 -3.204135 -0.000006 10.181587 0.131519 1.181324 2.849241 4.612263 0.391710 0.392688 -1.637289 0.402647 0.385787 -1.636828 0.000002 16.740379 -2.049042 5.864289 -0.190758 -1.268065 0.000000 9.617882 1.685006 15.875704 -3.068711 0.161648 0.000003 22.037354 7.501101 -0.000001 0.000001 -0.000000 -4.569971 11.014920 -2.160887 -2.672073 -7.530214 -21.595144 2.143584 55.280822 -32.520378 -0.000004 17.761934 0.000000 13.247947 5.836645 -43.317254 -2.464819 -1.573993 2.681840 -2.591558 -5.784491 -15.442494 5.122763 -17.557619 -0.755092 -1.560139 0.883068 -1.926113 0.000001 -0.000008 0.000002 -9.108313 -0.517878 2.259829 0.162009 -1.495297 12.213784 0.015702 -0.449149 3.928774 0.049897 -0.843831 6.857812 -0.000001 -0.000005 0.000001 -9.532525 -0.000057 -0.000024 0.170199 -1.533122 12.214002 0.267201 -1.855662 16.234123 0.049614 -0.870645 6.857823 -0.000000 0.000004 0.000002 -9.103619 -0.043087 -1.865142 0.237006 -1.803459 15.119554 0.158830 -1.498627 12.183833 0.037552 -0.716008 5.780089 0.000004 0.000004 0.000000 -8.076696 -0.486734 -3.806284 0.656429 -2.954711 25.544260 -0.001484 -0.119207 1.773612 0.025454 -0.760613 5.780015 -0.000000 -0.000004 -0.000004 4.570442 11.014702 -2.160865 -4.351193 6.861606 36.380709 -26.427098 -20.559003 -1.542987 -0.000021 -17.827540 0.000008 -35.984804 26.372583 7.334092 2.466125 -1.576204 2.681740 -3.074605 10.549494 15.520755 4.126574 13.590304 1.096805 -0.821917 0.916480 2.391514 0.000004 0.000003 -0.000006 9.109297 -0.518017 2.259870 0.273571 1.925198 -16.214965 0.219854 1.734415 -14.431023 0.132177 1.338374 -11.226808 0.000003 -0.000002 -0.000005 9.533391 0.000023 0.000040 0.403537 2.326838 -19.705915 0.265758 1.901754 -15.949340 0.227518 1.760088 -14.731441 0.000001 -0.000006 0.000000 9.104512 -0.043034 -1.865088 0.570493 2.748926 -23.438865 0.392230 2.294248 -19.389461 0.327853 2.102544 -17.711283 -0.000002 -0.000000 0.000002 8.077791 -0.486871 -3.806268 2.627707 6.922956 -26.104677 0.781574 -1.114602 -26.113289 0.518517 2.423845 -20.719037 -0.000001 -0.000001 0.000004 -8.207786 -6.751660 -1.599565 -23.977032 -0.736900 -1.110316 56.519634 -8.065875 3.324820 -13.757081 -1.510530 5.550097 -7.967929 0.000007 -0.000002 -0.000000 0.000000 -0.000000 8.207791 -6.751696 -1.599552 -17.975760 2.341782 -0.646135 57.041218 -6.727210 -1.608679 -9.603887 -5.548557 5.996813 -16.409980 -0.190600 4.345556 -0.000000 0.000002 -0.000000 
-0.846395 95.436401 56.402767 -8.838617 1.688279 -3.672222 -0.000004 10.181561 0.131525 1.517630 0.929279 3.516358 0.474061 0.136538 -0.864823 0.474896 0.130878 -0.864758 0.000001 16.740410 -2.049038 5.842649 -0.619019 -1.030627 0.000000 9.617909 1.685012 15.680982 -4.675717 -0.219474 0.000003 22.037323 7.501097 -0.000002 -0.000000 -0.000001 -4.569975 11.014903 -2.160883 -3.300731 -9.901307 -20.305695 3.017243 48.508355 -32.863541 -0.000001 18.878281 0.000006 13.959201 8.094953 -46.100618 -2.464792 -1.573989 2.681845 -2.591560 -5.784490 -15.442494 5.122757 -17.557625 -0.755100 -1.560139 0.883070 -1.926114 0.000006 -0.000009 0.000001 -9.108268 -0.517875 2.259844 0.080675 -1.058460 8.565432 0.003039 -0.186820 1.773625 0.035447 -0.713311 5.780068 0.000002 -0.000003 0.000001 -9.532479 -0.000060 -0.000027 0.086438 -1.096729 8.565541 0.199963 -1.601764 14.077011 0.035204 -0.740118 5.780084 -0.000001 -0.000003 -0.000001 -9.103579 -0.043089 -1.865130 0.154119 -1.458852 12.208663 0.115161 -1.280768 10.359527 0.026930 -0.605403 4.868338 0.000003 -0.000002 -0.000004 -8.076661 -0.486736 -3.806277 0.514364 -2.629897 22.628832 -0.000008 0.096972 0.000123 0.016723 -0.649851 4.868294 0.000001 -0.000002 -0.000001 4.570436 11.014696 -2.160853 -2.889804 3.828525 39.099414 -30.839294 -21.668193 -4.691888 -0.000030 -21.878515 -0.000036 -33.624786 26.333574 9.822915 2.466133 -1.576202 2.681729 -3.074605 10.549499 15.520749 4.126574 13.590306 1.096808 -0.821919 0.916488 2.391518 0.000004 0.000003 -0.000003 9.109293 -0.518045 2.259858 0.305457 2.031872 -17.138608 0.241220 1.815061 -15.122753 0.140426 1.379251 -11.572525 -0.000002 0.000000 -0.000008 9.533398 0.000033 0.000025 0.441904 2.431370 -20.630072 0.289162 1.981812 -16.641194 0.238273 1.800364 -15.077298 0.000005 0.000005 0.000006 9.104524 -0.043024 -1.865079 0.575326 2.760021 -23.539429 0.406182 2.333495 -19.735142 0.334205 2.122380 -17.884073 0.000001 -0.000006 -0.000006 8.077785 -0.486879 -3.806273 2.639947 6.930448 -26.206222 0.801151 -1.077831 -26.458012 0.526500 2.443083 -20.891908 0.000003 0.000006 0.000005 -8.207785 -6.751682 -1.599564 -25.952048 -0.573659 -0.637452 53.150691 -7.817438 3.462295 -12.000351 -1.610543 5.775502 -8.106538 0.000002 -0.000002 0.000000 0.000001 -0.000000 8.207792 -6.751717 -1.599548 -17.356684 0.460138 -0.632882 57.385617 -7.043091 -1.457168 -10.257976 -4.690617 9.139004 -15.948138 -0.138024 2.516824 -0.000000 0.000000 -0.000000 
-0.928438 95.518753 57.621502 -8.390042 6.213339 -2.907615 -0.000005 10.181589 0.131520 1.191487 -0.002105 1.593879 0.640005 0.010121 -0.410646 0.639879 0.007525 -0.410042 0.000003 16.740404 -2.049037 5.921206 -0.959477 -0.957245 0.000000 9.617861 1.685014 15.528493 -6.171350 -0.331520 0.000001 22.037354 7.501088 -0.000002 0.000000 0.000001 -4.569973 11.014921 -2.160885 -3.754876 -11.723344 -19.459508 3.456905 41.620086 -32.163415 -0.000008 19.984679 -0.000003 13.525266 8.268665 -49.346337 -2.464815 -1.573968 2.681836 -2.591558 -5.784486 -15.442493 5.122764 -17.557621 -0.755095 -1.560139 0.883069 -1.926121 -0.000000 -0.000003 -0.000005 -9.108283 -0.517871 2.259813 0.035841 -0.706869 5.656227 0.000001 0.029279 0.000107 0.025164 -0.602668 4.868313 -0.000005 -0.000002 0.000001 -9.532501 -0.000047 -0.000028 0.039657 -0.745381 5.656275 0.150560 -1.385117 12.252444 0.024935 -0.629492 4.868328 -0.000003 0.000002 -0.000004 -9.103600 -0.043087 -1.865145 0.105431 -1.208811 10.117219 0.085313 -1.106070 8.904648 0.019700 -0.517073 4.141128 -0.000002 -0.000010 -0.000000 -8.076686 -0.486717 -3.806293 0.422585 -2.392231 20.534486 -0.000001 0.096989 0.000126 0.011042 -0.561409 4.141104 0.000003 0.000006 0.000001 4.570435 11.014714 -2.160861 -1.147731 0.664868 41.300218 -34.998063 -22.501780 -6.900047 -0.000039 -25.623366 0.000000 -28.632402 24.092896 11.677344 2.466121 -1.576198 2.681735 -3.074597 10.549499 15.520753 4.126576 13.590304 1.096810 -0.821919 0.916481 2.391515 0.000003 0.000006 -0.000005 9.109291 -0.518051 2.259870 0.320898 2.081381 -17.568766 0.256025 1.868709 -15.584513 0.146057 1.406510 -11.803304 -0.000003 0.000001 -0.000000 9.533398 0.000015 0.000051 0.460346 2.479824 -21.060461 0.305318 2.035081 -17.103017 0.245559 1.827254 -15.308189 0.000003 -0.000007 0.000000 9.104529 -0.043053 -1.865067 0.531815 2.658034 -22.618614 0.408232 2.339196 -19.785373 0.335137 2.125265 -17.909214 0.000003 0.000008 0.000007 8.077798 -0.486876 -3.806249 2.528346 6.861109 -25.276655 0.804027 -1.072487 -26.508120 0.527659 2.445879 -20.917060 -0.000001 0.000003 0.000002 -8.207787 -6.751671 -1.599560 -28.191087 -0.469313 -1.772841 52.073946 -7.922530 2.952165 -8.425446 2.296833 5.951948 -8.544964 0.000002 -0.000003 0.000000 0.000000 -0.000000 8.207790 -6.751689 -1.599550 -16.403881 -0.667162 -1.324035 56.544056 -5.484107 -2.625900 -11.105191 -3.540300 12.043720 -16.108810 0.021361 -0.337595 0.000000 -0.000001 0.000000 
-0.945319 95.641464 59.028252 -7.795824 9.372349 -1.265475 -0.000007 10.181578 0.131522 0.217642 -0.903669 -0.879104 0.873192 -0.116794 -0.057552 0.874081 -0.114960 -0.058366 -0.000001 16.740400 -2.049042 6.052036 -1.116913 -1.067111 0.000001 9.617887 1.685013 15.525537 -7.108754 -0.311076 0.000004 22.037338 7.501101 0.000001 0.000000 0.000000 -4.569969 11.014903 -2.160888 -3.989127 -12.521577 -19.375749 3.251418 35.447828 -30.155224 -0.000010 21.316032 0.000021 12.379316 6.601859 -52.441393 -2.464823 -1.573974 2.681832 -2.591559 -5.784491 -15.442487 5.122762 -17.557623 -0.755094 -1.560137 0.883064 -1.926115 -0.000003 -0.000005 -0.000001 -9.108289 -0.517846 2.259825 0.014685 -0.452997 3.565678 -0.000007 0.029300 0.000092 0.018205 -0.514356 4.141163 0.000001 -0.000005 0.000002 -9.532516 -0.000024 -0.000043 0.017094 -0.491626 3.565700 0.116162 -1.211271 10.797406 0.018008 -0.541138 4.141120 0.000002 -0.000003 0.000000 -9.103609 -0.043052 -1.865144 0.076308 -1.029496 8.626135 0.066602 -0.980065 7.859150 0.015229 -0.453548 3.618504 -0.000003 -0.000002 0.000001 -8.076713 -0.486695 -3.806299 0.362509 -2.220761 19.041557 -0.000005 0.096986 0.000125 0.007636 -0.497797 3.618482 0.000004 -0.000007 -0.000005 4.570439 11.014699 -2.160864 0.193236 -1.638579 42.729981 -37.547093 -23.530350 -7.915064 -0.000049 -28.959865 -0.000013 -21.411033 20.848143 12.846316 2.466125 -1.576223 2.681729 -3.074603 10.549495 15.520751 4.126573 13.590308 1.096801 -0.821914 0.916483 2.391521 0.000002 0.000004 -0.000001 9.109297 -0.518017 2.259870 0.308616 2.042122 -17.227656 0.263067 1.893672 -15.799547 0.148718 1.419182 -11.910779 0.000000 0.000011 0.000002 9.533406 0.000035 0.000051 0.445686 2.441417 -20.719171 0.312981 2.059836 -17.318109 0.249008 1.839746 -15.415684 0.000003 0.000001 -0.000001 9.104509 -0.043020 -1.865073 0.426553 2.390140 -20.229074 0.389671 2.286958 -19.325262 0.326668 2.098856 -17.679181 -0.000000 -0.000002 -0.000002 8.077789 -0.486853 -3.806248 2.244124 6.672823 -22.865049 0.777975 -1.121431 -26.049245 0.517057 2.420252 -20.686912 -0.000004 0.000002 0.000002 -8.207788 -6.751673 -1.599566 -30.048335 -0.387404 -3.876588 52.851997 -5.343639 2.510102 -5.283736 4.911112 6.055457 -7.905374 0.000005 -0.000002 -0.000000 -0.000000 0.000000 8.207789 -6.751705 -1.599558 -15.056920 -0.065340 -2.459502 54.988893 -2.128393 -3.648151 -11.797878 -3.357833 13.513293 -16.835238 0.133692 -2.590898 0.000000 0.000000 -0.000000 
-0.942474 95.811852 60.641106 -7.132136 12.033057 0.329041 -0.000006 10.181585 0.131523 -1.206940 -2.559942 -3.285013 1.183555 -0.351953 0.329638 1.187532 -0.345768 0.322822 0.000002 16.740408 -2.049031 6.141618 -1.116607 -1.211439 0.000001 9.617908 1.685001 15.654321 -7.338339 -0.339651 0.000000 22.037354 7.501097 0.000003 0.000000 0.000000 -4.569968 11.014914 -2.160885 -4.049901 -12.547906 -19.735208 2.385425 30.784342 -27.215181 -0.000007 22.586353 -0.000005 11.115558 4.264342 -54.403143 -2.464819 -1.573974 2.681836 -2.591561 -5.784490 -15.442498 5.122756 -17.557619 -0.755081 -1.560141 0.883064 -1.926125 0.000001 -0.000005 0.000002 -9.108281 -0.517852 2.259835 0.005242 -0.271610 2.075103 0.000001 0.029285 0.000105 0.013894 -0.450791 3.618494 0.000000 0.000007 0.000002 -9.532527 -0.000046 -0.000031 0.006646 -0.310282 2.075111 0.094132 -1.085793 9.751803 0.013735 -0.477593 3.618508 -0.000001 -0.000005 -0.000000 -9.103581 -0.043056 -1.865128 0.052097 -0.851516 7.151767 0.054669 -0.890008 7.113684 0.012359 -0.408237 3.245867 -0.000001 0.000001 -0.000000 -8.076687 -0.486689 -3.806278 0.307506 -2.049755 17.565536 -0.000008 0.096991 0.000136 0.005555 -0.452419 3.245845 -0.000002 0.000001 -0.000001 4.570441 11.014736 -2.160858 0.626554 -2.421475 43.590196 -38.417789 -25.114471 -8.266316 -0.000033 -32.282233 0.000002 -13.500248 18.617593 13.181072 2.466125 -1.576185 2.681731 -3.074597 10.549497 15.520746 4.126572 13.590299 1.096807 -0.821911 0.916490 2.391516 -0.000000 0.000000 -0.000001 9.109303 -0.518054 2.259870 0.253439 1.854424 -15.604733 0.257480 1.873893 -15.629028 0.146608 1.409116 -11.825560 0.000001 0.000000 0.000003 9.533411 0.000028 0.000043 0.379130 2.257444 -19.095387 0.306902 2.040217 -17.147564 0.246268 1.829810 -15.330431 -0.000002 0.000007 -0.000001 9.104517 -0.043030 -1.865085 0.287484 1.972548 -16.576350 0.343413 2.150687 -18.131015 0.305148 2.030197 -17.082189 0.000001 -0.000006 0.000001 8.077774 -0.486895 -3.806267 1.825761 6.362331 -19.180495 0.712154 -1.249518 -24.858166 0.489991 2.353561 -20.089572 -0.000002 -0.000001 0.000001 -8.207788 -6.751660 -1.599563 -30.982134 -0.404784 -5.760605 54.602971 -2.621551 2.455504 -3.652067 6.106306 7.305131 -6.562033 0.000006 -0.000001 0.000000 -0.000001 -0.000000 8.207793 -6.751692 -1.599555 -13.502231 1.924196 -3.266449 53.383454 1.111501 -3.527928 -12.395243 -4.473551 12.961536 -17.597677 0.150590 -3.382759 -0.000000 -0.000000 -0.000000 
-1.035386 96.053894 62.437698 -6.454841 14.919145 0.835005 -0.000004 10.181603 0.131524 -2.715596 -5.073859 -4.994577 1.520881 -0.701777 0.827856 1.533642 -0.693790 0.809254 0.000002 16.740389 -2.049032 6.148022 -1.053334 -1.242255 0.000001 9.617894 1.685002 15.859083 -7.062563 -0.489695 0.000001 22.037384 7.501091 0.000004 0.000000 -0.000000 -4.569965 11.014907 -2.160876 -4.094864 -12.605901 -19.936484 0.936414 27.909130 -24.119922 -0.000014 23.324794 0.000016 10.299827 2.545253 -54.770611 -2.464792 -1.573974 2.681860 -2.591559 -5.784497 -15.442489 5.122761 -17.557618 -0.755089 -1.560140 0.883071 -1.926125 0.000004 -0.000005 -0.000003 -9.108259 -0.517874 2.259849 0.000580 -0.092030 0.601135 -0.000009 0.029282 0.000112 0.011183 -0.405465 3.245866 -0.000000 0.000004 -0.000002 -9.532495 -0.000044 -0.000008 0.000987 -0.130727 0.601137 0.079834 -0.996100 9.006294 0.011040 -0.432271 3.245863 -0.000001 -0.000003 -0.000000 -9.103578 -0.043090 -1.865121 0.027359 -0.617855 5.223454 0.044019 -0.800825 6.376565 0.009835 -0.363403 2.877352 0.000000 -0.000001 0.000002 -8.076666 -0.486703 -3.806263 0.242254 -1.824007 15.635319 0.000011 0.096983 0.000142 0.003791 -0.407543 2.877355 -0.000005 -0.000000 -0.000002 4.570442 11.014715 -2.160852 0.224784 -1.828199 44.204574 -38.955646 -27.399666 -8.995171 -0.000055 -35.694733 -0.000013 -6.903468 18.060762 12.646046 2.466152 -1.576202 2.681736 -3.074599 10.549494 15.520748 4.126578 13.590309 1.096800 -0.821917 0.916486 2.391515 0.000000 0.000005 -0.000005 9.109324 -0.518038 2.259871 0.162745 1.491141 -12.498958 0.231671 1.779534 -14.817691 0.136755 1.361214 -11.420045 0.000000 0.000003 -0.000001 9.533436 0.000031 0.000045 0.266383 1.900365 -15.988173 0.278712 1.946535 -16.336040 0.233500 1.782610 -14.924781 0.000000 0.000004 -0.000004 9.104549 -0.043035 -1.865073 0.170898 1.527599 -12.760694 0.278223 1.940483 -16.305005 0.273625 1.924765 -16.169245 -0.000001 -0.000004 0.000001 8.077828 -0.486843 -3.806257 1.411157 6.010000 -15.334562 0.616696 -1.447922 -23.036719 0.449946 2.250998 -19.176116 -0.000000 0.000011 0.000002 -8.207788 -6.751655 -1.599558 -30.665575 -0.755374 -6.094061 55.974766 -1.844010 2.943235 -2.889487 6.531875 8.159129 -6.991355 0.033132 -1.806289 -0.000001 0.000001 -0.000000 8.207794 -6.751701 -1.599550 -12.204127 3.806841 -2.576559 52.143662 1.801144 -2.784918 -13.000287 -5.788281 10.713979 -17.972545 0.106143 -2.233825 -0.000000 0.000000 0.000000 
-1.306361 96.349670 64.365547 -5.969740 18.192619 -0.048419 -0.000004 10.181590 0.131524 -3.807412 -7.966792 -5.820054 1.796245 -1.087456 1.537978 1.827654 -1.081934 1.504005 0.000002 16.740410 -2.049045 6.104134 -1.013082 -1.162455 0.000000 9.617918 1.685005 16.024145 -6.701519 -0.736835 0.000003 22.037354 7.501107 -0.000001 0.000000 0.000000 -4.569970 11.014911 -2.160895 -4.316493 -13.403887 -19.678082 -0.791018 26.353172 -21.736319 0.000006 23.322683 0.000013 10.017033 2.248108 -53.880005 -2.464846 -1.573982 2.681836 -2.591561 -5.784489 -15.442493 5.122764 -17.557621 -0.755098 -1.560140 0.883068 -1.926117 0.000004 -0.000004 0.000002 -9.108314 -0.517870 2.259824 0.001444 0.142935 -1.326874 -0.000011 0.029293 0.000092 0.008785 -0.360632 2.877377 0.000001 -0.000001 -0.000001 -9.532550 -0.000049 -0.000037 0.000548 0.104245 -1.326871 0.066845 -0.907223 8.269082 0.008662 -0.387427 2.877360 -0.000002 0.000000 0.000003 -9.103631 -0.043078 -1.865151 0.008546 -0.345613 2.983999 0.031827 -0.683984 5.412393 0.006967 -0.304727 2.395335 -0.000002 0.000004 -0.000002 -8.076706 -0.486703 -3.806284 0.176095 -1.559257 13.394109 -0.000005 0.096989 0.000128 0.001957 -0.348828 2.395333 0.000001 -0.000000 0.000001 4.570440 11.014734 -2.160864 -0.477738 -0.732177 44.681691 -40.843520 -30.168140 -11.053058 -0.000041 -38.863186 -0.000028 -2.581173 18.192344 12.385119 2.466152 -1.576211 2.681727 -3.074600 10.549497 15.520743 4.126574 13.590306 1.096807 -0.821913 0.916485 2.391509 -0.000000 -0.000002 0.000000 9.109313 -0.518061 2.259861 0.076856 1.027970 -8.592831 0.186043 1.597932 -13.264764 0.118848 1.269332 -10.643871 -0.000001 -0.000001 0.000000 9.533433 0.000032 0.000035 0.152336 1.443294 -12.080601 0.228500 1.766138 -14.782845 0.209981 1.691996 -14.148286 0.000000 -0.000006 0.000000 9.104544 -0.043029 -1.865085 0.105863 1.205300 -10.034379 0.217271 1.718664 -14.397002 0.242496 1.814051 -15.215221 -0.000001 -0.000004 -0.000001 8.077787 -0.486879 -3.806271 1.130012 5.741624 -12.588757 0.523710 -1.658425 -21.133206 0.409852 2.143117 -18.221563 0.000000 -0.000001 0.000001 -8.207787 -6.751667 -1.599560 -29.129698 -1.639047 -4.272410 56.161118 -3.171041 3.659039 -2.410834 6.238336 6.307978 -9.917783 0.099420 -3.131784 -0.000002 0.000000 -0.000000 8.207794 -6.751693 -1.599556 -11.350648 4.576476 0.028491 51.480112 -0.355744 -2.196667 -13.703835 -6.470886 7.773133 -17.803930 -0.009376 0.218596 -0.000000 -0.000001 -0.000000 
-1.724912 96.584183 66.331383 -5.853653 21.647141 -1.718744 -0.000005 10.181583 0.131521 -4.156930 -10.615606 -6.097347 1.971919 -1.418578 2.538307 2.034149 -1.418716 2.489664 0.000002 16.740389 -2.049031 6.049743 -1.037120 -1.089367 0.000002 9.617900 1.685000 16.004047 -6.644706 -1.094780 0.000003 22.037354 7.501090 -0.000005 0.000000 -0.000000 -4.569967 11.014906 -2.160883 -4.766997 -15.069696 -19.133166 -2.223396 25.229066 -20.611750 -0.000001 22.722800 -0.000007 9.787186 3.357290 -52.392004 -2.464785 -1.573968 2.681859 -2.591562 -5.784492 -15.442484 5.122765 -17.557626 -0.755089 -1.560137 0.883064 -1.926123 0.000001 0.000000 0.000004 -9.108284 -0.517873 2.259836 0.012351 0.415609 -3.566198 -0.000016 0.029268 0.000119 0.006092 -0.301933 2.395344 0.000000 0.000004 0.000000 -9.532500 -0.000041 -0.000018 0.009946 0.376982 -3.566180 0.051604 -0.790730 7.304876 0.005964 -0.328742 2.395339 -0.000005 0.000003 -0.000000 -9.103566 -0.043078 -1.865131 0.000936 -0.116111 1.099800 0.020154 -0.548030 4.292639 0.004227 -0.236556 1.835497 -0.000002 0.000001 -0.000001 -8.076675 -0.486715 -3.806271 0.128472 -1.334598 11.508724 0.000001 0.096975 0.000145 0.000382 -0.280603 1.835488 0.000003 -0.000010 -0.000003 4.570434 11.014717 -2.160855 -0.908180 -0.060411 44.964320 -44.675922 -32.648772 -14.515518 -0.000065 -41.506568 -0.000019 0.167493 17.781834 13.926104 2.466148 -1.576189 2.681732 -3.074599 10.549497 15.520755 4.126572 13.590305 1.096799 -0.821916 0.916491 2.391522 -0.000001 0.000003 -0.000007 9.109324 -0.518055 2.259868 0.028064 0.622238 -5.205307 0.135656 1.367807 -11.311366 0.098088 1.153391 -9.667373 0.000000 0.000002 0.000000 9.533409 0.000052 0.000037 0.078854 1.041281 -8.692184 0.172317 1.537382 -12.829134 0.182122 1.577523 -13.171424 0.000002 0.000003 0.000008 9.104536 -0.043023 -1.865081 0.079701 1.046790 -8.702714 0.178253 1.558966 -13.033513 0.221369 1.734575 -14.533367 0.000001 0.000003 0.000005 8.077808 -0.486848 -3.806267 0.997479 5.605711 -11.248262 0.461548 -1.810733 -19.772706 0.382318 2.065641 -17.539371 0.000001 0.000001 0.000006 -8.207785 -6.751666 -1.599565 -26.793442 -3.210720 -1.038526 55.292902 -5.396721 3.876993 -2.533241 5.273817 2.249533 -11.772194 0.095928 -2.423083 0.000001 -0.000000 -0.000000 8.207791 -6.751701 -1.599552 -10.788807 4.326819 3.593297 51.487441 -3.086765 -1.624724 -14.538898 -7.080399 4.839937 -17.195087 -0.119816 2.702986 -0.000000 0.000001 -0.000000 
-2.145470 96.666985 68.234077 -6.012482 24.912027 -3.395903 -0.000004 10.181579 0.131500 -3.926669 -12.557876 -6.256650 2.092350 -1.640524 3.723066 2.193016 -1.646697 3.663211 0.000001 16.740389 -2.049033 5.971441 -1.126628 -1.088776 0.000001 9.617874 1.684997 15.800664 -7.000775 -1.625812 0.000000 22.037338 7.501083 -0.000005 0.000000 0.000000 -4.569969 11.014923 -2.160882 -5.340036 -17.156189 -18.616008 -2.955307 23.877324 -20.562985 -0.000001 21.836677 -0.000014 8.938994 5.002708 -50.654807 -2.464811 -1.573953 2.681853 -2.591560 -5.784497 -15.442496 5.122754 -17.557619 -0.755094 -1.560141 0.883064 -1.926120 0.000004 -0.000003 0.000002 -9.108293 -0.517865 2.259840 0.029774 0.644561 -5.450571 0.000015 0.029290 0.000103 0.003563 -0.233769 1.835510 -0.000000 0.000002 -0.000002 -9.532514 -0.000043 -0.000015 0.026099 0.606038 -5.450531 0.036349 -0.655121 6.185018 0.003489 -0.260565 1.835504 -0.000000 -0.000002 0.000001 -9.103596 -0.043061 -1.865132 -0.000026 -0.004022 0.179993 0.012377 -0.433486 3.350512 0.002457 -0.179171 1.364458 -0.000002 0.000001 0.000001 -8.076686 -0.486702 -3.806275 0.107933 -1.224401 10.588463 -0.000007 0.096974 0.000134 -0.000390 -0.223200 1.364452 -0.000000 -0.000000 -0.000003 4.570440 11.014729 -2.160848 -0.869846 -0.127865 45.174820 -49.353984 -34.080831 -18.356509 -0.000044 -43.631317 -0.000020 2.966212 16.702389 17.492799 2.466125 -1.576198 2.681736 -3.074601 10.549500 15.520760 4.126572 13.590311 1.096802 -0.821918 0.916478 2.391520 -0.000000 0.000001 -0.000005 9.109309 -0.518007 2.259862 0.010650 0.383770 -3.223814 0.098353 1.166902 -9.617100 0.081668 1.052521 -8.820336 0.000000 -0.000003 -0.000009 9.533408 0.000044 0.000040 0.046939 0.804333 -6.710319 0.129901 1.337466 -11.134661 0.159558 1.477884 -12.324126 0.000001 -0.000004 0.000006 9.104513 -0.043009 -1.865077 0.065101 0.946582 -7.863155 0.160567 1.480600 -12.367459 0.211413 1.695685 -14.200277 -0.000002 -0.000001 0.000006 8.077782 -0.486853 -3.806263 0.915605 5.518454 -10.403427 0.432503 -1.885652 -19.108055 0.369183 2.027633 -17.206119 -0.000000 -0.000001 -0.000003 -8.207788 -6.751665 -1.599585 -24.200079 -5.121365 2.132344 53.974901 -6.784902 3.606929 -3.467480 3.753873 -1.203122 -13.558218 -0.041349 0.796671 -0.000000 -0.000000 -0.000001 8.207791 -6.751705 -1.599577 -10.458229 3.438646 6.641968 52.237533 -4.089154 -0.644711 -15.209026 -7.970225 2.351123 -16.957705 -0.145795 3.803356 0.000000 -0.000001 -0.000000 
-2.427532 96.644562 70.021690 -6.195248 27.318626 -4.627457 -0.000007 10.181585 0.131529 -3.654960 -13.470281 -6.455596 2.231245 -1.725335 4.729244 2.362894 -1.735712 4.662105 0.000003 16.740414 -2.049038 5.847923 -1.261551 -1.076389 0.000001 9.617863 1.685019 15.629978 -7.545665 -2.255932 0.000005 22.037338 7.501097 0.000001 -0.000000 0.000000 -4.569970 11.014936 -2.160886 -5.849484 -18.979065 -18.180376 -3.157241 22.306875 -20.754032 0.000010 20.908773 -0.000016 6.957611 5.925840 -48.456944 -2.464811 -1.573959 2.681856 -2.591564 -5.784497 -15.442486 5.122765 -17.557626 -0.755095 -1.560129 0.883069 -1.926120 0.000000 -0.000007 -0.000007 -9.108297 -0.517868 2.259845 0.041029 0.756091 -6.370483 0.000002 0.029293 0.000100 0.001970 -0.176384 1.364460 0.000002 0.000003 0.000000 -9.532516 -0.000035 -0.000014 0.036736 0.717630 -6.370428 0.025563 -0.540818 5.242823 0.001905 -0.203181 1.364460 0.000002 0.000001 0.000001 -9.103598 -0.043062 -1.865122 0.000011 -0.020928 0.318651 0.009253 -0.377522 2.890566 0.001787 -0.151151 1.134501 0.000003 0.000002 -0.000000 -8.076687 -0.486705 -3.806270 0.110911 -1.241040 10.727179 -0.000005 0.096981 0.000151 -0.000602 -0.195175 1.134517 -0.000002 0.000000 -0.000001 4.570442 11.014700 -2.160859 -0.547136 -0.664156 45.686777 -52.951417 -34.474075 -21.185444 -0.000058 -45.299218 -0.000020 6.466733 16.004033 21.988346 2.466129 -1.576210 2.681733 -3.074599 10.549504 15.520743 4.126572 13.590302 1.096813 -0.821917 0.916481 2.391514 0.000001 0.000002 -0.000001 9.109310 -0.518038 2.259865 0.005364 0.272568 -2.301408 0.079256 1.048876 -8.626096 0.072768 0.993433 -8.324863 0.000000 0.000001 0.000002 9.533410 0.000033 0.000035 0.034875 0.693675 -5.787792 0.107853 1.219965 -10.143486 0.147033 1.419420 -11.828479 -0.000001 0.000000 0.000003 9.104549 -0.043010 -1.865083 0.041562 0.756994 -6.279777 0.149902 1.431100 -11.947542 0.205232 1.671118 -13.990293 0.000001 -0.000000 -0.000003 8.077784 -0.486872 -3.806263 0.764725 5.350639 -8.810594 0.414648 -1.933072 -18.689049 0.361019 2.003665 -16.995999 0.000002 -0.000001 0.000003 -8.207788 -6.751667 -1.599546 -21.882828 -6.209924 4.183316 52.831144 -6.734796 3.836478 -4.782431 2.124223 -2.100983 -14.321717 -0.077049 1.468028 0.000000 -0.000001 0.000000 8.207792 -6.751695 -1.599545 -10.413014 2.429554 8.360775 53.550343 -3.017733 0.577183 -14.885223 -8.499262 0.987090 -17.626883 -0.140097 3.729215 -0.000000 -0.000001 -0.000000 
-2.572212 96.586990 71.704750 -6.266584 27.953859 -5.190305 -0.000004 10.181578 0.131519 -3.771584 -13.101560 -6.633999 2.414458 -1.655617 5.126326 2.552093 -1.667120 5.056827 0.000003 16.740402 -2.049034 5.742746 -1.410434 -0.907086 -0.000001 9.617878 1.685000 15.688958 -7.922597 -2.686159 0.000001 22.037354 7.501104 0.000002 0.000000 0.000000 -4.569963 11.014920 -2.160885 -6.068201 -19.932087 -17.580772 -3.339432 21.094669 -20.429980 0.000007 19.914743 -0.000011 3.669906 5.305031 -45.226781 -2.464823 -1.573968 2.681854 -2.591562 -5.784497 -15.442489 5.122755 -17.557621 -0.755092 -1.560138 0.883066 -1.926120 0.000007 -0.000003 0.000000 -9.108313 -0.517886 2.259833 0.039203 0.739296 -6.231805 0.000012 0.029292 0.000112 0.001346 -0.148360 1.134510 -0.000002 0.000001 0.000000 -9.532544 -0.000041 -0.000026 0.035005 0.700822 -6.231751 0.021005 -0.484960 4.782903 0.001302 -0.175163 1.134515 -0.000001 -0.000002 0.000000 -9.103632 -0.043076 -1.865142 0.001010 -0.120856 1.138729 0.009703 -0.385960 2.959880 0.001880 -0.155380 1.169173 0.000001 -0.000000 0.000001 -8.076685 -0.486718 -3.806272 0.129385 -1.339261 11.547685 0.000007 0.096984 0.000150 -0.000588 -0.199404 1.169162 0.000001 -0.000001 0.000000 4.570442 11.014709 -2.160852 -0.098454 -1.446744 46.772401 -53.959635 -34.221577 -21.993233 -0.000075 -46.548740 -0.000044 9.426098 16.196259 25.909291 2.466137 -1.576211 2.681737 -3.074597 10.549490 15.520749 4.126579 13.590310 1.096801 -0.821919 0.916473 2.391517 0.000005 0.000003 -0.000006 9.109306 -0.518053 2.259869 0.001465 0.141772 -1.217142 0.071071 0.993832 -8.164761 0.068791 0.965873 -8.094193 0.000003 -0.000005 -0.000005 9.533398 0.000018 0.000042 0.022999 0.563357 -4.703410 0.098270 1.165147 -9.682099 0.141372 1.392200 -11.597746 0.000001 -0.000001 -0.000001 9.104503 -0.043043 -1.865069 0.012680 0.418518 -3.464289 0.130760 1.337521 -11.155565 0.193847 1.624743 -13.594197 -0.000001 -0.000003 0.000000 8.077802 -0.486875 -3.806260 0.508339 5.042122 -5.980186 0.381882 -2.022838 -17.898663 0.345866 1.958340 -16.599726 -0.000003 0.000002 0.000002 -8.207785 -6.751656 -1.599558 -20.257800 -5.820469 4.909577 52.200612 -5.760588 4.925229 -5.882642 1.166075 -1.123124 -14.980782 0.008440 -0.141060 -0.000001 0.000000 -0.000000 8.207791 -6.751697 -1.599552 -10.696362 1.982985 8.780471 55.127679 -0.644840 1.550216 -12.724212 -8.545504 0.715977 -20.080519 -0.115438 2.618788 0.000000 -0.000000 0.000000 
-2.710945 96.462372 73.300774 -6.403960 26.261621 -5.030977 -0.000003 10.181567 0.131516 -4.164364 -11.478517 -6.632058 2.560770 -1.443496 4.742474 2.675101 -1.452350 4.678122 0.000003 16.740410 -2.049034 5.787887 -1.529047 -0.541188 -0.000002 9.617861 1.685010 15.904014 -7.882847 -2.634345 -0.000003 22.037354 7.501097 -0.000002 0.000000 0.000001 -4.569967 11.014930 -2.160892 -5.825734 -19.650357 -16.584572 -3.839433 20.805905 -19.610636 0.000013 18.533385 -0.000005 -0.692593 3.303873 -40.479393 -2.464823 -1.573968 2.681862 -2.591558 -5.784494 -15.442489 5.122757 -17.557616 -0.755096 -1.560132 0.883059 -1.926124 -0.000000 0.000001 0.000002 -9.108283 -0.517866 2.259847 0.029364 0.639838 -5.411610 -0.000014 0.029289 0.000096 0.001454 -0.152585 1.169177 0.000000 -0.000000 0.000001 -9.532506 -0.000043 -0.000016 0.025716 0.601310 -5.411569 0.021646 -0.493384 4.852217 0.001376 -0.179377 1.169172 -0.000003 -0.000000 0.000000 -9.103597 -0.043082 -1.865122 0.004438 -0.249344 2.193336 0.012519 -0.435857 3.369956 0.002503 -0.180356 1.374200 -0.000004 0.000000 0.000002 -8.076693 -0.486717 -3.806269 0.155225 -1.465172 12.602901 0.000008 0.096983 0.000150 -0.000384 -0.224385 1.374178 0.000002 -0.000003 -0.000000 4.570443 11.014738 -2.160858 0.591071 -2.644648 48.313623 -51.791839 -33.172350 -20.324847 -0.000060 -47.587526 -0.000011 10.438861 16.358889 28.079659 2.466144 -1.576181 2.681738 -3.074601 10.549499 15.520753 4.126576 13.590310 1.096809 -0.821919 0.916485 2.391515 0.000005 0.000000 0.000000 9.109319 -0.518045 2.259866 0.001125 -0.124752 0.991613 0.062021 0.929035 -7.622477 0.064262 0.933482 -7.823055 0.000002 -0.000004 -0.000008 9.533415 0.000040 0.000048 0.006393 0.297355 -2.494548 0.087599 1.100589 -9.139760 0.134861 1.360119 -11.326520 -0.000001 0.000002 0.000001 9.104557 -0.043008 -1.865085 -0.000004 -0.000500 0.010049 0.099920 1.170474 -9.747290 0.174365 1.542076 -12.889875 -0.000004 0.000003 0.000001 8.077808 -0.486864 -3.806261 0.213625 4.644625 -2.490885 0.326687 -2.183583 -16.493093 0.319706 1.877498 -15.895068 -0.000002 0.000000 0.000002 -8.207788 -6.751677 -1.599570 -19.332118 -4.513204 4.894858 52.277086 -4.593251 5.954367 -6.525616 1.430038 -0.272168 -15.877608 0.108789 -2.024405 -0.000000 -0.000000 -0.000000 8.207791 -6.751709 -1.599558 -11.221040 2.257985 8.392671 57.040641 1.963097 1.959733 -8.499235 -8.472487 0.229658 -24.204592 -0.091800 2.020393 0.000001 0.000000 -0.000000 
-2.945407 96.149963 74.767632 -6.859419 22.650478 -4.489919 -0.000003 10.181588 0.131518 -4.252459 -9.139077 -6.174513 2.484160 -1.152687 3.778778 2.559826 -1.156310 3.728230 0.000004 16.740410 -2.049032 6.038235 -1.573129 -0.073115 -0.000003 9.617880 1.685002 16.036272 -7.374624 -2.141951 0.000002 22.037369 7.501106 -0.000001 0.000000 -0.000001 -4.569968 11.014927 -2.160879 -5.170212 -18.153588 -15.286778 -4.600039 21.577269 -18.963014 0.000000 16.471712 -0.000035 -5.809969 0.765772 -34.308672 -2.464819 -1.573966 2.681850 -2.591553 -5.784491 -15.442486 5.122757 -17.557621 -0.755095 -1.560135 0.883063 -1.926121 0.000002 -0.000007 -0.000001 -9.108295 -0.517870 2.259832 0.018742 0.511759 -4.356904 0.000005 0.029289 0.000088 0.001986 -0.177558 1.374186 0.000000 -0.000001 0.000002 -9.532504 -0.000049 -0.000031 0.015804 0.473170 -4.356878 0.025770 -0.543178 5.262289 0.001939 -0.204370 1.374193 0.000003 -0.000003 0.000002 -9.103580 -0.043082 -1.865137 0.010877 -0.390028 3.349040 0.016655 -0.499987 3.897279 0.003437 -0.212468 1.637840 0.000002 -0.000003 0.000001 -8.076684 -0.486713 -3.806274 0.186171 -1.602565 13.759398 -0.000002 0.096978 0.000157 -0.000001 -0.256526 1.637841 0.000002 -0.000003 0.000003 4.570444 11.014734 -2.160844 1.629376 -4.318334 49.912898 -47.215486 -30.701912 -16.708330 -0.000067 -48.641377 -0.000038 9.823835 15.649099 28.026626 2.466129 -1.576215 2.681731 -3.074601 10.549500 15.520748 4.126571 13.590308 1.096797 -0.821913 0.916476 2.391520 0.000002 0.000009 0.000005 9.109272 -0.518039 2.259869 0.019487 -0.518808 4.261033 0.045483 0.796780 -6.517871 0.055529 0.867427 -7.270730 0.000001 -0.000002 -0.000000 9.533368 0.000029 0.000044 0.000679 -0.097091 0.774778 0.067694 0.968825 -8.035055 0.122083 1.294726 -10.774044 0.000000 0.000003 0.000005 9.104493 -0.043038 -1.865070 0.009416 -0.360850 2.997481 0.067549 0.963356 -8.009549 0.151739 1.439731 -12.020702 -0.000005 -0.000004 -0.000008 8.077770 -0.486864 -3.806265 -0.019860 4.289078 0.506229 0.264049 -2.383764 -14.758452 0.288790 1.777290 -15.025499 0.000002 0.000000 -0.000001 -8.207784 -6.751672 -1.599564 -18.833202 -3.000378 5.128110 53.231199 -3.880750 5.999507 -6.988115 2.713088 -0.700285 -16.923983 0.138996 -2.636495 -0.000001 -0.000002 0.000000 8.207793 -6.751701 -1.599557 -11.984086 2.515752 7.852825 59.944008 3.415457 1.606038 -2.714150 -7.799067 -1.236380 -28.480258 -0.094634 2.913959 -0.000001 -0.000002 0.000000 
-3.222233 95.640381 76.045181 -7.484298 18.308061 -4.232713 -0.000004 10.181569 0.131519 -3.570834 -6.906625 -4.999516 2.010802 -0.874183 2.621106 2.051420 -0.873558 2.589607 -0.000001 16.740379 -2.049030 6.379647 -1.528306 0.382394 -0.000001 9.617891 1.685015 15.989722 -6.494691 -1.536352 0.000002 22.037369 7.501103 0.000000 0.000000 0.000000 -4.569969 11.014927 -2.160879 -4.378136 -15.964729 -14.120193 -5.355071 23.283422 -18.982547 -0.000002 13.944373 -0.000017 -11.728894 -1.769077 -27.576809 -2.464804 -1.573972 2.681847 -2.591561 -5.784492 -15.442489 5.122763 -17.557625 -0.755100 -1.560142 0.883066 -1.926120 -0.000002 -0.000003 0.000006 -9.108312 -0.517864 2.259835 0.009849 0.371187 -3.201162 -0.000009 0.029287 0.000108 0.002838 -0.209683 1.637827 0.000001 -0.000003 0.000002 -9.532526 -0.000041 -0.000022 0.007688 0.332550 -3.201148 0.031596 -0.607192 5.789655 0.002773 -0.236475 1.637832 0.000003 -0.000000 0.000000 -9.103606 -0.043078 -1.865137 0.023888 -0.577320 4.889569 0.021864 -0.570196 4.475150 0.004652 -0.247678 1.926771 -0.000001 0.000001 0.000002 -8.076694 -0.486717 -3.806280 0.231749 -1.784709 15.301167 -0.000003 0.096990 0.000133 0.000597 -0.291728 1.926761 -0.000006 -0.000000 -0.000001 4.570436 11.014710 -2.160850 2.653906 -5.843891 51.174472 -42.238108 -26.975762 -12.843109 -0.000089 -49.392762 -0.000045 9.240213 14.434297 26.247198 2.466133 -1.576217 2.681738 -3.074597 10.549495 15.520749 4.126580 13.590308 1.096801 -0.821915 0.916474 2.391520 0.000002 0.000003 -0.000006 9.109288 -0.518043 2.259866 0.062095 -0.924510 7.642272 0.025696 0.600527 -4.882985 0.043734 0.769494 -6.453243 -0.000002 0.000001 0.000003 9.533418 0.000019 0.000037 0.018456 -0.504641 4.155576 0.042951 0.773115 -6.400018 0.104330 1.197704 -9.956327 0.000003 0.000003 -0.000002 9.104534 -0.043024 -1.865081 0.021293 -0.542151 4.503130 0.044722 0.784531 -6.515504 0.133540 1.351459 -11.273405 -0.000003 -0.000007 -0.000001 8.077812 -0.486860 -3.806264 -0.130309 4.105400 2.015583 0.215041 -2.557308 -13.266913 0.263441 1.690753 -14.277880 0.000002 0.000004 0.000004 -8.207782 -6.751682 -1.599566 -18.516522 -1.475529 6.162752 54.674363 -3.837831 5.302899 -7.666413 4.253427 -2.328717 -17.748776 0.103710 -1.801596 0.000000 0.000001 -0.000000 8.207795 -6.751702 -1.599567 -13.232322 1.819964 7.639727 64.143905 3.214397 0.423220 3.278290 -6.386308 -2.417220 -31.060480 -0.057151 2.369571 -0.000001 -0.000001 -0.000001 
-3.432527 95.040993 77.122658 -7.859120 14.320090 -4.686395 -0.000003 10.181581 0.131528 -2.241420 -5.293220 -3.155161 1.156954 -0.666085 1.609490 1.175648 -0.664720 1.595888 0.000001 16.740376 -2.049037 6.616311 -1.422668 0.765547 0.000003 9.617888 1.685006 15.879121 -5.432680 -1.113825 0.000004 22.037354 7.501094 -0.000002 -0.000000 0.000000 -4.569968 11.014910 -2.160895 -3.753236 -13.948156 -13.555470 -5.988934 25.860262 -19.477073 -0.000000 11.682455 -0.000001 -18.588705 -4.675786 -21.534801 -2.464796 -1.573995 2.681849 -2.591562 -5.784500 -15.442487 5.122753 -17.557609 -0.755092 -1.560134 0.883061 -1.926118 -0.000003 -0.000006 0.000002 -9.108299 -0.517879 2.259843 0.002372 0.183600 -1.660713 0.000002 0.029288 0.000090 0.003936 -0.244867 1.926756 0.000002 -0.000001 0.000000 -9.532522 -0.000058 -0.000022 0.001256 0.144914 -1.660708 0.038657 -0.677255 6.367569 0.003845 -0.271687 1.926770 -0.000004 0.000003 -0.000001 -9.103601 -0.043084 -1.865123 0.054123 -0.867862 7.286949 0.029935 -0.663742 5.245462 0.006505 -0.294553 2.311869 -0.000003 -0.000002 0.000002 -8.076694 -0.486725 -3.806276 0.312361 -2.065494 17.700867 0.000005 0.096979 0.000129 0.001666 -0.338660 2.311869 -0.000001 0.000001 -0.000001 4.570438 11.014721 -2.160860 2.949546 -6.252164 51.840388 -38.576898 -23.525244 -10.358248 -0.000073 -48.913355 -0.000018 9.799763 13.556285 24.308174 2.466137 -1.576215 2.681740 -3.074599 10.549498 15.520755 4.126579 13.590314 1.096804 -0.821918 0.916479 2.391516 0.000002 -0.000000 0.000002 9.109281 -0.518053 2.259881 0.105486 -1.203076 9.979501 0.011122 0.397042 -3.192490 0.033045 0.668060 -5.607932 0.000001 0.000001 0.000002 9.533398 0.000032 0.000048 0.044755 -0.785335 6.492291 0.023248 0.570085 -4.709432 0.087414 1.097104 -9.110801 0.000001 0.000003 0.000007 9.104494 -0.043051 -1.865067 0.018886 -0.510816 4.242712 0.035013 0.694215 -5.762609 0.124779 1.306884 -10.896830 0.000001 0.000005 -0.000006 8.077788 -0.486865 -3.806260 -0.111547 4.137379 1.754568 0.192042 -2.645271 -12.515138 0.251092 1.647039 -13.901170 -0.000002 0.000006 -0.000001 -8.207787 -6.751680 -1.599545 -18.352469 -0.016926 7.747585 55.888515 -4.042494 4.779529 -8.769523 5.433862 -4.558204 -18.020515 0.013772 -0.210436 0.000000 0.000001 0.000000 8.207793 -6.751699 -1.599538 -15.248705 0.274207 7.777976 68.851257 2.078025 -0.851643 6.913955 -5.470544 -1.721961 -28.904906 -0.012821 1.116201 0.000002 0.000001 0.000000 
-3.559961 94.519562 78.059830 -7.764279 10.949049 -5.656832 -0.000004 10.181584 0.131512 -0.845085 -4.137104 -1.163913 0.186805 -0.514325 0.933566 0.194847 -0.514278 0.931772 0.000001 16.740398 -2.049036 6.626547 -1.305942 1.052330 0.000000 9.617908 1.685001 15.821153 -4.433429 -0.941006 0.000004 22.037354 7.501100 -0.000003 0.000000 0.000000 -4.569965 11.014904 -2.160884 -3.454369 -12.810343 -13.738768 -6.599321 29.336861 -20.002236 -0.000003 10.237577 -0.000001 -25.924466 -8.576575 -17.136832 -2.464796 -1.573968 2.681835 -2.591556 -5.784494 -15.442486 5.122754 -17.557618 -0.755093 -1.560133 0.883063 -1.926123 0.000003 -0.000003 -0.000001 -9.108276 -0.517853 2.259824 0.000812 -0.108500 0.736305 0.000002 0.029295 0.000087 0.005674 -0.291783 2.311876 0.000001 -0.000002 0.000003 -9.532502 -0.000049 -0.000029 0.001312 -0.147196 0.736306 0.049150 -0.770523 7.137903 0.005569 -0.318600 2.311892 -0.000003 0.000004 -0.000006 -9.103580 -0.043075 -1.865142 0.120281 -1.290428 10.798251 0.044968 -0.809028 6.444154 0.010040 -0.367507 2.911146 0.000001 -0.000011 0.000001 -8.076674 -0.486720 -3.806288 0.451512 -2.469988 21.216427 -0.000001 0.096987 0.000103 0.003948 -0.411672 2.911136 -0.000002 0.000001 -0.000006 4.570442 11.014701 -2.160863 2.194863 -5.178310 51.919717 -36.775190 -21.713830 -9.652467 -0.000072 -46.609160 -0.000018 10.537660 13.469091 23.786306 2.466129 -1.576204 2.681736 -3.074602 10.549506 15.520749 4.126569 13.590305 1.096806 -0.821920 0.916479 2.391519 -0.000000 0.000003 -0.000003 9.109291 -0.518051 2.259866 0.118448 -1.274288 10.579409 0.004583 0.256230 -2.024239 0.026507 0.597883 -5.023736 -0.000001 -0.000002 0.000001 9.533401 0.000039 0.000036 0.053352 -0.857194 7.092039 0.013130 0.429467 -3.541141 0.076587 1.027470 -8.526509 -0.000003 0.000004 -0.000000 9.104510 -0.043030 -1.865079 0.008610 -0.344916 2.865162 0.036602 0.709853 -5.892792 0.126283 1.314593 -10.961961 -0.000001 -0.000000 -0.000002 8.077769 -0.486861 -3.806262 -0.009914 4.305067 0.373538 0.195934 -2.630044 -12.645156 0.253202 1.654609 -13.966313 -0.000001 0.000001 0.000002 -8.207787 -6.751675 -1.599570 -18.330088 1.184690 9.264512 56.426454 -4.016034 4.779454 -10.246374 6.305762 -6.758793 -17.595976 -0.083974 1.353333 -0.000000 0.000000 -0.000000 8.207790 -6.751698 -1.599562 -18.031508 -1.162265 7.745167 72.455350 1.111196 -0.898764 5.781156 -6.131583 0.136594 -23.483039 -0.001950 0.433787 0.000001 -0.000001 0.000000 
-3.658181 94.189651 78.913780 -7.368292 7.668348 -6.509551 -0.000003 10.181590 0.131511 0.129972 -2.870821 0.320670 -0.557566 -0.353264 0.582550 -0.554573 -0.353703 0.585289 0.000001 16.740391 -2.049040 6.422938 -1.216933 1.241169 0.000002 9.617886 1.685027 15.786720 -3.685958 -0.920266 0.000003 22.037369 7.501095 -0.000001 0.000000 0.000001 -4.569967 11.014932 -2.160886 -3.470207 -12.668639 -14.347195 -7.270645 33.658008 -20.578370 -0.000013 9.323126 -0.000004 -32.700651 -13.057058 -14.522654 -2.464808 -1.573959 2.681844 -2.591560 -5.784488 -15.442491 5.122760 -17.557621 -0.755097 -1.560141 0.883069 -1.926126 -0.000000 0.000000 0.000000 -9.108269 -0.517877 2.259832 0.020569 -0.535761 4.246442 0.000007 0.029279 0.000093 0.008989 -0.364740 2.911133 -0.000000 -0.000002 0.000004 -9.532515 -0.000066 -0.000021 0.023428 -0.574354 4.246471 0.067993 -0.915378 8.336678 0.008858 -0.391542 2.911158 -0.000000 -0.000000 -0.000001 -9.103591 -0.043085 -1.865130 0.240045 -1.814853 15.216326 0.072460 -1.021135 8.199604 0.016601 -0.474252 3.788704 -0.000004 0.000001 -0.000002 -8.076667 -0.486702 -3.806284 0.661429 -2.965397 25.641213 -0.000004 0.096999 0.000100 0.008676 -0.518506 3.788672 0.000001 0.000000 -0.000001 4.570443 11.014730 -2.160857 0.833798 -3.224560 51.747316 -36.681237 -21.163461 -10.143320 -0.000055 -43.220126 -0.000007 8.722121 13.591162 24.751878 2.466118 -1.576213 2.681742 -3.074596 10.549502 15.520753 4.126570 13.590303 1.096801 -0.821915 0.916486 2.391518 -0.000001 -0.000002 -0.000001 9.109282 -0.518049 2.259879 0.098195 -1.161083 9.625936 0.003339 0.220072 -1.724421 0.024950 0.579856 -4.873833 -0.000001 -0.000000 0.000000 9.533395 0.000027 0.000047 0.040026 -0.742954 6.138815 0.010993 0.393343 -3.241313 0.073931 1.009579 -8.376570 -0.000000 -0.000001 0.000001 9.104527 -0.043030 -1.865068 0.002695 -0.193218 1.607082 0.045645 0.792482 -6.581669 0.134308 1.355362 -11.306505 -0.000000 -0.000000 0.000012 8.077771 -0.486869 -3.806247 0.086480 4.456072 -0.888306 0.217098 -2.549620 -13.332959 0.264522 1.694597 -14.310981 0.000003 0.000001 0.000000 -8.207785 -6.751670 -1.599567 -18.369312 2.224260 10.142440 56.422680 -3.647063 5.110083 -11.793005 7.330239 -8.699042 -16.615007 -0.147648 2.569376 0.000000 0.000001 -0.000000 8.207792 -6.751704 -1.599568 -21.246137 -1.882321 7.046496 73.492706 0.709100 0.510546 -0.035394 -7.364112 0.597828 -17.920465 -0.009659 0.972644 0.000000 -0.000000 0.000001 
-3.741554 94.084084 79.700623 -7.036350 3.904148 -6.755923 -0.000005 10.181579 0.131506 0.673833 -1.114355 1.072933 -0.908630 -0.130562 0.346412 -0.908169 -0.130167 0.348194 0.000001 16.740398 -2.049044 6.094911 -1.162223 1.370580 0.000001 9.617909 1.684997 15.691087 -3.182074 -0.924338 0.000002 22.037354 7.501090 -0.000002 0.000000 -0.000001 -4.569966 11.014920 -2.160893 -3.647412 -13.097834 -14.832697 -8.056594 38.630939 -21.575053 0.000003 8.059706 0.000006 -38.004689 -16.218955 -13.008809 -2.464808 -1.573967 2.681827 -2.591564 -5.784491 -15.442484 5.122766 -17.557621 -0.755098 -1.560136 0.883070 -1.926119 0.000006 -0.000014 0.000006 -9.108289 -0.517851 2.259813 0.082469 -1.070103 8.662165 0.000004 0.029271 0.000082 0.015227 -0.471473 3.788694 -0.000001 -0.000005 -0.000002 -9.532515 -0.000049 -0.000049 0.088296 -1.108361 8.662276 0.101046 -1.126699 10.092290 0.015045 -0.498297 3.788705 -0.000002 -0.000008 0.000002 -9.103607 -0.043057 -1.865152 0.416034 -2.373423 20.029132 0.116232 -1.286557 10.407907 0.027191 -0.608339 4.892506 -0.000002 0.000002 0.000002 -8.076694 -0.486711 -3.806299 0.932844 -3.484549 30.462876 -0.000006 0.096991 0.000093 0.016950 -0.652770 4.892464 -0.000000 0.000000 -0.000004 4.570439 11.014739 -2.160865 -0.525147 -1.182779 51.704245 -37.849797 -20.479139 -11.184670 -0.000055 -40.428743 -0.000010 2.292311 11.978531 25.569897 2.466141 -1.576223 2.681731 -3.074600 10.549494 15.520744 4.126571 13.590303 1.096805 -0.821919 0.916486 2.391515 -0.000004 0.000005 -0.000001 9.109298 -0.518037 2.259869 0.070516 -0.985003 8.148644 0.005365 0.277528 -2.200949 0.027454 0.608499 -5.112123 0.000001 0.000001 0.000002 9.533430 0.000025 0.000040 0.023166 -0.565541 4.661860 0.014463 0.450748 -3.717872 0.078180 1.038000 -8.614894 0.000002 0.000003 0.000002 9.104546 -0.043050 -1.865076 0.001903 -0.163007 1.356759 0.054779 0.867839 -7.210826 0.141854 1.392557 -11.621213 -0.000001 0.000005 0.000004 8.077791 -0.486887 -3.806258 0.106046 4.485848 -1.139429 0.237277 -2.476386 -13.961097 0.275100 1.731069 -14.625844 0.000001 -0.000002 0.000003 -8.207785 -6.751671 -1.599578 -18.313786 3.492540 10.152069 56.234699 -3.160149 5.614862 -13.024589 8.817937 -10.560377 -15.463060 -0.187614 3.621179 0.000000 -0.000002 -0.000000 8.207790 -6.751695 -1.599573 -24.271820 -1.915920 5.848542 71.484582 0.200787 2.223597 -7.783242 -6.484267 -0.960507 -11.686110 -0.034065 1.834464 -0.000001 0.000000 -0.000000 
-3.776742 94.144791 80.438187 -6.983601 -0.327977 -6.529619 -0.000005 10.181571 0.131525 1.086429 0.992142 1.423047 -0.951221 0.142367 -0.013210 -0.950507 0.143508 -0.015036 0.000000 16.740391 -2.049036 5.719378 -1.111714 1.487370 0.000000 9.617888 1.685009 15.557404 -2.720948 -0.850758 0.000002 22.037384 7.501088 -0.000001 0.000001 0.000000 -4.569969 11.014901 -2.160882 -3.797085 -13.554274 -14.925912 -9.319375 44.118483 -22.816136 -0.000001 5.915518 0.000001 -41.531003 -15.831475 -11.747571 -2.464834 -1.573989 2.681870 -2.591561 -5.784486 -15.442486 5.122758 -17.557630 -0.755095 -1.560140 0.883073 -1.926130 -0.000002 0.000001 -0.000005 -9.108301 -0.517864 2.259855 0.196471 -1.644496 13.471214 -0.000009 0.029292 0.000079 0.025395 -0.605609 4.892495 -0.000001 -0.000009 0.000001 -9.532523 -0.000049 -0.000010 0.205482 -1.682128 13.471474 0.151785 -1.390886 12.300792 0.025184 -0.632420 4.892509 0.000000 0.000005 -0.000001 -9.103627 -0.043064 -1.865119 0.636577 -2.911325 24.810297 0.175501 -1.573370 12.812541 0.041636 -0.754071 6.094242 -0.000005 0.000003 0.000002 -8.076715 -0.486716 -3.806254 1.244716 -3.975502 35.254134 -0.000431 -0.195773 2.401861 0.028880 -0.798743 6.094177 -0.000001 -0.000002 -0.000002 4.570440 11.014706 -2.160855 -1.919683 1.013490 51.840955 -39.770177 -19.330023 -12.639773 -0.000053 -39.124420 -0.000012 -7.949166 7.370208 23.701255 2.466137 -1.576215 2.681733 -3.074600 10.549499 15.520753 4.126574 13.590306 1.096807 -0.821915 0.916483 2.391516 0.000005 0.000003 0.000002 9.109292 -0.518046 2.259867 0.057413 -0.889217 7.347190 0.009456 0.366554 -2.939371 0.031549 0.652858 -5.481363 0.000000 0.000002 0.000001 9.533391 0.000028 0.000040 0.015941 -0.469130 3.860556 0.020804 0.539634 -4.456299 0.085004 1.082040 -8.984210 0.000001 0.000001 -0.000001 9.104528 -0.043042 -1.865076 0.003289 -0.213478 1.775091 0.056687 0.882821 -7.336008 0.143383 1.399973 -11.683810 0.000000 0.000003 -0.000001 8.077777 -0.486869 -3.806263 0.073429 4.436028 -0.719752 0.241379 -2.461856 -14.086060 0.277217 1.738318 -14.688457 0.000001 0.000007 0.000002 -8.207786 -6.751669 -1.599544 -17.957003 5.007715 9.673046 56.024299 -2.830858 6.056234 -14.082112 10.402776 -12.352346 -14.372210 -0.186608 4.302340 0.000000 0.000000 -0.000000 8.207791 -6.751710 -1.599548 -26.673834 -1.908774 4.696845 67.366654 -0.326868 2.882038 -13.868582 -3.179673 -1.563231 -5.895356 0.000004 -0.000003 -0.000000 0.000000 -0.000000 
-3.749327 94.354660 81.209511 -7.117428 -4.582972 -6.286792 -0.000005 10.181581 0.131525 1.470457 2.976745 1.850472 -0.858438 0.403535 -0.522935 -0.853937 0.404765 -0.528575 0.000001 16.740391 -2.049043 5.322261 -1.012326 1.569284 0.000000 9.617852 1.685000 15.517560 -2.090633 -0.649997 0.000001 22.037338 7.501096 -0.000002 0.000000 0.000000 -4.569970 11.014903 -2.160885 -3.860791 -13.755805 -14.938547 -11.920120 50.158625 -23.103275 -0.000004 3.296014 -0.000006 -43.331827 -11.587059 -10.491787 -2.464800 -1.573968 2.681861 -2.591559 -5.784483 -15.442489 5.122761 -17.557628 -0.755091 -1.560141 0.883074 -1.926129 -0.000001 0.000004 0.000007 -9.108277 -0.517882 2.259851 0.356912 -2.203232 18.247636 0.005701 -0.263357 2.401896 0.039427 -0.751380 6.094235 0.000003 -0.000005 0.000009 -9.532495 -0.000055 -0.000004 0.369031 -2.239987 18.248107 0.218551 -1.676036 14.705763 0.039149 -0.778200 6.094267 -0.000004 -0.000004 -0.000006 -9.103603 -0.043094 -1.865112 0.884604 -3.399137 29.313925 0.246196 -1.855345 15.200152 0.059008 -0.898396 7.287257 0.000000 0.000004 -0.000003 -8.076694 -0.486732 -3.806254 1.575007 -4.412307 39.768274 0.011289 -0.486333 4.787446 0.043767 -0.943366 7.287155 0.000001 0.000006 0.000001 4.570440 11.014704 -2.160857 -4.009657 4.193461 51.689407 -41.997071 -19.182614 -14.502561 -0.000047 -38.211452 -0.000009 -19.138752 1.149491 17.424024 2.466133 -1.576217 2.681739 -3.074600 10.549493 15.520743 4.126574 13.590311 1.096800 -0.821919 0.916478 2.391517 0.000000 0.000000 0.000000 9.109284 -0.518044 2.259873 0.060791 -0.914868 7.561621 0.012146 0.414819 -3.340009 0.033909 0.676925 -5.681705 -0.000001 0.000001 -0.000001 9.533386 0.000011 0.000045 0.017751 -0.494933 4.074951 0.024724 0.587827 -4.856957 0.088821 1.105898 -9.184587 0.000000 0.000001 -0.000002 9.104525 -0.043043 -1.865071 0.002102 -0.170400 1.418045 0.053497 0.857776 -7.126792 0.140845 1.387605 -11.579178 0.000000 0.000001 -0.000002 8.077760 -0.486894 -3.806256 0.101253 4.478574 -1.077950 0.234540 -2.486161 -13.877208 0.273675 1.726209 -14.583801 0.000001 0.000001 0.000003 -8.207786 -6.751674 -1.599553 -17.086147 6.224539 9.319714 55.447967 -2.543183 6.016425 -15.300015 10.858800 -13.708459 -13.737870 -0.138037 3.688952 0.000000 -0.000000 -0.000000 8.207792 -6.751709 -1.599552 -28.265179 -2.588808 4.014912 62.398641 -0.018519 1.880217 -16.539411 -0.258932 0.141361 -6.313540 0.000003 -0.000001 -0.000000 0.000000 -0.000000 
-3.670948 94.619247 82.122948 -7.126750 -8.548972 -6.297526 -0.000005 10.181596 0.131521 1.486068 4.500150 2.694461 -0.675030 0.604756 -1.000158 -0.664222 0.605853 -1.007718 0.000001 16.740362 -2.049033 4.905888 -0.819946 1.515205 0.000002 9.617898 1.685021 15.652932 -1.248664 -0.370486 0.000002 22.037354 7.501096 0.000005 -0.000000 -0.000000 -4.569968 11.014923 -2.160881 -3.929758 -13.764622 -15.515325 -16.918317 56.666210 -20.807787 -0.000001 1.160033 0.000009 -43.538081 -6.263886 -9.455597 -2.464827 -1.573984 2.681853 -2.591562 -5.784493 -15.442486 5.122758 -17.557618 -0.755095 -1.560139 0.883066 -1.926124 -0.000003 -0.000002 0.000000 -9.108321 -0.517864 2.259849 0.550022 -2.715153 22.745875 0.023482 -0.553512 4.787508 0.056358 -0.895750 7.287230 -0.000001 -0.000004 0.000002 -9.532524 -0.000074 -0.000012 0.564993 -2.750846 22.746582 0.296646 -1.956066 17.093732 0.056009 -0.922582 7.287242 -0.000006 0.000001 0.000002 -9.103609 -0.043078 -1.865128 1.122315 -3.793038 33.102505 0.323426 -2.117827 17.447793 0.078071 -1.033841 8.410070 -0.000001 -0.000002 0.000005 -8.076721 -0.486702 -3.806268 1.878744 -4.758411 43.566218 0.033363 -0.759085 7.032627 0.060507 -1.079136 8.409929 -0.000002 0.000000 -0.000001 4.570431 11.014715 -2.160854 -7.047772 8.721536 50.562231 -44.104341 -21.635206 -16.157729 -0.000051 -35.603717 -0.000019 -28.134381 -4.915807 7.830938 2.466110 -1.576223 2.681735 -3.074602 10.549494 15.520748 4.126578 13.590311 1.096799 -0.821921 0.916483 2.391518 0.000001 0.000004 -0.000001 9.109283 -0.518054 2.259863 0.064666 -0.943439 7.800660 0.011405 0.401911 -3.232797 0.033272 0.670477 -5.628078 0.000001 -0.000000 -0.000000 9.533367 -0.000005 0.000039 0.019864 -0.523696 4.313951 0.023644 0.574925 -4.749752 0.087800 1.099516 -9.130977 -0.000000 0.000002 -0.000002 9.104506 -0.043039 -1.865078 0.001065 0.121405 -1.000142 0.056216 0.879151 -7.305372 0.143009 1.398153 -11.668486 -0.000001 0.000001 -0.000002 8.077756 -0.486906 -3.806262 0.296789 4.762040 -3.505023 0.240371 -2.465426 -14.055484 0.276704 1.736551 -14.673137 -0.000000 -0.000000 0.000005 -8.207786 -6.751661 -1.599554 -15.882541 6.423774 9.255176 54.427162 -2.102361 5.352998 -16.629101 9.521075 -14.291177 -13.266892 -0.083974 2.870049 -0.000000 -0.000000 0.000000 8.207793 -6.751699 -1.599556 -29.044857 -3.459605 4.017782 57.677874 1.205023 -0.050803 -16.444242 0.169035 2.260333 -7.441734 0.000004 -0.000002 -0.000000 -0.000000 -0.000000 
-3.519031 94.871704 83.217712 -6.766303 -12.268887 -6.624872 -0.000009 10.181587 0.131513 0.671451 5.653509 4.194671 -0.287997 0.760749 -1.322898 -0.269325 0.760893 -1.327567 -0.000000 16.740389 -2.049035 4.493827 -0.535420 1.247130 0.000002 9.617906 1.685000 15.888844 -0.340258 -0.139282 0.000002 22.037354 7.501095 0.000000 -0.000000 0.000000 -4.569971 11.014907 -2.160890 -4.107979 -13.782977 -17.039442 -25.129719 63.050911 -14.774070 -0.000015 0.111517 -0.000002 -42.702510 -3.478417 -8.445088 -2.464819 -1.573967 2.681847 -2.591560 -5.784488 -15.442489 5.122762 -17.557623 -0.755086 -1.560136 0.883062 -1.926122 0.000006 -0.000008 0.000002 -9.108288 -0.517864 2.259835 0.743100 -3.132595 26.529402 0.051259 -0.825680 7.032823 0.075025 -1.031274 8.410024 0.000002 0.000000 -0.000000 -9.532524 -0.000040 -0.000028 0.760402 -3.167220 26.530352 0.380748 -2.216421 19.341750 0.074633 -1.058117 8.410079 -0.000001 0.000002 0.000000 -9.103595 -0.043076 -1.865129 1.275164 -4.018442 35.346099 0.396260 -2.335931 19.337447 0.096155 -1.147396 9.353825 -0.000001 -0.000001 0.000001 -8.076680 -0.486706 -3.806281 2.069175 -4.953518 45.815536 0.060170 -0.987505 8.919848 0.076649 -1.193005 9.353672 -0.000001 0.000001 -0.000003 4.570436 11.014720 -2.160853 -10.040945 13.646790 48.134464 -45.379002 -26.141817 -16.340406 -0.000044 -30.622443 -0.000016 -33.147215 -11.416305 -1.746540 2.466145 -1.576204 2.681738 -3.074597 10.549493 15.520755 4.126576 13.590309 1.096804 -0.821918 0.916481 2.391519 0.000002 0.000003 -0.000003 9.109324 -0.518049 2.259870 0.045055 -0.788038 6.502372 0.010579 0.387518 -3.113306 0.032568 0.663309 -5.568336 0.000001 0.000000 0.000000 9.533435 0.000036 0.000041 0.009770 -0.367387 3.015870 0.022466 0.560572 -4.630245 0.086648 1.092390 -9.071199 -0.000002 -0.000001 0.000001 9.104562 -0.043034 -1.865078 0.029661 0.639849 -5.303994 0.076317 1.023677 -8.514779 0.158157 1.469510 -12.273421 -0.000000 -0.000000 -0.000001 8.077790 -0.486879 -3.806261 0.674134 5.245146 -7.829375 0.281627 -2.325366 -15.262828 0.297627 1.806487 -15.278331 -0.000000 -0.000001 0.000009 -8.207789 -6.751667 -1.599567 -14.770310 5.475153 9.168374 53.256894 -2.240628 4.558737 -17.601444 7.944944 -13.886369 -13.108237 -0.052846 2.274277 0.000000 0.000000 -0.000000 8.207789 -6.751696 -1.599559 -29.198738 -3.172003 4.773779 54.040487 2.652159 -1.644180 -15.133577 -1.297744 3.405298 -8.491734 -0.000000 -0.000003 -0.000001 -0.000000 0.000000 
-3.246032 95.078194 84.421700 -6.121690 -15.941983 -7.073379 -0.000006 10.181597 0.131511 -0.973261 6.860689 6.299518 0.375847 0.931792 -1.602644 0.405914 0.928814 -1.596375 0.000002 16.740402 -2.049027 4.140946 -0.218405 0.828565 0.000000 9.617866 1.685010 16.070028 0.445358 -0.043074 0.000000 22.037369 7.501081 0.000001 -0.000000 0.000000 -4.569967 11.014945 -2.160872 -4.388927 -13.849739 -19.224105 -36.502256 68.357414 -5.004181 -0.000000 0.000016 0.000002 -41.592915 -3.498155 -6.657197 -2.464785 -1.573976 2.681841 -2.591556 -5.784491 -15.442489 5.122758 -17.557619 -0.755096 -1.560136 0.883064 -1.926121 0.000003 -0.000009 0.000001 -9.108277 -0.517868 2.259833 0.870248 -3.373350 28.769798 0.082833 -1.053440 8.920162 0.092767 -1.144884 9.353787 0.000001 0.000001 -0.000006 -9.532501 -0.000047 -0.000021 0.888894 -3.407274 28.770898 0.459307 -2.432561 21.231768 0.092348 -1.171709 9.353828 0.000001 0.000001 0.000004 -9.103574 -0.043080 -1.865132 1.282987 -4.029478 35.457411 0.442737 -2.463835 20.455993 0.107741 -1.214448 9.912356 0.000004 0.000003 0.000001 -8.076667 -0.486710 -3.806287 2.078824 -4.963008 45.927114 0.079581 -1.122255 10.036782 0.087082 -1.260232 9.912196 -0.000001 -0.000001 -0.000001 4.570442 11.014720 -2.160838 -11.578268 17.130499 44.770281 -44.934418 -29.789013 -13.975371 -0.000032 -25.155143 0.000008 -35.659888 -18.872043 -8.988778 2.466145 -1.576208 2.681744 -3.074598 10.549497 15.520756 4.126576 13.590313 1.096800 -0.821920 0.916481 2.391515 0.000002 0.000006 0.000001 9.109313 -0.518063 2.259875 0.009784 -0.367773 3.006836 0.015365 0.465679 -3.762337 0.036482 0.702275 -5.892891 0.000000 0.000001 0.000006 9.533412 0.000030 0.000048 0.000210 0.054255 -0.479336 0.029211 0.638580 -5.279331 0.092950 1.131061 -9.395834 -0.000000 -0.000000 0.000007 9.104538 -0.043024 -1.865069 0.101577 1.180736 -9.827698 0.119613 1.279719 -10.667481 0.186967 1.596100 -13.350105 0.000001 0.000001 -0.000002 8.077793 -0.486865 -3.806256 1.109235 5.720734 -12.380666 0.362300 -2.078397 -17.411542 0.336698 1.930365 -16.355504 -0.000000 0.000001 -0.000002 -8.207791 -6.751675 -1.599576 -14.119619 4.056109 8.604335 52.424711 -3.875629 4.318615 -17.759197 8.148242 -12.407385 -13.438659 -0.051911 2.254807 -0.000000 0.000000 -0.000000 8.207790 -6.751695 -1.599564 -29.036312 -1.266351 5.860354 51.895784 4.184280 -2.174173 -14.192664 -2.706281 3.628265 -8.473978 0.000009 -0.000002 -0.000000 0.000000 -0.000000 
-2.854131 95.244576 85.627403 -5.579906 -19.616375 -7.156534 -0.000005 10.181579 0.131511 -2.751816 8.496752 8.379788 1.146624 1.160686 -2.049599 1.195439 1.153610 -2.025000 0.000002 16.740408 -2.049015 3.895960 0.040527 0.462812 0.000001 9.617909 1.685007 16.109857 1.031011 -0.019692 0.000001 22.037369 7.501090 0.000001 0.000001 -0.000000 -4.569968 11.014924 -2.160872 -4.608621 -13.736124 -21.236892 -48.817274 71.934822 6.229394 0.000004 0.063430 -0.000002 -40.848056 -2.336417 -3.400006 -2.464812 -1.573968 2.681855 -2.591560 -5.784489 -15.442487 5.122758 -17.557626 -0.755089 -1.560139 0.883071 -1.926121 0.000004 -0.000014 0.000006 -9.108281 -0.517840 2.259844 0.876800 -3.385140 28.880946 0.105035 -1.187700 10.037172 0.104145 -1.211965 9.912309 0.000001 -0.000000 0.000001 -9.532517 -0.000034 -0.000017 0.895512 -3.419028 28.882059 0.509152 -2.559204 22.350527 0.103707 -1.238811 9.912348 -0.000001 0.000000 0.000003 -9.103603 -0.043078 -1.865120 1.184775 -3.887463 34.034915 0.445130 -2.470171 20.511456 0.108340 -1.217781 9.940067 0.000001 -0.000002 0.000001 -8.076691 -0.486687 -3.806274 1.956954 -4.840407 44.500971 0.080602 -1.128937 10.092193 0.087609 -1.263576 9.939903 0.000004 -0.000001 -0.000003 4.570438 11.014724 -2.160834 -11.420510 17.962894 41.619437 -43.183758 -29.724850 -9.684997 -0.000029 -22.075761 -0.000020 -39.525932 -25.034539 -15.291571 2.466121 -1.576171 2.681739 -3.074599 10.549500 15.520756 4.126574 13.590303 1.096805 -0.821919 0.916481 2.391516 0.000001 0.000007 0.000000 9.109305 -0.518023 2.259877 0.002775 0.195760 -1.664636 0.032617 0.675877 -5.510101 0.048095 0.807078 -6.766834 0.000000 -0.000001 -0.000001 9.533407 0.000027 0.000051 0.027593 0.617164 -5.150955 0.051789 0.848267 -7.027212 0.110973 1.234950 -10.269979 -0.000000 -0.000002 -0.000004 9.104527 -0.043026 -1.865069 0.170965 1.527902 -12.763253 0.175456 1.546802 -12.930129 0.219812 1.728560 -14.481669 -0.000000 0.000001 -0.000003 8.077791 -0.486876 -3.806251 1.411440 6.010254 -15.337120 0.456973 -1.822343 -19.669584 0.380259 2.059748 -17.487646 0.000000 0.000000 0.000001 -8.207790 -6.751680 -1.599566 -14.017625 2.553763 7.084624 52.475414 -6.052406 4.727077 -16.692976 9.353071 -10.413690 -14.500990 -0.104874 3.211808 -0.000000 -0.000001 -0.000000 8.207791 -6.751707 -1.599559 -28.525255 1.308926 6.353202 50.961660 6.094156 -1.803587 -15.108022 -2.894477 3.174659 -7.450519 -0.000004 -0.000002 -0.000001 -0.000000 0.000000 
-2.407824 95.328018 86.736511 -5.437362 -23.170182 -6.362626 -0.000002 10.181601 0.131533 -3.656636 10.578384 9.444087 1.653681 1.433760 -2.753675 1.730104 1.425337 -2.711817 0.000001 16.740404 -2.049032 3.760007 0.181770 0.327658 0.000001 9.617889 1.684999 16.022463 1.453600 0.130778 0.000002 22.037354 7.501092 -0.000003 -0.000000 0.000000 -4.569971 11.014907 -2.160892 -4.553059 -13.163233 -22.313644 -57.676255 74.058334 14.356301 0.000006 0.099319 0.000006 -40.888897 3.744406 1.919124 -2.464818 -1.573959 2.681849 -2.591561 -5.784500 -15.442494 5.122757 -17.557616 -0.755096 -1.560133 0.883061 -1.926128 0.000004 -0.000007 0.000006 -9.108286 -0.517851 2.259840 0.794795 -3.233268 27.460513 0.106210 -1.194357 10.092569 0.104735 -1.215282 9.940025 -0.000001 -0.000001 0.000000 -9.532515 -0.000020 -0.000023 0.812656 -3.267609 27.461522 0.511686 -2.565472 22.406026 0.104290 -1.242124 9.940061 0.000001 -0.000001 0.000001 -9.103619 -0.043061 -1.865127 1.097541 -3.754615 32.725974 0.415285 -2.389210 19.802368 0.100893 -1.175286 9.585976 -0.000000 -0.000001 -0.000002 -8.076721 -0.486692 -3.806276 1.847546 -4.724935 43.188727 0.067909 -1.043556 9.384104 0.080899 -1.220965 9.585809 0.000001 0.000000 -0.000002 4.570440 11.014725 -2.160864 -10.547217 16.915469 39.865936 -41.725957 -26.054235 -5.634053 -0.000015 -22.517230 -0.000008 -46.905395 -26.781083 -23.404948 2.466114 -1.576227 2.681732 -3.074601 10.549496 15.520751 4.126577 13.590305 1.096802 -0.821920 0.916485 2.391511 0.000002 0.000001 0.000004 9.109275 -0.518052 2.259867 0.032053 0.664916 -5.560522 0.065684 0.955785 -7.846273 0.066122 0.946860 -7.934957 0.000002 0.000000 0.000001 9.533391 0.000033 0.000043 0.085450 1.083646 -9.047471 0.091921 1.127251 -9.363610 0.137545 1.373371 -11.438453 -0.000000 -0.000000 0.000003 9.104525 -0.043048 -1.865076 0.195128 1.630798 -13.639651 0.217308 1.718837 -14.398273 0.242518 1.814127 -15.215869 -0.000001 -0.000000 -0.000001 8.077766 -0.486885 -3.806261 1.504536 6.093624 -16.220188 0.523766 -1.658295 -21.134497 0.409882 2.143209 -18.222204 0.000000 -0.000003 0.000002 -8.207784 -6.751666 -1.599551 -14.665512 0.783169 4.201564 54.181705 -7.407389 5.384694 -14.760954 9.602116 -8.497022 -15.870667 -0.178495 4.203777 0.000000 -0.000001 -0.000000 8.207793 -6.751686 -1.599543 -27.403317 3.332841 5.447738 50.353124 8.141222 -1.324588 -16.719724 -1.817814 2.356628 -6.323478 0.000005 -0.000001 0.000001 -0.000001 -0.000000 
-1.964846 95.230255 87.663857 -5.579300 -26.486873 -4.566762 -0.000007 10.181605 0.131523 -3.084213 12.729599 9.002046 1.607279 1.700824 -3.643406 1.717651 1.694539 -3.597620 0.000001 16.740379 -2.049041 3.704372 0.224184 0.393198 0.000000 9.617899 1.685005 15.819239 1.742223 0.605689 0.000002 22.037354 7.501094 -0.000005 -0.000000 0.000000 -4.569973 11.014911 -2.160892 -4.192656 -12.078576 -22.412605 -60.152479 75.548736 16.089329 0.000005 0.149264 -0.000021 -41.167732 13.327702 9.811223 -2.464788 -1.573987 2.681847 -2.591558 -5.784494 -15.442494 5.122755 -17.557623 -0.755086 -1.560137 0.883064 -1.926122 0.000006 -0.000004 0.000004 -9.108281 -0.517865 2.259838 0.722683 -3.091706 26.153389 0.091733 -1.109302 9.384430 0.097426 -1.172772 9.585935 -0.000000 -0.000000 0.000000 -9.532507 -0.000057 -0.000024 0.739756 -3.126445 26.154316 0.479727 -2.485343 21.696765 0.096988 -1.199603 9.585980 -0.000000 -0.000003 -0.000001 -9.103587 -0.043073 -1.865132 1.097777 -3.754978 32.729413 0.388704 -2.314380 19.149692 0.094281 -1.136142 9.260067 0.000000 -0.000001 -0.000003 -8.076704 -0.486709 -3.806276 1.847836 -4.725252 43.192194 0.057170 -0.964864 8.732351 0.074960 -1.181699 9.259907 -0.000000 -0.000001 -0.000004 4.570428 11.014718 -2.160858 -10.051860 16.101196 39.462668 -40.941049 -21.789774 -2.882091 -0.000023 -25.008719 -0.000003 -54.223577 -23.063377 -31.804424 2.466129 -1.576198 2.681741 -3.074600 10.549500 15.520732 4.126571 13.590302 1.096801 -0.821914 0.916483 2.391522 0.000005 0.000003 -0.000005 9.109274 -0.518040 2.259871 0.057106 0.886707 -7.410636 0.101970 1.188023 -9.794792 0.083326 1.063121 -8.909180 -0.000001 0.000002 -0.000001 9.533401 0.000047 0.000047 0.123995 1.303500 -10.898065 0.134069 1.358490 -11.312348 0.161858 1.488344 -12.412984 0.000001 0.000001 -0.000002 9.104523 -0.043031 -1.865070 0.195091 1.630609 -13.638045 0.230643 1.769933 -14.836549 0.249507 1.839602 -15.435025 -0.000001 -0.000002 -0.000004 8.077794 -0.486859 -3.806252 1.504381 6.093477 -16.218559 0.544511 -1.609643 -21.571766 0.418930 2.168017 -18.441480 -0.000000 -0.000000 0.000003 -8.207787 -6.751663 -1.599556 -16.601118 -1.154032 0.051937 57.848799 -8.548691 5.728645 -12.952392 8.940085 -6.342429 -16.748298 -0.124690 3.513018 0.000000 -0.000001 0.000000 8.207789 -6.751693 -1.599558 -25.979111 4.451140 3.159607 49.861672 9.779905 -1.340492 -17.859937 -0.043447 1.595428 -5.579690 0.000004 -0.000002 0.000000 -0.000000 -0.000000 
-1.519965 94.940514 88.386887 -5.707918 -29.392787 -2.327201 -0.000010 10.181593 0.131512 -1.317954 14.430807 7.646101 1.048855 1.917226 -4.574757 1.194567 1.912037 -4.543276 0.000001 16.740400 -2.049025 3.735074 0.244547 0.448304 -0.000000 9.617901 1.685006 15.459375 1.868088 1.398009 0.000001 22.037369 7.501105 0.000003 -0.000001 -0.000000 -4.569975 11.014913 -2.160882 -3.716290 -10.678993 -22.283986 -56.751605 76.800587 11.673101 0.000003 0.561101 -0.000002 -40.362631 20.965310 18.642554 -2.464792 -1.573968 2.681851 -2.591559 -5.784496 -15.442491 5.122762 -17.557623 -0.755089 -1.560142 0.883073 -1.926118 0.000003 -0.000003 -0.000001 -9.108296 -0.517847 2.259841 0.722866 -3.092099 26.156821 0.079353 -1.030873 8.732659 0.090927 -1.133614 9.260005 -0.000000 0.000001 0.000000 -9.532516 -0.000047 -0.000017 0.739940 -3.126836 26.157745 0.451185 -2.411231 21.043985 0.090508 -1.160432 9.260056 0.000000 -0.000000 0.000005 -9.103593 -0.043069 -1.865127 1.156288 -3.844811 33.612372 0.388773 -2.314563 19.151427 0.094294 -1.136248 9.260903 0.000001 -0.000001 -0.000004 -8.076672 -0.486730 -3.806270 1.921349 -4.803428 44.077372 0.057199 -0.965084 8.734068 0.074975 -1.181811 9.260768 -0.000000 0.000001 -0.000001 4.570434 11.014725 -2.160848 -10.518265 16.924539 39.334513 -40.260038 -19.901962 -0.980195 -0.000045 -27.356518 -0.000014 -55.693284 -16.582168 -36.555429 2.466118 -1.576219 2.681736 -3.074599 10.549502 15.520749 4.126571 13.590307 1.096801 -0.821921 0.916485 2.391519 0.000002 0.000000 -0.000001 9.109295 -0.518043 2.259873 0.060473 0.912359 -7.624878 0.121961 1.297839 -10.720097 0.092190 1.118210 -9.371789 0.000000 0.000002 0.000001 9.533383 0.000029 0.000043 0.128925 1.328903 -11.112357 0.156833 1.467757 -12.237794 0.174087 1.542793 -12.875739 -0.000001 -0.000003 -0.000001 9.104507 -0.043026 -1.865070 0.224283 1.746495 -14.629208 0.230637 1.769872 -14.835717 0.249493 1.839552 -15.434616 0.000001 -0.000003 0.000000 8.077768 -0.486862 -3.806257 1.611213 6.186012 -17.217469 0.544460 -1.609755 -21.570963 0.418910 2.167980 -18.441074 0.000002 -0.000001 0.000002 -8.207788 -6.751673 -1.599569 -19.898916 -2.981178 -4.441771 61.678883 -8.731309 5.319604 -11.096449 7.003448 -3.736074 -17.544087 -0.040933 2.009743 -0.000001 -0.000003 0.000000 8.207786 -6.751717 -1.599563 -24.919735 4.973416 0.370128 49.753325 9.820046 -1.887994 -18.620451 2.724007 1.587604 -5.168052 0.000000 -0.000003 0.000000 0.000001 0.000000 
-1.033705 94.640846 88.981888 -5.714847 -31.538784 -0.464599 -0.000003 10.181588 0.131525 0.674675 15.382319 6.442063 0.317546 2.060367 -5.384481 0.493520 2.051829 -5.377177 -0.000001 16.740364 -2.049027 3.907813 0.304743 0.327424 0.000003 9.617890 1.685011 14.955838 1.836301 2.215187 0.000001 22.037354 7.501081 0.000000 -0.000000 0.000000 -4.569972 11.014893 -2.160875 -3.310051 -9.210725 -22.840906 -49.544420 77.561907 3.450529 0.000008 1.843012 -0.000001 -36.353859 22.516294 24.433158 -2.464807 -1.573980 2.681845 -2.591561 -5.784496 -15.442484 5.122757 -17.557618 -0.755090 -1.560138 0.883068 -1.926121 0.000003 -0.000005 0.000002 -9.108285 -0.517887 2.259836 0.771169 -3.187760 27.038549 0.079383 -1.031089 8.734367 0.090940 -1.133707 9.260868 -0.000001 0.000001 0.000000 -9.532516 -0.000074 -0.000020 0.788779 -3.222233 27.039534 0.451252 -2.411411 21.045695 0.090521 -1.160551 9.260919 -0.000000 0.000001 -0.000000 -9.103601 -0.043057 -1.865135 1.188372 -3.892792 34.087814 0.406609 -2.365081 19.591680 0.098731 -1.162654 9.480775 0.000001 0.000001 0.000001 -8.076695 -0.486718 -3.806278 1.961444 -4.845044 44.554027 0.064350 -1.018152 9.173728 0.078957 -1.208292 9.480631 0.000002 0.000001 -0.000005 4.570447 11.014684 -2.160843 -11.663054 19.059593 38.645296 -39.497495 -20.975016 0.676879 -0.000026 -28.928716 -0.000005 -49.050242 -10.371065 -36.499305 2.466141 -1.576183 2.681738 -3.074597 10.549501 15.520748 4.126577 13.590307 1.096803 -0.821918 0.916485 2.391519 0.000003 0.000000 0.000005 9.109313 -0.518038 2.259867 0.064865 0.944881 -7.897197 0.124400 1.310532 -10.827268 0.093244 1.124591 -9.425357 -0.000001 -0.000001 0.000002 9.533407 0.000032 0.000040 0.135309 1.361106 -11.384771 0.159590 1.480383 -12.344963 0.175528 1.549106 -12.929327 -0.000001 -0.000000 -0.000000 9.104549 -0.043012 -1.865070 0.333489 2.120861 -17.864725 0.246181 1.827538 -15.331379 0.257513 1.868332 -15.682452 0.000001 -0.000002 0.000000 8.077806 -0.486862 -3.806256 1.971013 6.474897 -20.479810 0.568369 -1.554957 -22.065447 0.429264 2.196023 -18.689042 -0.000003 -0.000003 0.000004 -8.207783 -6.751662 -1.599558 -23.800721 -4.639732 -8.318230 63.620582 -8.666685 4.468367 -10.808181 5.585315 -0.225426 -16.664907 0.000012 0.000000 -0.000000 -0.000002 -0.000000 8.207794 -6.751702 -1.599561 -24.357426 5.081867 -2.041052 49.841960 9.548890 -2.603026 -19.166522 5.191199 2.100699 -4.888932 0.000001 0.000000 -0.000001 -0.000002 -0.000000 
-0.515919 94.494064 89.569206 -5.683144 -32.563545 0.680912 -0.000009 10.181582 0.131537 1.976093 15.609368 5.915119 -0.231769 2.120215 -5.900513 -0.038290 2.106728 -5.913251 -0.000001 16.740385 -2.049043 4.246286 0.409064 0.055129 -0.000000 9.617884 1.685020 14.479999 1.757513 2.695993 0.000000 22.037338 7.501095 0.000003 -0.000001 0.000000 -4.569970 11.014922 -2.160882 -3.026503 -7.853371 -24.434961 -40.987880 77.293160 -5.413795 0.000003 4.628068 0.000000 -27.471733 17.748298 25.190101 -2.464808 -1.573974 2.681849 -2.591562 -5.784488 -15.442487 5.122761 -17.557621 -0.755092 -1.560139 0.883068 -1.926121 0.000001 -0.000003 -0.000003 -9.108280 -0.517860 2.259837 0.797779 -3.238957 27.513318 0.087643 -1.084002 9.174059 0.095297 -1.160135 9.480735 0.000001 0.000001 -0.000003 -9.532508 -0.000072 -0.000017 0.815676 -3.273282 27.514345 0.470410 -2.461434 21.486044 0.094872 -1.186968 9.480780 -0.000000 -0.000001 -0.000002 -9.103596 -0.043067 -1.865131 1.180294 -3.880783 33.968689 0.416375 -2.392224 19.828731 0.101173 -1.176857 9.599154 0.000002 -0.000001 -0.000006 -8.076692 -0.486704 -3.806278 1.951365 -4.834630 44.434598 0.068364 -1.046745 9.410433 0.081156 -1.222547 9.598988 -0.000002 -0.000001 -0.000000 4.570445 11.014726 -2.160862 -12.566777 21.071940 37.320191 -38.630611 -23.465603 2.439012 -0.000045 -30.697889 -0.000038 -36.054608 -4.145919 -32.815118 2.466167 -1.576187 2.681735 -3.074598 10.549494 15.520753 4.126570 13.590304 1.096801 -0.821918 0.916486 2.391518 -0.000000 -0.000004 -0.000001 9.109329 -0.518028 2.259864 0.102723 1.187303 -9.931122 0.127505 1.326637 -10.963447 0.094592 1.132695 -9.493456 0.000001 -0.000002 -0.000004 9.533425 0.000025 0.000040 0.187896 1.600755 -13.419362 0.163114 1.496438 -12.481160 0.177379 1.557107 -12.997432 0.000001 -0.000001 0.000002 9.104563 -0.043031 -1.865076 0.558990 2.722265 -23.197966 0.300454 2.014866 -16.949097 0.284552 1.962015 -16.491307 0.000001 -0.000002 -0.000002 8.077827 -0.486858 -3.806261 2.598425 6.904934 -25.861502 0.649653 -1.377590 -23.679258 0.463880 2.287242 -19.498336 0.000001 -0.000001 -0.000002 -8.207795 -6.751675 -1.599560 -27.250370 -5.956446 -11.062539 62.512050 -6.548531 4.128209 -13.267608 3.505842 2.109374 -13.004834 0.000015 -0.000006 -0.000000 0.000002 -0.000000 8.207789 -6.751699 -1.599545 -23.991728 4.792675 -3.978938 49.702218 9.360524 -3.074108 -19.531720 7.272179 2.855529 -4.472247 0.000001 -0.000001 -0.000000 0.000001 0.000000 
-0.049443 94.485901 90.184929 -5.669579 -32.276226 1.254181 -0.000008 10.181586 0.131521 2.345871 15.229220 5.817569 -0.476761 2.089001 -5.993239 -0.284821 2.073657 -6.014560 -0.000001 16.740404 -2.049019 4.652276 0.530286 -0.253462 -0.000003 9.617896 1.685008 14.282548 1.750457 2.762118 -0.000003 22.037369 7.501082 -0.000001 -0.000001 0.000000 -4.569972 11.014936 -2.160868 -2.862018 -6.822889 -26.647406 -33.671221 75.695018 -11.819171 -0.000016 9.162291 0.000007 -15.742278 9.354280 21.706893 -2.464796 -1.573978 2.681846 -2.591562 -5.784491 -15.442494 5.122757 -17.557621 -0.755098 -1.560141 0.883064 -1.926121 -0.000000 -0.000006 0.000000 -9.108283 -0.517865 2.259829 0.791075 -3.226136 27.394335 0.092251 -1.112461 9.410781 0.097694 -1.174359 9.599108 0.000000 0.000002 0.000001 -9.532508 -0.000043 -0.000034 0.808898 -3.260500 27.395347 0.480889 -2.488306 21.723159 0.097264 -1.201206 9.599132 -0.000000 0.000003 0.000000 -9.103592 -0.043073 -1.865131 1.235401 -3.961606 34.774552 0.413923 -2.385427 19.769327 0.100561 -1.173314 9.569495 0.000001 0.000001 -0.000002 -8.076697 -0.486705 -3.806290 2.019960 -4.904542 45.242528 0.067351 -1.039574 9.351116 0.080593 -1.218967 9.569332 -0.000001 0.000000 0.000002 4.570439 11.014710 -2.160841 -12.582043 21.711595 35.707689 -37.405012 -25.716560 4.558591 -0.000050 -33.318947 -0.000013 -22.015534 3.514967 -26.521761 2.466137 -1.576202 2.681751 -3.074599 10.549490 15.520760 4.126572 13.590308 1.096799 -0.821919 0.916479 2.391521 0.000002 0.000003 -0.000001 9.109316 -0.518039 2.259878 0.213742 1.705577 -14.326901 0.152041 1.446855 -11.980648 0.104972 1.193156 -10.001973 0.000001 0.000000 0.000002 9.533414 0.000030 0.000049 0.330385 2.111280 -17.816936 0.190680 1.615975 -13.498532 0.191449 1.616815 -13.506149 0.000000 -0.000000 0.000002 9.104533 -0.043038 -1.865066 0.869947 3.355184 -29.058715 0.401304 2.319830 -19.614760 0.331986 2.115467 -17.823911 -0.000001 -0.000003 0.000006 8.077785 -0.486879 -3.806251 3.331216 7.307377 -31.779849 0.794330 -1.090625 -26.337949 0.523723 2.436376 -20.831703 -0.000001 -0.000001 -0.000008 -8.207787 -6.751679 -1.599559 -29.718273 -6.263137 -12.590874 59.120669 -4.307636 4.768111 -16.722554 2.133637 3.098236 -7.377156 -0.000003 -0.000001 -0.000000 -0.000003 0.000000 8.207793 -6.751697 -1.599554 -23.675999 4.132828 -5.555533 49.326513 9.310139 -3.271387 -19.668527 8.836507 3.472701 -3.752452 0.000004 0.000000 0.000000 -0.000001 -0.000000 
0.289580 94.514999 90.733231 -5.699466 -30.646953 1.400970 -0.000009 10.181599 0.131513 2.252767 14.254214 5.680784 -0.519613 1.962253 -5.671933 -0.348360 1.948077 -5.693044 0.000004 16.740370 -2.049043 4.934590 0.640144 -0.535993 -0.000001 9.617904 1.685006 14.465502 1.784225 2.673768 0.000002 22.037354 7.501108 0.000002 0.000000 -0.000000 -4.569959 11.014903 -2.160892 -2.859627 -6.407490 -28.617977 -28.543239 73.061919 -14.968911 0.000002 14.514316 -0.000000 -5.931704 0.590614 13.604659 -2.464804 -1.573999 2.681860 -2.591563 -5.784492 -15.442487 5.122764 -17.557625 -0.755101 -1.560144 0.883073 -1.926111 0.000001 0.000003 -0.000005 -9.108293 -0.517861 2.259846 0.836967 -3.312498 28.199093 0.091093 -1.105329 9.351445 0.097085 -1.170795 9.569448 0.000002 -0.000003 0.000003 -9.532522 -0.000068 -0.000021 0.855277 -3.346607 28.200152 0.478259 -2.481587 21.663734 0.096661 -1.197626 9.569476 0.000002 0.000004 0.000005 -9.103594 -0.043089 -1.865123 1.466225 -4.275765 37.987350 0.430677 -2.431346 20.171102 0.104720 -1.197362 9.770084 -0.000002 0.000001 -0.000005 -8.076701 -0.486720 -3.806270 2.302941 -5.173334 48.463577 0.074385 -1.087962 9.752309 0.084353 -1.243126 9.769932 -0.000001 -0.000006 0.000002 4.570450 11.014717 -2.160849 -11.867381 20.921535 34.258665 -35.968336 -27.498603 6.772489 -0.000045 -35.861235 -0.000018 -12.573659 11.403474 -17.377736 2.466145 -1.576187 2.681723 -3.074599 10.549492 15.520746 4.126580 13.590313 1.096795 -0.821919 0.916478 2.391519 0.000002 0.000005 -0.000007 9.109329 -0.518045 2.259862 0.422779 2.379827 -20.186124 0.212315 1.704970 -14.178798 0.129238 1.323456 -11.100739 0.000002 -0.000007 -0.000003 9.533418 0.000048 0.000035 0.580330 2.771512 -23.679339 0.257470 1.872498 -15.697064 0.223675 1.745380 -14.605318 0.000003 -0.000005 -0.000003 9.104551 -0.043019 -1.865081 1.119354 3.768297 -33.071674 0.528270 2.648837 -22.542385 0.388145 2.282638 -19.287122 -0.000000 -0.000001 0.000003 8.077828 -0.486881 -3.806273 3.855144 7.538390 -35.833652 0.968257 -0.783714 -29.257225 0.593384 2.598474 -22.295824 0.000001 -0.000007 0.000006 -8.207789 -6.751664 -1.599574 -31.507031 -5.174763 -12.882598 55.454518 -4.035877 5.687803 -17.335667 2.393646 3.901087 -4.550863 0.000014 0.000005 0.000000 0.000001 -0.000001 8.207788 -6.751701 -1.599565 -23.482600 3.085468 -6.635031 49.066317 9.228692 -3.464791 -19.595695 9.553222 3.801099 -2.894615 0.000011 0.000001 -0.000000 -0.000000 -0.000000 
0.485150 94.538071 91.119965 -5.882692 -27.711568 1.106195 -0.000003 10.181603 0.131530 2.338673 12.655030 5.333904 -0.479682 1.745158 -5.124671 -0.341146 1.730663 -5.142385 0.000002 16.740383 -2.049034 4.960893 0.689891 -0.750635 0.000001 9.617877 1.685019 14.840118 1.659344 2.690876 0.000004 22.037354 7.501096 -0.000001 0.000001 -0.000000 -4.569961 11.014911 -2.160887 -3.055110 -6.752656 -29.525146 -24.648447 69.964121 -16.490127 0.000002 18.732125 0.000002 -0.907144 -5.660196 0.154685 -2.464815 -1.573982 2.681841 -2.591557 -5.784488 -15.442487 5.122760 -17.557619 -0.755098 -1.560141 0.883076 -1.926122 0.000001 -0.000005 0.000004 -9.108277 -0.517872 2.259819 1.031824 -3.649942 31.407122 0.099135 -1.153567 9.752685 0.101193 -1.194889 9.770045 0.000001 -0.000005 -0.000001 -9.532511 -0.000050 -0.000032 1.052023 -3.682976 31.408420 0.496226 -2.527054 22.065573 0.100757 -1.221723 9.770113 0.000000 -0.000002 0.000001 -9.103602 -0.043068 -1.865142 1.852890 -4.730291 42.909301 0.500648 -2.613143 21.772266 0.122221 -1.293198 10.569525 0.000001 -0.000001 -0.000000 -8.076671 -0.486719 -3.806282 2.764458 -5.552889 53.398299 0.105765 -1.280232 11.351051 0.100193 -1.339215 10.569338 0.000001 -0.000008 -0.000001 4.570446 11.014720 -2.160861 -11.082056 19.719344 33.453853 -35.528715 -29.840372 7.603052 -0.000051 -36.742583 -0.000013 -7.782364 15.558983 -6.523941 2.466137 -1.576204 2.681737 -3.074594 10.549493 15.520751 4.126574 13.590311 1.096800 -0.821915 0.916483 2.391522 0.000001 0.000002 -0.000006 9.109313 -0.518054 2.259872 0.667008 2.961223 -25.423878 0.307907 2.044860 -17.107785 0.165429 1.496227 -12.564535 -0.000000 0.000001 0.000001 9.533414 0.000023 0.000043 0.859781 3.336889 -28.920619 0.361651 2.209839 -18.626631 0.270418 1.915630 -16.069724 -0.000001 0.000002 -0.000004 9.104549 -0.043043 -1.865070 1.127756 3.781135 -33.199323 0.624757 2.869955 -24.545753 0.429017 2.396109 -20.288139 -0.000001 -0.000002 0.000001 8.077790 -0.486873 -3.806259 3.872069 7.545126 -35.962602 1.096122 -0.579065 -31.254406 0.643426 2.708284 -23.297471 -0.000003 0.000002 0.000000 -8.207786 -6.751661 -1.599556 -33.019996 -3.685841 -12.018497 53.095340 -4.901637 5.333906 -13.827206 3.512322 3.925080 -5.951124 0.000013 0.000001 -0.000000 -0.000002 -0.000001 8.207792 -6.751698 -1.599543 -23.309545 1.772444 -7.053578 49.083317 9.089015 -3.701115 -19.430541 8.834892 3.815934 -2.308213 -0.000002 -0.000002 -0.000000 -0.000000 -0.000000 
0.536678 94.551567 91.396492 -6.355670 -23.533159 0.497419 -0.000006 10.181570 0.131522 2.848370 10.486535 4.783996 -0.344692 1.452137 -4.591147 -0.242108 1.433109 -4.604398 0.000002 16.740398 -2.049029 4.790766 0.601493 -0.794694 0.000001 9.617860 1.685001 15.051230 1.163767 2.770161 -0.000000 22.037323 7.501082 0.000001 -0.000000 0.000000 -4.569960 11.014921 -2.160886 -3.357648 -7.696064 -28.939003 -20.771474 66.580568 -18.260903 -0.000005 20.342981 -0.000004 0.903897 -7.874271 -17.033769 -2.464792 -1.573993 2.681845 -2.591557 -5.784490 -15.442487 5.122764 -17.557623 -0.755103 -1.560141 0.883075 -1.926120 0.000003 -0.000005 0.000007 -9.108288 -0.517868 2.259831 1.366007 -4.143907 36.321409 0.134517 -1.345086 11.351544 0.118385 -1.290748 10.569480 0.000003 0.000005 0.000004 -9.532505 -0.000059 -0.000027 1.388981 -4.175092 36.323089 0.570949 -2.706944 23.667082 0.117920 -1.317590 10.569531 -0.000001 -0.000001 0.000000 -9.103603 -0.043069 -1.865136 2.167597 -5.048160 46.600294 0.617517 -2.887381 24.223655 0.151550 -1.439319 11.793127 0.000000 -0.000001 -0.000001 -8.076700 -0.486738 -3.806277 3.130924 -5.810513 57.098783 0.164148 -1.572618 13.798278 0.127017 -1.485820 11.792886 0.000001 -0.000006 -0.000002 4.570437 11.014721 -2.160847 -10.690260 18.967193 33.763828 -37.752201 -33.365150 5.010223 -0.000051 -35.620960 -0.000014 -1.976620 14.612413 2.617132 2.466129 -1.576198 2.681732 -3.074597 10.549494 15.520744 4.126573 13.590305 1.096808 -0.821917 0.916485 2.391521 -0.000003 -0.000003 -0.000006 9.109290 -0.518051 2.259868 0.787899 3.203296 -27.672015 0.407906 2.343937 -19.724806 0.201488 1.649746 -13.872124 0.000001 0.000001 -0.000000 9.533385 0.000013 0.000035 0.995356 3.571133 -31.170432 0.469200 2.506298 -21.244228 0.315846 2.066632 -17.377907 0.000000 -0.000002 -0.000001 9.104517 -0.043051 -1.865075 0.865165 3.346565 -28.976821 0.627946 2.876934 -24.609453 0.430354 2.399689 -20.319970 -0.000001 -0.000002 0.000001 8.077783 -0.486877 -3.806263 3.320689 7.302256 -31.697112 1.100311 -0.572619 -31.317913 0.645042 2.711750 -23.329343 -0.000001 0.000009 0.000001 -8.207790 -6.751673 -1.599557 -34.028347 -3.106737 -10.640508 52.402355 -5.365393 3.116309 -8.570165 5.318004 2.659068 -8.433103 0.000042 0.000003 -0.000000 -0.000000 -0.000001 8.207789 -6.751718 -1.599551 -22.812915 0.632562 -6.946898 49.256275 9.045413 -3.672828 -19.337977 6.120968 3.440523 -2.275573 0.000000 0.000001 -0.000000 0.000000 -0.000000 
0.432700 94.555107 91.726379 -7.080947 -18.162870 -0.095501 -0.000002 10.181572 0.131526 3.490331 7.866833 3.944922 -0.048602 1.096835 -4.125933 0.019014 1.072177 -4.133465 0.000002 16.740406 -2.049023 4.652457 0.333542 -0.583042 -0.000000 9.617867 1.685013 14.879355 0.262132 2.661719 0.000001 22.037354 7.501096 0.000004 -0.000001 0.000000 -4.569961 11.014922 -2.160877 -3.614369 -8.910875 -26.984372 -16.462831 62.515157 -20.974143 -0.000008 19.654098 0.000004 2.237806 -7.080547 -34.105501 -2.464826 -1.573961 2.681842 -2.591559 -5.784497 -15.442482 5.122762 -17.557618 -0.755098 -1.560141 0.883064 -1.926118 -0.000002 -0.000000 0.000000 -9.108311 -0.517858 2.259827 1.643636 -4.494226 40.006505 0.198993 -1.636083 13.798995 0.147289 -1.436957 11.793044 -0.000004 0.000004 0.000003 -9.532525 -0.000036 -0.000031 1.668579 -4.523875 40.008458 0.695023 -2.978027 26.119005 0.146758 -1.463798 11.793108 -0.000001 0.000004 0.000005 -9.103630 -0.043069 -1.865133 2.110821 -4.993798 45.951699 0.712735 -3.089407 26.060699 0.175571 -1.548337 12.709781 0.000003 -0.000002 0.000003 -8.076740 -0.486708 -3.806281 3.065345 -5.766984 56.448495 0.216047 -1.789818 15.631868 0.149142 -1.595286 12.709522 -0.000000 0.000003 -0.000002 4.570437 11.014722 -2.160851 -10.513437 18.241676 35.428522 -43.257060 -36.625325 -1.386556 -0.000049 -34.018532 -0.000012 7.093029 11.692432 8.910594 2.466144 -1.576198 2.681742 -3.074602 10.549506 15.520758 4.126580 13.590308 1.096800 -0.821917 0.916483 2.391529 0.000001 -0.000003 -0.000008 9.109318 -0.518033 2.259870 0.673771 2.975442 -25.554634 0.454973 2.470766 -20.847568 0.218029 1.715328 -14.433021 -0.000000 -0.000008 0.000001 9.533401 0.000024 0.000051 0.867416 3.350673 -29.051469 0.519470 2.631891 -22.367268 0.336391 2.131052 -17.939056 0.000000 0.000004 -0.000003 9.104523 -0.043051 -1.865064 0.500795 2.582444 -21.940326 0.526389 2.644299 -22.501493 0.387337 2.280289 -19.266680 -0.000000 -0.000005 -0.000001 8.077815 -0.486888 -3.806252 2.446859 6.808883 -24.592038 0.965730 -0.787916 -29.216445 0.592381 2.596204 -22.275368 0.000000 -0.000004 -0.000000 -8.207784 -6.751668 -1.599565 -33.815898 -3.017412 -9.589859 53.128500 -4.620909 0.477662 -4.829639 7.100483 1.184935 -9.223882 0.000004 -0.000007 -0.000000 0.000000 -0.000000 8.207792 -6.751696 -1.599555 -21.797951 -0.194095 -6.801724 49.250599 6.805742 -3.251802 -19.871787 3.807781 4.305037 -2.736361 -0.000003 -0.000002 0.000000 0.000001 -0.000000 
0.184870 94.546288 92.214592 -7.731226 -11.598230 -0.401037 -0.000011 10.181579 0.131523 3.784946 4.898179 2.570463 0.352323 0.688294 -3.507550 0.387151 0.663458 -3.509546 0.000001 16.740402 -2.049038 4.770842 -0.055381 -0.178973 -0.000001 9.617865 1.685018 14.428240 -0.872335 2.231402 0.000004 22.037323 7.501102 0.000002 0.000000 -0.000000 -4.569965 11.014916 -2.160884 -3.766375 -10.146848 -24.264515 -12.140594 57.271242 -24.031522 -0.000005 18.389764 0.000015 3.800814 -4.639609 -47.025146 -2.464781 -1.574005 2.681851 -2.591560 -5.784485 -15.442484 5.122765 -17.557619 -0.755094 -1.560140 0.883063 -1.926121 -0.000004 0.000002 -0.000008 -9.108264 -0.517884 2.259840 1.593233 -4.433976 39.358958 0.255405 -1.852102 15.632797 0.170980 -1.546054 12.709716 0.000001 0.000004 -0.000000 -9.532516 -0.000068 -0.000031 1.617836 -4.463904 39.360871 0.795502 -3.177469 27.956494 0.170421 -1.572931 12.709776 -0.000003 0.000006 0.000006 -9.103594 -0.043088 -1.865129 1.605128 -4.448315 39.813511 0.695539 -3.054138 25.737968 0.171231 -1.529216 12.548755 0.000003 0.000001 -0.000002 -8.076690 -0.486711 -3.806276 2.470350 -5.318801 50.294498 0.206420 -1.751764 15.309746 0.145131 -1.576067 12.548505 -0.000003 0.000009 -0.000007 4.570441 11.014696 -2.160859 -9.781433 16.112244 38.145978 -49.726236 -37.195141 -8.855421 -0.000031 -34.052441 0.000002 15.473573 9.939203 13.481746 2.466122 -1.576204 2.681747 -3.074596 10.549495 15.520749 4.126565 13.590307 1.096801 -0.821914 0.916488 2.391519 -0.000006 0.000007 -0.000001 9.109283 -0.518061 2.259879 0.400286 2.317629 -19.637140 0.410555 2.351330 -19.790072 0.202439 1.653564 -13.904745 0.000001 -0.000002 0.000000 9.533406 0.000009 0.000048 0.554073 2.710814 -23.130050 0.472051 2.513617 -21.309504 0.317032 2.070365 -17.410542 0.000000 -0.000001 -0.000002 9.104528 -0.043045 -1.865068 0.225773 1.752197 -14.678152 0.376242 2.248367 -18.986290 0.320487 2.079409 -17.509757 0.000000 -0.000005 0.000001 8.077789 -0.486858 -3.806251 1.616507 6.190533 -17.266824 0.759042 -1.157632 -25.711188 0.509294 2.401350 -20.517374 -0.000000 -0.000006 0.000001 -8.207789 -6.751681 -1.599559 -32.237479 -2.040051 -9.207551 54.973529 -2.605369 -0.740756 -3.483943 7.313353 1.547754 -8.986328 -0.000009 -0.000002 -0.000000 -0.000001 -0.000000 8.207785 -6.751704 -1.599555 -20.752220 -1.319132 -6.709515 49.355364 3.763182 -2.772137 -20.390789 1.305376 5.337303 -3.364023 0.000005 0.000000 -0.000000 0.000000 -0.000000 
-0.173407 94.488930 92.854752 -7.979725 -4.027965 -0.450274 -0.000005 10.181585 0.131509 3.472361 1.717170 0.454444 0.678111 0.245263 -2.450936 0.687228 0.228978 -2.450221 -0.000000 16.740393 -2.049029 5.186012 -0.455842 0.249808 0.000001 9.617876 1.685000 14.023952 -2.022944 1.590328 0.000002 22.037384 7.501097 0.000003 -0.000000 -0.000000 -4.569965 11.014921 -2.160878 -3.841540 -11.264538 -21.516962 -8.453477 50.670240 -26.458792 0.000012 18.246678 0.000009 5.263278 -1.302363 -53.878550 -2.464804 -1.573972 2.681853 -2.591558 -5.784486 -15.442489 5.122764 -17.557621 -0.755099 -1.560139 0.883068 -1.926124 -0.000001 0.000000 -0.000003 -9.108291 -0.517874 2.259841 1.150864 -3.836602 33.230506 0.244989 -1.814298 15.310661 0.166694 -1.526913 12.548675 0.000002 -0.000009 -0.000002 -9.532519 -0.000037 -0.000029 1.172116 -3.868979 33.231937 0.777381 -3.142667 27.633675 0.166122 -1.553767 12.548770 0.000000 -0.000003 -0.000001 -9.103601 -0.043054 -1.865139 0.897517 -3.422141 29.531064 0.542653 -2.715517 22.682039 0.132734 -1.347488 11.023676 -0.000003 -0.000000 -0.000002 -8.076702 -0.486706 -3.806278 1.591788 -4.432695 39.985925 0.125976 -1.389037 12.259325 0.109774 -1.393710 11.023480 0.000001 0.000006 -0.000003 4.570438 11.014741 -2.160840 -7.721198 11.654008 41.285816 -53.599483 -34.512608 -13.958876 -0.000060 -36.621514 -0.000019 19.235529 10.321687 17.304728 2.466125 -1.576204 2.681742 -3.074599 10.549504 15.520751 4.126573 13.590301 1.096796 -0.821913 0.916483 2.391522 -0.000002 0.000002 -0.000001 9.109311 -0.518036 2.259878 0.154375 1.452670 -12.172549 0.298211 2.013233 -16.833401 0.161866 1.480096 -12.427454 0.000002 -0.000002 -0.000002 9.533409 0.000045 0.000038 0.255663 1.862490 -15.661648 0.351171 2.178494 -18.352194 0.265855 1.899712 -15.932555 -0.000001 -0.000004 0.000002 9.104533 -0.043028 -1.865071 0.087813 1.098326 -9.134994 0.246949 1.830394 -15.355877 0.257905 1.869754 -15.694704 0.000003 -0.000000 0.000002 8.077784 -0.486869 -3.806252 1.040150 5.650179 -11.683386 0.569566 -1.552243 -22.089867 0.429779 2.197417 -18.701306 0.000001 0.000003 0.000001 -8.207787 -6.751676 -1.599567 -30.001787 -0.322452 -9.216897 57.538518 -0.532278 -0.596399 -3.064239 6.554257 4.599627 -9.931679 -0.005026 0.705926 0.000000 -0.000000 -0.000000 8.207792 -6.751718 -1.599566 -20.272485 -2.711200 -6.529099 49.841157 -0.028077 -2.296042 -20.643079 -1.197921 6.523474 -3.864676 0.000004 -0.000000 -0.000000 0.000000 -0.000000 
-0.621791 94.408302 93.605728 -7.769817 3.884236 -0.531096 -0.000005 10.181596 0.131523 2.629179 -1.425041 -2.244354 0.828020 -0.193686 -0.924021 0.827533 -0.196390 -0.924463 0.000002 16.740385 -2.049032 5.720142 -0.816011 0.596154 -0.000001 9.617854 1.685015 13.942258 -3.125382 0.915247 -0.000000 22.037384 7.501092 -0.000002 0.000000 0.000000 -4.569967 11.014922 -2.160876 -3.867179 -12.155175 -19.225190 -5.825964 42.837413 -27.637756 -0.000003 19.917916 0.000014 6.328997 1.603858 -55.930356 -2.464811 -1.573989 2.681845 -2.591558 -5.784496 -15.442489 5.122758 -17.557621 -0.755096 -1.560139 0.883059 -1.926117 -0.000002 -0.000004 0.000000 -9.108285 -0.517860 2.259837 0.560347 -2.739410 22.962705 0.156992 -1.453418 12.259912 0.128747 -1.345068 11.023607 -0.000004 -0.000007 -0.000003 -9.532511 -0.000055 -0.000037 0.575452 -2.775043 22.963426 0.615634 -2.808182 24.577036 0.128237 -1.371931 11.023671 -0.000001 -0.000003 0.000001 -9.103586 -0.043084 -1.865132 0.336558 -2.141090 18.011383 0.327401 -2.130391 17.556137 0.079063 -1.040392 8.464174 -0.000006 0.000000 -0.000001 -8.076675 -0.486716 -3.806269 0.813733 -3.269717 28.441239 0.034693 -0.772204 7.140830 0.061390 -1.085678 8.464020 -0.000000 -0.000000 -0.000004 4.570445 11.014724 -2.160846 -4.362220 5.480305 44.496749 -54.664026 -29.852797 -16.353894 -0.000037 -40.768419 -0.000000 18.549491 12.234047 21.479017 2.466141 -1.576196 2.681738 -3.074599 10.549501 15.520751 4.126571 13.590306 1.096798 -0.821915 0.916481 2.391521 0.000001 0.000005 -0.000003 9.109295 -0.518034 2.259874 0.032832 0.673023 -5.628203 0.181533 1.578787 -13.101560 0.117038 1.259641 -10.562270 0.000004 0.000003 0.000005 9.533405 0.000026 0.000050 0.086725 1.091698 -9.115172 0.223519 1.747121 -14.619629 0.207575 1.682433 -14.066655 -0.000001 -0.000011 -0.000000 9.104539 -0.043032 -1.865067 0.032604 0.670793 -5.561552 0.166223 1.506059 -12.583663 0.214611 1.708328 -14.308422 0.000001 -0.000001 0.000007 8.077804 -0.486852 -3.806263 0.697857 5.273136 -8.088318 0.441833 -1.861306 -19.323835 0.373422 2.039980 -17.314309 -0.000005 0.000000 0.000006 -8.207788 -6.751667 -1.599567 -27.728777 1.140046 -8.868977 60.089129 0.265942 -0.352255 -2.085630 6.539688 8.803269 -14.117793 0.060948 -1.516634 0.000001 0.000000 -0.000000 8.207790 -6.751691 -1.599551 -20.474149 -3.598539 -6.006087 50.722819 -4.642703 -1.451444 -20.500099 -3.636166 7.819921 -4.268294 0.000001 0.000000 -0.000000 -0.000001 -0.000000 
-1.138101 94.418655 94.441528 -7.287878 11.382534 -1.047799 -0.000006 10.181586 0.131520 1.563821 -4.301552 -4.822609 0.905046 -0.591758 0.779221 0.915885 -0.582780 0.774145 0.000001 16.740412 -2.049039 6.137136 -1.161964 0.868496 0.000001 9.617904 1.684998 14.198037 -4.266802 0.250148 0.000002 22.037338 7.501091 0.000002 0.000000 0.000001 -4.569965 11.014931 -2.160891 -3.875206 -12.822219 -17.510252 -4.476772 34.140608 -27.405644 0.000006 23.158677 0.000000 7.080410 2.731577 -56.054328 -2.464808 -1.573959 2.681853 -2.591556 -5.784487 -15.442489 5.122759 -17.557626 -0.755092 -1.560135 0.883063 -1.926123 0.000005 -0.000012 -0.000003 -9.108283 -0.517849 2.259841 0.142804 -1.404930 11.455245 0.052856 -0.838774 7.141031 0.075999 -1.037798 8.464147 -0.000001 -0.000004 -0.000003 -9.532503 -0.000011 -0.000030 0.150485 -1.442861 11.455434 0.385055 -2.228898 19.450097 0.075616 -1.064637 8.464199 -0.000003 -0.000000 0.000001 -9.103580 -0.043036 -1.865135 0.069907 -0.985685 8.262599 0.149189 -1.453447 11.804572 0.035204 -0.693024 5.590534 -0.000002 -0.000002 0.000000 -8.076686 -0.486688 -3.806275 0.348535 -2.178747 18.677620 -0.001753 -0.072992 1.394570 0.023511 -0.737592 5.590481 0.000002 -0.000008 -0.000000 4.570438 11.014709 -2.160858 -0.558427 -0.807762 47.630293 -55.347185 -24.866429 -18.004753 -0.000047 -44.657587 -0.000016 16.460940 14.437389 26.482155 2.466159 -1.576171 2.681736 -3.074599 10.549502 15.520749 4.126576 13.590305 1.096796 -0.821923 0.916483 2.391522 -0.000001 0.000003 -0.000008 9.109309 -0.518043 2.259868 0.001285 0.133378 -1.147408 0.102672 1.192041 -9.828639 0.083639 1.065140 -8.926107 -0.000003 -0.000003 0.000002 9.533411 0.000044 0.000044 0.022293 0.554983 -4.633674 0.134879 1.362509 -11.346210 0.162301 1.490333 -12.429902 0.000004 -0.000000 0.000002 9.104538 -0.043022 -1.865075 0.008757 0.348189 -2.880473 0.122521 1.294955 -10.796309 0.188773 1.603684 -13.414525 0.000000 0.000001 0.000005 8.077810 -0.486854 -3.806255 0.457106 4.976598 -5.393573 0.367422 -2.063737 -17.540107 0.339106 1.937747 -16.419954 -0.000004 -0.000001 0.000001 -8.207786 -6.751658 -1.599564 -25.486871 2.118156 -7.515132 61.713320 0.199508 -0.268253 -0.302410 6.935436 11.526251 -18.733307 0.105508 -3.235552 -0.000001 -0.000000 -0.000000 8.207788 -6.751704 -1.599553 -21.021408 -3.890486 -5.015525 51.777895 -8.960727 0.014038 -20.043906 -6.383263 8.741467 -4.806245 0.000005 -0.000002 -0.000000 -0.000000 -0.000000 
-1.633585 94.595825 95.332764 -6.856574 18.397627 -2.347840 -0.000006 10.181599 0.131511 0.675414 -6.927143 -6.301653 1.070305 -0.945300 2.275171 1.108380 -0.930438 2.262234 -0.000002 16.740381 -2.049039 6.353015 -1.516478 1.102986 -0.000002 9.617867 1.685008 14.565983 -5.482671 -0.444410 0.000001 22.037354 7.501103 -0.000003 -0.000000 0.000000 -4.569972 11.014921 -2.160885 -3.939236 -13.501384 -16.293903 -4.444729 25.247313 -25.981288 -0.000001 27.324493 0.000012 7.646236 2.074944 -56.235912 -2.464788 -1.573930 2.681851 -2.591560 -5.784495 -15.442486 5.122763 -17.557618 -0.755093 -1.560139 0.883064 -1.926112 0.000003 -0.000004 0.000000 -9.108265 -0.517821 2.259845 0.003682 -0.227339 1.711672 0.001813 -0.140650 1.394581 0.033176 -0.690343 5.590537 -0.000004 -0.000006 0.000004 -9.532514 -0.000018 -0.000029 0.004839 -0.266022 1.711677 0.189119 -1.556867 13.697659 0.032919 -0.717134 5.590529 -0.000001 -0.000000 0.000001 -9.103580 -0.043058 -1.865131 0.004023 -0.237410 2.095476 0.051952 -0.868054 6.931941 0.011691 -0.397182 3.154996 0.000001 0.000001 -0.000001 -8.076676 -0.486685 -3.806278 0.152721 -1.453516 12.504993 0.000015 0.096983 0.000143 0.005104 -0.441378 3.154981 -0.000001 -0.000003 -0.000003 4.570440 11.014692 -2.160861 2.818744 -6.011404 50.315647 -56.988097 -20.892642 -20.070357 -0.000075 -47.067332 -0.000042 15.630707 16.248072 31.191220 2.466129 -1.576189 2.681737 -3.074600 10.549503 15.520749 4.126574 13.590311 1.096798 -0.821915 0.916485 2.391520 -0.000000 0.000002 -0.000006 9.109282 -0.518033 2.259876 0.003597 -0.223268 1.808198 0.061458 0.924856 -7.587607 0.063985 0.931393 -7.805619 -0.000001 0.000001 0.000001 9.533398 0.000026 0.000045 0.002859 0.198867 -1.677949 0.086917 1.096439 -9.104901 0.134462 1.358064 -11.309067 -0.000001 -0.000000 0.000003 9.104512 -0.043024 -1.865069 0.000001 -0.007640 0.069191 0.094041 1.135735 -9.455268 0.170452 1.524894 -12.743807 0.000001 -0.000000 0.000002 8.077772 -0.486853 -3.806259 0.208817 4.637713 -2.431512 0.315731 -2.217104 -16.201624 0.314408 1.860701 -15.748927 -0.000000 0.000003 0.000003 -8.207789 -6.751652 -1.599575 -23.130618 2.355303 -5.030781 61.874923 0.415338 0.012935 1.797653 6.013245 12.176241 -22.844698 0.098714 -3.126085 0.000002 0.000001 -0.000001 8.207791 -6.751688 -1.599578 -21.666345 -4.511574 -3.453537 52.915105 -8.329086 2.007173 -19.848349 -12.782720 6.711028 -5.628448 -0.000000 -0.000004 0.000001 0.000000 -0.000000 
-1.980296 94.886185 96.218597 -6.592165 25.309251 -4.553101 -0.000003 10.181593 0.131517 0.277704 -9.459809 -6.103044 1.321061 -1.274820 3.362915 1.391607 -1.259310 3.339999 0.000004 16.740404 -2.049038 6.481659 -1.845852 1.298614 -0.000001 9.617871 1.685021 14.808854 -6.638615 -1.117889 0.000001 22.037354 7.501096 0.000000 0.000001 0.000000 -4.569970 11.014908 -2.160880 -4.130183 -14.484791 -15.448834 -5.588016 16.993856 -23.861095 -0.000005 31.740603 -0.000018 7.857026 0.897382 -56.779841 -2.464823 -1.573949 2.681840 -2.591561 -5.784494 -15.442491 5.122757 -17.557618 -0.755097 -1.560138 0.883068 -1.926115 0.000002 -0.000006 -0.000001 -9.108278 -0.517871 2.259832 0.019628 0.523640 -4.454730 -0.000000 0.029293 0.000090 0.010565 -0.394409 3.155011 0.000003 0.000001 -0.000000 -9.532525 -0.000062 -0.000033 0.016624 0.485057 -4.454703 0.076531 -0.974196 8.824530 0.010426 -0.421216 3.155021 -0.000003 -0.000000 0.000001 -9.103601 -0.043062 -1.865142 0.000442 0.080303 -0.511908 0.016246 -0.494035 3.848377 0.003345 -0.209503 1.613374 -0.000000 -0.000000 0.000002 -8.076694 -0.486692 -3.806285 0.093670 -1.141286 9.896252 -0.000014 0.096981 0.000147 -0.000036 -0.253538 1.613372 0.000002 -0.000000 0.000001 4.570433 11.014714 -2.160855 5.526722 -10.023758 52.149140 -58.879434 -18.536985 -21.935245 -0.000083 -48.014304 -0.000034 16.252244 17.616897 33.925167 2.466152 -1.576187 2.681733 -3.074599 10.549494 15.520755 4.126576 13.590311 1.096806 -0.821916 0.916488 2.391518 0.000001 0.000001 0.000002 9.109331 -0.518036 2.259862 0.021923 -0.550110 4.521264 0.040023 0.747822 -6.109500 0.052452 0.842980 -7.066553 -0.000004 0.000002 0.000001 9.533417 0.000027 0.000041 0.001202 -0.128500 1.034999 0.060992 0.920019 -7.626659 0.117525 1.270513 -10.569800 0.000002 -0.000002 -0.000002 9.104520 -0.043035 -1.865077 0.013202 -0.427091 3.547323 0.067025 0.959816 -7.979987 0.151375 1.437983 -12.005904 0.000001 0.000002 0.000002 8.077806 -0.486873 -3.806267 -0.060747 4.222331 1.057513 0.263026 -2.387174 -14.728938 0.288283 1.775574 -15.010700 0.000001 0.000000 -0.000001 -8.207783 -6.751666 -1.599569 -20.714949 1.258993 -1.742760 60.736535 0.571822 0.548336 3.781903 3.621476 12.237375 -25.656135 0.084324 -2.890406 -0.000001 0.000000 -0.000001 8.207790 -6.751695 -1.599557 -22.098968 -5.880808 -1.711913 53.915498 -7.611562 4.385253 -19.918314 -17.519456 4.513300 -6.616187 -0.000003 -0.000001 0.000000 0.000001 -0.000000 
-2.138880 95.171318 97.000145 -6.261657 31.793752 -7.447880 -0.000015 10.181577 0.131532 0.370250 -11.850084 -4.526777 1.504179 -1.578711 4.082072 1.603851 -1.565903 4.050127 0.000004 16.740395 -2.049034 6.683093 -2.099758 1.446433 -0.000001 9.617908 1.685005 14.866366 -7.555469 -1.621166 0.000004 22.037354 7.501086 0.000002 0.000000 0.000000 -4.569966 11.014886 -2.160887 -4.422596 -15.757243 -14.824953 -7.604273 10.040437 -21.645044 0.000002 35.809459 -0.000014 7.556288 0.387097 -57.301647 -2.464812 -1.573974 2.681850 -2.591562 -5.784490 -15.442494 5.122759 -17.557623 -0.755086 -1.560137 0.883064 -1.926122 0.000001 -0.000009 0.000006 -9.108290 -0.517876 2.259829 0.050660 0.839863 -7.062529 0.000017 0.029309 0.000090 0.002758 -0.206712 1.613376 0.000002 0.000000 -0.000000 -9.532522 -0.000057 -0.000025 0.045902 0.801456 -7.062462 0.031041 -0.601247 5.740724 0.002672 -0.233503 1.613376 -0.000002 0.000005 -0.000002 -9.103594 -0.043089 -1.865131 0.001328 0.137271 -0.979397 0.007223 -0.335404 2.544578 0.001311 -0.130074 0.961532 -0.000000 -0.000001 -0.000002 -8.076689 -0.486735 -3.806271 0.084570 -1.085040 9.428595 -0.000011 0.096974 0.000155 -0.000684 -0.174091 0.961530 -0.000000 -0.000001 -0.000001 4.570432 11.014713 -2.160849 7.793404 -13.306242 53.079715 -59.639217 -17.738910 -22.646578 -0.000061 -48.236579 -0.000010 16.601584 18.183577 33.937984 2.466167 -1.576213 2.681734 -3.074602 10.549501 15.520751 4.126574 13.590306 1.096800 -0.821920 0.916486 2.391527 -0.000003 0.000003 0.000002 9.109337 -0.518046 2.259867 0.064234 -0.940253 7.774056 0.024361 0.584876 -4.752820 0.042861 0.761678 -6.388161 -0.000002 -0.000001 -0.000000 9.533432 0.000034 0.000042 0.019625 -0.520475 4.287338 0.041227 0.757506 -6.269886 0.102970 1.189971 -9.891224 0.000000 0.000001 0.000006 9.104544 -0.043028 -1.865071 0.048816 -0.820142 6.818404 0.041057 0.751580 -6.240537 0.130320 1.335176 -11.135872 -0.000001 -0.000000 0.000002 8.077816 -0.486854 -3.806259 -0.290588 3.817501 4.335011 0.206507 -2.589415 -12.992357 0.258887 1.674801 -14.140283 0.000002 0.000000 -0.000006 -8.207798 -6.751692 -1.599552 -18.514905 -0.742592 1.690257 58.909337 -0.503366 1.555366 5.320681 1.445637 12.329551 -27.272717 0.071598 -2.584463 0.000001 -0.000000 0.000001 8.207782 -6.751713 -1.599545 -22.343145 -7.463796 0.111030 54.716980 -6.874148 6.912125 -20.352656 -20.189423 2.614929 -7.310283 0.000000 -0.000001 -0.000000 0.000000 -0.000000 
-2.188227 95.440567 97.598206 -5.656428 36.724510 -10.303620 -0.000003 10.181602 0.131525 0.505533 -13.708459 -2.699209 1.538252 -1.810490 4.580785 1.660106 -1.803052 4.542927 0.000001 16.740395 -2.049037 7.008344 -2.265051 1.560370 0.000004 9.617889 1.685008 14.820768 -8.169143 -1.872168 0.000001 22.037338 7.501098 -0.000001 -0.000001 0.000000 -4.569964 11.014898 -2.160888 -4.679328 -16.902768 -14.287511 -9.987451 4.719840 -19.779857 -0.000021 39.062187 -0.000004 6.747884 0.693045 -57.557239 -2.464811 -1.573959 2.681841 -2.591558 -5.784495 -15.442496 5.122760 -17.557623 -0.755091 -1.560135 0.883076 -1.926119 0.000002 -0.000000 0.000000 -9.108298 -0.517878 2.259831 0.057751 0.896402 -7.530117 -0.000005 0.029268 0.000129 0.000976 -0.127269 0.961524 0.000002 0.000000 0.000001 -9.532519 -0.000052 -0.000026 0.052690 0.858035 -7.530043 0.017825 -0.442922 4.436925 0.000944 -0.154087 0.961526 0.000002 -0.000001 0.000001 -9.103588 -0.043084 -1.865134 0.001151 0.127895 -0.902389 0.005975 -0.306960 2.310847 0.001064 -0.115836 0.844667 0.000002 0.000004 0.000002 -8.076698 -0.486711 -3.806287 0.086032 -1.094305 9.505638 0.000004 0.096982 0.000148 -0.000711 -0.159846 0.844645 0.000003 0.000002 0.000001 4.570440 11.014714 -2.160854 9.721564 -16.065580 53.353756 -58.641552 -17.960063 -22.088965 -0.000064 -48.339718 -0.000028 14.874182 17.580070 32.151203 2.466125 -1.576170 2.681737 -3.074603 10.549502 15.520749 4.126573 13.590309 1.096802 -0.821918 0.916486 2.391520 -0.000001 0.000003 -0.000001 9.109294 -0.518031 2.259872 0.134641 -1.357736 11.284330 0.010669 0.389128 -3.126605 0.032646 0.664102 -5.574991 -0.000000 -0.000000 0.000000 9.533385 0.000049 0.000050 0.064412 -0.941492 7.796777 0.022591 0.562162 -4.643564 0.086774 1.093195 -9.077864 -0.000001 0.000001 -0.000002 9.104508 -0.043015 -1.865068 0.081185 -1.056323 8.794473 0.022377 0.555124 -4.605000 0.111921 1.238231 -10.317797 -0.000001 -0.000000 0.000003 8.077765 -0.486840 -3.806255 -0.417995 3.566853 6.313153 0.158978 -2.781048 -11.359265 0.232651 1.579632 -13.321899 0.000002 -0.000001 -0.000005 -8.207784 -6.751649 -1.599557 -16.832228 -2.177369 4.373308 56.971735 -2.504603 3.227591 6.195181 0.521293 11.969022 -28.109275 0.059233 -1.906898 0.000000 -0.000001 -0.000000 8.207792 -6.751695 -1.599548 -22.409453 -8.497743 1.649826 54.939036 -6.245229 9.089519 -20.735247 -20.701673 1.828220 -7.282118 0.000006 -0.000002 -0.000000 -0.000000 0.000000 
-2.217389 95.695473 98.015472 -4.827942 39.209702 -12.345091 0.000008 10.181583 0.131534 0.129038 -14.603431 -1.688878 1.513814 -1.911431 4.969778 1.649750 -1.912281 4.928138 -0.000004 16.740366 -2.049034 7.387230 -2.353356 1.642822 -0.000003 9.617899 1.685012 14.759006 -8.506260 -1.939241 0.000005 22.037323 7.501111 0.000004 0.000000 0.000001 -4.569974 11.014892 -2.160875 -4.765776 -17.436664 -13.819909 -12.074868 1.243552 -18.361299 -0.000007 41.232250 0.000001 5.492206 1.288642 -57.341473 -2.464788 -1.573980 2.681856 -2.591562 -5.784497 -15.442481 5.122758 -17.557623 -0.755096 -1.560140 0.883069 -1.926119 0.000001 -0.000002 0.000002 -9.108288 -0.517907 2.259845 0.056557 0.887086 -7.453079 -0.000003 0.029277 0.000113 0.000759 -0.113034 0.844649 0.000006 0.000001 -0.000000 -9.532499 -0.000066 -0.000018 0.051540 0.848712 -7.453003 0.015860 -0.414496 4.203147 0.000708 -0.139834 0.844675 -0.000003 -0.000000 -0.000001 -9.103581 -0.043098 -1.865130 0.001579 0.149277 -1.078066 0.006171 -0.311635 2.349345 0.001102 -0.118181 0.863916 -0.000001 -0.000001 -0.000001 -8.076680 -0.486728 -3.806270 0.082711 -1.073172 9.329901 -0.000011 0.096981 0.000158 -0.000687 -0.162190 0.863901 -0.000002 0.000001 0.000000 4.570440 11.014725 -2.160862 11.075771 -18.012227 53.181823 -56.338129 -18.523808 -20.871888 -0.000088 -48.393465 -0.000052 10.573088 16.198774 30.591499 2.466114 -1.576219 2.681743 -3.074599 10.549503 15.520755 4.126570 13.590310 1.096801 -0.821918 0.916481 2.391529 -0.000001 0.000005 -0.000005 9.109289 -0.518061 2.259873 0.207513 -1.680973 14.032111 0.002145 0.177578 -1.372149 0.023179 0.558657 -4.697667 -0.000002 0.000002 0.000001 9.533402 0.000017 0.000049 0.117401 -1.268573 10.543649 0.008716 0.350921 -2.889030 0.070851 0.988524 -8.200358 -0.000001 -0.000003 0.000002 9.104506 -0.043030 -1.865073 0.083221 -1.069531 8.905225 0.013807 0.436224 -3.617164 0.101493 1.179549 -9.823686 0.000000 0.000002 -0.000003 8.077773 -0.486891 -3.806254 -0.424861 3.552686 6.423984 0.132921 -2.897425 -10.372818 0.217459 1.521960 -12.827609 -0.000004 -0.000002 0.000003 -8.207773 -6.751671 -1.599548 -15.939867 -2.433284 5.659221 55.373812 -3.943074 5.017320 6.412636 0.767141 10.798159 -28.300604 0.047714 -1.398420 -0.000001 0.000001 -0.000000 8.207796 -6.751704 -1.599540 -22.416469 -9.147666 2.669902 54.584194 -6.011394 9.832931 -20.335621 -19.457551 3.165121 -6.600539 -0.000002 -0.000000 -0.000000 -0.000000 -0.000000 
-2.274627 95.863129 98.301971 -4.130508 39.030173 -13.136144 -0.000004 10.181589 0.131519 -0.741624 -14.395081 -1.700661 1.535651 -1.863324 5.259516 1.675928 -1.873139 5.215367 -0.000002 16.740385 -2.049028 7.688617 -2.352790 1.640031 -0.000001 9.617888 1.685016 14.737931 -8.547195 -1.922035 -0.000002 22.037338 7.501090 0.000004 0.000000 0.000001 -4.569974 11.014900 -2.160876 -4.671561 -17.225746 -13.541115 -13.393188 -0.023112 -17.263539 -0.000016 42.270169 0.000011 3.731776 1.783507 -56.152006 -2.464792 -1.573972 2.681829 -2.591563 -5.784494 -15.442489 5.122758 -17.557623 -0.755100 -1.560140 0.883069 -1.926117 0.000001 -0.000009 -0.000001 -9.108269 -0.517872 2.259820 0.059306 0.908327 -7.628806 0.000009 0.029281 0.000123 0.000774 -0.115388 0.863899 -0.000003 -0.000000 0.000003 -9.532487 -0.000037 -0.000032 0.054171 0.869969 -7.628728 0.016169 -0.419171 4.241657 0.000754 -0.142183 0.863907 -0.000003 -0.000002 -0.000000 -9.103583 -0.043074 -1.865142 0.002792 0.198426 -1.481380 0.005750 -0.300927 2.261491 0.000996 -0.112834 0.819993 -0.000002 0.000001 -0.000000 -8.076666 -0.486693 -3.806284 0.075312 -1.024561 8.926431 0.000017 0.096981 0.000157 -0.000719 -0.156849 0.819987 0.000000 0.000001 0.000001 4.570435 11.014704 -2.160855 11.467993 -18.613538 52.535131 -53.612709 -19.110931 -19.730895 -0.000077 -48.079952 -0.000043 5.003733 14.759211 30.568235 2.466122 -1.576189 2.681737 -3.074600 10.549498 15.520751 4.126574 13.590312 1.096800 -0.821918 0.916486 2.391521 -0.000004 -0.000000 0.000002 9.109299 -0.518054 2.259875 0.239573 -1.804009 15.086609 0.000002 0.012022 -0.000102 0.016896 0.476068 -4.011174 0.000002 -0.000002 0.000001 9.533382 0.000030 0.000043 0.141889 -1.393330 11.597727 0.002390 0.185336 -1.516067 0.059516 0.906469 -7.513718 0.000001 -0.000000 -0.000002 9.104528 -0.043038 -1.865074 0.061027 -0.916547 7.623784 0.013401 0.429556 -3.561794 0.100911 1.176271 -9.795993 0.000001 0.000001 0.000002 8.077770 -0.486857 -3.806254 -0.343563 3.715856 5.141418 0.131508 -2.903952 -10.317523 0.216618 1.518713 -12.799881 0.000002 0.000002 0.000007 -8.207792 -6.751682 -1.599561 -15.829658 -1.963386 5.507918 54.421001 -3.768782 6.154738 5.970820 1.741339 8.692212 -27.969022 0.032584 -0.876726 -0.000000 -0.000000 -0.000001 8.207790 -6.751695 -1.599552 -22.284754 -9.682181 2.567436 54.226617 -5.783738 9.840274 -20.743686 -16.838105 5.606194 -5.653925 0.000006 -0.000003 -0.000000 -0.000000 -0.000000 
-2.359142 95.851784 98.444771 -4.150982 36.467295 -12.648377 0.000008 10.181580 0.131503 -1.315032 -13.305830 -2.039346 1.565265 -1.706877 5.374112 1.698438 -1.720510 5.331246 0.000003 16.740377 -2.049030 7.747268 -2.218059 1.465102 -0.000002 9.617892 1.685001 14.837527 -8.180331 -1.816400 0.000004 22.037354 7.501078 -0.000003 0.000000 0.000000 -4.569963 11.014904 -2.160881 -4.499178 -16.582414 -13.578319 -14.077695 1.417770 -16.459390 0.000011 42.296629 0.000008 1.074266 1.997240 -53.284426 -2.464796 -1.573984 2.681854 -2.591563 -5.784500 -15.442489 5.122755 -17.557616 -0.755097 -1.560134 0.883058 -1.926126 -0.000004 0.000000 0.000000 -9.108278 -0.517873 2.259840 0.065869 0.957041 -8.032239 0.000012 0.029272 0.000117 0.000704 -0.110026 0.819991 -0.000003 0.000001 -0.000001 -9.532501 -0.000065 -0.000020 0.060473 0.918721 -8.032150 0.015452 -0.408508 4.153814 0.000665 -0.136827 0.819988 0.000000 0.000000 -0.000001 -9.103610 -0.043092 -1.865138 0.004116 0.240221 -1.824442 0.004769 -0.276377 2.059841 0.000819 -0.100545 0.719161 0.000001 -0.000001 -0.000000 -8.076697 -0.486706 -3.806270 0.069319 -0.983184 8.583302 -0.000005 0.096975 0.000161 -0.000705 -0.144545 0.719146 -0.000004 -0.000002 -0.000001 4.570436 11.014706 -2.160852 10.495848 -17.312887 51.194716 -51.161805 -19.935265 -19.080410 -0.000064 -47.019473 -0.000054 0.251272 13.573562 31.240756 2.466137 -1.576208 2.681733 -3.074599 10.549498 15.520756 4.126571 13.590306 1.096796 -0.821917 0.916486 2.391527 0.000002 0.000006 -0.000003 9.109292 -0.518045 2.259870 0.217736 -1.721247 14.376676 0.000002 0.012019 -0.000115 0.014744 0.444346 -3.747764 -0.000001 0.000001 -0.000000 9.533408 0.000027 0.000041 0.125151 -1.309392 10.888069 0.001008 0.121791 -0.989324 0.055428 0.874954 -7.250274 0.000000 0.000001 -0.000000 9.104543 -0.043017 -1.865079 0.040012 -0.742695 6.172413 0.018632 0.506665 -4.202355 0.107606 1.214337 -10.116428 0.000002 0.000002 0.000003 8.077797 -0.486852 -3.806265 -0.247060 3.898488 3.688052 0.148110 -2.828445 -10.957182 0.226401 1.556155 -13.120412 -0.000001 0.000003 0.000003 -8.207775 -6.751674 -1.599577 -16.062952 -1.057267 4.551075 54.217161 -2.501174 6.414936 4.588236 3.157799 5.808496 -26.911133 -0.001836 0.044072 -0.000001 -0.000003 -0.000001 8.207801 -6.751705 -1.599576 -21.717013 -9.761043 1.528902 54.052024 -5.271957 9.818218 -22.383925 -13.515438 8.277563 -4.774581 -0.000001 0.000000 -0.000000 -0.000000 -0.000000 
-2.423462 95.651184 98.368309 -5.076976 32.076979 -11.352878 -0.000001 10.181588 0.131525 -0.832168 -11.739476 -1.896995 1.498830 -1.506795 5.220993 1.614049 -1.515006 5.185490 0.000002 16.740393 -2.049039 7.408969 -1.911575 1.077374 0.000001 9.617875 1.685021 15.149315 -7.301949 -1.551806 -0.000004 22.037354 7.501096 0.000001 -0.000001 0.000001 -4.569969 11.014904 -2.160881 -4.367185 -15.947221 -13.999245 -14.832546 5.747244 -15.995487 0.000001 41.569044 -0.000002 -2.991199 1.562734 -48.290097 -2.464830 -1.573966 2.681847 -2.591559 -5.784498 -15.442486 5.122755 -17.557619 -0.755098 -1.560133 0.883063 -1.926120 0.000003 -0.000007 0.000001 -9.108297 -0.517853 2.259838 0.071749 0.998427 -8.375370 -0.000013 0.029293 0.000107 0.000540 -0.097737 0.719157 -0.000003 0.000000 -0.000001 -9.532536 -0.000035 -0.000029 0.066120 0.960140 -8.375271 0.013850 -0.383960 3.952129 0.000500 -0.124533 0.719156 -0.000002 -0.000000 0.000001 -9.103607 -0.043062 -1.865136 0.004465 0.250135 -1.905904 0.004051 -0.255480 1.888307 0.000636 -0.090094 0.633393 -0.000006 0.000000 0.000000 -8.076710 -0.486691 -3.806277 0.067924 -0.973371 8.501811 -0.000005 0.097002 0.000137 -0.000668 -0.134096 0.633398 -0.000002 0.000001 -0.000000 4.570443 11.014698 -2.160858 7.886528 -13.673809 48.982268 -49.338906 -21.573791 -18.942529 -0.000074 -44.928359 -0.000047 -2.804452 11.825026 30.238863 2.466160 -1.576208 2.681743 -3.074601 10.549494 15.520746 4.126574 13.590307 1.096800 -0.821918 0.916485 2.391515 0.000001 0.000001 0.000006 9.109312 -0.518026 2.259871 0.174169 -1.541938 12.846428 -0.000002 0.012015 -0.000115 0.016175 0.465694 -3.925073 -0.000002 -0.000000 0.000000 9.533414 0.000021 0.000045 0.092618 -1.127758 9.358370 0.001864 0.164582 -1.343948 0.058168 0.896181 -7.427643 -0.000003 0.000001 -0.000003 9.104544 -0.043048 -1.865069 0.031389 -0.658099 5.467551 0.025629 0.593952 -4.927946 0.115442 1.257405 -10.479347 0.000003 0.000001 -0.000003 8.077796 -0.486865 -3.806254 -0.198501 3.986250 2.981975 0.167913 -2.743100 -11.681761 0.237729 1.598456 -13.483511 0.000002 0.000004 0.000010 -8.207783 -6.751674 -1.599560 -16.066451 0.255106 3.604374 54.448103 -1.784566 5.951569 1.775380 4.955092 2.677300 -24.846189 -0.067348 1.764572 -0.000001 -0.000002 0.000000 8.207800 -6.751693 -1.599549 -20.925524 -8.936245 1.148247 54.171374 -5.332026 8.387351 -23.718095 -10.333514 10.932055 -4.145432 -0.000003 0.000006 0.000000 0.000000 0.000000 
-2.404867 95.351418 98.089638 -6.235710 26.401835 -9.918903 -0.000002 10.181571 0.131506 0.466857 -9.987653 -1.126747 1.333329 -1.296766 4.771749 1.423033 -1.294320 4.747146 0.000003 16.740400 -2.049034 6.665452 -1.446851 0.536264 0.000002 9.617857 1.685013 15.673365 -5.936601 -1.120011 0.000002 22.037369 7.501085 -0.000001 -0.000000 0.000000 -4.569960 11.014916 -2.160888 -4.333816 -15.473891 -14.894257 -16.369622 12.373530 -15.591734 -0.000001 40.369652 0.000010 -8.261366 0.252347 -41.343418 -2.464807 -1.573984 2.681861 -2.591559 -5.784495 -15.442487 5.122756 -17.557613 -0.755097 -1.560140 0.883061 -1.926121 0.000005 0.000003 0.000004 -9.108286 -0.517891 2.259841 0.073151 1.008264 -8.456868 0.000017 0.029278 0.000118 0.000419 -0.087294 0.633416 -0.000000 0.000000 -0.000000 -9.532498 -0.000064 -0.000014 0.067463 0.969984 -8.456767 0.012567 -0.363106 3.780625 0.000396 -0.114083 0.633398 -0.000002 -0.000000 -0.000000 -9.103607 -0.043093 -1.865129 0.002955 0.203543 -1.523329 0.003858 -0.250526 1.847588 0.000610 -0.087612 0.613032 0.000001 -0.000001 -0.000002 -8.076701 -0.486724 -3.806273 0.074587 -1.019495 8.884471 0.000003 0.096976 0.000161 -0.000678 -0.131604 0.613022 0.000002 -0.000003 -0.000000 4.570441 11.014724 -2.160864 3.876365 -7.751355 46.054357 -48.117276 -24.529822 -18.942307 -0.000061 -41.616059 -0.000017 -5.716523 7.115848 25.744211 2.466125 -1.576215 2.681741 -3.074602 10.549499 15.520755 4.126574 13.590307 1.096802 -0.821914 0.916485 2.391522 -0.000003 0.000000 -0.000008 9.109304 -0.518017 2.259869 0.145123 -1.409066 11.718704 0.000434 0.083387 -0.591585 0.019489 0.511709 -4.307360 0.000001 0.000001 0.000001 9.533399 0.000047 0.000043 0.071744 -0.993378 8.231018 0.004635 0.256789 -2.108444 0.064301 0.941904 -7.809964 -0.000001 -0.000001 -0.000001 9.104528 -0.043019 -1.865075 0.028229 -0.624158 5.185137 0.029403 0.636289 -5.280373 0.119345 1.278303 -10.655608 0.000002 -0.000000 -0.000004 8.077782 -0.486855 -3.806253 -0.178758 4.021274 2.699015 0.177934 -2.701746 -12.033665 0.243312 1.618966 -13.659846 0.000003 0.000001 -0.000007 -8.207786 -6.751664 -1.599570 -15.787704 1.640024 2.910984 54.525178 -2.817249 4.897783 -2.688920 6.983061 0.180897 -21.866514 -0.137675 3.692100 -0.000001 -0.000003 -0.000000 8.207795 -6.751696 -1.599563 -20.177827 -6.777192 1.230609 54.280944 -5.647571 6.590180 -24.761878 -7.508917 12.889354 -3.789654 0.000000 -0.000008 0.000000 -0.000000 -0.000001 
-2.282861 95.061119 97.765732 -6.754736 19.775769 -8.630658 -0.000004 10.181577 0.131518 1.529879 -8.045271 -0.113599 1.158975 -1.058685 4.070742 1.219170 -1.049589 4.055878 0.000001 16.740395 -2.049033 5.743209 -0.894571 -0.020826 0.000000 9.617833 1.685007 16.271100 -4.248650 -0.602071 -0.000000 22.037338 7.501100 0.000003 0.000000 0.000001 -4.569971 11.014918 -2.160880 -4.363350 -14.930585 -16.349395 -18.921043 20.039201 -14.625996 0.000015 38.644951 -0.000028 -13.578272 -0.850877 -33.015560 -2.464811 -1.573968 2.681854 -2.591560 -5.784492 -15.442489 5.122760 -17.557618 -0.755096 -1.560140 0.883071 -1.926110 0.000001 -0.000004 -0.000005 -9.108274 -0.517873 2.259846 0.066574 0.962097 -8.074189 0.000003 0.029286 0.000127 0.000389 -0.084813 0.613021 0.000001 0.000000 0.000000 -9.532497 -0.000059 -0.000016 0.061144 0.923779 -8.074097 0.012268 -0.358148 3.739864 0.000361 -0.111612 0.613037 0.000000 -0.000000 0.000000 -9.103609 -0.043079 -1.865127 0.000207 0.056751 -0.318616 0.004695 -0.273826 2.038864 0.000788 -0.099265 0.708689 0.000004 -0.000000 -0.000004 -8.076688 -0.486701 -3.806274 0.097534 -1.164530 10.089642 0.000012 0.096986 0.000139 -0.000693 -0.143274 0.708669 0.000000 0.000003 0.000010 4.570438 11.014729 -2.160856 -0.609502 -0.505050 42.923436 -46.951929 -28.606524 -18.272925 -0.000047 -37.127126 -0.000017 -12.079446 -1.813738 16.994827 2.466148 -1.576200 2.681739 -3.074600 10.549495 15.520753 4.126576 13.590310 1.096802 -0.821922 0.916481 2.391523 0.000005 0.000003 0.000004 9.109334 -0.518051 2.259871 0.136240 -1.365735 11.351853 0.001548 0.151384 -1.155086 0.022120 0.545617 -4.589148 0.000000 0.000000 0.000003 9.533425 0.000050 0.000045 0.065521 -0.949550 7.864263 0.007477 0.324727 -2.671948 0.069001 0.975579 -8.091801 -0.000000 0.000000 0.000002 9.104559 -0.043022 -1.865072 0.016442 -0.476530 3.957843 0.031004 0.653289 -5.421585 0.120923 1.286675 -10.726260 -0.000001 -0.000002 -0.000005 8.077811 -0.486854 -3.806257 -0.090884 4.172265 1.469042 0.182032 -2.685194 -12.174681 0.245584 1.627196 -13.730498 -0.000001 -0.000000 -0.000000 -8.207787 -6.751657 -1.599561 -15.774204 2.631525 2.191504 54.099394 -5.326523 3.329155 -8.077774 8.466170 -0.627102 -18.577566 -0.181407 4.219905 0.000000 -0.000002 0.000000 8.207789 -6.751697 -1.599559 -19.987707 -3.719438 1.338970 54.134181 -6.125861 4.690009 -25.385330 -4.580092 14.319406 -3.720565 0.000003 -0.000005 0.000000 -0.000000 0.000000 
-2.102476 94.850960 97.549278 -6.480712 12.387670 -7.514340 -0.000006 10.181599 0.131521 1.648176 -5.662891 0.957750 1.011088 -0.748577 3.146924 1.041157 -0.741413 3.139120 0.000002 16.740410 -2.049052 4.961935 -0.356895 -0.442765 0.000001 9.617904 1.685012 16.785776 -2.464906 -0.081053 0.000002 22.037369 7.501084 -0.000003 -0.000000 0.000000 -4.569965 11.014931 -2.160898 -4.327615 -13.990352 -18.170274 -22.090748 27.521395 -12.842160 -0.000009 35.715435 -0.000002 -18.070777 0.585152 -23.433853 -2.464800 -1.573984 2.681841 -2.591561 -5.784493 -15.442491 5.122764 -17.557616 -0.755091 -1.560139 0.883069 -1.926124 0.000002 -0.000007 -0.000008 -9.108273 -0.517881 2.259831 0.047886 0.816472 -6.869193 -0.000009 0.029273 0.000126 0.000529 -0.096479 0.708683 0.000001 -0.000003 -0.000001 -9.532499 -0.000047 -0.000025 0.043260 0.778050 -6.869128 0.013691 -0.381421 3.931197 0.000495 -0.123271 0.708676 0.000002 -0.000000 -0.000003 -9.103586 -0.043112 -1.865136 0.004178 -0.242204 2.134716 0.007761 -0.347170 2.641261 0.001456 -0.135973 1.009854 -0.000000 -0.000001 -0.000001 -8.076674 -0.486726 -3.806277 0.153718 -1.458182 12.544255 -0.000003 0.096986 0.000133 -0.000673 -0.179982 1.009860 -0.000002 0.000001 -0.000001 4.570441 11.014714 -2.160872 -4.468268 6.393118 40.166457 -44.937823 -32.579729 -16.032882 -0.000048 -32.159618 0.000005 -24.050104 -11.062754 3.261012 2.466148 -1.576185 2.681739 -3.074600 10.549494 15.520744 4.126578 13.590313 1.096801 -0.821917 0.916481 2.391516 -0.000002 0.000002 -0.000003 9.109291 -0.518048 2.259874 0.123149 -1.299108 10.788888 0.002053 0.173507 -1.338416 0.023004 0.556649 -4.680798 0.000000 0.000000 0.000002 9.533401 0.000035 0.000043 0.056525 -0.882253 7.301475 0.008527 0.346827 -2.855286 0.070570 0.986533 -8.183478 -0.000000 0.000001 -0.000004 9.104536 -0.043033 -1.865071 0.000410 -0.075630 0.632664 0.038396 0.726940 -6.035250 0.127917 1.323034 -11.033202 0.000000 0.000002 -0.000002 8.077796 -0.486853 -3.806259 0.163420 4.571540 -1.865988 0.200237 -2.613393 -12.787411 0.255524 1.662875 -14.037598 -0.000000 0.000002 0.000002 -8.207786 -6.751670 -1.599567 -16.396900 3.217755 1.440103 53.214154 -8.547113 1.550524 -12.831123 8.775902 0.397834 -14.906722 -0.189593 4.305699 -0.000000 -0.000002 -0.000001 8.207792 -6.751702 -1.599568 -20.380630 -0.696688 1.230782 53.549315 -3.596117 2.920476 -25.691330 -3.446119 13.924281 -3.722110 0.000003 0.000005 -0.000000 -0.000000 0.000000 
-1.920617 94.755516 97.473236 -5.977571 4.426471 -6.682547 -0.000004 10.181579 0.131519 1.073582 -2.554252 2.323333 0.808358 -0.332355 1.941933 0.814827 -0.331559 1.939527 0.000001 16.740389 -2.049042 4.489234 0.069177 -0.616941 0.000000 9.617897 1.685011 17.201411 -0.800488 0.415050 0.000002 22.037384 7.501088 -0.000000 0.000000 -0.000000 -4.569973 11.014912 -2.160888 -4.072271 -12.546151 -19.748314 -25.082702 34.335549 -10.837850 -0.000009 30.821724 -0.000015 -22.021259 5.564168 -12.149607 -2.464808 -1.573987 2.681844 -2.591558 -5.784491 -15.442493 5.122758 -17.557621 -0.755097 -1.560137 0.883070 -1.926121 0.000003 -0.000001 0.000007 -9.108283 -0.517873 2.259834 0.019278 0.518881 -4.415480 -0.000001 0.029299 0.000087 0.001078 -0.133171 1.009854 -0.000002 0.000003 -0.000001 -9.532497 -0.000067 -0.000020 0.016299 0.480295 -4.415454 0.018696 -0.454662 4.533570 0.001026 -0.159967 1.009846 0.000000 -0.000002 0.000004 -9.103601 -0.043076 -1.865136 0.037241 -0.720426 6.069152 0.016416 -0.496415 3.868005 0.003369 -0.210692 1.623192 0.000001 0.000002 0.000002 -8.076677 -0.486732 -3.806273 0.269943 -1.923287 16.481842 0.000003 0.096983 0.000121 -0.000025 -0.254736 1.623194 0.000001 0.000002 0.000003 4.570441 11.014705 -2.160854 -7.138632 11.503214 38.281359 -41.680065 -34.666427 -12.034423 -0.000015 -28.264074 0.000010 -37.319908 -14.708794 -12.645609 2.466145 -1.576187 2.681735 -3.074600 10.549499 15.520758 4.126574 13.590309 1.096798 -0.821915 0.916486 2.391524 0.000003 0.000001 -0.000013 9.109297 -0.518017 2.259869 0.078301 -1.037594 8.589210 0.002958 0.207441 -1.619737 0.024420 0.573548 -4.821485 0.000001 0.000001 -0.000002 9.533402 0.000039 0.000045 0.027720 -0.618501 5.102336 0.010296 0.380737 -3.136616 0.073009 1.003323 -8.324198 -0.000001 0.000000 -0.000003 9.104527 -0.043009 -1.865073 0.023246 0.566508 -4.693806 0.062409 0.926142 -7.698152 0.147851 1.421357 -11.864973 -0.000001 0.000002 -0.000000 8.077793 -0.486851 -3.806258 0.618405 5.178395 -7.215918 0.253454 -2.419827 -14.447623 0.283414 1.759299 -14.869694 -0.000000 0.000002 0.000002 -8.207785 -6.751683 -1.599563 -17.340385 3.341281 0.882865 52.218265 -9.964771 0.088036 -16.780737 6.517296 1.499899 -10.903725 -0.055755 2.332376 -0.000000 -0.000000 -0.000001 8.207791 -6.751698 -1.599552 -20.805193 1.675550 1.028878 52.900679 -0.289052 1.386156 -25.787024 -1.754386 12.815148 -3.496724 0.000004 0.000002 0.000000 -0.000000 0.000001 
-1.770312 94.765060 97.478012 -5.699472 -3.894376 -6.124217 -0.000007 10.181601 0.131531 0.450573 1.342351 4.096140 0.453867 0.190527 0.405382 0.455463 0.187652 0.405867 0.000001 16.740385 -2.049037 4.290848 0.336690 -0.518023 0.000000 9.617901 1.685011 17.602402 0.608255 0.883629 0.000002 22.037338 7.501087 -0.000001 0.000000 -0.000000 -4.569971 11.014909 -2.160884 -3.548044 -10.707666 -20.480522 -27.507793 40.546947 -9.365251 0.000001 24.443090 -0.000001 -25.598760 11.919109 0.355912 -2.464819 -1.573980 2.681850 -2.591560 -5.784491 -15.442489 5.122753 -17.557618 -0.755104 -1.560136 0.883066 -1.926120 0.000002 -0.000002 0.000007 -9.108285 -0.517847 2.259841 0.000080 0.039887 -0.481305 0.000003 0.029289 0.000194 0.002798 -0.207898 1.623198 -0.000001 -0.000000 0.000009 -9.532502 -0.000045 -0.000021 -0.000243 0.001187 -0.481305 0.031262 -0.603627 5.760361 0.002724 -0.234699 1.623196 -0.000001 0.000001 0.000006 -9.103603 -0.043072 -1.865128 0.132116 -1.351835 11.311605 0.036938 -0.735261 5.835248 0.008151 -0.330458 2.606760 0.000000 -0.000001 0.000002 -8.076691 -0.486713 -3.806272 0.473930 -2.528374 21.730491 -0.000001 0.096992 0.000113 0.002700 -0.374595 2.606735 0.000000 -0.000002 -0.000002 4.570440 11.014741 -2.160854 -8.763651 14.514425 37.579223 -37.955566 -33.734666 -7.237894 -0.000032 -27.129096 0.000014 -44.069658 -12.964642 -24.104443 2.466156 -1.576189 2.681742 -3.074600 10.549506 15.520751 4.126577 13.590310 1.096800 -0.821924 0.916476 2.391527 0.000002 0.000003 0.000002 9.109318 -0.518051 2.259873 0.018635 -0.507358 4.165924 0.008116 0.340013 -2.719128 0.030303 0.639626 -5.371229 0.000001 -0.000000 -0.000002 9.533434 0.000026 0.000048 0.000522 -0.085626 0.679685 0.018800 0.513128 -4.236048 0.082930 1.068894 -8.874062 -0.000003 0.000001 0.000001 9.104544 -0.043014 -1.865065 0.125189 1.309660 -10.914362 0.112887 1.243522 -10.362281 0.182744 1.578219 -13.197429 -0.000001 0.000000 0.000003 8.077809 -0.486870 -3.806257 1.219339 5.829717 -13.474806 0.350302 -2.113221 -17.106907 0.331016 1.912838 -16.202759 -0.000000 0.000002 -0.000001 -8.207787 -6.751661 -1.599549 -18.114502 2.629712 0.107166 51.304242 -10.074880 -0.492063 -19.718283 4.540880 1.264160 -9.663693 0.000002 -0.000003 0.000000 0.000000 0.000000 8.207789 -6.751688 -1.599548 -20.836346 3.484944 0.966596 52.175142 3.277138 0.002429 -25.898698 0.256695 11.272761 -3.096437 0.000003 0.000002 0.000000 -0.000000 -0.000001 
-1.698761 94.851059 97.501518 -5.505396 -12.320905 -5.450099 -0.000004 10.181581 0.131526 0.044954 5.648824 5.818512 -0.033096 0.768313 -1.306778 -0.009439 0.767878 -1.308510 0.000001 16.740368 -2.049024 4.273680 0.488855 -0.258622 -0.000000 9.617885 1.685004 17.963707 1.773144 1.319200 0.000002 22.037354 7.501100 0.000001 -0.000000 0.000000 -4.569973 11.014921 -2.160872 -2.862284 -8.617645 -20.409666 -29.941538 45.975267 -8.260392 -0.000009 18.832739 -0.000003 -27.410927 16.238174 11.325254 -2.464773 -1.573978 2.681842 -2.591562 -5.784491 -15.442498 5.122756 -17.557619 -0.755101 -1.560135 0.883063 -1.926123 0.000003 -0.000003 0.000001 -9.108269 -0.517857 2.259837 0.025638 -0.598084 4.759590 -0.000002 0.029294 0.000074 0.007209 -0.327677 2.606717 0.000000 0.000000 0.000002 -9.532495 -0.000023 -0.000020 0.028846 -0.636650 4.759626 0.058056 -0.841844 7.727722 0.007093 -0.354488 2.606749 0.000000 -0.000002 0.000001 -9.103580 -0.043062 -1.865132 0.310338 -2.058055 17.295842 0.077016 -1.052063 8.456223 0.017709 -0.489830 3.917011 0.000000 -0.000001 -0.000001 -8.076675 -0.486707 -3.806281 0.773330 -3.192540 27.724373 -0.000000 0.096988 0.000088 0.009503 -0.534130 3.916971 -0.000000 -0.000001 0.000000 4.570443 11.014718 -2.160836 -9.836617 16.252628 37.824372 -34.818515 -30.308623 -2.745491 -0.000036 -29.170225 0.000013 -42.481984 -8.931295 -28.701940 2.466175 -1.576202 2.681738 -3.074599 10.549498 15.520749 4.126578 13.590311 1.096803 -0.821921 0.916481 2.391522 -0.000002 -0.000001 -0.000003 9.109336 -0.518033 2.259877 0.003131 0.208122 -1.767018 0.026190 0.606235 -4.930498 0.044063 0.772338 -6.477024 -0.000002 0.000001 -0.000001 9.533445 0.000037 0.000044 0.028710 0.629476 -5.253350 0.043600 0.778815 -6.447557 0.104818 1.200526 -9.980103 -0.000002 0.000000 -0.000003 9.104558 -0.043014 -1.865068 0.301738 2.019811 -16.985827 0.190428 1.610615 -13.473611 0.228091 1.760284 -14.753468 0.000001 0.000001 0.000002 8.077824 -0.486887 -3.806258 1.871645 6.398470 -19.593397 0.481223 -1.761396 -20.211874 0.391101 2.090677 -17.759562 -0.000001 0.000001 0.000007 -8.207785 -6.751668 -1.599560 -18.791273 1.378851 -1.327065 50.914706 -10.054657 -0.194209 -21.798120 5.332163 0.274331 -10.196256 0.000013 -0.000002 0.000000 0.000001 -0.000001 8.207793 -6.751708 -1.599558 -20.564738 5.171454 0.919000 51.285732 6.841972 -1.346172 -25.976674 1.860314 9.382922 -2.860550 -0.000000 -0.000001 0.000000 -0.000000 -0.000000 
-1.750715 95.001328 97.501205 -5.052787 -20.307590 -4.140246 -0.000007 10.181577 0.131528 -0.279221 9.590148 6.781474 -0.500954 1.298922 -2.825603 -0.435844 1.305347 -2.834126 0.000001 16.740376 -2.049052 4.368860 0.638161 -0.051881 -0.000001 9.617870 1.685004 18.099284 2.828798 1.737168 0.000001 22.037338 7.501093 0.000001 0.000000 -0.000000 -4.569961 11.014902 -2.160897 -2.176129 -6.409541 -20.283874 -33.097126 50.030914 -6.700574 -0.000012 16.567280 0.000005 -25.630713 16.317568 17.722486 -2.464815 -1.573982 2.681849 -2.591560 -5.784496 -15.442493 5.122757 -17.557621 -0.755094 -1.560142 0.883068 -1.926121 0.000005 -0.000004 -0.000006 -9.108298 -0.517871 2.259835 0.125812 -1.319506 10.740227 -0.000004 0.029296 0.000078 0.016286 -0.487098 3.916978 0.000001 -0.000001 -0.000002 -9.532522 -0.000046 -0.000022 0.133022 -1.357529 10.740397 0.106416 -1.157494 10.348942 0.016106 -0.513900 3.916983 0.000001 -0.000001 -0.000001 -9.103594 -0.043080 -1.865134 0.564285 -2.748618 23.346015 0.140366 -1.410800 11.447041 0.033055 -0.671356 5.411853 0.000000 0.000000 -0.000000 -8.076718 -0.486706 -3.806275 1.144857 -3.827994 33.786624 -0.001690 -0.029424 1.037286 0.021730 -0.715906 5.411805 0.000000 0.000001 -0.000001 4.570442 11.014719 -2.160863 -10.847215 17.845471 38.199377 -32.580409 -26.332290 1.232629 -0.000036 -32.787848 0.000007 -36.070086 -3.061766 -28.202737 2.466145 -1.576232 2.681734 -3.074600 10.549496 15.520748 4.126574 13.590306 1.096804 -0.821913 0.916485 2.391522 -0.000000 0.000005 -0.000007 9.109305 -0.518037 2.259870 0.066593 0.957284 -8.000862 0.066541 0.961896 -7.897486 0.066545 0.949923 -7.960577 0.000000 -0.000000 0.000001 9.533407 0.000029 0.000047 0.137778 1.373355 -11.488458 0.092931 1.133354 -9.414800 0.138156 1.376389 -11.464081 0.000000 0.000002 -0.000000 9.104534 -0.043032 -1.865077 0.526839 2.646104 -22.511465 0.285187 1.964159 -16.509725 0.277082 1.936604 -16.271621 0.000003 -0.000001 -0.000001 8.077812 -0.486872 -3.806263 2.515422 6.852930 -25.168525 0.627081 -1.425546 -23.240943 0.454350 2.262519 -19.278533 0.000001 0.000002 -0.000007 -8.207788 -6.751670 -1.599556 -19.541934 0.710939 -3.012695 51.250639 -8.951441 0.131752 -22.804924 6.845302 -0.706756 -10.499853 0.000017 -0.000001 -0.000000 -0.000002 -0.000001 8.207789 -6.751701 -1.599552 -20.365032 6.845941 0.338156 50.357065 9.824240 -2.284720 -25.279514 3.224242 6.883792 -3.169536 -0.000001 0.000002 -0.000000 -0.000000 0.000000 
-1.917054 95.207222 97.429260 -4.293279 -26.903716 -2.095174 -0.000001 10.181587 0.131522 -0.632278 12.435256 6.655076 -0.793830 1.683044 -3.858443 -0.687534 1.696748 -3.873813 0.000001 16.740404 -2.049043 4.505344 0.861054 -0.039774 0.000001 9.617866 1.685009 17.907984 3.869012 2.170773 0.000002 22.037369 7.501089 -0.000001 0.000001 -0.000000 -4.569966 11.014922 -2.160884 -1.575158 -4.270679 -20.835002 -36.136817 52.234507 -4.855998 -0.000011 18.387796 -0.000003 -20.391730 11.633912 19.412835 -2.464792 -1.573949 2.681850 -2.591559 -5.784491 -15.442482 5.122761 -17.557621 -0.755098 -1.560141 0.883071 -1.926126 0.000002 -0.000002 0.000002 -9.108272 -0.517848 2.259838 0.302837 -2.033607 16.784891 0.000957 -0.097110 1.037273 0.031095 -0.668649 5.411842 0.000000 -0.000000 -0.000001 -9.532493 -0.000041 -0.000016 0.314013 -2.070657 16.785291 0.179174 -1.514437 13.340062 0.030841 -0.695464 5.411865 0.000000 -0.000001 0.000001 -9.103588 -0.043051 -1.865129 0.868753 -3.370611 29.045304 0.223305 -1.769323 14.469059 0.053358 -0.854255 6.921995 0.000001 0.000002 -0.000004 -8.076679 -0.486707 -3.806273 1.554365 -4.386999 39.499001 0.006419 -0.397427 4.057021 0.038882 -0.899129 6.921904 -0.000000 0.000003 -0.000002 4.570438 11.014716 -2.160866 -11.976064 19.823489 37.939454 -31.173718 -23.970815 4.826916 -0.000036 -35.351833 -0.000008 -29.224522 4.154357 -24.086080 2.466141 -1.576219 2.681743 -3.074602 10.549499 15.520751 4.126572 13.590305 1.096797 -0.821919 0.916479 2.391520 0.000001 0.000006 -0.000001 9.109299 -0.518021 2.259871 0.198724 1.645492 -13.813229 0.128709 1.332770 -11.015262 0.095101 1.135783 -9.519376 0.000003 -0.000010 0.000001 9.533403 0.000033 0.000046 0.311719 2.052224 -17.303017 0.164464 1.502536 -12.533014 0.178078 1.560157 -13.023370 0.000002 -0.000001 -0.000001 9.104536 -0.043033 -1.865068 0.769031 3.167115 -27.284898 0.387535 2.280868 -19.271696 0.325676 2.095797 -17.652417 -0.000000 0.000002 0.000003 8.077784 -0.486882 -3.806260 3.105079 7.193579 -29.988243 0.774965 -1.127155 -25.995831 0.515823 2.417274 -20.660120 -0.000004 0.000001 -0.000003 -8.207784 -6.751681 -1.599571 -20.045362 1.107836 -4.585035 51.873009 -7.623055 -0.009436 -22.915730 8.114303 -0.820538 -10.580583 -0.000004 -0.000003 0.000000 0.000002 0.000000 8.207794 -6.751699 -1.599557 -20.476695 7.888255 -1.191316 49.484311 9.901897 -2.327516 -23.023087 6.218364 3.986376 -3.737576 0.000004 -0.000000 -0.000000 0.000000 -0.000000 
-2.168354 95.451599 97.240791 -3.494878 -31.216963 0.285444 -0.000005 10.181582 0.131530 -0.871875 13.993217 5.619583 -0.914203 1.894325 -4.440369 -0.781122 1.912440 -4.460029 0.000002 16.740381 -2.049030 4.630626 1.107734 -0.155102 0.000001 9.617876 1.685003 17.581667 4.786975 2.601528 0.000001 22.037399 7.501084 -0.000002 -0.000001 0.000000 -4.569970 11.014919 -2.160882 -1.068379 -2.427918 -22.052693 -36.689437 52.649516 -4.351197 -0.000008 22.759958 0.000009 -13.855910 3.552784 18.219227 -2.464808 -1.573982 2.681845 -2.591562 -5.784490 -15.442489 5.122762 -17.557625 -0.755098 -1.560139 0.883063 -1.926110 0.000000 -0.000001 -0.000003 -9.108276 -0.517842 2.259835 0.537389 -2.685063 22.477603 0.016753 -0.464744 4.057068 0.050849 -0.851596 6.921969 -0.000001 -0.000004 -0.000000 -9.532502 -0.000023 -0.000024 0.552193 -2.720826 22.478303 0.271495 -1.870673 16.362502 0.050531 -0.878412 6.921977 0.000001 0.000000 -0.000000 -9.103571 -0.043073 -1.865127 1.203914 -3.915721 34.316178 0.318531 -2.102273 17.313782 0.076863 -1.025767 8.343112 -0.000000 -0.000003 0.000003 -8.076695 -0.486696 -3.806273 1.980808 -4.864877 44.782962 0.031750 -0.742853 6.898760 0.059439 -1.071062 8.342995 0.000001 0.000003 0.000005 4.570443 11.014704 -2.160855 -12.918944 21.785568 36.930857 -30.681958 -24.374363 7.701587 -0.000051 -35.208027 -0.000028 -24.492338 10.453119 -16.597259 2.466121 -1.576204 2.681733 -3.074601 10.549503 15.520758 4.126576 13.590307 1.096798 -0.821918 0.916481 2.391522 0.000002 0.000010 -0.000003 9.109296 -0.518038 2.259866 0.375103 2.245708 -19.004714 0.204764 1.674932 -13.921933 0.126269 1.308260 -10.972342 -0.000001 0.000004 0.000000 9.533384 0.000030 0.000039 0.524524 2.640567 -22.497241 0.249158 1.842667 -15.440138 0.219785 1.730374 -14.476869 0.000002 -0.000001 0.000001 9.104519 -0.043012 -1.865073 0.962047 3.515496 -30.595446 0.488082 2.549997 -21.656505 0.370720 2.232194 -18.844396 -0.000000 0.000007 0.000003 8.077782 -0.486886 -3.806264 3.529921 7.400215 -33.332122 0.913989 -0.875627 -28.373956 0.571867 2.549623 -21.852820 -0.000001 0.000001 -0.000004 -8.207780 -6.751658 -1.599554 -19.721288 1.725248 -6.205703 51.992732 -7.504047 -0.421878 -23.467663 10.256649 -0.187323 -10.359292 0.000002 0.000002 -0.000001 -0.000001 -0.000000 8.207795 -6.751698 -1.599555 -20.648755 7.297959 -3.335183 48.686364 9.771831 -1.971512 -20.104559 7.376119 0.861265 -5.255623 -0.000011 0.003403 0.000000 0.000001 -0.000000 
-2.496505 95.671265 96.883621 -3.004119 -32.917632 2.463560 0.000001 10.181586 0.131533 -0.724984 14.565173 4.059329 -1.024448 1.979091 -4.808764 -0.879645 1.996928 -4.832717 0.000005 16.740391 -2.049032 4.767145 1.251193 -0.217161 -0.000003 9.617897 1.685007 17.431377 5.318137 2.937780 0.000000 22.037338 7.501097 -0.000004 -0.000000 0.000000 -4.569959 11.014919 -2.160881 -0.700004 -1.143614 -23.267767 -33.445722 51.600939 -6.305121 -0.000002 27.452677 -0.000014 -7.912620 -5.227808 15.347287 -2.464800 -1.573951 2.681848 -2.591562 -5.784492 -15.442486 5.122764 -17.557626 -0.755094 -1.560144 0.883076 -1.926119 0.000003 0.000000 0.000000 -9.108288 -0.517852 2.259829 0.810708 -3.263459 27.741368 0.049296 -0.809505 6.898949 0.073842 -1.023202 8.343105 -0.000001 -0.000002 -0.000001 -9.532518 -0.000035 -0.000025 0.828741 -3.297714 27.742400 0.375452 -2.201005 19.207725 0.073453 -1.050034 8.343126 -0.000000 -0.000011 -0.000000 -9.103592 -0.043056 -1.865132 1.549147 -4.380147 39.086205 0.421105 -2.405247 19.942583 0.102351 -1.183693 9.655991 -0.000002 0.000000 -0.000001 -8.076676 -0.486695 -3.806283 2.403126 -5.261516 49.565283 0.070339 -1.060446 9.524129 0.082199 -1.229404 9.655850 -0.000003 -0.000005 -0.000003 4.570445 11.014711 -2.160852 -13.195331 22.781971 35.607299 -31.417439 -27.202461 9.145815 -0.000041 -32.814404 -0.000002 -21.139478 13.743424 -7.256048 2.466122 -1.576217 2.681733 -3.074600 10.549493 15.520749 4.126577 13.590307 1.096802 -0.821915 0.916486 2.391518 0.000001 0.000007 -0.000007 9.109278 -0.518034 2.259858 0.555451 2.713972 -23.171070 0.287243 1.976757 -16.517324 0.157788 1.461489 -12.269481 0.000001 -0.000001 0.000000 9.533413 0.000043 0.000039 0.733256 3.096934 -26.666244 0.339268 2.142286 -18.036021 0.260653 1.881408 -15.774542 0.000001 0.000003 0.000003 9.104505 -0.043026 -1.865082 1.007482 3.591050 -31.328654 0.564311 2.733946 -23.309672 0.403574 2.326173 -19.670530 0.000001 -0.000003 0.000001 8.077789 -0.486851 -3.806265 3.625573 7.442581 -34.072785 1.016391 -0.704780 -30.022161 0.612327 2.640628 -22.679493 0.000003 0.000002 -0.000003 -8.207785 -6.751667 -1.599552 -18.468881 1.879525 -7.690022 51.337140 -7.385052 -0.887819 -25.288236 11.887892 -0.065786 -9.770499 0.000019 0.000001 0.000000 0.000002 -0.000000 8.207799 -6.751690 -1.599542 -20.643466 5.004769 -5.444329 47.927875 9.540137 -2.021486 -18.619463 5.577233 -0.021497 -6.656623 0.000004 -0.000002 0.000000 -0.000003 -0.000000 
-2.883680 95.781654 96.288757 -3.015648 -32.196873 4.037273 -0.000001 10.181578 0.131522 -0.081591 14.369890 2.284099 -1.232577 1.971771 -5.055359 -1.089382 1.983851 -5.085500 -0.000000 16.740402 -2.049031 4.949959 1.231595 -0.160379 -0.000001 9.617882 1.685004 17.536890 5.301491 3.104797 0.000001 22.037369 7.501114 0.000002 -0.000002 0.000000 -4.569971 11.014905 -2.160878 -0.614866 -0.807876 -23.875555 -27.946257 49.402632 -9.745106 -0.000014 31.127699 0.000012 -3.054984 -12.195797 11.141311 -2.464800 -1.573966 2.681845 -2.591558 -5.784494 -15.442491 5.122757 -17.557619 -0.755092 -1.560135 0.883063 -1.926128 0.000003 -0.000002 0.000007 -9.108288 -0.517865 2.259839 1.102750 -3.762723 32.504283 0.094515 -1.126146 9.524475 0.098847 -1.181180 9.655949 0.000001 -0.000007 -0.000003 -9.532515 -0.000035 -0.000013 1.123578 -3.795362 32.505656 0.485965 -2.501213 21.837020 0.098412 -1.208042 9.656007 0.000000 -0.000000 0.000003 -9.103598 -0.043055 -1.865123 1.856350 -4.733995 42.950972 0.525727 -2.674824 22.319718 0.128494 -1.325878 10.842804 -0.000002 -0.000000 -0.000000 -8.076681 -0.486699 -3.806266 2.768498 -5.555923 53.440087 0.117718 -1.345767 11.897608 0.105905 -1.372016 10.842609 -0.000001 -0.000006 -0.000003 4.570438 11.014709 -2.160862 -12.656267 22.250793 34.416876 -33.713670 -31.184697 8.616010 -0.000064 -30.013706 -0.000004 -16.500374 14.305777 0.936661 2.466164 -1.576202 2.681742 -3.074597 10.549498 15.520746 4.126579 13.590307 1.096804 -0.821925 0.916469 2.391514 0.000004 0.000003 0.000002 9.109323 -0.518031 2.259872 0.661813 2.950271 -25.323232 0.363231 2.215901 -18.599343 0.185558 1.583835 -13.309850 0.000000 0.000001 0.000003 9.533409 0.000028 0.000046 0.853935 3.326287 -28.819894 0.421296 2.379426 -20.118529 0.295894 2.001815 -16.815354 0.000001 0.000000 0.000004 9.104557 -0.043035 -1.865070 0.859498 3.336333 -28.879515 0.581901 2.774341 -23.675702 0.411031 2.346907 -19.853436 -0.000001 -0.000004 -0.000000 8.077834 -0.486888 -3.806260 3.308215 7.296187 -31.598822 1.039728 -0.667381 -30.387102 0.621454 2.660699 -22.862498 0.000002 0.000007 0.000005 -8.207781 -6.751671 -1.599555 -16.729403 1.821556 -8.356652 50.398566 -7.419779 -1.343388 -27.753873 11.532286 -0.565321 -8.881490 -0.000011 -0.000007 -0.000000 0.000001 -0.000001 8.207793 -6.751704 -1.599554 -20.784153 2.141024 -6.688838 47.667211 7.795005 -2.367401 -17.894416 2.684266 -1.272872 -7.244824 0.000000 -0.000001 0.000000 0.000000 -0.000000 
-3.290261 95.719528 95.434448 -3.412784 -29.363103 4.821910 -0.000002 10.181581 0.131507 0.792448 13.168837 0.516272 -1.414888 1.831610 -4.994898 -1.291412 1.833854 -5.028468 0.000003 16.740408 -2.049025 5.100247 1.116045 -0.091334 0.000001 9.617878 1.685009 17.685127 4.868765 3.111308 0.000001 22.037338 7.501105 -0.000004 -0.000000 0.000000 -4.569968 11.014914 -2.160879 -0.970276 -1.860975 -23.826703 -23.084376 46.812692 -12.576457 -0.000010 33.547355 0.000029 0.800140 -16.089045 5.373327 -2.464796 -1.573984 2.681847 -2.591561 -5.784494 -15.442489 5.122763 -17.557626 -0.755097 -1.560144 0.883071 -1.926117 0.000001 -0.000006 -0.000001 -9.108269 -0.517888 2.259846 1.369011 -4.147971 36.363029 0.147846 -1.410310 11.898180 0.124566 -1.323465 10.842757 -0.000001 0.000002 -0.000002 -9.532503 -0.000065 -0.000022 1.392005 -4.179140 36.364692 0.597656 -2.767958 24.214672 0.124087 -1.350293 10.842825 -0.000002 0.000002 -0.000001 -9.103571 -0.043081 -1.865125 2.053814 -4.937939 45.293119 0.618567 -2.889688 24.244407 0.151799 -1.440541 11.803460 0.000003 -0.000002 -0.000002 -8.076678 -0.486731 -3.806273 2.999261 -5.722023 55.788247 0.164703 -1.575070 13.818994 0.127250 -1.487052 11.803216 0.000001 0.000003 0.000006 4.570442 11.014725 -2.160853 -11.613602 20.644190 33.532107 -37.519076 -35.092686 5.995204 -0.000041 -28.360320 -0.000002 -9.492596 13.715902 6.130402 2.466125 -1.576188 2.681731 -3.074597 10.549494 15.520753 4.126576 13.590303 1.096801 -0.821918 0.916483 2.391519 -0.000002 -0.000001 -0.000005 9.109309 -0.518020 2.259864 0.618624 2.857146 -24.470549 0.405851 2.338223 -19.674500 0.200759 1.646802 -13.846994 -0.000001 -0.000009 0.000003 9.533398 0.000029 0.000033 0.805103 3.235966 -27.966601 0.467013 2.500662 -21.193923 0.314946 2.063713 -17.352773 0.000001 0.000000 -0.000002 9.104532 -0.043027 -1.865081 0.594158 2.802779 -23.927379 0.524152 2.638875 -22.452872 0.386366 2.277538 -19.242385 -0.000001 -0.000004 0.000001 8.077795 -0.486850 -3.806272 2.687297 6.959106 -26.597865 0.962700 -0.792954 -29.167985 0.591191 2.593533 -22.251066 0.000001 0.000004 0.000001 -8.207785 -6.751656 -1.599572 -15.150085 1.626524 -7.843671 49.778747 -8.480151 -1.686672 -29.935725 9.152096 -1.380925 -7.764392 0.000002 -0.000005 -0.000000 0.000002 0.000001 8.207799 -6.751699 -1.599560 -21.017431 0.060673 -7.180812 47.523387 5.014237 -2.446113 -17.611279 0.045177 -1.143159 -6.816296 -0.000003 -0.000003 0.000000 0.000000 -0.000000 
-3.696942 95.475456 94.377869 -3.854616 -24.606031 4.835104 -0.000003 10.181563 0.131524 1.418095 10.600689 -1.093284 -1.337043 1.491879 -4.378360 -1.253164 1.484939 -4.406535 -0.000000 16.740379 -2.049020 5.051877 1.005678 -0.120177 -0.000001 9.617889 1.685003 17.647015 4.307379 2.996324 0.000002 22.037354 7.501101 -0.000003 -0.000000 -0.000000 -4.569967 11.014898 -2.160869 -1.775854 -4.382102 -23.429154 -20.320726 44.686106 -13.881612 -0.000010 34.915876 0.000023 3.655328 -16.921162 -2.457634 -2.464804 -1.573949 2.681839 -2.591555 -5.784495 -15.442494 5.122753 -17.557616 -0.755094 -1.560136 0.883063 -1.926121 0.000004 -0.000008 0.000000 -9.108306 -0.517866 2.259836 1.542749 -4.372253 38.701440 0.199602 -1.638524 13.819722 0.147545 -1.438190 11.803400 0.000001 0.000004 -0.000001 -9.532502 -0.000040 -0.000028 1.567003 -4.402458 38.703304 0.696118 -2.980292 26.139788 0.147019 -1.465049 11.803451 0.000002 -0.000001 0.000005 -9.103608 -0.043057 -1.865139 2.088635 -4.972215 45.696278 0.678293 -3.018223 25.410220 0.166859 -1.509778 12.385226 -0.000002 0.000004 0.000001 -8.076684 -0.486716 -3.806277 3.039662 -5.749627 56.192455 0.196866 -1.713116 14.982643 0.141109 -1.556551 12.384974 -0.000002 -0.000006 -0.000001 4.570434 11.014716 -2.160848 -10.527771 18.883706 33.053912 -42.310017 -38.162497 1.468336 -0.000032 -28.140200 0.000009 -1.410769 12.556241 8.741034 2.466137 -1.576232 2.681739 -3.074597 10.549497 15.520756 4.126571 13.590301 1.096805 -0.821913 0.916490 2.391516 -0.000004 -0.000003 -0.000003 9.109297 -0.518055 2.259876 0.440307 2.427031 -20.604053 0.388692 2.289871 -19.248556 0.194664 1.621861 -13.634192 0.000002 -0.000000 -0.000001 9.533408 0.000015 0.000053 0.600722 2.817557 -24.097534 0.448618 2.452727 -20.767854 0.307326 2.039215 -17.139885 0.000000 -0.000005 0.000002 9.104527 -0.043044 -1.865067 0.346863 2.161893 -18.222825 0.416205 2.361168 -19.979227 0.338736 2.136341 -18.006064 -0.000002 0.000004 -0.000004 8.077795 -0.486867 -3.806254 2.011849 6.505606 -20.841035 0.815126 -1.051922 -26.701410 0.532173 2.456669 -21.014011 -0.000001 0.000000 -0.000002 -8.207783 -6.751673 -1.599559 -14.233709 0.755274 -6.375410 49.650390 -9.896081 -1.774098 -31.432773 5.303623 -2.630310 -6.389263 0.000002 -0.000008 -0.000000 -0.000001 0.000000 8.207791 -6.751716 -1.599551 -21.745309 -1.024914 -6.908694 47.904778 2.966716 -2.198455 -17.514999 -2.617851 -0.474853 -5.972211 0.000011 -0.000000 -0.000000 0.000001 0.000000 
-4.115399 95.103195 93.196312 -4.064610 -18.177596 4.217020 -0.000002 10.181591 0.131521 1.587304 6.815198 -2.528095 -0.946014 0.966416 -3.158375 -0.908385 0.955894 -3.174038 0.000001 16.740412 -2.049039 4.734138 0.919829 -0.225099 -0.000002 9.617903 1.684992 17.413105 3.748351 2.748752 0.000003 22.037338 7.501103 -0.000004 -0.000000 -0.000000 -4.569969 11.014921 -2.160893 -2.839630 -7.791155 -22.840877 -19.014540 42.966248 -14.482344 0.000008 35.314909 -0.000008 5.824676 -15.388035 -12.020791 -2.464815 -1.573949 2.681836 -2.591561 -5.784495 -15.442489 5.122758 -17.557614 -0.755094 -1.560136 0.883063 -1.926121 0.000001 -0.000006 0.000000 -9.108314 -0.517847 2.259827 1.573556 -4.410110 39.103933 0.234659 -1.775832 14.983511 0.162390 -1.507459 12.385155 0.000001 -0.000001 0.000003 -9.532530 -0.000052 -0.000030 1.598027 -4.440147 39.105821 0.759209 -3.107220 27.305867 0.161833 -1.534321 12.385224 0.000001 -0.000003 0.000002 -9.103603 -0.043069 -1.865139 1.952667 -4.835578 44.105871 0.688818 -3.040227 25.610839 0.169531 -1.521673 12.485319 -0.000002 0.000001 0.000002 -8.076700 -0.486692 -3.806285 2.881434 -5.639009 54.597954 0.202689 -1.736777 15.182896 0.143565 -1.568521 12.485085 0.000003 -0.000001 0.000001 4.570439 11.014718 -2.160856 -9.570389 17.203877 33.353545 -47.388645 -39.753470 -4.554767 -0.000024 -28.706920 -0.000018 5.910618 10.767630 10.775549 2.466156 -1.576187 2.681743 -3.074596 10.549505 15.520748 4.126568 13.590302 1.096801 -0.821919 0.916486 2.391524 -0.000003 -0.000006 -0.000005 9.109324 -0.518038 2.259874 0.235286 1.788013 -15.033567 0.315383 2.068886 -17.316647 0.168177 1.508513 -12.668908 0.000000 -0.000004 -0.000003 9.533425 0.000030 0.000049 0.356939 2.192247 -18.523970 0.369743 2.233692 -18.835517 0.273920 1.927697 -16.174153 0.000001 -0.000001 -0.000005 9.104527 -0.043033 -1.865069 0.190695 1.612400 -13.482809 0.306776 2.035494 -17.128156 0.287628 1.972362 -16.580822 0.000000 -0.000003 0.000003 8.077817 -0.486861 -3.806255 1.487791 6.078796 -16.062151 0.658957 -1.358097 -23.857846 0.467795 2.297303 -19.587919 0.000001 0.000000 -0.000002 -8.207784 -6.751662 -1.599566 -14.117026 -1.188964 -4.446590 49.940940 -9.714276 -1.454642 -32.037357 -0.031940 -4.377073 -4.898427 0.000012 0.000002 0.000000 0.000002 0.000001 8.207793 -6.751697 -1.599555 -23.373833 -1.419092 -5.967036 49.069332 0.933725 -1.808588 -17.096226 -4.753994 0.370606 -5.108404 0.000003 0.000001 0.000000 0.000001 -0.000000 
-4.564399 94.687729 91.935646 -4.043539 -10.805739 3.160437 -0.000004 10.181586 0.131516 1.608054 2.624627 -3.907418 -0.462000 0.378150 -1.543597 -0.455692 0.370526 -1.547730 0.000002 16.740400 -2.049043 4.273946 0.792337 -0.292848 0.000001 9.617882 1.685010 17.129935 3.073302 2.311890 0.000003 22.037323 7.501096 -0.000002 -0.000001 0.000000 -4.569969 11.014944 -2.160892 -3.842326 -11.150713 -21.878810 -17.609295 40.982993 -15.638362 -0.000002 34.548521 0.000018 7.972192 -12.271042 -21.683793 -2.464804 -1.573987 2.681852 -2.591561 -5.784491 -15.442491 5.122755 -17.557621 -0.755096 -1.560140 0.883069 -1.926117 0.000006 -0.000003 -0.000001 -9.108300 -0.517883 2.259827 1.453553 -4.259455 37.516057 0.240962 -1.799393 15.183780 0.165014 -1.519362 12.485261 -0.000001 0.000003 -0.000003 -9.532524 -0.000057 -0.000024 1.477169 -4.290152 37.517823 0.770317 -3.128940 27.506560 0.164462 -1.546234 12.485330 0.000000 -0.000007 0.000005 -9.103610 -0.043069 -1.865139 1.669729 -4.524845 40.639168 0.647684 -2.953214 24.819301 0.159148 -1.474711 12.090378 0.000000 0.000002 -0.000001 -8.076700 -0.486711 -3.806283 2.547562 -5.382798 51.122272 0.180202 -1.643216 14.392850 0.134010 -1.521361 12.090120 0.000000 -0.000004 0.000001 4.570448 11.014737 -2.160866 -8.472117 14.774271 34.939290 -51.790664 -39.090293 -10.991846 -0.000039 -29.430295 -0.000008 11.729938 8.982059 14.103969 2.466117 -1.576219 2.681746 -3.074601 10.549504 15.520751 4.126577 13.590307 1.096801 -0.821917 0.916485 2.391525 -0.000002 0.000001 0.000002 9.109274 -0.518044 2.259878 0.097047 1.154263 -9.653059 0.222935 1.746236 -14.532141 0.133363 1.344333 -11.277318 0.000001 0.000003 -0.000006 9.533381 0.000045 0.000050 0.180206 1.568120 -13.141187 0.269123 1.913477 -16.050443 0.229087 1.765979 -14.781991 -0.000000 -0.000007 -0.000000 9.104494 -0.043026 -1.865067 0.111716 1.237853 -10.308653 0.228244 1.760809 -14.758123 0.248241 1.835025 -15.395779 -0.000004 -0.000007 0.000004 8.077769 -0.486856 -3.806253 1.157712 5.769232 -12.864894 0.540771 -1.618345 -21.493504 0.417307 2.163597 -18.402224 -0.000001 -0.000009 0.000001 -8.207787 -6.751689 -1.599565 -14.502698 -4.020222 -2.593871 50.377563 -9.231855 -0.710005 -32.036859 -4.873841 -5.310708 -3.571666 0.000003 -0.000003 0.000000 0.000003 -0.000001 8.207794 -6.751703 -1.599558 -25.878965 -1.339140 -4.661096 50.911482 -1.615445 -1.309872 -15.755298 -6.205421 1.187359 -4.980442 -0.003586 0.597149 -0.000000 0.000000 -0.000000 
-5.064115 94.269630 90.646057 -4.042208 -3.686090 1.958040 -0.000005 10.181583 0.131525 1.927907 -0.990453 -5.327915 -0.154320 -0.124865 0.117170 -0.153295 -0.125871 0.118824 0.000001 16.740393 -2.049036 3.893156 0.561269 -0.215258 -0.000000 9.617896 1.685004 16.913685 2.173240 1.675626 0.000002 22.037384 7.501086 -0.000001 -0.000000 -0.000000 -4.569962 11.014926 -2.160872 -4.507032 -13.763474 -20.322174 -15.172027 38.444365 -17.723887 -0.000011 32.425415 0.000002 10.441346 -8.211114 -29.555663 -2.464784 -1.573968 2.681846 -2.591560 -5.784496 -15.442484 5.122762 -17.557621 -0.755097 -1.560141 0.883069 -1.926121 0.000002 -0.000001 -0.000003 -9.108253 -0.517846 2.259821 1.206630 -3.919723 34.054849 0.216535 -1.706332 14.393628 0.154767 -1.472353 12.090291 -0.000001 -0.000001 0.000000 -9.532499 -0.000030 -0.000048 1.228339 -3.951788 34.056334 0.726902 -3.043049 26.714806 0.154233 -1.499223 12.090371 -0.000000 -0.000002 0.000005 -9.103569 -0.043055 -1.865139 1.285847 -4.033480 35.497863 0.562156 -2.761552 23.093244 0.137632 -1.372002 11.228926 -0.000000 -0.000003 0.000000 -8.076659 -0.486717 -3.806288 2.082333 -4.966453 45.967668 0.135681 -1.438115 12.669855 0.114250 -1.418302 11.228712 0.000001 -0.000006 -0.000003 4.570449 11.014729 -2.160855 -6.708191 10.667634 37.863038 -54.048038 -35.874373 -15.896908 -0.000026 -30.226217 0.000009 16.394052 8.381590 18.870344 2.466095 -1.576231 2.681740 -3.074600 10.549493 15.520748 4.126570 13.590313 1.096805 -0.821920 0.916488 2.391517 0.000003 0.000005 -0.000001 9.109282 -0.518053 2.259875 0.033847 0.683202 -5.712957 0.148556 1.430436 -11.841590 0.103516 1.184896 -9.932444 0.000001 0.000002 0.000006 9.533384 0.000020 0.000042 0.088355 1.101795 -9.199967 0.186770 1.599674 -13.359441 0.189492 1.608656 -13.436604 0.000003 0.000006 0.000003 9.104498 -0.043050 -1.865078 0.067852 0.966262 -8.028052 0.181995 1.575076 -13.170688 0.223463 1.742605 -14.601976 0.000001 0.000003 -0.000001 8.077770 -0.486895 -3.806262 0.931566 5.535677 -10.569351 0.467632 -1.795332 -19.909604 0.385038 2.073447 -17.607994 -0.000001 0.000002 -0.000001 -8.207786 -6.751676 -1.599565 -14.902774 -7.040590 -1.014316 50.701655 -8.900026 0.265931 -32.142498 -8.777477 -5.962893 -2.576684 0.000005 0.000002 0.000000 0.000002 -0.000001 8.207791 -6.751704 -1.599551 -28.687221 -0.943904 -3.455119 53.007876 -3.881466 -0.675589 -13.474759 -7.309418 1.821358 -5.802005 -0.018150 1.209682 -0.000000 -0.000002 -0.000000 
-5.612534 93.860741 89.449196 -4.247742 2.070092 0.937037 -0.000006 10.181586 0.131526 2.600224 -3.453214 -6.652055 -0.086890 -0.462528 1.473800 -0.072840 -0.456187 1.477339 0.000001 16.740406 -2.049038 3.731358 0.248031 0.048390 0.000000 9.617893 1.685014 16.815943 1.214594 0.965085 0.000001 22.037354 7.501093 0.000001 0.000000 -0.000000 -4.569965 11.014893 -2.160886 -4.769717 -15.420484 -18.330751 -12.020534 35.721189 -20.084207 -0.000001 29.310087 -0.000010 12.823586 -3.893782 -34.698191 -2.464789 -1.573982 2.681840 -2.591565 -5.784485 -15.442494 5.122762 -17.557625 -0.755096 -1.560134 0.883068 -1.926116 -0.000000 -0.000001 -0.000001 -9.108279 -0.517868 2.259819 0.879182 -3.389433 28.921340 0.167727 -1.502246 12.670470 0.133569 -1.369612 11.228870 0.000000 -0.000006 0.000006 -9.532523 -0.000050 -0.000040 0.897919 -3.423306 28.922460 0.636370 -2.853697 24.988363 0.133059 -1.396462 11.228933 -0.000001 0.000006 -0.000003 -9.103611 -0.043080 -1.865148 0.878024 -3.387327 29.202583 0.445983 -2.472470 20.531655 0.108551 -1.218978 9.950109 0.000002 -0.000004 -0.000006 -8.076694 -0.486722 -3.806283 1.566443 -4.401841 39.656655 0.080976 -1.131333 10.112335 0.087807 -1.264795 9.949958 0.000004 -0.000001 -0.000008 4.570445 11.014705 -2.160862 -3.978244 5.178338 41.437013 -53.173627 -31.058349 -17.819371 -0.000053 -31.295623 -0.000029 20.065173 9.570727 23.522350 2.466141 -1.576214 2.681744 -3.074606 10.549499 15.520755 4.126577 13.590304 1.096801 -0.821915 0.916483 2.391520 0.000001 -0.000001 0.000004 9.109278 -0.518048 2.259875 0.010009 0.371791 -3.124625 0.103546 1.197088 -9.871038 0.084019 1.067661 -8.947287 -0.000002 0.000002 -0.000001 9.533395 0.000036 0.000047 0.045571 0.792439 -6.611139 0.135873 1.367510 -11.388593 0.162837 1.492839 -12.451104 0.000006 0.000002 0.000003 9.104513 -0.043028 -1.865067 0.032529 0.669886 -5.554010 0.151964 1.440823 -12.030026 0.206436 1.675956 -14.031512 0.000001 0.000000 0.000005 8.077785 -0.486857 -3.806251 0.697167 5.272321 -8.080760 0.418112 -1.923758 -18.771332 0.362620 2.008382 -17.037282 -0.000001 -0.000003 0.000001 -8.207787 -6.751663 -1.599562 -15.147900 -9.172853 0.271355 51.025864 -8.540611 1.297731 -32.318608 -12.229181 -6.180564 -1.885011 -0.000006 -0.000001 0.000000 -0.000001 0.000001 8.207792 -6.751683 -1.599560 -31.215775 -0.248407 -2.511604 55.038525 -4.518242 0.040835 -10.749711 -9.104507 1.822284 -7.053158 -0.036983 1.915911 -0.000000 -0.000000 -0.000000 
-6.145647 93.517563 88.456093 -4.581413 5.737937 0.166324 -0.000007 10.181591 0.131523 3.300621 -4.678637 -7.439391 -0.119019 -0.630090 2.276800 -0.091256 -0.617581 2.281335 0.000003 16.740404 -2.049033 3.772568 -0.040488 0.424380 0.000000 9.617874 1.684996 16.881280 0.561124 0.414294 0.000002 22.037338 7.501101 -0.000000 0.000000 0.000000 -4.569969 11.014926 -2.160887 -4.765919 -16.221023 -16.483144 -9.173244 33.542977 -21.767818 0.000008 26.272821 0.000002 14.136656 -0.287095 -37.329566 -2.464823 -1.573967 2.681844 -2.591563 -5.784495 -15.442487 5.122763 -17.557621 -0.755095 -1.560142 0.883068 -1.926126 0.000001 -0.000010 0.000001 -9.108307 -0.517860 2.259835 0.544774 -2.702692 22.634637 0.106630 -1.196769 10.112746 0.104948 -1.216497 9.950082 0.000001 -0.000003 -0.000004 -9.532521 -0.000039 -0.000029 0.559673 -2.738411 22.635349 0.512612 -2.567740 22.426200 0.104495 -1.243333 9.950106 0.000001 -0.000003 0.000005 -9.103582 -0.043070 -1.865137 0.536422 -2.682767 22.758072 0.321398 -2.111367 17.392249 0.077561 -1.030515 8.382303 0.000002 0.000006 -0.000004 -8.076676 -0.486727 -3.806274 1.105816 -3.768031 33.197407 0.032703 -0.752351 6.977150 0.060062 -1.075801 8.382190 0.000001 -0.000002 -0.000005 4.570439 11.014709 -2.160858 -0.893550 -0.041433 44.483912 -49.614006 -26.510741 -16.898957 -0.000039 -32.542026 -0.000012 22.263550 11.725784 26.364356 2.466129 -1.576185 2.681758 -3.074603 10.549496 15.520756 4.126579 13.590315 1.096803 -0.821924 0.916476 2.391521 0.000005 0.000009 -0.000003 9.109300 -0.518024 2.259877 0.000707 0.099020 -0.862695 0.078352 1.042959 -8.576472 0.072343 0.990452 -8.300057 -0.000003 0.000006 0.000003 9.533409 0.000045 0.000054 0.019629 0.520718 -4.348944 0.106791 1.214085 -10.093903 0.146431 1.416503 -11.803668 -0.000002 0.000003 0.000002 9.104517 -0.043034 -1.865062 0.006377 0.297103 -2.456851 0.122431 1.294538 -10.792555 0.188720 1.603450 -13.412625 -0.000002 -0.000001 -0.000001 8.077775 -0.486870 -3.806246 0.420360 4.928717 -4.968012 0.367268 -2.064155 -17.536330 0.339047 1.937540 -16.418093 0.000005 0.000008 -0.000001 -8.207788 -6.751665 -1.599563 -15.266714 -9.705073 1.473583 51.282293 -8.210671 2.295349 -32.469101 -15.321380 -6.045087 -1.371114 -0.000001 0.000006 -0.000000 -0.000001 -0.000000 8.207790 -6.751695 -1.599552 -33.366229 0.606542 -1.613005 56.930955 -3.511017 0.795497 -7.911749 -11.842025 0.607821 -8.722129 -0.067013 2.576142 -0.000000 0.000000 0.000000 
-6.560905 93.318687 87.656082 -4.964189 6.814193 -0.536100 -0.000007 10.181588 0.131530 3.787412 -4.732861 -7.195873 -0.094998 -0.640438 2.411074 -0.066111 -0.624594 2.415994 0.000002 16.740389 -2.049025 3.912588 -0.186885 0.750947 0.000001 9.617887 1.685013 17.099886 0.469893 0.214378 0.000003 22.037354 7.501097 -0.000002 0.000000 -0.000000 -4.569969 11.014915 -2.160881 -4.652457 -16.310811 -15.353121 -7.519753 32.608638 -22.216413 0.000002 24.327018 -0.000014 13.433425 1.580335 -38.344679 -2.464796 -1.573964 2.681842 -2.591557 -5.784497 -15.442489 5.122751 -17.557613 -0.755094 -1.560135 0.883059 -1.926125 0.000002 -0.000002 0.000002 -9.108274 -0.517865 2.259828 0.282344 -1.965127 16.197584 0.050428 -0.818968 6.977326 0.074542 -1.027938 8.382272 -0.000001 0.000003 0.000004 -9.532510 -0.000057 -0.000037 0.293140 -2.002293 16.197959 0.378543 -2.210045 19.286195 0.074141 -1.054760 8.382305 -0.000003 0.000006 0.000003 -9.103600 -0.043086 -1.865147 0.312173 -2.064018 17.347195 0.214416 -1.734703 14.175490 0.051184 -0.836511 6.775302 -0.000002 0.000001 -0.000002 -8.076679 -0.486714 -3.806278 0.776191 -3.198088 27.775811 0.004768 -0.361704 3.763691 0.037015 -0.881347 6.775213 0.000000 -0.000002 -0.000002 4.570436 11.014696 -2.160851 1.099016 -3.127628 45.814908 -44.530508 -23.847508 -14.113964 -0.000039 -33.414607 -0.000012 22.604678 13.184875 27.113329 2.466122 -1.576212 2.681726 -3.074607 10.549494 15.520751 4.126575 13.590319 1.096806 -0.821916 0.916474 2.391514 0.000006 0.000006 -0.000003 9.109295 -0.518036 2.259870 0.004114 -0.238623 1.935614 0.059189 0.907835 -7.445231 0.062832 0.922896 -7.734441 -0.000004 -0.000002 -0.000001 9.533391 0.000033 0.000037 0.002431 0.183495 -1.550536 0.084234 1.079479 -8.962503 0.132773 1.349642 -11.237849 -0.000003 0.000001 -0.000000 9.104504 -0.043045 -1.865071 0.000511 -0.083623 0.698903 0.089884 1.110511 -9.243391 0.167644 1.512432 -12.637844 0.000004 -0.000000 0.000004 8.077769 -0.486883 -3.806257 0.158120 4.563726 -1.799508 0.307897 -2.241432 -15.990156 0.310590 1.848494 -15.642914 0.000001 -0.000004 0.000006 -8.207788 -6.751661 -1.599562 -15.298352 -8.787512 2.714349 51.362217 -7.999080 3.120322 -32.392941 -17.356646 -5.835225 -0.985393 -0.000002 0.000001 -0.000000 0.000002 -0.000001 8.207790 -6.751705 -1.599553 -35.152877 1.161408 -0.440644 58.620208 -2.711818 1.548794 -4.937838 -13.755636 -1.806765 -10.556328 -0.146508 3.801185 -0.000000 -0.000000 -0.000000 
-6.783175 93.259186 86.989731 -5.538189 4.914463 -1.225443 -0.000005 10.181580 0.131520 4.119361 -3.570477 -5.809138 0.018750 -0.484695 1.862281 0.035617 -0.470352 1.866035 0.000001 16.740400 -2.049025 4.070590 -0.150240 0.920658 0.000001 9.617871 1.685008 17.342042 0.938231 0.389569 0.000003 22.037369 7.501087 -0.000003 0.000000 -0.000000 -4.569965 11.014922 -2.160871 -4.452868 -15.727914 -15.044837 -7.361558 33.332594 -21.466108 -0.000006 23.427962 -0.000005 10.430521 1.340291 -38.866450 -2.464792 -1.573980 2.681839 -2.591561 -5.784490 -15.442489 5.122759 -17.557621 -0.755092 -1.560132 0.883064 -1.926123 -0.000003 0.000005 0.000007 -9.108280 -0.517865 2.259820 0.126994 -1.325641 10.791515 0.014363 -0.429081 3.763752 0.048725 -0.833853 6.775266 0.000001 0.000005 0.000005 -9.532511 -0.000042 -0.000037 0.134240 -1.363655 10.791683 0.261705 -1.836298 16.068898 0.048404 -0.860670 6.775292 -0.000001 0.000005 0.000002 -9.103603 -0.043072 -1.865149 0.195323 -1.639792 13.732431 0.140997 -1.413869 11.472696 0.033205 -0.672913 5.424692 0.000004 -0.000002 -0.000004 -8.076671 -0.486702 -3.806278 0.586659 -2.800848 24.154906 -0.001709 -0.032561 1.062905 0.021851 -0.717451 5.424622 -0.000003 -0.000003 0.000000 4.570439 11.014719 -2.160845 1.011099 -3.095637 45.031898 -38.868404 -23.366226 -10.385701 -0.000032 -33.428558 -0.000007 21.194984 12.894132 26.867266 2.466125 -1.576217 2.681737 -3.074605 10.549497 15.520751 4.126571 13.590301 1.096801 -0.821921 0.916485 2.391521 -0.000000 0.000005 -0.000005 9.109308 -0.518017 2.259865 0.028682 -0.629221 5.179309 0.039181 0.740165 -6.045761 0.051992 0.839168 -7.034692 0.000001 0.000003 0.000002 9.533398 0.000030 0.000034 0.003126 -0.207882 1.692997 0.059983 0.912380 -7.562916 0.116820 1.266740 -10.537910 -0.000001 -0.000002 -0.000001 9.104522 -0.043023 -1.865070 0.009140 -0.355305 2.951475 0.061855 0.922172 -7.665015 0.147433 1.419392 -11.848370 0.000003 0.000002 -0.000004 8.077790 -0.486863 -3.806265 -0.016403 4.294635 0.460087 0.252326 -2.423673 -14.414522 0.282846 1.757359 -14.853115 -0.000001 -0.000001 0.000000 -8.207787 -6.751677 -1.599564 -15.185392 -7.020958 3.759910 51.426608 -7.940037 3.606534 -31.979352 -17.339467 -5.599852 -0.762700 0.000004 -0.000003 -0.000000 0.000000 -0.000000 8.207792 -6.751710 -1.599564 -36.178368 0.842326 1.019787 60.150375 -3.415811 2.147442 -2.672805 -12.970392 -3.487811 -11.485732 -0.197976 4.415688 0.000000 0.000000 -0.000000 
-6.833916 93.277626 86.469139 -6.386955 -0.044527 -1.670266 -0.000007 10.181591 0.131519 4.429059 -1.151624 -3.778178 0.150338 -0.152370 0.715567 0.153704 -0.145723 0.716606 0.000003 16.740385 -2.049030 4.240449 0.028320 0.969817 0.000002 9.617861 1.684999 17.449146 1.835127 0.841475 0.000001 22.037369 7.501089 -0.000003 0.000000 0.000000 -4.569969 11.014900 -2.160882 -4.059667 -14.346421 -15.210165 -8.488066 35.761153 -19.883362 -0.000005 22.497562 0.000014 5.766425 -0.238241 -39.734752 -2.464807 -1.573964 2.681852 -2.591558 -5.784500 -15.442496 5.122757 -17.557621 -0.755101 -1.560146 0.883071 -1.926114 0.000001 -0.000008 -0.000001 -9.108301 -0.517867 2.259835 0.057090 -0.891210 7.179132 0.000987 -0.100227 1.062907 0.031243 -0.670209 5.424654 -0.000003 -0.000002 -0.000003 -9.532537 -0.000061 -0.000030 0.061929 -0.929608 7.179208 0.179877 -1.517497 13.365713 0.030989 -0.697016 5.424665 -0.000004 0.000009 -0.000001 -9.103595 -0.043089 -1.865136 0.146069 -1.420696 11.888515 0.100402 -1.197602 9.666243 0.023337 -0.563347 4.521828 -0.000001 0.000005 -0.000004 -8.076684 -0.486712 -3.806281 0.499746 -2.593739 22.308205 -0.000003 0.096980 0.000149 0.013871 -0.607708 4.521784 -0.000005 0.000001 0.000000 4.570430 11.014692 -2.160847 -0.760228 -0.247847 42.914994 -33.167518 -23.805690 -6.318003 -0.000040 -32.825223 -0.000002 18.453025 10.974774 26.853961 2.466156 -1.576198 2.681731 -3.074593 10.549491 15.520756 4.126567 13.590307 1.096805 -0.821910 0.916488 2.391519 -0.000004 -0.000000 0.000004 9.109331 -0.518037 2.259868 0.067856 -0.966301 7.991993 0.021140 0.545301 -4.423786 0.040687 0.741952 -6.223643 -0.000003 0.000002 0.000001 9.533418 0.000033 0.000047 0.021666 -0.546706 4.505228 0.036996 0.718022 -5.940827 0.099593 1.170408 -9.726662 0.000001 -0.000005 -0.000000 9.104549 -0.043027 -1.865069 0.015250 -0.458801 3.810539 0.045043 0.787301 -6.538508 0.133795 1.352825 -11.284917 -0.000001 0.000000 0.000003 8.077795 -0.486873 -3.806257 -0.080103 4.190250 1.321369 0.215750 -2.554656 -13.289836 0.263812 1.692090 -14.289412 0.000002 0.000000 -0.000003 -8.207789 -6.751659 -1.599553 -14.995025 -4.817912 4.055441 51.777034 -7.954623 3.768705 -31.362934 -14.720405 -5.201913 -0.765854 -0.000004 0.000003 0.000000 0.000002 -0.000000 8.207788 -6.751688 -1.599570 -35.911847 -0.637182 2.397780 61.505915 -4.313619 2.394864 -1.591411 -9.982510 -3.174009 -11.199731 -0.154551 3.913929 0.000000 -0.000001 -0.000000 
-6.798356 93.356850 86.136772 -7.364733 -7.537941 -1.631405 -0.000005 10.181580 0.131522 4.690328 2.286904 -1.876105 0.233617 0.325243 -0.787478 0.237177 0.319448 -0.789608 0.000001 16.740383 -2.049043 4.464028 0.307162 0.966305 0.000000 9.617915 1.684999 17.364311 3.082822 1.477832 0.000003 22.037369 7.501101 0.000003 0.000000 -0.000000 -4.569966 11.014911 -2.160899 -3.380790 -11.953765 -15.557147 -10.642277 39.557939 -17.713588 0.000001 20.575137 -0.000014 0.833024 -1.833075 -40.863321 -2.464811 -1.573972 2.681835 -2.591561 -5.784494 -15.442489 5.122764 -17.557621 -0.755094 -1.560140 0.883069 -1.926117 -0.000001 -0.000006 0.000000 -9.108289 -0.517865 2.259829 0.032018 -0.668070 5.336251 0.000005 0.029285 0.000108 0.021682 -0.560615 4.521829 0.000001 0.000001 0.000002 -9.532514 -0.000052 -0.000033 0.035618 -0.706603 5.336294 0.133607 -1.302384 11.559112 0.021480 -0.587404 4.521830 -0.000003 -0.000003 0.000000 -9.103598 -0.043075 -1.865144 0.128065 -1.331144 11.138556 0.082292 -1.086787 8.744625 0.018982 -0.507373 4.061149 0.000004 -0.000000 -0.000005 -8.076707 -0.486708 -3.806280 0.466331 -2.508727 21.557211 0.000005 0.096988 0.000140 0.010464 -0.551666 4.061110 0.000003 0.000003 0.000005 4.570444 11.014736 -2.160861 -3.101647 4.006279 40.522949 -27.610924 -23.099387 -2.142414 -0.000035 -32.551705 0.000003 14.916776 8.312006 27.516658 2.466141 -1.576204 2.681746 -3.074593 10.549498 15.520746 4.126568 13.590299 1.096801 -0.821913 0.916483 2.391515 -0.000001 0.000002 -0.000001 9.109312 -0.518049 2.259870 0.096793 -1.152866 9.557053 0.009971 0.375984 -3.017681 0.032001 0.657564 -5.520507 -0.000003 -0.000002 0.000001 9.533417 0.000038 0.000053 0.039156 -0.734708 6.069978 0.021546 0.549059 -4.534623 0.085761 1.086708 -9.023389 -0.000001 0.000007 0.000004 9.104530 -0.043031 -1.865071 0.013656 -0.434218 3.606374 0.039339 0.735789 -6.108919 0.128759 1.327399 -11.070021 -0.000002 0.000003 -0.000001 8.077798 -0.486852 -3.806258 -0.065106 4.215144 1.116699 0.202464 -2.604780 -12.860947 0.256741 1.667157 -14.074451 0.000001 0.000002 0.000002 -8.207787 -6.751672 -1.599558 -14.950919 -2.411096 3.285191 52.478136 -7.969457 3.581771 -30.764128 -9.783729 -4.676851 -1.112947 0.000014 -0.000001 0.000000 0.000002 -0.000000 8.207792 -6.751710 -1.599546 -34.115115 -2.653783 3.134160 62.258643 -3.534674 2.550386 -0.943224 -7.052907 -2.722205 -12.724488 -0.021375 0.426264 0.000000 0.000001 -0.000000 
-6.720907 93.529137 85.979111 -8.338649 -16.505794 -1.038526 -0.000009 10.181593 0.131521 4.791110 6.216312 -0.631090 0.287601 0.870783 -2.297550 0.312724 0.852174 -2.301684 0.000001 16.740410 -2.049019 4.770257 0.696484 0.865961 0.000000 9.617890 1.685005 17.111787 4.649869 2.252221 0.000003 22.037369 7.501095 -0.000003 -0.000000 -0.000000 -4.569973 11.014921 -2.160873 -2.448504 -8.493633 -16.211927 -13.881110 44.034896 -14.833105 -0.000005 17.770475 0.000015 -2.840126 -2.744748 -41.354968 -2.464830 -1.573974 2.681845 -2.591562 -5.784496 -15.442487 5.122760 -17.557614 -0.755088 -1.560136 0.883066 -1.926122 -0.000000 0.000000 0.000000 -9.108288 -0.517863 2.259834 0.023862 -0.577088 4.586619 0.000005 0.029283 0.000096 0.017507 -0.504615 4.061122 0.000004 -0.000001 -0.000001 -9.532505 -0.000042 -0.000024 0.026955 -0.615665 4.586650 0.112619 -1.192077 10.637353 0.017318 -0.531437 4.061140 -0.000000 0.000001 0.000000 -9.103598 -0.043089 -1.865134 0.116815 -1.271840 10.642956 0.075456 -1.041640 8.369722 0.017332 -0.484585 3.873736 0.000002 -0.000000 0.000002 -8.076689 -0.486728 -3.806268 0.444848 -2.452290 21.060919 -0.000007 0.096978 0.000148 0.009229 -0.528870 3.873712 -0.000000 -0.000001 0.000001 4.570438 11.014713 -2.160843 -5.183098 8.105387 38.214010 -22.257679 -19.610052 2.049106 -0.000034 -33.405687 -0.000001 11.331010 5.863306 28.584594 2.466160 -1.576204 2.681733 -3.074600 10.549497 15.520760 4.126576 13.590301 1.096800 -0.821914 0.916481 2.391521 0.000006 0.000003 -0.000005 9.109308 -0.518039 2.259872 0.101751 -1.181751 9.800006 0.005529 0.281679 -2.235383 0.027633 0.610568 -5.129320 -0.000000 0.000001 0.000003 9.533422 0.000037 0.000046 0.042327 -0.763823 6.312851 0.014751 0.454900 -3.752285 0.078491 1.040057 -8.632096 0.000003 0.000002 0.000001 9.104548 -0.043047 -1.865067 0.010254 -0.376179 3.124650 0.040651 0.748032 -6.211028 0.129955 1.333442 -11.121117 0.000000 0.000000 0.000000 8.077805 -0.486872 -3.806256 -0.029359 4.273674 0.633746 0.205593 -2.592860 -12.962879 0.258416 1.673093 -14.125532 0.000000 0.000003 -0.000001 -8.207788 -6.751670 -1.599554 -15.188705 0.089541 1.709274 53.290724 -7.665364 2.817169 -30.286766 -3.882792 -4.301910 -1.876062 -0.000004 -0.000001 0.000000 0.000001 -0.000000 8.207787 -6.751698 -1.599556 -31.052608 -4.225801 2.733654 62.007886 -1.543857 2.853530 -0.531556 -4.873318 -4.594519 -14.959957 0.086755 -2.041863 -0.000001 -0.000000 0.000000 
-6.608457 93.820541 85.918312 -9.208373 -25.939201 0.055098 -0.000007 10.181583 0.131525 4.768961 10.092220 -0.104538 0.367090 1.403888 -3.575485 0.432287 1.375477 -3.579462 0.000002 16.740395 -2.049034 5.125086 1.203436 0.580567 0.000000 9.617889 1.685006 16.707307 6.426374 3.103346 0.000003 22.037354 7.501091 -0.000000 -0.000000 0.000000 -4.569972 11.014934 -2.160879 -1.355086 -4.306665 -17.449388 -18.316441 48.350732 -11.022889 -0.000007 15.012049 -0.000008 -4.503452 -3.209049 -40.620600 -2.464800 -1.573966 2.681851 -2.591558 -5.784493 -15.442482 5.122761 -17.557625 -0.755099 -1.560140 0.883066 -1.926118 -0.000000 -0.000010 0.000000 -9.108289 -0.517873 2.259849 0.019142 -0.516888 4.091233 0.000007 0.029285 0.000110 0.015930 -0.481842 3.873747 0.000002 -0.000000 0.000000 -9.532516 -0.000040 -0.000014 0.021903 -0.555489 4.091260 0.104587 -1.147120 10.262416 0.015754 -0.508637 3.873738 0.000002 0.000001 0.000003 -9.103617 -0.043071 -1.865124 0.101050 -1.183584 9.907107 0.071101 -1.011763 8.121981 0.016290 -0.469535 3.749899 -0.000008 0.000000 0.000002 -8.076709 -0.486710 -3.806272 0.413875 -2.368166 20.324129 -0.000005 0.096992 0.000135 0.008432 -0.513791 3.749872 0.000002 0.000001 0.000000 4.570437 11.014743 -2.160851 -6.732617 11.365168 35.824021 -17.464321 -13.181419 6.001923 -0.000050 -35.221127 -0.000012 8.827583 4.100348 29.604485 2.466156 -1.576202 2.681720 -3.074600 10.549487 15.520743 4.126573 13.590311 1.096798 -0.821920 0.916488 2.391524 0.000003 -0.000001 -0.000003 9.109345 -0.518027 2.259858 0.092813 -1.128987 9.356195 0.004962 0.267057 -2.113956 0.026985 0.603262 -5.068613 0.000002 0.000000 0.000001 9.533442 0.000029 0.000035 0.036626 -0.710596 5.869146 0.013802 0.440260 -3.630856 0.077390 1.032822 -8.571367 -0.000004 -0.000001 0.000002 9.104546 -0.043008 -1.865084 0.009288 -0.358324 2.976405 0.043882 0.776917 -6.451898 0.132771 1.347702 -11.241605 -0.000001 0.000000 0.000003 8.077824 -0.486856 -3.806266 -0.018262 4.291626 0.485079 0.213046 -2.564744 -13.203393 0.262376 1.687067 -14.246082 0.000001 0.000007 0.000007 -8.207788 -6.751664 -1.599565 -15.670834 2.899362 0.015530 53.899560 -4.721788 1.411228 -29.913145 -0.382669 -5.628017 -2.914714 -0.000011 0.000003 0.000000 0.000001 -0.000001 8.207792 -6.751699 -1.599560 -27.508011 -5.165675 1.318502 60.696305 0.102525 2.540177 -0.330359 -2.083258 -9.120364 -16.773013 0.062476 -1.370735 -0.000000 -0.000001 -0.000000 
-6.472302 94.229767 85.820602 -9.804065 -35.017594 1.519396 -0.000001 10.181579 0.131523 4.837646 13.548596 -0.036453 0.457706 1.875733 -4.640691 0.574693 1.839852 -4.643438 -0.000000 16.740419 -2.049031 5.437110 1.758257 0.157424 0.000003 9.617897 1.685006 16.154603 8.194969 3.916671 0.000003 22.037354 7.501088 0.000001 0.000000 -0.000000 -4.569969 11.014918 -2.160877 -0.195291 -0.087206 -19.184712 -23.391096 51.885296 -6.584807 -0.000009 13.131602 -0.000014 -4.557397 -3.775641 -39.139415 -2.464811 -1.573959 2.681843 -2.591560 -5.784493 -15.442489 5.122755 -17.557618 -0.755097 -1.560141 0.883061 -1.926117 0.000002 -0.000001 -0.000001 -9.108268 -0.517881 2.259831 0.013094 -0.427467 3.355661 -0.000008 0.029284 0.000114 0.014924 -0.466780 3.749896 -0.000002 0.000000 0.000001 -9.532496 -0.000047 -0.000034 0.015357 -0.466100 3.355679 0.099448 -1.117366 10.014662 0.014751 -0.493572 3.749900 0.000003 0.000001 -0.000002 -9.103600 -0.043086 -1.865133 0.083454 -1.076407 9.015527 0.064863 -0.967383 7.754113 0.014799 -0.447180 3.566013 -0.000003 -0.000001 -0.000002 -8.076682 -0.486707 -3.806281 0.377771 -2.265705 19.431420 -0.000002 0.096980 0.000142 0.007324 -0.491409 3.565985 0.000001 0.000001 0.000003 4.570442 11.014732 -2.160850 -7.920102 14.072243 33.326361 -13.875965 -5.331683 9.394965 -0.000038 -37.056805 -0.000023 8.359249 2.909855 30.350147 2.466133 -1.576185 2.681736 -3.074602 10.549499 15.520741 4.126574 13.590306 1.096812 -0.821916 0.916476 2.391512 0.000004 0.000007 -0.000001 9.109313 -0.518039 2.259864 0.085810 -1.085913 8.994580 0.006047 0.293797 -2.335758 0.028163 0.616593 -5.179534 0.000001 -0.000000 -0.000003 9.533405 0.000032 0.000037 0.032282 -0.667188 5.507618 0.015549 0.466980 -3.852683 0.079401 1.046050 -8.682318 0.000000 -0.000003 0.000004 9.104532 -0.043026 -1.865070 0.011207 -0.393371 3.267330 0.044874 0.785812 -6.526056 0.133659 1.352079 -11.278687 -0.000005 -0.000006 0.000002 8.077781 -0.486887 -3.806258 -0.040012 4.256375 0.776785 0.215382 -2.556105 -13.277428 0.263612 1.691372 -14.283160 -0.000000 -0.000002 0.000004 -8.207786 -6.751672 -1.599563 -16.355055 6.534519 -1.441816 54.308849 -2.904589 -0.132243 -29.332859 2.896540 -6.449465 -3.910694 0.000024 0.000004 -0.000000 0.000001 -0.000000 8.207795 -6.751712 -1.599553 -24.406491 -5.532862 -0.427871 58.668463 1.185626 1.004958 0.040064 1.808592 -14.049958 -17.919855 -0.034132 0.689281 -0.000001 -0.000001 0.000000 
-6.325561 94.717415 85.600571 -9.965403 -42.801456 3.149925 -0.000006 10.181591 0.131516 5.062691 16.311754 -0.079692 0.491224 2.254463 -5.622536 0.664439 2.211913 -5.625005 0.000002 16.740404 -2.049042 5.634877 2.244845 -0.227695 0.000004 9.617874 1.685001 15.504085 9.739518 4.563206 0.000002 22.037354 7.501099 0.000002 -0.000001 0.000000 -4.569965 11.014910 -2.160894 0.868983 3.455085 -20.922203 -27.692993 54.498844 -2.515781 -0.000008 12.425971 0.000019 -4.032750 -4.797848 -37.983474 -2.464788 -1.573966 2.681851 -2.591555 -5.784493 -15.442494 5.122756 -17.557611 -0.755095 -1.560135 0.883061 -1.926120 0.000003 -0.000009 -0.000003 -9.108248 -0.517862 2.259837 0.007275 -0.318985 2.464390 0.000007 0.029290 0.000086 0.013492 -0.444407 3.565986 -0.000000 0.000003 0.000002 -9.532485 -0.000047 -0.000026 0.008940 -0.357649 2.464400 0.092040 -1.073159 9.646739 0.013337 -0.471225 3.566011 -0.000000 -0.000001 0.000003 -9.103572 -0.043078 -1.865128 0.073208 -1.008463 8.451625 0.057675 -0.913542 7.308369 0.013071 -0.420080 3.343200 -0.000002 0.000001 0.000001 -8.076672 -0.486691 -3.806283 0.355782 -2.200603 18.866842 0.000003 0.096984 0.000158 0.006073 -0.464273 3.343170 -0.000001 -0.000002 0.000000 4.570437 11.014721 -2.160867 -9.032884 16.752716 30.986379 -12.016097 1.711844 12.024469 -0.000045 -38.150066 -0.000014 9.357532 2.017147 30.918781 2.466111 -1.576202 2.681740 -3.074597 10.549488 15.520756 4.126569 13.590314 1.096806 -0.821918 0.916483 2.391516 0.000004 0.000003 0.000004 9.109276 -0.518041 2.259873 0.087502 -1.096453 9.083060 0.006983 0.315585 -2.516506 0.029158 0.627457 -5.269902 0.000001 -0.000001 0.000003 9.533370 0.000030 0.000047 0.033310 -0.677826 5.596094 0.017044 0.488755 -4.033451 0.081047 1.056825 -8.772715 0.000001 0.000004 -0.000001 9.104518 -0.043034 -1.865066 0.014733 -0.450996 3.745731 0.042894 0.768368 -6.380556 0.131952 1.343474 -11.205923 -0.000002 0.000001 0.000001 8.077760 -0.486867 -3.806256 -0.075362 4.198155 1.256410 0.210819 -2.573069 -13.132167 0.261215 1.682942 -14.210367 0.000000 0.000002 -0.000003 -8.207785 -6.751672 -1.599561 -17.056273 10.919477 -2.383695 54.266857 -2.313760 -1.182887 -28.544750 5.379372 -6.556627 -4.474509 0.000000 -0.000001 0.000000 0.000001 0.000001 8.207788 -6.751710 -1.599568 -22.273561 -4.985977 -1.904773 56.477209 2.259702 -0.859092 0.862496 5.372378 -16.892811 -18.490077 -0.075926 1.697376 -0.000001 0.000000 -0.000000 
-6.191526 95.143173 85.312035 -9.555506 -48.333724 4.766427 -0.000007 10.181581 0.131513 5.094572 18.081568 0.044899 0.466113 2.495187 -6.485227 0.687808 2.449449 -6.487603 0.000003 16.740423 -2.049032 5.739629 2.598591 -0.467289 0.000001 9.617871 1.685015 14.885234 10.951176 4.956730 0.000004 22.037354 7.501102 0.000002 -0.000000 0.000001 -4.569967 11.014931 -2.160882 1.646224 5.904384 -22.168870 -29.758619 56.322341 0.037039 -0.000003 12.860847 -0.000005 -3.776152 -6.136136 -37.778879 -2.464792 -1.573977 2.681839 -2.591553 -5.784491 -15.442494 5.122764 -17.557623 -0.755097 -1.560143 0.883070 -1.926116 0.000006 -0.000005 -0.000001 -9.108293 -0.517874 2.259834 0.004470 -0.250352 1.900669 0.000004 0.029292 0.000092 0.011866 -0.417306 3.343170 -0.000001 0.000003 0.000002 -9.532495 -0.000052 -0.000024 0.005761 -0.289034 1.900675 0.083449 -1.019524 9.200967 0.011701 -0.444114 3.343199 -0.000001 -0.000003 0.000000 -9.103583 -0.043080 -1.865134 0.076106 -1.028190 8.615242 0.053357 -0.879467 7.026443 0.012041 -0.402941 3.202264 -0.000004 0.000000 -0.000003 -8.076693 -0.486730 -3.806279 0.362082 -2.219509 19.030647 -0.000002 0.096989 0.000150 0.005334 -0.447121 3.202221 0.000001 -0.000003 0.000000 4.570446 11.014725 -2.160850 -10.121522 19.438570 29.050321 -12.000741 6.423757 13.803608 -0.000053 -38.442371 -0.000023 9.339430 1.569457 31.378664 2.466133 -1.576202 2.681730 -3.074600 10.549490 15.520744 4.126571 13.590313 1.096800 -0.821919 0.916486 2.391529 -0.000000 -0.000003 -0.000010 9.109294 -0.518035 2.259861 0.095799 -1.146960 9.507256 0.006739 0.310254 -2.472284 0.028941 0.624805 -5.247802 -0.000000 0.000001 -0.000000 9.533404 0.000028 0.000033 0.038520 -0.728734 6.020174 0.016663 0.483430 -3.989207 0.080645 1.054192 -8.750602 0.000002 -0.000000 -0.000000 9.104527 -0.043038 -1.865087 0.018148 -0.500727 4.158739 0.039759 0.739676 -6.141335 0.129146 1.329310 -11.086259 0.000002 0.000000 -0.000000 8.077795 -0.486872 -3.806262 -0.105494 4.147661 1.670400 0.203470 -2.600990 -12.893320 0.257256 1.669034 -14.090672 0.000001 0.000003 0.000006 -8.207788 -6.751677 -1.599570 -17.747258 14.858458 -2.828636 53.910325 -2.090914 -1.690623 -27.719131 6.357787 -6.218623 -4.346599 -0.000005 -0.000003 0.000000 -0.000000 -0.000000 8.207788 -6.751692 -1.599565 -21.232148 -3.620170 -2.903346 54.754232 3.325461 -1.717920 1.668008 6.721356 -17.018758 -18.570868 -0.049615 1.036183 0.000000 0.000003 -0.000000 
-6.101461 95.357437 85.057457 -8.530513 -51.001156 6.174626 -0.000001 10.181595 0.131521 4.475834 18.602473 0.464805 0.462395 2.552690 -6.999693 0.708296 2.512063 -6.999024 -0.000000 16.740385 -2.049045 5.833391 2.831477 -0.606884 0.000002 9.617905 1.684998 14.470085 11.808299 5.082192 0.000004 22.037369 7.501091 -0.000003 0.000001 0.000000 -4.569967 11.014904 -2.160888 2.045686 7.150904 -22.717583 -28.832179 57.322021 0.220372 -0.000000 14.221948 0.000001 -3.901539 -7.044982 -38.211309 -2.464796 -1.573982 2.681849 -2.591558 -5.784493 -15.442489 5.122761 -17.557626 -0.755088 -1.560137 0.883071 -1.926124 -0.000002 -0.000007 0.000001 -9.108286 -0.517883 2.259843 0.005206 -0.270276 2.064240 0.000004 0.029296 0.000095 0.010888 -0.400160 3.202254 0.000002 0.000000 0.000001 -9.532500 -0.000055 -0.000018 0.006606 -0.308950 2.064248 0.078230 -0.985573 8.919024 0.010747 -0.426977 3.202277 0.000001 0.000000 -0.000001 -9.103586 -0.043079 -1.865125 0.091095 -1.124222 9.412944 0.054591 -0.889381 7.108254 0.012345 -0.407883 3.243141 -0.000003 0.000004 0.000002 -8.076667 -0.486703 -3.806276 0.393662 -2.311440 19.829315 0.000005 0.096989 0.000147 0.005544 -0.452101 3.243119 -0.000003 0.000001 -0.000002 4.570446 11.014722 -2.160854 -10.927376 21.551549 27.560489 -13.484167 8.566857 14.690335 -0.000058 -38.158102 -0.000019 5.687585 2.182197 31.643652 2.466133 -1.576202 2.681729 -3.074598 10.549494 15.520749 4.126580 13.590311 1.096801 -0.821920 0.916476 2.391521 0.000000 0.000008 -0.000001 9.109289 -0.518057 2.259869 0.105361 -1.202393 9.973703 0.005651 0.284683 -2.260257 0.027767 0.612057 -5.141784 -0.000001 0.000001 0.000001 9.533392 0.000030 0.000035 0.044692 -0.784645 6.486497 0.014925 0.457884 -3.777169 0.078714 1.041543 -8.644555 0.000000 0.000001 0.000003 9.104518 -0.043034 -1.865083 0.020766 -0.535415 4.447115 0.037136 0.714897 -5.934818 0.126764 1.317081 -10.982942 0.000001 0.000001 -0.000005 8.077766 -0.486858 -3.806265 -0.126282 4.112285 1.959462 0.197198 -2.625119 -12.687113 0.253876 1.657030 -13.987305 0.000002 0.000003 0.000000 -8.207783 -6.751670 -1.599561 -18.632066 16.676213 -2.987001 53.603748 -1.483995 -2.015249 -27.111273 5.867100 -5.836791 -3.816944 0.000003 0.000005 0.000000 0.000001 0.000000 8.207792 -6.751704 -1.599560 -21.264737 -2.482923 -3.261519 53.833208 3.987925 -1.426326 1.664109 5.240859 -15.655125 -18.087524 0.002807 -0.055559 0.000000 -0.000000 -0.000001 
-6.073066 95.290695 84.859894 -7.289228 -50.741004 7.040811 -0.000002 10.181604 0.131514 3.347157 17.900894 0.974990 0.504845 2.433866 -7.007446 0.742346 2.404969 -7.001381 -0.000001 16.740379 -2.049033 5.954235 2.960366 -0.707961 0.000001 9.617903 1.685005 14.370318 12.272375 5.001435 0.000002 22.037354 7.501086 0.000002 0.000001 0.000000 -4.569972 11.014923 -2.160877 2.059216 7.204857 -22.519830 -25.048146 57.204767 -2.305005 0.000005 16.027602 0.000001 -3.896009 -6.722260 -38.473356 -2.464788 -1.573968 2.681843 -2.591555 -5.784494 -15.442499 5.122751 -17.557618 -0.755093 -1.560133 0.883059 -1.926127 0.000003 -0.000009 0.000006 -9.108278 -0.517867 2.259829 0.009639 -0.367371 2.861673 0.000001 0.029272 0.000108 0.011168 -0.405139 3.243146 0.000002 -0.000000 -0.000002 -9.532523 -0.000046 -0.000036 0.011574 -0.406023 2.861687 0.079743 -0.995442 9.000830 0.011009 -0.431937 3.243138 -0.000005 0.000002 0.000000 -9.103601 -0.043089 -1.865139 0.109193 -1.229997 10.293787 0.060827 -0.937550 7.507050 0.013833 -0.432154 3.442511 -0.000005 -0.000002 0.000002 -8.076683 -0.486707 -3.806279 0.430012 -2.412430 20.711290 -0.000009 0.096990 0.000137 0.006629 -0.476378 3.442491 -0.000003 -0.000003 -0.000004 4.570444 11.014714 -2.160840 -11.131867 22.363339 26.537141 -15.850480 8.674162 14.616562 -0.000045 -37.280651 -0.000012 -1.875069 4.184820 32.202491 2.466125 -1.576187 2.681741 -3.074600 10.549496 15.520756 4.126580 13.590307 1.096799 -0.821920 0.916486 2.391515 0.000001 -0.000005 -0.000003 9.109319 -0.518045 2.259873 0.112757 -1.243547 10.320259 0.004575 0.256569 -2.027127 0.026517 0.598043 -5.025199 0.000000 0.000000 0.000000 9.533405 0.000011 0.000051 0.049553 -0.826169 6.832954 0.013134 0.429814 -3.544019 0.076616 1.027634 -8.527964 0.000003 -0.000001 -0.000003 9.104534 -0.043030 -1.865073 0.023037 -0.564048 4.685061 0.035356 0.697575 -5.790590 0.125112 1.308539 -10.910826 0.000002 0.000000 -0.000001 8.077791 -0.486876 -3.806252 -0.143340 4.083018 2.197910 0.192885 -2.642003 -12.543095 0.251536 1.648648 -13.915152 -0.000000 -0.000002 -0.000004 -8.207781 -6.751666 -1.599570 -19.715795 15.627393 -3.277967 53.623559 -0.794745 -2.116047 -26.928856 4.908335 -5.456938 -3.591990 0.000004 -0.000004 0.000000 0.000002 -0.000001 8.207805 -6.751703 -1.599555 -22.192181 -2.638371 -2.817975 53.702123 4.097261 -0.932294 0.586318 2.234401 -14.551773 -16.788723 0.015902 -0.338234 0.000000 -0.000000 -0.000000 
-6.097230 94.980347 84.669952 -6.620434 -48.007535 7.063527 -0.000002 10.181591 0.131516 2.571654 16.412460 1.106220 0.491534 2.220040 -6.622881 0.697458 2.199826 -6.615139 0.000004 16.740395 -2.049038 6.048437 2.957733 -0.725937 -0.000000 9.617902 1.685023 14.553893 12.261377 4.820265 0.000004 22.037369 7.501105 0.000000 -0.000001 0.000001 -4.569961 11.014915 -2.160895 1.695097 6.098729 -21.566172 -19.510174 55.614696 -6.862763 0.000002 17.777188 0.000000 -3.404300 -5.208828 -38.146221 -2.464800 -1.573968 2.681847 -2.591558 -5.784496 -15.442489 5.122763 -17.557621 -0.755097 -1.560143 0.883066 -1.926108 0.000001 -0.000006 0.000002 -9.108275 -0.517872 2.259837 0.016120 -0.474466 3.742192 0.000004 0.029284 0.000105 0.012564 -0.429389 3.442478 0.000005 -0.000003 0.000001 -9.532499 -0.000043 -0.000014 0.018648 -0.513085 3.742215 0.087218 -1.043449 9.399672 0.012430 -0.456193 3.442495 -0.000004 -0.000000 -0.000004 -9.103585 -0.043073 -1.865121 0.118538 -1.281049 10.719904 0.068087 -0.990707 7.947416 0.015565 -0.458931 3.662656 -0.000003 0.000002 0.000004 -8.076676 -0.486711 -3.806272 0.448147 -2.461066 21.137991 -0.000000 0.096978 0.000132 0.007891 -0.503179 3.662610 0.000001 -0.000000 0.000002 4.570442 11.014727 -2.160868 -10.653551 21.546262 26.162283 -18.655938 7.297979 13.514953 -0.000039 -35.830773 -0.000004 -10.817497 6.600923 33.623034 2.466133 -1.576189 2.681721 -3.074605 10.549491 15.520749 4.126574 13.590309 1.096803 -0.821916 0.916485 2.391516 0.000002 0.000002 -0.000010 9.109279 -0.518026 2.259866 0.118280 -1.273342 10.571529 0.003851 0.235695 -1.853945 0.025619 0.587629 -4.938605 0.000002 -0.000000 -0.000000 9.533385 0.000045 0.000032 0.053231 -0.856261 7.084175 0.011897 0.408949 -3.370818 0.075064 1.017307 -8.441347 -0.000000 -0.000000 0.000001 9.104493 -0.043019 -1.865090 0.025798 -0.596546 4.955367 0.033896 0.683298 -5.671631 0.123756 1.301494 -10.851324 -0.000007 -0.000003 0.000004 8.077768 -0.486850 -3.806266 -0.162533 4.049677 2.468773 0.189355 -2.655927 -12.424343 0.249604 1.641745 -13.855615 0.000002 0.000003 -0.000002 -8.207787 -6.751680 -1.599572 -20.563169 12.252401 -4.228486 54.036345 -0.715017 -1.610367 -27.225230 4.474954 -4.979011 -3.969729 0.000016 -0.000002 0.000000 0.000002 -0.000000 8.207795 -6.751700 -1.599562 -23.496956 -4.164425 -1.798300 54.029648 4.155045 -0.995880 -0.959410 -0.271172 -14.322073 -14.714488 0.006021 -0.129831 -0.000002 0.000000 0.000001 
-6.161044 94.607292 84.410820 -6.906011 -43.607479 6.442758 -0.000007 10.181595 0.131508 2.857743 14.761162 0.540568 0.318054 2.012511 -6.112446 0.487555 1.990525 -6.111103 0.000001 16.740395 -2.049033 6.033596 2.798487 -0.587436 0.000003 9.617853 1.685014 14.879316 11.763707 4.610777 0.000002 22.037369 7.501094 0.000005 -0.000001 0.000000 -4.569967 11.014890 -2.160881 1.050551 4.030551 -20.071894 -14.090580 52.328972 -11.625695 -0.000008 19.586239 0.000015 -2.723169 -3.656052 -37.496550 -2.464811 -1.573953 2.681852 -2.591561 -5.784492 -15.442487 5.122767 -17.557630 -0.755099 -1.560145 0.883076 -1.926121 0.000007 -0.000006 0.000002 -9.108287 -0.517870 2.259836 0.019829 -0.526245 4.168144 0.000000 0.029297 0.000102 0.014239 -0.456166 3.662640 0.000004 0.000003 -0.000005 -9.532516 -0.000033 -0.000017 0.022640 -0.564842 4.168171 0.095914 -1.096402 9.840099 0.014063 -0.482969 3.662634 0.000001 -0.000006 0.000003 -9.103601 -0.043060 -1.865137 0.116338 -1.269271 10.621595 0.071766 -1.016403 8.160434 0.016460 -0.471886 3.769132 0.000004 -0.000002 0.000002 -8.076694 -0.486696 -3.806273 0.443934 -2.449853 21.039541 0.000001 0.096999 0.000123 0.008554 -0.516133 3.769105 0.000005 -0.000002 0.000001 4.570441 11.014712 -2.160847 -9.682880 19.430039 26.597306 -21.897940 4.772877 11.399602 -0.000047 -34.523249 -0.000018 -17.967352 7.624282 34.656779 2.466156 -1.576210 2.681732 -3.074599 10.549502 15.520748 4.126571 13.590299 1.096804 -0.821920 0.916481 2.391519 0.000000 0.000007 -0.000001 9.109297 -0.518063 2.259858 0.123803 -1.302504 10.817621 0.003353 0.220539 -1.728346 0.024967 0.580087 -4.875814 -0.000001 -0.000002 0.000003 9.533405 0.000012 0.000036 0.056976 -0.885701 7.330191 0.011038 0.393822 -3.245251 0.073954 1.009802 -8.378515 -0.000001 0.000001 -0.000002 9.104539 -0.043028 -1.865074 0.029336 -0.636368 5.286682 0.032321 0.667063 -5.536471 0.122221 1.293489 -10.783716 -0.000000 0.000002 0.000001 8.077782 -0.486853 -3.806259 -0.185887 4.008682 2.800770 0.185373 -2.671737 -12.289372 0.247437 1.633886 -13.788006 -0.000001 -0.000000 0.000006 -8.207781 -6.751672 -1.599574 -20.689372 7.854729 -5.928975 54.594173 -1.547154 -0.402848 -27.811584 4.727166 -4.558309 -4.598964 -0.000018 -0.000008 0.000001 0.000007 0.000000 8.207786 -6.751720 -1.599571 -24.389870 -5.675209 -0.741132 54.093411 4.825218 -1.208071 -2.096003 -0.997615 -14.045568 -12.381302 0.037165 -0.865452 -0.000000 -0.000001 0.000000 
-6.266944 94.373116 84.052315 -7.528620 -38.336189 5.798847 -0.000001 10.181585 0.131525 3.847196 13.316896 -0.536016 0.028743 1.850507 -5.620609 0.167349 1.820333 -5.630009 0.000001 16.740410 -2.049023 5.900466 2.526955 -0.332476 0.000002 9.617918 1.685006 15.215631 10.932339 4.362249 0.000002 22.037369 7.501106 0.000002 -0.000001 -0.000000 -4.569973 11.014923 -2.160872 0.342957 1.547047 -18.580283 -10.501034 47.428864 -14.694378 0.000005 22.259139 -0.000014 -2.446231 -3.512852 -36.761830 -2.464818 -1.573949 2.681834 -2.591557 -5.784500 -15.442493 5.122760 -17.557621 -0.755094 -1.560143 0.883080 -1.926110 0.000003 -0.000015 -0.000008 -9.108296 -0.517856 2.259818 0.018951 -0.514302 4.069864 0.000002 0.029278 0.000121 0.015094 -0.469118 3.769096 0.000001 0.000002 -0.000001 -9.532483 -0.000053 -0.000028 0.021694 -0.552904 4.069889 0.100233 -1.121998 10.053130 0.014908 -0.495915 3.769123 -0.000001 0.000001 0.000000 -9.103589 -0.043077 -1.865140 0.111036 -1.240236 10.379195 0.070909 -1.010477 8.111291 0.016244 -0.468891 3.744568 -0.000002 -0.000001 -0.000004 -8.076676 -0.486706 -3.806293 0.433618 -2.422175 20.796825 0.000001 0.096984 0.000126 0.008405 -0.513135 3.744538 0.000003 -0.000001 -0.000001 4.570434 11.014712 -2.160844 -8.542160 16.828813 27.713417 -25.704418 1.412357 8.370120 -0.000035 -34.596510 0.000001 -22.298679 6.422624 32.766176 2.466125 -1.576217 2.681727 -3.074603 10.549501 15.520746 4.126574 13.590309 1.096800 -0.821915 0.916478 2.391523 0.000001 0.000003 0.000004 9.109272 -0.518021 2.259858 0.130798 -1.338431 11.121097 0.002916 0.205702 -1.605370 0.024339 0.572686 -4.814299 -0.000001 -0.000008 -0.000001 9.533384 0.000030 0.000027 0.061775 -0.921985 7.633587 0.010198 0.379005 -3.122261 0.072875 1.002454 -8.316998 0.000002 -0.000002 0.000002 9.104515 -0.043037 -1.865085 0.032212 -0.666380 5.536668 0.030417 0.647174 -5.370816 0.120348 1.283655 -10.700846 -0.000001 -0.000001 0.000003 8.077761 -0.486843 -3.806275 -0.203320 3.977683 3.051226 0.180547 -2.691148 -12.123966 0.244771 1.624238 -13.705092 0.000002 -0.000001 0.000002 -8.207776 -6.751675 -1.599556 -20.277503 3.554637 -7.648113 54.909912 -3.118125 1.009658 -28.364473 4.975555 -4.479257 -5.001396 0.000003 0.000001 -0.000000 0.000003 0.000000 8.207794 -6.751699 -1.599546 -24.618671 -5.139940 0.298850 53.536047 5.737942 -0.810560 -2.568318 0.353449 -12.220212 -10.244143 0.111337 -3.324586 -0.000001 0.000000 -0.000001 
-6.407179 94.267929 83.737083 -7.564046 -32.564768 5.456345 -0.000006 10.181588 0.131506 4.416315 11.988915 -1.584832 -0.221959 1.693425 -5.084886 -0.110956 1.659640 -5.101396 0.000003 16.740376 -2.049037 5.744921 2.236902 -0.105081 0.000001 9.617863 1.685005 15.534920 9.985731 4.019645 0.000003 22.037338 7.501101 0.000000 0.000001 -0.000000 -4.569967 11.014882 -2.160881 -0.242819 -0.633312 -17.621330 -9.289379 41.445462 -15.507724 0.000003 26.299507 -0.000015 -2.947494 -5.308578 -35.353892 -2.464800 -1.573969 2.681852 -2.591563 -5.784493 -15.442489 5.122763 -17.557625 -0.755091 -1.560129 0.883069 -1.926116 -0.000007 0.000003 0.000002 -9.108272 -0.517862 2.259826 0.016829 -0.484847 3.827560 0.000005 0.029283 0.000104 0.014878 -0.466119 3.744547 -0.000001 -0.000004 -0.000005 -9.532513 -0.000066 -0.000024 0.019411 -0.523462 3.827583 0.099226 -1.116084 10.003997 0.014699 -0.492929 3.744551 -0.000000 -0.000002 0.000005 -9.103596 -0.043073 -1.865136 0.110952 -1.239832 10.375909 0.068841 -0.995870 7.990144 0.015737 -0.461505 3.683980 0.000003 -0.000005 -0.000007 -8.076664 -0.486705 -3.806279 0.433474 -2.421808 20.793538 0.000004 0.096982 0.000141 0.008030 -0.505770 3.683965 -0.000002 -0.000003 0.000000 4.570447 11.014716 -2.160859 -7.566337 14.556164 29.173538 -29.768550 -2.411130 4.629231 -0.000054 -36.607318 -0.000010 -25.727702 3.935617 26.435947 2.466145 -1.576200 2.681739 -3.074605 10.549491 15.520751 4.126574 13.590310 1.096805 -0.821920 0.916479 2.391519 0.000004 0.000011 -0.000001 9.109296 -0.518038 2.259871 0.138574 -1.377252 11.449207 0.002411 0.187416 -1.453726 0.023583 0.563568 -4.738456 -0.000000 0.000001 -0.000000 9.533371 0.000028 0.000043 0.067154 -0.961202 7.961595 0.009230 0.360722 -2.970571 0.071558 0.993399 -8.241156 -0.000002 0.000001 0.000002 9.104516 -0.043035 -1.865064 0.028047 -0.622167 5.168456 0.029021 0.632153 -5.245812 0.118953 1.276243 -10.638327 0.000002 0.000007 -0.000002 8.077774 -0.486863 -3.806247 -0.177584 4.023327 2.682296 0.176951 -2.705811 -11.999154 0.242771 1.616958 -13.642547 0.000000 0.000002 0.000001 -8.207788 -6.751656 -1.599578 -20.061358 -0.249330 -8.448895 54.948066 -5.205885 1.932341 -28.820523 4.366683 -4.758516 -5.028463 0.000006 -0.000010 0.000000 0.000002 -0.000000 8.207792 -6.751692 -1.599570 -24.833547 -2.808393 1.706330 53.428827 5.976855 -0.710403 -2.921771 3.200531 -8.160969 -10.474044 0.162003 -3.994573 0.000001 0.000000 -0.000000 
-6.531795 94.095703 83.714073 -6.894344 -26.267719 5.168820 -0.000010 10.181583 0.131518 3.938646 10.460500 -2.255266 -0.349378 1.483930 -4.395519 -0.267653 1.456061 -4.411987 0.000002 16.740379 -2.049031 5.688625 1.982009 -0.008308 0.000001 9.617868 1.685004 15.917348 9.003670 3.558401 0.000003 22.037369 7.501093 -0.000000 -0.000000 0.000000 -4.569970 11.014915 -2.160888 -0.668215 -2.156650 -17.269464 -9.852746 35.425165 -14.976715 0.000010 30.935429 -0.000008 -4.064282 -8.437917 -32.076085 -2.464792 -1.573982 2.681844 -2.591562 -5.784495 -15.442498 5.122764 -17.557628 -0.755100 -1.560140 0.883069 -1.926118 -0.000002 -0.000004 0.000000 -9.108249 -0.517875 2.259833 0.016806 -0.484453 3.824297 0.000005 0.029290 0.000108 0.014414 -0.458782 3.683995 -0.000001 0.000000 -0.000002 -9.532490 -0.000059 -0.000032 0.019383 -0.523064 3.824319 0.096762 -1.101530 9.882800 0.014239 -0.485563 3.683985 0.000001 0.000003 -0.000001 -9.103581 -0.043074 -1.865137 0.116912 -1.272337 10.647100 0.068817 -0.995668 7.988492 0.015731 -0.461413 3.683177 -0.000000 -0.000002 -0.000006 -8.076671 -0.486716 -3.806280 0.445037 -2.452776 21.065101 0.000000 0.096975 0.000122 0.008024 -0.505658 3.683142 -0.000001 0.000006 -0.000003 4.570441 11.014729 -2.160862 -6.948317 12.975327 30.729219 -33.279923 -6.505071 0.587555 -0.000061 -39.561453 -0.000026 -30.219875 2.508597 16.313043 2.466141 -1.576202 2.681729 -3.074599 10.549500 15.520748 4.126571 13.590304 1.096800 -0.821916 0.916491 2.391519 -0.000002 -0.000003 0.000002 9.109308 -0.518035 2.259866 0.139500 -1.381847 11.488140 0.001909 0.167628 -1.289749 0.022763 0.553708 -4.656464 0.000000 -0.000002 0.000002 9.533402 0.000027 0.000048 0.067802 -0.965843 8.000516 0.008241 0.340974 -2.806620 0.070141 0.983616 -8.159154 0.000000 0.000000 -0.000000 9.104542 -0.043031 -1.865081 0.011033 -0.390311 3.241979 0.031101 0.654284 -5.429921 0.121013 1.287165 -10.730430 -0.000001 -0.000004 0.000001 8.077803 -0.486868 -3.806257 -0.038116 4.259444 0.751368 0.182267 -2.684217 -12.183000 0.245712 1.627687 -13.734678 0.000002 -0.000003 -0.000007 -8.207790 -6.751685 -1.599568 -20.419557 -3.504594 -8.195229 55.210366 -7.635438 2.227119 -29.026579 2.506796 -4.677702 -4.927023 0.000016 0.000002 -0.000000 0.000004 -0.000000 8.207785 -6.751705 -1.599567 -25.504650 -0.627878 3.543198 55.470357 5.739602 -2.006808 -3.885780 6.128254 -2.570208 -11.836486 0.226885 -4.699700 -0.000000 -0.000001 -0.000000 
-6.599461 93.729759 84.069939 -6.231794 -19.383493 4.586450 -0.000007 10.181586 0.131527 2.904108 8.568431 -2.706280 -0.418529 1.212881 -3.542731 -0.366889 1.194995 -3.555235 0.000002 16.740398 -2.049025 5.765513 1.732464 -0.026630 0.000003 9.617862 1.685012 16.456485 7.857066 3.017095 0.000002 22.037354 7.501096 0.000003 0.000000 -0.000000 -4.569965 11.014915 -2.160874 -1.024078 -3.326910 -17.157196 -11.342479 30.739010 -14.352830 0.000004 34.560323 -0.000012 -5.173070 -12.076037 -26.173053 -2.464792 -1.573976 2.681838 -2.591555 -5.784505 -15.442494 5.122760 -17.557616 -0.755096 -1.560135 0.883063 -1.926117 0.000002 -0.000002 0.000002 -9.108294 -0.517870 2.259828 0.019178 -0.517408 4.095369 0.000020 0.029290 0.000094 0.014382 -0.458664 3.683153 0.000002 0.000000 0.000001 -9.532506 -0.000047 -0.000035 0.021940 -0.556009 4.095395 0.096727 -1.101345 9.881160 0.014227 -0.485469 3.683176 -0.000004 0.000003 -0.000004 -9.103597 -0.043087 -1.865136 0.125766 -1.319180 11.038463 0.071113 -1.012000 8.124023 0.016307 -0.469671 3.750944 -0.000002 0.000000 -0.000003 -8.076700 -0.486710 -3.806296 0.461944 -2.497355 21.456985 0.000005 0.096981 0.000124 0.008435 -0.513907 3.750903 0.000000 0.000003 -0.000005 4.570444 11.014732 -2.160851 -6.619173 11.915430 32.318843 -35.547856 -10.960037 -3.153120 -0.000054 -41.663802 -0.000016 -34.311623 3.247184 4.910144 2.466156 -1.576204 2.681741 -3.074596 10.549493 15.520749 4.126575 13.590309 1.096803 -0.821918 0.916483 2.391521 0.000005 0.000002 0.000000 9.109308 -0.518042 2.259872 0.115985 -1.261087 10.468064 0.001856 0.165294 -1.270291 0.022679 0.552543 -4.646754 0.000000 0.000002 -0.000001 9.533401 0.000028 0.000053 0.051711 -0.843856 6.980726 0.008122 0.338630 -2.787169 0.069981 0.982454 -8.149425 -0.000001 0.000000 -0.000001 9.104540 -0.043036 -1.865066 0.001137 0.124726 -1.027526 0.043084 0.769897 -6.393241 0.132086 1.344218 -11.212249 -0.000002 0.000002 -0.000009 8.077812 -0.486858 -3.806242 0.299072 4.765201 -3.532522 0.211217 -2.571589 -13.144800 0.261417 1.683666 -14.216716 -0.000003 0.000003 0.000002 -8.207788 -6.751670 -1.599557 -20.901808 -6.445859 -7.480357 56.110967 -9.842451 2.268210 -28.884392 -0.533094 -4.043504 -4.992776 0.000003 -0.000004 -0.000000 0.000004 0.000000 8.207788 -6.751710 -1.599549 -26.006792 1.088075 5.542168 59.551880 5.814891 -3.645588 -5.494082 7.927659 3.149782 -13.510253 0.268151 -5.067061 -0.000000 0.000000 0.000001 
-6.652727 93.303772 84.589737 -6.065854 -12.002777 3.813788 -0.000005 10.181578 0.131530 2.108136 6.483957 -3.369433 -0.518267 0.921345 -2.585931 -0.492425 0.910161 -2.594854 0.000001 16.740412 -2.049026 5.899866 1.429465 -0.111454 0.000001 9.617896 1.685004 17.117824 6.337341 2.480003 0.000002 22.037338 7.501109 -0.000001 -0.000000 0.000000 -4.569970 11.014915 -2.160877 -1.453936 -4.756393 -16.967030 -13.406770 28.447454 -14.107244 -0.000016 36.308732 0.000011 -5.712195 -15.788588 -18.127734 -2.464792 -1.573978 2.681830 -2.591559 -5.784491 -15.442489 5.122758 -17.557616 -0.755096 -1.560137 0.883066 -1.926112 0.000004 0.000000 0.000004 -9.108268 -0.517868 2.259824 0.022865 -0.564918 4.486568 0.000000 0.029298 0.000089 0.014927 -0.466902 3.750934 -0.000002 0.000002 0.000007 -9.532500 -0.000058 -0.000037 0.025888 -0.603500 4.486599 0.099492 -1.117613 10.016726 0.014756 -0.493715 3.750941 0.000001 -0.000003 -0.000002 -9.103584 -0.043069 -1.865146 0.140856 -1.395388 11.676458 0.074572 -1.035609 8.319707 0.017118 -0.481554 3.848736 -0.000002 0.000000 0.000004 -8.076674 -0.486709 -3.806287 0.490177 -2.569732 22.095840 0.000009 0.096979 0.000126 0.009047 -0.525817 3.848702 0.000000 -0.000006 0.000002 4.570445 11.014722 -2.160852 -6.375967 11.056342 33.885665 -36.614168 -15.816404 -6.001609 -0.000053 -42.016793 -0.000011 -35.040110 3.499530 -5.448631 2.466103 -1.576214 2.681729 -3.074603 10.549494 15.520753 4.126577 13.590315 1.096807 -0.821923 0.916481 2.391516 -0.000002 0.000003 0.000000 9.109259 -0.518045 2.259854 0.058591 -0.898203 7.422434 0.003561 0.226781 -1.780061 0.025235 0.583203 -4.901669 0.000002 -0.000002 0.000006 9.533372 0.000048 0.000038 0.016554 -0.478170 3.935793 0.011373 0.400053 -3.296970 0.074416 1.012890 -8.404380 0.000001 0.000001 0.000002 9.104495 -0.043014 -1.865085 0.058169 0.894900 -7.431025 0.076553 1.025314 -8.528478 0.158337 1.470341 -12.280264 -0.000000 0.000000 -0.000001 8.077755 -0.486860 -3.806277 0.873957 5.473061 -9.968630 0.282106 -2.323793 -15.276521 0.297869 1.807262 -15.285176 0.000000 0.000001 -0.000000 -8.207788 -6.751667 -1.599558 -21.000962 -9.707257 -6.836183 57.193586 -9.886964 2.187332 -28.366505 -5.519230 -3.888127 -5.205613 -0.000026 -0.000001 0.000000 0.000003 -0.000000 8.207790 -6.751693 -1.599551 -25.557357 2.607995 7.182787 63.397468 6.561381 -4.029955 -6.932129 8.512556 7.026212 -14.970728 0.293433 -5.255402 -0.000001 -0.000000 0.000000 
-6.753375 93.096275 84.970490 -5.969501 -4.396177 3.183403 -0.000006 10.181581 0.131517 1.589853 4.588153 -4.408660 -0.593734 0.659085 -1.573137 -0.585658 0.650663 -1.579525 0.000001 16.740387 -2.049029 5.996529 1.061941 -0.292237 0.000001 9.617874 1.685012 17.702134 4.334102 2.035852 0.000002 22.037369 7.501086 0.000003 -0.000000 0.000000 -4.569971 11.014900 -2.160879 -2.025865 -6.743143 -16.847387 -16.276720 28.645069 -13.615407 -0.000005 36.964366 0.000014 -5.566454 -19.283531 -9.524462 -2.464815 -1.573983 2.681833 -2.591558 -5.784496 -15.442493 5.122756 -17.557618 -0.755090 -1.560133 0.883063 -1.926121 -0.000003 0.000002 0.000000 -9.108307 -0.517870 2.259824 0.029602 -0.642359 5.124289 -0.000010 0.029293 0.000081 0.015723 -0.478792 3.848729 -0.000001 0.000002 0.000001 -9.532523 -0.000051 -0.000032 0.033058 -0.680904 5.124329 0.103529 -1.141105 10.212381 0.015542 -0.505603 3.848734 0.000001 -0.000001 -0.000001 -9.103593 -0.043069 -1.865141 0.179336 -1.572211 13.162107 0.080345 -1.074034 8.638613 0.018507 -0.500932 4.008153 0.000001 -0.000003 0.000001 -8.076697 -0.486698 -3.806290 0.559061 -2.737084 23.583673 -0.000001 0.096974 0.000118 0.010117 -0.545242 4.008132 0.000000 -0.000002 0.000005 4.570446 11.014714 -2.160859 -6.216978 10.501952 35.195640 -37.202510 -20.959301 -7.694365 -0.000063 -41.344545 -0.000017 -32.115491 0.201221 -13.143314 2.466133 -1.576194 2.681736 -3.074599 10.549500 15.520748 4.126573 13.590311 1.096808 -0.821919 0.916481 2.391526 -0.000002 0.000001 0.000002 9.109292 -0.518042 2.259871 0.004274 -0.243320 1.974523 0.011888 0.410288 -3.302380 0.033699 0.674666 -5.662903 -0.000000 -0.000000 0.000006 9.533383 0.000034 0.000047 0.002308 0.178806 -1.511632 0.024343 0.583307 -4.819340 0.088461 1.103668 -9.165775 -0.000001 0.000004 0.000005 9.104526 -0.043030 -1.865071 0.220371 1.731432 -14.500054 0.144549 1.405581 -11.731389 0.202088 1.658474 -13.882192 0.000002 0.000003 -0.000001 8.077807 -0.486863 -3.806260 1.597194 6.174069 -17.087318 0.405570 -1.957514 -18.473316 0.356859 1.991303 -16.887854 0.000000 -0.000000 0.000008 -8.207787 -6.751672 -1.599565 -21.001688 -13.432958 -6.456112 57.772506 -9.913637 1.897183 -26.973990 -10.201249 -2.669992 -5.503093 -0.000445 0.209347 -0.000000 -0.000002 0.000000 8.207792 -6.751699 -1.599556 -24.759256 3.985628 8.363256 64.853507 7.146339 -3.174842 -7.794435 8.673241 7.723172 -16.279443 0.343065 -5.659776 0.000000 -0.000002 -0.000001 
-6.829529 93.224701 85.158112 -5.360467 3.123479 2.649762 -0.000005 10.181582 0.131527 0.803694 3.146369 -5.440735 -0.470710 0.450610 -0.562230 -0.472112 0.444870 -0.565756 0.000001 16.740374 -2.049031 6.029959 0.673724 -0.648751 -0.000005 9.617904 1.685004 18.000424 1.915003 1.727618 0.000002 22.037354 7.501103 0.000004 0.000000 0.000000 -4.569970 11.014920 -2.160876 -2.685258 -8.955086 -17.257767 -20.267564 30.415693 -11.858994 -0.000000 38.094646 -0.000011 -4.913961 -22.123258 -2.141803 -2.464792 -1.573974 2.681843 -2.591559 -5.784499 -15.442491 5.122762 -17.557625 -0.755100 -1.560139 0.883069 -1.926116 0.000000 -0.000004 -0.000001 -9.108287 -0.517889 2.259841 0.048573 -0.822294 6.609157 -0.000008 0.029291 0.000063 0.017069 -0.498195 4.008152 0.000005 -0.000003 0.000007 -9.532512 -0.000048 -0.000026 0.053027 -0.860738 6.609220 0.110311 -1.179363 10.531341 0.016874 -0.524984 4.008139 0.000003 -0.000009 -0.000001 -9.103584 -0.043073 -1.865133 0.272027 -1.929555 16.194271 0.094597 -1.163373 9.381191 0.021952 -0.546039 4.379350 0.000001 -0.000006 0.000001 -8.076663 -0.486736 -3.806286 0.713018 -3.072716 26.620818 0.000001 0.096977 0.000274 0.012784 -0.590389 4.379312 -0.000000 0.000005 0.000002 4.570436 11.014729 -2.160855 -6.501875 10.895343 35.895263 -38.241939 -26.547538 -8.607384 -0.000048 -41.122848 -0.000020 -27.579001 -5.356137 -16.749833 2.466144 -1.576217 2.681735 -3.074599 10.549500 15.520761 4.126574 13.590307 1.096802 -0.821919 0.916483 2.391520 0.000001 0.000004 -0.000007 9.109314 -0.518061 2.259868 0.025896 0.597893 -5.002962 0.038945 0.737842 -6.026293 0.051834 0.838004 -7.024958 -0.000001 0.000000 -0.000003 9.533417 0.000010 0.000043 0.075209 1.017131 -8.489788 0.059679 0.910042 -7.543450 0.116603 1.265600 -10.528195 -0.000001 -0.000000 -0.000001 9.104549 -0.043047 -1.865073 0.428328 2.394935 -20.271551 0.244133 1.820022 -15.266788 0.256463 1.864603 -15.650149 -0.000001 -0.000003 -0.000001 8.077811 -0.486881 -3.806253 2.249101 6.676258 -22.907893 0.565240 -1.562054 -22.000990 0.427905 2.192368 -18.656737 -0.000001 -0.000004 -0.000002 -8.207786 -6.751660 -1.599565 -21.310617 -16.854214 -6.246003 57.512822 -9.861828 1.648856 -24.392680 -14.362599 0.192395 -7.275378 -0.058937 1.840775 0.000000 0.000001 -0.000000 8.207790 -6.751688 -1.599550 -24.794802 5.372300 9.536592 63.584553 7.171981 -2.517904 -8.638529 9.139002 6.229269 -17.259145 0.421514 -6.293495 -0.000000 -0.000001 0.000001 
-6.685197 93.549355 85.279427 -4.432648 10.567537 1.794584 -0.000008 10.181583 0.131517 -0.367762 2.119387 -5.774393 -0.066225 0.292830 0.327015 -0.070669 0.291251 0.326567 0.000004 16.740385 -2.049040 6.049324 0.304323 -1.185655 -0.000002 9.617915 1.685012 18.003518 -0.734103 1.524704 0.000002 22.037384 7.501094 0.000004 0.000000 -0.000000 -4.569968 11.014923 -2.160884 -3.282550 -10.606466 -18.380357 -24.781560 32.457571 -8.895885 -0.000000 40.397608 -0.000019 -3.624461 -23.779551 3.169720 -2.464777 -1.573968 2.681849 -2.591560 -5.784498 -15.442491 5.122759 -17.557623 -0.755093 -1.560139 0.883069 -1.926128 0.000005 -0.000003 0.000004 -9.108257 -0.517862 2.259830 0.101725 -1.187579 9.639408 0.000002 0.029280 0.000069 0.020354 -0.543282 4.379329 0.000001 -0.000005 0.000006 -9.532483 -0.000054 -0.000024 0.108206 -1.225739 9.639545 0.126925 -1.268314 11.274010 0.020159 -0.570102 4.379352 0.000000 -0.000005 0.000000 -9.103569 -0.043087 -1.865135 0.454815 -2.477944 20.945468 0.127307 -1.345024 10.896590 0.029872 -0.637987 5.136747 -0.000000 -0.000003 0.000000 -8.076673 -0.486707 -3.806278 0.989412 -3.580656 31.381031 -0.001080 0.037636 0.487154 0.019126 -0.682468 5.136699 0.000000 -0.000006 -0.000000 4.570450 11.014727 -2.160854 -7.565885 12.762452 35.843696 -40.400531 -32.859740 -9.596733 -0.000056 -42.456302 -0.000012 -23.538773 -8.702723 -16.970269 2.466114 -1.576185 2.681740 -3.074600 10.549495 15.520746 4.126576 13.590309 1.096803 -0.821918 0.916474 2.391520 0.000001 0.000006 0.000004 9.109282 -0.518056 2.259870 0.141287 1.390464 -11.645473 0.096290 1.154854 -9.515931 0.080746 1.046489 -8.769771 0.000000 0.000004 0.000000 9.533392 0.000029 0.000043 0.238801 1.801188 -15.134352 0.127563 1.325493 -11.033442 0.158251 1.471916 -12.273500 0.000000 -0.000002 -0.000000 9.104530 -0.043048 -1.865076 0.574491 2.758112 -23.522096 0.344214 2.153110 -18.152249 0.305523 2.031421 -17.092781 0.000001 -0.000003 0.000001 8.077760 -0.486886 -3.806258 2.637824 6.929150 -26.188726 0.713310 -1.247197 -24.879333 0.490459 2.354725 -20.100171 -0.000001 0.000001 -0.000005 -8.207788 -6.751686 -1.599565 -21.394837 -19.089551 -6.051649 56.990648 -9.026830 1.970714 -22.273875 -17.444769 4.023991 -9.391714 0.060037 -0.976315 -0.000000 0.000003 -0.000000 8.207788 -6.751702 -1.599565 -26.141062 6.921307 10.835220 61.564340 9.402789 -2.682581 -12.214007 9.516077 4.676236 -14.426058 0.055971 -2.305894 -0.000000 0.000001 0.000001 
-6.218606 93.874527 85.349518 -3.916408 18.175729 0.449765 -0.000005 10.181597 0.131506 -1.358995 1.379864 -4.979914 0.479432 0.182756 0.981000 0.475471 0.184567 0.982548 0.000000 16.740385 -2.049038 6.140589 -0.066786 -1.789831 -0.000001 9.617874 1.685020 17.938759 -3.498158 1.346817 -0.000003 22.037338 7.501103 -0.000001 -0.000001 0.000000 -4.569973 11.014891 -2.160889 -3.572439 -11.006117 -19.723233 -27.828841 34.139714 -6.659437 0.000008 43.125207 -0.000033 -1.168165 -23.867944 7.075539 -2.464777 -1.573972 2.681847 -2.591557 -5.784494 -15.442493 5.122761 -17.557614 -0.755089 -1.560132 0.883063 -1.926119 -0.000001 0.000007 0.000009 -9.108242 -0.517863 2.259832 0.223608 -1.752647 14.386800 0.000164 -0.030072 0.487178 0.028004 -0.635280 5.136750 0.000001 -0.000002 -0.000001 -9.532479 -0.000043 -0.000022 0.233222 -1.790132 14.387097 0.164385 -1.449059 12.789602 0.027774 -0.662081 5.136760 -0.000000 -0.000003 0.000003 -9.103565 -0.043066 -1.865127 0.738411 -3.123277 26.744577 0.188139 -1.627650 13.270276 0.044732 -0.781779 6.322998 -0.000000 -0.000002 -0.000001 -8.076645 -0.486717 -3.806277 1.382365 -4.166345 37.192829 0.000876 -0.251516 2.859258 0.031509 -0.826500 6.322919 -0.000001 -0.000002 -0.000001 4.570437 11.014703 -2.160863 -9.187069 15.709944 35.466744 -43.982703 -39.265887 -11.580442 -0.000077 -45.838571 -0.000013 -21.070218 -7.449918 -16.354565 2.466141 -1.576213 2.681730 -3.074599 10.549496 15.520746 4.126577 13.590313 1.096807 -0.821919 0.916485 2.391513 0.000002 0.000006 0.000007 9.109305 -0.518022 2.259866 0.273760 1.925847 -16.220596 0.174373 1.547810 -12.838039 0.114135 1.244022 -10.430539 -0.000000 -0.000002 -0.000002 9.533416 0.000032 0.000039 0.403769 2.327489 -19.711564 0.215564 1.716335 -14.356048 0.203721 1.667033 -13.934873 -0.000000 -0.000004 -0.000001 9.104530 -0.043029 -1.865077 0.620149 2.860563 -24.453605 0.407891 2.338213 -19.776751 0.334972 2.124743 -17.904866 0.000000 -0.000004 -0.000005 8.077786 -0.486875 -3.806260 2.751842 6.997481 -27.129172 0.803534 -1.073407 -26.499503 0.527465 2.445387 -20.912724 0.000001 0.000000 0.000005 -8.207785 -6.751660 -1.599575 -20.196215 -19.406514 -5.456641 56.495189 -7.985530 3.181576 -20.827842 -17.733078 7.192745 -10.362070 0.132687 -3.335226 -0.000000 0.000002 -0.000000 8.207789 -6.751698 -1.599562 -28.194748 8.356181 11.550689 59.432051 10.281425 -3.049591 -16.128906 14.379708 6.443643 -9.974044 0.000014 -0.000009 -0.000001 -0.000001 -0.000001 
-5.507010 94.139565 85.339005 -4.160857 26.028891 -1.005035 -0.000008 10.181592 0.131522 -1.736950 1.073021 -3.336208 0.911092 0.146943 1.417088 0.907438 0.148897 1.419498 0.000002 16.740398 -2.049045 6.381780 -0.511407 -2.324050 -0.000001 9.617874 1.685026 18.098794 -6.464802 1.112843 -0.000004 22.037369 7.501092 0.000000 0.000002 0.000000 -4.569963 11.014897 -2.160893 -3.407542 -10.204607 -20.413888 -27.570979 35.905157 -7.575605 -0.000001 45.077896 -0.000013 2.237046 -22.468073 11.045313 -2.464808 -1.573984 2.681841 -2.591562 -5.784493 -15.442489 5.122756 -17.557621 -0.755094 -1.560135 0.883063 -1.926125 0.000003 -0.000006 -0.000004 -9.108308 -0.517879 2.259830 0.434930 -2.424999 20.179620 0.008173 -0.319026 2.859267 0.042423 -0.779097 6.322962 0.000001 0.000003 0.000000 -9.532525 -0.000036 -0.000032 0.448283 -2.461323 20.180195 0.232629 -1.729985 15.163554 0.042145 -0.805902 6.322972 -0.000000 0.000001 0.000002 -9.103599 -0.043072 -1.865139 1.071431 -3.713529 32.325052 0.278105 -1.968476 16.165623 0.066868 -0.956631 7.769608 -0.000000 -0.000003 -0.000001 -8.076721 -0.486710 -3.806283 1.814573 -4.689067 42.786815 0.019458 -0.603616 5.751927 0.050635 -1.001730 7.769480 -0.000001 0.000004 -0.000007 4.570441 11.014700 -2.160863 -10.779038 18.507929 35.634285 -49.133417 -43.980650 -15.377812 -0.000074 -51.291063 -0.000033 -18.606161 -3.323714 -16.552021 2.466148 -1.576198 2.681738 -3.074602 10.549499 15.520748 4.126577 13.590311 1.096805 -0.821919 0.916481 2.391520 -0.000002 0.000002 -0.000006 9.109321 -0.518047 2.259870 0.344119 2.153496 -18.197379 0.241315 1.815404 -15.125572 0.140458 1.379416 -11.573933 0.000000 -0.000005 -0.000002 9.533417 0.000033 0.000046 0.487937 2.550410 -21.689435 0.289262 1.982117 -16.643991 0.238305 1.800549 -15.078708 0.000002 0.000004 0.000003 9.104533 -0.043047 -1.865071 0.615429 2.850211 -24.359072 0.427098 2.390898 -20.242155 0.343664 2.151431 -18.137520 0.000001 -0.000005 0.000000 8.077800 -0.486872 -3.806253 2.740224 6.990663 -27.033718 0.830280 -1.024098 -26.963632 0.538298 2.471273 -21.145508 -0.000001 -0.000003 -0.000005 -8.207790 -6.751654 -1.599563 -17.573409 -17.741889 -4.030604 55.840628 -6.955189 4.696772 -19.517016 -15.508272 9.144046 -12.079718 0.149183 -3.844205 0.000000 -0.000001 -0.000000 8.207788 -6.751689 -1.599553 -30.156931 8.944297 11.344218 57.684895 10.217815 -3.030760 -18.525008 21.614730 11.058085 -6.269793 -0.000020 0.000005 0.000000 0.000001 -0.000001 
-4.644748 94.366905 85.356766 -4.810378 34.034454 -1.976080 -0.000007 10.181574 0.131508 -1.771238 1.588796 -1.683203 1.061682 0.229903 1.716556 1.055313 0.228940 1.720205 -0.000007 16.740406 -2.049024 6.769523 -1.063300 -2.707294 0.000002 9.617884 1.685002 18.664110 -9.656410 0.792656 -0.000003 22.037369 7.501095 0.000001 0.000001 -0.000000 -4.569986 11.014915 -2.160867 -3.041663 -9.186736 -20.007586 -24.456522 38.452736 -12.053115 0.000005 45.887024 -0.000031 4.971505 -20.328135 15.617851 -2.464789 -1.573957 2.681848 -2.591558 -5.784486 -15.442491 5.122758 -17.557616 -0.755079 -1.560142 0.883073 -1.926129 0.000004 -0.000006 -0.000001 -9.108275 -0.517856 2.259838 0.701248 -3.048011 25.753066 0.034105 -0.670566 5.752064 0.064048 -0.954033 7.769595 -0.000002 -0.000002 -0.000002 -9.532490 -0.000007 -0.000023 0.718077 -3.082870 25.753974 0.331519 -2.068324 18.059404 0.063700 -0.980852 7.769619 -0.000001 0.000001 -0.000001 -9.103570 -0.043060 -1.865127 1.359144 -4.134615 36.527237 0.380741 -2.291399 18.949796 0.092297 -1.124133 9.160229 -0.000000 0.000000 -0.000001 -8.076687 -0.486694 -3.806280 2.172463 -5.053156 46.999703 0.054057 -0.940723 8.532712 0.073190 -1.169667 9.160065 0.000001 0.000003 -0.000000 4.570428 11.014718 -2.160844 -12.049735 20.284479 37.025653 -55.495441 -45.446299 -21.173240 -0.000100 -58.173513 -0.000065 -12.748382 0.070756 -17.785903 2.466133 -1.576213 2.681729 -3.074597 10.549503 15.520749 4.126578 13.590308 1.096807 -0.821920 0.916480 2.391516 0.000000 0.000000 0.000000 9.109314 -0.518031 2.259864 0.352597 2.179153 -18.421577 0.273515 1.930072 -16.113757 0.152659 1.437692 -12.067810 -0.000001 -0.000005 -0.000000 9.533414 0.000029 0.000033 0.497979 2.575482 -21.913752 0.324365 2.095986 -17.632393 0.254075 1.857971 -15.572787 -0.000001 0.000001 -0.000003 9.104541 -0.043021 -1.865083 0.629405 2.880794 -24.638366 0.425119 2.385550 -20.194918 0.342777 2.148712 -18.113896 0.000001 0.000001 -0.000001 8.077800 -0.486857 -3.806266 2.774587 7.010818 -27.315721 0.827545 -1.029077 -26.916524 0.537197 2.468648 -21.121875 -0.000000 -0.000000 -0.000002 -8.207789 -6.751678 -1.599573 -14.613581 -16.062862 -2.292981 54.947929 -6.522388 5.240825 -18.372085 -11.676112 10.247008 -13.276287 0.200154 -4.452623 0.000000 0.000000 -0.000000 8.207791 -6.751722 -1.599578 -31.335156 8.606635 10.344782 56.390749 10.060485 -2.747576 -19.690537 26.629444 15.304941 -4.654202 0.000028 -0.000015 -0.000000 0.000001 0.000000 
-3.662203 94.553955 85.515579 -5.473159 42.082848 -1.907482 -0.000008 10.181594 0.131520 -2.010496 3.083527 -0.681311 0.957353 0.439918 1.812739 0.946048 0.435447 1.819270 0.000005 16.740379 -2.049018 7.177461 -1.601675 -2.886292 -0.000006 9.617896 1.685016 19.658628 -12.439642 0.478413 0.000008 22.037354 7.501100 -0.000003 0.000001 0.000000 -4.569965 11.014928 -2.160867 -2.891924 -9.080946 -19.091813 -20.925003 42.379988 -17.339019 0.000008 46.242710 -0.000016 5.854086 -18.585819 18.875148 -2.464823 -1.573978 2.681856 -2.591562 -5.784490 -15.442489 5.122762 -17.557621 -0.755090 -1.560136 0.883064 -1.926122 -0.000001 -0.000005 0.000001 -9.108302 -0.517850 2.259840 0.940926 -3.497948 29.949153 0.075742 -1.006809 8.532978 0.088976 -1.121584 9.160187 0.000001 0.000001 0.000002 -9.532512 -0.000034 -0.000021 0.960272 -3.531481 29.950345 0.442607 -2.388435 20.844011 0.088565 -1.148437 9.160213 -0.000003 0.000001 0.000001 -9.103603 -0.043065 -1.865129 1.550234 -4.381472 39.100497 0.468230 -2.530781 21.044696 0.114104 -1.249696 10.206266 -0.000000 -0.000001 -0.000002 -8.076695 -0.486701 -3.806273 2.404428 -5.262639 49.579643 0.090849 -1.192975 10.624588 0.092832 -1.295579 10.206085 0.000003 0.000001 0.000000 4.570439 11.014717 -2.160836 -13.220113 21.446160 39.531024 -61.629152 -43.831755 -27.791978 -0.000144 -65.195050 -0.000130 -1.777010 0.442047 -19.017642 2.466137 -1.576217 2.681746 -3.074600 10.549491 15.520748 4.126578 13.590309 1.096804 -0.821927 0.916471 2.391517 0.000005 0.000006 0.000000 9.109302 -0.518061 2.259886 0.350778 2.173654 -18.373569 0.277295 1.943050 -16.225833 0.154065 1.444316 -12.123828 -0.000006 0.000002 0.000004 9.533403 0.000015 0.000056 0.495824 2.570106 -21.865717 0.328467 2.108838 -17.744487 0.255881 1.864487 -15.628817 0.000003 -0.000004 0.000006 9.104524 -0.043030 -1.865068 0.693272 3.015957 -25.880244 0.430968 2.401327 -20.334460 0.345385 2.156699 -18.183657 0.000001 0.000003 0.000007 8.077794 -0.486894 -3.806250 2.928607 7.098474 -28.569694 0.835638 -1.014343 -27.055680 0.540464 2.476408 -21.191666 -0.000002 0.000003 -0.000006 -8.207785 -6.751663 -1.599566 -12.345136 -16.017361 -1.348812 54.394404 -6.865569 4.765668 -17.547775 -7.961204 10.517340 -13.984351 0.167660 -4.074826 0.000000 -0.000002 -0.000000 8.207789 -6.751685 -1.599560 -31.229831 7.615871 8.604769 55.268327 9.950288 -2.803829 -20.667150 27.126200 17.419154 -4.036247 0.000009 0.000002 0.000000 -0.000000 -0.000002 
-2.582826 94.634956 85.738594 -6.212550 50.096374 -0.500891 -0.000004 10.181582 0.131519 -2.614224 5.116327 -0.337642 0.771441 0.711307 1.551609 0.756798 0.705529 1.562386 0.000015 16.740395 -2.049032 7.446442 -1.845869 -2.807299 -0.000002 9.617887 1.685013 20.939302 -13.433745 0.399615 0.000003 22.037338 7.501079 0.000005 0.000001 -0.000000 -4.569951 11.014923 -2.160883 -3.050652 -9.760859 -19.104941 -19.111795 47.599233 -19.721801 -0.000004 47.125590 0.000007 5.835793 -17.124054 16.768774 -2.464792 -1.573980 2.681844 -2.591559 -5.784495 -15.442484 5.122758 -17.557614 -0.755094 -1.560136 0.883061 -1.926115 -0.000000 0.000000 -0.000005 -9.108287 -0.517847 2.259827 1.103678 -3.764195 32.518558 0.117780 -1.258176 10.625044 0.110421 -1.247214 10.206228 0.000001 -0.000001 -0.000001 -9.532525 -0.000048 -0.000032 1.124519 -3.796829 32.519934 0.536369 -2.625461 22.939342 0.109954 -1.274055 10.206280 0.000000 -0.000001 0.000005 -9.103582 -0.043069 -1.865134 1.695807 -4.555136 40.968745 0.526063 -2.675636 22.326845 0.128576 -1.326294 10.846368 -0.000002 -0.000001 0.000008 -8.076678 -0.486708 -3.806278 2.578623 -5.408024 51.452730 0.117866 -1.346615 11.904730 0.105992 -1.372442 10.846184 0.000001 -0.000002 0.000002 4.570454 11.014714 -2.160855 -14.720176 22.976572 42.313848 -65.766594 -40.778531 -33.449830 -0.000169 -71.194217 -0.000117 12.727610 -1.065001 -18.580222 2.466145 -1.576227 2.681734 -3.074601 10.549494 15.520751 4.126578 13.590312 1.096801 -0.821915 0.916483 2.391517 0.000005 0.000003 -0.000003 9.109311 -0.518038 2.259856 0.380099 2.260152 -19.131544 0.276491 1.940274 -16.201839 0.153771 1.442899 -12.111817 0.000002 0.000002 -0.000003 9.533413 0.000025 0.000020 0.530393 2.654666 -22.624119 0.327582 2.106080 -17.720485 0.255507 1.863095 -15.616819 0.000001 0.000006 0.000003 9.104527 -0.043038 -1.865081 0.784961 3.197716 -27.571626 0.457336 2.471270 -20.954891 0.357171 2.192185 -18.493748 -0.000002 -0.000002 0.000002 8.077803 -0.486887 -3.806262 3.141403 7.212439 -30.277829 0.872004 -0.949010 -27.674354 0.555091 2.510817 -21.501967 0.000002 0.000006 0.000001 -8.207788 -6.751688 -1.599563 -11.429417 -16.540208 -1.891708 55.014312 -6.978953 4.721064 -15.327201 -6.970481 11.169460 -16.544643 0.151107 -3.869072 0.000000 0.000000 -0.000000 8.207789 -6.751707 -1.599560 -29.928198 6.301768 6.245785 54.143169 9.862993 -3.366674 -22.035172 23.480020 17.374854 -3.311177 -0.000003 0.000014 0.000000 -0.000000 -0.000001 
-1.487440 94.525208 85.812248 -7.558917 58.088416 2.400829 -0.000001 10.181586 0.131517 -3.216999 6.919188 -0.314493 0.647548 0.943337 0.968414 0.633958 0.939456 0.982634 0.000007 16.740385 -2.049037 7.529127 -1.568602 -2.445871 -0.000000 9.617894 1.685010 22.145666 -11.537146 0.765427 0.000008 22.037384 7.501088 -0.000001 0.000001 -0.000000 -4.569966 11.014898 -2.160882 -3.254897 -9.560196 -21.145385 -19.386488 52.220505 -18.215915 -0.000003 49.013683 0.000001 6.887133 -14.724025 6.922646 -2.464781 -1.573964 2.681854 -2.591558 -5.784494 -15.442484 5.122755 -17.557619 -0.755097 -1.560129 0.883059 -1.926118 0.000003 -0.000003 -0.000008 -9.108281 -0.517872 2.259831 1.229208 -3.952679 34.383941 0.148017 -1.411156 11.905277 0.124650 -1.323879 10.846311 0.000004 0.000001 0.000001 -9.532495 -0.000045 -0.000024 1.251102 -3.984614 34.385460 0.598013 -2.768736 24.221779 0.124157 -1.350737 10.846375 0.000002 0.000003 0.000000 -9.103590 -0.043067 -1.865129 1.885792 -4.765506 43.306739 0.570062 -2.779886 23.257402 0.139606 -1.381787 11.310852 0.000002 0.000004 0.000004 -8.076677 -0.486710 -3.806279 2.803101 -5.581771 53.796773 0.139647 -1.457666 12.833729 0.116065 -1.428126 11.310640 -0.000002 0.000006 -0.000002 4.570448 11.014691 -2.160853 -16.598531 25.115038 44.547761 -66.820683 -37.709823 -36.893065 -0.000268 -75.820509 -0.000258 27.176486 -1.680209 -16.671638 2.466137 -1.576187 2.681720 -3.074600 10.549493 15.520744 4.126581 13.590313 1.096805 -0.821916 0.916479 2.391518 -0.000004 0.000003 0.000004 9.109317 -0.518042 2.259856 0.445132 2.439853 -20.717789 0.289431 1.984077 -16.580706 0.158607 1.465218 -12.301154 0.000001 -0.000002 0.000001 9.533412 0.000031 0.000037 0.606337 2.830061 -24.211368 0.341631 2.149558 -18.099409 0.261700 1.885069 -15.806231 -0.000001 -0.000004 0.000001 9.104542 -0.043030 -1.865083 0.843648 3.307510 -28.606161 0.494476 2.566014 -21.799732 0.373501 2.240372 -18.915982 0.000001 0.000002 -0.000003 8.077802 -0.486871 -3.806263 3.273177 7.279004 -31.322725 0.922663 -0.860705 -28.516764 0.575327 2.557533 -21.924456 -0.000002 -0.000000 -0.000000 -8.207784 -6.751665 -1.599566 -12.151246 -15.766255 -3.870690 57.608329 -6.328969 6.345569 -10.883073 -9.177318 11.834211 -20.872056 0.134090 -3.461301 0.000000 0.000000 -0.000000 8.207799 -6.751715 -1.599562 -28.138166 5.320412 3.605732 53.168528 9.522745 -3.784233 -23.122041 17.294765 14.906973 -2.174195 0.000007 -0.000002 0.000000 -0.000000 -0.000000 
-0.534871 94.252296 85.620399 -10.819861 66.324163 7.687758 -0.000001 10.181590 0.131515 -3.313705 8.122089 -0.272177 0.598636 1.091165 0.164377 0.592967 1.091061 0.179240 0.000008 16.740423 -2.049036 7.502795 -0.857053 -1.803496 -0.000019 9.617929 1.685003 22.749866 -7.166087 1.588266 0.000003 22.037338 7.501087 0.000001 0.000001 -0.000001 -4.569963 11.014935 -2.160886 -2.934568 -7.252313 -24.621787 -19.233370 54.082087 -16.478759 -0.000002 51.595382 0.000004 9.647652 -11.917778 -7.617234 -2.464823 -1.573978 2.681837 -2.591564 -5.784490 -15.442487 5.122762 -17.557614 -0.755106 -1.560142 0.883058 -1.926115 0.000003 -0.000005 -0.000003 -9.108306 -0.517879 2.259809 1.394810 -4.182515 36.718230 0.172099 -1.521720 12.834355 0.135527 -1.379408 11.310790 -0.000003 0.000004 -0.000005 -9.532531 -0.000067 -0.000051 1.418001 -4.213537 36.719930 0.644757 -2.871831 25.152532 0.135015 -1.406233 11.310862 0.000000 -0.000001 0.000005 -9.103617 -0.043091 -1.865142 2.099595 -4.982894 45.822452 0.627470 -2.909278 24.421514 0.154057 -1.451077 11.891851 -0.000002 -0.000000 -0.000004 -8.076709 -0.486721 -3.806292 3.052333 -5.758230 56.318933 0.169403 -1.596072 13.995782 0.129319 -1.497659 11.891625 -0.000000 -0.000003 0.000000 4.570440 11.014735 -2.160857 -18.294313 27.143213 45.964827 -65.064020 -34.910033 -37.825933 -0.000339 -79.102675 -0.000326 38.231796 -0.901794 -14.556622 2.466130 -1.576219 2.681735 -3.074602 10.549494 15.520746 4.126574 13.590305 1.096807 -0.821920 0.916485 2.391517 0.000000 -0.000006 -0.000003 9.109300 -0.518041 2.259866 0.511203 2.608061 -22.217992 0.317437 2.075435 -17.373493 0.168933 1.511870 -12.697320 0.000002 -0.000004 -0.000001 9.533415 0.000034 0.000042 0.682591 2.993917 -25.712527 0.371962 2.240184 -18.892372 0.274877 1.930985 -16.202556 0.000002 0.000004 -0.000001 9.104537 -0.043050 -1.865078 0.820803 3.265319 -28.207450 0.517875 2.623679 -22.316373 0.383651 2.269771 -19.174185 0.000002 -0.000006 0.000005 8.077799 -0.486891 -3.806281 3.222247 7.253636 -30.920020 0.954282 -0.807077 -29.031883 0.587855 2.586020 -22.182802 -0.000001 0.000001 -0.000001 -8.207785 -6.751670 -1.599564 -13.993228 -13.222445 -6.798477 62.070184 -5.255463 9.253956 -4.861654 -11.845949 11.006630 -24.695141 0.010488 -0.260665 -0.000001 -0.000000 -0.000000 8.207802 -6.751691 -1.599560 -26.320643 4.844570 0.829433 52.445239 8.993086 -3.679666 -23.140005 9.834018 10.423552 -1.164658 0.000024 -0.000002 0.000000 0.000000 -0.000000 
0.154656 93.888138 85.267136 -19.668658 75.153241 18.724153 -0.000002 10.181599 0.131522 -2.873534 9.082039 0.264728 0.706676 1.198329 -1.042559 0.723029 1.202695 -1.025902 0.000004 16.740398 -2.049034 7.454744 -0.054545 -0.911306 -0.000005 9.617861 1.685010 22.256749 -2.016464 2.712321 0.000003 22.037369 7.501093 -0.000002 -0.000000 0.000000 -4.569967 11.014918 -2.160884 -1.992145 -4.142369 -27.480400 -16.183841 53.489855 -19.116217 0.000024 53.776603 -0.000033 11.023387 -8.634375 -20.038411 -2.464812 -1.573984 2.681864 -2.591562 -5.784485 -15.442493 5.122763 -17.557614 -0.755093 -1.560134 0.883052 -1.926128 -0.000001 -0.000006 -0.000005 -9.108294 -0.517866 2.259851 1.583265 -4.421912 39.229909 0.204755 -1.659433 13.996526 0.149743 -1.448727 11.891786 -0.000002 -0.000003 0.000004 -9.532513 -0.000050 -0.000002 1.607798 -4.451893 39.231811 0.705535 -2.999670 26.316925 0.149208 -1.475578 11.891853 -0.000003 -0.000001 0.000000 -9.103607 -0.043066 -1.865105 2.127925 -5.010312 46.147869 0.692122 -3.047107 25.673646 0.170369 -1.525388 12.516671 0.000001 -0.000001 0.000004 -8.076694 -0.486706 -3.806254 3.085137 -5.780232 56.645173 0.204524 -1.744186 15.245571 0.144343 -1.572249 12.516402 -0.000001 0.000002 -0.000004 4.570447 11.014714 -2.160855 -19.207535 28.245301 46.705568 -62.667156 -32.315042 -37.230262 -0.000375 -80.637220 -0.000316 44.722822 0.084806 -12.035633 2.466145 -1.576215 2.681737 -3.074601 10.549495 15.520748 4.126573 13.590312 1.096807 -0.821913 0.916481 2.391521 -0.000000 0.000002 -0.000001 9.109290 -0.518031 2.259868 0.527829 2.648471 -22.580863 0.345100 2.161476 -18.123157 0.179003 1.555892 -13.071917 0.000002 0.000001 0.000003 9.533404 0.000023 0.000049 0.701681 3.033239 -26.075630 0.401774 2.325470 -19.642212 0.287639 1.974332 -16.577325 -0.000002 -0.000003 0.000002 9.104536 -0.043035 -1.865059 0.725044 3.080491 -26.477775 0.508792 2.601480 -22.117273 0.379736 2.258458 -19.074669 0.000001 -0.000005 -0.000001 8.077791 -0.486867 -3.806255 3.003381 7.139463 -29.173121 0.942049 -0.827703 -28.833377 0.583017 2.575040 -22.083240 -0.000001 -0.000000 -0.000003 -8.207786 -6.751672 -1.599559 -16.348041 -10.348254 -8.576687 67.611284 -5.832758 9.823987 0.235506 -11.212462 7.524077 -25.162169 -0.050473 2.223345 -0.000001 -0.000001 0.000000 8.207792 -6.751692 -1.599558 -24.592443 4.021898 -2.260982 51.805691 9.115383 -3.300828 -22.788935 1.234483 6.048092 -0.732921 -0.000036 -0.000000 0.000000 0.000000 -0.000000 
0.629431 93.590607 84.920372 -58.140155 83.515824 59.257806 -0.000008 10.181586 0.131521 -2.544683 10.316275 1.562655 1.278548 1.316284 -2.812827 1.336217 1.325860 -2.782136 -0.000001 16.740376 -2.049032 7.439612 0.603168 0.075048 -0.000000 9.617867 1.685010 20.510826 2.508988 3.867639 -0.000004 22.037323 7.501090 -0.000003 -0.000000 -0.000000 -4.569965 11.014919 -2.160883 -1.645626 -3.205437 -27.979810 -12.484905 53.517452 -24.931275 -0.000003 54.003929 -0.000001 7.246044 -3.198555 -25.846481 -2.464800 -1.573968 2.681850 -2.591558 -5.784493 -15.442487 5.122758 -17.557621 -0.755092 -1.560137 0.883064 -1.926121 -0.000001 0.000006 0.000002 -9.108294 -0.517873 2.259829 1.608411 -4.452266 39.554807 0.242954 -1.806750 15.246444 0.165859 -1.523101 12.516586 -0.000002 0.000002 -0.000002 -9.532511 -0.000050 -0.000020 1.633115 -4.482106 39.556743 0.773823 -3.135725 27.569341 0.165283 -1.549946 12.516667 -0.000003 -0.000001 0.000005 -9.103600 -0.043070 -1.865139 1.766158 -4.635064 41.846861 0.700718 -3.064804 25.835573 0.172527 -1.535009 12.597440 -0.000002 0.000003 -0.000004 -8.076691 -0.486700 -3.806290 2.662110 -5.474368 52.333107 0.209308 -1.763283 15.407191 0.146335 -1.581890 12.597194 0.000005 0.000000 0.000000 4.570434 11.014713 -2.160852 -19.296934 28.355525 46.904108 -62.352565 -30.489736 -36.889736 -0.000286 -79.826757 -0.000256 47.223265 0.806974 -8.471971 2.466156 -1.576217 2.681738 -3.074599 10.549500 15.520753 4.126572 13.590307 1.096804 -0.821920 0.916483 2.391519 0.000003 0.000000 0.000000 9.109321 -0.518036 2.259861 0.476958 2.522469 -21.452600 0.351931 2.182185 -18.304468 0.181499 1.566541 -13.162515 -0.000001 0.000002 0.000006 9.533415 0.000010 0.000042 0.643160 2.910569 -24.946624 0.409143 2.346014 -19.823565 0.290767 1.984797 -16.667951 -0.000004 -0.000002 0.000007 9.104547 -0.043022 -1.865069 0.603093 2.822804 -24.109646 0.470296 2.504817 -21.253370 0.362899 2.209206 -18.642916 -0.000003 0.000001 -0.000002 8.077805 -0.486862 -3.806255 2.709618 6.972462 -26.781896 0.889759 -0.917730 -27.971981 0.562203 2.527344 -21.651227 -0.000004 0.000001 -0.000003 -8.207781 -6.751660 -1.599563 -18.425188 -7.540720 -9.641652 72.587146 -7.109727 9.869253 1.087730 -8.003131 0.677108 -21.292199 -0.024451 1.527192 0.000002 0.000000 0.000001 8.207786 -6.751700 -1.599556 -23.399996 2.581246 -5.360460 51.494852 9.943593 -3.017433 -22.747627 -8.346063 3.588977 -2.608372 -0.000016 0.000004 -0.000000 0.000000 -0.000000 
1.051692 93.519241 84.646103 -145.799035 79.772464 148.458205 -0.000009 10.181588 0.131522 -2.963016 11.638192 3.151139 2.449087 1.419537 -4.609151 2.552554 1.435296 -4.547983 0.000008 16.740402 -2.049035 7.535038 1.152278 0.864525 0.000018 9.617890 1.685006 18.032401 6.174441 4.579110 0.000009 22.037384 7.501092 -0.000001 0.000001 -0.000000 -4.569969 11.014928 -2.160884 -2.756813 -6.312753 -26.436444 -10.951175 57.277410 -28.982289 -0.000004 51.359782 0.000020 -1.258143 2.466701 -27.273835 -2.464823 -1.573968 2.681844 -2.591561 -5.784485 -15.442482 5.122760 -17.557616 -0.755094 -1.560131 0.883061 -1.926125 -0.000002 -0.000003 -0.000001 -9.108291 -0.517861 2.259842 1.290309 -4.039787 35.260674 0.248130 -1.825737 15.408087 0.167975 -1.532690 12.597392 0.000001 0.000001 -0.000004 -9.532520 -0.000065 -0.000018 1.312689 -4.071386 35.262255 0.782860 -3.153209 27.731307 0.167426 -1.559553 12.597463 -0.000003 -0.000002 0.000003 -9.103593 -0.043085 -1.865119 1.145687 -3.828739 33.453874 0.591313 -2.828637 23.694683 0.144962 -1.407840 11.529102 0.000001 -0.000001 -0.000003 -8.076685 -0.486720 -3.806278 1.908068 -4.789468 43.918485 0.150492 -1.509733 13.270237 0.120958 -1.454251 11.528898 0.000004 0.000001 0.000000 4.570450 11.014709 -2.160857 -19.040909 28.161676 46.478604 -65.063610 -29.972212 -38.152276 -0.000301 -76.876887 -0.000270 46.722408 1.432602 -4.274770 2.466137 -1.576217 2.681740 -3.074599 10.549493 15.520753 4.126576 13.590311 1.096801 -0.821921 0.916469 2.391518 0.000001 0.000006 -0.000001 9.109303 -0.518046 2.259878 0.387209 2.280575 -19.311199 0.330829 2.117630 -17.740694 0.173833 1.533433 -12.880804 0.000003 -0.000001 0.000000 9.533408 0.000028 0.000048 0.538755 2.674632 -22.803908 0.386416 2.281992 -19.259665 0.281079 1.952233 -16.386134 -0.000002 -0.000001 0.000001 9.104547 -0.043036 -1.865075 0.489658 2.554633 -21.691636 0.419959 2.371455 -20.070285 0.340442 2.141584 -18.051626 0.000001 -0.000000 0.000003 8.077794 -0.486875 -3.806251 2.417142 6.789484 -24.341029 0.820370 -1.042272 -26.792245 0.534284 2.461711 -21.059548 -0.000002 0.000001 -0.000004 -8.207790 -6.751675 -1.599564 -20.291608 -5.053545 -10.228508 75.482770 -7.628539 9.903867 -1.989160 -6.250062 -4.259814 -14.175960 -0.006091 0.760594 -0.000001 -0.000001 -0.000000 8.207787 -6.751684 -1.599555 -22.970751 1.518647 -7.245101 51.837891 6.123791 -3.168549 -23.427194 -13.867827 3.157718 -4.181398 0.000004 0.000006 -0.000000 -0.000000 -0.000000 
1.488271 93.703354 84.450142 -164.811331 67.944564 168.351227 0.000007 10.181587 0.131523 -3.770013 12.212305 3.875234 3.689148 1.440083 -5.377557 3.811321 1.460079 -5.286738 0.000003 16.740395 -2.049027 7.781422 1.672777 1.195683 -0.000000 9.617884 1.685013 15.920432 9.150368 4.312337 0.000002 22.037354 7.501093 0.000004 -0.000001 0.000000 -4.569962 11.014907 -2.160881 -4.614005 -12.284268 -25.098520 -13.993176 63.706206 -26.574852 -0.000001 46.911184 -0.000024 -9.052320 6.620078 -29.954775 -2.464800 -1.573953 2.681848 -2.591559 -5.784488 -15.442493 5.122763 -17.557623 -0.755090 -1.560138 0.883064 -1.926124 0.000002 0.000000 -0.000001 -9.108304 -0.517863 2.259835 0.762381 -3.170642 26.880254 0.184048 -1.573528 13.270887 0.140777 -1.405458 11.529052 0.000002 0.000002 -0.000001 -9.532517 -0.000024 -0.000031 0.779895 -3.205161 26.881225 0.667273 -2.919993 25.589901 0.140270 -1.432301 11.529108 0.000000 -0.000004 0.000001 -9.103603 -0.043058 -1.865138 0.635059 -2.907996 24.780017 0.403382 -2.356032 19.512648 0.097942 -1.157907 9.441306 -0.000001 0.000002 0.000004 -8.076709 -0.486694 -3.806284 1.242626 -3.972498 35.223805 0.063026 -1.008625 9.094821 0.078237 -1.203547 9.441141 -0.000002 -0.000001 0.000002 4.570429 11.014710 -2.160856 -18.913407 28.380782 45.226487 -69.555696 -30.255839 -41.187656 -0.000198 -72.945853 -0.000174 44.258564 1.834968 -0.241753 2.466145 -1.576200 2.681734 -3.074601 10.549497 15.520749 4.126571 13.590303 1.096798 -0.821918 0.916483 2.391520 0.000000 -0.000001 0.000001 9.109308 -0.518027 2.259874 0.296118 2.001286 -16.873342 0.292553 1.994445 -16.670489 0.159745 1.470499 -12.346037 0.000000 0.000002 0.000006 9.533411 0.000042 0.000051 0.430707 2.401422 -20.364650 0.345005 2.159841 -18.189245 0.263174 1.890270 -15.851124 -0.000000 0.000000 -0.000003 9.104536 -0.043032 -1.865072 0.393092 2.297340 -19.410336 0.371388 2.234223 -18.862013 0.318226 2.072267 -17.447614 -0.000001 0.000000 -0.000004 8.077787 -0.486856 -3.806243 2.148626 6.605584 -22.038983 0.752138 -1.170960 -25.587246 0.506471 2.394420 -20.455201 -0.000001 0.000000 0.000002 -8.207774 -6.751673 -1.599557 -22.266987 -2.967868 -9.856728 75.466992 -7.911079 8.490263 -5.732986 -6.934134 -4.435247 -9.356296 -0.005162 0.704299 0.000000 0.000000 0.000001 8.207798 -6.751684 -1.599555 -22.286658 1.626839 -7.593302 51.241360 -0.455477 -3.387962 -23.326527 -14.539451 5.354098 -4.004763 0.000000 0.000001 0.000000 -0.000000 -0.000000 
1.890776 94.043938 84.359589 -170.596542 55.135913 174.424931 0.000012 10.181593 0.131524 -3.820740 11.435165 3.101882 4.139335 1.349867 -4.592113 4.237808 1.367792 -4.498123 -0.000005 16.740374 -2.049032 8.027826 2.069199 0.973560 -0.000003 9.617890 1.685031 15.138187 10.959101 3.009609 0.000000 22.037354 7.501112 0.000001 0.000001 -0.000001 -4.569969 11.014889 -2.160886 -6.361073 -17.516191 -25.625220 -24.933715 67.561042 -14.737827 0.000003 43.538996 0.000013 -11.768266 9.773983 -34.637651 -2.464785 -1.573960 2.681859 -2.591553 -5.784493 -15.442496 5.122758 -17.557623 -0.755092 -1.560140 0.883069 -1.926117 0.000003 -0.000008 -0.000003 -9.108278 -0.517852 2.259842 0.355745 -2.199757 18.217366 0.086130 -1.074487 9.095103 0.094510 -1.155398 9.441271 -0.000004 -0.000000 -0.000004 -9.532514 -0.000029 -0.000013 0.367848 -2.236517 18.217837 0.466963 -2.452469 21.406979 0.094081 -1.182224 9.441312 0.000003 0.000003 0.000003 -9.103598 -0.043055 -1.865129 0.392294 -2.306813 19.448095 0.245723 -1.853562 15.185017 0.058867 -0.897469 7.279718 -0.000006 0.000001 0.000002 -8.076697 -0.486700 -3.806267 0.897757 -3.423112 29.880677 0.011186 -0.484489 4.772308 0.043657 -0.942436 7.279600 0.000000 -0.000000 -0.000001 4.570426 11.014698 -2.160853 -18.825089 29.020716 43.057161 -73.554669 -30.655282 -44.635771 -0.000163 -69.160945 -0.000157 40.911348 1.689537 3.615382 2.466129 -1.576233 2.681726 -3.074602 10.549496 15.520753 4.126571 13.590299 1.096802 -0.821915 0.916485 2.391519 0.000000 0.000002 0.000001 9.109299 -0.518061 2.259871 0.219580 1.728282 -14.521255 0.251721 1.853319 -15.451896 0.144433 1.398691 -11.737030 -0.000002 -0.000003 0.000002 9.533418 0.000014 0.000041 0.337596 2.133594 -18.011388 0.300635 2.019786 -16.970385 0.243463 1.819532 -15.241881 -0.000003 0.000003 -0.000003 9.104548 -0.043045 -1.865084 0.312489 2.054648 -17.288281 0.328211 2.103741 -17.721781 0.297935 2.006613 -16.877602 -0.000002 0.000000 -0.000001 8.077807 -0.486878 -3.806261 1.905700 6.424948 -19.898440 0.690224 -1.293716 -24.449960 0.480861 2.330603 -19.884844 0.000000 0.000001 -0.000003 -8.207776 -6.751643 -1.599564 -23.552371 0.036234 -8.615800 72.555091 -8.283669 6.590542 -8.285441 -7.740284 -2.919041 -9.146875 -0.011362 1.047386 -0.000002 0.000000 0.000002 8.207800 -6.751688 -1.599554 -21.346814 2.423530 -7.099828 49.995755 -4.026850 -3.007958 -23.398953 -12.073765 8.262023 -2.915173 -0.000000 -0.000009 -0.000001 -0.000001 -0.000000 
2.230098 94.406319 84.404266 -173.313031 42.255420 176.789679 -0.000011 10.181583 0.131508 -2.513031 9.472984 1.537879 3.492806 1.164622 -2.842866 3.545298 1.174062 -2.776390 0.000003 16.740391 -2.049019 8.018887 2.148232 0.328789 -0.000003 9.617870 1.685013 15.810670 10.703325 1.296689 0.000002 22.037338 7.501112 -0.000004 0.000001 -0.000000 -4.569964 11.014894 -2.160867 -7.278969 -19.146198 -27.305747 -35.353247 64.161301 -3.158376 -0.000009 43.685484 0.000009 -10.762538 11.290556 -37.133604 -2.464804 -1.573962 2.681845 -2.591553 -5.784494 -15.442494 5.122764 -17.557623 -0.755088 -1.560136 0.883066 -1.926126 0.000001 -0.000002 -0.000008 -9.108295 -0.517846 2.259822 0.180156 -1.575720 12.890724 0.023320 -0.551672 4.772412 0.056235 -0.894853 7.279680 0.000004 0.000001 -0.000002 -9.532492 -0.000045 -0.000019 0.188791 -1.613444 12.890967 0.296111 -1.954315 17.078601 0.055904 -0.921671 7.279701 -0.000003 0.000002 0.000001 -9.103578 -0.043060 -1.865132 0.317597 -2.081384 17.496691 0.167697 -1.538895 12.522310 0.039730 -0.736482 5.949232 -0.000001 0.000004 0.000002 -8.076682 -0.486709 -3.806276 0.784569 -3.214259 27.925592 -0.001025 -0.160432 2.111837 0.027276 -0.781139 5.949166 -0.000004 0.000000 -0.000003 4.570456 11.014700 -2.160839 -18.064080 29.075873 40.164835 -74.835917 -31.629342 -45.929146 -0.000147 -65.939042 -0.000077 37.244151 1.180596 7.964958 2.466133 -1.576198 2.681739 -3.074603 10.549497 15.520753 4.126577 13.590307 1.096800 -0.821919 0.916484 2.391518 0.000002 0.000004 -0.000001 9.109311 -0.518031 2.259874 0.158046 1.469659 -12.316679 0.215200 1.716323 -14.275962 0.130360 1.329195 -11.149311 -0.000001 -0.000001 0.000006 9.533403 0.000028 0.000049 0.260366 1.879222 -15.805830 0.260649 1.883777 -15.794244 0.225170 1.751009 -14.653893 0.000001 0.000003 0.000005 9.104532 -0.043029 -1.865063 0.247382 1.832579 -15.368646 0.290388 1.981619 -16.660940 0.279641 1.945356 -16.347218 -0.000003 -0.000001 0.000004 8.077794 -0.486874 -3.806254 1.691956 6.253825 -17.962843 0.634807 -1.408996 -23.391793 0.457628 2.271020 -19.354174 -0.000001 0.000000 0.000003 -8.207789 -6.751676 -1.599575 -23.345539 4.713405 -7.081445 67.495752 -7.000456 6.150854 -10.618391 -7.353211 -2.948657 -11.555516 -0.002014 0.441322 0.000000 0.000002 -0.000001 8.207788 -6.751697 -1.599569 -20.995964 2.811034 -5.985188 49.037026 -2.601725 -1.991676 -22.677053 -8.830889 8.085690 -1.711778 0.000004 0.000005 -0.000000 0.000002 -0.000000 
2.579442 94.695328 84.552254 -174.816137 29.258809 177.473942 -0.000008 10.181582 0.131514 -0.430854 6.946680 0.333395 2.248126 0.903813 -1.254860 2.264364 0.904590 -1.224909 0.000005 16.740389 -2.049018 7.719633 1.807750 -0.364899 0.000002 9.617908 1.685018 17.269438 8.197382 -0.072444 0.000003 22.037354 7.501097 -0.000002 -0.000000 0.000000 -4.569971 11.014922 -2.160869 -6.762848 -17.308710 -28.135993 -36.550712 54.539177 -1.772556 0.000013 47.186799 -0.000019 -9.904543 11.230703 -34.615392 -2.464811 -1.573987 2.681853 -2.591561 -5.784495 -15.442486 5.122759 -17.557623 -0.755095 -1.560140 0.883076 -1.926122 0.000006 -0.000003 -0.000005 -9.108276 -0.517882 2.259855 0.130471 -1.343501 10.940905 0.004338 -0.228028 2.111862 0.037552 -0.733822 5.949221 -0.000004 -0.000006 0.000003 -9.532506 -0.000061 -0.000013 0.137817 -1.381495 10.941075 0.209851 -1.641758 14.415478 0.037292 -0.760619 5.949232 0.000003 -0.000002 -0.000002 -9.103595 -0.043087 -1.865124 0.269870 -1.922076 16.130436 0.142789 -1.422782 11.547401 0.033675 -0.677454 5.462001 0.000002 0.000002 0.000002 -8.076693 -0.486743 -3.806262 0.709605 -3.065749 26.556892 -0.001730 -0.041674 1.137576 0.022223 -0.721980 5.461946 -0.000004 -0.000002 0.000002 4.570446 11.014726 -2.160841 -15.979291 27.003001 37.155809 -72.062717 -33.811164 -42.727754 -0.000130 -63.328892 -0.000095 32.911857 1.106102 13.014363 2.466129 -1.576187 2.681730 -3.074597 10.549497 15.520753 4.126580 13.590311 1.096803 -0.821915 0.916479 2.391516 0.000005 0.000014 -0.000000 9.109288 -0.518026 2.259863 0.110423 1.230595 -10.295531 0.183514 1.587241 -13.173627 0.117833 1.263932 -10.598298 0.000002 0.000002 0.000002 9.533392 0.000043 0.000040 0.198218 1.643502 -13.783889 0.225687 1.755533 -14.691708 0.208635 1.686651 -14.102682 0.000002 0.000003 0.000001 9.104527 -0.043014 -1.865086 0.191683 1.616512 -13.517907 0.258107 1.870502 -15.701128 0.263566 1.889802 -15.867342 0.000001 0.000002 0.000005 8.077782 -0.486856 -3.806261 1.491523 6.082131 -16.097501 0.586516 -1.514208 -22.434318 0.437054 2.216916 -18.874015 0.000003 0.000001 -0.000002 -8.207793 -6.751669 -1.599578 -22.392861 8.988256 -5.005228 61.992853 -5.038383 5.006952 -12.503968 -5.110862 -2.679060 -13.058629 -0.008392 0.898519 0.000000 0.000004 -0.000001 8.207784 -6.751695 -1.599569 -21.460123 2.620638 -4.537265 49.142559 0.154745 -0.568704 -22.461986 -6.466718 6.809758 -0.625283 -0.000041 -0.000001 0.000000 0.000002 -0.000000 
3.093726 94.877769 84.682121 -175.619135 16.084115 177.445296 -0.000006 10.181579 0.131525 1.364325 4.321666 -0.148158 1.121975 0.584458 -0.443509 1.123271 0.581720 -0.436746 0.000003 16.740379 -2.049023 7.390584 1.110856 -0.705719 -0.000001 9.617875 1.685007 18.730248 4.345190 -0.865018 0.000003 22.037354 7.501095 0.000003 0.000000 -0.000000 -4.569967 11.014922 -2.160866 -5.516710 -14.474880 -27.118974 -35.147873 42.633867 -4.763372 0.000001 51.617355 -0.000009 -10.771729 10.453413 -28.973799 -2.464808 -1.573953 2.681838 -2.591560 -5.784494 -15.442477 5.122759 -17.557623 -0.755090 -1.560138 0.883071 -1.926123 0.000003 0.000000 -0.000001 -9.108280 -0.517872 2.259835 0.100397 -1.179935 9.575659 0.001158 -0.109339 1.137577 0.031668 -0.674750 5.462013 -0.000000 0.000002 0.000003 -9.532521 -0.000041 -0.000030 0.106834 -1.218093 9.575796 0.181946 -1.526371 13.440448 0.031414 -0.701545 5.462016 -0.000002 -0.000003 -0.000002 -9.103588 -0.043070 -1.865134 0.189951 -1.617403 13.543246 0.126559 -1.341212 10.864703 0.029696 -0.636071 5.120825 -0.000001 -0.000001 0.000001 -8.076692 -0.486725 -3.806279 0.577430 -2.779734 23.965425 -0.001019 0.041509 0.455282 0.018976 -0.680539 5.120770 0.000002 -0.000000 0.000005 4.570443 11.014718 -2.160850 -12.684161 22.106659 34.917850 -65.870713 -36.148120 -34.936599 -0.000138 -61.340317 -0.000116 27.277846 2.009333 18.045367 2.466152 -1.576217 2.681728 -3.074597 10.549502 15.520751 4.126571 13.590304 1.096799 -0.821918 0.916483 2.391522 0.000000 0.000005 -0.000005 9.109313 -0.518039 2.259865 0.074306 1.010926 -8.450047 0.156649 1.468330 -12.162889 0.106890 1.203979 -10.093069 -0.000001 0.000001 -0.000001 9.533412 0.000048 0.000040 0.148753 1.426441 -11.937782 0.195839 1.637345 -13.680805 0.194032 1.627505 -13.597285 0.000003 -0.000000 0.000002 9.104523 -0.043029 -1.865072 0.133898 1.354090 -11.289646 0.228784 1.762858 -14.775656 0.248535 1.836062 -15.404570 -0.000003 0.000002 0.000005 8.077803 -0.486866 -3.806260 1.257834 5.866864 -13.852734 0.541602 -1.616397 -21.511018 0.417687 2.164576 -18.411007 -0.000001 -0.000001 0.000002 -8.207785 -6.751675 -1.599554 -21.531832 11.127734 -2.817373 58.289053 -3.952615 2.298984 -12.450660 -1.645190 -0.726889 -14.327087 -0.065813 2.526102 0.000000 -0.000000 -0.000001 8.207789 -6.751703 -1.599554 -22.208978 2.413325 -3.059795 49.879113 0.451254 1.120580 -23.137285 -4.336983 6.612964 0.082722 0.000230 -0.153550 -0.000000 -0.000001 -0.000000 
3.849006 95.015953 84.613792 -176.009754 3.092803 177.154576 -0.000003 10.181594 0.131534 2.224755 1.677722 -0.355022 0.524806 0.223996 -0.106307 0.523489 0.223325 -0.105728 0.000000 16.740425 -2.049046 7.241530 0.249085 -0.648754 -0.000001 9.617881 1.685015 19.755200 0.300298 -1.318621 0.000002 22.037369 7.501086 0.000003 -0.000000 -0.000000 -4.569965 11.014930 -2.160896 -4.920711 -13.449539 -24.826448 -35.143540 32.409490 -7.218044 -0.000033 54.683734 0.000024 -12.385786 9.727287 -24.171401 -2.464808 -1.573966 2.681848 -2.591559 -5.784490 -15.442486 5.122758 -17.557623 -0.755098 -1.560135 0.883058 -1.926126 0.000002 -0.000005 -0.000001 -9.108287 -0.517876 2.259836 0.054174 -0.868362 6.990109 0.000162 -0.026186 0.455262 0.027820 -0.633362 5.120831 -0.000000 0.000001 -0.000000 -9.532510 -0.000049 -0.000024 0.058880 -0.906773 6.990183 0.163550 -1.445259 12.757678 0.027604 -0.660147 5.120822 -0.000003 -0.000001 -0.000004 -9.103601 -0.043073 -1.865130 0.124156 -1.310885 10.969213 0.098459 -1.186262 9.571719 0.022877 -0.557610 4.474585 0.000001 0.000000 -0.000009 -8.076698 -0.486700 -3.806279 0.458923 -2.489464 21.387617 0.000001 0.096987 0.000134 0.013506 -0.601961 4.474510 -0.000002 -0.000001 -0.000002 4.570440 11.014736 -2.160863 -8.913866 15.594625 33.849028 -59.397709 -37.207490 -26.090800 -0.000103 -59.582998 -0.000027 20.573532 3.517565 22.182952 2.466121 -1.576208 2.681729 -3.074600 10.549500 15.520746 4.126572 13.590302 1.096805 -0.821912 0.916483 2.391519 -0.000001 -0.000001 -0.000005 9.109289 -0.518036 2.259862 0.043586 0.774980 -6.477932 0.133960 1.359367 -11.239975 0.097355 1.149137 -9.631660 0.000000 -0.000004 0.000003 9.533396 0.000031 0.000037 0.103672 1.192817 -9.965130 0.170389 1.528971 -12.757713 0.181151 1.573356 -13.135705 0.000000 -0.000003 -0.000004 9.104506 -0.043035 -1.865075 0.072532 0.998932 -8.301512 0.195732 1.632602 -13.661307 0.230991 1.771209 -14.847317 0.000002 0.000002 -0.000003 8.077770 -0.486856 -3.806257 0.958180 5.564148 -10.844501 0.489709 -1.740422 -20.399168 0.394869 2.101355 -17.853486 0.000001 0.000002 0.000002 -8.207785 -6.751657 -1.599557 -20.539465 11.336524 -1.164115 56.965215 -2.895572 0.126594 -10.810383 0.508361 0.685203 -16.680183 -0.122941 3.457905 -0.000001 0.000000 0.000000 8.207794 -6.751697 -1.599548 -23.028078 2.464576 -1.272234 50.724615 -1.974496 2.472917 -23.380398 -2.488962 7.645252 0.267256 0.002365 -0.484886 0.000000 0.000000 0.000000 
4.698617 95.185875 84.248428 -176.395140 -9.285279 176.441299 -0.000006 10.181570 0.131523 2.026785 -1.152455 -0.633913 0.555414 -0.167528 0.483253 0.556875 -0.163903 0.482982 0.000001 16.740374 -2.049033 7.172143 -0.546274 -0.560456 -0.000001 9.617887 1.685018 20.220732 -3.339666 -1.672745 0.000002 22.037354 7.501071 -0.000001 0.000000 -0.000000 -4.569967 11.014891 -2.160885 -5.417472 -15.523987 -22.588300 -35.992402 25.547071 -8.098297 -0.000037 55.993146 0.000030 -13.474421 9.582212 -22.175638 -2.464796 -1.573949 2.681846 -2.591564 -5.784496 -15.442486 5.122758 -17.557625 -0.755105 -1.560137 0.883066 -1.926121 0.000004 -0.000003 0.000004 -9.108283 -0.517846 2.259832 0.022199 -0.556541 4.417333 0.000007 0.029299 0.000105 0.021250 -0.554861 4.474553 0.000001 -0.000002 0.000002 -9.532503 -0.000048 -0.000025 0.025177 -0.595128 4.417363 0.131374 -1.291074 11.464548 0.021048 -0.581668 4.474559 -0.000001 -0.000001 0.000005 -9.103593 -0.043062 -1.865136 0.119222 -1.284780 10.751054 0.073959 -1.031421 8.285069 0.016975 -0.479452 3.831419 0.000001 0.000005 0.000001 -8.076679 -0.486701 -3.806281 0.449484 -2.464625 21.169169 0.000004 0.096976 0.000134 0.008947 -0.523699 3.831387 0.000004 -0.000001 -0.000008 4.570442 11.014719 -2.160851 -5.564414 9.658933 33.321146 -55.621103 -37.638427 -20.491968 -0.000093 -57.225562 -0.000056 14.132058 4.823938 24.961725 2.466125 -1.576204 2.681731 -3.074604 10.549501 15.520743 4.126574 13.590309 1.096802 -0.821918 0.916479 2.391521 0.000001 -0.000001 0.000000 9.109302 -0.518037 2.259865 0.015595 0.463982 -3.889871 0.111673 1.242500 -10.253623 0.087666 1.090453 -9.138591 -0.000004 -0.000001 0.000001 9.533387 0.000034 0.000041 0.056766 0.884093 -7.376498 0.145144 1.412736 -11.771260 0.167866 1.515360 -12.642441 0.000001 0.000001 0.000001 9.104533 -0.043036 -1.865083 0.024052 0.575952 -4.772265 0.155403 1.456949 -12.166796 0.208448 1.683950 -14.099935 0.000001 0.000005 0.000011 8.077799 -0.486863 -3.806268 0.625539 5.187024 -7.294803 0.423919 -1.908304 -18.907833 0.365277 2.016188 -17.105726 -0.000001 -0.000004 0.000004 -8.207788 -6.751684 -1.599560 -19.091432 10.211314 -0.094097 56.807715 -2.560453 0.361581 -8.774712 1.036901 1.067489 -19.117559 -0.122312 3.452615 -0.000001 -0.000000 -0.000000 8.207791 -6.751711 -1.599567 -24.137081 1.966153 1.138718 51.330815 -6.184011 2.767950 -23.084352 -1.301002 8.655847 0.833886 0.021442 -1.458671 -0.000000 -0.000000 -0.000000 
5.383449 95.393219 83.695549 -177.267287 -20.750320 174.846381 -0.000006 10.181588 0.131517 0.941837 -4.295606 -0.879925 1.101208 -0.576099 1.754338 1.117154 -0.571876 1.745674 -0.000004 16.740355 -2.049025 6.992728 -1.121964 -0.805859 0.000002 9.617876 1.685018 20.188648 -6.469799 -1.988764 -0.000002 22.037354 7.501105 0.000001 -0.000000 0.000001 -4.569971 11.014914 -2.160877 -6.538255 -19.543656 -21.476668 -36.577627 20.846391 -8.296633 0.000003 56.623211 0.000001 -13.637946 9.709584 -22.328240 -2.464804 -1.573968 2.681842 -2.591557 -5.784491 -15.442496 5.122763 -17.557625 -0.755093 -1.560135 0.883061 -1.926122 0.000001 -0.000001 0.000007 -9.108295 -0.517867 2.259834 0.020127 -0.530030 4.199274 0.000007 0.029298 0.000114 0.015574 -0.476690 3.831420 0.000001 -0.000002 -0.000002 -9.532518 -0.000050 -0.000025 0.022960 -0.568624 4.199301 0.102807 -1.136961 10.177756 0.015410 -0.503506 3.831439 -0.000000 -0.000001 0.000000 -9.103618 -0.043058 -1.865136 0.184158 -1.592872 13.336320 0.072034 -1.018282 8.176015 0.016510 -0.472833 3.776906 0.000001 0.000001 0.000006 -8.076696 -0.486702 -3.806278 0.567433 -2.756598 23.758178 -0.000000 0.096986 0.000124 0.008594 -0.517083 3.776887 -0.000001 -0.000001 -0.000006 4.570441 11.014722 -2.160854 -3.166535 5.433834 32.343425 -54.754324 -38.696700 -18.885106 -0.000086 -53.977295 -0.000039 9.022266 5.466323 26.372393 2.466148 -1.576192 2.681749 -3.074599 10.549496 15.520748 4.126581 13.590310 1.096799 -0.821924 0.916478 2.391521 -0.000003 -0.000001 -0.000003 9.109316 -0.518029 2.259881 0.000278 0.062330 -0.558694 0.085433 1.088576 -8.959225 0.075714 1.013311 -8.491420 -0.000002 -0.000003 -0.000001 9.533423 0.000039 0.000057 0.016974 0.484149 -4.044925 0.115052 1.259524 -10.476670 0.151192 1.439078 -11.995068 0.000000 0.000002 -0.000002 9.104540 -0.043034 -1.865058 0.002395 0.181678 -1.499635 0.113748 1.248152 -10.401534 0.183284 1.580526 -13.217085 0.000001 -0.000002 0.000002 8.077800 -0.486875 -3.806237 0.338675 4.819549 -4.006593 0.351849 -2.108744 -17.146104 0.331740 1.915094 -16.222428 0.000002 -0.000000 -0.000001 -8.207788 -6.751670 -1.599563 -17.487675 7.820765 1.063926 56.235970 -3.817475 2.476677 -7.022775 0.174645 1.798675 -20.714616 -0.107130 3.238011 -0.000001 0.000001 -0.000001 8.207791 -6.751692 -1.599563 -25.768263 -0.010296 3.457547 51.372380 -8.129202 2.688112 -22.243442 -3.349146 7.435490 0.921644 0.025681 -1.596679 0.000000 0.000001 -0.000000 
5.776022 95.619537 83.152603 -178.837029 -30.849772 172.239462 -0.000002 10.181584 0.131529 -0.598084 -7.548100 -1.036121 1.817521 -0.960617 3.584349 1.868869 -0.965341 3.557094 0.000002 16.740406 -2.049035 6.764539 -1.475365 -1.386669 -0.000003 9.617861 1.685018 19.814773 -9.104440 -2.268347 0.000001 22.037354 7.501102 -0.000001 -0.000001 0.000001 -4.569965 11.014929 -2.160891 -7.654609 -22.994488 -21.599987 -36.238057 16.058926 -9.032018 -0.000022 57.498390 0.000012 -13.254425 9.671151 -23.062330 -2.464800 -1.573953 2.681843 -2.591556 -5.784490 -15.442494 5.122760 -17.557621 -0.755088 -1.560134 0.883061 -1.926118 0.000001 -0.000005 0.000001 -9.108273 -0.517856 2.259840 0.051103 -0.843353 6.783282 0.000003 0.029267 0.000101 0.015130 -0.470059 3.776917 -0.000001 -0.000000 -0.000001 -9.532499 -0.000063 -0.000018 0.055673 -0.881782 6.783350 0.100551 -1.123867 10.068714 0.014972 -0.496877 3.776904 -0.000000 0.000001 0.000011 -9.103596 -0.043051 -1.865127 0.294552 -2.006229 16.850845 0.096349 -1.173831 9.468306 0.022367 -0.551313 4.422848 -0.000002 0.000000 -0.000002 -8.076693 -0.486691 -3.806273 0.748680 -3.144277 27.278561 -0.000000 0.096992 0.000170 0.013112 -0.595676 4.422844 0.000000 0.000002 -0.000000 4.570440 11.014714 -2.160858 -1.375584 2.253360 30.588094 -54.882868 -40.135100 -18.639245 -0.000087 -50.819848 -0.000044 5.026551 5.492482 26.796367 2.466152 -1.576219 2.681746 -3.074600 10.549500 15.520756 4.126573 13.590312 1.096802 -0.821921 0.916483 2.391519 0.000001 0.000000 -0.000001 9.109310 -0.518056 2.259883 0.009463 -0.361703 2.956374 0.056827 0.889644 -7.293177 0.061600 0.913797 -7.658414 -0.000002 0.000001 0.000005 9.533420 0.000023 0.000054 0.000264 0.060336 -0.529796 0.081403 1.061358 -8.810445 0.130994 1.340634 -11.161817 -0.000001 -0.000003 -0.000005 9.104552 -0.043040 -1.865064 0.000599 -0.091466 0.763889 0.080850 1.053476 -8.764621 0.161380 1.484241 -12.398369 0.000002 -0.000001 -0.000004 8.077806 -0.486872 -3.806250 0.152951 4.556065 -1.734296 0.290508 -2.296547 -15.512207 0.302035 1.820880 -15.403352 0.000001 -0.000007 -0.000006 -8.207786 -6.751676 -1.599547 -16.119716 4.315071 2.749210 54.828503 -6.572887 4.635287 -5.779880 -1.422251 3.040994 -21.713612 -0.098995 3.117505 -0.000001 -0.000000 0.000000 8.207795 -6.751704 -1.599551 -27.654075 -3.204949 4.665839 51.422722 -8.204934 3.407765 -22.671623 -7.154776 4.804164 1.101619 0.000004 -0.000000 -0.000000 0.000001 -0.000000 
5.938388 95.867729 82.701393 -180.685865 -38.780431 169.277031 -0.000002 10.181603 0.131508 -2.003437 -10.350085 -1.376356 2.288763 -1.262662 5.532953 2.393439 -1.285184 5.485421 -0.000008 16.740387 -2.049044 6.735010 -1.705470 -2.029670 -0.000002 9.617876 1.685012 19.264834 -11.233824 -2.527162 0.000004 22.037338 7.501069 -0.000002 0.000001 -0.000001 -4.569976 11.014896 -2.160897 -8.221152 -24.233653 -22.244671 -35.019807 10.109610 -10.492713 0.000002 58.511540 -0.000008 -13.015614 9.834316 -23.271691 -2.464823 -1.573995 2.681844 -2.591560 -5.784488 -15.442496 5.122757 -17.557618 -0.755092 -1.560135 0.883063 -1.926121 0.000003 -0.000009 -0.000002 -9.108299 -0.517862 2.259842 0.115769 -1.266284 10.295552 -0.000001 0.029302 0.000117 0.020763 -0.548586 4.422855 0.000001 0.000002 -0.000001 -9.532526 -0.000060 -0.000023 0.122684 -1.304360 10.295707 0.128958 -1.278701 11.361127 0.020557 -0.575388 4.422882 -0.000000 0.000000 0.000004 -9.103628 -0.043069 -1.865132 0.381316 -2.275212 19.172995 0.135023 -1.384252 11.224694 0.031743 -0.657889 5.300749 0.000001 -0.000000 -0.000003 -8.076696 -0.486712 -3.806276 0.881368 -3.393910 29.605035 -0.001520 -0.002347 0.815075 0.020657 -0.702399 5.300690 -0.000000 -0.000000 -0.000007 4.570432 11.014707 -2.160856 0.502250 -1.203536 28.523731 -53.743139 -40.798434 -16.869906 -0.000088 -49.166423 -0.000044 1.481230 5.157740 26.635175 2.466167 -1.576217 2.681753 -3.074600 10.549497 15.520749 4.126577 13.590313 1.096800 -0.821920 0.916476 2.391518 -0.000001 0.000009 -0.000003 9.109305 -0.518025 2.259891 0.035769 -0.702444 5.788972 0.032936 0.678890 -5.535298 0.048268 0.808591 -6.779449 0.000003 -0.000003 0.000000 9.533401 0.000028 0.000062 0.005742 -0.281379 2.302570 0.052162 0.851294 -7.052417 0.111233 1.236444 -10.282617 0.000001 -0.000001 -0.000004 9.104545 -0.043028 -1.865060 0.003536 -0.220861 1.836497 0.061344 0.918285 -7.632505 0.147043 1.417481 -11.832123 0.000006 -0.000002 -0.000008 8.077793 -0.486897 -3.806239 0.068677 4.428710 -0.658186 0.251250 -2.427441 -14.382051 0.282277 1.755468 -14.836820 0.000002 0.000000 -0.000004 -8.207780 -6.751668 -1.599578 -15.074441 0.598883 4.720249 52.920186 -6.825362 5.773965 -4.743756 -5.490936 3.465134 -22.526174 -0.099910 3.130895 -0.000000 -0.000000 0.000000 8.207795 -6.751696 -1.599568 -29.240228 -6.513475 4.865778 51.457552 -8.129865 4.842812 -22.296130 -10.055468 1.613047 0.032852 -0.000015 0.000002 0.000000 -0.000001 -0.000000 
5.953451 96.108795 82.324265 -181.973315 -43.937726 167.095811 -0.000003 10.181581 0.131526 -2.863631 -12.148436 -2.087376 2.391247 -1.440764 7.152592 2.549463 -1.481133 7.092380 0.000004 16.740393 -2.049026 6.985726 -1.894938 -2.498595 -0.000006 9.617900 1.685010 18.646900 -12.831759 -2.763849 0.000002 22.037369 7.501114 -0.000001 0.000001 0.000001 -4.569968 11.014894 -2.160879 -8.075269 -23.553550 -22.581210 -33.684669 4.039077 -11.918951 0.000018 59.045373 -0.000043 -13.609491 10.671902 -22.559309 -2.464796 -1.573972 2.681847 -2.591561 -5.784493 -15.442487 5.122761 -17.557625 -0.755095 -1.560135 0.883066 -1.926111 0.000002 -0.000005 -0.000003 -9.108283 -0.517862 2.259835 0.172674 -1.543092 12.615843 0.000558 -0.070040 0.815067 0.029825 -0.655177 5.300710 -0.000000 -0.000001 0.000001 -9.532492 -0.000043 -0.000020 0.181125 -1.580858 12.616071 0.173120 -1.488065 13.117712 0.029581 -0.681978 5.300714 -0.000000 0.000001 -0.000001 -9.103604 -0.043071 -1.865130 0.403257 -2.337831 19.718305 0.164069 -1.522532 12.384877 0.038840 -0.728176 5.880538 0.000001 0.000000 0.000001 -8.076694 -0.486713 -3.806276 0.913997 -3.451740 30.151416 -0.001252 -0.143682 1.974506 0.026538 -0.772811 5.880480 0.000001 -0.000001 -0.000009 4.570441 11.014731 -2.160846 2.565812 -5.262532 26.845703 -51.393202 -40.020817 -13.547465 -0.000071 -49.358690 -0.000029 -1.599626 4.596889 26.049937 2.466148 -1.576208 2.681730 -3.074600 10.549495 15.520741 4.126574 13.590313 1.096805 -0.821921 0.916479 2.391525 0.000004 0.000002 -0.000001 9.109320 -0.518040 2.259864 0.058864 -0.900373 7.440409 0.018364 0.508632 -4.119027 0.038715 0.723672 -6.071238 0.000001 0.000001 0.000002 9.533412 0.000020 0.000043 0.016711 -0.480342 3.953750 0.033302 0.681434 -5.636022 0.096492 1.152278 -9.574217 0.000002 0.000001 0.000005 9.104550 -0.043039 -1.865075 0.004328 -0.244585 2.033088 0.053039 0.854095 -7.096122 0.140480 1.385805 -11.563826 -0.000002 -0.000002 0.000004 8.077806 -0.486870 -3.806265 0.053477 4.405178 -0.460961 0.233519 -2.489742 -13.846580 0.273159 1.724416 -14.568399 -0.000002 0.000003 0.000001 -8.207788 -6.751673 -1.599558 -14.281216 -1.804577 6.293759 51.520995 -6.599270 6.099909 -3.478073 -8.087221 3.340860 -23.553177 -0.098368 3.102159 -0.000001 -0.000002 0.000001 8.207796 -6.751701 -1.599558 -29.777613 -8.853080 4.646748 51.208531 -7.805586 6.156802 -22.129565 -11.754973 0.187230 -0.512064 0.000007 -0.000000 -0.000000 0.000000 0.000000 
5.824686 96.258392 82.041473 -182.094428 -46.357430 166.451833 -0.000007 10.181577 0.131513 -3.110342 -12.753697 -2.862380 2.392545 -1.486523 8.121151 2.582983 -1.535041 8.056241 0.000007 16.740385 -2.049047 7.298252 -2.052571 -2.724197 0.000004 9.617886 1.685021 18.003434 -13.854299 -2.962776 0.000004 22.037369 7.501085 0.000001 -0.000000 -0.000000 -4.569964 11.014938 -2.160888 -7.565610 -22.325833 -22.125670 -33.096539 0.028325 -12.617086 0.000010 58.903989 -0.000030 -15.405802 11.654458 -20.863791 -2.464811 -1.573972 2.681842 -2.591560 -5.784494 -15.442496 5.122761 -17.557616 -0.755095 -1.560139 0.883069 -1.926116 0.000002 -0.000006 0.000002 -9.108282 -0.517882 2.259836 0.187643 -1.607731 13.160693 0.003792 -0.211309 1.974510 0.036713 -0.725489 5.880523 0.000000 -0.000001 0.000017 -9.532517 -0.000049 -0.000021 0.196452 -1.645415 13.160944 0.205814 -1.625532 14.278020 0.036436 -0.752303 5.880557 0.000001 -0.000002 -0.000008 -9.103607 -0.043089 -1.865131 0.385949 -2.288593 19.289557 0.171315 -1.554932 12.657278 0.040608 -0.744667 6.016683 -0.000000 -0.000000 0.000003 -8.076676 -0.486714 -3.806278 0.888294 -3.406298 29.721821 -0.000769 -0.176873 2.246728 0.028017 -0.789330 6.016609 -0.000001 0.000001 -0.000001 4.570445 11.014704 -2.160855 4.277972 -8.796040 25.999774 -50.048324 -38.401489 -11.211642 -0.000088 -50.344020 -0.000042 -3.804455 3.790370 25.048325 2.466156 -1.576196 2.681750 -3.074602 10.549495 15.520751 4.126573 13.590309 1.096800 -0.821918 0.916485 2.391518 0.000000 0.000004 0.000004 9.109302 -0.518056 2.259881 0.068348 -0.969784 8.021123 0.011831 0.409225 -3.293402 0.033634 0.674120 -5.658390 -0.000003 0.000003 0.000001 9.533419 0.000037 0.000056 0.021934 -0.550204 4.534356 0.024245 0.582219 -4.810358 0.088375 1.103123 -9.161276 0.000000 -0.000001 -0.000000 9.104517 -0.043029 -1.865060 0.003194 -0.210076 1.746794 0.051587 0.842336 -6.997793 0.139286 1.379990 -11.514651 0.000003 0.000002 0.000004 8.077806 -0.486867 -3.806252 0.075614 4.439404 -0.748151 0.230363 -2.501144 -13.748395 0.271495 1.718740 -14.519225 -0.000000 -0.000000 0.000003 -8.207794 -6.751682 -1.599565 -13.651538 -2.113091 7.070804 51.034357 -6.498497 6.256905 -2.166291 -8.298049 3.068715 -24.779288 -0.090104 2.966249 -0.000000 -0.000001 0.000000 8.207784 -6.751721 -1.599564 -29.303950 -9.914607 4.371301 50.852825 -7.549468 6.893876 -22.470071 -12.034203 0.099161 -0.329312 0.000008 0.000002 0.000000 -0.000001 -0.000000 
5.522693 96.274223 81.907860 -180.979509 -46.450733 167.311781 -0.000002 10.181591 0.131516 -2.824922 -12.366191 -3.088026 2.617646 -1.421692 8.282200 2.807810 -1.465680 8.215002 0.000003 16.740402 -2.049047 7.368101 -2.143544 -2.729919 -0.000002 9.617872 1.685021 17.396482 -14.235937 -3.129412 0.000004 22.037369 7.501093 0.000001 -0.000001 0.000000 -4.569973 11.014945 -2.160884 -7.088233 -21.554656 -20.842418 -33.857565 -0.452402 -12.572470 -0.000020 58.446441 0.000013 -17.904772 11.704865 -18.267163 -2.464811 -1.573974 2.681849 -2.591561 -5.784495 -15.442491 5.122758 -17.557613 -0.755087 -1.560137 0.883064 -1.926116 0.000003 -0.000005 -0.000005 -9.108296 -0.517863 2.259840 0.175815 -1.556921 12.732308 0.004962 -0.244445 2.246736 0.038423 -0.741995 6.016674 -0.000000 0.000001 -0.000001 -9.532501 -0.000044 -0.000019 0.184342 -1.594669 12.732543 0.213883 -1.657705 14.550482 0.038147 -0.768790 6.016687 -0.000000 -0.000000 0.000001 -9.103597 -0.043075 -1.865129 0.369327 -2.240168 18.868806 0.165610 -1.529463 12.443119 0.039216 -0.731707 5.909645 0.000000 0.000000 -0.000007 -8.076687 -0.486711 -3.806272 0.863412 -3.361531 29.300262 -0.001157 -0.150774 2.032688 0.026855 -0.776347 5.909570 -0.000001 0.000001 -0.000003 4.570440 11.014750 -2.160863 5.012439 -10.268573 26.033481 -51.041416 -37.222366 -11.805251 -0.000073 -50.707372 -0.000041 -5.249468 2.631874 23.523327 2.466141 -1.576212 2.681744 -3.074604 10.549500 15.520749 4.126574 13.590303 1.096800 -0.821917 0.916490 2.391517 0.000002 0.000004 0.000005 9.109307 -0.518061 2.259877 0.066910 -0.959606 7.936080 0.009879 0.374249 -3.003097 0.031930 0.656686 -5.513229 0.000001 0.000001 0.000001 9.533407 0.000016 0.000048 0.021115 -0.539978 4.449337 0.021401 0.547308 -4.520066 0.085609 1.085845 -9.016086 -0.000001 0.000000 -0.000005 9.104535 -0.043042 -1.865070 0.001487 -0.143723 1.196919 0.053716 0.859472 -7.140951 0.141014 1.388427 -11.586264 0.000004 0.000000 0.000000 8.077775 -0.486904 -3.806249 0.118609 4.504817 -1.299806 0.235009 -2.484493 -13.891337 0.273911 1.727018 -14.590870 0.000002 0.000001 0.000004 -8.207784 -6.751657 -1.599569 -12.931582 -0.879715 6.900490 51.247090 -6.436719 6.694503 -1.472986 -6.932401 2.312921 -25.685422 -0.082218 2.831521 -0.000000 -0.000002 -0.000000 8.207791 -6.751700 -1.599566 -28.112343 -9.792721 4.129558 50.586813 -7.546348 7.133020 -23.020767 -11.128764 0.280657 0.383192 0.000008 -0.000000 -0.000000 0.000001 0.000000 
5.057535 96.078560 81.931320 -179.024231 -44.641840 169.068943 -0.000002 10.181584 0.131513 -2.093780 -11.406285 -2.430018 3.101121 -1.294013 7.718970 3.264277 -1.326102 7.649200 -0.000003 16.740377 -2.049048 7.067321 -2.128297 -2.579684 0.000005 9.617884 1.685008 16.979690 -13.931634 -3.272476 0.000004 22.037369 7.501091 0.000000 -0.000001 0.000000 -4.569974 11.014901 -2.160897 -6.739651 -21.287027 -19.214569 -35.980497 2.597990 -12.092222 -0.000034 57.909684 0.000009 -19.691026 10.682900 -14.808571 -2.464808 -1.573968 2.681839 -2.591561 -5.784492 -15.442487 5.122757 -17.557625 -0.755090 -1.560137 0.883066 -1.926123 0.000001 -0.000001 0.000002 -9.108277 -0.517879 2.259833 0.164560 -1.506959 12.311898 0.004027 -0.218381 2.032709 0.037059 -0.729002 5.909624 0.000000 0.000001 -0.000001 -9.532504 -0.000041 -0.000027 0.172810 -1.544769 12.312119 0.207528 -1.632412 14.336292 0.036795 -0.755831 5.909635 0.000000 0.000000 -0.000003 -9.103589 -0.043096 -1.865133 0.370743 -2.244389 18.905487 0.160118 -1.504455 12.232907 0.037882 -0.718988 5.804603 -0.000000 -0.000000 0.000004 -8.076686 -0.486729 -3.806281 0.865552 -3.365417 29.337025 -0.001447 -0.125160 1.822646 0.025731 -0.763589 5.804534 -0.000000 0.000000 -0.000003 4.570443 11.014717 -2.160872 4.444468 -9.004448 26.639415 -53.886709 -37.098978 -15.089339 -0.000070 -49.723354 -0.000031 -6.561023 0.823926 20.985980 2.466152 -1.576212 2.681741 -3.074604 10.549500 15.520751 4.126577 13.590307 1.096798 -0.821920 0.916480 2.391521 0.000004 0.000000 0.000000 9.109311 -0.518025 2.259872 0.059840 -0.907764 7.502303 0.010136 0.379363 -3.045630 0.032180 0.659242 -5.534494 0.000001 0.000001 0.000007 9.533417 0.000025 0.000047 0.017234 -0.487784 4.015631 0.021822 0.552410 -4.562549 0.085988 1.088368 -9.037361 0.000001 0.000000 -0.000003 9.104529 -0.043027 -1.865067 0.000199 -0.052826 0.443680 0.057924 0.892371 -7.415951 0.144365 1.404688 -11.723806 -0.000002 -0.000000 -0.000000 8.077797 -0.486871 -3.806254 0.178579 4.593785 -2.055663 0.244030 -2.452558 -14.165872 0.278586 1.742949 -14.728473 0.000001 -0.000000 0.000002 -8.207783 -6.751668 -1.599570 -12.056764 0.766303 5.901116 52.120695 -6.525921 7.357488 -1.882460 -4.727422 0.558762 -25.991593 -0.085142 2.875006 -0.000001 -0.000001 0.000000 8.207795 -6.751699 -1.599570 -26.753568 -8.832667 4.021330 50.938417 -7.863805 6.959422 -23.030488 -9.438232 0.142021 1.331628 -0.000009 -0.000005 -0.000000 -0.000002 -0.000000 
4.458076 95.705650 82.001228 -176.965338 -41.327490 170.947614 -0.000001 10.181579 0.131523 -1.171835 -10.317149 -1.167168 3.609957 -1.159159 6.755206 3.736213 -1.180957 6.684435 0.000002 16.740377 -2.049035 6.514362 -1.976688 -2.385923 -0.000000 9.617887 1.685012 16.913109 -12.974617 -3.362545 0.000005 22.037354 7.501093 -0.000008 -0.000001 0.000001 -4.569964 11.014931 -2.160886 -6.477784 -21.045469 -18.065125 -38.721883 8.326943 -11.208736 -0.000024 56.943058 0.000017 -19.454761 9.713122 -10.113782 -2.464800 -1.573980 2.681851 -2.591560 -5.784492 -15.442494 5.122760 -17.557616 -0.755100 -1.560136 0.883064 -1.926123 0.000001 -0.000003 0.000011 -9.108299 -0.517885 2.259839 0.165543 -1.511333 12.348578 0.003206 -0.192806 1.822657 0.035767 -0.716276 5.804588 0.000000 0.000001 -0.000007 -9.532515 -0.000044 -0.000018 0.173817 -1.549138 12.348795 0.201376 -1.607554 14.126056 0.035497 -0.743086 5.804610 0.000000 0.000000 0.000001 -9.103609 -0.043084 -1.865126 0.393016 -2.308820 19.465551 0.160592 -1.506631 12.251245 0.037984 -0.720104 5.813728 -0.000000 0.000001 0.000006 -8.076679 -0.486736 -3.806270 0.898802 -3.424956 29.898183 -0.001425 -0.127408 1.840966 0.025822 -0.764720 5.813682 0.000000 0.000001 0.000007 4.570442 11.014699 -2.160857 2.734200 -5.570486 27.339763 -57.096744 -37.750589 -19.311590 -0.000069 -47.583169 -0.000028 -7.960300 -2.058085 16.367676 2.466122 -1.576198 2.681735 -3.074604 10.549498 15.520749 4.126579 13.590308 1.096809 -0.821919 0.916479 2.391509 -0.000002 0.000003 0.000000 9.109299 -0.518036 2.259863 0.049962 -0.829743 6.850534 0.011610 0.405487 -3.262462 0.033443 0.672254 -5.642929 -0.000001 -0.000000 -0.000004 9.533381 0.000042 0.000043 0.012134 -0.409309 3.363975 0.023951 0.578497 -4.779417 0.088068 1.101307 -9.145814 -0.000000 -0.000001 0.000001 9.104514 -0.043013 -1.865077 0.000376 0.072090 -0.591453 0.063945 0.937433 -7.792678 0.149026 1.426932 -11.912241 0.000001 -0.000000 -0.000001 8.077776 -0.486844 -3.806260 0.262898 4.714717 -3.094687 0.256641 -2.408889 -14.541971 0.285048 1.764750 -14.916986 0.000000 0.000000 -0.000001 -8.207786 -6.751673 -1.599555 -11.222671 1.986564 4.507583 53.444816 -6.975252 7.579554 -3.286344 -2.027217 -2.008556 -25.803620 -0.100892 3.115979 -0.000001 -0.000002 0.000000 8.207798 -6.751706 -1.599548 -25.365852 -7.561209 3.992013 51.849554 -8.055296 6.287011 -23.328270 -7.541521 1.157047 2.228547 0.000003 -0.000002 0.000000 -0.000001 -0.000000 
3.753648 95.291245 81.953300 -175.565546 -36.871974 172.499187 -0.000005 10.181582 0.131525 -0.578199 -9.319533 0.069133 3.911533 -1.043357 5.747010 4.004936 -1.062385 5.679251 0.000004 16.740391 -2.049029 5.963332 -1.690045 -2.252704 0.000000 9.617844 1.684999 17.191600 -11.503031 -3.350557 0.000001 22.037354 7.501100 -0.000002 -0.000001 0.000001 -4.569962 11.014918 -2.160883 -6.307346 -20.524944 -17.992334 -41.154321 15.788018 -9.817662 -0.000003 55.026285 0.000004 -17.155410 9.825207 -3.735163 -2.464811 -1.573967 2.681841 -2.591562 -5.784493 -15.442496 5.122758 -17.557623 -0.755096 -1.560141 0.883073 -1.926125 0.000003 -0.000008 -0.000001 -9.108288 -0.517846 2.259834 0.180628 -1.577774 12.908141 0.003262 -0.195044 1.840964 0.035872 -0.717392 5.813745 -0.000000 -0.000000 -0.000000 -9.532499 -0.000033 -0.000023 0.189271 -1.615496 12.908381 0.201896 -1.609734 14.144364 0.035611 -0.744219 5.813784 -0.000000 -0.000000 0.000003 -9.103605 -0.043050 -1.865130 0.439505 -2.437295 20.588524 0.167943 -1.539920 12.531016 0.039780 -0.737027 5.953578 0.000000 0.000000 0.000005 -8.076693 -0.486701 -3.806277 0.967189 -3.543319 31.023368 -0.001009 -0.161492 2.120548 0.027326 -0.781672 5.953518 -0.000000 0.000000 -0.000000 4.570445 11.014700 -2.160860 0.508978 -1.246308 27.822164 -58.915156 -38.554598 -22.374014 -0.000062 -45.004072 -0.000025 -8.913149 -6.129379 8.533246 2.466129 -1.576208 2.681737 -3.074597 10.549499 15.520753 4.126573 13.590303 1.096808 -0.821915 0.916488 2.391512 0.000004 0.000003 0.000000 9.109287 -0.518054 2.259874 0.038127 -0.725139 5.977949 0.014001 0.444745 -3.588292 0.035408 0.691813 -5.805852 -0.000000 0.000001 0.000004 9.533398 0.000008 0.000045 0.006694 -0.304183 2.491515 0.027323 0.617664 -5.105265 0.091234 1.120689 -9.308772 0.000000 0.000000 0.000000 9.104538 -0.043035 -1.865073 0.005254 0.269669 -2.229255 0.072694 0.999275 -8.310381 0.155548 1.457480 -12.171188 -0.000001 0.000001 -0.000002 8.077782 -0.486858 -3.806258 0.400779 4.902887 -4.739387 0.274452 -2.348969 -15.058774 0.294041 1.794673 -15.176045 0.000000 0.000001 0.000003 -8.207778 -6.751672 -1.599563 -10.826370 2.609082 3.069850 54.795869 -7.865656 6.738210 -5.140061 0.782846 -4.659228 -25.549289 -0.126486 3.466490 0.000000 -0.000001 0.000001 8.207795 -6.751705 -1.599554 -24.057253 -6.350222 3.843696 52.659707 -8.351329 5.161415 -23.863392 -4.970610 2.387087 1.791022 0.000001 -0.000005 -0.000000 -0.000000 -0.000000 
2.984578 94.932114 81.713493 -175.106516 -31.487158 173.765927 -0.000004 10.181582 0.131522 -0.704395 -8.254939 0.885330 3.933240 -0.923358 4.833684 4.000542 -0.945660 4.774137 0.000006 16.740406 -2.049027 5.624662 -1.321313 -2.181416 -0.000002 9.617891 1.685012 17.621000 -9.725273 -3.227515 0.000003 22.037338 7.501098 0.000004 0.000000 0.000001 -4.569965 11.014917 -2.160882 -6.232777 -19.826936 -18.898058 -42.806237 24.212717 -8.062850 -0.000006 52.267504 -0.000001 -14.091404 10.550434 4.129444 -2.464796 -1.573972 2.681843 -2.591562 -5.784491 -15.442484 5.122763 -17.557623 -0.755097 -1.560137 0.883069 -1.926112 0.000001 -0.000003 0.000002 -9.108275 -0.517899 2.259835 0.212826 -1.710568 14.030109 0.004387 -0.229096 2.120577 0.037622 -0.734345 5.953583 -0.000000 -0.000000 -0.000001 -9.532502 -0.000058 -0.000026 0.222206 -1.748114 14.030392 0.210122 -1.642795 14.424221 0.037353 -0.761171 5.953574 -0.000000 -0.000001 -0.000001 -9.103580 -0.043083 -1.865132 0.518539 -2.639457 22.372720 0.183170 -1.606512 13.091961 0.043516 -0.770994 6.233890 -0.000000 -0.000000 0.000000 -8.076684 -0.486722 -3.806280 1.080578 -3.728503 32.811245 0.000317 -0.229817 2.681082 0.030474 -0.815696 6.233815 -0.000001 -0.000001 -0.000001 4.570442 11.014712 -2.160853 -1.594992 2.886138 28.176936 -58.283281 -38.970580 -22.964578 -0.000052 -42.662099 -0.000030 -8.899077 -11.116788 -2.433768 2.466133 -1.576204 2.681742 -3.074598 10.549499 15.520749 4.126573 13.590308 1.096800 -0.821915 0.916486 2.391521 -0.000002 0.000003 -0.000008 9.109298 -0.518052 2.259870 0.023684 -0.571726 4.701064 0.017534 0.497250 -4.024532 0.038119 0.718009 -6.023978 -0.000001 0.000000 -0.000004 9.533399 0.000035 0.000045 0.001630 -0.150184 1.214774 0.032195 0.670083 -5.541518 0.095542 1.146657 -9.526972 -0.000001 0.000000 -0.000002 9.104531 -0.043012 -1.865072 0.027229 0.613005 -5.080561 0.087697 1.096960 -9.129558 0.166142 1.505730 -12.580885 0.000002 -0.000000 0.000002 8.077788 -0.486862 -3.806260 0.653646 5.220793 -7.604722 0.303725 -2.254528 -15.876510 0.308546 1.841927 -15.585942 -0.000001 -0.000000 0.000001 -8.207787 -6.751672 -1.599568 -11.221815 3.240814 1.650550 55.964279 -8.916826 5.095158 -6.755524 2.787449 -6.822212 -25.668320 -0.157656 3.838731 -0.000000 -0.000002 0.000001 8.207792 -6.751716 -1.599568 -23.051345 -4.674775 3.308478 53.061462 -8.674629 4.020795 -24.709902 -1.687451 3.682576 1.016029 0.000016 -0.000072 -0.000000 -0.000001 0.000000 
2.225983 94.700027 81.352913 -175.218285 -25.270332 174.977630 -0.000005 10.181593 0.131525 -1.285446 -6.736981 1.330497 3.714411 -0.751511 3.935246 3.758312 -0.776446 3.889593 -0.000000 16.740398 -2.049026 5.524835 -0.946031 -2.087151 -0.000001 9.617899 1.685019 18.002065 -7.834726 -3.040485 -0.000001 22.037369 7.501095 0.000000 0.000000 0.000000 -4.569973 11.014922 -2.160879 -6.214365 -19.192524 -20.135104 -43.684449 32.923732 -6.344613 -0.000011 49.583311 -0.000015 -11.521567 9.977967 12.404510 -2.464792 -1.573966 2.681846 -2.591558 -5.784496 -15.442486 5.122758 -17.557625 -0.755096 -1.560136 0.883064 -1.926127 0.000000 -0.000001 -0.000001 -9.108281 -0.517844 2.259830 0.269296 -1.920124 15.812620 0.007155 -0.297343 2.681094 0.041242 -0.768310 6.233879 -0.000000 0.000000 -0.000001 -9.532514 -0.000025 -0.000025 0.279840 -1.957361 15.812982 0.227096 -1.708971 14.985220 0.040963 -0.795125 6.233885 -0.000000 0.000000 0.000003 -9.103578 -0.043071 -1.865128 0.642851 -2.924930 24.933406 0.208694 -1.711973 13.983040 0.049763 -0.824877 6.679162 -0.000001 -0.000001 0.000000 -8.076689 -0.486709 -3.806269 1.253281 -3.987798 35.377518 0.003808 -0.338300 3.571453 0.035799 -0.869690 6.679070 0.000000 -0.000000 0.000000 4.570446 11.014707 -2.160853 -3.491500 6.646297 28.759321 -55.719269 -38.895912 -21.431795 -0.000051 -40.821179 -0.000035 -8.178667 -16.495964 -14.457547 2.466136 -1.576213 2.681747 -3.074597 10.549502 15.520758 4.126573 13.590308 1.096793 -0.821916 0.916485 2.391529 0.000003 0.000005 -0.000003 9.109300 -0.518028 2.259878 0.007054 -0.312181 2.545578 0.023456 0.574081 -4.662953 0.042265 0.756303 -6.343233 0.000001 -0.000001 0.000001 9.533422 0.000037 0.000051 0.000876 0.109905 -0.940585 0.040056 0.746733 -6.179980 0.102036 1.184643 -9.846298 0.000001 -0.000001 0.000001 9.104521 -0.043037 -1.865064 0.100996 1.177420 -9.799785 0.117128 1.266459 -10.555721 0.185415 1.589564 -13.294201 0.000002 -0.000000 0.000001 8.077787 -0.486854 -3.806250 1.106444 5.717919 -12.352556 0.357884 -2.091159 -17.300003 0.334608 1.923949 -16.299570 -0.000000 -0.000002 -0.000002 -8.207784 -6.751667 -1.599558 -12.306882 4.476389 0.281175 56.962480 -9.587303 3.418862 -7.735119 2.895132 -8.266400 -25.892060 -0.185309 4.125105 0.000000 0.000002 0.000000 8.207794 -6.751716 -1.599555 -22.197585 -1.866463 2.608400 52.857188 -7.987055 3.194374 -25.757883 0.942897 4.489024 0.877503 0.000016 -0.000207 -0.000000 -0.000001 0.000000 
1.573969 94.654953 80.989891 -175.321899 -18.301412 176.314694 -0.000004 10.181595 0.131508 -1.487752 -4.539165 1.558297 3.315755 -0.501572 2.952315 3.337711 -0.523164 2.924826 0.000002 16.740395 -2.049030 5.504020 -0.604968 -1.913896 -0.000000 9.617887 1.685006 18.306355 -5.951696 -2.841402 0.000000 22.037369 7.501081 -0.000003 -0.000000 -0.000000 -4.569968 11.014928 -2.160881 -6.187955 -18.682555 -21.122971 -43.832507 41.227660 -5.167234 -0.000010 47.991365 0.000004 -9.225657 6.421379 18.967558 -2.464811 -1.573953 2.681853 -2.591562 -5.784498 -15.442491 5.122758 -17.557623 -0.755089 -1.560141 0.883071 -1.926123 0.000002 -0.000004 0.000000 -9.108294 -0.517845 2.259840 0.361653 -2.217430 18.370557 0.012912 -0.405695 3.571475 0.047344 -0.822215 6.679139 0.000003 -0.000002 -0.000002 -9.532527 -0.000014 -0.000023 0.373853 -2.254157 18.371033 0.255377 -1.813724 15.876447 0.047041 -0.849044 6.679133 0.000000 -0.000003 0.000001 -9.103586 -0.043050 -1.865129 0.834295 -3.307544 28.453796 0.248174 -1.862564 15.261592 0.059478 -0.902112 7.317953 0.000001 0.000001 0.000000 -8.076693 -0.486697 -3.806275 1.509283 -4.330938 38.906076 0.011758 -0.493788 4.848809 0.044183 -0.947078 7.317856 0.000001 -0.000003 -0.000003 4.570440 11.014718 -2.160850 -5.587031 10.619272 29.771896 -52.621215 -38.880278 -19.173091 -0.000046 -39.511565 -0.000018 -7.294146 -20.784488 -24.492604 2.466141 -1.576202 2.681738 -3.074600 10.549502 15.520748 4.126577 13.590314 1.096808 -0.821920 0.916483 2.391520 -0.000001 0.000005 -0.000007 9.109300 -0.518024 2.259873 0.001344 0.136574 -1.173895 0.035380 0.703560 -5.740756 0.049750 0.820893 -6.882169 0.000002 0.000001 -0.000000 9.533398 0.000039 0.000043 0.022569 0.558157 -4.660175 0.055241 0.875878 -7.257865 0.113468 1.248643 -10.385359 0.000001 -0.000000 0.000003 9.104535 -0.043017 -1.865077 0.286347 1.968751 -16.543425 0.175064 1.545152 -12.916175 0.219611 1.727748 -14.474694 0.000001 -0.000001 -0.000001 8.077792 -0.486878 -3.806254 1.822081 6.359403 -19.147291 0.456373 -1.823886 -19.655638 0.379984 2.058930 -17.480641 0.000001 0.000002 -0.000009 -8.207787 -6.751664 -1.599575 -13.665138 6.005609 -1.010630 57.733581 -9.662792 2.012961 -8.595293 1.055207 -8.646225 -24.955568 -0.196864 4.228154 -0.000000 -0.000001 -0.000002 8.207788 -6.751688 -1.599567 -21.061329 1.960039 2.018347 52.024407 -5.975346 2.421980 -26.768649 2.220480 5.039711 1.453859 0.008592 -0.365386 -0.000000 -0.000001 -0.000000 
1.094906 94.801369 80.699570 -175.050631 -10.771423 177.836420 -0.000006 10.181572 0.131526 -0.730079 -1.849630 1.608153 2.796816 -0.190836 1.871154 2.802240 -0.204756 1.861616 0.000000 16.740370 -2.049039 5.379480 -0.293037 -1.690024 0.000001 9.617876 1.685003 18.643503 -4.140314 -2.626706 0.000001 22.037354 7.501098 0.000001 0.000001 -0.000000 -4.569972 11.014915 -2.160884 -6.074388 -18.064076 -21.788131 -42.934815 48.473665 -5.054774 -0.000008 47.780646 0.000016 -6.315490 0.056385 21.282403 -2.464792 -1.573968 2.681844 -2.591558 -5.784497 -15.442487 5.122761 -17.557621 -0.755093 -1.560136 0.883064 -1.926127 0.000001 -0.000003 0.000007 -9.108283 -0.517849 2.259829 0.510060 -2.618618 21.886839 0.024096 -0.560970 4.848891 0.056830 -0.899477 7.317933 -0.000001 -0.000000 -0.000000 -9.532521 -0.000028 -0.000036 0.524490 -2.654530 21.887503 0.298805 -1.963217 17.155183 0.056486 -0.926288 7.317959 -0.000003 -0.000001 0.000003 -9.103589 -0.043058 -1.865137 1.124307 -3.796087 33.132431 0.307883 -2.067931 17.018653 0.074221 -1.008024 8.195702 0.000000 -0.000003 -0.000003 -8.076690 -0.486676 -3.806290 1.881234 -4.761070 43.596233 0.028327 -0.707089 6.603960 0.057110 -1.053250 8.195600 0.000001 -0.000003 -0.000003 4.570440 11.014719 -2.160853 -8.140990 15.134816 31.075568 -49.657408 -39.429070 -16.891362 -0.000048 -39.053717 -0.000003 -5.963164 -21.567770 -30.061647 2.466133 -1.576202 2.681740 -3.074602 10.549503 15.520753 4.126571 13.590307 1.096799 -0.821918 0.916483 2.391521 0.000001 0.000005 0.000000 9.109308 -0.518042 2.259877 0.050026 0.830202 -6.938478 0.061677 0.926427 -7.600867 0.064096 0.932180 -7.812247 -0.000002 -0.000003 0.000000 9.533404 0.000015 0.000052 0.113486 1.247532 -10.425776 0.087174 1.098011 -9.118151 0.134623 1.358854 -11.315713 0.000001 -0.000004 0.000005 9.104542 -0.043027 -1.865067 0.620227 2.860746 -24.455170 0.277643 1.938552 -16.288534 0.273356 1.923829 -16.161028 -0.000000 0.000000 0.000005 8.077803 -0.486874 -3.806250 2.752037 6.997615 -27.130749 0.615867 -1.449734 -23.020301 0.449588 2.250057 -19.167883 -0.000001 0.000004 -0.000001 -8.207787 -6.751687 -1.599556 -14.936971 7.100671 -2.253619 57.990492 -9.687088 0.751900 -10.651865 -0.623481 -7.000313 -21.260219 -0.183176 4.105426 0.000001 0.000002 -0.000002 8.207790 -6.751721 -1.599555 -19.274941 5.975505 1.579024 50.550425 -3.421330 1.205504 -27.356236 2.964824 4.881810 2.010572 0.001454 -0.324702 0.000000 -0.000000 -0.000000 
0.794317 95.065208 80.496880 -174.592804 -3.182682 179.366259 -0.000005 10.181582 0.131527 0.577403 0.856669 1.572995 2.220972 0.132613 0.702051 2.220116 0.124416 0.705165 0.000002 16.740389 -2.049038 5.140843 -0.000084 -1.472884 0.000001 9.617887 1.685012 19.083998 -2.456808 -2.333633 0.000002 22.037338 7.501100 -0.000003 0.000000 0.000000 -4.569965 11.014907 -2.160883 -5.771130 -16.865805 -22.426451 -40.320212 54.086981 -6.518746 -0.000010 48.453208 0.000021 -2.848768 -7.358819 18.504009 -2.464800 -1.573964 2.681849 -2.591558 -5.784490 -15.442482 5.122759 -17.557621 -0.755101 -1.560139 0.883069 -1.926114 -0.000000 -0.000006 -0.000004 -9.108284 -0.517847 2.259839 0.744729 -3.135850 26.559296 0.045118 -0.773804 6.604119 0.071244 -1.005433 8.195685 -0.000001 -0.000000 -0.000001 -9.532500 -0.000026 -0.000029 0.762046 -3.170468 26.560246 0.363898 -2.166989 18.912527 0.070879 -1.032246 8.195687 0.000002 -0.000006 0.000005 -9.103601 -0.043063 -1.865135 1.524033 -4.348964 38.756109 0.396864 -2.337628 19.352385 0.096311 -1.148308 9.361256 0.000001 -0.000000 -0.000000 -8.076680 -0.486688 -3.806274 2.372841 -5.235234 49.234350 0.060418 -0.989330 8.934740 0.076773 -1.193884 9.361127 0.000000 0.000005 -0.000000 4.570446 11.014724 -2.160860 -10.787463 19.554318 32.410579 -46.484358 -40.034877 -14.149743 -0.000060 -40.066416 -0.000017 -3.855884 -17.348114 -29.853545 2.466136 -1.576169 2.681737 -3.074600 10.549502 15.520749 4.126576 13.590309 1.096805 -0.821920 0.916479 2.391516 -0.000004 -0.000002 -0.000001 9.109288 -0.518028 2.259865 0.217139 1.718877 -14.440553 0.116694 1.269823 -10.483968 0.089876 1.104161 -9.253735 -0.000002 -0.000004 -0.000000 9.533412 0.000048 0.000037 0.334596 2.124350 -17.930645 0.150862 1.439904 -12.001604 0.170928 1.528896 -12.757645 0.000000 0.000001 -0.000007 9.104530 -0.043026 -1.865081 1.027733 3.624055 -31.650509 0.427129 2.390975 -20.242913 0.343678 2.151477 -18.137892 -0.000001 0.000000 -0.000000 8.077798 -0.486852 -3.806266 3.667748 7.460809 -34.397943 0.830323 -1.024018 -26.964397 0.538318 2.471307 -21.145880 -0.000001 -0.000002 -0.000003 -8.207786 -6.751664 -1.599559 -16.195121 7.557542 -3.288844 57.497912 -9.771944 -0.197873 -14.577295 0.231638 -2.676736 -14.545525 -0.126194 3.471541 0.000000 0.000000 -0.000000 8.207791 -6.751693 -1.599549 -17.165915 8.851250 0.911295 48.757264 -0.100698 -0.365062 -26.912253 3.704737 2.693594 1.098841 -0.009032 0.947105 -0.000000 -0.000001 -0.000000 
0.618186 95.348656 80.311050 -174.675203 3.741318 180.643477 -0.000005 10.181593 0.131523 1.327705 3.145663 1.719726 1.644746 0.418912 -0.551792 1.649312 0.411915 -0.543123 0.000001 16.740356 -2.049023 4.966661 0.263225 -1.285805 0.000000 9.617899 1.685007 19.555009 -0.957538 -1.891444 0.000001 22.037384 7.501087 0.000000 0.000000 0.000000 -4.569966 11.014890 -2.160874 -5.144413 -14.609857 -23.232173 -35.493013 57.465359 -9.839623 -0.000018 49.431110 0.000008 0.983179 -13.853283 12.689767 -2.464811 -1.573959 2.681852 -2.591559 -5.784498 -15.442496 5.122752 -17.557619 -0.755087 -1.560135 0.883068 -1.926119 0.000000 -0.000006 0.000000 -9.108281 -0.517849 2.259845 1.081212 -3.729001 32.174706 0.083103 -1.055249 8.935074 0.092914 -1.145765 9.361240 0.000001 0.000003 -0.000002 -9.532519 -0.000040 -0.000016 1.101853 -3.761757 32.176048 0.459961 -2.434276 21.246724 0.092489 -1.172610 9.361257 -0.000000 -0.000002 -0.000002 -9.103606 -0.043053 -1.865126 1.961995 -4.845200 44.216462 0.518134 -2.656327 22.155283 0.126589 -1.316061 10.760732 0.000001 0.000001 0.000001 -8.076693 -0.486700 -3.806269 2.892333 -5.646845 54.708832 0.114054 -1.326092 11.733436 0.104185 -1.362164 10.760556 0.000000 0.000008 -0.000006 4.570442 11.014702 -2.160849 -12.844943 22.822275 33.634444 -43.017887 -39.598869 -10.772040 -0.000065 -42.663305 0.000003 -1.933464 -9.219004 -24.019547 2.466145 -1.576233 2.681731 -3.074603 10.549495 15.520751 4.126574 13.590309 1.096798 -0.821919 0.916478 2.391521 -0.000002 0.000005 -0.000003 9.109313 -0.518055 2.259866 0.513358 2.613342 -22.265336 0.214001 1.711604 -14.235623 0.129896 1.326813 -11.129132 0.000002 -0.000006 0.000004 9.533410 0.000021 0.000039 0.685068 2.999057 -25.759903 0.259328 1.879081 -15.753893 0.224536 1.748666 -14.633733 -0.000001 -0.000011 -0.000005 9.104534 -0.043043 -1.865076 1.315435 4.052768 -35.946145 0.589708 2.792059 -23.836401 0.414328 2.356008 -19.933724 0.000001 -0.000010 0.000009 8.077827 -0.486890 -3.806269 4.239771 7.680886 -38.737554 1.050038 -0.651008 -30.547277 0.625494 2.669504 -22.942829 -0.000000 -0.000003 0.000000 -8.207785 -6.751666 -1.599562 -17.904625 7.646772 -3.680643 56.240959 -9.454008 -0.408864 -19.218815 3.656789 2.986165 -8.344103 0.000002 -0.000003 -0.000000 -0.000000 -0.000000 8.207792 -6.751700 -1.599549 -15.772773 9.224693 -0.600690 47.314629 4.607430 -1.574837 -26.197167 3.803846 0.352265 0.292348 -0.011803 1.082540 -0.000000 0.000000 0.000000 
0.518318 95.549179 80.056381 -175.665867 9.416297 181.715243 -0.000004 10.181576 0.131520 0.881287 4.842791 2.170244 1.106772 0.639821 -1.827751 1.125608 0.633856 -1.818625 0.000002 16.740374 -2.049018 5.029531 0.481189 -1.124684 0.000000 9.617902 1.684998 19.898557 0.318606 -1.271763 0.000002 22.037354 7.501103 0.000001 -0.000000 0.000000 -4.569966 11.014911 -2.160859 -4.117750 -11.220094 -24.075534 -29.180091 58.076682 -14.319393 0.000010 50.640300 -0.000013 5.687858 -18.141280 6.766853 -2.464796 -1.573980 2.681853 -2.591560 -5.784496 -15.442491 5.122757 -17.557619 -0.755095 -1.560141 0.883068 -1.926117 0.000000 -0.000006 -0.000001 -9.108296 -0.517850 2.259834 1.461748 -4.270039 37.626512 0.143775 -1.390732 11.733998 0.122694 -1.313635 10.760674 -0.000003 0.000001 -0.000006 -9.532517 -0.000047 -0.000017 1.485429 -4.300693 37.628281 0.589567 -2.749649 24.050199 0.122214 -1.340493 10.760716 0.000002 0.000003 0.000003 -9.103607 -0.043075 -1.865133 2.269084 -5.142349 47.743087 0.650503 -2.959281 24.874367 0.159856 -1.477975 12.117834 0.000003 0.000003 0.000001 -8.076686 -0.486713 -3.806279 3.247655 -5.885403 58.244418 0.181722 -1.649736 14.447814 0.134659 -1.524655 12.117596 0.000004 0.000009 -0.000007 4.570445 11.014693 -2.160841 -14.041091 24.554902 34.728507 -40.580432 -37.926504 -8.082598 -0.000056 -45.868866 -0.000014 -0.835630 -0.557679 -14.353250 2.466125 -1.576216 2.681730 -3.074605 10.549494 15.520748 4.126577 13.590309 1.096806 -0.821921 0.916481 2.391509 0.000001 -0.000000 0.000002 9.109309 -0.518059 2.259864 0.820504 3.264744 -28.250106 0.345975 2.164153 -18.146822 0.179329 1.557294 -13.083729 0.000002 -0.000003 -0.000000 9.533395 -0.000001 0.000039 1.031683 3.630473 -31.748960 0.402734 2.328150 -19.665887 0.288046 1.975701 -16.589153 0.000003 -0.000007 -0.000001 9.104528 -0.043044 -1.865082 1.318862 4.057481 -35.994554 0.698537 3.026069 -25.980091 0.459491 2.476878 -21.004701 0.000001 -0.000012 -0.000006 8.077789 -0.486893 -3.806270 4.246303 7.683123 -38.786428 1.191983 -0.435367 -32.684091 0.680427 2.786316 -24.014535 -0.000000 0.000006 0.000002 -8.207785 -6.751663 -1.599557 -20.158465 7.526485 -3.042501 54.557099 -6.211915 -0.003681 -22.770387 5.317638 6.000464 -6.190883 0.000002 -0.000000 0.000000 0.000000 0.000000 8.207792 -6.751701 -1.599548 -15.944996 6.767956 -2.645470 46.844156 8.964682 -2.053006 -24.879582 2.487399 -1.661960 -0.883521 -0.011673 1.076713 -0.000000 0.000000 0.000000 
0.480219 95.671173 79.761375 -176.976458 13.528751 182.906360 -0.000006 10.181591 0.131523 -0.237142 6.009756 2.570749 0.649927 0.793845 -2.990621 0.686369 0.792931 -2.983086 -0.000000 16.740431 -2.049035 5.303289 0.647883 -0.997080 0.000000 9.617863 1.685008 19.989722 1.318090 -0.510496 0.000002 22.037354 7.501080 -0.000000 0.000000 -0.000000 -4.569973 11.014934 -2.160882 -2.857078 -7.324725 -24.714917 -23.502088 56.014863 -18.090623 0.000011 52.288640 -0.000015 10.842702 -19.968065 0.805127 -2.464823 -1.573972 2.681854 -2.591555 -5.784494 -15.442487 5.122761 -17.557614 -0.755094 -1.560136 0.883068 -1.926126 0.000002 -0.000006 0.000002 -9.108309 -0.517868 2.259846 1.734087 -4.598927 41.147423 0.218194 -1.712815 14.448575 0.155486 -1.475639 12.117759 -0.000004 -0.000001 0.000004 -9.532518 -0.000046 -0.000007 1.759617 -4.628074 41.149479 0.729888 -3.049052 26.769868 0.154933 -1.502498 12.117826 0.000001 -0.000002 0.000001 -9.103609 -0.043069 -1.865112 2.295790 -5.166519 48.040306 0.743507 -3.151284 26.629236 0.183354 -1.581995 12.993421 0.000001 -0.000002 0.000001 -8.076693 -0.486725 -3.806261 3.278281 -5.904507 58.542419 0.233501 -1.856671 16.199288 0.156360 -1.629058 12.993159 0.000000 0.000002 -0.000002 4.570433 11.014736 -2.160858 -14.635021 25.269583 35.525395 -41.096914 -36.243251 -8.032475 -0.000065 -48.290622 -0.000040 1.021968 5.811478 -4.075911 2.466129 -1.576187 2.681724 -3.074600 10.549500 15.520753 4.126574 13.590307 1.096797 -0.821910 0.916483 2.391522 -0.000004 -0.000001 -0.000001 9.109292 -0.518046 2.259856 0.953054 3.500197 -30.496040 0.467459 2.503189 -21.136213 0.222378 1.732157 -14.577201 0.000000 -0.000003 0.000003 9.533403 0.000028 0.000028 1.178472 3.857379 -33.996672 0.532798 2.664010 -22.655997 0.341763 2.147581 -18.083296 0.000002 -0.000005 0.000004 9.104539 -0.043018 -1.865092 1.051385 3.662038 -32.022546 0.699817 3.028663 -26.004236 0.460011 2.478236 -21.016764 0.000001 0.000002 -0.000005 8.077794 -0.486866 -3.806271 3.716625 7.481573 -34.773781 1.193616 -0.432995 -32.708150 0.681038 2.787639 -24.026594 0.000001 0.000003 -0.000007 -8.207788 -6.751665 -1.599568 -22.084862 7.451874 -1.883177 52.929588 -4.204606 0.368070 -24.702849 6.562313 5.567131 -4.548009 0.000003 -0.000003 0.000000 0.000000 -0.000001 8.207789 -6.751702 -1.599554 -16.754029 2.977454 -4.612975 46.727073 9.009212 -2.261459 -23.291206 0.396148 -1.820989 -2.691763 -0.021164 1.449599 -0.000000 0.000000 0.000000 
0.502059 95.719421 79.552528 -177.723284 15.977855 184.408359 -0.000006 10.181600 0.131530 -0.959543 6.759565 2.336103 0.360012 0.890587 -3.931224 0.412062 0.896120 -3.925131 0.000001 16.740410 -2.049033 5.579597 0.754457 -0.924707 -0.000000 9.617869 1.685019 19.810807 1.929731 0.282185 0.000002 22.037369 7.501090 0.000001 0.000000 0.000000 -4.569969 11.014935 -2.160881 -1.769451 -4.065710 -25.031668 -20.014415 52.325980 -19.775565 0.000031 54.228461 -0.000021 14.580864 -20.321573 -8.028362 -2.464792 -1.573969 2.681851 -2.591564 -5.784491 -15.442487 5.122759 -17.557611 -0.755094 -1.560136 0.883064 -1.926123 -0.000000 -0.000005 0.000004 -9.108287 -0.517866 2.259833 1.757939 -4.625861 41.444188 0.274266 -1.918576 16.200276 0.178671 -1.579723 12.993355 0.000002 -0.000001 -0.000003 -9.532515 -0.000044 -0.000023 1.783623 -4.654873 41.446264 0.827907 -3.238517 28.525173 0.178082 -1.606607 12.993426 0.000000 0.000003 -0.000003 -9.103597 -0.043065 -1.865137 2.054592 -4.938716 45.302241 0.751619 -3.167311 26.777103 0.185406 -1.590745 13.067192 0.000002 -0.000001 -0.000005 -8.076675 -0.486699 -3.806282 3.000169 -5.722653 55.797407 0.238163 -1.874034 16.346866 0.158255 -1.637830 13.066927 -0.000000 -0.000011 -0.000007 4.570434 11.014730 -2.160854 -14.831754 25.559469 35.481719 -45.744024 -35.701187 -11.592679 -0.000078 -49.482460 -0.000037 5.509871 9.425540 4.005706 2.466141 -1.576219 2.681726 -3.074600 10.549500 15.520749 4.126571 13.590301 1.096792 -0.821915 0.916485 2.391522 -0.000001 -0.000001 -0.000003 9.109292 -0.518052 2.259862 0.829499 3.281414 -28.407525 0.517569 2.628629 -22.257537 0.239696 1.797421 -15.137265 -0.000001 0.000005 -0.000002 9.533398 0.000013 0.000039 1.041675 3.646546 -31.906481 0.586072 2.788124 -23.777623 0.363064 2.211664 -18.643652 -0.000001 -0.000001 0.000000 9.104523 -0.043044 -1.865082 0.678797 2.985995 -25.603941 0.598790 2.812502 -24.022095 0.418153 2.366505 -20.026507 0.000000 0.000002 0.000001 8.077793 -0.486862 -3.806270 2.894172 7.079273 -28.290702 1.062011 -0.632109 -30.732392 0.630163 2.679664 -23.035682 0.000001 -0.000009 -0.000001 -8.207789 -6.751667 -1.599556 -22.824769 7.788634 -1.038577 51.805626 -4.540907 0.266475 -25.632561 7.035828 2.447642 -3.085389 0.000003 -0.000001 0.000000 -0.000000 -0.000000 8.207791 -6.751684 -1.599545 -17.046684 -0.029028 -6.059433 46.555655 5.701757 -2.574289 -22.142053 -3.165886 -0.866735 -4.286856 -0.029923 1.495103 0.000000 0.000002 -0.000000 
0.557822 95.615364 79.520477 -177.640120 16.778802 186.021281 -0.000005 10.181589 0.131518 -0.789208 7.094409 1.365730 0.333151 0.929637 -4.635286 0.395444 0.937305 -4.629228 0.000003 16.740393 -2.049029 5.661272 0.777362 -0.901872 0.000001 9.617870 1.685025 19.475441 2.043298 0.935631 0.000001 22.037369 7.501089 -0.000001 -0.000000 0.000000 -4.569965 11.014917 -2.160886 -1.216974 -2.429262 -24.998733 -18.539167 48.380918 -19.506978 0.000005 55.841014 -0.000032 15.822231 -20.184959 -21.161200 -2.464808 -1.573972 2.681828 -2.591558 -5.784494 -15.442486 5.122761 -17.557614 -0.755092 -1.560139 0.883069 -1.926130 -0.000001 -0.000007 0.000001 -9.108307 -0.517868 2.259805 1.543443 -4.373106 38.710544 0.279278 -1.935831 16.347878 0.180697 -1.588493 13.067125 0.000008 0.000006 -0.000002 -9.532523 -0.000045 -0.000055 1.567699 -4.403307 38.712399 0.836429 -3.254351 28.673090 0.180101 -1.615346 13.067195 0.000000 0.000001 0.000001 -9.103619 -0.043072 -1.865154 1.687595 -4.545628 40.865199 0.678521 -3.018725 25.414779 0.166919 -1.510042 12.387493 -0.000001 -0.000005 -0.000001 -8.076698 -0.486708 -3.806302 2.568841 -5.400133 51.348928 0.197008 -1.713637 14.987187 0.141159 -1.556838 12.387248 0.000001 0.000005 -0.000002 4.570438 11.014718 -2.160852 -14.413986 25.392683 34.054449 -54.260081 -35.898774 -18.082625 -0.000071 -50.398607 -0.000028 12.118755 10.904242 9.488413 2.466125 -1.576194 2.681734 -3.074596 10.549496 15.520753 4.126578 13.590301 1.096803 -0.821913 0.916488 2.391522 -0.000000 0.000002 0.000000 9.109312 -0.518022 2.259870 0.546071 2.691943 -22.972254 0.470906 2.512035 -21.214841 0.223577 1.736732 -14.616473 -0.000000 -0.000004 -0.000002 9.533409 0.000043 0.000045 0.722547 3.075513 -26.467284 0.536455 2.672750 -22.734645 0.343240 2.152066 -18.122601 -0.000001 0.000000 -0.000003 9.104523 -0.043020 -1.865073 0.365120 2.216482 -18.700453 0.451407 2.455727 -20.816876 0.354535 2.184288 -18.424765 -0.000000 0.000001 0.000001 8.077803 -0.486861 -3.806259 2.066593 6.546150 -21.322802 0.863855 -0.963509 -27.536732 0.551824 2.503157 -21.432927 -0.000000 -0.000000 -0.000005 -8.207783 -6.751669 -1.599565 -22.496464 8.476974 -1.014148 51.388065 -6.189166 -0.183108 -26.303685 6.552889 -1.281140 -1.922042 -0.000008 -0.000001 0.000000 0.000001 -0.000000 8.207793 -6.751714 -1.599566 -16.780475 -1.489224 -7.161653 46.320226 -0.238766 -2.798459 -21.549786 -5.594688 0.485712 -5.152122 -0.013446 1.154637 0.000000 -0.000000 0.000000 
0.616069 95.417419 79.649406 -177.061958 16.020359 187.241139 -0.000006 10.181599 0.131517 -0.029899 6.915362 0.237082 0.544585 0.900443 -5.113772 0.609662 0.903884 -5.106557 -0.000000 16.740395 -2.049037 5.526622 0.695657 -0.869156 -0.000001 9.617898 1.684999 19.188143 1.681910 1.301538 0.000001 22.037354 7.501103 -0.000001 -0.000000 0.000000 -4.569964 11.014939 -2.160888 -1.272172 -2.642640 -24.562018 -18.072530 44.997375 -18.231809 -0.000006 56.605524 -0.000000 15.917438 -19.056078 -35.864152 -2.464800 -1.573966 2.681834 -2.591557 -5.784490 -15.442479 5.122759 -17.557623 -0.755101 -1.560142 0.883068 -1.926126 -0.000000 0.000002 0.000002 -9.108287 -0.517871 2.259829 1.222090 -3.942319 34.280487 0.234797 -1.776363 14.987993 0.162464 -1.507731 12.387405 -0.000004 -0.000004 -0.000005 -9.532515 -0.000046 -0.000020 1.243925 -3.974298 34.282000 0.759454 -3.107730 27.310385 0.161890 -1.534585 12.387477 0.000001 -0.000009 0.000006 -9.103595 -0.043080 -1.865140 1.301892 -4.055979 35.725643 0.567585 -2.774130 23.205781 0.138982 -1.378707 11.285112 -0.000002 0.000001 -0.000001 -8.076685 -0.486690 -3.806279 2.102135 -4.985764 46.196049 0.138396 -1.451524 12.782194 0.115482 -1.425036 11.284898 0.000004 -0.000003 0.000003 4.570434 11.014729 -2.160854 -13.168066 24.295215 31.487070 -64.404039 -35.646218 -25.490785 -0.000075 -52.275655 -0.000039 18.559545 10.874512 13.550561 2.466141 -1.576198 2.681744 -3.074601 10.549501 15.520749 4.126577 13.590303 1.096801 -0.821917 0.916488 2.391521 -0.000004 0.000003 -0.000001 9.109318 -0.518046 2.259875 0.269413 1.910815 -16.090725 0.359395 2.204541 -18.499991 0.184175 1.577994 -13.260195 -0.000003 0.000001 0.000006 9.533404 0.000022 0.000049 0.398521 2.312746 -19.581635 0.417183 2.368175 -20.019136 0.294156 1.996080 -16.765693 -0.000001 0.000002 0.000001 9.104515 -0.043029 -1.865065 0.170324 1.525053 -12.739029 0.315303 2.062968 -17.366849 0.291758 1.986147 -16.700178 0.000001 -0.000002 0.000004 8.077784 -0.486859 -3.806252 1.408892 6.007927 -15.312712 0.671443 -1.332163 -24.095960 0.473037 2.310704 -19.707297 -0.000000 -0.000007 0.000003 -8.207787 -6.751668 -1.599561 -21.791696 8.819212 -1.667679 51.487656 -7.087460 -0.550143 -26.459217 5.071296 -3.408335 -0.966083 0.000005 0.000001 0.000000 0.000001 0.000000 8.207793 -6.751692 -1.599557 -16.463003 -2.313068 -8.034001 46.301497 -4.044655 -2.840166 -21.486775 -7.909874 0.800613 -5.381665 -0.001601 0.398742 -0.000000 -0.000000 -0.000000 
0.695312 95.241219 79.869980 -176.299286 13.940398 187.484444 -0.000006 10.181588 0.131524 0.887509 6.149996 -0.419714 0.781034 0.800326 -5.283142 0.839585 0.795402 -5.275577 0.000002 16.740393 -2.049033 5.323307 0.521120 -0.749109 0.000002 9.617901 1.685024 19.108740 1.055255 1.359196 0.000001 22.037338 7.501098 0.000000 0.000000 0.000000 -4.569966 11.014910 -2.160883 -1.731197 -4.171325 -23.658804 -17.698431 42.244177 -16.973660 -0.000000 56.525023 -0.000016 17.266426 -16.440025 -47.235635 -2.464811 -1.573968 2.681836 -2.591559 -5.784496 -15.442491 5.122761 -17.557618 -0.755092 -1.560143 0.883069 -1.926126 0.000002 -0.000011 0.000001 -9.108309 -0.517848 2.259827 0.892673 -3.413546 29.148809 0.170721 -1.515599 12.782847 0.134899 -1.376338 11.285064 -0.000008 0.000000 -0.000002 -9.532541 -0.000029 -0.000038 0.911540 -3.447350 29.149950 0.642107 -2.866120 25.100935 0.134386 -1.403186 11.285107 -0.000003 -0.000003 0.000001 -9.103626 -0.043064 -1.865148 0.904750 -3.434932 29.651914 0.450877 -2.485401 20.645186 0.109784 -1.225776 10.006830 -0.000004 -0.000001 -0.000000 -8.076704 -0.486698 -3.806282 1.601170 -4.444002 40.107069 0.083105 -1.145002 10.225727 0.088901 -1.271599 10.006635 0.000003 0.000007 0.000000 4.570447 11.014712 -2.160853 -11.395805 22.000937 29.048504 -73.128766 -34.558906 -32.130562 -0.000084 -55.071344 -0.000041 23.287996 9.765441 17.141736 2.466121 -1.576189 2.681742 -3.074600 10.549500 15.520751 4.126567 13.590301 1.096801 -0.821917 0.916485 2.391523 -0.000002 0.000006 -0.000005 9.109303 -0.518016 2.259876 0.094785 1.140789 -9.539792 0.239249 1.807828 -15.060692 0.139667 1.375576 -11.541506 -0.000004 -0.000001 -0.000003 9.533391 0.000046 0.000051 0.177117 1.554809 -13.027875 0.287026 1.974647 -16.579094 0.237294 1.796748 -15.046254 -0.000000 -0.000002 0.000009 9.104515 -0.043019 -1.865073 0.071997 0.995156 -8.269776 0.216937 1.717408 -14.386168 0.242324 1.813415 -15.209802 0.000001 -0.000001 -0.000003 8.077779 -0.486859 -3.806255 0.955094 5.560877 -10.812575 0.523217 -1.659620 -21.122420 0.409625 2.142488 -18.216145 -0.000003 -0.000001 0.000005 -8.207787 -6.751652 -1.599566 -21.186361 8.190044 -2.252783 51.964923 -6.639113 -0.511906 -26.522349 2.984841 -3.269583 -0.104082 -0.000001 0.000002 0.000000 0.000001 -0.000001 8.207788 -6.751696 -1.599561 -16.349410 -3.279534 -8.456906 46.721871 -4.557688 -2.570970 -21.812960 -9.800370 0.240611 -5.308137 -0.000009 -0.000005 -0.000000 -0.000000 -0.000000 
0.868785 95.119934 80.129990 -175.419953 10.968730 186.545116 -0.000004 10.181602 0.131517 1.836957 4.818464 -0.590483 0.808200 0.636796 -4.956513 0.850794 0.623246 -4.950963 0.000002 16.740427 -2.049034 5.224890 0.308114 -0.515688 -0.000001 9.617884 1.685022 19.215581 0.467138 1.207813 0.000001 22.037369 7.501090 0.000003 -0.000000 -0.000000 -4.569968 11.014936 -2.160885 -2.293808 -6.187364 -22.363848 -16.878325 39.882701 -16.451218 0.000022 55.857263 -0.000041 19.933897 -13.052419 -52.854036 -2.464792 -1.573974 2.681828 -2.591555 -5.784488 -15.442489 5.122760 -17.557618 -0.755094 -1.560132 0.883064 -1.926125 0.000002 -0.000010 0.000004 -9.108281 -0.517863 2.259826 0.566139 -2.752916 23.083449 0.109053 -1.210363 10.226111 0.106153 -1.223296 10.006770 -0.000003 -0.000000 0.000002 -9.532503 -0.000041 -0.000043 0.581322 -2.788523 23.084182 0.517842 -2.580518 22.539769 0.105682 -1.250125 10.006823 0.000004 0.000008 0.000003 -9.103592 -0.043068 -1.865149 0.503559 -2.602504 22.045033 0.329623 -2.137398 17.616438 0.079611 -1.043995 8.494296 0.000003 -0.000005 -0.000002 -8.076696 -0.486707 -3.806302 1.059317 -3.694763 32.482880 0.035453 -0.779510 7.201050 0.061884 -1.089315 8.494153 -0.000001 -0.000009 -0.000004 4.570442 11.014743 -2.160863 -9.607050 18.796254 28.151977 -78.635039 -32.986703 -37.581203 -0.000090 -57.185311 -0.000047 27.000506 7.733494 20.637376 2.466110 -1.576200 2.681744 -3.074600 10.549500 15.520751 4.126577 13.590311 1.096806 -0.821917 0.916479 2.391511 0.000000 0.000008 0.000007 9.109275 -0.518022 2.259872 0.019169 0.514514 -4.309595 0.147159 1.423750 -11.784958 0.102940 1.181540 -9.904140 0.000001 0.000002 0.000001 9.533372 0.000022 0.000051 0.063418 0.934302 -7.796314 0.185217 1.593026 -13.302804 0.188698 1.605344 -13.408268 -0.000001 0.000001 0.000003 9.104510 -0.043022 -1.865071 0.028173 0.623453 -5.167542 0.155008 1.455084 -12.150939 0.208228 1.683028 -14.091998 0.000001 -0.000002 0.000004 8.077759 -0.486854 -3.806254 0.661608 5.230276 -7.692180 0.423248 -1.910097 -18.891989 0.364969 2.015268 -17.097760 -0.000002 0.000002 0.000008 -8.207787 -6.751662 -1.599567 -20.342501 6.656708 -1.952299 51.946591 -6.655620 0.028665 -26.628227 1.542557 -3.439062 0.268730 -0.002255 0.473355 -0.000000 0.000000 0.000000 8.207791 -6.751688 -1.599556 -16.283101 -4.163063 -8.087964 47.698394 -2.706112 -1.672223 -22.347380 -11.500026 -0.791602 -5.118294 0.000009 0.000003 0.000000 0.000003 -0.000000 
1.187146 94.808540 80.414589 -174.509694 7.592514 184.851229 -0.000004 10.181596 0.131515 2.734404 3.006921 -0.817877 0.625408 0.413453 -3.989539 0.647321 0.395841 -3.987204 0.000002 16.740389 -2.049040 5.290427 0.131703 -0.225545 -0.000001 9.617884 1.685011 19.345442 0.163187 0.938275 0.000003 22.037354 7.501079 0.000003 -0.000001 0.000000 -4.569970 11.014931 -2.160884 -2.738010 -7.983111 -20.942325 -15.492418 37.776458 -16.914531 0.000014 54.646325 -0.000008 21.735229 -10.129544 -54.295827 -2.464808 -1.573972 2.681842 -2.591560 -5.784492 -15.442482 5.122752 -17.557618 -0.755102 -1.560134 0.883064 -1.926120 0.000006 -0.000004 0.000000 -9.108300 -0.517865 2.259826 0.258452 -1.881764 15.485219 0.053753 -0.846060 7.201261 0.076541 -1.041440 8.494272 -0.000002 0.000001 -0.000001 -9.532520 -0.000046 -0.000030 0.268786 -1.919056 15.485564 0.387458 -2.235826 19.510425 0.076139 -1.068266 8.494294 0.000000 0.000001 0.000004 -9.103598 -0.043068 -1.865134 0.189139 -1.613936 13.514118 0.203885 -1.692644 13.819388 0.048584 -0.814973 6.597385 -0.000002 0.000000 0.000002 -8.076700 -0.486725 -3.806287 0.576025 -2.776479 23.936253 0.003060 -0.318371 3.407920 0.034787 -0.859764 6.597295 0.000003 -0.000002 -0.000000 4.570437 11.014710 -2.160861 -7.983843 15.230915 29.194663 -80.543886 -31.465360 -41.537519 -0.000096 -56.865532 -0.000050 31.671679 4.990290 24.343093 2.466121 -1.576204 2.681728 -3.074601 10.549500 15.520751 4.126572 13.590306 1.096800 -0.821917 0.916486 2.391521 0.000003 0.000007 -0.000007 9.109269 -0.518041 2.259869 0.000287 0.063314 -0.566854 0.089453 1.113575 -9.169142 0.077589 1.025816 -8.596373 0.000004 -0.000004 -0.000001 9.533370 0.000016 0.000035 0.017030 0.485125 -4.053071 0.119678 1.284407 -10.686622 0.153828 1.451475 -12.100069 -0.000001 0.000000 -0.000001 9.104505 -0.043035 -1.865085 0.009766 0.367377 -3.039686 0.118089 1.271605 -10.599222 0.186016 1.592121 -13.315960 0.000001 -0.000001 -0.000003 8.077765 -0.486888 -3.806263 0.471018 4.994537 -5.553542 0.359585 -2.086197 -17.343409 0.335419 1.926441 -16.321348 -0.000000 -0.000002 -0.000002 -8.207786 -6.751680 -1.599580 -19.585555 5.001267 -0.832966 52.103381 -7.446345 1.059086 -26.819993 0.597951 -3.405654 0.448269 -0.006193 0.783424 -0.000000 0.000001 0.000000 8.207792 -6.751709 -1.599557 -16.360689 -4.379082 -6.789180 49.431708 -0.285061 -0.293347 -23.258251 -13.630602 -1.568255 -4.898391 -0.000072 0.076773 -0.000000 -0.000002 -0.000000 
1.624679 94.382881 80.694252 -173.816020 4.291775 183.083808 -0.000005 10.181581 0.131533 3.319654 0.904409 -1.538024 0.461377 0.140763 -2.479857 0.466862 0.127116 -2.479679 0.000001 16.740410 -2.049042 5.440978 0.046337 0.028479 -0.000001 9.617867 1.685020 19.399166 0.231821 0.558554 0.000003 22.037384 7.501094 0.000000 0.000000 0.000000 -4.569967 11.014921 -2.160888 -2.979715 -9.151781 -19.673300 -13.783190 35.899744 -18.171235 -0.000028 52.731588 0.000011 21.320425 -8.413714 -54.497557 -2.464788 -1.573982 2.681860 -2.591560 -5.784495 -15.442493 5.122758 -17.557613 -0.755097 -1.560135 0.883059 -1.926121 0.000001 0.000002 -0.000002 -9.108285 -0.517874 2.259849 0.053755 -0.864838 6.960952 0.011727 -0.385806 3.407951 0.046201 -0.812316 6.597360 0.000002 -0.000001 -0.000001 -9.532513 -0.000049 -0.000022 0.058449 -0.903256 6.961026 0.250070 -1.794528 15.712753 0.045888 -0.839153 6.597377 0.000001 0.000002 0.000003 -9.103601 -0.043076 -1.865116 0.037490 -0.722838 6.088996 0.098165 -1.184501 9.557151 0.022794 -0.556723 4.467287 -0.000003 0.000002 0.000000 -8.076678 -0.486713 -3.806268 0.270632 -1.925596 16.501696 -0.000013 0.096999 0.000107 0.013433 -0.601080 4.467248 0.000001 -0.000001 0.000005 4.570435 11.014720 -2.160862 -6.427893 11.722013 31.327127 -79.323618 -30.664677 -43.228841 -0.000092 -53.877680 -0.000045 37.963240 2.252418 28.569688 2.466114 -1.576200 2.681739 -3.074599 10.549500 15.520749 4.126572 13.590308 1.096800 -0.821918 0.916474 2.391522 -0.000001 0.000000 -0.000008 9.109281 -0.518054 2.259875 0.004390 -0.246026 1.996989 0.056882 0.890129 -7.297251 0.061618 0.914031 -7.660444 0.000000 -0.000002 -0.000000 9.533385 0.000023 0.000045 0.002226 0.176098 -1.489163 0.081461 1.061846 -8.814525 0.131052 1.340875 -11.163845 -0.000001 0.000000 -0.000000 9.104510 -0.043031 -1.865067 0.002540 0.187912 -1.551317 0.095627 1.145218 -9.534914 0.171516 1.529581 -12.783627 -0.000001 -0.000003 0.000000 8.077777 -0.486857 -3.806252 0.343031 4.825483 -4.058506 0.318720 -2.207951 -16.281100 0.315855 1.865269 -15.788780 -0.000002 0.000002 -0.000000 -8.207786 -6.751680 -1.599548 -19.081839 3.691950 0.590957 52.418259 -8.478589 2.253162 -27.054246 -0.243605 -3.008918 0.589348 -0.010616 1.026065 -0.000000 -0.000000 0.000000 8.207790 -6.751707 -1.599542 -17.043675 -3.674766 -4.616649 51.813221 0.570665 0.883468 -23.589373 -15.906348 -1.900871 -5.124859 -0.007598 0.868213 0.000000 -0.000000 -0.000000 
2.080340 93.997437 80.965424 -173.508443 1.609924 181.637215 -0.000006 10.181582 0.131518 3.466101 -1.101366 -2.567877 0.499741 -0.133081 -0.829812 0.499724 -0.136394 -0.830449 0.000002 16.740400 -2.049034 5.538367 0.055340 0.195281 -0.000000 9.617873 1.685016 19.457677 0.599507 0.067614 0.000002 22.037399 7.501105 -0.000003 -0.000000 0.000000 -4.569968 11.014948 -2.160885 -3.047598 -9.677570 -18.666642 -12.228573 34.250431 -19.680528 0.000004 50.090999 -0.000019 19.445321 -7.032731 -55.134858 -2.464808 -1.573966 2.681822 -2.591559 -5.784491 -15.442498 5.122761 -17.557623 -0.755092 -1.560136 0.883073 -1.926114 0.000002 -0.000009 0.000001 -9.108290 -0.517867 2.259818 0.000086 0.037461 -0.461310 -0.000001 0.029272 0.000138 0.021189 -0.553972 4.467327 -0.000001 -0.000001 0.000001 -9.532517 -0.000028 -0.000052 -0.000227 -0.001232 -0.461309 0.131047 -1.289368 11.450058 0.020957 -0.580789 4.467329 0.000002 -0.000001 0.000003 -9.103594 -0.043076 -1.865157 0.002276 -0.178818 1.614419 0.037058 -0.736464 5.845245 0.008197 -0.331065 2.611727 -0.000001 0.000002 0.000003 -8.076687 -0.486684 -3.806296 0.140757 -1.396111 12.023628 0.000018 0.096984 0.000114 0.002714 -0.375192 2.611727 0.000002 -0.000006 -0.000001 4.570437 11.014729 -2.160856 -4.911625 8.547714 33.278294 -75.795634 -31.090461 -42.003826 -0.000071 -49.758106 -0.000038 43.622229 0.452148 32.797691 2.466140 -1.576204 2.681700 -3.074601 10.549509 15.520748 4.126575 13.590310 1.096804 -0.821919 0.916488 2.391519 0.000002 0.000006 0.000004 9.109287 -0.518031 2.259842 0.015334 -0.460162 3.773924 0.038798 0.736495 -6.015115 0.051752 0.837321 -7.019345 -0.000003 -0.000000 -0.000000 9.533401 0.000033 0.000013 0.000110 -0.038310 0.287713 0.059500 0.908712 -7.532248 0.116472 1.264917 -10.522581 0.000001 -0.000001 -0.000000 9.104526 -0.043026 -1.865109 0.000305 0.064984 -0.532454 0.081313 1.056559 -8.790496 0.161703 1.485764 -12.411309 0.000000 0.000002 0.000003 8.077797 -0.486855 -3.806291 0.258035 4.707881 -3.035470 0.291438 -2.293561 -15.538054 0.302514 1.822378 -15.416273 -0.000001 0.000002 -0.000002 -8.207787 -6.751675 -1.599568 -18.941602 2.776846 1.977210 52.609942 -8.402261 3.156596 -27.203487 -1.781974 -2.877977 0.835208 -0.021164 1.449447 -0.000000 -0.000001 -0.000000 8.207790 -6.751717 -1.599558 -18.903817 -2.221395 -1.947849 55.015524 -0.902351 1.512980 -22.137396 -17.626720 -2.454914 -6.513264 -0.052473 2.281232 -0.000000 -0.000002 -0.000000 
2.439697 93.738693 81.266037 -173.451657 0.047818 180.467777 -0.000005 10.181586 0.131528 3.445245 -2.506410 -3.216355 0.710986 -0.330219 0.455991 0.714320 -0.322778 0.454617 0.000000 16.740414 -2.049039 5.477480 0.124092 0.282765 0.000000 9.617919 1.685009 19.647826 1.110096 -0.446438 0.000002 22.037369 7.501082 -0.000002 -0.000000 -0.000000 -4.569968 11.014912 -2.160885 -3.042960 -9.884354 -17.934864 -11.307899 32.953399 -20.705773 0.000002 46.964722 -0.000009 17.851256 -4.628543 -56.099219 -2.464823 -1.573972 2.681841 -2.591557 -5.784495 -15.442491 5.122764 -17.557621 -0.755090 -1.560140 0.883070 -1.926123 0.000003 -0.000008 0.000004 -9.108301 -0.517863 2.259824 0.024269 0.582089 -4.935910 -0.000007 0.029293 0.000075 0.007242 -0.328273 2.611699 0.000002 -0.000014 -0.000002 -9.532504 -0.000053 -0.000032 0.020947 0.543531 -4.935875 0.058209 -0.843038 7.737673 0.007105 -0.355099 2.611710 -0.000000 -0.000000 0.000001 -9.103598 -0.043080 -1.865140 -0.000015 0.000398 0.143753 0.014303 -0.464784 3.607793 0.002915 -0.194835 1.493095 0.000003 0.000002 -0.000001 -8.076693 -0.486713 -3.806290 0.107173 -1.220051 10.552209 0.000001 0.096996 0.000106 -0.000233 -0.238878 1.493099 0.000002 -0.000002 -0.000001 4.570429 11.014723 -2.160866 -3.619536 5.986213 34.377411 -70.408554 -32.614809 -37.758133 -0.000064 -46.518055 -0.000032 45.018091 -0.176138 35.438573 2.466129 -1.576192 2.681722 -3.074599 10.549498 15.520748 4.126571 13.590308 1.096799 -0.821918 0.916483 2.391522 -0.000002 0.000001 -0.000003 9.109292 -0.518057 2.259854 0.026907 -0.609374 5.014143 0.028275 0.629786 -5.126507 0.045404 0.784099 -6.575023 0.000002 -0.000002 -0.000002 9.533402 0.000035 0.000030 0.002556 -0.187950 1.527833 0.046290 0.802310 -6.643575 0.106875 1.212175 -10.078135 -0.000002 0.000001 0.000005 9.104510 -0.043030 -1.865087 0.000027 -0.016033 0.138753 0.072187 0.995770 -8.280874 0.155167 1.455731 -12.156415 0.000001 0.000001 -0.000003 8.077778 -0.486878 -3.806267 0.203193 4.629570 -2.361712 0.273413 -2.352397 -15.029310 0.293524 1.792975 -15.161266 0.000001 -0.000005 0.000006 -8.207788 -6.751658 -1.599555 -19.051667 2.337033 3.217850 52.517833 -8.288589 3.599792 -27.051828 -2.749084 -2.169153 0.204712 -0.013445 0.355088 -0.000000 -0.000000 -0.000000 8.207790 -6.751692 -1.599555 -21.937687 -0.562346 0.737989 58.906092 -3.109503 2.005315 -18.475844 -18.487867 -5.206989 -9.682342 -0.153767 3.890903 -0.000000 0.000001 0.000000 
2.641033 93.550240 81.611031 -173.369367 -0.125933 179.451718 -0.000004 10.181581 0.131530 3.610910 -2.971343 -2.984377 0.962444 -0.396855 1.091861 0.969962 -0.383309 1.089471 0.000002 16.740416 -2.049041 5.257805 0.226300 0.304159 0.000001 9.617848 1.685020 19.940189 1.647718 -0.830309 0.000002 22.037369 7.501096 -0.000001 -0.000000 0.000000 -4.569972 11.014928 -2.160894 -3.062075 -10.079151 -17.576554 -11.205456 32.275164 -20.626487 0.000011 43.679186 -0.000028 17.358050 -1.514435 -56.841866 -2.464808 -1.573959 2.681819 -2.591556 -5.784490 -15.442499 5.122758 -17.557618 -0.755091 -1.560137 0.883066 -1.926124 0.000006 -0.000008 0.000002 -9.108289 -0.517858 2.259809 0.041497 0.760484 -6.406741 0.000004 0.029301 0.000075 0.002359 -0.192052 1.493111 -0.000004 -0.000001 -0.000001 -9.532525 -0.000031 -0.000054 0.037184 0.722027 -6.406685 0.028344 -0.572050 5.500137 0.002297 -0.218859 1.493086 -0.000001 0.000004 0.000003 -9.103596 -0.043057 -1.865163 -0.000018 -0.000789 0.153462 0.009148 -0.375314 2.872439 0.001759 -0.150053 1.125450 -0.000001 0.000003 -0.000002 -8.076693 -0.486693 -3.806301 0.107373 -1.221218 10.561930 -0.000010 0.096986 0.000125 -0.000605 -0.194080 1.125440 -0.000004 0.000011 -0.000000 4.570441 11.014733 -2.160860 -2.736171 4.234493 34.822835 -63.027182 -34.223687 -30.902040 -0.000057 -45.135785 -0.000020 40.435990 0.297562 35.890195 2.466129 -1.576217 2.681727 -3.074601 10.549502 15.520749 4.126572 13.590306 1.096811 -0.821924 0.916484 2.391517 0.000002 0.000004 0.000000 9.109308 -0.518041 2.259862 0.036391 -0.708450 5.838926 0.021924 0.555232 -4.506405 0.041228 0.746919 -6.264949 -0.000000 -0.000002 -0.000002 9.533401 0.000029 0.000033 0.005967 -0.287403 2.352511 0.038051 0.727935 -6.023429 0.100422 1.175321 -9.767971 -0.000000 -0.000012 -0.000001 9.104516 -0.043028 -1.865081 0.000532 -0.086356 0.721593 0.066470 0.955667 -7.945177 0.150936 1.435921 -11.988501 0.000001 0.000001 -0.000001 8.077773 -0.486874 -3.806267 0.156310 4.561063 -1.776750 0.261840 -2.391202 -14.694211 0.287688 1.773563 -14.993291 -0.000002 0.000006 0.000005 -8.207786 -6.751665 -1.599563 -19.381594 2.463684 4.476164 52.585572 -8.575612 3.743393 -26.761205 -2.758337 -1.882993 -0.000054 0.000004 0.000003 0.000000 -0.000000 -0.000000 8.207791 -6.751704 -1.599552 -25.350459 0.888701 3.143691 62.778823 -3.794884 3.020154 -14.275384 -18.755595 -10.457675 -13.040235 -0.180246 4.171168 0.000001 0.000000 0.000002 
2.708127 93.417046 81.925362 -173.168204 1.088300 178.570665 -0.000005 10.181589 0.131521 3.954756 -2.538447 -1.937211 1.172541 -0.338936 1.130902 1.179692 -0.325174 1.128002 0.000002 16.740389 -2.049029 5.019883 0.368372 0.245715 0.000000 9.617902 1.685006 20.140478 2.212919 -0.987022 0.000002 22.037338 7.501102 0.000000 0.000000 0.000000 -4.569966 11.014895 -2.160890 -3.093817 -10.141954 -17.727889 -11.721291 32.348490 -19.312030 0.000011 40.483122 0.000011 17.339685 0.653843 -57.427349 -2.464808 -1.573972 2.681839 -2.591562 -5.784493 -15.442487 5.122760 -17.557611 -0.755096 -1.560133 0.883068 -1.926128 0.000001 0.000002 -0.000001 -9.108295 -0.517875 2.259816 0.041378 0.759314 -6.397017 0.000006 0.029298 0.000084 0.001345 -0.147259 1.125453 0.000001 0.000000 -0.000000 -9.532516 -0.000048 -0.000031 0.037075 0.720856 -6.396960 0.020828 -0.482757 4.764769 0.001283 -0.174063 1.125443 -0.000003 0.000003 -0.000001 -9.103607 -0.043074 -1.865153 -0.000020 -0.001190 0.156717 0.009167 -0.375901 2.877310 0.001750 -0.150361 1.127881 -0.000002 0.000001 -0.000002 -8.076694 -0.486714 -3.806290 0.107447 -1.221596 10.565173 -0.000012 0.096997 0.000114 -0.000599 -0.194383 1.127874 -0.000001 -0.000002 0.000001 4.570440 11.014735 -2.160855 -2.233315 3.230972 35.107152 -53.683371 -34.384480 -22.331263 -0.000064 -45.082903 -0.000013 31.768077 2.068540 35.874513 2.466137 -1.576202 2.681744 -3.074601 10.549500 15.520755 4.126573 13.590306 1.096805 -0.821919 0.916485 2.391518 0.000000 0.000000 0.000001 9.109323 -0.518034 2.259866 0.043924 -0.778274 6.421040 0.018141 0.505600 -4.094022 0.038562 0.722173 -6.058745 0.000000 0.000003 0.000001 9.533418 0.000028 0.000049 0.009257 -0.357576 2.934558 0.033007 0.678431 -5.611029 0.096223 1.150785 -9.561725 -0.000001 -0.000001 0.000002 9.104540 -0.043036 -1.865080 0.002780 -0.196195 1.631750 0.061678 0.920812 -7.653663 0.147292 1.418733 -11.842710 0.000001 0.000001 0.000004 8.077785 -0.486859 -3.806257 0.084551 4.453124 -0.863554 0.251958 -2.424999 -14.403185 0.282656 1.756705 -14.847417 -0.000002 0.000002 0.000002 -8.207788 -6.751662 -1.599560 -19.754002 3.233257 5.717166 52.734064 -8.972721 3.774065 -26.385499 -2.245447 -1.788346 -0.000111 -0.000002 0.000005 -0.000000 -0.000001 -0.000000 8.207790 -6.751701 -1.599563 -28.257898 1.802033 5.208251 65.724199 -2.750294 4.913933 -11.126692 -18.678365 -15.757007 -14.074413 -0.139286 3.640697 -0.000001 -0.000000 0.000000 
2.730400 93.401360 82.096039 -172.933027 3.569135 177.968201 -0.000005 10.181599 0.131511 4.200286 -1.518021 -0.589567 1.320694 -0.200932 0.788143 1.323969 -0.191492 0.785842 0.000002 16.740412 -2.049048 4.970327 0.566784 0.103908 0.000000 9.617878 1.685009 20.064753 2.892564 -0.950420 0.000002 22.037369 7.501091 0.000007 -0.000000 0.000000 -4.569969 11.014941 -2.160902 -3.001025 -9.619065 -18.275518 -12.468591 33.050865 -17.259977 0.000002 37.499569 -0.000001 17.022307 1.117154 -57.914137 -2.464789 -1.573968 2.681839 -2.591562 -5.784490 -15.442484 5.122759 -17.557623 -0.755098 -1.560139 0.883069 -1.926119 0.000002 0.000000 -0.000001 -9.108296 -0.517876 2.259826 0.041317 0.758918 -6.393764 0.000006 0.029299 0.000087 0.001342 -0.147558 1.127882 -0.000004 0.000005 -0.000004 -9.532513 -0.000045 -0.000033 0.037012 0.720458 -6.393705 0.020887 -0.483344 4.769625 0.001291 -0.174349 1.127867 -0.000000 -0.000007 0.000001 -9.103591 -0.043074 -1.865147 0.000147 0.046387 -0.233587 0.009174 -0.376117 2.878926 0.001759 -0.150437 1.128689 -0.000000 -0.000004 0.000001 -8.076700 -0.486701 -3.806284 0.099268 -1.174727 10.174690 -0.000011 0.096980 0.000128 -0.000606 -0.194457 1.128693 0.000002 -0.000000 0.000000 4.570443 11.014747 -2.160867 -2.002545 2.803926 35.358844 -43.442537 -32.153047 -13.475576 -0.000072 -45.011667 -0.000040 23.088242 4.630018 37.066197 2.466141 -1.576187 2.681731 -3.074603 10.549498 15.520746 4.126576 13.590307 1.096807 -0.821920 0.916480 2.391515 0.000005 0.000003 -0.000003 9.109287 -0.518052 2.259869 0.053836 -0.861147 7.112842 0.015686 0.470569 -3.803001 0.036728 0.704710 -5.913200 0.000000 0.000002 -0.000000 9.533408 0.000028 0.000041 0.014082 -0.440896 3.626250 0.029664 0.643469 -5.319979 0.093337 1.133460 -9.416160 0.000001 0.000012 0.000002 9.104532 -0.043026 -1.865078 0.010820 -0.386707 3.212075 0.054596 0.866354 -7.198470 0.141712 1.391828 -11.615036 -0.000002 0.000003 0.000003 8.077780 -0.486863 -3.806267 -0.035870 4.263095 0.721397 0.236850 -2.477839 -13.948764 0.274894 1.730360 -14.619644 -0.000002 -0.000000 0.000002 -8.207786 -6.751650 -1.599563 -20.006925 4.603477 6.770708 52.717924 -9.172352 3.700025 -25.978041 -1.578406 -1.689984 -0.000050 -0.000002 0.000002 0.000000 0.000001 -0.000000 8.207790 -6.751693 -1.599557 -29.959932 1.695281 6.748926 67.382890 -1.744103 7.353896 -9.929201 -18.188690 -17.823203 -11.642553 -0.021588 1.439972 0.000000 -0.000001 0.000001 
2.755090 93.519165 82.090431 -172.644042 7.148867 177.805438 -0.000003 10.181559 0.131520 4.231894 -0.145960 0.579857 1.403821 -0.014629 0.200767 1.403820 -0.012217 0.200298 0.000002 16.740423 -2.049027 5.189934 0.815101 -0.071074 -0.000001 9.617860 1.685002 19.696937 3.767515 -0.828259 0.000003 22.037369 7.501101 0.000003 -0.000000 0.000000 -4.569970 11.014926 -2.160877 -2.655679 -8.325795 -18.744740 -13.187015 34.311319 -15.240285 0.000003 34.703525 -0.000022 16.441724 1.029151 -57.799390 -2.464818 -1.573943 2.681821 -2.591558 -5.784502 -15.442479 5.122765 -17.557616 -0.755106 -1.560132 0.883065 -1.926120 0.000003 -0.000001 0.000002 -9.108291 -0.517856 2.259815 0.046661 0.806176 -6.784137 0.000017 0.029290 0.000083 0.001347 -0.147654 1.128701 -0.000001 -0.000006 -0.000000 -9.532497 -0.000032 -0.000043 0.042099 0.767746 -6.784073 0.020880 -0.483555 4.771258 0.001286 -0.174448 1.128700 -0.000002 0.000004 0.000003 -9.103580 -0.043062 -1.865143 0.000739 0.102858 -0.697113 0.008018 -0.352349 2.683755 0.001479 -0.138554 1.031105 -0.000001 0.000002 0.000002 -8.076683 -0.486693 -3.806299 0.089992 -1.119025 9.710981 0.000011 0.096974 0.000136 -0.000665 -0.182567 1.031115 0.000000 -0.000001 0.000001 4.570437 11.014741 -2.160850 -2.131258 3.084177 35.306286 -34.011726 -28.121251 -5.758635 -0.000067 -43.847690 -0.000034 17.193367 7.095336 38.878840 2.466152 -1.576208 2.681716 -3.074603 10.549502 15.520749 4.126577 13.590307 1.096809 -0.821916 0.916490 2.391517 0.000000 0.000001 -0.000003 9.109285 -0.518031 2.259860 0.073713 -1.006958 8.332557 0.013008 0.428938 -3.457161 0.034611 0.683948 -5.740279 0.000002 -0.000000 0.000003 9.533394 0.000036 0.000040 0.025026 -0.587656 4.845730 0.025925 0.601922 -4.974137 0.089957 1.112871 -9.243176 -0.000000 -0.000000 0.000002 9.104522 -0.043025 -1.865081 0.031171 -0.655894 5.449321 0.043307 0.771677 -6.408194 0.132274 1.345126 -11.219754 -0.000000 0.000000 0.000002 8.077773 -0.486863 -3.806261 -0.197222 3.988525 2.963698 0.211689 -2.569833 -13.159765 0.261654 1.684536 -14.224214 -0.000000 0.000001 0.000004 -8.207786 -6.751685 -1.599556 -20.006082 6.429995 7.437820 52.547647 -9.277063 3.457265 -25.642820 -0.571102 -1.528424 -0.000052 0.000005 0.000003 -0.000000 0.000001 -0.000000 8.207791 -6.751702 -1.599560 -29.924438 -0.134763 7.670293 68.143950 -2.808320 9.083084 -9.182832 -16.628318 -16.435979 -10.726959 0.000007 0.000003 -0.000001 0.000001 0.000001 
2.763516 93.795616 81.961601 -172.236156 11.740055 178.306050 -0.000003 10.181573 0.131517 4.171039 1.682008 1.216445 1.437607 0.234331 -0.643763 1.439325 0.228270 -0.640880 0.000001 16.740387 -2.049019 5.526216 1.081764 -0.194369 -0.000000 9.617892 1.685012 19.203507 4.838231 -0.683182 0.000003 22.037369 7.501091 0.000003 0.000000 0.000000 -4.569969 11.014880 -2.160875 -2.127334 -6.664762 -18.636613 -14.026646 36.333666 -13.574610 0.000015 31.995369 -0.000027 16.028989 1.909229 -56.586102 -2.464796 -1.573983 2.681859 -2.591556 -5.784500 -15.442486 5.122763 -17.557626 -0.755102 -1.560142 0.883076 -1.926116 0.000004 -0.000005 0.000002 -9.108273 -0.517869 2.259843 0.053410 0.862260 -7.247777 0.000004 0.029298 0.000089 0.001131 -0.135758 1.031112 -0.000003 0.000001 -0.000003 -9.532488 -0.000042 -0.000016 0.048533 0.823870 -7.247706 0.019093 -0.459827 4.576079 0.001072 -0.162551 1.031103 -0.000002 -0.000001 0.000003 -9.103569 -0.043074 -1.865122 0.001486 0.145426 -1.046376 0.006715 -0.324132 2.451978 0.001222 -0.124430 0.915216 -0.000006 0.000002 -0.000001 -8.076681 -0.486699 -3.806277 0.083309 -1.076988 9.361598 -0.000000 0.096993 0.000122 -0.000698 -0.168446 0.915220 -0.000000 0.000002 -0.000003 4.570433 11.014688 -2.160839 -2.885977 4.521442 34.747717 -26.449336 -23.937235 0.225784 -0.000058 -41.437801 -0.000020 13.985768 8.781529 39.897631 2.466137 -1.576217 2.681753 -3.074600 10.549502 15.520751 4.126573 13.590299 1.096807 -0.821913 0.916484 2.391522 -0.000006 -0.000004 -0.000001 9.109285 -0.518035 2.259885 0.111729 -1.237847 10.272361 0.008885 0.355463 -2.847429 0.031013 0.647341 -5.435390 0.000000 -0.000001 -0.000001 9.533381 0.000033 0.000052 0.048862 -0.820432 6.785080 0.019954 0.528566 -4.364364 0.084142 1.076561 -8.938223 -0.000002 0.000001 0.000004 9.104512 -0.043037 -1.865060 0.065535 -0.949727 7.901357 0.029507 0.637403 -5.289497 0.119453 1.278831 -10.660165 -0.000000 0.000002 0.000002 8.077773 -0.486848 -3.806247 -0.361485 3.680668 5.419281 0.178207 -2.700691 -12.042749 0.243457 1.619511 -13.664412 -0.000003 0.000007 -0.000001 -8.207788 -6.751675 -1.599578 -19.671618 8.680961 7.325282 52.291850 -9.347284 3.049887 -25.442748 1.083820 -1.201972 0.147154 -0.000005 -0.000005 0.000000 0.000001 -0.000000 8.207792 -6.751702 -1.599562 -27.716778 -3.785816 7.875905 67.946756 -6.463712 8.807992 -6.952610 -13.837629 -13.353974 -10.932169 0.000009 -0.000002 -0.000001 -0.000001 -0.000001 
2.690458 94.173882 81.725319 -171.967744 17.521822 179.692278 -0.000002 10.181584 0.131523 4.107882 4.295346 1.157552 1.438601 0.589858 -1.810730 1.453219 0.574873 -1.802869 0.000003 16.740398 -2.049039 5.750999 1.340226 -0.218983 -0.000000 9.617873 1.685001 18.801200 6.033938 -0.480241 0.000002 22.037338 7.501092 -0.000001 -0.000000 0.000000 -4.569966 11.014911 -2.160886 -1.615924 -5.175799 -17.895367 -15.580054 39.266559 -11.694537 0.000005 29.409504 -0.000016 15.827112 3.778525 -54.388803 -2.464800 -1.573976 2.681859 -2.591560 -5.784492 -15.442496 5.122752 -17.557616 -0.755091 -1.560137 0.883063 -1.926123 0.000007 -0.000009 0.000003 -9.108263 -0.517871 2.259843 0.058809 0.904501 -7.597108 -0.000007 0.029287 0.000086 0.000895 -0.121633 0.915231 -0.000003 0.000002 0.000000 -9.532492 -0.000047 -0.000009 0.053696 0.866140 -7.597026 0.017046 -0.431655 4.344291 0.000849 -0.148439 0.915236 0.000000 0.000003 -0.000001 -9.103585 -0.043082 -1.865122 0.002323 0.180881 -1.337300 0.005805 -0.302873 2.277340 0.001011 -0.113796 0.827923 0.000000 0.000006 -0.000001 -8.076687 -0.486721 -3.806265 0.077941 -1.041924 9.070579 -0.000014 0.096984 0.000136 -0.000720 -0.157801 0.827900 -0.000001 -0.000002 -0.000000 4.570446 11.014705 -2.160849 -4.328098 7.277739 33.871226 -20.749008 -20.592913 4.720299 -0.000045 -38.386875 -0.000014 12.272328 8.930895 39.539388 2.466091 -1.576231 2.681741 -3.074607 10.549499 15.520755 4.126578 13.590319 1.096806 -0.821916 0.916474 2.391520 0.000002 0.000008 -0.000003 9.109262 -0.518062 2.259875 0.170106 -1.524097 12.694722 0.003937 0.238579 -1.877886 0.025730 0.589086 -4.950586 0.000000 0.000002 -0.000005 9.533355 0.000020 0.000052 0.089652 -1.109708 9.206725 0.012066 0.411837 -3.394764 0.075289 1.018737 -8.453319 -0.000004 0.000002 0.000003 9.104492 -0.043033 -1.865074 0.102892 -1.188286 9.902953 0.017431 0.489970 -4.063597 0.106139 1.206100 -10.047032 0.000002 0.000003 0.000001 8.077731 -0.486887 -3.806248 -0.485608 3.424385 7.422194 0.144434 -2.844762 -10.818670 0.224282 1.548054 -13.050987 0.000002 -0.000002 -0.000001 -8.207787 -6.751673 -1.599568 -19.350455 11.336489 6.201171 52.099495 -7.964289 2.370623 -25.378601 2.465013 -1.220046 0.399330 -0.000001 -0.000061 0.000000 0.000001 -0.000000 8.207792 -6.751700 -1.599570 -23.764986 -7.813860 7.243509 65.597676 -8.824815 6.734604 -3.108621 -13.494642 -11.146736 -11.844012 -0.000015 -0.000002 -0.000005 -0.000002 0.000000 
2.519324 94.633957 81.359489 -172.260089 24.632324 181.999652 -0.000009 10.181577 0.131514 4.002631 7.797830 0.624011 1.376077 1.065643 -3.303850 1.424124 1.042465 -3.290733 0.000002 16.740377 -2.049038 5.807536 1.599912 -0.188211 0.000001 9.617874 1.685015 18.560307 7.302548 -0.137398 0.000002 22.037369 7.501105 -0.000003 -0.000001 0.000000 -4.569965 11.014913 -2.160878 -1.189898 -3.923031 -16.965017 -18.598393 42.738915 -8.516057 0.000014 27.162443 -0.000011 15.765123 5.387307 -51.653149 -2.464792 -1.573966 2.681843 -2.591560 -5.784491 -15.442489 5.122761 -17.557619 -0.755099 -1.560139 0.883061 -1.926123 -0.000003 -0.000002 0.000000 -9.108279 -0.517860 2.259836 0.063497 0.939643 -7.888101 0.000006 0.029293 0.000096 0.000715 -0.111000 0.827903 -0.000001 0.000000 0.000001 -9.532505 -0.000035 -0.000035 0.058197 0.901308 -7.888013 0.015587 -0.410410 4.169643 0.000673 -0.137804 0.827918 0.000001 -0.000001 -0.000002 -9.103588 -0.043058 -1.865140 0.002716 0.195087 -1.453840 0.005110 -0.285160 2.131876 0.000878 -0.104941 0.755186 -0.000000 0.000001 0.000000 -8.076683 -0.486707 -3.806283 0.075838 -1.027882 8.953988 -0.000002 0.096990 0.000131 -0.000711 -0.148947 0.755193 0.000000 -0.000002 -0.000000 4.570437 11.014718 -2.160854 -6.104722 10.742860 33.071363 -16.483572 -17.456469 8.168448 -0.000051 -35.387763 -0.000018 11.953028 7.190030 38.060177 2.466136 -1.576189 2.681738 -3.074601 10.549504 15.520755 4.126568 13.590306 1.096810 -0.821923 0.916478 2.391515 0.000001 0.000001 -0.000003 9.109303 -0.518034 2.259873 0.237083 -1.794718 15.006762 0.000528 0.092539 -0.667386 0.019837 0.516272 -4.345254 0.000003 0.000001 -0.000000 9.533405 0.000050 0.000047 0.139965 -1.383902 11.517921 0.004961 0.265923 -2.184243 0.064919 0.946427 -7.847880 0.000005 -0.000003 0.000001 9.104516 -0.043018 -1.865068 0.124711 -1.307151 10.904892 0.009931 0.369472 -3.063088 0.095871 1.146588 -9.546562 -0.000002 0.000001 -0.000001 8.077778 -0.486859 -3.806249 -0.544320 3.294529 8.424237 0.119178 -2.962900 -9.819480 0.209169 1.489571 -12.550372 0.000002 -0.000002 0.000001 -8.207791 -6.751677 -1.599559 -19.428673 14.270429 4.252154 51.975916 -6.268448 1.137637 -25.304907 4.784597 -0.906006 0.644525 -0.000009 -0.000117 0.000000 0.000000 -0.000000 8.207786 -6.751722 -1.599561 -19.355644 -9.613290 5.623437 61.249810 -9.444220 4.595642 1.672551 -15.485606 -10.507638 -18.721982 -0.028921 1.680922 -0.000001 -0.000000 0.000001 
2.270637 95.089905 80.921692 -173.259797 32.516403 184.877908 -0.000004 10.181588 0.131524 3.828356 11.739551 0.249113 1.221841 1.599420 -5.050047 1.332131 1.569888 -5.033280 0.000007 16.740387 -2.049034 5.804769 1.893875 -0.188873 0.000001 9.617876 1.685008 18.336440 8.655900 0.376874 0.000001 22.037369 7.501114 0.000005 -0.000000 0.000000 -4.569967 11.014902 -2.160886 -0.759763 -2.553985 -16.307121 -23.447864 46.005989 -3.465489 0.000006 25.376617 -0.000011 16.115794 6.026368 -48.602257 -2.464800 -1.573968 2.681858 -2.591561 -5.784488 -15.442491 5.122761 -17.557623 -0.755093 -1.560142 0.883064 -1.926122 0.000003 -0.000001 -0.000001 -9.108285 -0.517871 2.259840 0.065411 0.953707 -8.004665 0.000001 0.029291 0.000082 0.000612 -0.102128 0.755192 0.000000 0.000005 0.000001 -9.532503 -0.000053 -0.000020 0.060027 0.915385 -8.004578 0.014433 -0.392723 4.024187 0.000556 -0.128938 0.755175 0.000002 -0.000007 0.000000 -9.103581 -0.043078 -1.865130 0.001514 0.145989 -1.051005 0.004851 -0.278059 2.073610 0.000814 -0.101382 0.726049 -0.000002 -0.000002 0.000001 -8.076685 -0.486709 -3.806273 0.083214 -1.076416 9.356962 0.000003 0.096989 0.000140 -0.000708 -0.145402 0.726045 -0.000005 0.000000 0.000002 4.570444 11.014741 -2.160861 -7.765788 13.991266 32.586453 -13.600410 -13.384882 10.640619 -0.000042 -32.719468 0.000003 13.723920 4.136633 36.085979 2.466137 -1.576217 2.681752 -3.074599 10.549500 15.520756 4.126575 13.590313 1.096804 -0.821918 0.916483 2.391524 0.000001 -0.000005 -0.000005 9.109301 -0.518063 2.259885 0.288118 -1.974688 16.558627 -0.000008 0.012009 -0.000107 0.014910 0.446746 -3.767700 0.000002 0.000002 0.000000 9.533397 0.000035 0.000061 0.179906 -1.566669 13.069148 0.001089 0.126597 -1.029194 0.055740 0.877350 -7.270211 -0.000001 -0.000001 -0.000000 9.104531 -0.043032 -1.865060 0.120769 -1.286533 10.730869 0.006943 0.309112 -2.562345 0.090935 1.116793 -9.296100 -0.000003 0.000003 -0.000003 8.077779 -0.486861 -3.806244 -0.534274 3.317166 8.250220 0.107289 -3.022188 -9.319364 0.201790 1.460245 -12.299808 0.000005 0.000001 -0.000002 -8.207786 -6.751659 -1.599566 -20.049329 17.025932 2.283260 51.817787 -4.339492 -0.864551 -25.115171 7.708542 -0.242411 0.132535 0.000003 0.000000 -0.000000 0.000000 -0.000000 8.207789 -6.751694 -1.599562 -15.764375 -8.421295 3.184247 56.575236 -9.547610 3.366813 6.348662 -16.945747 -10.598101 -28.315406 -0.110209 3.254044 -0.000000 0.000004 -0.000001 
1.936017 95.469513 80.503174 -174.733164 39.968057 187.625788 -0.000002 10.181571 0.131523 3.599902 15.306186 0.711684 1.067778 2.074581 -6.920785 1.266977 2.040938 -6.900865 0.000002 16.740368 -2.049039 5.801254 2.224680 -0.242134 0.000002 9.617896 1.685009 17.954503 10.089302 0.966840 0.000001 22.037354 7.501101 -0.000002 0.000001 0.000000 -4.569973 11.014908 -2.160891 -0.254218 -0.887228 -15.918787 -29.500113 48.602947 2.690339 -0.000002 23.919864 -0.000007 16.970580 6.357798 -45.369798 -2.464819 -1.573968 2.681842 -2.591552 -5.784491 -15.442491 5.122764 -17.557625 -0.755095 -1.560139 0.883069 -1.926121 0.000003 -0.000007 0.000001 -9.108293 -0.517869 2.259830 0.058876 0.905057 -7.601741 -0.000001 0.029286 0.000084 0.000555 -0.098591 0.726056 0.000001 0.000005 -0.000003 -9.532507 -0.000038 -0.000022 0.053764 0.866696 -7.601660 0.013957 -0.385642 3.965924 0.000526 -0.125388 0.726042 0.000001 -0.000003 -0.000002 -9.103601 -0.043076 -1.865130 -0.000005 0.011075 0.056111 0.005809 -0.302577 2.275023 0.001033 -0.113655 0.826757 -0.000004 0.000003 0.000002 -8.076689 -0.486712 -3.806280 0.105299 -1.209523 10.464518 0.000011 0.096978 0.000128 -0.000723 -0.157664 0.826767 0.000001 -0.000002 -0.000003 4.570433 11.014716 -2.160865 -9.224613 16.756937 32.431080 -12.495608 -8.666145 11.844494 -0.000041 -30.281350 -0.000008 17.100753 1.035972 34.235152 2.466122 -1.576202 2.681737 -3.074595 10.549494 15.520748 4.126578 13.590307 1.096807 -0.821924 0.916481 2.391522 0.000001 0.000008 -0.000001 9.109269 -0.518034 2.259864 0.302362 -2.021876 16.967549 0.000003 0.012012 -0.000105 0.012001 0.400074 -3.380139 0.000004 -0.000001 0.000000 9.533393 0.000039 0.000043 0.191242 -1.614627 13.477872 0.000077 0.033060 -0.254091 0.049953 0.830927 -6.882561 0.000000 -0.000001 -0.000002 9.104506 -0.043023 -1.865070 0.096622 -1.151789 9.595996 0.007430 0.319605 -2.649315 0.091767 1.121970 -9.339597 0.000000 -0.000004 0.000001 8.077764 -0.486866 -3.806256 -0.467151 3.463968 7.115109 0.109312 -3.011874 -9.406236 0.203061 1.465343 -12.343321 0.000001 0.000003 0.000002 -8.207784 -6.751672 -1.599556 -21.028996 19.016461 1.029132 51.522299 -2.011751 -3.289617 -24.647487 10.314077 0.412192 -0.333656 -0.000002 -0.000001 -0.000000 -0.000001 -0.000000 8.207793 -6.751715 -1.599557 -13.460551 -6.292225 0.764476 52.948921 -6.164269 2.287184 9.728168 -18.667208 -10.293112 -34.443606 -0.156976 3.859370 -0.000002 0.000003 -0.000001 
1.521676 95.779396 80.119385 -176.192243 45.834377 189.611119 -0.000014 10.181597 0.131514 3.288674 17.808340 2.107490 1.073504 2.389594 -8.661094 1.367534 2.354212 -8.634624 0.000004 16.740419 -2.049032 5.761524 2.541800 -0.286576 0.000000 9.617892 1.685017 17.454147 11.488878 1.420939 0.000001 22.037338 7.501103 -0.000001 -0.000000 0.000000 -4.569963 11.014928 -2.160883 0.284577 0.870883 -15.469677 -35.122492 50.575795 8.176986 -0.000007 22.729965 0.000002 17.702570 7.112075 -42.671545 -2.464789 -1.573999 2.681839 -2.591563 -5.784488 -15.442482 5.122758 -17.557621 -0.755097 -1.560140 0.883063 -1.926121 0.000003 -0.000008 0.000000 -9.108275 -0.517871 2.259820 0.042675 0.771115 -6.494403 -0.000008 0.029288 0.000112 0.000724 -0.110851 0.826744 -0.000001 -0.000001 -0.000001 -9.532498 -0.000045 -0.000033 0.038306 0.732663 -6.494346 0.015557 -0.410128 4.167353 0.000688 -0.137657 0.826757 0.000002 -0.000003 0.000001 -9.103585 -0.043077 -1.865145 0.002633 -0.192000 1.722662 0.008875 -0.369982 2.828605 0.001682 -0.147381 1.103540 0.000001 0.000001 0.000005 -8.076666 -0.486706 -3.806295 0.143407 -1.409038 12.131955 -0.000003 0.096996 0.000137 -0.000623 -0.191420 1.103537 -0.000000 -0.000003 -0.000009 4.570448 11.014731 -2.160855 -10.815979 19.622748 32.523124 -13.299451 -5.330892 11.513873 -0.000029 -27.906121 -0.000003 19.563673 -0.903100 32.601801 2.466114 -1.576202 2.681737 -3.074601 10.549492 15.520753 4.126577 13.590307 1.096802 -0.821918 0.916485 2.391520 -0.000001 -0.000003 -0.000001 9.109285 -0.518041 2.259866 0.278182 -1.941098 16.267996 0.000000 0.012011 -0.000105 0.011273 0.387768 -3.278029 0.000001 -0.000002 -0.000001 9.533391 0.000033 0.000041 0.172035 -1.532526 12.778631 0.000001 0.008419 -0.049878 0.048511 0.818693 -6.780463 -0.000001 -0.000002 -0.000000 9.104528 -0.043027 -1.865072 0.065438 -0.949015 7.895388 0.010936 0.387961 -3.216526 0.097405 1.155725 -9.623289 0.000004 0.000002 0.000005 8.077765 -0.486861 -3.806266 -0.361102 3.681422 5.413301 0.122919 -2.944755 -9.972697 0.211440 1.498542 -12.627144 0.000001 0.000002 0.000003 -8.207801 -6.751669 -1.599567 -21.931116 20.146374 0.549634 51.070728 0.436967 -5.307078 -23.935841 11.924506 0.756363 -0.669588 -0.000004 -0.000002 -0.000000 0.000000 -0.000000 8.207786 -6.751694 -1.599557 -12.227160 -4.948750 -0.893711 51.036157 -1.934511 0.715849 11.089894 -18.388507 -9.691705 -36.353395 -0.142722 3.687156 -0.000001 0.000000 -0.000000 
1.100451 96.008629 79.761383 -177.101437 49.377084 190.531870 -0.000009 10.181594 0.131526 2.847649 18.944679 3.755326 1.258980 2.507946 -9.828101 1.617801 2.473655 -9.791272 0.000005 16.740379 -2.049028 5.743579 2.793231 -0.285913 0.000001 9.617868 1.685014 17.081869 12.686760 1.554579 0.000002 22.037338 7.501090 0.000001 -0.000001 0.000000 -4.569962 11.014915 -2.160877 0.768011 2.474019 -14.863064 -38.314674 52.009517 11.336383 0.000004 22.086668 -0.000014 17.499573 7.557233 -41.777446 -2.464800 -1.573953 2.681839 -2.591556 -5.784496 -15.442499 5.122763 -17.557619 -0.755086 -1.560142 0.883069 -1.926127 0.000007 -0.000009 0.000000 -9.108267 -0.517874 2.259824 0.023194 0.568936 -4.827629 0.000003 0.029286 0.000090 0.001273 -0.144580 1.103547 -0.000001 0.000000 -0.000002 -9.532495 -0.000037 -0.000037 0.019946 0.530374 -4.827597 0.020418 -0.477437 4.720935 0.001234 -0.171379 1.103545 -0.000002 -0.000001 0.000000 -9.103577 -0.043062 -1.865143 0.013763 -0.438361 3.746267 0.014743 -0.471365 3.661935 0.002997 -0.198140 1.520168 0.000001 0.000005 0.000006 -8.076670 -0.486690 -3.806293 0.197466 -1.649653 14.156925 -0.000002 0.096981 0.000129 -0.000196 -0.242181 1.520174 -0.000002 -0.000003 0.000000 4.570437 11.014709 -2.160859 -12.815649 23.096140 32.764817 -15.499854 -5.339781 9.612433 -0.000030 -25.602641 -0.000005 18.184537 -1.050688 31.162502 2.466129 -1.576215 2.681739 -3.074601 10.549494 15.520746 4.126578 13.590307 1.096807 -0.821921 0.916480 2.391513 0.000000 -0.000002 -0.000005 9.109268 -0.518045 2.259861 0.230603 -1.770507 14.798911 -0.000002 0.012012 -0.000113 0.012513 0.408814 -3.452724 -0.000003 0.000000 0.000000 9.533379 0.000034 0.000041 0.134977 -1.359350 11.310132 0.000160 0.050586 -0.399231 0.051022 0.839629 -6.955179 0.000002 -0.000000 -0.000001 9.104511 -0.043035 -1.865074 0.037882 -0.722746 6.006063 0.017455 0.490326 -4.066555 0.106177 1.206254 -10.048484 0.000003 0.000002 0.000000 8.077781 -0.486854 -3.806260 -0.235700 3.919238 3.521427 0.144526 -2.844439 -10.821590 0.224306 1.548229 -13.052509 0.000001 0.000002 0.000005 -8.207793 -6.751667 -1.599563 -22.397427 20.781470 0.355478 50.666726 2.328692 -6.153740 -23.518769 12.359234 0.788514 -1.046930 -0.000004 -0.000003 0.000000 -0.000000 -0.000000 8.207782 -6.751697 -1.599555 -11.599478 -4.315481 -1.472419 50.342463 0.151872 -1.064035 11.037918 -16.312271 -8.988161 -36.004830 -0.113640 3.308206 -0.000001 -0.000002 0.000000 
0.750553 96.092506 79.469086 -177.098718 50.189934 190.299561 -0.000015 10.181589 0.131521 2.287306 18.754494 4.735705 1.477768 2.453601 -9.967721 1.840879 2.423806 -9.921783 -0.000003 16.740402 -2.049040 5.940201 2.981236 -0.292017 0.000000 9.617886 1.685006 17.034760 13.614814 1.387325 0.000001 22.037354 7.501095 0.000000 -0.000002 0.000000 -4.569969 11.014928 -2.160887 1.139869 3.780455 -14.420157 -37.687526 52.789060 11.428315 -0.000004 22.160752 0.000002 15.932912 6.114852 -43.400989 -2.464808 -1.573951 2.681846 -2.591553 -5.784490 -15.442503 5.122756 -17.557623 -0.755090 -1.560139 0.883068 -1.926129 0.000001 -0.000011 0.000006 -9.108297 -0.517858 2.259834 0.007447 0.322834 -2.803911 -0.000005 0.029289 0.000089 0.002443 -0.195354 1.520179 0.000002 -0.000000 0.000003 -9.532507 -0.000025 -0.000021 0.005560 0.284179 -2.803902 0.028919 -0.578615 5.554282 0.002386 -0.222158 1.520172 0.000002 0.000001 0.000001 -9.103601 -0.043059 -1.865134 0.036755 -0.715537 6.028768 0.023832 -0.594338 4.673801 0.005100 -0.259761 2.026065 0.000002 0.000000 -0.000002 -8.076687 -0.486696 -3.806276 0.268605 -1.918555 16.441413 0.000000 0.096989 0.000130 0.000847 -0.303835 2.026062 -0.000001 -0.000009 -0.000004 4.570437 11.014709 -2.160858 -14.929347 26.684176 33.094326 -18.454795 -8.738088 6.252000 -0.000035 -23.770805 -0.000007 12.095052 0.658295 31.072873 2.466111 -1.576219 2.681740 -3.074596 10.549481 15.520760 4.126578 13.590313 1.096798 -0.821920 0.916479 2.391521 0.000001 0.000003 0.000002 9.109308 -0.518029 2.259873 0.177174 -1.555031 12.957680 -0.000003 0.012008 -0.000111 0.015329 0.453005 -3.819619 -0.000002 -0.000000 0.000001 9.533408 0.000047 0.000052 0.094824 -1.141014 9.469593 0.001320 0.139121 -1.133027 0.056531 0.883562 -7.322143 0.000003 0.000001 -0.000000 9.104518 -0.043037 -1.865073 0.019925 -0.524483 4.356083 0.026484 0.603948 -5.011124 0.116361 1.262333 -10.520938 -0.000002 0.000001 -0.000001 8.077776 -0.486863 -3.806248 -0.119742 4.123451 1.868215 0.170255 -2.733337 -11.764810 0.239036 1.603301 -13.525116 -0.000004 0.000005 -0.000007 -8.207795 -6.751655 -1.599564 -22.399720 20.836436 0.039378 50.577913 2.899806 -5.649746 -23.469831 12.210395 0.070340 -1.365699 -0.000013 0.000000 0.000000 -0.000001 -0.000000 8.207782 -6.751688 -1.599557 -11.345593 -3.848328 -1.021728 50.401284 0.092861 -2.385367 10.500860 -14.816774 -7.364681 -35.081819 -0.094089 3.024556 -0.000002 0.000002 0.000001 
0.491604 95.944458 79.302025 -176.169908 48.148172 189.064909 -0.000006 10.181602 0.131526 1.667468 17.508814 4.550545 1.641442 2.276271 -8.943197 1.946328 2.254099 -8.892949 0.000004 16.740383 -2.049031 6.436590 3.147812 -0.371604 0.000004 9.617888 1.685011 17.278922 14.351423 1.133205 0.000002 22.037354 7.501094 -0.000000 -0.000000 -0.000001 -4.569960 11.014890 -2.160880 1.306917 4.395579 -14.426545 -33.629311 53.139527 8.946235 0.000000 22.366896 -0.000001 12.289319 2.464303 -46.330099 -2.464785 -1.573966 2.681842 -2.591557 -5.784487 -15.442491 5.122757 -17.557619 -0.755095 -1.560136 0.883064 -1.926123 0.000005 -0.000002 0.000000 -9.108266 -0.517853 2.259834 0.000122 0.044800 -0.521637 -0.000004 0.029289 0.000107 0.004342 -0.256964 2.026076 0.000005 -0.000000 0.000000 -9.532495 -0.000027 -0.000027 -0.000227 0.006100 -0.521637 0.041249 -0.701324 6.566211 0.004256 -0.283768 2.026073 -0.000003 0.000003 0.000003 -9.103592 -0.043052 -1.865137 0.069762 -0.984616 8.253818 0.036705 -0.732822 5.815062 0.008084 -0.329231 2.596667 0.000005 0.000001 -0.000000 -8.076676 -0.486700 -3.806277 0.348216 -2.177728 18.668806 0.000002 0.096975 0.000133 0.002638 -0.373348 2.596641 -0.000004 -0.000005 0.000001 4.570441 11.014721 -2.160844 -16.388428 29.076832 33.445906 -22.178381 -13.632096 1.245423 -0.000027 -23.344996 0.000009 3.030674 3.266535 33.678485 2.466133 -1.576202 2.681738 -3.074599 10.549497 15.520748 4.126571 13.590309 1.096805 -0.821920 0.916486 2.391515 0.000001 0.000005 -0.000005 9.109279 -0.518039 2.259873 0.130821 -1.338457 11.121259 0.000366 0.076685 -0.535992 0.019224 0.508367 -4.279592 0.000002 -0.000002 0.000003 9.533406 0.000026 0.000055 0.061768 -0.922012 7.633738 0.004396 0.250084 -2.052850 0.063836 0.938581 -7.782190 0.000002 -0.000002 0.000001 9.104526 -0.043032 -1.865062 0.013599 -0.433506 3.600466 0.035906 0.703047 -5.836124 0.125633 1.311240 -10.933596 0.000002 0.000004 0.000001 8.077786 -0.486877 -3.806253 -0.064673 4.215869 1.110780 0.194242 -2.636672 -12.588588 0.252277 1.651306 -13.937941 0.000002 -0.000001 0.000001 -8.207788 -6.751657 -1.599556 -21.944547 19.824781 -0.717369 50.845537 2.280949 -4.127993 -23.810562 11.845059 -0.323984 -1.487082 0.000001 -0.000001 0.000000 -0.000000 -0.000000 8.207789 -6.751691 -1.599551 -11.552968 -3.355026 0.024721 51.375764 -0.848181 -2.612385 9.567848 -14.906411 -4.078105 -33.663953 -0.068030 2.587786 0.000000 0.000001 -0.000001 
0.326061 95.565186 79.272270 -174.764105 43.493289 187.349371 -0.000003 10.181581 0.131521 1.018997 15.609171 3.324955 1.847261 2.024921 -7.061528 2.059371 2.012648 -7.009387 0.000001 16.740385 -2.049023 7.046211 3.326510 -0.520856 0.000008 9.617908 1.685017 17.618408 15.040819 0.972023 0.000004 22.037369 7.501091 0.000000 0.000000 -0.000000 -4.569965 11.014924 -2.160877 1.071489 3.569575 -14.732255 -28.293791 54.095723 5.264887 -0.000001 21.641811 0.000003 5.521892 -1.679610 -47.384485 -2.464808 -1.573959 2.681846 -2.591555 -5.784491 -15.442487 5.122759 -17.557619 -0.755092 -1.560136 0.883064 -1.926116 0.000006 -0.000010 -0.000006 -9.108289 -0.517849 2.259840 0.003638 -0.226268 1.702928 -0.000013 0.029283 0.000106 0.007149 -0.326449 2.596643 -0.000003 0.000000 -0.000001 -9.532508 -0.000029 -0.000022 0.004791 -0.264951 1.702933 0.057724 -0.839415 7.707567 0.007036 -0.353253 2.596656 -0.000006 -0.000000 0.000002 -9.103586 -0.043074 -1.865134 0.094325 -1.143904 9.576726 0.051877 -0.867509 6.927557 0.011685 -0.396918 3.152824 -0.000003 0.000002 0.000002 -8.076698 -0.486704 -3.806281 0.400292 -2.330260 19.993304 -0.000017 0.096982 0.000147 0.005094 -0.441099 3.152786 -0.000001 0.000000 0.000008 4.570447 11.014709 -2.160847 -16.603196 29.326244 33.681237 -27.550423 -17.720253 -6.002868 -0.000034 -25.340627 -0.000007 -6.244709 5.062549 37.541110 2.466133 -1.576202 2.681716 -3.074602 10.549491 15.520749 4.126575 13.590311 1.096802 -0.821918 0.916480 2.391521 -0.000000 -0.000001 -0.000005 9.109295 -0.518047 2.259857 0.102229 -1.184543 9.823467 0.002399 0.187388 -1.453629 0.023591 0.563568 -4.738420 0.000001 -0.000003 0.000003 9.533408 0.000037 0.000034 0.042642 -0.766636 6.336302 0.009231 0.360715 -2.970504 0.071548 0.993393 -8.241112 0.000002 -0.000002 -0.000001 9.104520 -0.043028 -1.865086 0.020074 -0.526443 4.372599 0.040687 0.748371 -6.213973 0.129993 1.333611 -11.122593 0.000003 -0.000002 0.000003 8.077784 -0.486858 -3.806273 -0.120948 4.121430 1.884764 0.205702 -2.592501 -12.965849 0.258456 1.673251 -14.127007 0.000002 -0.000002 -0.000003 -8.207784 -6.751680 -1.599563 -21.123747 17.414479 -1.804744 51.445466 0.794990 -2.254930 -24.502385 11.392042 0.040772 -1.435028 0.000002 -0.000001 0.000000 0.000001 -0.000000 8.207793 -6.751707 -1.599554 -12.258590 -2.801276 0.980683 53.258291 -1.464987 -1.264209 7.710166 -15.340485 0.379158 -31.865418 -0.001336 0.043216 0.000000 -0.000001 0.000001 
0.254618 95.106041 79.349281 -173.562046 36.802142 185.818261 0.000001 10.181593 0.131516 0.339712 13.446394 1.538843 2.217601 1.740902 -4.875866 2.338634 1.739784 -4.821121 0.000002 16.740379 -2.049038 7.489884 3.532870 -0.676975 0.000000 9.617915 1.685015 17.861399 15.851273 0.868150 0.000004 22.037354 7.501108 0.000006 -0.000000 0.000000 -4.569970 11.014892 -2.160893 0.313266 0.919722 -15.018710 -23.908483 56.740393 1.722227 0.000012 19.582569 -0.000013 -4.689516 -4.794600 -43.835857 -2.464792 -1.573982 2.681852 -2.591561 -5.784490 -15.442486 5.122761 -17.557623 -0.755094 -1.560137 0.883068 -1.926124 0.000002 -0.000001 0.000004 -9.108271 -0.517867 2.259841 0.010712 -0.387268 3.025373 0.000010 0.029285 0.000102 0.010552 -0.394155 3.152806 -0.000002 0.000001 0.000003 -9.532501 -0.000044 -0.000015 0.012759 -0.425917 3.025388 0.076450 -0.973662 8.820122 0.010404 -0.420949 3.152808 -0.000001 0.000003 0.000003 -9.103583 -0.043071 -1.865129 0.084731 -1.084485 9.082721 0.062157 -0.947446 7.588925 0.014140 -0.437134 3.483435 -0.000002 -0.000001 0.000006 -8.076675 -0.486711 -3.806272 0.380429 -2.273435 19.498708 -0.000004 0.096970 0.000133 0.006845 -0.481353 3.483411 -0.000002 0.000000 -0.000002 4.570446 11.014713 -2.160850 -15.696741 27.786413 33.607024 -35.264656 -19.770910 -15.479109 -0.000027 -29.738398 -0.000001 -13.744255 4.915530 38.817799 2.466141 -1.576202 2.681735 -3.074600 10.549498 15.520753 4.126575 13.590301 1.096798 -0.821913 0.916488 2.391524 0.000004 0.000008 -0.000003 9.109270 -0.518052 2.259860 0.101379 -1.179623 9.782022 0.004896 0.265639 -2.102224 0.026934 0.602557 -5.062755 0.000002 -0.000001 0.000000 9.533379 0.000032 0.000037 0.042091 -0.761683 6.294870 0.013711 0.438865 -3.619115 0.077283 1.032111 -8.565511 -0.000002 0.000003 -0.000002 9.104522 -0.043036 -1.865077 0.044395 -0.782192 6.501653 0.035795 0.702073 -5.827870 0.125518 1.310739 -10.929472 -0.000000 -0.000001 0.000000 8.077789 -0.486856 -3.806261 -0.269347 3.857255 4.017816 0.194002 -2.637643 -12.580353 0.252145 1.650838 -13.933798 0.000001 -0.000005 0.000003 -8.207781 -6.751662 -1.599565 -20.239312 13.707542 -2.807521 52.282069 -1.412200 -0.648005 -25.476466 10.885920 0.124316 -1.294467 -0.000005 -0.000000 0.000000 0.000002 -0.000000 8.207795 -6.751688 -1.599560 -13.301302 -2.644077 1.488461 55.201637 -1.023701 0.943241 4.659432 -14.071821 4.248985 -31.288499 0.112013 -3.306928 -0.000001 -0.000002 -0.000000 
0.229226 94.758148 79.535309 -173.010044 28.704089 184.929899 -0.000001 10.181590 0.131517 -0.308701 11.309770 -0.334538 2.693493 1.459531 -2.890727 2.747819 1.469679 -2.834312 0.000003 16.740393 -2.049042 7.676474 3.783123 -0.766137 0.000000 9.617867 1.685004 17.928741 16.997006 0.641925 0.000004 22.037354 7.501091 -0.000002 0.000000 0.000000 -4.569963 11.014906 -2.160884 -0.724480 -2.685012 -15.259329 -21.463212 60.591462 -0.781354 -0.000000 17.248572 0.000007 -17.891353 -7.836198 -37.043569 -2.464808 -1.573968 2.681844 -2.591562 -5.784494 -15.442499 5.122758 -17.557618 -0.755096 -1.560138 0.883066 -1.926113 -0.000000 0.000003 -0.000003 -9.108291 -0.517881 2.259834 0.007644 -0.327182 2.531558 -0.000006 0.029283 0.000145 0.012883 -0.434374 3.483442 -0.000001 -0.000002 0.000003 -9.532516 -0.000046 -0.000020 0.009355 -0.365843 2.531569 0.088807 -1.053315 9.481591 0.012726 -0.461171 3.483440 -0.000002 0.000002 -0.000001 -9.103588 -0.043068 -1.865132 0.048477 -0.821433 6.903095 0.058195 -0.917619 7.341983 0.013212 -0.422112 3.359976 -0.000002 0.000001 0.000003 -8.076686 -0.486717 -3.806278 0.298664 -2.020770 17.316618 0.000007 0.096976 0.000126 0.006159 -0.466340 3.359965 -0.000000 0.000002 0.000000 4.570434 11.014689 -2.160862 -14.355734 25.730352 33.011667 -44.508825 -20.245885 -25.664762 -0.000038 -34.952895 0.000009 -19.387530 2.353700 35.003657 2.466167 -1.576204 2.681733 -3.074599 10.549497 15.520756 4.126573 13.590305 1.096804 -0.821921 0.916481 2.391525 -0.000000 0.000003 -0.000003 9.109315 -0.518033 2.259866 0.135860 -1.363783 11.335378 0.005002 0.268115 -2.122945 0.027022 0.603807 -5.073116 0.000001 0.000003 0.000001 9.533422 0.000032 0.000036 0.065259 -0.947592 7.847805 0.013889 0.441364 -3.639858 0.077471 1.033338 -8.575869 0.000002 -0.000001 0.000001 9.104542 -0.043030 -1.865083 0.076646 -1.026561 8.544917 0.023951 0.574164 -4.763357 0.113630 1.247626 -10.397023 -0.000000 -0.000002 -0.000001 8.077791 -0.486871 -3.806262 -0.402364 3.598742 6.063415 0.163324 -2.762443 -11.517408 0.235149 1.588858 -13.401142 -0.000001 0.000005 0.000002 -8.207781 -6.751651 -1.599565 -19.510924 9.247933 -3.805576 52.781707 -3.605060 0.586508 -26.295047 9.780161 0.308602 -1.065106 0.000002 -0.000002 0.000000 0.000000 -0.000000 8.207795 -6.751691 -1.599553 -14.645056 -3.392840 1.896952 56.208577 0.770285 2.113734 0.856153 -10.808751 6.573218 -30.821437 0.230185 -4.654891 -0.000001 0.000000 -0.000000 
0.176115 94.599319 79.834091 -173.084917 19.687277 184.712043 -0.000005 10.181599 0.131520 -0.806757 9.403614 -1.971736 3.052037 1.210604 -1.394912 3.067854 1.229760 -1.341607 0.000002 16.740385 -2.049031 7.737365 4.083952 -0.718243 0.000001 9.617869 1.685016 17.910346 18.634201 0.202402 -0.000003 22.037369 7.501098 -0.000005 0.000002 0.000000 -4.569965 11.014889 -2.160876 -1.486538 -5.244507 -15.567955 -21.012734 63.200908 -1.507799 -0.000007 16.848615 0.000013 -32.515061 -11.555513 -32.545247 -2.464823 -1.573968 2.681848 -2.591560 -5.784491 -15.442486 5.122762 -17.557621 -0.755106 -1.560140 0.883070 -1.926111 0.000002 -0.000009 0.000001 -9.108286 -0.517890 2.259834 0.000246 -0.061730 0.352543 0.000004 0.029285 0.000076 0.011961 -0.419345 3.360001 -0.000001 0.000000 0.000001 -9.532515 -0.000053 -0.000023 0.000482 -0.100431 0.352544 0.084095 -1.023597 9.234628 0.011827 -0.446159 3.360020 0.000002 0.000006 -0.000007 -9.103587 -0.043095 -1.865143 0.023224 -0.569272 4.823410 0.042354 -0.785778 6.252239 0.009436 -0.355827 2.815213 0.000001 0.000002 -0.000009 -8.076694 -0.486712 -3.806279 0.229695 -1.776902 15.234973 0.000002 0.096991 0.000113 0.003535 -0.399976 2.815185 -0.000002 0.000007 -0.000001 4.570448 11.014692 -2.160851 -13.135886 24.064618 31.849845 -53.519597 -20.856208 -34.845105 -0.000079 -39.099882 -0.000023 -24.354668 -1.781176 26.718085 2.466144 -1.576212 2.681737 -3.074602 10.549500 15.520749 4.126574 13.590304 1.096807 -0.821920 0.916481 2.391518 -0.000000 0.000000 0.000000 9.109305 -0.518055 2.259873 0.196966 -1.638371 13.668117 0.002074 0.174492 -1.346605 0.023050 0.557131 -4.684919 -0.000000 -0.000002 -0.000001 9.533415 0.000035 0.000050 0.109469 -1.225403 10.179788 0.008580 0.347821 -2.863496 0.070638 0.987018 -8.187584 -0.000000 0.000000 0.000001 9.104542 -0.043024 -1.865066 0.077137 -1.029863 8.572591 0.014792 0.451247 -3.741865 0.102789 1.186949 -9.886090 0.000000 0.000004 -0.000002 8.077780 -0.486872 -3.806254 -0.404106 3.595201 6.091113 0.136091 -2.882719 -10.497346 0.219355 1.529260 -12.890019 -0.000002 0.000006 0.000002 -8.207787 -6.751670 -1.599557 -19.122207 4.551294 -4.985280 52.811491 -5.465465 1.618659 -26.798208 7.910406 0.484347 -0.695277 0.000012 0.000001 0.000000 -0.000001 -0.000000 8.207792 -6.751692 -1.599549 -16.373751 -4.231125 2.634990 55.945987 3.882005 1.627574 -3.311183 -7.064186 8.362587 -28.038953 0.383680 -5.921831 0.000000 0.000001 -0.000001 
0.077998 94.553467 80.133186 -173.498184 10.109851 184.756590 -0.000005 10.181591 0.131536 -1.146854 7.834684 -3.164289 3.083247 1.010053 -0.434670 3.081120 1.033416 -0.390014 0.000001 16.740368 -2.049043 7.836294 4.393459 -0.494851 0.000001 9.617882 1.685030 18.024564 20.585169 -0.290976 -0.000003 22.037384 7.501083 -0.000006 0.000002 0.000000 -4.569968 11.014904 -2.160897 -1.452688 -5.055046 -15.761792 -21.977862 62.078893 -0.391220 0.000005 20.384017 0.000006 -45.565855 -13.348067 -33.796428 -2.464792 -1.573984 2.681857 -2.591559 -5.784497 -15.442482 5.122755 -17.557619 -0.755096 -1.560140 0.883069 -1.926122 0.000003 -0.000009 0.000001 -9.108274 -0.517871 2.259839 0.002604 0.191650 -1.726765 0.000003 0.029305 0.000077 0.008408 -0.353053 2.815179 0.000001 -0.000002 -0.000001 -9.532514 -0.000046 -0.000013 0.001437 0.152967 -1.726761 0.064780 -0.892211 8.144714 0.008283 -0.379849 2.815202 -0.000003 0.000006 0.000000 -9.103572 -0.043110 -1.865129 0.028669 -0.632327 5.342742 0.029562 -0.659723 5.212420 0.006414 -0.292555 2.295370 0.000000 0.000005 0.000007 -8.076677 -0.486710 -3.806276 0.246080 -1.838032 15.754745 -0.000000 0.096977 0.000103 0.001617 -0.336640 2.295342 -0.000001 -0.000005 -0.000003 4.570446 11.014688 -2.160858 -11.989835 22.512471 30.482434 -61.101390 -22.206152 -42.788331 -0.000072 -42.089955 -0.000035 -27.636173 -4.708559 16.689694 2.466130 -1.576223 2.681721 -3.074598 10.549492 15.520756 4.126577 13.590316 1.096789 -0.821920 0.916476 2.391526 0.000004 0.000004 -0.000003 9.109292 -0.518065 2.259863 0.234122 -1.783743 14.912579 0.000058 0.033844 -0.181075 0.017688 0.487007 -4.102088 -0.000001 0.000004 -0.000001 9.533393 0.000031 0.000035 0.137687 -1.372779 11.423776 0.003010 0.207275 -1.697928 0.060958 0.917353 -7.604662 -0.000001 0.000003 -0.000000 9.104530 -0.043034 -1.865070 0.034591 -0.690762 5.739663 0.014693 0.449573 -3.728062 0.102647 1.186125 -9.879198 -0.000003 0.000006 0.000001 8.077793 -0.486863 -3.806256 -0.217372 3.952439 3.254544 0.135736 -2.884348 -10.483536 0.219148 1.528436 -12.883105 -0.000000 0.000002 -0.000003 -8.207787 -6.751663 -1.599549 -19.035157 -0.136274 -6.146792 52.557165 -7.278927 2.402792 -27.141818 5.506422 0.821925 -0.248004 -0.000002 -0.000000 0.000000 -0.000000 -0.000000 8.207790 -6.751691 -1.599540 -18.701309 -3.329883 3.932827 55.551988 7.409570 0.590644 -10.014604 -3.500455 10.799227 -19.941273 0.055704 -2.237816 -0.000001 0.000000 -0.000002 
-0.028601 94.496239 80.261986 -174.100511 0.067213 184.577748 -0.000005 10.181578 0.131534 -1.463938 6.522499 -3.830233 2.728557 0.845968 0.142236 2.719233 0.867811 0.175346 0.000002 16.740398 -2.049027 8.002595 4.617196 -0.154552 0.000000 9.617854 1.685027 18.431803 22.236127 -0.546843 0.000001 22.037354 7.501090 -0.000001 -0.000002 0.000002 -4.569967 11.014925 -2.160871 -0.615014 -2.286862 -15.524813 -23.229501 57.325081 1.473705 0.000008 27.996536 -0.000012 -53.588985 -11.600281 -38.929944 -2.464792 -1.573982 2.681843 -2.591561 -5.784496 -15.442487 5.122760 -17.557619 -0.755092 -1.560136 0.883062 -1.926124 0.000004 0.000000 -0.000001 -9.108283 -0.517861 2.259843 0.001140 0.128404 -1.207693 -0.000001 0.029279 0.000073 0.005605 -0.289747 2.295272 0.000001 -0.000000 0.000011 -9.532517 -0.000043 -0.000012 0.000329 0.089715 -1.207691 0.048672 -0.766513 7.104652 0.005490 -0.316564 2.295284 -0.000002 -0.000001 0.000002 -9.103583 -0.043076 -1.865128 0.095604 -1.151548 9.640181 0.032536 -0.691207 5.471976 0.007121 -0.308350 2.425153 -0.000005 -0.000002 -0.000004 -8.076698 -0.486706 -3.806268 0.402878 -2.337554 20.056794 0.000003 0.096986 0.000088 0.002042 -0.352464 2.425125 -0.000005 -0.000000 -0.000001 4.570443 11.014713 -2.160852 -10.528895 20.072341 29.502428 -66.925909 -21.988448 -49.744862 -0.000037 -46.022996 -0.000006 -25.204655 -4.490242 7.535988 2.466129 -1.576213 2.681745 -3.074602 10.549499 15.520746 4.126574 13.590308 1.096809 -0.821919 0.916481 2.391515 -0.000000 0.000002 -0.000008 9.109288 -0.518048 2.259877 0.192200 -1.618711 13.500227 -0.000002 0.012003 -0.000102 0.015102 0.449574 -3.791242 -0.000001 0.000003 0.000004 9.533385 0.000014 0.000041 0.105915 -1.205471 10.011957 0.001196 0.132264 -1.076242 0.056094 0.880162 -7.293736 0.000000 -0.000002 -0.000001 9.104517 -0.043053 -1.865067 0.000850 -0.107750 0.898869 0.027912 0.619961 -5.144333 0.117830 1.270228 -10.587574 -0.000001 -0.000002 0.000010 8.077792 -0.486870 -3.806250 0.142223 4.540112 -1.598876 0.174046 -2.717698 -11.897837 0.241150 1.611058 -13.591778 0.000001 -0.000003 0.000004 -8.207787 -6.751682 -1.599560 -19.122033 -4.610295 -6.682725 52.201602 -9.103222 2.783685 -27.487157 2.124019 1.339409 -0.000091 0.000004 -0.000001 0.000000 -0.000000 -0.000000 8.207791 -6.751702 -1.599545 -21.601102 -0.210770 5.855528 54.705048 7.445086 -0.655253 -15.030699 1.129124 15.039066 -11.871643 0.000007 -0.000015 0.000000 0.000001 0.000002 
-0.157051 94.397202 80.204010 -174.954585 -10.662344 183.901778 -0.000005 10.181581 0.131535 -1.824695 5.195544 -3.989908 2.142810 0.680083 0.599211 2.130969 0.696130 0.620913 0.000003 16.740391 -2.049025 8.109290 4.675543 0.140669 0.000003 9.617885 1.685008 19.091367 22.926512 -0.511386 0.000006 22.037354 7.501099 -0.000001 0.000002 -0.000000 -4.569968 11.014915 -2.160869 0.342420 0.914294 -14.929274 -24.791925 51.992558 4.031073 -0.000011 37.646462 -0.000009 -55.150240 -8.790879 -45.392959 -2.464804 -1.573964 2.681842 -2.591557 -5.784481 -15.442487 5.122758 -17.557621 -0.755095 -1.560132 0.883057 -1.926122 -0.000004 0.000000 -0.000001 -9.108269 -0.517871 2.259819 0.011159 -0.394950 3.088483 0.000004 0.029279 0.000067 0.006251 -0.305570 2.425136 -0.000000 0.000000 0.000004 -9.532503 -0.000058 -0.000023 0.013243 -0.433592 3.088497 0.052487 -0.797932 7.364408 0.006121 -0.332380 2.425138 0.000001 -0.000003 0.000004 -9.103579 -0.043073 -1.865144 0.275143 -1.940427 16.287313 0.062678 -0.951263 7.620457 0.014261 -0.439048 3.499214 -0.000003 -0.000002 0.000003 -8.076670 -0.486710 -3.806284 0.718033 -3.082879 26.713973 -0.000005 0.097000 0.000101 0.006937 -0.483273 3.499197 -0.000002 -0.000007 0.000001 4.570451 11.014724 -2.160852 -8.575781 16.357668 29.219962 -70.851075 -17.273147 -55.040673 -0.000086 -53.138906 -0.000058 -15.398665 -2.257037 -0.943857 2.466129 -1.576223 2.681726 -3.074598 10.549498 15.520749 4.126577 13.590310 1.096800 -0.821914 0.916483 2.391521 -0.000000 0.000006 0.000000 9.109309 -0.518058 2.259862 0.095241 -1.143636 9.479423 0.000112 0.043976 -0.264944 0.018036 0.492061 -4.144027 0.000001 0.000005 0.000001 9.533417 0.000019 0.000032 0.038152 -0.725382 5.992341 0.003303 0.217390 -1.781791 0.061640 0.922363 -7.646613 -0.000001 -0.000002 0.000002 9.104537 -0.043044 -1.865085 0.022204 0.553730 -4.587521 0.060279 0.910227 -7.565028 0.146204 1.413491 -11.798380 0.000001 -0.000002 0.000001 8.077810 -0.486840 -3.806263 0.608775 5.166724 -7.109071 0.248985 -2.435275 -14.314700 0.281129 1.751581 -14.803062 -0.000002 -0.000001 0.000003 -8.207786 -6.751669 -1.599550 -19.308197 -8.689764 -6.251776 51.616921 -9.145903 2.876051 -27.832292 -4.264915 1.016440 -0.000037 0.000001 -0.000006 0.000000 0.000001 -0.000000 8.207790 -6.751695 -1.599535 -25.288111 2.970670 8.007523 54.170951 5.012055 -2.700230 -17.572806 7.496975 18.314754 -6.316358 0.000013 -0.000004 -0.000000 0.000000 -0.000001 
-0.423654 94.317863 80.120232 -176.064819 -22.229701 182.522093 -0.000008 10.181589 0.131520 -2.144711 3.590327 -3.554595 1.649603 0.479740 1.191332 1.638674 0.487926 1.203576 0.000006 16.740398 -2.049034 7.975023 4.574553 0.247997 0.000003 9.617869 1.685004 19.864984 22.498925 -0.523312 0.000006 22.037369 7.501091 -0.000004 0.000002 -0.000000 -4.569964 11.014908 -2.160881 0.699025 2.164647 -14.456550 -27.474718 49.101530 8.758460 -0.000009 46.960699 -0.000004 -51.246462 -7.962727 -51.347597 -2.464797 -1.573969 2.681858 -2.591563 -5.784485 -15.442496 5.122759 -17.557619 -0.755090 -1.560140 0.883066 -1.926122 0.000003 -0.000009 0.000002 -9.108271 -0.517865 2.259844 0.103668 -1.198742 9.732413 -0.000008 0.029281 0.000069 0.013002 -0.436323 3.499445 -0.000003 0.000001 -0.000000 -9.532492 -0.000049 -0.000016 0.110211 -1.236882 9.732555 0.089438 -1.057162 9.513697 0.012832 -0.463135 3.499465 0.000002 0.000009 0.000003 -9.103580 -0.043083 -1.865120 0.503973 -2.603542 22.054302 0.128386 -1.350603 10.943140 0.030128 -0.640820 5.159993 0.000000 0.000006 0.000000 -8.076687 -0.486709 -3.806278 1.059937 -3.695710 32.492299 -0.001161 0.031956 0.533578 0.019339 -0.685284 5.159926 0.000000 -0.000002 0.000001 4.570446 11.014734 -2.160851 -6.463658 12.315693 29.412205 -72.164371 -8.841666 -57.936000 -0.000105 -63.641606 -0.000045 -2.230247 -1.282714 -9.210424 2.466141 -1.576179 2.681736 -3.074601 10.549497 15.520755 4.126574 13.590306 1.096802 -0.821919 0.916473 2.391520 0.000003 0.000004 -0.000001 9.109295 -0.518034 2.259870 0.018798 -0.509621 4.184757 0.005715 0.286365 -2.274154 0.027848 0.612884 -5.148722 -0.000001 0.000003 0.000000 9.533392 0.000042 0.000045 0.000554 -0.087895 0.698516 0.015047 0.459561 -3.791087 0.078844 1.042384 -8.651492 -0.000000 0.000002 -0.000004 9.104522 -0.043018 -1.865075 0.112012 1.239459 -10.322070 0.111733 1.237198 -10.309081 0.182011 1.575108 -13.170842 0.000001 0.000001 0.000002 8.077788 -0.486870 -3.806262 1.159062 5.770582 -12.878396 0.348222 -2.119316 -17.053833 0.330032 1.909798 -16.176183 0.000001 0.000000 0.000001 -8.207787 -6.751665 -1.599576 -19.336633 -12.560437 -5.172876 50.714780 -9.233200 2.849682 -28.191829 -10.984399 0.828419 -0.397394 0.000004 -0.000002 -0.000000 -0.000001 -0.000000 8.207788 -6.751700 -1.599563 -29.069299 4.582469 9.725657 53.930323 3.966693 -5.564869 -18.559494 14.333685 18.834148 -3.931317 -0.000014 -0.000005 0.000001 0.000003 0.000004 
-0.955591 94.271645 80.127129 -177.259036 -34.290411 180.298594 0.000001 10.181584 0.131517 -2.390588 1.753991 -2.384233 1.493573 0.256915 1.981868 1.487053 0.255819 1.987113 0.000006 16.740404 -2.049034 7.527706 4.364105 0.213088 0.000000 9.617903 1.685001 20.711625 21.304035 -0.892995 0.000002 22.037354 7.501090 -0.000005 -0.000003 0.000003 -4.569962 11.014909 -2.160878 0.354291 1.007512 -14.375725 -31.335023 48.282300 16.703921 -0.000013 55.286348 0.000016 -42.624325 -10.161494 -54.233030 -2.464811 -1.573984 2.681851 -2.591563 -5.784498 -15.442487 5.122762 -17.557618 -0.755098 -1.560136 0.883068 -1.926117 0.000003 -0.000008 -0.000001 -9.108287 -0.517864 2.259844 0.258778 -1.882988 15.495708 0.000198 -0.035764 0.533881 0.028271 -0.638129 5.160168 0.000001 0.000005 -0.000001 -9.532513 -0.000048 -0.000014 0.269115 -1.920281 15.496060 0.165621 -1.454674 12.836646 0.028035 -0.664921 5.160184 0.000003 -0.000005 0.000001 -9.103593 -0.043064 -1.865129 0.601263 -2.833274 24.105601 0.204036 -1.693271 13.824734 0.048625 -0.815299 6.600001 0.000001 -0.000004 -0.000004 -8.076699 -0.486734 -3.806274 1.196202 -3.904875 34.548196 0.003075 -0.319001 3.412979 0.034817 -0.860086 6.599908 -0.000001 -0.000005 -0.000000 4.570446 11.014709 -2.160852 -4.865369 9.322200 29.655554 -69.867337 -2.166619 -59.499957 -0.000221 -75.701165 -0.000196 7.719738 -2.012595 -13.151761 2.466145 -1.576202 2.681744 -3.074599 10.549495 15.520753 4.126574 13.590303 1.096803 -0.821916 0.916483 2.391516 0.000002 0.000005 0.000007 9.109312 -0.518011 2.259877 0.001945 0.163917 -1.400505 0.026083 0.605108 -4.921106 0.044003 0.771773 -6.472327 0.000001 0.000001 -0.000004 9.533406 0.000044 0.000048 0.024826 0.585418 -4.886802 0.043470 0.777688 -6.438178 0.104713 1.199956 -9.975397 -0.000000 -0.000001 0.000000 9.104541 -0.043017 -1.865069 0.285862 1.967115 -16.529375 0.182187 1.575842 -13.177394 0.223560 1.742989 -14.605347 -0.000001 0.000002 -0.000004 8.077821 -0.486845 -3.806259 1.820515 6.358165 -19.133105 0.467936 -1.794588 -19.916309 0.385171 2.073807 -17.611358 -0.000000 0.000001 -0.000002 -8.207781 -6.751664 -1.599563 -19.179805 -16.069748 -3.866271 50.373014 -9.215213 2.763528 -27.133639 -15.625796 1.679003 -1.668386 0.000138 -0.044050 0.000000 -0.000000 -0.000000 8.207798 -6.751698 -1.599566 -31.852843 5.076901 11.045166 54.022070 5.818539 -8.677291 -19.622959 18.244451 18.043271 -2.792354 0.000036 0.000000 0.000000 0.000002 -0.000000 
-1.794186 94.311523 80.173187 -178.598054 -46.133980 177.288625 -0.000007 10.181585 0.131525 -2.726969 0.124003 -0.573789 1.588975 0.068504 2.653657 1.588019 0.057160 2.654249 0.000014 16.740393 -2.049037 6.897264 4.017382 0.302436 0.000011 9.617889 1.685006 21.648778 19.663324 -1.398881 0.000006 22.037369 7.501091 0.000003 -0.000001 -0.000001 -4.569958 11.014905 -2.160884 -0.154123 -0.739602 -14.044666 -34.223718 46.309383 26.040182 -0.000017 63.415185 0.000003 -29.781028 -14.851592 -51.561078 -2.464808 -1.573978 2.681832 -2.591562 -5.784494 -15.442489 5.122765 -17.557623 -0.755097 -1.560140 0.883068 -1.926117 0.000002 -0.000008 -0.000001 -9.108279 -0.517864 2.259821 0.330369 -2.121853 17.544347 0.011756 -0.386316 3.411987 0.046214 -0.812560 6.599337 -0.000001 0.000002 0.000001 -9.532505 -0.000039 -0.000033 0.342034 -2.158752 17.544784 0.250196 -1.794999 15.716586 0.045922 -0.839375 6.599337 -0.000004 -0.000001 0.000001 -9.103594 -0.043071 -1.865150 0.485515 -2.557219 21.644251 0.235055 -1.814027 14.848587 0.056249 -0.877175 7.111658 -0.000001 0.000007 0.000002 -8.076693 -0.486721 -3.806283 1.033569 -3.653300 32.081054 0.008807 -0.443602 4.436394 0.041387 -0.922098 7.111572 -0.000000 0.000012 0.000004 4.570448 11.014717 -2.160858 -4.049474 7.628736 29.807577 -63.606314 -3.052717 -61.420818 -0.001297 -87.028802 -0.001277 11.587180 -1.366942 -8.361717 2.466148 -1.576171 2.681745 -3.074598 10.549499 15.520744 4.126576 13.590305 1.096807 -0.821913 0.916485 2.391518 0.000001 0.000003 -0.000003 9.109310 -0.518006 2.259875 0.056520 0.882224 -7.373182 0.063518 0.940003 -7.714192 0.065028 0.938950 -7.868894 -0.000000 0.000003 -0.000005 9.533411 0.000062 0.000049 0.123152 1.299066 -10.860604 0.089353 1.111523 -9.231490 0.135964 1.365546 -11.372378 -0.000001 -0.000000 0.000001 9.104537 -0.043003 -1.865068 0.513659 2.614115 -22.224211 0.277415 1.937762 -16.281494 0.273238 1.923399 -16.157494 0.000000 0.000000 -0.000001 8.077809 -0.486836 -3.806256 2.480877 6.830849 -24.878575 0.615504 -1.450503 -23.013272 0.449439 2.249673 -19.164355 0.000000 0.000001 -0.000004 -8.207790 -6.751666 -1.599559 -18.348306 -17.808380 -2.252882 50.766563 -8.532984 2.713705 -24.705460 -16.865726 5.376390 -4.427794 0.025827 -1.601271 -0.000000 -0.000000 0.000000 8.207791 -6.751699 -1.599555 -33.328601 5.729505 11.504652 54.143367 7.793286 -9.943588 -21.324786 19.099468 16.671749 -0.502370 0.000021 -0.000002 -0.000000 0.000000 0.000000 
-2.920000 94.437309 80.188324 -180.466302 -57.253415 173.715480 0.000009 10.181582 0.131513 -3.333978 -0.761273 1.456460 1.641147 -0.028820 2.643734 1.643157 -0.047872 2.642166 0.000003 16.740395 -2.049036 6.328150 3.438468 0.763885 -0.000002 9.617884 1.685015 22.515324 17.582048 -1.481562 -0.000001 22.037369 7.501091 0.000004 -0.000000 0.000001 -4.569968 11.014916 -2.160884 -0.071969 -0.933725 -12.252482 -32.790960 41.088000 32.947921 -0.000006 71.537981 0.000002 -15.357069 -20.174709 -41.790833 -2.464799 -1.573987 2.681843 -2.591559 -5.784499 -15.442487 5.122757 -17.557619 -0.755094 -1.560141 0.883076 -1.926122 0.000005 -0.000001 -0.000001 -9.108261 -0.517868 2.259830 0.245373 -1.834432 15.081707 0.020090 -0.510668 4.434786 0.053646 -0.874401 7.110590 0.000002 -0.000003 -0.000005 -9.532497 -0.000043 -0.000023 0.255442 -1.871799 15.082031 0.284310 -1.914746 16.739424 0.053331 -0.901214 7.110592 -0.000003 0.000003 0.000004 -9.103593 -0.043072 -1.865134 0.265896 -1.908194 16.011644 0.198021 -1.668741 13.617299 0.047148 -0.802787 6.496648 0.000000 -0.000004 0.000001 -8.076685 -0.486724 -3.806283 0.703204 -3.052648 26.436874 0.002182 -0.293893 3.207009 0.033555 -0.847562 6.496564 -0.000001 0.000005 0.000000 4.570443 11.014724 -2.160856 -3.345410 5.951714 29.781810 -53.898887 -12.429145 -62.807688 0.000548 -95.932896 0.000662 11.620320 0.688035 4.087489 2.466133 -1.576217 2.681739 -3.074599 10.549499 15.520751 4.126575 13.590307 1.096797 -0.821919 0.916481 2.391523 0.000000 0.000003 -0.000005 9.109307 -0.518055 2.259871 0.191957 1.617620 -13.575317 0.121538 1.295613 -10.701371 0.092000 1.117100 -9.362432 0.000000 -0.000003 -0.000002 9.533403 0.000033 0.000047 0.303263 2.024826 -17.065004 0.156356 1.465541 -12.219069 0.173836 1.541698 -12.866371 -0.000001 -0.000002 0.000000 9.104548 -0.043026 -1.865069 0.628894 2.879683 -24.628137 0.381839 2.264535 -19.128174 0.323061 2.087543 -17.580676 0.000001 -0.000001 0.000002 8.077804 -0.486853 -3.806257 2.773334 7.010087 -27.305389 0.766927 -1.142498 -25.852676 0.512534 2.409288 -20.588331 0.000000 -0.000003 0.000004 -8.207782 -6.751675 -1.599565 -16.567326 -16.230734 0.057617 50.891815 -7.577866 2.885771 -22.077022 -14.634572 9.354786 -7.848896 0.094686 -3.064607 0.000000 0.000001 0.000000 8.207803 -6.751703 -1.599566 -33.661559 7.222196 11.589355 53.616005 8.072809 -9.899336 -23.339574 17.644686 15.408309 0.249472 0.004915 -0.698502 0.000000 -0.000000 0.000001 
-4.297483 94.501854 80.228928 -183.275832 -67.616988 169.814212 -0.000007 10.181574 0.131523 -4.144978 -0.685762 3.200170 1.526931 -0.020376 1.720500 1.528582 -0.039810 1.719443 -0.000009 16.740377 -2.049039 5.992403 2.643090 1.478916 0.000009 9.617891 1.685001 22.971972 15.003233 -0.970684 0.000001 22.037338 7.501100 -0.000002 0.000000 0.000001 -4.569985 11.014910 -2.160885 0.669391 0.944898 -8.652790 -27.701748 33.423199 37.121426 -0.000014 78.150225 0.000003 -2.947461 -24.980133 -26.211722 -2.464815 -1.573982 2.681855 -2.591561 -5.784495 -15.442493 5.122761 -17.557619 -0.755098 -1.560141 0.883068 -1.926115 0.000001 -0.000008 -0.000004 -9.108305 -0.517870 2.259849 0.097910 -1.165203 9.452612 0.010361 -0.361597 3.208952 0.044796 -0.800258 6.497779 -0.000001 -0.000001 0.000002 -9.532510 -0.000052 -0.000013 0.104263 -1.203383 9.452746 0.243659 -1.771107 15.513337 0.044513 -0.827090 6.497808 -0.000002 0.000002 0.000004 -9.103596 -0.043082 -1.865120 0.100217 -1.178808 9.866966 0.125155 -1.333868 10.803110 0.029348 -0.632325 5.090088 -0.000001 -0.000001 -0.000001 -8.076710 -0.486709 -3.806262 0.412199 -2.363582 20.283743 -0.000916 0.048978 0.393914 0.018702 -0.676796 5.090030 0.000000 -0.000005 -0.000000 4.570427 11.014722 -2.160861 -1.685888 2.809492 28.858611 -41.672757 -25.372739 -61.494051 0.000329 -101.287232 0.000429 11.802139 3.440168 17.348508 2.466121 -1.576208 2.681737 -3.074599 10.549503 15.520751 4.126580 13.590309 1.096813 -0.821920 0.916481 2.391513 0.000002 0.000003 0.000002 9.109300 -0.518023 2.259869 0.337491 2.133176 -18.020232 0.201300 1.661004 -13.803019 0.124915 1.301213 -10.912889 -0.000000 -0.000000 -0.000001 9.533394 0.000031 0.000037 0.480084 2.530536 -21.512200 0.245356 1.828838 -15.321175 0.217988 1.723432 -14.417401 -0.000001 0.000000 -0.000001 9.104535 -0.043028 -1.865071 0.475568 2.518989 -21.373373 0.430738 2.400744 -20.329353 0.345305 2.156427 -18.181094 -0.000000 -0.000002 -0.000007 8.077792 -0.486859 -3.806262 2.379228 6.764462 -24.019810 0.835337 -1.014880 -27.050580 0.540337 2.476118 -21.189110 -0.000001 -0.000006 0.000001 -8.207788 -6.751668 -1.599558 -14.332906 -11.325302 2.607534 50.440646 -6.849518 3.464666 -20.825595 -10.122697 10.665703 -10.594437 0.121879 -3.473979 0.000000 -0.000001 -0.000000 8.207794 -6.751695 -1.599561 -33.381894 8.961520 11.762851 53.245563 7.665915 -9.866437 -23.370266 14.103767 11.429870 -0.875109 0.030004 -1.724828 -0.000000 -0.000001 -0.000000 
-5.848190 94.348885 80.413734 -188.345799 -77.387792 164.707649 -0.000007 10.181589 0.131519 -4.844107 0.105343 4.213168 1.420037 0.065339 0.375702 1.421115 0.052129 0.377262 -0.000009 16.740381 -2.049029 5.876703 1.847838 1.950234 0.000001 9.617900 1.685008 22.830613 12.082786 -0.338335 -0.000004 22.037338 7.501096 0.000004 -0.000000 -0.000000 -4.569971 11.014901 -2.160879 1.410500 3.670806 -4.478663 -22.572954 26.046749 41.471744 0.000006 81.111017 -0.000022 6.831361 -30.015898 -8.943278 -2.464811 -1.573974 2.681838 -2.591560 -5.784498 -15.442491 5.122758 -17.557623 -0.755089 -1.560141 0.883068 -1.926124 -0.000001 0.000000 0.000000 -9.108274 -0.517861 2.259827 0.012818 -0.423322 3.321909 0.000097 -0.019503 0.400454 0.027542 -0.630105 5.094175 0.000001 0.000002 0.000002 -9.532500 -0.000079 -0.000034 0.015059 -0.461956 3.321928 0.162203 -1.439157 12.706367 0.027311 -0.656910 5.094179 0.000000 -0.000002 0.000002 -9.103590 -0.043088 -1.865143 0.039210 -0.739035 6.222976 0.064600 -0.965485 7.738358 0.014727 -0.446133 3.557427 0.000005 0.000001 -0.000001 -8.076693 -0.486720 -3.806296 0.275231 -1.941615 16.638817 0.000006 0.096994 0.000018 0.007277 -0.490354 3.557382 0.000001 0.000002 0.000000 4.570434 11.014707 -2.160851 1.030213 -1.865581 25.919046 -28.714395 -35.915628 -57.339841 0.000277 -102.459586 0.000361 12.973873 8.055239 24.102204 2.466152 -1.576169 2.681736 -3.074600 10.549500 15.520748 4.126574 13.590305 1.096808 -0.821916 0.916486 2.391519 -0.000004 0.000002 0.000002 9.109333 -0.518039 2.259875 0.326932 2.100414 -17.734465 0.270554 1.919822 -16.025239 0.151540 1.432489 -12.023567 0.000000 -0.000001 -0.000000 9.533430 0.000049 0.000048 0.467541 2.498462 -21.226276 0.321135 2.085809 -17.543829 0.252639 1.852839 -15.528519 0.000002 0.000004 -0.000001 9.104544 -0.043018 -1.865073 0.186520 1.594908 -13.333601 0.365204 2.216064 -18.702940 0.315356 2.063109 -17.368107 -0.000003 0.000002 -0.000002 8.077808 -0.486841 -3.806258 1.471878 6.064651 -15.911778 0.743340 -1.188003 -25.428603 0.502861 2.385523 -20.375658 -0.000003 0.000003 -0.000002 -8.207794 -6.751679 -1.599562 -12.135593 -5.661604 3.916783 49.948514 -6.412430 4.521425 -20.863769 -3.476827 9.860276 -12.978430 0.129176 -3.570436 0.000000 0.000003 -0.000000 8.207781 -6.751698 -1.599560 -32.562961 9.965521 10.422242 53.293842 7.437658 -9.066032 -22.951367 9.878709 7.200468 -3.280503 -0.003867 0.420252 0.000000 0.000001 0.000000 
-7.440936 93.953224 80.787033 -210.509121 -86.282897 143.731482 -0.000019 10.181591 0.131520 -5.069279 1.158883 4.137078 1.540708 0.182436 -0.586760 1.543234 0.176088 -0.581282 -0.000005 16.740391 -2.049036 5.813302 1.295513 1.748524 -0.000007 9.617887 1.685002 22.248465 9.155008 -0.111596 0.000002 22.037369 7.501101 0.000000 0.000001 -0.000000 -4.569972 11.014906 -2.160886 1.811984 5.670570 -1.595828 -19.281069 22.348263 47.501732 0.000023 79.564867 -0.000048 14.529013 -34.322469 4.795702 -2.464796 -1.573974 2.681846 -2.591561 -5.784497 -15.442493 5.122762 -17.557623 -0.755093 -1.560136 0.883074 -1.926125 0.000007 -0.000005 -0.000003 -9.108272 -0.517884 2.259841 0.000000 0.019069 -0.309455 -0.000003 0.029299 0.000076 0.013423 -0.443306 3.556962 0.000000 -0.000001 0.000002 -9.532502 -0.000047 -0.000022 -0.000208 -0.019629 -0.309456 0.091723 -1.071229 9.630588 0.013263 -0.470113 3.556975 -0.000002 -0.000000 0.000001 -9.103582 -0.043081 -1.865123 0.054126 -0.867857 7.288033 0.038047 -0.745804 5.922250 0.008409 -0.335662 2.649546 0.000003 -0.000002 -0.000002 -8.076694 -0.486710 -3.806273 0.312476 -2.065818 17.704846 -0.000006 0.096989 0.000079 0.002855 -0.379804 2.649532 -0.000002 0.000001 -0.000002 4.570445 11.014724 -2.160858 3.440285 -6.582456 20.540334 -16.818482 -41.692363 -51.450510 0.000383 -99.813932 0.000536 13.818816 13.721555 22.310029 2.466125 -1.576214 2.681742 -3.074605 10.549496 15.520753 4.126574 13.590306 1.096805 -0.821913 0.916490 2.391519 0.000003 0.000000 -0.000001 9.109290 -0.518048 2.259870 0.143455 1.400952 -11.734344 0.265790 1.903278 -15.882382 0.149759 1.424078 -11.952175 0.000001 -0.000003 -0.000000 9.533410 0.000009 0.000054 0.241611 1.811523 -15.223237 0.315965 2.069368 -17.400954 0.250328 1.844561 -15.457109 -0.000001 -0.000007 -0.000003 9.104519 -0.043033 -1.865068 0.022411 0.556265 -4.608506 0.225942 1.752086 -14.683508 0.247053 1.830706 -15.358464 0.000001 0.000000 -0.000002 8.077790 -0.486882 -3.806247 0.610675 5.169025 -7.130187 0.537223 -1.626620 -21.419060 0.415768 2.159342 -18.364902 -0.000001 0.000003 -0.000005 -8.207802 -6.751653 -1.599562 -10.235613 -2.285345 2.623196 50.563262 -5.929764 6.309605 -20.979232 4.718034 9.100656 -15.612894 0.158289 -3.935092 -0.000000 -0.000000 0.000000 8.207773 -6.751693 -1.599558 -30.925184 9.918621 5.837128 53.373837 8.966392 -5.804432 -24.660936 5.294109 5.202674 -4.786965 -0.000010 -0.000003 -0.000000 -0.000002 -0.000000 
-8.871882 93.143776 81.229797 -163.582785 -95.292122 192.963158 -0.000012 10.181589 0.131519 -4.587832 2.212121 2.813305 1.894506 0.299870 -0.814816 1.898812 0.298276 -0.804287 0.000003 16.740381 -2.049031 5.622544 1.038774 0.907638 -0.000011 9.617886 1.685009 21.555785 6.489353 -0.273891 0.000016 22.037354 7.501089 0.000004 0.000001 0.000000 -4.569964 11.014910 -2.160883 2.002366 6.464908 -1.045091 -17.898442 24.435162 54.254494 -0.000045 74.969686 0.000022 17.692616 -36.179147 10.608867 -2.464803 -1.573980 2.681848 -2.591557 -5.784497 -15.442491 5.122757 -17.557621 -0.755100 -1.560141 0.883071 -1.926117 -0.000001 0.000000 -0.000001 -9.108289 -0.517864 2.259829 0.000800 -0.107950 0.731619 0.000012 0.029302 -0.000007 0.007361 -0.331371 2.636974 -0.000000 0.000001 0.000002 -9.532509 -0.000051 -0.000022 0.001294 -0.146646 0.731620 0.058927 -0.848617 7.783719 0.007252 -0.358157 2.636958 -0.000001 0.000000 -0.000002 -9.103590 -0.043059 -1.865133 0.180388 -1.576718 13.199995 0.044891 -0.808425 6.439279 0.010056 -0.367409 2.910319 0.000002 0.000001 -0.000003 -8.076695 -0.486713 -3.806275 0.560554 -2.740602 23.614863 0.000003 0.096999 0.000011 0.003952 -0.411560 2.910299 0.000003 0.000002 0.000001 4.570444 11.014709 -2.160854 4.366686 -9.391994 13.729036 -6.151596 -43.096059 -44.642154 0.000611 -95.208766 0.000772 13.548239 18.579257 15.213522 2.466133 -1.576204 2.681734 -3.074597 10.549495 15.520744 4.126574 13.590301 1.096802 -0.821914 0.916490 2.391522 -0.000003 -0.000003 -0.000005 9.109303 -0.518036 2.259866 0.007706 0.326295 -2.746937 0.175561 1.553031 -12.882414 0.114621 1.246668 -10.452732 0.000001 -0.000007 -0.000000 9.533403 0.000025 0.000045 0.040486 0.747148 -6.233385 0.216885 1.721541 -14.400438 0.204378 1.669612 -13.957088 -0.000001 0.000001 0.000001 9.104515 -0.043037 -1.865077 0.000362 -0.070521 0.590265 0.111967 1.238466 -10.319614 0.182152 1.575686 -13.176122 -0.000000 -0.000000 -0.000001 8.077787 -0.486861 -3.806262 0.166825 4.576524 -1.908548 0.348634 -2.118101 -17.064341 0.330228 1.910403 -16.181446 -0.000001 -0.000006 0.000009 -8.207794 -6.751659 -1.599558 -9.660236 -1.101479 -0.930136 53.981925 -4.878011 8.859844 -20.061271 9.887435 8.904407 -18.733040 0.185058 -4.225802 -0.000000 -0.000000 -0.000001 8.207784 -6.751700 -1.599555 -28.853386 9.055160 1.041049 53.839110 9.997035 -3.809759 -26.946753 0.578252 3.852639 -5.404948 0.000014 -0.000006 0.000001 -0.000000 -0.000000 
-10.141779 92.180565 81.563507 -176.185413 -102.045267 183.390251 0.000002 10.181581 0.131523 -3.378372 3.351487 0.508955 2.242480 0.427191 -0.600273 2.246138 0.430922 -0.583735 -0.000015 16.740385 -2.049039 5.301481 0.949429 -0.188661 -0.000001 9.617860 1.685016 20.991879 4.132930 -0.390186 0.000004 22.037338 7.501096 -0.000003 0.000001 0.000000 -4.569993 11.014915 -2.160892 2.099639 6.760075 -2.406166 -17.824769 31.633816 60.055360 0.000033 70.558450 -0.000049 15.118772 -35.428505 9.421877 -2.464808 -1.573988 2.681843 -2.591564 -5.784487 -15.442487 5.122757 -17.557616 -0.755092 -1.560141 0.883068 -1.926119 0.000005 -0.000010 -0.000004 -9.108299 -0.517876 2.259820 0.048310 -0.820217 6.588641 0.000002 0.029300 -0.000002 0.008942 -0.363743 2.902945 -0.000000 0.000002 0.000004 -9.532506 -0.000062 -0.000038 0.052749 -0.858662 6.588705 0.067580 -0.912343 8.311592 0.008806 -0.390534 2.902931 -0.000000 -0.000003 -0.000004 -9.103597 -0.043087 -1.865144 0.485991 -2.558468 21.651952 0.094308 -1.161541 9.366060 0.021907 -0.545487 4.374906 -0.000001 -0.000007 0.000002 -8.076693 -0.486717 -3.806289 1.033448 -3.653111 32.075791 0.000004 0.097006 0.000061 0.012745 -0.589837 4.374857 -0.000000 0.000001 0.000005 4.570428 11.014713 -2.160861 4.206533 -9.592575 7.419217 3.407797 -40.814246 -38.051687 0.002519 -91.572667 0.002623 11.623486 21.888453 6.864860 2.466137 -1.576202 2.681745 -3.074597 10.549500 15.520755 4.126578 13.590310 1.096796 -0.821920 0.916484 2.391526 0.000000 -0.000003 -0.000003 9.109299 -0.518044 2.259878 0.022748 -0.560307 4.606031 0.074968 1.020417 -8.387575 0.070704 0.979188 -8.205596 -0.000002 -0.000002 -0.000002 9.533400 0.000034 0.000053 0.001390 -0.138718 1.119749 0.102848 1.191647 -9.904947 0.144107 1.405323 -11.709190 0.000002 0.000001 -0.000002 9.104520 -0.043029 -1.865070 0.000676 -0.096551 0.806076 0.062746 0.928663 -7.719351 0.148116 1.422596 -11.875556 0.000000 0.000003 -0.000008 8.077776 -0.486837 -3.806255 0.149586 4.551090 -1.692003 0.254174 -2.417366 -14.468752 0.283791 1.760505 -14.880289 -0.000001 -0.000004 -0.000004 -8.207773 -6.751671 -1.599557 -10.970724 -0.376287 -4.452238 59.573525 -2.779811 9.869967 -18.515492 6.278035 8.421548 -20.196943 0.135158 -3.608631 -0.000001 0.000001 0.000001 8.207805 -6.751699 -1.599558 -26.769663 8.889665 -2.565186 54.666847 9.786775 -3.464135 -29.251846 -4.457254 3.270782 -5.230685 -0.000013 0.000002 0.000000 -0.000001 -0.000000 
-11.398732 91.362434 81.775200 -179.958423 -107.803888 182.876321 -0.000005 10.181580 0.131524 -1.634379 4.827062 -2.160310 2.248922 0.604362 -0.433761 2.249763 0.614616 -0.412776 0.000004 16.740410 -2.049035 5.103759 0.885542 -1.181066 0.000007 9.617877 1.685006 20.642246 2.058012 -0.144219 -0.000014 22.037369 7.501091 -0.000004 0.000001 -0.000001 -4.569961 11.014912 -2.160881 2.248169 7.493599 -4.336527 -17.676685 40.543542 63.548319 -0.000006 69.501334 -0.000029 9.888044 -32.579876 8.490446 -2.464792 -1.573951 2.681851 -2.591563 -5.784493 -15.442494 5.122763 -17.557623 -0.755092 -1.560134 0.883061 -1.926124 -0.000001 0.000003 -0.000000 -9.108275 -0.517851 2.259832 0.244999 -1.833122 15.068644 0.000005 0.029302 0.000029 0.020616 -0.546746 4.407677 0.000001 0.000008 -0.000003 -9.532506 -0.000040 -0.000014 0.255059 -1.870492 15.068970 0.128413 -1.275991 11.338311 0.020423 -0.573548 4.407668 -0.000000 -0.000001 0.000000 -9.103598 -0.043055 -1.865120 0.880172 -3.391211 29.236942 0.197977 -1.668513 13.615492 0.047089 -0.802316 6.492737 0.000002 -0.000002 -0.000000 -8.076678 -0.486699 -3.806264 1.570135 -4.406363 39.702705 0.002115 -0.292137 3.192666 0.033518 -0.847084 6.492668 0.000001 -0.000002 -0.000002 4.570444 11.014695 -2.160856 3.894818 -8.496121 2.836904 11.175168 -34.910261 -32.726510 0.003106 -91.283361 0.003315 8.224771 23.989914 -0.961416 2.466145 -1.576187 2.681733 -3.074601 10.549500 15.520749 4.126577 13.590315 1.096810 -0.821924 0.916471 2.391516 0.000003 0.000002 0.000002 9.109303 -0.518050 2.259865 0.056538 -0.882398 7.290301 0.023932 0.579779 -4.710454 0.042574 0.759142 -6.366963 0.000001 0.000001 -0.000005 9.533404 0.000024 0.000050 0.015473 -0.462259 3.803662 0.040679 0.752409 -6.227486 0.102521 1.187454 -9.870036 0.000001 0.000001 0.000003 9.104529 -0.043035 -1.865069 0.008052 0.333532 -2.758899 0.061006 0.915771 -7.611447 0.146770 1.416233 -11.821570 0.000001 0.000003 -0.000002 8.077793 -0.486887 -3.806248 0.446531 4.962892 -5.271448 0.250541 -2.429892 -14.361046 0.281930 1.754273 -14.826285 0.000001 -0.000005 0.000000 -8.207782 -6.751674 -1.599558 -13.402651 0.477877 -8.539079 65.836480 -5.941212 9.843045 -18.258383 1.788236 7.870207 -17.134424 0.038159 -1.940568 0.000001 0.000000 -0.000000 8.207787 -6.751713 -1.599555 -24.856763 9.748621 -4.815735 55.641614 7.141812 -4.238721 -30.287125 -8.292059 3.856551 -4.887871 -0.000012 -0.000003 -0.000000 -0.000000 -0.000000 
-12.788190 90.834427 82.000885 -181.807082 -113.061808 184.007195 0.000000 10.181592 0.131515 0.273463 6.649999 -4.455664 1.731179 0.849534 -0.622509 1.731588 0.861794 -0.603477 -0.000000 16.740385 -2.049032 5.331971 0.789355 -1.870490 -0.000002 9.617884 1.685010 20.538746 0.390112 0.399514 -0.000001 22.037354 7.501092 -0.000007 0.000003 0.000000 -4.569968 11.014937 -2.160879 2.588715 8.917748 -5.537289 -16.071672 47.211036 63.606546 -0.000014 72.725593 0.000021 6.200081 -28.043556 15.240876 -2.464804 -1.573982 2.681848 -2.591560 -5.784489 -15.442489 5.122760 -17.557621 -0.755096 -1.560140 0.883075 -1.926113 0.000004 -0.000010 -0.000003 -9.108281 -0.517862 2.259829 0.553523 -2.723372 22.828049 0.010624 -0.366432 3.248644 0.045233 -0.803984 6.528621 0.000004 -0.000000 0.000001 -9.532509 -0.000055 -0.000027 0.568544 -2.759048 22.828765 0.246517 -1.781620 15.602756 0.044942 -0.830806 6.528633 -0.000000 -0.000004 0.000000 -9.103599 -0.043076 -1.865131 1.167107 -3.861081 33.782088 0.325502 -2.124388 17.504496 0.078399 -1.036056 8.428393 0.000003 -0.000007 -0.000003 -8.076685 -0.486703 -3.806284 1.938405 -4.821235 44.289617 0.033550 -0.760875 7.047417 0.060799 -1.081363 8.428256 0.000003 -0.000002 0.000000 4.570448 11.014732 -2.160854 3.797674 -7.907217 -0.113815 16.232580 -25.624993 -28.818566 0.000943 -94.395694 0.001053 4.259431 25.295134 -7.334468 2.466133 -1.576232 2.681741 -3.074601 10.549499 15.520761 4.126576 13.590307 1.096798 -0.821921 0.916478 2.391521 0.000000 0.000004 -0.000003 9.109305 -0.518058 2.259859 0.030913 -0.653074 5.377714 0.012348 0.418267 -3.368457 0.034087 0.678612 -5.695917 0.000003 0.000003 -0.000004 9.533405 0.000028 0.000045 0.003886 -0.231809 1.891352 0.025012 0.591219 -4.885413 0.089091 1.107618 -9.198802 0.000000 -0.000001 -0.000001 9.104535 -0.043049 -1.865077 0.072528 0.998760 -8.300073 0.092838 1.128489 -9.394466 0.169631 1.521333 -12.713399 0.000000 0.000001 -0.000003 8.077795 -0.486875 -3.806260 0.958059 5.564012 -10.843077 0.313479 -2.224082 -16.140932 0.313315 1.857191 -15.718502 -0.000002 -0.000000 0.000003 -8.207780 -6.751673 -1.599563 -16.271039 0.808094 -13.501308 69.011432 -6.996857 8.973712 -19.890773 -4.636402 2.812079 -16.171055 -0.067881 2.575357 0.000001 -0.000000 -0.000000 8.207802 -6.751695 -1.599561 -22.699567 10.366323 -6.400938 55.919001 4.133479 -5.445923 -30.920871 -11.238364 4.230891 -4.553629 0.000033 0.000007 0.000001 -0.000000 -0.000000 
-14.304458 90.616806 82.356255 -182.773444 -118.440015 185.283580 -0.000000 10.181595 0.131524 1.858418 8.449029 -5.738258 0.903733 1.119014 -1.292527 0.913055 1.124361 -1.282807 0.000002 16.740402 -2.049042 5.964903 0.660847 -2.125437 0.000004 9.617897 1.685014 20.665485 -0.632593 0.992719 -0.000003 22.037338 7.501099 -0.000003 0.000002 -0.000001 -4.569968 11.014944 -2.160891 2.959767 10.368757 -5.409705 -13.607394 49.939478 60.822138 -0.000022 78.095597 0.000050 4.866480 -19.720378 30.215835 -2.464788 -1.573974 2.681845 -2.591559 -5.784496 -15.442493 5.122761 -17.557619 -0.755092 -1.560140 0.883073 -1.926123 0.000008 -0.000008 -0.000001 -9.108294 -0.517855 2.259836 0.788256 -3.220751 27.356820 0.048101 -0.799355 6.815279 0.072809 -1.016301 8.285804 -0.000001 0.000005 -0.000001 -9.532509 -0.000042 -0.000031 0.806059 -3.255126 27.357817 0.369401 -2.183299 19.053953 0.072445 -1.043127 8.285806 -0.000004 0.000005 -0.000000 -9.103597 -0.043074 -1.865138 1.295860 -4.047570 35.652884 0.412233 -2.380735 19.728291 0.100420 -1.172539 9.563117 -0.000002 0.000006 -0.000004 -8.076674 -0.486700 -3.806283 2.089526 -4.973521 46.063492 0.067663 -1.041786 9.369326 0.080502 -1.218190 9.562975 -0.000001 0.000003 -0.000001 4.570443 11.014723 -2.160866 3.846706 -8.254898 -1.752618 17.841754 -14.945446 -25.942701 0.000478 -98.558899 0.000525 0.506351 24.898193 -10.471810 2.466137 -1.576210 2.681732 -3.074599 10.549495 15.520753 4.126574 13.590315 1.096803 -0.821919 0.916474 2.391524 0.000005 0.000007 -0.000003 9.109303 -0.518053 2.259859 0.000479 -0.081167 0.630361 0.020212 0.533370 -4.324636 0.040043 0.736006 -6.174040 0.000006 -0.000000 -0.000001 9.533402 0.000012 0.000038 0.008409 0.340897 -2.855794 0.035778 0.706130 -5.841649 0.098571 1.164497 -9.677071 -0.000002 -0.000012 0.000001 9.104524 -0.043047 -1.865079 0.221409 1.735421 -14.534446 0.155422 1.456873 -12.166083 0.208449 1.683914 -14.099582 0.000001 0.000003 -0.000003 8.077795 -0.486881 -3.806262 1.600915 6.177243 -17.121957 0.423901 -1.908381 -18.907128 0.365246 2.016152 -17.105346 0.000002 0.000001 0.000000 -8.207786 -6.751656 -1.599565 -19.561897 0.165996 -15.838148 68.275445 -9.453876 3.102743 -21.868019 -8.507555 -2.582370 -17.214097 -0.221674 4.567934 -0.000001 -0.000000 0.000002 8.207797 -6.751689 -1.599555 -20.646088 9.691116 -7.834299 55.590531 1.548122 -6.358102 -31.308904 -12.859100 4.015156 -4.220170 0.000013 -0.000000 0.000000 -0.000001 -0.000000 
-15.789948 90.623291 82.835724 -183.106744 -124.384739 186.261035 -0.000005 10.181579 0.131521 2.636198 9.786841 -5.665519 0.345322 1.330408 -2.479240 0.377662 1.325144 -2.477556 -0.000003 16.740400 -2.049042 6.573199 0.512118 -1.888907 0.000000 9.617886 1.684999 20.843731 -0.916502 1.524597 0.000004 22.037323 7.501096 -0.000000 0.000003 -0.000002 -4.569973 11.014918 -2.160888 3.038704 10.867876 -4.162256 -12.492645 50.032857 57.969024 -0.000090 82.156364 0.000114 0.451339 -3.846506 45.973354 -2.464800 -1.573976 2.681854 -2.591560 -5.784494 -15.442491 5.122761 -17.557625 -0.755086 -1.560137 0.883066 -1.926118 -0.000001 -0.000001 -0.000001 -9.108281 -0.517885 2.259844 0.852554 -3.341189 28.449987 0.076176 -1.009879 8.558310 0.087082 -1.109676 9.061116 -0.000001 0.000007 -0.000001 -9.532511 -0.000045 -0.000015 0.871006 -3.375213 28.451062 0.422318 -2.333586 20.363237 0.086646 -1.136511 9.061159 0.000002 0.000004 -0.000001 -9.103591 -0.043076 -1.865122 1.382377 -4.165902 36.830361 0.429203 -2.427347 20.135907 0.106514 -1.207518 9.854652 -0.000001 -0.000004 0.000003 -8.076697 -0.486706 -3.806273 2.162873 -5.044060 46.872767 0.081598 -1.135263 10.144844 0.085963 -1.253300 9.854497 -0.000000 -0.000005 -0.000001 4.570446 11.014733 -2.160861 3.853443 -8.543196 -1.807234 15.618764 -6.451686 -23.859613 0.000326 -101.055476 0.000425 -1.948049 21.381774 -9.481081 2.466133 -1.576183 2.681749 -3.074596 10.549499 15.520751 4.126577 13.590312 1.096812 -0.821925 0.916476 2.391506 0.000001 -0.000001 0.000004 9.109295 -0.518030 2.259880 0.030173 0.645189 -5.396304 0.048011 0.818448 -6.698510 0.056906 0.878207 -7.361067 0.000003 0.000002 0.000003 9.533403 0.000025 0.000057 0.082371 1.064072 -8.883236 0.070783 0.990397 -8.215708 0.124141 1.305430 -10.864393 0.000003 -0.000001 0.000000 9.104538 -0.043020 -1.865072 0.422302 2.378555 -20.126614 0.244680 1.822036 -15.284007 0.256745 1.865584 -15.658750 -0.000003 -0.000005 0.000002 8.077789 -0.486869 -3.806249 2.232136 6.664467 -22.761658 0.566059 -1.560178 -22.018151 0.428282 2.193367 -18.665339 0.000003 -0.000003 0.000006 -8.207779 -6.751661 -1.599567 -21.753690 1.188525 -17.522796 65.628965 -10.681631 -0.986576 -27.061894 -9.897333 -6.877722 -13.007864 -0.000029 -0.000009 0.000001 0.000001 -0.000001 8.207788 -6.751695 -1.599566 -19.117126 8.042715 -9.248723 55.027603 -0.504605 -6.112839 -31.626880 -13.414229 3.462520 -3.894623 0.000030 0.000009 -0.000000 -0.000000 0.000000 
-17.162056 90.780197 83.324509 -182.900472 -130.852914 187.069633 -0.000018 10.181597 0.131520 2.347223 10.580597 -4.461569 0.546150 1.425701 -4.121140 0.614970 1.417746 -4.114084 -0.000000 16.740408 -2.049043 6.723459 0.364588 -1.270920 0.000001 9.617894 1.685009 20.771671 -0.599599 2.088827 0.000014 22.037369 7.501085 -0.000004 0.000003 -0.000002 -4.569965 11.014940 -2.160887 2.827196 10.236103 -2.388675 -13.468618 49.614361 56.839533 0.000030 83.154097 0.000006 -9.913495 19.220777 55.619197 -2.464800 -1.573987 2.681850 -2.591558 -5.784491 -15.442486 5.122757 -17.557618 -0.755090 -1.560135 0.883061 -1.926122 0.000002 -0.000005 -0.000003 -9.108287 -0.517883 2.259840 0.848186 -3.333242 28.340548 0.082069 -1.048600 8.879755 0.087332 -1.111325 9.074886 0.000003 0.000000 -0.000008 -9.532520 -0.000061 -0.000021 0.866577 -3.367306 28.341619 0.408087 -2.294245 20.019348 0.086967 -1.138169 9.074929 -0.000001 -0.000006 0.000002 -9.103594 -0.043085 -1.865115 1.564045 -4.398460 39.228205 0.418087 -2.397013 19.870263 0.106596 -1.207718 9.856368 -0.000002 -0.000006 0.000008 -8.076711 -0.486724 -3.806268 2.329957 -5.197396 48.709559 0.087265 -1.171057 10.442204 0.086000 -1.253497 9.856211 0.000001 -0.000005 -0.000000 4.570452 11.014733 -2.160857 3.655562 -7.797155 0.092237 10.094493 -2.319282 -23.129230 0.000393 -100.944752 0.000494 -0.960631 15.674029 -5.996527 2.466129 -1.576202 2.681735 -3.074602 10.549500 15.520753 4.126576 13.590307 1.096799 -0.821924 0.916479 2.391521 0.000004 0.000009 -0.000003 9.109301 -0.518042 2.259871 0.137968 1.374231 -11.508042 0.100284 1.178254 -9.712662 0.082555 1.058230 -8.868100 -0.000002 -0.000000 -0.000001 9.533408 0.000030 0.000040 0.234496 1.785175 -14.996847 0.132146 1.348775 -11.230222 0.160794 1.483508 -12.371898 -0.000002 -0.000003 -0.000000 9.104533 -0.043027 -1.865080 0.565304 2.736954 -23.330572 0.341503 2.144803 -18.079794 0.304246 2.027246 -17.056596 -0.000003 0.000004 -0.000002 8.077796 -0.486866 -3.806262 2.614526 6.914877 -25.995370 0.709394 -1.255028 -24.807088 0.488854 2.350678 -20.063932 0.000001 -0.000000 -0.000001 -8.207791 -6.751663 -1.599565 -22.673851 4.807228 -19.555260 62.538482 -10.491125 -1.205686 -30.125086 -8.585504 -7.513583 -7.369713 -0.000019 -0.000004 0.000001 -0.000001 -0.000000 8.207785 -6.751707 -1.599557 -18.166095 6.585944 -10.505349 54.470796 -2.416967 -4.355968 -31.831499 -13.794539 2.783416 -3.615014 0.000007 -0.000000 -0.000000 -0.000001 0.000000 
-18.523746 91.014191 83.689034 -182.298459 -137.148081 187.918762 -0.000004 10.181586 0.131519 1.145473 11.063717 -2.779742 1.425939 1.407765 -6.066072 1.540082 1.412615 -6.038447 0.000005 16.740412 -2.049027 6.406272 0.255355 -0.486326 -0.000001 9.617883 1.685001 20.300106 0.149260 2.765725 0.000010 22.037354 7.501085 0.000001 -0.000001 -0.000001 -4.569968 11.014949 -2.160887 2.690083 9.629928 -0.460609 -15.245805 48.965329 56.995582 -0.000038 82.236270 0.000091 -20.428416 44.922103 58.411231 -2.464804 -1.573972 2.681838 -2.591559 -5.784490 -15.442486 5.122758 -17.557618 -0.755089 -1.560133 0.883073 -1.926121 0.000005 -0.000004 -0.000001 -9.108275 -0.517850 2.259836 0.964354 -3.537970 30.349976 0.089190 -1.093653 9.254408 0.088468 -1.118443 9.133900 -0.000001 0.000003 0.000001 -9.532509 -0.000048 -0.000023 0.983934 -3.571370 30.351199 0.399672 -2.270590 19.813180 0.088075 -1.145259 9.133948 -0.000002 0.000006 0.000000 -9.103608 -0.043072 -1.865131 1.937859 -4.820243 43.949108 0.452750 -2.490288 20.688409 0.118005 -1.270748 10.382199 -0.000001 -0.000004 0.000001 -8.076692 -0.486702 -3.806283 2.718926 -5.518371 52.945676 0.114443 -1.328106 11.750510 0.096358 -1.316727 10.382038 -0.000001 0.000003 -0.000002 4.570450 11.014717 -2.160861 3.159138 -6.158808 3.503204 2.823066 -0.895660 -24.564400 0.000448 -99.208436 0.000534 4.326191 10.885722 -2.810767 2.466129 -1.576188 2.681723 -3.074597 10.549507 15.520758 4.126574 13.590302 1.096803 -0.821918 0.916483 2.391522 -0.000000 0.000003 -0.000005 9.109292 -0.518013 2.259862 0.270226 1.913644 -16.115164 0.172522 1.539738 -12.769261 0.113386 1.239956 -10.396181 -0.000001 -0.000000 -0.000009 9.533399 0.000042 0.000036 0.399493 2.315527 -19.606097 0.213519 1.708312 -14.287251 0.202722 1.662994 -13.900502 -0.000001 0.000001 0.000002 9.104530 -0.043018 -1.865086 0.555634 2.714453 -23.127003 0.403993 2.327353 -19.681045 0.333206 2.119285 -17.857040 0.000000 0.000000 -0.000001 8.077781 -0.486867 -3.806273 2.589810 6.899622 -25.789869 0.798087 -1.083580 -26.404051 0.525222 2.440080 -20.864852 -0.000000 0.000002 0.000003 -8.207788 -6.751667 -1.599568 -23.340286 9.421325 -21.988126 59.823291 -9.299285 -0.144246 -28.265853 -5.907637 -2.612826 -5.575716 0.000011 0.000000 0.000002 0.000000 -0.000002 8.207791 -6.751693 -1.599555 -17.644344 5.884303 -11.104100 53.911359 -4.471689 -2.194950 -31.837595 -14.662430 2.236114 -3.522234 0.000014 -0.000009 -0.000001 -0.000002 0.000001 
-20.046200 91.280083 83.914665 -181.415302 -142.564640 188.870877 -0.000008 10.181592 0.131527 -0.446654 11.390698 -1.217326 2.387612 1.321453 -8.076399 2.548415 1.351541 -8.025170 0.000003 16.740374 -2.049036 5.959656 0.220625 0.289624 0.000000 9.617884 1.684996 19.615747 1.255050 3.419690 0.000007 22.037354 7.501099 -0.000004 0.000002 -0.000001 -4.569968 11.014904 -2.160879 2.923612 10.521241 1.612943 -15.850666 46.923205 56.908265 -0.000026 81.563073 -0.000003 -22.646920 65.567678 53.294067 -2.464808 -1.573989 2.681849 -2.591558 -5.784486 -15.442498 5.122756 -17.557616 -0.755091 -1.560133 0.883063 -1.926127 0.000003 -0.000007 0.000001 -9.108306 -0.517873 2.259844 1.351436 -4.124142 36.331849 0.128576 -1.314927 11.099257 0.105931 -1.222120 9.996979 -0.000001 -0.000004 -0.000001 -9.532507 -0.000047 -0.000020 1.374412 -4.155324 36.333512 0.466281 -2.450734 21.391661 0.105434 -1.248967 9.997019 -0.000000 0.000004 0.000002 -9.103600 -0.043083 -1.865132 2.515050 -5.355863 50.644753 0.585997 -2.816551 23.586018 0.153771 -1.450023 11.882997 -0.000001 0.000002 -0.000004 -8.076683 -0.486727 -3.806276 3.347372 -5.947129 59.425890 0.193672 -1.699880 14.871064 0.129095 -1.496586 11.882769 0.000000 -0.000000 0.000001 4.570448 11.014701 -2.160858 2.515795 -4.538626 7.076698 -4.087150 1.232679 -27.518718 0.000560 -97.274769 0.000699 11.996258 8.418767 -1.703427 2.466141 -1.576208 2.681744 -3.074600 10.549495 15.520751 4.126573 13.590305 1.096808 -0.821911 0.916486 2.391515 -0.000001 -0.000006 -0.000001 9.109307 -0.518023 2.259879 0.323174 2.088553 -17.631461 0.239640 1.809244 -15.072855 0.139822 1.376309 -11.547600 0.000001 0.000004 0.000003 9.533424 0.000041 0.000050 0.463062 2.486881 -21.123192 0.287443 1.976032 -16.591289 0.237484 1.797486 -15.052359 -0.000001 -0.000001 0.000006 9.104532 -0.043032 -1.865063 0.435961 2.415456 -20.453507 0.399874 2.315828 -19.579309 0.331324 2.113454 -17.806180 -0.000000 -0.000002 -0.000004 8.077794 -0.486847 -3.806245 2.270472 6.690998 -23.091517 0.792317 -1.094397 -26.302611 0.522902 2.434407 -20.813989 -0.000001 0.000000 -0.000003 -8.207783 -6.751671 -1.599562 -24.670889 12.055737 -23.806121 56.584248 -7.294692 -0.983753 -24.694195 -3.547622 1.688656 -4.519798 0.000026 0.000002 0.000001 -0.000002 0.000001 8.207792 -6.751697 -1.599548 -17.454316 5.347834 -10.427592 52.971392 -6.308549 -1.872700 -31.590615 -15.768986 2.546604 -3.965255 0.000018 -0.000007 0.000000 -0.000001 -0.000000 
-21.760494 91.540665 84.082153 -180.395705 -147.197735 189.675105 -0.000010 10.181598 0.131522 -1.865974 11.385714 0.053237 2.867987 1.207118 -9.800364 3.064590 1.264402 -9.737038 0.000003 16.740395 -2.049030 5.667985 0.265414 0.931084 -0.000000 9.617867 1.684992 19.078677 2.553187 3.795108 0.000005 22.037338 7.501093 -0.000001 0.000001 -0.000001 -4.569965 11.014900 -2.160879 3.433894 13.122195 3.808999 -14.279828 43.386113 55.889249 0.000112 81.649741 -0.000115 -1.510376 74.251888 27.646898 -2.464803 -1.573984 2.681851 -2.591564 -5.784496 -15.442491 5.122758 -17.557614 -0.755102 -1.560136 0.883061 -1.926118 0.000002 0.000000 0.000000 -9.108298 -0.517851 2.259842 2.005343 -4.889421 44.716617 0.228354 -1.752038 14.781339 0.148312 -1.441869 11.834256 -0.000000 0.000004 0.000002 -9.532510 -0.000045 -0.000018 2.032655 -4.916925 44.718953 0.640186 -2.862018 25.063659 0.147619 -1.468751 11.834296 -0.000000 -0.000002 -0.000000 -9.103595 -0.043066 -1.865132 3.149386 -5.822459 57.228755 0.806464 -3.273283 27.758874 0.211192 -1.697390 13.968253 0.000000 0.000003 -0.000004 -8.076701 -0.486731 -3.806271 4.042915 -6.315336 66.009243 0.331202 -2.189712 19.049946 0.182393 -1.744893 13.967934 0.000000 0.000001 -0.000004 4.570448 11.014694 -2.160857 2.080853 -3.603734 9.344145 -8.825084 5.189976 -30.301875 0.000469 -95.792488 0.000489 18.801813 7.216727 -1.658996 2.466137 -1.576208 2.681739 -3.074599 10.549496 15.520746 4.126574 13.590307 1.096806 -0.821920 0.916483 2.391523 -0.000000 0.000003 -0.000007 9.109302 -0.518029 2.259874 0.264856 1.894929 -15.953763 0.264095 1.897309 -15.830874 0.149114 1.421039 -11.926446 0.000000 -0.000003 0.000002 9.533411 0.000013 0.000043 0.392997 2.297181 -19.444606 0.314120 2.063459 -17.349442 0.249502 1.841542 -15.431358 -0.000002 0.000003 -0.000008 9.104527 -0.043031 -1.865072 0.322507 2.086524 -17.565406 0.347636 2.163525 -18.243186 0.307147 2.036653 -17.138266 -0.000000 0.000004 -0.000005 8.077791 -0.486871 -3.806257 1.937041 6.449056 -20.177904 0.718223 -1.237426 -24.970053 0.492502 2.359829 -20.145672 0.000001 0.000001 -0.000002 -8.207789 -6.751660 -1.599565 -26.953072 12.183780 -24.785160 52.996035 -7.922278 -3.960710 -20.616376 1.186382 4.705754 -4.365850 0.000013 -0.000004 -0.000000 -0.000001 -0.000000 8.207788 -6.751687 -1.599555 -17.725712 4.585556 -8.282567 51.860253 -7.291203 -4.307335 -30.430262 -16.357924 4.240854 -5.161693 -0.000019 0.000001 0.000000 -0.000000 -0.000001 
-23.593435 91.749779 84.238838 -179.490691 -151.774098 189.817692 -0.000006 10.181574 0.131515 -2.892378 10.751782 1.160148 2.785577 1.070697 -10.901922 2.993695 1.148473 -10.842182 0.000004 16.740376 -2.049033 5.565702 0.342174 1.339123 -0.000000 9.617867 1.685009 18.896552 3.639783 3.817674 0.000001 22.037338 7.501089 -0.000002 -0.000001 0.000000 -4.569966 11.014930 -2.160877 3.937048 16.265049 5.885454 -10.990137 40.071572 54.596806 0.000011 80.943984 0.000041 22.902801 66.899497 -2.919143 -2.464800 -1.573982 2.681847 -2.591562 -5.784494 -15.442482 5.122753 -17.557618 -0.755102 -1.560138 0.883069 -1.926121 -0.000002 -0.000003 0.000005 -9.108281 -0.517864 2.259831 2.668654 -5.479102 52.009913 0.386821 -2.272315 19.250402 0.209562 -1.708077 14.077453 0.000000 -0.000002 -0.000001 -9.532511 -0.000036 -0.000027 2.699274 -5.502930 52.012847 0.889876 -3.351406 29.584968 0.208779 -1.734996 14.077520 0.000001 -0.000000 0.000001 -9.103597 -0.043088 -1.865134 3.618206 -6.102058 61.702078 1.025670 -3.657819 31.403089 0.268386 -1.910008 15.776600 -0.000000 0.000003 -0.000004 -8.076693 -0.486717 -3.806285 4.552713 -6.525027 70.528363 0.478014 -2.602403 22.649558 0.235880 -1.958489 15.776202 0.000000 -0.000003 -0.000006 4.570452 11.014713 -2.160845 2.011958 -3.401954 9.648203 -11.315156 9.529796 -32.181451 0.000802 -94.443512 0.000867 21.966196 6.459342 -0.009221 2.466125 -1.576204 2.681731 -3.074604 10.549494 15.520748 4.126574 13.590302 1.096801 -0.821914 0.916485 2.391520 -0.000001 0.000003 -0.000005 9.109310 -0.518028 2.259868 0.173093 1.537188 -12.890280 0.237112 1.799848 -14.992187 0.138850 1.371538 -11.507257 0.000000 0.000001 0.000001 9.533406 0.000033 0.000042 0.279516 1.945688 -16.379661 0.284659 1.966711 -16.510592 0.236223 1.792779 -15.012013 0.000001 0.000000 0.000005 9.104524 -0.043027 -1.865076 0.267718 1.904973 -15.992231 0.295201 1.997588 -16.799470 0.281994 1.953375 -16.416483 0.000000 0.000000 -0.000004 8.077793 -0.486879 -3.806262 1.760755 6.310214 -18.591522 0.641928 -1.393898 -23.529997 0.460630 2.278834 -19.423487 -0.000001 0.000002 0.000001 -8.207783 -6.751669 -1.599578 -29.350023 11.352432 -25.251418 49.479697 -9.623314 -7.170401 -14.933976 6.492566 7.127695 -5.714396 -0.000001 -0.000005 0.000000 -0.000001 -0.000001 8.207793 -6.751712 -1.599560 -18.392562 4.241819 -5.084430 51.334954 -7.746598 -7.646381 -28.473483 -15.673852 6.290977 -6.549554 0.000011 0.000001 0.000000 0.000001 -0.000000 
-25.635366 91.742760 84.352364 -178.868352 -156.835910 189.048790 -0.000004 10.181597 0.131516 -3.686934 9.451502 2.032579 2.455692 0.897195 -11.299448 2.646510 0.988181 -11.252280 0.000001 16.740387 -2.049042 5.548670 0.365020 1.536242 0.000003 9.617875 1.685005 18.997621 4.117276 3.709138 0.000005 22.037369 7.501086 0.000000 -0.000001 -0.000000 -4.569968 11.014898 -2.160895 4.324556 18.825745 7.604376 -6.850438 38.420582 53.620646 -0.000020 77.749587 -0.000009 26.826656 56.820566 -22.948052 -2.464811 -1.573968 2.681844 -2.591558 -5.784500 -15.442493 5.122757 -17.557619 -0.755092 -1.560136 0.883064 -1.926125 0.000004 -0.000003 -0.000001 -9.108309 -0.517873 2.259829 3.011197 -5.730726 56.261566 0.537342 -2.666172 22.716666 0.264001 -1.911966 15.810771 -0.000000 -0.000001 -0.000001 -9.532510 -0.000048 -0.000030 3.043520 -5.752228 56.264803 1.107918 -3.713602 33.065981 0.263222 -1.938890 15.810892 -0.000001 -0.000002 0.000003 -9.103599 -0.043071 -1.865141 3.791031 -6.194350 64.061997 1.163965 -3.874237 33.518296 0.304822 -2.032871 16.829318 -0.000002 0.000001 0.000001 -8.076706 -0.486715 -3.806289 4.738104 -6.591726 72.897530 0.575707 -2.839006 24.753721 0.270124 -2.081990 16.828891 -0.000001 -0.000010 -0.000001 4.570442 11.014720 -2.160869 2.157970 -3.644963 8.491631 -12.880708 12.791240 -33.804061 0.001598 -92.234212 0.001555 21.274993 5.745152 4.570813 2.466129 -1.576208 2.681741 -3.074603 10.549494 15.520749 4.126574 13.590312 1.096802 -0.821919 0.916483 2.391519 0.000001 0.000008 -0.000001 9.109297 -0.518033 2.259877 0.116706 1.264909 -10.584790 0.191523 1.620894 -13.460458 0.121039 1.280928 -10.741671 -0.000004 -0.000002 0.000007 9.533399 0.000028 0.000049 0.206596 1.677368 -14.073252 0.234561 1.788954 -14.978578 0.212884 1.703423 -14.246122 0.000000 -0.000001 0.000001 9.104527 -0.043028 -1.865066 0.248073 1.835132 -15.390626 0.268405 1.906664 -16.012941 0.268745 1.907846 -16.023217 0.000003 0.000003 -0.000001 8.077793 -0.486871 -3.806257 1.694378 6.255827 -17.985017 0.602007 -1.479937 -22.745373 0.443702 2.234514 -19.030005 -0.000002 -0.000000 0.000007 -8.207790 -6.751652 -1.599574 -30.731398 10.802883 -25.124538 46.886544 -10.932953 -9.024350 -9.580368 8.957486 7.254551 -7.461394 0.000003 0.000008 0.000002 -0.000001 0.000001 8.207795 -6.751690 -1.599558 -19.302243 4.830040 -1.648064 51.830266 -8.535311 -9.173713 -27.660970 -13.573919 6.869295 -6.901993 0.000007 0.000002 -0.000000 0.000005 0.000000 
-28.034674 91.718185 84.439552 -178.486900 -162.198647 187.826828 -0.000009 10.181570 0.131510 -4.354302 7.787677 2.036046 2.155053 0.694762 -11.090221 2.307205 0.792778 -11.056429 0.000006 16.740370 -2.049023 5.532937 0.275132 1.675120 0.000003 9.617875 1.685006 19.199937 3.953146 3.727863 0.000006 22.037354 7.501091 -0.000004 -0.000000 -0.000001 -4.569964 11.014912 -2.160875 4.603748 20.618060 8.912524 -2.794036 37.594901 53.190744 0.000012 72.046625 -0.000022 29.385195 55.141528 -37.402522 -2.464811 -1.573972 2.681864 -2.591558 -5.784496 -15.442484 5.122758 -17.557619 -0.755097 -1.560138 0.883064 -1.926111 -0.000001 -0.000005 0.000001 -9.108296 -0.517871 2.259840 3.005493 -5.734748 58.034984 0.595268 -2.800954 23.923048 0.284262 -1.982093 16.410393 0.000002 -0.000001 0.000005 -9.532501 -0.000055 -0.000012 3.038469 -5.755246 58.038283 1.187829 -3.834831 34.261858 0.283384 -2.009035 16.410513 -0.000000 -0.000000 0.000005 -9.103600 -0.043082 -1.865116 3.770480 -6.192500 65.696823 1.223422 -3.962084 34.392113 0.320543 -2.083819 17.267384 -0.000003 0.000007 -0.000003 -8.076696 -0.486718 -3.806262 4.715893 -6.593746 74.521018 0.619290 -2.937141 25.636659 0.285046 -2.133187 17.266937 0.000002 0.000006 -0.000004 4.570450 11.014710 -2.160850 2.326733 -4.027296 6.994729 -14.417447 14.575113 -36.326265 -0.001914 -87.910962 -0.002004 19.569568 4.604936 11.538469 2.466148 -1.576202 2.681732 -3.074597 10.549498 15.520748 4.126573 13.590303 1.096800 -0.821918 0.916488 2.391524 -0.000001 0.000004 -0.000007 9.109302 -0.518023 2.259866 0.096878 1.153238 -9.644469 0.160379 1.485409 -12.307556 0.108432 1.212547 -10.165365 0.000000 0.000000 -0.000001 9.533409 0.000040 0.000040 0.179973 1.567116 -13.132587 0.199993 1.654285 -13.825461 0.196077 1.635974 -13.669612 -0.000002 -0.000002 -0.000000 9.104538 -0.043017 -1.865078 0.215978 1.714370 -14.354020 0.258489 1.871777 -15.712116 0.263764 1.890409 -15.872800 -0.000001 -0.000001 -0.000002 8.077793 -0.486852 -3.806259 1.581387 6.160503 -16.940121 0.587056 -1.512986 -22.445277 0.437297 2.217539 -18.879514 0.000001 0.000000 0.000006 -8.207788 -6.751677 -1.599576 -30.655217 10.936237 -24.805751 45.692962 -10.743840 -9.092394 -5.486815 8.112561 8.116100 -8.450639 -0.012930 1.112605 -0.000000 -0.000002 -0.000002 8.207789 -6.751723 -1.599567 -20.182425 5.899819 1.323907 52.539512 -9.233250 -8.333711 -28.126333 -11.217840 5.636186 -5.793786 0.000003 0.000002 -0.000000 0.000001 0.000000 
-30.985308 91.645233 84.533478 -178.345433 -167.296331 186.784896 -0.000002 10.181606 0.131529 -4.549474 6.077375 0.425167 1.886555 0.504577 -10.199690 1.990647 0.597405 -10.177019 0.000001 16.740372 -2.049027 5.493750 0.111972 1.819918 0.000002 9.617879 1.685020 19.416117 3.457741 3.831000 0.000001 22.037354 7.501106 0.000002 -0.000000 -0.000000 -4.569974 11.014917 -2.160875 4.725664 21.634570 9.666942 0.110329 35.677404 53.675520 -0.000005 65.245457 -0.000001 26.645521 56.214824 -27.520174 -2.464788 -1.573964 2.681855 -2.591559 -5.784492 -15.442487 5.122758 -17.557621 -0.755092 -1.560136 0.883059 -1.926128 -0.000002 -0.000003 0.000002 -9.108281 -0.517859 2.259847 2.994997 -5.733406 58.719696 0.546561 -2.688138 22.912614 0.267135 -1.922969 15.904674 -0.000001 0.000002 -0.000003 -9.532516 -0.000056 -0.000019 3.028220 -5.753508 58.723036 1.119675 -3.731785 33.244344 0.266117 -1.949953 15.904777 -0.000003 -0.000001 0.000008 -9.103597 -0.043075 -1.865128 3.908527 -6.267126 67.752567 1.246703 -3.995746 34.729449 0.326600 -2.103514 17.436454 0.000001 -0.000001 -0.000002 -8.076668 -0.486713 -3.806266 4.863075 -6.647730 76.574603 0.636491 -2.974830 25.977419 0.290907 -2.152916 17.436037 -0.000001 -0.000001 -0.000003 4.570444 11.014710 -2.160834 2.463361 -4.400306 5.919985 -15.436043 14.817914 -40.440406 -0.000396 -80.723574 -0.000389 19.812560 3.839670 20.028626 2.466129 -1.576187 2.681745 -3.074600 10.549500 15.520749 4.126577 13.590304 1.096811 -0.821919 0.916485 2.391514 -0.000002 -0.000003 -0.000006 9.109301 -0.518063 2.259875 0.084411 1.076954 -9.003987 0.148450 1.429941 -11.837304 0.103469 1.184626 -9.930298 0.000002 -0.000000 0.000001 9.533408 0.000025 0.000052 0.162869 1.491743 -12.491893 0.186664 1.599175 -13.355142 0.189429 1.608397 -13.434443 -0.000000 0.000001 0.000002 9.104534 -0.043031 -1.865064 0.148316 1.424324 -11.884175 0.241829 1.811530 -15.193787 0.255276 1.860345 -15.613640 -0.000002 -0.000000 -0.000003 8.077799 -0.486866 -3.806252 1.319360 5.925192 -14.451560 0.561675 -1.570150 -21.928164 0.426386 2.188258 -18.620173 -0.000000 0.000002 -0.000003 -8.207784 -6.751655 -1.599561 -29.710787 11.295528 -24.489194 46.201343 -9.433322 -8.182614 -4.071224 5.895186 11.681649 -9.058947 -0.099653 3.093140 0.000000 -0.000001 0.000001 8.207791 -6.751692 -1.599550 -20.866392 6.795869 3.884628 53.050793 -8.957526 -6.393124 -29.033939 -10.121189 3.236545 -4.494848 0.000014 0.000002 0.000000 -0.000003 -0.000000 
-34.403416 91.412689 84.687920 -178.686806 -172.067259 185.821334 -0.000008 10.181599 0.131524 -3.722658 4.344781 -2.588314 1.572312 0.348812 -8.372849 1.629585 0.418407 -8.359426 0.000003 16.740391 -2.049041 5.407191 -0.001186 1.807136 0.000000 9.617913 1.685008 19.655087 2.952964 3.688862 -0.000003 22.037354 7.501104 -0.000000 -0.000000 0.000000 -4.569965 11.014906 -2.160881 4.653077 21.168650 9.373473 1.500709 32.530620 55.277267 -0.000004 58.335157 -0.000010 14.399173 64.269498 4.668851 -2.464803 -1.573989 2.681843 -2.591554 -5.784497 -15.442481 5.122761 -17.557618 -0.755088 -1.560135 0.883063 -1.926130 0.000002 -0.000007 0.000006 -9.108293 -0.517873 2.259828 3.191160 -5.853459 59.067872 0.444417 -2.431630 20.642799 0.230621 -1.789907 14.771399 -0.000001 0.000008 0.000000 -9.532520 -0.000074 -0.000036 3.224510 -5.873360 59.071274 0.974151 -3.497370 30.972353 0.229720 -1.816858 14.771490 -0.000001 -0.000007 0.000008 -9.103601 -0.043089 -1.865136 4.365039 -6.457816 70.288404 1.259032 -4.013387 34.906617 0.329880 -2.113670 17.524285 -0.000001 -0.000005 -0.000002 -8.076690 -0.486732 -3.806281 5.343820 -6.768380 79.118063 0.645418 -2.994112 26.152151 0.293969 -2.163171 17.523813 0.000000 -0.000000 -0.000002 4.570452 11.014697 -2.160856 2.604180 -4.784265 5.181911 -14.906700 13.080388 -45.997451 -0.000180 -71.282511 -0.000161 21.533090 5.119548 29.427614 2.466148 -1.576202 2.681727 -3.074600 10.549495 15.520746 4.126573 13.590302 1.096803 -0.821913 0.916485 2.391521 -0.000000 0.000007 0.000000 9.109316 -0.518040 2.259863 0.055637 0.875334 -7.315678 0.140594 1.392126 -11.516983 0.100176 1.165610 -9.770147 0.000002 0.000000 -0.000002 9.533429 0.000029 0.000035 0.121852 1.292232 -10.803071 0.177857 1.561571 -13.034786 0.184969 1.589608 -13.274249 -0.000001 0.000004 -0.000000 9.104555 -0.043036 -1.865081 0.065424 0.948877 -7.882520 0.204310 1.667438 -13.958651 0.235600 1.788534 -14.996012 -0.000000 0.000002 0.000001 8.077811 -0.486864 -3.806268 0.917480 5.520470 -10.422897 0.503339 -1.707232 -20.695839 0.400901 2.118240 -18.002239 -0.000001 -0.000001 0.000005 -8.207785 -6.751672 -1.599553 -28.393711 10.602717 -23.932167 48.063023 -6.544625 -7.221509 -5.437246 2.429229 16.526310 -8.929435 -0.201878 4.433704 -0.000000 0.000003 -0.000000 8.207788 -6.751695 -1.599553 -21.667042 6.814922 6.524911 53.937888 -8.543925 -4.229552 -29.460751 -9.598327 -0.419589 -4.248364 0.000004 0.004394 -0.000000 0.000001 0.000000 
-37.948650 90.988808 84.963753 -179.724489 -177.001962 184.128417 -0.000007 10.181601 0.131524 -1.847877 2.472654 -5.410329 1.288264 0.200216 -5.607943 1.309566 0.237798 -5.602026 0.000005 16.740385 -2.049022 5.213092 0.031465 1.449760 -0.000002 9.617877 1.685011 19.924171 2.562909 3.067928 0.000000 22.037323 7.501096 -0.000003 0.000000 0.000001 -4.569968 11.014901 -2.160873 4.342809 18.504818 7.680010 2.254817 30.597765 57.305758 0.000011 50.730137 -0.000019 -20.266959 69.900013 52.098292 -2.464796 -1.573968 2.681846 -2.591559 -5.784498 -15.442484 5.122757 -17.557619 -0.755088 -1.560136 0.883063 -1.926132 0.000001 -0.000001 0.000006 -9.108288 -0.517865 2.259836 3.389976 -5.972002 59.088199 0.338890 -2.129562 18.013092 0.191621 -1.634742 13.457424 0.000000 -0.000007 0.000000 -9.532506 -0.000052 -0.000028 3.423335 -5.991892 59.091682 0.817159 -3.218396 28.337384 0.190943 -1.661624 13.457524 0.000001 0.000009 0.000002 -9.103604 -0.043074 -1.865129 4.845888 -6.624328 72.602438 1.259991 -4.014749 34.920384 0.330310 -2.114411 17.531175 -0.000001 0.000002 -0.000000 -8.076683 -0.486725 -3.806277 5.844668 -6.861187 81.436550 0.646134 -2.995673 26.166089 0.294206 -2.163963 17.530719 0.000001 -0.000002 -0.000005 4.570448 11.014721 -2.160846 2.791002 -5.260843 4.280276 -12.756068 9.228078 -52.187864 -0.000113 -61.537716 -0.000058 21.191985 8.393503 38.680748 2.466140 -1.576192 2.681757 -3.074600 10.549504 15.520756 4.126568 13.590301 1.096797 -0.821915 0.916481 2.391520 0.000003 0.000003 0.000002 9.109301 -0.518019 2.259894 0.016934 0.483578 -4.052596 0.120895 1.292211 -10.672619 0.091715 1.115385 -9.348045 0.000003 -0.000004 0.000006 9.533412 0.000050 0.000065 0.059298 0.903579 -7.539262 0.155626 1.462170 -12.190288 0.173450 1.540000 -12.852004 0.000001 0.000001 0.000003 9.104523 -0.043022 -1.865056 0.007497 0.321887 -2.662273 0.150145 1.432234 -11.957217 0.205371 1.671691 -13.995116 -0.000002 -0.000006 -0.000002 8.077789 -0.486853 -3.806240 0.438142 4.951987 -5.174360 0.415040 -1.931969 -18.698698 0.361211 2.004211 -17.000834 -0.000003 -0.000012 0.000007 -8.207783 -6.751666 -1.599558 -26.510935 8.068271 -22.808696 50.627111 -6.388027 -5.867329 -9.438116 0.980052 20.250503 -7.705866 -0.184386 4.264340 -0.000000 -0.000001 -0.000000 8.207789 -6.751689 -1.599552 -22.694446 5.489124 9.657870 55.543098 -5.894263 -1.685057 -29.468185 -10.931035 -5.511541 -4.987240 -0.000001 -0.000002 0.000000 0.000000 -0.000000 
-41.240597 90.840714 85.337769 -180.997513 -182.071861 181.024438 -0.000004 10.181588 0.131523 0.219919 0.611859 -6.259993 1.152264 0.036813 -2.392712 1.155303 0.052421 -2.391951 0.000001 16.740391 -2.049028 4.893593 0.183381 0.831594 0.000000 9.617887 1.684995 20.196548 2.271088 2.138606 0.000004 22.037338 7.501094 0.000000 0.000000 -0.000000 -4.569970 11.014888 -2.160872 3.677844 14.303572 5.133809 3.671426 32.263153 58.477874 0.000001 41.452128 -0.000022 -22.293763 63.438749 54.487206 -2.464808 -1.573983 2.681834 -2.591556 -5.784490 -15.442493 5.122757 -17.557621 -0.755085 -1.560142 0.883071 -1.926124 0.000001 -0.000007 0.000001 -9.108291 -0.517861 2.259826 3.408329 -5.983242 58.735392 0.249070 -1.829158 15.437281 0.156811 -1.481867 12.170046 0.000001 0.000001 -0.000000 -9.532537 -0.000046 -0.000038 3.441565 -6.003335 58.738855 0.675940 -2.938284 25.756635 0.156329 -1.508699 12.170091 -0.000001 0.000000 0.000000 -9.103600 -0.043078 -1.865140 5.090397 -6.696722 74.179543 1.247851 -3.997400 34.745896 0.327206 -2.104305 17.444330 -0.000003 -0.000003 0.000002 -8.076715 -0.486717 -3.806288 6.097390 -6.896535 83.015144 0.637260 -2.976492 25.992413 0.291174 -2.153835 17.443886 0.000001 0.000001 -0.000012 4.570445 11.014709 -2.160851 3.050983 -5.933464 3.100085 -9.819288 4.530780 -58.000798 -0.000079 -53.459843 -0.000068 16.116817 11.256003 46.711032 2.466144 -1.576198 2.681744 -3.074597 10.549507 15.520756 4.126571 13.590303 1.096802 -0.821918 0.916478 2.391525 0.000003 0.000001 -0.000007 9.109298 -0.518049 2.259872 0.000446 -0.077460 0.599871 0.087001 1.098276 -9.040606 0.076412 1.018166 -8.532108 0.000002 -0.000006 -0.000002 9.533404 0.000033 0.000040 0.008585 0.344583 -2.886292 0.116816 1.269170 -10.558065 0.152215 1.443884 -12.035797 0.000005 -0.000000 -0.000000 9.104540 -0.043026 -1.865075 0.012303 -0.412347 3.424976 0.091888 1.122750 -9.346135 0.169007 1.518471 -12.689227 0.000001 -0.000005 0.000006 8.077790 -0.486864 -3.806252 -0.051698 4.237248 0.934846 0.311685 -2.229649 -16.092679 0.312443 1.854404 -15.694318 0.000002 0.000007 -0.000001 -8.207787 -6.751666 -1.599555 -23.637545 3.997324 -20.328904 51.849827 -8.560199 -3.362717 -13.447615 0.765079 21.114534 -6.741450 -0.179230 4.217472 -0.000000 -0.000000 -0.000000 8.207793 -6.751693 -1.599561 -23.911966 3.804227 13.708155 56.765931 -4.567047 1.485218 -28.657363 -11.093200 -9.041707 -5.933315 -0.000000 -0.000004 0.000000 0.000000 0.000000 
-44.379150 91.142662 85.716621 -181.318614 -186.104719 176.429291 -0.000006 10.181584 0.131530 1.308800 -0.800756 -4.903544 1.086176 -0.107582 0.577128 1.087455 -0.098044 0.575330 -0.000001 16.740423 -2.049027 4.572042 0.328164 0.304452 -0.000000 9.617886 1.685013 20.435533 2.066645 1.333910 0.000004 22.037354 7.501091 0.000005 0.000000 0.000000 -4.569971 11.014924 -2.160875 2.869606 10.510841 2.970243 6.742004 36.347565 57.947134 -0.000002 31.303850 -0.000010 -5.738378 55.459459 23.614165 -2.464788 -1.573993 2.681847 -2.591560 -5.784491 -15.442486 5.122756 -17.557614 -0.755091 -1.560134 0.883059 -1.926124 0.000003 -0.000008 -0.000001 -9.108282 -0.517854 2.259835 3.366653 -5.958137 58.653491 0.188360 -1.591866 13.425633 0.132095 -1.362121 11.166199 -0.000006 -0.000003 0.000005 -9.532501 -0.000065 -0.000017 3.399861 -5.978277 58.656941 0.574919 -2.716121 23.749462 0.131621 -1.388956 11.166259 0.000001 -0.000001 0.000002 -9.103611 -0.043073 -1.865134 5.140435 -6.710281 74.928186 1.245155 -3.993527 34.707022 0.326427 -2.101879 17.423394 -0.000002 0.000002 -0.000002 -8.076702 -0.486721 -3.806274 6.149662 -6.902919 83.770672 0.634967 -2.971496 25.947124 0.290445 -2.151398 17.422942 -0.000004 -0.000001 0.000001 4.570445 11.014749 -2.160855 3.408942 -6.955536 2.197585 -6.644922 0.744240 -62.838273 -0.000076 -47.483455 -0.000020 6.932140 11.694284 52.687850 2.466137 -1.576183 2.681744 -3.074606 10.549497 15.520751 4.126574 13.590309 1.096800 -0.821919 0.916478 2.391522 0.000000 0.000007 0.000000 9.109300 -0.518060 2.259871 0.042365 -0.764190 6.303428 0.048213 0.820270 -6.713771 0.057025 0.879125 -7.368689 0.000002 0.000005 0.000000 9.533404 0.000026 0.000048 0.008534 -0.343411 2.816943 0.071033 0.992208 -8.230972 0.124306 1.306331 -10.872028 0.000001 -0.000002 0.000001 9.104523 -0.043037 -1.865074 0.100863 -1.176612 9.804762 0.041845 0.758899 -6.301724 0.131015 1.338812 -11.166500 -0.000001 -0.000005 -0.000002 8.077785 -0.486852 -3.806252 -0.479730 3.437051 7.323969 0.208389 -2.582261 -13.053460 0.259897 1.678335 -14.170921 -0.000001 0.000003 -0.000004 -8.207786 -6.751664 -1.599560 -20.919647 0.194141 -15.263846 51.403358 -7.596159 -0.143706 -17.266927 -3.864001 18.074935 -5.142849 -0.046002 2.134507 -0.000000 -0.000001 -0.000000 8.207788 -6.751699 -1.599551 -26.132603 2.825172 19.271145 57.073822 -5.966689 4.967278 -26.461374 -9.291688 -10.912291 -6.528628 0.000001 -0.000004 0.000000 0.000000 -0.000000 
-47.593224 91.764877 86.084579 -180.188532 -187.976518 171.397887 -0.000009 10.181584 0.131525 0.922814 -1.546700 -2.997878 0.886935 -0.192968 2.795612 0.894698 -0.185362 2.793313 0.000001 16.740395 -2.049030 4.441515 0.348062 0.198995 0.000003 9.617919 1.684992 20.619067 1.989579 0.935763 0.000008 22.037369 7.501090 -0.000000 -0.000000 -0.000000 -4.569964 11.014919 -2.160880 2.450010 8.673394 2.154974 10.838643 38.302922 56.084681 0.000005 23.003754 0.000007 7.518927 52.277530 -8.566042 -2.464808 -1.573972 2.681859 -2.591559 -5.784493 -15.442491 5.122755 -17.557618 -0.755090 -1.560134 0.883064 -1.926128 0.000000 -0.000004 0.000002 -9.108287 -0.517855 2.259836 3.472119 -6.020056 59.880002 0.189211 -1.595570 13.456909 0.132494 -1.364157 11.183209 0.000002 0.000002 -0.000001 -9.532537 -0.000046 -0.000019 3.505760 -6.039489 59.883540 0.576762 -2.720337 23.787022 0.131982 -1.391007 11.183275 -0.000003 -0.000000 -0.000007 -9.103606 -0.043081 -1.865129 4.990549 -6.668345 73.857663 1.287855 -4.054189 35.318177 0.337657 -2.137058 17.726658 -0.000001 0.000004 -0.000004 -8.076681 -0.486711 -3.806281 5.995756 -6.883686 82.704425 0.666037 -3.038101 26.551606 0.301094 -2.186760 17.726173 -0.000000 0.000003 -0.000006 4.570450 11.014719 -2.160852 3.875491 -8.382975 2.329486 -3.268952 -1.971838 -66.629493 -0.000061 -42.315682 -0.000029 -3.714695 9.942192 55.990083 2.466125 -1.576211 2.681721 -3.074601 10.549506 15.520751 4.126572 13.590302 1.096802 -0.821917 0.916488 2.391525 -0.000002 -0.000003 -0.000003 9.109291 -0.518048 2.259864 0.168564 -1.517304 12.636979 0.016178 0.477663 -3.861797 0.037098 0.708244 -5.942627 -0.000002 0.000001 0.000001 9.533394 0.000036 0.000037 0.088539 -1.102825 9.149003 0.030328 0.650550 -5.378793 0.093925 1.136962 -9.445563 0.000001 0.000001 -0.000000 9.104508 -0.043036 -1.865078 0.251390 -1.847114 15.505446 0.010231 0.375383 -3.112162 0.096357 1.149518 -9.571108 -0.000000 -0.000002 0.000001 8.077779 -0.486856 -3.806265 -0.784251 2.686189 13.020775 0.120356 -2.957101 -9.868471 0.209879 1.492447 -12.574945 0.000003 0.000004 0.000011 -8.207788 -6.751678 -1.599559 -19.774159 -1.786588 -8.737507 49.573745 -6.821073 2.844804 -19.718906 -7.892599 13.568738 -3.753935 -0.001972 0.441530 -0.000000 -0.000001 -0.000001 8.207784 -6.751705 -1.599555 -29.073496 2.047202 25.116253 56.109079 -6.923680 7.879925 -23.656662 -7.300209 -12.221282 -7.076305 0.000009 -0.000005 -0.000000 0.000001 0.000000 
-50.827625 92.456367 86.461929 -178.477050 -188.296021 168.114888 0.000001 10.181565 0.131522 -0.428892 -1.955841 -2.623793 0.528143 -0.243910 4.087491 0.543938 -0.244653 4.085579 0.000009 16.740376 -2.049034 4.560744 0.226273 0.556765 0.000006 9.617866 1.684998 20.744594 2.060998 0.889393 0.000002 22.037369 7.501091 -0.000004 0.000001 -0.000000 -4.569958 11.014909 -2.160889 2.525272 8.775819 2.675906 13.211438 34.616560 54.863436 0.000002 18.743356 -0.000001 16.822271 48.642101 -28.752241 -2.464788 -1.573997 2.681846 -2.591553 -5.784498 -15.442494 5.122748 -17.557614 -0.755092 -1.560136 0.883063 -1.926129 0.000003 -0.000000 0.000000 -9.108292 -0.517872 2.259834 3.677369 -6.133729 61.762204 0.308616 -2.033580 17.186440 0.180018 -1.585573 13.042571 -0.000002 -0.000001 0.000005 -9.532505 -0.000063 -0.000027 3.711638 -6.152052 61.765865 0.770024 -3.128344 27.501337 0.179422 -1.612446 13.042665 0.000001 -0.000001 0.000005 -9.103592 -0.043087 -1.865138 4.329951 -6.438515 68.017940 1.353949 -4.145455 36.246765 0.355329 -2.191049 18.193561 0.000001 -0.000001 0.000004 -8.076706 -0.486710 -3.806284 5.305652 -6.752856 76.840127 0.715959 -3.141539 27.496228 0.317842 -2.241028 18.193095 -0.000002 -0.000003 -0.000004 4.570450 11.014715 -2.160856 4.399963 -9.876429 3.736960 0.115303 -5.091699 -69.366595 -0.000047 -36.428828 -0.000036 -13.359394 7.295137 56.750116 2.466141 -1.576202 2.681735 -3.074599 10.549498 15.520746 4.126574 13.590310 1.096808 -0.821920 0.916485 2.391518 0.000002 0.000007 0.000000 9.109297 -0.518040 2.259856 0.371174 -2.234320 18.820467 0.000599 0.096013 -0.696244 0.019970 0.518002 -4.359697 0.000004 0.000001 0.000002 9.533408 0.000037 0.000033 0.246932 -1.830878 15.329912 0.005104 0.269411 -2.213110 0.065161 0.948143 -7.862314 -0.000001 0.000001 -0.000001 9.104535 -0.043030 -1.865080 0.395707 -2.304772 19.487450 0.000078 0.031847 -0.263810 0.069872 0.979704 -8.146464 0.000001 0.000000 0.000001 8.077787 -0.486861 -3.806267 -0.951781 2.145848 16.993321 0.059468 -3.295546 -7.023499 0.169624 1.325287 -11.149794 -0.000001 0.000001 0.000003 -8.207778 -6.751664 -1.599556 -20.317603 -2.141999 -3.558436 48.063017 -6.309132 4.928651 -20.701579 -10.481597 9.679563 -2.891681 -0.002462 0.494478 0.000000 -0.000001 -0.000001 8.207800 -6.751704 -1.599563 -30.722488 0.482785 28.423453 53.752926 -4.432963 9.348381 -21.071878 -6.014114 -12.995156 -7.738985 0.000000 -0.000007 -0.000000 0.000001 0.000001 
-53.704887 92.908051 86.809074 -177.092079 -188.728386 167.691034 -0.000002 10.181587 0.131519 -1.866706 -2.518500 -4.341579 0.234060 -0.318632 4.568657 0.258517 -0.331340 4.566523 0.000003 16.740362 -2.049035 4.779719 0.056724 1.102359 0.000008 9.617882 1.685008 20.821709 2.239718 0.991926 0.000012 22.037338 7.501091 -0.000003 -0.000000 -0.000001 -4.569976 11.014903 -2.160885 2.734116 9.688768 3.672415 12.762408 26.256395 55.426220 -0.000006 18.124428 -0.000009 16.757804 42.688061 -32.608276 -2.464796 -1.573936 2.681845 -2.591562 -5.784490 -15.442481 5.122761 -17.557623 -0.755090 -1.560144 0.883073 -1.926116 0.000003 -0.000006 -0.000008 -9.108282 -0.517844 2.259831 3.552704 -6.065795 60.505285 0.568298 -2.739182 23.368895 0.274536 -1.948768 16.125122 -0.000000 0.000001 -0.000001 -9.532510 -0.000030 -0.000030 3.586557 -6.084859 60.508864 1.147827 -3.774828 33.667829 0.273817 -1.975652 16.125259 -0.000003 0.000001 -0.000005 -9.103599 -0.043050 -1.865134 2.988386 -5.714151 55.311388 1.308721 -4.083327 35.613457 0.343558 -2.155235 17.883703 0.000001 0.000002 0.000001 -8.076698 -0.486706 -3.806280 3.867675 -6.231508 64.089386 0.683617 -3.075066 26.888010 0.306681 -2.205008 17.883228 0.000001 0.000000 0.000001 4.570450 11.014709 -2.160850 4.782103 -10.733624 5.831184 2.911994 -9.413648 -70.891838 -0.000037 -29.767122 -0.000016 -20.512803 4.604085 55.727992 2.466134 -1.576210 2.681731 -3.074602 10.549490 15.520746 4.126580 13.590313 1.096801 -0.821920 0.916483 2.391519 -0.000002 0.000002 0.000005 9.109295 -0.518052 2.259864 0.588556 -2.790188 23.776722 -0.000001 0.011999 0.000001 0.008314 0.332024 -2.815436 -0.000000 -0.000001 -0.000000 9.533402 0.000039 0.000038 0.429851 -2.398972 20.283387 0.000002 0.002341 -0.000018 0.042118 0.763228 -6.317793 0.000002 0.000001 0.000000 9.104520 -0.043031 -1.865074 0.468146 -2.499940 21.215452 -0.000001 -0.000012 -0.000107 0.053878 0.860808 -7.152035 0.000002 0.000000 0.000001 8.077773 -0.486866 -3.806260 -1.012708 1.908120 18.715540 0.026954 -3.533387 -5.037095 0.143988 1.208029 -10.155051 -0.000001 -0.000002 0.000004 -8.207783 -6.751675 -1.599564 -21.372659 -2.012946 -1.307728 47.739559 -6.191590 5.833014 -21.954796 -12.229029 7.097185 -2.478861 -0.000329 0.179767 0.000000 -0.000001 -0.000001 8.207794 -6.751700 -1.599566 -30.480064 -1.942133 27.985693 51.260880 1.133231 9.324824 -19.112712 -5.050645 -12.707016 -9.086966 0.000001 -0.000005 -0.000000 0.000000 -0.000000 
-56.050518 93.181694 87.083763 -176.294149 -189.682782 169.125784 0.000004 10.181571 0.131523 -2.825758 -3.262569 -6.934021 0.196535 -0.420938 4.568661 0.230075 -0.440931 4.565124 0.000004 16.740404 -2.049033 4.903114 -0.027271 1.452221 0.000005 9.617895 1.685004 20.856036 2.468723 1.113041 0.000003 22.037369 7.501098 -0.000004 -0.000000 -0.000000 -4.569967 11.014907 -2.160884 2.841087 10.374452 4.235541 11.153966 17.678065 56.534176 0.000005 18.852490 -0.000015 12.602420 35.160195 -30.375603 -2.464792 -1.573984 2.681848 -2.591564 -5.784492 -15.442489 5.122756 -17.557616 -0.755095 -1.560132 0.883064 -1.926122 0.000005 -0.000006 0.000002 -9.108284 -0.517868 2.259828 2.745595 -5.538283 52.532945 0.747434 -3.122443 26.849055 0.337159 -2.153442 17.883423 0.000002 0.000004 -0.000005 -9.532487 -0.000041 -0.000025 2.776438 -5.561832 52.535927 1.398330 -4.130016 37.249137 0.336348 -2.180329 17.883554 -0.000000 0.000001 -0.000002 -9.103580 -0.043099 -1.865135 1.566901 -4.401940 39.292401 1.043313 -3.686411 31.679695 0.272831 -1.924929 15.904500 0.000003 -0.000002 0.000003 -8.076691 -0.486728 -3.806277 2.274036 -5.147198 48.116504 0.488455 -2.628932 22.883797 0.239924 -1.973525 15.904119 -0.000002 0.000002 0.000000 4.570447 11.014719 -2.160853 4.747298 -10.473427 7.553782 4.659345 -13.561042 -71.293515 -0.000022 -23.924749 -0.000005 -24.680154 2.307998 53.825162 2.466148 -1.576213 2.681746 -3.074598 10.549501 15.520758 4.126577 13.590307 1.096803 -0.821921 0.916481 2.391519 0.000000 0.000005 0.000002 9.109300 -0.518037 2.259879 0.736489 -3.103325 26.653744 0.000005 0.012000 -0.000031 0.002603 0.182888 -1.578690 0.000000 -0.000001 0.000000 9.533401 0.000036 0.000050 0.558293 -2.720563 23.158556 -0.000000 0.002341 0.000074 0.027268 0.614735 -5.080915 0.000001 0.000001 -0.000001 9.104527 -0.043027 -1.865076 0.455773 -2.467848 20.930032 -0.000001 -0.000008 0.000065 0.047603 0.809138 -6.720678 0.000001 -0.000001 -0.000001 8.077782 -0.486867 -3.806252 -1.003129 1.947507 18.431149 0.015412 -3.636875 -4.175304 0.133498 1.157014 -9.723567 -0.000000 -0.000000 0.000002 -8.207779 -6.751688 -1.599561 -22.000937 -2.364665 -1.275921 47.945483 -6.463520 5.833626 -23.906833 -13.077956 5.375366 -2.953168 0.000006 -0.000000 0.000000 0.000000 -0.000000 8.207796 -6.751727 -1.599558 -29.761470 -3.917847 25.742848 49.491725 6.360809 8.412197 -17.499349 -4.229452 -11.575588 -8.481564 0.000007 -0.000001 0.000000 -0.000001 -0.000001 
-57.932922 93.342209 87.191925 -176.005861 -190.171386 170.554181 -0.000009 10.181591 0.131526 -3.082345 -3.739996 -8.649699 0.322977 -0.488614 4.468787 0.362313 -0.508445 4.463864 0.000002 16.740412 -2.049044 4.886278 0.050503 1.393802 0.000008 9.617865 1.684995 20.835215 2.726782 1.195744 -0.000004 22.037369 7.501092 -0.000002 -0.000001 -0.000001 -4.569963 11.014928 -2.160895 2.851898 10.515082 4.039395 9.902362 12.846557 56.842497 0.000010 19.002828 -0.000012 8.185248 26.463713 -31.649795 -2.464792 -1.573964 2.681859 -2.591558 -5.784498 -15.442491 5.122759 -17.557618 -0.755097 -1.560136 0.883064 -1.926125 0.000000 -0.000003 0.000004 -9.108277 -0.517867 2.259840 1.595009 -4.436145 39.383544 0.577445 -2.760301 23.557959 0.281131 -1.971418 16.318997 -0.000003 -0.000002 0.000000 -9.532515 -0.000044 -0.000015 1.619622 -4.466059 39.385456 1.191029 -3.839550 34.308744 0.280394 -1.998305 16.319115 -0.000004 -0.000001 -0.000001 -9.103591 -0.043069 -1.865119 0.752607 -3.151420 27.005513 0.669717 -3.000241 25.246377 0.173244 -1.538114 12.623765 -0.000000 -0.000001 0.000001 -8.076691 -0.486700 -3.806271 1.304362 -4.059902 36.107027 0.232297 -1.852140 16.160736 0.147011 -1.585016 12.623512 0.000001 0.000001 -0.000000 4.570450 11.014733 -2.160856 4.317940 -9.375169 8.161356 5.430451 -15.299308 -70.960256 -0.000035 -20.645545 0.000014 -26.266872 0.896085 51.888339 2.466137 -1.576185 2.681732 -3.074600 10.549490 15.520749 4.126577 13.590311 1.096800 -0.821918 0.916483 2.391520 0.000000 0.000003 0.000002 9.109298 -0.518040 2.259868 0.771898 -3.172650 27.300474 -0.000001 0.012003 -0.000002 0.000768 0.096345 -0.861366 0.000001 -0.000000 0.000000 9.533395 0.000036 0.000036 0.589374 -2.791919 23.804838 -0.000006 0.002334 0.000039 0.020124 0.528466 -4.363514 0.000003 -0.000000 0.000000 9.104518 -0.043030 -1.865077 0.394113 -2.300244 19.447647 0.000000 -0.000002 0.000068 0.048605 0.817665 -6.791908 -0.000001 -0.000000 0.000002 8.077780 -0.486853 -3.806262 -0.950286 2.151293 16.953646 0.017210 -3.619770 -4.317639 0.135200 1.165452 -9.794842 0.000002 -0.000000 -0.000002 -8.207788 -6.751658 -1.599567 -22.383811 -2.721143 -1.374320 48.192196 -6.887726 5.470181 -25.589024 -13.233631 4.139364 -2.576032 0.000000 -0.000003 0.000000 -0.000001 -0.000001 8.207779 -6.751685 -1.599551 -29.650340 -4.161764 24.535810 48.774825 8.131679 7.347901 -15.999023 -3.667238 -10.941377 -8.471376 -0.000009 -0.000001 0.000000 0.000001 -0.000000 
-59.518867 93.456474 87.086479 -176.170441 -189.541861 170.855365 -0.000015 10.181605 0.131521 -2.590682 -3.591498 -8.652742 0.360724 -0.470977 4.494876 0.398861 -0.486316 4.490325 0.000012 16.740379 -2.049043 4.828245 0.260765 1.008821 0.000006 9.617885 1.684999 20.754725 3.019437 1.182867 -0.000003 22.037384 7.501103 -0.000000 -0.000001 -0.000000 -4.569955 11.014912 -2.160886 2.799193 10.186405 3.313138 9.568343 12.189596 56.282968 -0.000013 18.249866 0.000021 3.167784 18.901065 -37.404476 -2.464804 -1.573968 2.681839 -2.591559 -5.784493 -15.442486 5.122762 -17.557623 -0.755091 -1.560138 0.883071 -1.926114 0.000003 -0.000006 0.000000 -9.108292 -0.517862 2.259828 0.716412 -3.079018 26.045569 0.236522 -1.782844 15.043109 0.157445 -1.484732 12.194216 0.000002 -0.000002 0.000001 -9.532510 -0.000044 -0.000036 0.733421 -3.113790 26.046491 0.708076 -3.004857 26.364619 0.156889 -1.511598 12.194259 0.000001 -0.000002 0.000003 -9.103591 -0.043066 -1.865145 0.465669 -2.506336 21.204064 0.373984 -2.271701 18.778741 0.094604 -1.138121 9.276542 -0.000002 -0.000002 0.000002 -8.076694 -0.486712 -3.806285 0.952419 -3.518218 30.792316 0.064888 -1.022151 9.206662 0.075256 -1.183692 9.276395 -0.000000 0.000005 0.000002 4.570456 11.014729 -2.160865 3.885372 -8.291133 7.706555 5.680350 -13.886869 -70.270905 -0.000044 -20.230937 -0.000011 -26.284740 0.761425 50.372850 2.466141 -1.576208 2.681750 -3.074598 10.549490 15.520748 4.126573 13.590305 1.096800 -0.821919 0.916481 2.391516 -0.000000 -0.000002 0.000002 9.109307 -0.518041 2.259884 0.717157 -3.064645 26.294391 -0.000003 0.011999 0.000005 0.000513 0.076896 -0.700167 0.000000 -0.000000 0.000000 9.533408 0.000036 0.000058 0.541362 -2.680765 22.799438 0.000006 0.002335 -0.000015 0.018667 0.509054 -4.202287 -0.000001 -0.000001 0.000002 9.104518 -0.043011 -1.865062 0.326881 -2.100261 17.696936 -0.000001 -0.000015 0.000037 0.054031 0.861984 -7.161944 0.000003 -0.000001 0.000001 8.077776 -0.486859 -3.806237 -0.881112 2.390194 15.207744 0.027228 -3.531018 -5.056906 0.144228 1.209200 -10.164968 -0.000001 0.000000 0.000000 -8.207801 -6.751659 -1.599558 -22.708574 -2.065944 0.105472 48.298457 -7.260122 4.970052 -26.033531 -13.697145 3.488975 -2.125471 0.000001 -0.000004 0.000000 -0.000000 -0.000000 8.207787 -6.751690 -1.599558 -29.753766 -3.302625 25.567022 48.795862 6.483242 6.370567 -14.084256 -3.368495 -12.297869 -9.691779 0.000004 0.000002 -0.000001 -0.000003 0.000001 
-60.873882 93.505692 86.866356 -176.713058 -188.348327 170.285564 0.000002 10.181582 0.131527 -1.604291 -2.937306 -7.491521 0.210048 -0.385837 4.662939 0.241195 -0.395893 4.660455 -0.000001 16.740376 -2.049036 4.805622 0.508578 0.536110 0.000001 9.617880 1.685012 20.666160 3.330349 1.045263 -0.000000 22.037354 7.501095 -0.000003 0.000000 -0.000001 -4.569973 11.014935 -2.160884 2.668915 9.439798 2.434391 9.854935 13.423356 55.396727 -0.000001 17.317834 -0.000010 -1.515177 14.623469 -42.207543 -2.464807 -1.573965 2.681843 -2.591561 -5.784496 -15.442484 5.122759 -17.557623 -0.755097 -1.560139 0.883069 -1.926121 0.000000 -0.000002 0.000002 -9.108288 -0.517866 2.259829 0.286949 -1.980728 16.332760 0.041573 -0.742045 6.341877 0.067441 -0.978640 7.973440 -0.000003 -0.000003 0.000001 -9.532517 -0.000042 -0.000025 0.297833 -2.017862 16.333139 0.338142 -2.088941 18.237274 0.067090 -1.005455 7.973443 0.000002 0.000002 -0.000001 -9.103595 -0.043072 -1.865139 0.372070 -2.248238 18.940349 0.212529 -1.727221 14.112241 0.051915 -0.842766 6.826989 0.000003 0.000001 0.000002 -8.076686 -0.486702 -3.806283 0.847083 -3.331716 29.022068 0.006380 -0.396471 4.049183 0.037655 -0.887617 6.826907 0.000005 -0.000003 -0.000005 4.570443 11.014725 -2.160851 3.730548 -7.853776 6.770217 5.885707 -10.716936 -69.536694 -0.000032 -21.464622 -0.000019 -25.768478 1.777793 49.099197 2.466133 -1.576200 2.681749 -3.074599 10.549498 15.520748 4.126575 13.590306 1.096804 -0.821916 0.916480 2.391520 0.000002 0.000001 -0.000003 9.109295 -0.518034 2.259873 0.627901 -2.877563 24.572400 0.000007 0.012008 -0.000068 0.000937 0.107163 -0.950953 0.000002 0.000000 -0.000000 9.533398 0.000042 0.000046 0.463761 -2.488578 21.078563 -0.000001 0.002340 -0.000015 0.020963 0.539245 -4.453096 -0.000002 0.000000 0.000002 9.104516 -0.043032 -1.865059 0.276553 -1.935518 16.267742 0.000003 -0.000014 0.000032 0.060813 0.914287 -7.599092 -0.000001 -0.000001 -0.000004 8.077772 -0.486850 -3.806250 -0.819224 2.583619 13.781683 0.040547 -3.426320 -5.930150 0.155268 1.260797 -10.602250 0.000000 -0.000001 0.000005 -8.207782 -6.751685 -1.599560 -22.887295 -0.931422 2.707575 48.393181 -7.770585 4.472365 -25.938221 -14.334306 2.672247 -2.047442 0.000001 0.000001 0.000000 -0.000000 -0.000000 8.207797 -6.751701 -1.599560 -29.521676 -2.800134 27.790844 49.088023 3.814740 5.408813 -11.601542 -3.241196 -15.350715 -9.549202 0.008277 -0.900272 -0.000000 0.000001 -0.000000 
-61.951836 93.460983 86.665184 -177.243969 -187.425049 169.813707 -0.000009 10.181601 0.131522 -0.691695 -2.198896 -6.295582 0.008534 -0.290917 4.902438 0.031810 -0.296889 4.901970 0.000005 16.740402 -2.049044 4.786843 0.721317 0.136410 0.000000 9.617871 1.684991 20.661107 3.609553 0.834551 0.000002 22.037338 7.501094 0.000005 -0.000000 -0.000001 -4.569964 11.014905 -2.160893 2.465852 8.405354 1.642955 10.070001 14.378873 54.559298 -0.000002 16.871061 0.000001 -4.202097 13.006259 -41.631236 -2.464800 -1.573968 2.681844 -2.591561 -5.784494 -15.442481 5.122760 -17.557626 -0.755091 -1.560141 0.883073 -1.926121 0.000004 -0.000005 -0.000001 -9.108272 -0.517880 2.259830 0.136089 -1.371794 11.175235 0.001692 -0.135000 1.348160 0.032748 -0.686014 5.554973 -0.000002 0.000010 0.000001 -9.532497 -0.000061 -0.000027 0.143587 -1.409762 11.175417 0.186246 -1.544753 13.595460 0.032498 -0.712820 5.555009 -0.000000 0.000003 0.000000 -9.103579 -0.043089 -1.865130 0.278658 -1.952520 16.388332 0.145272 -1.434651 11.646909 0.034385 -0.684831 5.523002 0.000001 0.000004 0.000002 -8.076674 -0.486715 -3.806274 0.721070 -3.089025 26.767979 -0.001779 -0.059534 1.284155 0.022831 -0.729383 5.522941 -0.000001 0.000002 -0.000011 4.570450 11.014721 -2.160865 3.744414 -7.883613 5.854852 6.273280 -7.880963 -68.911295 -0.000021 -22.930065 0.000008 -25.160021 3.294744 47.766600 2.466126 -1.576208 2.681727 -3.074600 10.549492 15.520746 4.126579 13.590308 1.096805 -0.821921 0.916483 2.391512 -0.000000 0.000000 0.000005 9.109295 -0.518056 2.259860 0.548514 -2.697771 22.940302 0.000000 0.011999 0.000005 0.001998 0.158967 -1.380297 0.000001 0.000000 -0.000000 9.533391 0.000032 0.000034 0.395544 -2.304273 19.447473 -0.000000 0.002334 -0.000080 0.025190 0.590871 -4.882472 0.000000 -0.000000 0.000001 9.104518 -0.043030 -1.865082 0.242169 -1.813563 15.216671 0.000015 -0.000003 -0.000010 0.066642 0.956960 -7.956040 -0.000002 -0.000002 0.000001 8.077776 -0.486866 -3.806269 -0.770642 2.724903 12.732457 0.052597 -3.341003 -6.643152 0.164558 1.302875 -10.959304 0.000000 -0.000000 -0.000004 -8.207795 -6.751671 -1.599564 -23.004205 -0.995321 4.188126 48.795462 -8.042530 4.360802 -25.817709 -13.845491 1.977869 -2.122918 0.000002 -0.000000 0.000000 -0.000000 0.000000 8.207791 -6.751694 -1.599554 -29.217428 -2.805734 29.465241 49.391567 2.209330 4.634569 -9.309350 -3.203311 -18.077223 -10.230743 0.138777 -3.708849 -0.000000 -0.000001 -0.000000 
-62.745766 93.348312 86.489143 -177.388687 -186.843937 169.987317 -0.000001 10.181597 0.131503 -0.341410 -1.680091 -5.702202 -0.068409 -0.223033 5.142487 -0.050371 -0.227566 5.142698 0.000009 16.740395 -2.049031 4.721452 0.886541 -0.180321 0.000006 9.617903 1.685012 20.770966 3.813205 0.648925 0.000002 22.037338 7.501103 0.000003 0.000000 0.000000 -4.569960 11.014901 -2.160884 2.272908 7.494154 1.032889 9.849374 14.369092 53.929828 0.000015 17.004789 -0.000001 -5.593813 12.623481 -37.095874 -2.464796 -1.573968 2.681851 -2.591562 -5.784490 -15.442487 5.122758 -17.557623 -0.755095 -1.560139 0.883059 -1.926120 0.000000 -0.000000 0.000000 -9.108275 -0.517848 2.259837 0.081173 -1.061685 8.591111 0.000005 0.006986 0.183143 0.026460 -0.617816 4.993013 0.000002 0.000001 -0.000002 -9.532505 -0.000056 -0.000025 0.086953 -1.099950 8.591223 0.157443 -1.417323 12.522839 0.026234 -0.644633 4.993017 -0.000001 -0.000002 -0.000001 -9.103574 -0.043056 -1.865137 0.158592 -1.479635 12.382038 0.115710 -1.283706 10.384233 0.026975 -0.605988 4.873134 -0.000006 0.000001 0.000001 -8.076673 -0.486711 -3.806270 0.523871 -2.653149 22.834207 -0.000003 0.096993 0.000004 0.016783 -0.650422 4.873076 0.000001 -0.000002 -0.000004 4.570454 11.014720 -2.160847 3.666094 -7.708518 5.111923 6.786759 -6.467622 -68.325879 -0.000040 -24.128285 -0.000009 -24.302488 4.607493 46.572502 2.466129 -1.576202 2.681750 -3.074596 10.549500 15.520749 4.126574 13.590307 1.096800 -0.821913 0.916488 2.391525 -0.000001 0.000000 -0.000008 9.109289 -0.518040 2.259880 0.492606 -2.562065 21.721774 -0.000003 0.012009 -0.000047 0.003348 0.208048 -1.787345 0.000001 0.000001 0.000000 9.533401 0.000036 0.000053 0.348047 -2.165411 18.229652 0.000006 0.002322 0.000027 0.029557 0.639819 -5.289581 0.000001 0.000001 -0.000000 9.104511 -0.043009 -1.865061 0.213280 -1.703756 14.274984 0.000168 0.049249 -0.408057 0.071104 0.988310 -8.218588 0.000000 0.000000 0.000001 8.077785 -0.486873 -3.806246 -0.724901 2.850712 11.792131 0.062144 -3.278327 -7.167584 0.171564 1.333767 -11.221953 0.000000 -0.000000 -0.000002 -8.207780 -6.751669 -1.599579 -23.333786 -3.122134 3.361295 49.685627 -7.988179 4.669955 -25.740442 -11.101042 1.632029 -2.013180 0.000005 0.000002 0.000000 0.000001 0.000000 8.207796 -6.751704 -1.599571 -29.516898 -2.569435 30.014389 49.862597 2.126429 4.328073 -8.505419 -3.018627 -19.365697 -9.957635 0.112174 -3.337389 -0.000000 -0.000001 0.000000 
-63.302273 93.174530 86.271690 -177.197742 -186.325498 170.658984 -0.000004 10.181576 0.131515 -0.559549 -1.389679 -5.594165 0.001720 -0.180717 5.274142 0.016974 -0.186551 5.273995 0.000011 16.740376 -2.049036 4.645455 1.007837 -0.442826 0.000010 9.617873 1.685004 20.893040 3.904259 0.559992 -0.000001 22.037354 7.501094 0.000006 -0.000000 -0.000000 -4.569961 11.014934 -2.160885 2.198212 7.158785 0.668237 9.224275 13.556631 53.585310 0.000003 17.403804 -0.000010 -6.995061 12.190746 -33.003805 -2.464788 -1.573972 2.681851 -2.591560 -5.784491 -15.442486 5.122762 -17.557630 -0.755089 -1.560138 0.883068 -1.926118 -0.000000 -0.000004 0.000000 -9.108272 -0.517872 2.259836 0.036258 -0.710822 5.689380 -0.000012 0.022984 0.051872 0.025704 -0.609106 4.921184 0.000001 0.000002 -0.000003 -9.532494 -0.000068 -0.000018 0.040095 -0.749327 5.689428 0.153364 -1.398349 12.363483 0.025490 -0.635911 4.921178 -0.000001 -0.000001 0.000008 -9.103586 -0.043090 -1.865128 0.074070 -1.014386 8.501272 0.085682 -1.108417 8.924221 0.019776 -0.518052 4.149015 -0.000005 0.000002 -0.000003 -8.076685 -0.486708 -3.806274 0.357969 -2.207210 18.924555 0.000001 0.097000 0.000006 0.011088 -0.562366 4.148984 -0.000000 -0.000001 -0.000002 4.570454 11.014714 -2.160859 3.411135 -7.022356 4.552736 7.265194 -6.180091 -67.701593 -0.000013 -25.308269 -0.000002 -22.999547 5.388068 46.040458 2.466145 -1.576208 2.681735 -3.074600 10.549497 15.520755 4.126574 13.590300 1.096801 -0.821913 0.916484 2.391522 0.000004 0.000006 -0.000007 9.109303 -0.518046 2.259877 0.450551 -2.454206 20.760826 -0.000001 0.011987 -0.000039 0.004578 0.244734 -2.091358 -0.000000 -0.000001 0.000002 9.533402 0.000031 0.000040 0.312689 -2.055205 17.269264 0.000001 0.002344 0.000053 0.033037 0.676321 -5.593603 -0.000000 -0.000002 0.000003 9.104531 -0.043030 -1.865072 0.185261 -1.589563 13.299995 0.000825 0.105991 -0.878438 0.075219 1.016409 -8.453874 0.000002 0.000001 -0.000001 8.077785 -0.486865 -3.806257 -0.675365 2.980172 10.818187 0.071177 -3.222254 -7.637471 0.177961 1.361439 -11.457309 -0.000001 -0.000002 0.000002 -8.207783 -6.751674 -1.599568 -24.153084 -6.406237 1.092666 50.972991 -7.949171 4.934345 -25.700911 -6.786719 1.491781 -1.846843 0.000004 -0.000000 0.000000 -0.000001 0.000000 8.207794 -6.751705 -1.599563 -30.434175 -1.633034 29.893358 50.115649 2.304160 4.509508 -7.643749 -2.924982 -19.435136 -10.164833 0.121714 -3.476129 -0.000000 0.000001 0.000000 
-63.663982 92.953140 86.005165 -177.040552 -185.915359 171.608462 -0.000007 10.181600 0.131512 -0.822019 -1.181117 -5.651515 0.096909 -0.149852 5.167594 0.109878 -0.156651 5.167088 0.000003 16.740414 -2.049039 4.643202 1.068660 -0.635527 0.000004 9.617890 1.685003 20.846977 3.839435 0.572905 0.000004 22.037369 7.501091 -0.000001 -0.000001 0.000000 -4.569972 11.014923 -2.160889 2.258646 7.435367 0.608694 8.256381 12.129987 53.556767 -0.000007 17.721453 0.000010 -8.221463 11.418112 -31.773924 -2.464811 -1.573987 2.681841 -2.591562 -5.784496 -15.442486 5.122759 -17.557613 -0.755089 -1.560135 0.883063 -1.926118 0.000002 -0.000005 -0.000001 -9.108290 -0.517880 2.259820 0.006097 -0.292436 2.246607 0.000001 0.029303 -0.000002 0.019379 -0.530309 4.272461 0.000003 -0.000009 0.000003 -9.532515 -0.000060 -0.000031 0.007614 -0.331102 2.246615 0.121876 -1.241895 11.053380 0.019183 -0.557110 4.272460 -0.000003 -0.000009 -0.000006 -9.103602 -0.043091 -1.865147 0.050705 -0.840027 7.057300 0.055926 -0.899926 7.195604 0.012677 -0.413512 3.289252 0.000001 0.000008 -0.000002 -8.076683 -0.486734 -3.806286 0.303756 -2.037499 17.460682 0.000003 0.097013 -0.000011 0.005792 -0.457698 3.289250 0.000001 -0.000000 0.000001 4.570447 11.014756 -2.160858 3.125473 -6.203142 4.251267 7.575724 -6.172781 -67.050703 -0.000021 -26.627530 -0.000026 -21.495048 5.764704 46.365308 2.466137 -1.576208 2.681730 -3.074599 10.549496 15.520765 4.126565 13.590301 1.096803 -0.821915 0.916493 2.391519 0.000002 0.000001 -0.000007 9.109297 -0.518045 2.259861 0.410168 -2.345270 19.796448 0.000007 0.012002 -0.000009 0.005701 0.273642 -2.331116 0.000001 0.000000 0.000000 9.533401 0.000032 0.000035 0.279055 -1.943994 16.305403 0.000009 0.002330 0.000131 0.035916 0.705119 -5.833419 -0.000002 -0.000000 0.000002 9.104532 -0.043030 -1.865075 0.164317 -1.498184 12.522541 0.001979 0.164783 -1.365522 0.079611 1.045468 -8.697504 0.000001 -0.000000 0.000004 8.077787 -0.486848 -3.806266 -0.634273 3.082806 10.041327 0.081016 -3.164272 -8.124006 0.184698 1.390063 -11.700990 0.000001 0.000001 -0.000000 -8.207787 -6.751673 -1.599562 -25.213199 -9.088379 -1.319155 52.352355 -8.046932 4.948663 -25.903120 -2.958281 1.391548 -1.598363 -0.000270 0.162296 -0.000000 0.000000 -0.000001 8.207795 -6.751709 -1.599566 -31.353635 -0.444174 29.462503 50.339372 2.137864 4.934068 -6.869336 -2.874963 -19.443689 -10.514364 0.131677 -3.615508 -0.000000 -0.000001 -0.000000 
-63.870914 92.736984 85.689072 -177.441184 -185.804996 172.912304 0.000010 10.181590 0.131521 -0.259112 -0.942914 -5.835572 0.084533 -0.124302 4.810229 0.094463 -0.125728 4.809999 0.000007 16.740362 -2.049040 4.717308 1.070864 -0.749018 -0.000001 9.617895 1.685004 20.512235 3.652022 0.615898 -0.000003 22.037354 7.501103 0.000004 -0.000001 -0.000000 -4.569961 11.014913 -2.160892 2.357550 7.897332 0.815460 6.914376 10.326767 53.795028 0.000005 17.912699 -0.000011 -8.596352 11.319713 -32.666804 -2.464811 -1.573987 2.681847 -2.591560 -5.784500 -15.442486 5.122759 -17.557614 -0.755089 -1.560136 0.883063 -1.926119 0.000003 0.000002 -0.000003 -9.108289 -0.517875 2.259826 0.000592 -0.092761 0.607042 0.000001 0.029299 0.000048 0.011506 -0.411166 3.292629 -0.000000 0.000001 -0.000000 -9.532498 -0.000065 -0.000033 0.001000 -0.131462 0.607041 0.081508 -1.006971 9.096603 0.011349 -0.437958 3.292622 -0.000000 0.000004 0.000005 -9.103603 -0.043088 -1.865133 0.076209 -1.028894 8.620889 0.044046 -0.800969 6.377658 0.009832 -0.363612 2.879105 0.000001 -0.000005 -0.000002 -8.076677 -0.486726 -3.806277 0.362108 -2.219625 19.031371 0.000009 0.097014 -0.000003 0.003811 -0.407765 2.879072 -0.000002 -0.000003 -0.000002 4.570452 11.014716 -2.160859 2.973287 -5.760037 4.211422 7.607952 -5.949579 -66.303351 -0.000036 -27.870003 -0.000021 -20.479585 6.042779 47.104680 2.466137 -1.576214 2.681741 -3.074602 10.549500 15.520749 4.126575 13.590308 1.096809 -0.821919 0.916474 2.391520 -0.000003 0.000007 0.000000 9.109301 -0.518035 2.259882 0.373164 -2.240113 18.871253 -0.000002 0.012003 -0.000006 0.006942 0.302659 -2.571814 0.000003 0.000000 0.000001 9.533401 0.000037 0.000052 0.248550 -1.836761 15.380674 -0.000005 0.002325 0.000006 0.038943 0.734012 -6.074139 0.000001 -0.000000 0.000000 9.104517 -0.043023 -1.865064 0.158851 -1.473398 12.312137 0.003261 0.211618 -1.753979 0.083195 1.068637 -8.891792 0.000000 -0.000000 0.000002 8.077770 -0.486863 -3.806245 -0.622917 3.110472 9.831069 0.089231 -3.118097 -8.512003 0.190163 1.412870 -11.895377 -0.000000 -0.000002 0.000003 -8.207769 -6.751675 -1.599571 -25.795502 -10.166162 -3.487880 53.565024 -7.658055 5.038396 -26.494471 -1.251887 1.017822 -1.414043 -0.001088 0.329725 -0.000000 -0.000001 -0.000000 8.207805 -6.751712 -1.599563 -31.384292 0.420880 28.554028 50.536672 1.780440 5.313054 -6.087128 -2.943641 -20.093015 -11.058099 0.134270 -3.392330 -0.000000 0.000000 -0.000000 
-63.985592 92.591591 85.260513 -178.942856 -185.800174 174.627351 0.000009 10.181581 0.131516 2.028498 -0.645687 -6.226708 -0.078579 -0.101255 4.339649 -0.072653 -0.085918 4.340192 0.000006 16.740379 -2.049028 4.742262 1.071485 -0.828694 0.000001 9.617855 1.685006 19.911846 3.526380 0.566918 0.000002 22.037338 7.501081 -0.000002 -0.000000 0.000000 -4.569963 11.014926 -2.160882 2.405990 8.141078 1.103311 5.242222 8.644925 54.194536 0.000004 18.369859 -0.000023 -8.122767 12.477251 -34.278264 -2.464796 -1.573951 2.681838 -2.591562 -5.784492 -15.442491 5.122758 -17.557625 -0.755091 -1.560134 0.883061 -1.926121 -0.000001 -0.000005 0.000000 -9.108277 -0.517856 2.259822 0.004878 -0.261847 1.994800 0.000008 0.029309 0.000057 0.008538 -0.355955 2.838875 -0.000000 0.000002 -0.000004 -9.532498 -0.000024 -0.000033 0.006224 -0.300520 1.994805 0.065594 -0.898124 8.193678 0.008419 -0.382729 2.838867 -0.000000 0.000007 -0.000002 -9.103586 -0.043061 -1.865142 0.135305 -1.367889 11.445896 0.054084 -0.885275 7.074418 0.012217 -0.405787 3.225660 0.000000 0.000008 -0.000003 -8.076685 -0.486690 -3.806282 0.479996 -2.543919 21.867348 0.000005 0.097002 -0.000004 0.005454 -0.449973 3.225657 0.000001 0.000003 -0.000006 4.570456 11.014722 -2.160853 2.954226 -5.709298 4.231448 7.267395 -5.518328 -65.252185 -0.000023 -28.874976 -0.000013 -20.561967 6.404147 47.574925 2.466137 -1.576187 2.681751 -3.074598 10.549494 15.520758 4.126572 13.590313 1.096800 -0.821915 0.916481 2.391518 0.000002 0.000002 -0.000006 9.109297 -0.518045 2.259881 0.352707 -2.179592 18.341078 0.000007 0.012007 -0.000006 0.008241 0.330483 -2.802731 -0.000002 -0.000001 0.000003 9.533393 0.000033 0.000055 0.231842 -1.775109 14.850757 0.000007 0.002333 0.000079 0.041945 0.761720 -6.305096 -0.000001 0.000000 0.000000 9.104527 -0.043035 -1.865067 0.169589 -1.521775 12.722937 0.003658 0.224313 -1.859112 0.084182 1.074902 -8.944372 0.000000 -0.000001 0.000001 8.077780 -0.486847 -3.806249 -0.645011 3.056399 10.241591 0.091493 -3.105605 -8.617005 0.191669 1.419025 -11.947960 -0.000000 0.000002 0.000000 -8.207773 -6.751675 -1.599577 -25.232023 -9.845166 -5.508442 54.642627 -7.893920 5.291017 -27.222593 -0.224568 1.115461 -1.147009 -0.000244 0.155763 -0.000000 -0.000000 -0.000001 8.207799 -6.751699 -1.599554 -29.917113 0.945019 27.110681 50.627814 1.555973 5.631041 -5.130167 -3.131551 -21.402746 -12.123955 0.113073 -2.359651 0.000000 -0.000000 0.000000 
-64.063240 92.561569 84.653656 -181.804186 -185.399925 176.488017 0.000005 10.181583 0.131510 6.419860 -0.291854 -6.642654 -0.354146 -0.071011 3.860276 -0.352921 -0.029674 3.861136 0.000004 16.740389 -2.049038 4.577966 1.129169 -0.913469 0.000002 9.617894 1.685010 19.196312 3.659728 0.340297 0.000004 22.037338 7.501084 0.000002 0.000000 0.000000 -4.569969 11.014894 -2.160881 2.423937 8.239107 1.270830 3.498451 7.540707 54.677365 -0.000003 19.646088 0.000004 -7.552284 14.138898 -36.492277 -2.464792 -1.573968 2.681854 -2.591557 -5.784498 -15.442494 5.122756 -17.557619 -0.755092 -1.560143 0.883066 -1.926122 0.000007 -0.000009 0.000006 -9.108281 -0.517862 2.259840 0.026518 -0.608193 4.842792 0.000002 0.029307 -0.000005 0.010962 -0.401738 3.215221 -0.000001 -0.000007 -0.000001 -9.532493 -0.000049 -0.000024 0.029782 -0.646759 4.842825 0.078736 -0.988895 8.946482 0.010831 -0.428531 3.215211 -0.000000 0.000004 0.000000 -9.103581 -0.043103 -1.865131 0.184146 -1.592861 13.336192 0.077780 -1.057170 8.498687 0.017887 -0.492356 3.937657 -0.000004 -0.000002 -0.000007 -8.076671 -0.486719 -3.806272 0.567541 -2.756847 23.760322 0.000001 0.097003 -0.000011 0.009649 -0.536638 3.937625 -0.000002 0.000002 0.000002 4.570450 11.014711 -2.160855 2.944898 -5.683663 4.123386 6.508995 -4.968104 -63.837489 -0.000032 -29.829239 -0.000008 -21.655955 6.924544 47.485794 2.466137 -1.576208 2.681742 -3.074600 10.549490 15.520743 4.126577 13.590311 1.096806 -0.821919 0.916485 2.391518 0.000004 0.000006 0.000002 9.109302 -0.518032 2.259879 0.357497 -2.193902 18.466427 -0.000005 0.011990 -0.000023 0.009039 0.346463 -2.935103 0.000000 -0.000000 0.000002 9.533398 0.000035 0.000045 0.235747 -1.789698 14.976047 0.000002 0.002320 -0.000073 0.043721 0.777595 -6.437481 0.000000 -0.000001 -0.000001 9.104524 -0.043027 -1.865075 0.186482 -1.594747 13.344083 0.002904 0.199559 -1.653858 0.082262 1.062655 -8.841701 -0.000001 -0.000001 -0.000001 8.077782 -0.486862 -3.806252 -0.677656 2.974335 10.862230 0.087081 -3.129994 -8.411983 0.188767 1.406981 -11.845270 0.000002 0.000000 0.000001 -8.207777 -6.751680 -1.599574 -23.287708 -9.001067 -7.144375 55.435543 -8.037683 5.235029 -27.645988 0.362940 1.540690 -0.913071 -0.000042 0.062910 -0.000000 -0.000001 -0.000001 8.207803 -6.751688 -1.599573 -26.948979 1.550624 25.468766 50.651177 1.471153 6.142241 -3.880493 -3.237923 -22.953836 -13.435342 0.068495 -1.232948 0.000000 0.000001 -0.000000 
-64.091545 92.648666 83.892761 -185.581554 -184.459449 178.009442 -0.000002 10.181583 0.131515 12.210146 0.116698 -6.669693 -0.680165 -0.019770 3.308511 -0.683456 0.044707 3.307872 -0.000003 16.740398 -2.049053 4.225774 1.224813 -0.966342 0.000002 9.617887 1.685002 18.572345 4.020526 -0.025105 0.000004 22.037369 7.501083 0.000000 -0.000000 -0.000000 -4.569965 11.014894 -2.160902 2.500756 8.614596 1.281793 2.085115 7.015902 55.187594 -0.000000 21.869209 -0.000005 -7.655613 15.102506 -39.817694 -2.464808 -1.574005 2.681867 -2.591565 -5.784494 -15.442487 5.122758 -17.557614 -0.755098 -1.560140 0.883066 -1.926120 0.000002 -0.000008 0.000000 -9.108274 -0.517873 2.259847 0.051288 -0.844808 6.795493 -0.000006 0.029298 0.000026 0.016550 -0.490927 3.948505 -0.000002 -0.000001 -0.000005 -9.532504 -0.000067 -0.000010 0.055867 -0.883231 6.795559 0.107756 -1.165053 10.411883 0.016359 -0.517731 3.948520 -0.000001 -0.000002 -0.000004 -9.103588 -0.043088 -1.865121 0.189530 -1.615631 13.528441 0.096477 -1.174535 9.474318 0.022388 -0.551704 4.425944 -0.000002 0.000006 0.000000 -8.076688 -0.486729 -3.806261 0.576706 -2.778053 23.950400 -0.000001 0.096999 0.000032 0.013138 -0.596042 4.425900 -0.000001 -0.000008 0.000004 4.570446 11.014718 -2.160867 2.891412 -5.525762 4.009030 5.383191 -4.145228 -62.389926 -0.000040 -30.976315 -0.000027 -22.988477 7.624514 47.090862 2.466145 -1.576215 2.681734 -3.074597 10.549492 15.520753 4.126571 13.590309 1.096799 -0.821920 0.916481 2.391521 0.000000 0.000008 -0.000003 9.109307 -0.518042 2.259876 0.380355 -2.260986 19.054471 0.000000 0.012003 -0.000000 0.008855 0.342672 -2.903789 0.000001 -0.000000 0.000001 9.533402 0.000032 0.000042 0.254452 -1.858049 15.563798 0.000003 0.002333 0.000053 0.043293 0.773831 -6.406176 0.000004 -0.000001 0.000003 9.104529 -0.043029 -1.865070 0.194534 -1.628361 13.630682 0.001917 0.162120 -1.343508 0.079411 1.044163 -8.686490 0.000003 0.000000 -0.000006 8.077787 -0.486869 -3.806253 -0.692420 2.936353 11.148548 0.080571 -3.166900 -8.101994 0.184399 1.388771 -11.689987 -0.000002 -0.000003 0.000001 -8.207788 -6.751672 -1.599570 -20.378230 -8.400697 -8.083356 55.826087 -8.333183 4.433273 -27.545885 1.108664 2.357681 -0.889234 -0.000004 0.014629 0.000000 -0.000001 -0.000000 8.207800 -6.751712 -1.599561 -23.186605 2.465540 23.969092 50.710586 1.450227 7.044541 -2.330965 -3.099103 -24.197670 -14.801005 0.032933 -0.551629 0.000000 0.000001 -0.000000 
-64.039345 92.797142 83.118713 -189.131203 -183.396207 178.908732 0.000004 10.181578 0.131519 17.703186 0.569657 -6.133327 -0.998116 0.057757 2.604500 -1.004446 0.128914 2.599866 0.000006 16.740358 -2.049041 3.853100 1.280840 -0.923242 0.000001 9.617839 1.685008 18.210804 4.357620 -0.374667 0.000005 22.037384 7.501083 -0.000007 -0.000001 0.000001 -4.569961 11.014896 -2.160885 2.682293 9.486504 1.263025 1.302268 6.719551 55.595407 -0.000011 24.465714 -0.000000 -8.712768 14.962098 -43.892626 -2.464796 -1.573969 2.681859 -2.591563 -5.784490 -15.442479 5.122758 -17.557616 -0.755098 -1.560139 0.883059 -1.926121 0.000003 -0.000007 0.000001 -9.108272 -0.517870 2.259839 0.054267 -0.868958 6.995074 -0.000005 0.029300 0.000010 0.020848 -0.549695 4.432049 -0.000001 -0.000001 0.000004 -9.532503 -0.000044 -0.000010 0.058980 -0.907368 6.995149 0.129375 -1.280849 11.378978 0.020659 -0.576509 4.432052 0.000000 0.000011 0.000001 -9.103577 -0.043052 -1.865126 0.164038 -1.504489 12.592232 0.098494 -1.186523 9.573921 0.022897 -0.557748 4.475854 -0.000001 -0.000001 -0.000007 -8.076697 -0.486711 -3.806277 0.532102 -2.673014 23.012167 -0.000004 0.096997 0.000026 0.013511 -0.602112 4.475807 0.000000 -0.000002 -0.000004 4.570451 11.014722 -2.160860 2.886320 -5.519889 4.187766 4.084361 -2.805547 -61.386824 -0.000039 -32.243274 0.000022 -23.784793 8.354840 46.830605 2.466141 -1.576202 2.681728 -3.074606 10.549492 15.520749 4.126568 13.590304 1.096807 -0.821918 0.916491 2.391518 0.000002 0.000005 -0.000001 9.109299 -0.518044 2.259857 0.400759 -2.319038 19.565164 0.000001 0.011996 -0.000049 0.007970 0.324978 -2.757003 0.000002 -0.000001 -0.000001 9.533398 0.000038 0.000036 0.271266 -1.917241 16.074230 0.000001 0.002342 -0.000025 0.041342 0.756217 -6.259342 -0.000002 -0.000002 0.000001 9.104524 -0.043029 -1.865073 0.187038 -1.597108 13.364184 0.001530 0.144848 -1.200318 0.078115 1.035610 -8.614874 -0.000001 -0.000001 -0.000001 8.077781 -0.486869 -3.806266 -0.678699 2.971666 10.882312 0.077636 -3.183925 -7.958978 0.182413 1.380344 -11.618335 -0.000001 -0.000002 0.000001 -8.207773 -6.751680 -1.599566 -17.535894 -8.262168 -8.359979 55.808581 -8.845629 3.106725 -27.115112 1.960494 3.255539 -1.581709 -0.000010 -0.000001 0.000000 -0.000000 0.000000 8.207800 -6.751703 -1.599561 -19.869531 3.439392 22.775069 50.852582 1.620133 8.139069 -0.681786 -2.879152 -24.759659 -15.974834 0.033203 -0.558247 0.000001 0.000001 -0.000000 
-63.958813 92.919174 82.512123 -191.337969 -182.603427 179.369811 -0.000004 10.181585 0.131518 21.239347 1.025903 -5.400710 -1.260302 0.147471 1.895956 -1.267853 0.208514 1.885819 -0.000003 16.740385 -2.049028 3.654732 1.263266 -0.804723 0.000002 9.617876 1.684992 18.157752 4.482248 -0.559597 -0.000000 22.037354 7.501096 -0.000001 -0.000002 0.000000 -4.569971 11.014914 -2.160883 2.902528 10.548444 1.309690 1.111989 6.343864 55.723149 0.000003 26.612522 0.000003 -10.392903 14.122922 -47.257276 -2.464796 -1.573957 2.681855 -2.591563 -5.784490 -15.442494 5.122758 -17.557619 -0.755087 -1.560137 0.883063 -1.926123 0.000002 -0.000003 0.000002 -9.108284 -0.517850 2.259840 0.040747 -0.753415 6.040371 -0.000007 0.029289 0.000098 0.021239 -0.554762 4.473794 0.000001 -0.000001 0.000002 -9.532497 -0.000049 -0.000022 0.044820 -0.791899 6.040423 0.131332 -1.290904 11.462955 0.021040 -0.581571 4.473817 0.000000 0.000004 0.000005 -9.103594 -0.043071 -1.865130 0.127999 -1.330772 11.135472 0.089007 -1.129163 9.096726 0.020588 -0.528761 4.237174 -0.000002 0.000008 0.000004 -8.076693 -0.486716 -3.806272 0.466179 -2.508347 21.553982 -0.000004 0.096996 0.000010 0.011734 -0.573090 4.237151 0.000002 0.000001 -0.000002 4.570444 11.014722 -2.160856 3.044919 -5.988541 4.681365 2.943944 -0.985216 -60.972894 -0.000035 -33.337224 -0.000004 -23.854533 8.822453 46.962707 2.466129 -1.576231 2.681746 -3.074599 10.549495 15.520748 4.126569 13.590311 1.096801 -0.821919 0.916486 2.391522 0.000004 0.000002 -0.000003 9.109292 -0.518051 2.259884 0.401004 -2.319713 19.571075 -0.000001 0.012000 -0.000041 0.007255 0.309616 -2.629527 -0.000002 -0.000000 -0.000001 9.533392 0.000035 0.000055 0.271472 -1.917929 16.080140 0.000002 0.002338 -0.000028 0.039684 0.740929 -6.131865 -0.000001 -0.000001 0.000001 9.104518 -0.043065 -1.865065 0.171525 -1.530291 12.795309 0.001887 0.160913 -1.333474 0.079312 1.043563 -8.681473 0.000000 0.000001 0.000000 8.077770 -0.486875 -3.806251 -0.648853 3.046854 10.313905 0.080361 -3.168098 -8.091965 0.184263 1.388185 -11.684955 -0.000001 0.000001 -0.000005 -8.207785 -6.751674 -1.599565 -15.832799 -8.215696 -8.345914 55.641115 -9.305690 1.927921 -26.724614 2.509341 3.826431 -1.945027 0.000006 -0.000000 0.000000 -0.000001 -0.000000 8.207795 -6.751702 -1.599560 -18.002294 4.095536 21.946316 51.048260 2.083463 8.922502 0.738443 -2.915938 -24.746610 -16.780501 0.054320 -0.956249 -0.000000 -0.000001 -0.000000 
-63.937000 92.959320 82.163971 -191.950801 -182.073118 179.718697 -0.000003 10.181590 0.131526 22.343745 1.402972 -5.077184 -1.442507 0.218128 1.524211 -1.450811 0.267739 1.509412 0.000001 16.740395 -2.049035 3.685758 1.228108 -0.734658 -0.000004 9.617885 1.685005 18.295601 4.442487 -0.567058 -0.000005 22.037369 7.501087 0.000000 0.000000 -0.000000 -4.569971 11.014899 -2.160888 3.046478 11.252354 1.348516 1.129166 5.738972 55.497695 0.000008 27.968081 -0.000020 -11.825969 12.994206 -48.614934 -2.464811 -1.573959 2.681849 -2.591564 -5.784494 -15.442479 5.122760 -17.557614 -0.755092 -1.560138 0.883071 -1.926121 0.000002 -0.000009 0.000001 -9.108275 -0.517845 2.259840 0.023769 -0.575950 4.577277 0.000005 0.029286 0.000079 0.019034 -0.525723 4.234660 -0.000003 0.000000 -0.000001 -9.532516 -0.000025 -0.000021 0.026857 -0.614529 4.577308 0.120321 -1.233691 10.984717 0.018846 -0.552523 4.234671 -0.000000 0.000001 0.000005 -9.103603 -0.043093 -1.865123 0.086990 -1.098760 9.201310 0.075377 -1.041088 8.365155 0.017313 -0.484306 3.871388 -0.000001 -0.000001 -0.000004 -8.076691 -0.486699 -3.806273 0.385156 -2.287116 19.617656 0.000004 0.096995 0.000062 0.009205 -0.528573 3.871380 -0.000001 -0.000001 -0.000002 4.570447 11.014713 -2.160852 3.345762 -6.820914 5.086668 2.215448 0.934708 -60.858618 -0.000023 -34.113708 -0.000010 -23.436686 8.828633 47.382269 2.466141 -1.576198 2.681736 -3.074601 10.549499 15.520744 4.126574 13.590309 1.096807 -0.821916 0.916484 2.391520 0.000003 0.000002 -0.000006 9.109302 -0.518044 2.259872 0.382117 -2.266072 19.099200 -0.000000 0.012001 -0.000007 0.007249 0.309438 -2.628052 -0.000003 0.000000 0.000000 9.533401 0.000051 0.000053 0.255902 -1.863236 15.608504 0.000000 0.002341 -0.000013 0.039663 0.740763 -6.130388 0.000001 0.000000 0.000000 9.104526 -0.043033 -1.865069 0.160690 -1.481796 12.383348 0.002774 0.195201 -1.617704 0.081926 1.060507 -8.823622 -0.000002 0.000001 -0.000000 8.077780 -0.486872 -3.806252 -0.626780 3.101122 9.902216 0.086305 -3.134291 -8.375876 0.188244 1.404864 -11.827174 -0.000001 0.000001 -0.000003 -8.207778 -6.751670 -1.599555 -15.584017 -7.876364 -8.367811 55.630088 -9.308518 1.287209 -26.561562 2.460648 3.943884 -1.945600 -0.000001 -0.000003 0.000000 0.000001 -0.000000 8.207796 -6.751706 -1.599547 -17.595573 4.264207 21.477820 51.237443 2.725320 9.030740 1.705305 -3.393409 -24.718612 -17.263803 0.061275 -1.108188 -0.000000 -0.000002 -0.000000 
-63.980259 92.929787 82.022682 -191.644836 -181.655752 180.080711 -0.000004 10.181589 0.131527 21.852132 1.609846 -5.410292 -1.537146 0.242277 1.693813 -1.547135 0.294301 1.677154 0.000004 16.740412 -2.049025 3.825037 1.252060 -0.820249 -0.000000 9.617885 1.685001 18.406506 4.405277 -0.517079 0.000004 22.037369 7.501095 -0.000002 -0.000001 -0.000000 -4.569963 11.014896 -2.160883 3.070934 11.365373 1.249577 0.914841 4.776326 55.004353 0.000004 28.879577 -0.000014 -12.158672 11.827148 -48.074676 -2.464808 -1.573991 2.681841 -2.591560 -5.784493 -15.442487 5.122753 -17.557621 -0.755093 -1.560137 0.883061 -1.926121 -0.000000 -0.000010 -0.000001 -9.108286 -0.517860 2.259832 0.008329 -0.341402 2.648346 0.000005 0.029302 0.000068 0.015904 -0.481556 3.871459 -0.000001 0.000001 -0.000004 -9.532513 -0.000040 -0.000022 0.010115 -0.380061 2.648357 0.104501 -1.146577 10.257924 0.015723 -0.508354 3.871447 -0.000002 -0.000001 0.000005 -9.103589 -0.043073 -1.865129 0.046984 -0.808852 6.799118 0.059125 -0.924655 7.400394 0.013420 -0.425670 3.389177 -0.000002 0.000010 -0.000001 -8.076684 -0.486733 -3.806277 0.295022 -2.008649 17.212620 -0.000003 0.096996 0.000001 0.006318 -0.469879 3.389142 0.000001 0.000001 -0.000004 4.570446 11.014710 -2.160856 3.601397 -7.519755 4.991539 1.791411 2.575433 -60.690008 -0.000039 -34.657623 0.000001 -22.667304 8.483894 47.650094 2.466137 -1.576200 2.681744 -3.074596 10.549498 15.520748 4.126569 13.590301 1.096803 -0.821922 0.916486 2.391519 -0.000001 0.000000 0.000000 9.109296 -0.518049 2.259880 0.360859 -2.203913 18.554047 -0.000002 0.012008 -0.000022 0.007910 0.323638 -2.745839 -0.000001 0.000000 -0.000000 9.533403 0.000026 0.000049 0.238493 -1.799891 15.063622 0.000006 0.002343 -0.000028 0.041184 0.754883 -6.248186 -0.000002 -0.000001 0.000002 9.104526 -0.043051 -1.865064 0.161394 -1.485007 12.410646 0.003522 0.220034 -1.823539 0.083843 1.072765 -8.926565 0.000002 0.000001 0.000001 8.077785 -0.486882 -3.806249 -0.628262 3.097540 9.929495 0.090727 -3.109840 -8.581452 0.191167 1.416956 -11.930167 -0.000002 -0.000000 0.000006 -8.207780 -6.751672 -1.599556 -16.179825 -7.330164 -8.529696 55.825407 -8.944880 1.056455 -26.552412 2.165349 3.902793 -1.599883 -0.000001 -0.000000 -0.000000 0.000000 -0.000000 8.207793 -6.751703 -1.599553 -17.844805 4.097571 21.288772 51.341180 3.370258 8.578847 2.160856 -4.233554 -25.085564 -17.538966 0.038398 -0.671091 -0.000000 -0.000001 -0.000000 
-64.033432 92.878799 81.967506 -191.216678 -181.317016 180.398574 -0.000009 10.181570 0.131517 20.962803 1.625191 -6.064851 -1.531617 0.221289 2.222449 -1.543906 0.288793 2.206825 0.000007 16.740410 -2.049039 3.900356 1.341826 -1.022610 0.000003 9.617896 1.685013 18.324059 4.468460 -0.518635 0.000003 22.037354 7.501093 -0.000004 -0.000000 -0.000000 -4.569965 11.014911 -2.160893 3.034546 11.177807 1.043424 0.345843 3.370197 54.382844 0.000004 29.886975 -0.000015 -11.273039 10.933060 -47.051790 -2.464797 -1.573972 2.681846 -2.591561 -5.784485 -15.442487 5.122757 -17.557618 -0.755096 -1.560130 0.883061 -1.926119 0.000002 0.000002 0.000000 -9.108267 -0.517875 2.259832 0.000157 -0.049250 0.250203 0.000002 0.029294 0.000044 0.012200 -0.422993 3.390007 0.000001 0.000004 0.000002 -9.532496 -0.000053 -0.000021 0.000325 -0.087948 0.250203 0.085230 -1.030806 9.294609 0.012040 -0.449832 3.390007 -0.000004 0.000002 0.000008 -9.103587 -0.043095 -1.865129 0.020026 -0.528672 4.489204 0.041673 -0.779592 6.201046 0.009274 -0.352719 2.789612 -0.000002 -0.000004 -0.000004 -8.076671 -0.486733 -3.806277 0.219430 -1.737465 14.900408 -0.000008 0.096987 0.000044 0.003441 -0.396855 2.789601 -0.000001 0.000001 0.000006 4.570452 11.014706 -2.160858 3.641079 -7.651736 4.468451 1.260658 3.810399 -60.422148 -0.000035 -35.003295 0.000000 -21.461518 8.171252 47.308854 2.466133 -1.576198 2.681731 -3.074601 10.549489 15.520761 4.126578 13.590307 1.096800 -0.821914 0.916481 2.391518 0.000001 0.000003 -0.000003 9.109289 -0.518040 2.259870 0.352998 -2.180448 18.348531 0.000004 0.011997 0.000001 0.008711 0.340047 -2.881932 0.000003 -0.000000 -0.000000 9.533398 0.000034 0.000048 0.232076 -1.775981 14.858195 0.000003 0.002326 -0.000050 0.043006 0.771216 -6.384299 0.000001 0.000000 -0.000000 9.104517 -0.043024 -1.865076 0.171311 -1.529385 12.787602 0.003466 0.218373 -1.809888 0.083721 1.071968 -8.919755 0.000001 0.000001 -0.000002 8.077771 -0.486855 -3.806262 -0.648436 3.047865 10.306209 0.090416 -3.111453 -8.567844 0.190962 1.416147 -11.923329 -0.000001 0.000003 -0.000005 -8.207788 -6.751678 -1.599558 -16.853900 -6.922348 -8.773609 56.078066 -8.704798 0.946995 -26.538621 2.195247 4.059149 -1.087962 -0.000004 0.000001 -0.000000 -0.000001 -0.000000 8.207788 -6.751720 -1.599555 -18.056565 3.903500 21.245804 51.308975 3.953917 8.004525 2.188579 -5.146112 -25.663756 -17.631382 -0.002935 0.049262 -0.000000 -0.000003 0.000000 
-64.062752 92.837387 81.917709 -190.964193 -181.123694 180.587743 -0.000001 10.181596 0.131509 20.305194 1.540081 -6.473579 -1.422706 0.186556 2.676302 -1.436345 0.268883 2.662941 0.000000 16.740383 -2.049048 3.848852 1.430951 -1.177758 -0.000001 9.617864 1.685016 18.050744 4.613540 -0.560549 0.000011 22.037338 7.501090 0.000003 0.000001 -0.000001 -4.569971 11.014900 -2.160889 3.031293 11.156917 0.939048 -0.300996 1.687386 53.744078 0.000010 31.120247 -0.000017 -9.951983 10.419489 -47.013114 -2.464811 -1.573957 2.681841 -2.591557 -5.784491 -15.442491 5.122754 -17.557607 -0.755090 -1.560131 0.883061 -1.926126 0.000007 -0.000012 -0.000002 -9.108290 -0.517860 2.259824 0.003840 0.232260 -2.060081 0.000002 0.029296 0.000001 0.008249 -0.349978 2.789810 0.000005 -0.000000 0.000001 -9.532517 -0.000029 -0.000033 0.002450 0.193585 -2.060075 0.063926 -0.886085 8.093911 0.008132 -0.376760 2.789808 -0.000000 0.000004 0.000005 -9.103591 -0.043056 -1.865134 0.009392 -0.362434 3.122287 0.027728 -0.639492 5.045742 0.005981 -0.282415 2.212040 0.000000 -0.000002 -0.000000 -8.076680 -0.486691 -3.806289 0.179878 -1.575662 13.532446 0.000006 0.097004 -0.000009 0.001351 -0.326487 2.212028 0.000003 0.000006 0.000002 4.570441 11.014708 -2.160874 3.479741 -7.204781 4.038851 0.337314 4.576663 -60.287553 -0.000035 -34.962044 -0.000023 -19.907157 8.201455 46.308710 2.466125 -1.576202 2.681747 -3.074603 10.549500 15.520751 4.126572 13.590307 1.096799 -0.821918 0.916483 2.391520 0.000001 0.000003 -0.000005 9.109284 -0.518038 2.259869 0.362025 -2.207371 18.584407 0.000003 0.012006 -0.000024 0.009033 0.346225 -2.933241 -0.000000 0.000000 -0.000000 9.533390 0.000019 0.000049 0.239451 -1.803416 15.093979 -0.000004 0.002345 -0.000065 0.043698 0.777361 -6.435612 -0.000002 -0.000000 -0.000000 9.104515 -0.043033 -1.865077 0.181211 -1.572328 13.153308 0.002790 0.195654 -1.621550 0.081962 1.060732 -8.825540 0.000001 -0.000002 0.000002 8.077782 -0.486866 -3.806255 -0.667717 2.999579 10.671642 0.086392 -3.133812 -8.379740 0.188294 1.405078 -11.829085 -0.000001 0.000001 0.000001 -8.207780 -6.751664 -1.599572 -17.312506 -6.802418 -8.965873 56.251092 -8.470296 0.852299 -26.452150 2.263030 4.264195 -0.915985 -0.001114 0.333190 0.000000 0.000000 -0.000000 8.207794 -6.751681 -1.599571 -18.131198 3.830432 21.241844 51.192681 4.453991 7.639064 1.986303 -5.804271 -26.008440 -17.565752 -0.029313 0.507796 -0.000000 -0.000002 0.000000 
-64.072357 92.804863 81.869362 -190.816689 -181.136193 180.632713 -0.000007 10.181573 0.131509 19.849003 1.489537 -6.334641 -1.253020 0.171253 2.751229 -1.266297 0.256365 2.739531 -0.000000 16.740377 -2.049048 3.750077 1.452572 -1.157101 0.000002 9.617855 1.685011 17.740030 4.758542 -0.574317 0.000008 22.037338 7.501091 0.000002 0.000001 -0.000000 -4.569966 11.014909 -2.160896 3.097086 11.474436 1.100830 -0.642247 0.175863 53.204728 0.000012 32.223924 -0.000022 -9.230590 10.087238 -48.302739 -2.464800 -1.573993 2.681842 -2.591559 -5.784494 -15.442486 5.122761 -17.557611 -0.755094 -1.560136 0.883070 -1.926124 -0.000001 -0.000003 0.000000 -9.108291 -0.517883 2.259832 0.011371 0.398818 -3.428215 0.000004 0.029302 0.000068 0.005187 -0.279588 2.211816 -0.000001 -0.000000 0.000000 -9.532510 -0.000052 -0.000029 0.009056 0.360187 -3.428199 0.046306 -0.746302 6.937739 0.005097 -0.306407 2.211813 -0.000001 0.000006 0.000002 -9.103600 -0.043089 -1.865134 0.008920 -0.353356 3.047689 0.020786 -0.556414 4.361642 0.004389 -0.240762 1.870014 -0.000002 -0.000008 -0.000001 -8.076687 -0.486721 -3.806281 0.177835 -1.566808 13.457823 -0.000007 0.097004 0.000006 0.000459 -0.284810 1.869990 0.000002 0.000006 0.000005 4.570448 11.014717 -2.160860 3.258073 -6.562705 4.147405 -0.770190 4.629854 -60.471066 -0.000038 -34.353010 -0.000015 -18.592391 8.508315 45.157543 2.466129 -1.576202 2.681739 -3.074604 10.549499 15.520755 4.126571 13.590312 1.096801 -0.821918 0.916476 2.391517 0.000000 -0.000002 -0.000001 9.109292 -0.518043 2.259879 0.378506 -2.255658 19.007819 0.000002 0.011989 0.000008 0.008669 0.339133 -2.874357 -0.000000 0.000000 0.000000 9.533396 0.000035 0.000052 0.252940 -1.852622 15.517169 -0.000004 0.002331 -0.000107 0.042907 0.770301 -6.376717 -0.000000 -0.000001 0.000002 9.104517 -0.043035 -1.865075 0.181421 -1.573259 13.161053 0.002201 0.173620 -1.438821 0.080276 1.049847 -8.734159 0.000001 -0.000000 -0.000001 8.077773 -0.486863 -3.806252 -0.668128 2.998556 10.679368 0.082538 -3.155556 -8.197211 0.185734 1.394374 -11.737679 0.000003 -0.000001 0.000000 -8.207790 -6.751691 -1.599570 -17.594262 -6.816734 -9.031189 56.332552 -8.184389 0.866060 -26.360336 2.040650 4.316470 -0.949717 -0.001332 0.364006 -0.000000 -0.000001 -0.000000 8.207788 -6.751688 -1.599567 -18.233079 3.777911 21.239206 51.097014 4.845581 7.513918 1.751460 -6.104177 -25.997747 -17.423490 -0.031385 0.541453 -0.000000 -0.000004 0.000000 
-64.076225 92.767807 81.851364 -190.682831 -181.329488 180.588576 0.000001 10.181583 0.131519 19.386100 1.529443 -5.778868 -1.094812 0.181878 2.492094 -1.106716 0.258239 2.480879 0.000007 16.740391 -2.049041 3.709730 1.397731 -0.985479 -0.000002 9.617849 1.685006 17.575919 4.817101 -0.565010 0.000001 22.037369 7.501096 0.000003 0.000001 -0.000000 -4.569969 11.014904 -2.160891 3.186284 11.927206 1.460104 -0.551435 -0.752441 52.895177 -0.000009 32.804842 0.000002 -9.522998 9.836208 -50.118306 -2.464804 -1.573989 2.681846 -2.591560 -5.784488 -15.442486 5.122767 -17.557619 -0.755092 -1.560138 0.883063 -1.926114 -0.000007 0.000004 -0.000002 -9.108279 -0.517866 2.259828 0.011891 0.407901 -3.502905 0.000004 0.029300 -0.000003 0.003706 -0.237957 1.869891 0.000002 0.000004 0.000001 -9.532506 -0.000045 -0.000025 0.009527 0.369273 -3.502890 0.037209 -0.663459 6.253800 0.003619 -0.264756 1.869902 0.000001 -0.000006 -0.000000 -9.103582 -0.043074 -1.865126 0.013627 -0.436589 3.731791 0.020451 -0.551868 4.324278 0.004300 -0.238485 1.851334 -0.000005 0.000000 0.000001 -8.076678 -0.486718 -3.806273 0.197038 -1.647942 14.142454 -0.000004 0.097003 0.000013 0.000429 -0.282529 1.851310 -0.000000 -0.000004 -0.000004 4.570449 11.014725 -2.160862 3.110762 -6.155428 4.750524 -1.488957 3.682413 -60.909325 -0.000042 -33.350444 -0.000019 -18.353762 8.737770 44.609629 2.466125 -1.576198 2.681736 -3.074603 10.549497 15.520753 4.126576 13.590309 1.096805 -0.821921 0.916485 2.391514 0.000002 0.000003 0.000002 9.109297 -0.518041 2.259878 0.387129 -2.280411 19.225207 -0.000001 0.011999 -0.000002 0.008036 0.326392 -2.768656 -0.000001 -0.000000 0.000000 9.533396 0.000034 0.000043 0.260025 -1.877849 15.734449 0.000003 0.002333 0.000003 0.041504 0.757622 -6.271001 0.000002 0.000000 0.000001 9.104517 -0.043025 -1.865066 0.170073 -1.523844 12.740569 0.002184 0.173150 -1.434959 0.080243 1.049607 -8.732218 0.000000 -0.000000 0.000001 8.077772 -0.486867 -3.806250 -0.645938 3.054071 10.259217 0.082474 -3.156018 -8.193346 0.185664 1.394146 -11.735738 -0.000002 0.000002 -0.000004 -8.207778 -6.751666 -1.599560 -17.767441 -6.789511 -9.007414 56.387969 -7.846152 1.068843 -26.362237 1.471285 4.110824 -1.114277 -0.000005 -0.000001 0.000000 0.000001 0.000000 8.207793 -6.751696 -1.599551 -18.401771 3.576265 21.234747 51.078381 5.192159 7.481975 1.587941 -6.237132 -25.898259 -17.308319 -0.024837 0.420692 0.000000 0.000001 -0.000000 
-64.081276 92.722557 81.867859 -190.579162 -181.592136 180.543456 -0.000006 10.181584 0.131512 18.892454 1.594355 -5.182592 -0.985621 0.199001 2.166741 -0.996119 0.263989 2.155548 0.000006 16.740396 -2.049031 3.739800 1.309996 -0.796203 -0.000005 9.617885 1.684998 17.652521 4.750974 -0.615436 0.000006 22.037354 7.501088 0.000000 -0.000001 0.000001 -4.569962 11.014921 -2.160880 3.246695 12.252490 1.777710 -0.232949 -1.049786 52.881548 -0.000023 32.847606 0.000010 -10.339361 9.803807 -51.392700 -2.464808 -1.573959 2.681854 -2.591565 -5.784486 -15.442487 5.122764 -17.557621 -0.755093 -1.560142 0.883068 -1.926117 0.000001 -0.000004 -0.000001 -9.108285 -0.517867 2.259843 0.007527 0.324612 -2.818427 0.000005 0.029286 0.000006 0.003624 -0.235700 1.851371 -0.000002 -0.000006 -0.000001 -9.532508 -0.000036 -0.000018 0.005619 0.285960 -2.818419 0.036725 -0.658986 6.216778 0.003556 -0.262490 1.851373 -0.000001 0.000009 0.000004 -9.103587 -0.043053 -1.865134 0.017510 -0.494461 4.207743 0.023743 -0.593461 4.666544 0.005083 -0.259304 2.022452 0.000000 -0.000000 0.000002 -8.076679 -0.486697 -3.806269 0.210977 -1.704247 14.618779 0.000006 0.097010 -0.000010 0.000818 -0.303412 2.022443 -0.000003 0.000006 0.000004 4.570447 11.014706 -2.160852 3.091282 -6.119213 5.405982 -1.410436 1.837765 -61.336656 -0.000046 -32.503057 -0.000010 -19.488196 8.565593 45.065243 2.466133 -1.576198 2.681744 -3.074605 10.549497 15.520749 4.126574 13.590312 1.096805 -0.821920 0.916479 2.391521 -0.000004 -0.000006 0.000000 9.109288 -0.518048 2.259884 0.378391 -2.255321 19.004723 -0.000001 0.012001 0.000001 0.007742 0.319855 -2.714394 0.000003 0.000000 -0.000000 9.533388 0.000024 0.000053 0.252846 -1.852266 15.514068 0.000002 0.002338 0.000121 0.040788 0.751106 -6.216727 -0.000001 -0.000000 -0.000000 9.104520 -0.043034 -1.865070 0.154859 -1.454960 12.155605 0.002867 0.198505 -1.645059 0.082189 1.062144 -8.837309 0.000001 0.000001 0.000001 8.077773 -0.486861 -3.806264 -0.614399 3.131058 9.674594 0.086898 -3.131047 -8.403194 0.188629 1.406467 -11.840846 -0.000001 -0.000002 0.000002 -8.207784 -6.751667 -1.599561 -17.856940 -6.771058 -9.033139 56.466758 -7.391582 1.389145 -26.495117 0.770076 3.648744 -1.601172 0.000002 -0.000001 0.000000 -0.000000 -0.000000 8.207794 -6.751696 -1.599560 -18.539987 3.217797 21.210454 51.115787 5.588465 7.430570 1.528713 -6.452401 -25.982654 -17.300755 -0.026434 0.446282 -0.000000 0.000000 -0.000000 
-64.086456 92.680084 81.889511 -190.572305 -181.760910 180.637043 -0.000013 10.181589 0.131505 18.509939 1.591387 -4.969623 -0.911142 0.204505 2.006334 -0.920772 0.263644 1.995451 0.000010 16.740391 -2.049045 3.771307 1.241227 -0.705040 -0.000008 9.617877 1.685022 17.928073 4.589370 -0.762378 -0.000005 22.037354 7.501087 -0.000003 -0.000001 0.000001 -4.569955 11.014919 -2.160893 3.272363 12.389405 1.850527 0.026737 -0.972513 53.127247 -0.000003 32.651965 -0.000018 -10.838080 10.160036 -51.547240 -2.464804 -1.573957 2.681859 -2.591562 -5.784487 -15.442489 5.122764 -17.557623 -0.755090 -1.560145 0.883064 -1.926124 0.000004 -0.000010 -0.000004 -9.108273 -0.517879 2.259851 0.005060 0.266642 -2.342356 0.000003 0.029299 -0.000004 0.004345 -0.256534 2.022489 -0.000004 -0.000003 -0.000003 -9.532511 -0.000047 -0.000018 0.003483 0.227974 -2.342349 0.041153 -0.700452 6.559059 0.004237 -0.283340 2.022493 0.000001 0.000003 0.000000 -9.103590 -0.043076 -1.865130 0.014744 -0.453911 3.874146 0.026202 -0.622367 4.904594 0.005641 -0.273802 2.141470 0.000000 -0.000005 0.000002 -8.076687 -0.486706 -3.806261 0.201144 -1.664787 14.284906 0.000003 0.096993 -0.000001 0.001162 -0.317880 2.141452 0.000003 -0.000003 -0.000006 4.570457 11.014718 -2.160863 3.147846 -6.277043 5.652015 -0.653052 -0.141061 -61.434239 -0.000035 -32.403879 -0.000000 -21.218915 8.007063 46.175733 2.466141 -1.576210 2.681743 -3.074604 10.549489 15.520748 4.126574 13.590312 1.096803 -0.821918 0.916484 2.391517 0.000001 -0.000003 -0.000003 9.109286 -0.518052 2.259867 0.356983 -2.192368 18.452876 -0.000007 0.012012 -0.000034 0.008049 0.326477 -2.769421 -0.000001 0.000000 -0.000001 9.533398 0.000035 0.000052 0.235316 -1.788123 14.962499 0.000002 0.002326 0.000047 0.041510 0.757729 -6.271788 -0.000002 -0.000001 -0.000001 9.104518 -0.043016 -1.865068 0.146188 -1.414124 11.809470 0.003967 0.233763 -1.937346 0.084915 1.079558 -8.983493 -0.000001 -0.000000 0.000000 8.077780 -0.486860 -3.806246 -0.595374 3.176438 9.328623 0.093204 -3.096325 -8.695130 0.192778 1.423626 -11.987104 -0.000003 0.000001 -0.000003 -8.207805 -6.751679 -1.599571 -17.902375 -6.891213 -9.340374 56.597960 -6.801914 1.703982 -26.691946 0.321550 3.088078 -1.945036 0.000010 -0.000001 -0.000000 -0.000000 -0.000000 8.207782 -6.751693 -1.599568 -18.528147 2.863066 21.059548 51.150330 6.026030 7.324621 1.618096 -6.763278 -26.269739 -17.445666 -0.039333 0.671542 -0.000000 -0.000001 0.000000 
-64.089928 92.644913 81.879295 -190.669539 -181.623555 181.124705 -0.000004 10.181589 0.131523 18.336384 1.538030 -5.571272 -0.863803 0.206875 2.084711 -0.873943 0.267747 2.073961 0.000008 16.740410 -2.049038 3.762299 1.214140 -0.743720 -0.000001 9.617901 1.684999 18.273947 4.378528 -0.921381 0.000005 22.037354 7.501100 0.000001 0.000001 -0.000000 -4.569960 11.014929 -2.160891 3.274574 12.384874 1.624934 0.126782 -0.694282 53.554321 -0.000019 32.424192 0.000009 -10.582933 10.953257 -50.682019 -2.464808 -1.573969 2.681862 -2.591566 -5.784483 -15.442484 5.122757 -17.557619 -0.755095 -1.560135 0.883066 -1.926122 0.000009 -0.000003 0.000002 -9.108282 -0.517864 2.259847 0.006741 0.307275 -2.676032 0.000003 0.029303 -0.000002 0.004865 -0.271023 2.141464 -0.000003 0.000002 -0.000001 -9.532517 -0.000051 -0.000006 0.004936 0.268615 -2.676025 0.044362 -0.729277 6.797027 0.004772 -0.297823 2.141444 -0.000001 0.000002 0.000002 -9.103586 -0.043062 -1.865126 0.007931 -0.333195 2.882144 0.024486 -0.602113 4.737756 0.005241 -0.263659 2.058039 -0.000001 0.000008 -0.000000 -8.076681 -0.486702 -3.806261 0.173341 -1.547137 13.292182 -0.000006 0.097001 -0.000013 0.000925 -0.307727 2.058044 0.000001 0.000005 0.000003 4.570451 11.014715 -2.160856 3.192749 -6.395648 5.263956 0.247543 -1.129719 -60.965060 -0.000037 -33.361738 -0.000010 -22.216526 7.546913 47.106001 2.466133 -1.576217 2.681728 -3.074600 10.549497 15.520763 4.126577 13.590312 1.096801 -0.821924 0.916479 2.391520 -0.000001 0.000000 0.000000 9.109300 -0.518035 2.259862 0.337641 -2.133681 17.940130 0.000000 0.012013 -0.000013 0.008882 0.343088 -2.907195 -0.000000 0.000000 -0.000001 9.533401 0.000032 0.000036 0.219607 -1.728364 14.449994 -0.000000 0.002328 0.000046 0.043335 0.774243 -6.409559 -0.000000 0.000001 -0.000000 9.104526 -0.043035 -1.865082 0.149403 -1.429331 11.938368 0.004713 0.254617 -2.110303 0.086559 1.089871 -9.070006 -0.000000 -0.000000 0.000001 8.077779 -0.486846 -3.806265 -0.602484 3.159548 9.457471 0.097029 -3.075779 -8.867890 0.195249 1.433753 -12.073624 -0.000002 0.000003 0.000002 -8.207783 -6.751669 -1.599561 -18.054406 -7.011335 -10.237357 56.880726 -6.223219 1.967972 -26.834804 0.476750 2.744756 -2.069053 0.000012 -0.000002 0.000000 0.000002 -0.000000 8.207804 -6.751700 -1.599549 -18.229483 2.564219 20.516287 51.148230 6.462370 7.002465 1.927320 -6.890722 -26.636350 -17.762284 -0.056518 0.984863 0.000000 -0.000000 0.000000 
-64.101929 92.589523 81.819466 -190.720916 -180.965643 182.302503 -0.000001 10.181590 0.131529 18.269540 1.579314 -7.312527 -0.876605 0.237046 2.352796 -0.890348 0.303641 2.340483 0.000005 16.740414 -2.049050 3.753369 1.215987 -0.875828 -0.000005 9.617883 1.685012 18.573533 4.129399 -0.953933 0.000009 22.037384 7.501095 -0.000004 0.000000 -0.000000 -4.569959 11.014926 -2.160885 3.236401 12.156464 1.165862 0.164174 -0.054873 54.111979 0.000001 32.038003 -0.000015 -9.774504 12.012348 -49.384805 -2.464792 -1.573991 2.681847 -2.591558 -5.784496 -15.442482 5.122752 -17.557614 -0.755103 -1.560136 0.883066 -1.926123 -0.000001 0.000000 0.000009 -9.108264 -0.517847 2.259828 0.013102 0.428005 -3.668101 -0.000004 0.029302 0.000057 0.004495 -0.260867 2.058027 0.000002 0.000002 0.000004 -9.532491 -0.000051 -0.000033 0.010629 0.389384 -3.668083 0.042090 -0.709056 6.630125 0.004409 -0.287663 2.058039 -0.000001 0.000008 0.000006 -9.103582 -0.043058 -1.865142 0.003105 -0.209089 1.862925 0.019677 -0.541854 4.241689 0.004134 -0.233457 1.810029 0.000000 0.000004 0.000002 -8.076670 -0.486696 -3.806281 0.146869 -1.425766 12.272290 -0.000002 0.096996 -0.000005 0.000331 -0.277509 1.810032 0.000004 0.000003 0.000001 4.570450 11.014748 -2.160870 3.198034 -6.402309 4.252763 0.707272 -0.367809 -59.802561 -0.000058 -35.312529 -0.000034 -21.767263 7.722168 47.235232 2.466141 -1.576215 2.681726 -3.074599 10.549497 15.520760 4.126571 13.590310 1.096799 -0.821918 0.916481 2.391519 -0.000001 0.000005 -0.000005 9.109310 -0.518067 2.259859 0.333259 -2.120164 17.822315 0.000003 0.012003 -0.000079 0.009665 0.358518 -3.035204 -0.000001 -0.000000 0.000000 9.533405 0.000022 0.000024 0.216058 -1.714616 14.332242 0.000006 0.002338 -0.000029 0.045088 0.789586 -6.537580 0.000003 -0.000001 -0.000001 9.104532 -0.043049 -1.865084 0.161966 -1.487583 12.432438 0.004429 0.246860 -2.045902 0.085953 1.086014 -9.037776 0.000002 -0.000000 -0.000003 8.077785 -0.486876 -3.806273 -0.629418 3.094656 9.951277 0.095591 -3.083413 -8.803555 0.194327 1.429979 -12.041403 -0.000000 -0.000001 -0.000001 -8.207783 -6.751672 -1.599551 -18.613036 -6.683256 -11.916105 57.489094 -5.837645 2.146348 -26.905196 1.254452 2.863320 -2.057344 0.000004 -0.000000 0.000000 0.000001 -0.000000 8.207793 -6.751700 -1.599542 -17.576901 2.114546 19.289397 51.143299 6.869930 6.097261 2.460167 -6.475257 -27.061184 -18.224843 -0.073948 1.347809 0.000000 -0.000001 0.000000 
-64.135345 92.473846 81.741203 -190.469469 -179.784786 184.196214 -0.000012 10.181579 0.131515 18.046371 1.830951 -10.069321 -0.968221 0.314404 2.693427 -0.989689 0.384732 2.677110 0.000002 16.740402 -2.049044 3.809783 1.221793 -1.037006 0.000002 9.617867 1.685002 18.776964 3.851516 -0.790121 0.000012 22.037338 7.501080 0.000003 0.000001 -0.000001 -4.569975 11.014948 -2.160883 3.112679 11.506331 0.602763 0.260168 1.254213 54.741360 -0.000001 31.248112 -0.000018 -8.960923 12.967546 -48.365294 -2.464804 -1.573959 2.681856 -2.591560 -5.784491 -15.442484 5.122757 -17.557614 -0.755093 -1.560133 0.883066 -1.926122 0.000003 -0.000010 -0.000003 -9.108281 -0.517857 2.259847 0.021809 0.551909 -4.687346 0.000011 0.029314 0.000126 0.003456 -0.230662 1.810038 0.000001 -0.000004 0.000002 -9.532514 -0.000027 -0.000022 0.018648 0.513342 -4.687318 0.035719 -0.648951 6.134078 0.003395 -0.257456 1.810035 0.000000 0.000004 0.000002 -9.103591 -0.043061 -1.865133 0.001581 -0.149786 1.376192 0.015298 -0.479897 3.732070 0.003132 -0.202404 1.555234 -0.000003 -0.000003 -0.000001 -8.076682 -0.486691 -3.806273 0.135000 -1.367651 11.785272 0.000001 0.097004 0.000123 -0.000129 -0.246456 1.555226 0.000001 -0.000000 0.000002 4.570447 11.014747 -2.160866 3.188217 -6.358180 2.760007 0.378004 2.005771 -57.920619 -0.000072 -37.911549 -0.000035 -20.376770 8.505117 46.572908 2.466141 -1.576215 2.681721 -3.074601 10.549493 15.520758 4.126577 13.590311 1.096802 -0.821914 0.916481 2.391514 -0.000002 -0.000006 -0.000001 9.109292 -0.518064 2.259867 0.346195 -2.159879 18.168938 -0.000001 0.011999 -0.000005 0.009857 0.362056 -3.064607 -0.000001 0.000000 0.000000 9.533401 0.000038 0.000034 0.226552 -1.755050 14.678705 0.000003 0.002333 -0.000065 0.045496 0.793114 -6.567004 0.000003 0.000000 0.000002 9.104531 -0.043024 -1.865084 0.175102 -1.545969 12.928749 0.003433 0.217067 -1.799018 0.083614 1.071310 -8.914307 0.000002 -0.000001 -0.000002 8.077781 -0.486853 -3.806268 -0.655917 3.029240 10.447257 0.090196 -3.112747 -8.556975 0.190808 1.415518 -11.917905 -0.000001 0.000002 0.000002 -8.207787 -6.751677 -1.599570 -19.809282 -5.685890 -14.166830 58.471501 -5.709924 2.077323 -27.022168 2.379643 3.409890 -2.036083 -0.000005 -0.000002 -0.000000 -0.000000 -0.000000 8.207787 -6.751710 -1.599561 -16.800150 1.376494 17.420585 51.174055 7.098885 4.477413 3.077958 -5.448678 -27.658651 -18.746246 -0.095561 1.860976 -0.000000 -0.000002 0.000000 
-64.158699 92.306023 81.714989 -189.835956 -178.477829 186.359567 -0.000011 10.181576 0.131518 17.470811 2.214729 -13.061830 -1.091094 0.417386 2.960606 -1.122302 0.485234 2.939296 0.000011 16.740374 -2.049033 3.939996 1.225135 -1.172475 0.000007 9.617879 1.685011 18.872835 3.620002 -0.480459 0.000000 22.037369 7.501100 0.000000 -0.000001 0.000001 -4.569953 11.014892 -2.160879 2.883633 10.391730 0.094632 0.456372 3.308971 55.292434 0.000017 30.065516 -0.000018 -8.678992 13.495126 -48.032182 -2.464796 -1.573972 2.681845 -2.591561 -5.784495 -15.442482 5.122762 -17.557614 -0.755092 -1.560139 0.883066 -1.926118 0.000001 -0.000007 0.000001 -9.108273 -0.517873 2.259828 0.026749 0.611008 -5.174096 0.000002 0.029290 -0.000006 0.002568 -0.199611 1.555245 0.000002 -0.000002 -0.000001 -9.532490 -0.000060 -0.000022 0.023264 0.572465 -5.174060 0.029712 -0.587134 5.624424 0.002491 -0.226437 1.555246 -0.000001 0.000006 -0.000001 -9.103591 -0.043087 -1.865134 0.002115 -0.173271 1.568825 0.013400 -0.450294 3.488692 0.002701 -0.187590 1.433554 -0.000002 -0.000001 -0.000004 -8.076674 -0.486710 -3.806280 0.139639 -1.390671 11.978019 0.000002 0.096996 0.000028 -0.000311 -0.231634 1.433566 0.000001 0.000000 -0.000007 4.570460 11.014698 -2.160854 3.175310 -6.305688 1.001292 -0.748151 5.094102 -55.488412 -0.000044 -40.688591 -0.000010 -19.299792 9.367740 45.609521 2.466137 -1.576216 2.681721 -3.074607 10.549495 15.520755 4.126573 13.590307 1.096808 -0.821912 0.916488 2.391522 0.000002 0.000006 -0.000006 9.109297 -0.518058 2.259860 0.367100 -2.222351 18.715504 -0.000001 0.012006 -0.000099 0.009306 0.351623 -2.978062 0.000003 0.000000 -0.000000 9.533398 0.000028 0.000034 0.243582 -1.818670 15.224992 0.000002 0.002330 0.000008 0.044312 0.782730 -6.480443 0.000000 -0.000001 0.000002 9.104518 -0.043037 -1.865082 0.179480 -1.564947 13.090193 0.002570 0.187161 -1.551029 0.081314 1.056519 -8.790266 0.000002 0.000001 -0.000002 8.077775 -0.486857 -3.806264 -0.664412 3.007916 10.608568 0.084890 -3.142211 -8.309276 0.187301 1.400952 -11.793810 -0.000001 -0.000000 0.000002 -8.207786 -6.751680 -1.599558 -21.490953 -4.553608 -16.412608 59.564413 -5.674349 1.516087 -27.280168 3.494662 4.081340 -2.099670 -0.000003 -0.000001 -0.000000 0.000001 -0.000000 8.207788 -6.751706 -1.599552 -16.294185 0.595362 15.385618 51.197776 6.755293 2.635929 3.548420 -3.956517 -28.418307 -19.204245 -0.119758 2.542298 0.000000 -0.000000 0.000000 
-64.094086 92.157944 81.771629 -189.064322 -177.598470 188.117343 -0.000002 10.181579 0.131525 16.615753 2.498788 -15.229613 -1.176299 0.495710 3.045764 -1.214446 0.555243 3.021171 0.000004 16.740417 -2.049043 4.093198 1.246711 -1.267818 -0.000012 9.617862 1.685027 18.839111 3.556100 -0.139420 -0.000004 22.037369 7.501101 -0.000005 -0.000000 -0.000000 -4.569971 11.014914 -2.160899 2.602984 9.080123 -0.244918 0.765811 5.813241 55.568606 0.000020 28.801286 -0.000007 -9.213455 13.575114 -48.249068 -2.464796 -1.573974 2.681842 -2.591559 -5.784497 -15.442493 5.122758 -17.557619 -0.755094 -1.560137 0.883062 -1.926127 -0.000003 -0.000004 0.000000 -9.108274 -0.517875 2.259828 0.024727 0.587634 -4.981470 0.000007 0.029295 -0.000004 0.002167 -0.184790 1.433581 0.000001 0.000001 -0.000001 -9.532509 -0.000053 -0.000033 0.021373 0.549079 -4.981437 0.027035 -0.557610 5.381057 0.002118 -0.211588 1.433565 0.000000 0.000000 0.000001 -9.103589 -0.043070 -1.865138 0.004428 -0.249261 2.192749 0.014123 -0.462007 3.584998 0.002865 -0.193459 1.481719 -0.000001 -0.000002 0.000001 -8.076681 -0.486716 -3.806280 0.155195 -1.465092 12.602308 0.000002 0.097008 -0.000003 -0.000243 -0.237497 1.481713 0.000001 -0.000002 0.000004 4.570447 11.014723 -2.160872 3.153830 -6.234282 -0.753211 -2.315069 7.946503 -52.957978 -0.000061 -43.231416 -0.000042 -19.459207 9.883756 44.824052 2.466144 -1.576202 2.681736 -3.074597 10.549499 15.520748 4.126576 13.590303 1.096798 -0.821918 0.916479 2.391521 0.000003 0.000002 0.000000 9.109302 -0.518047 2.259876 0.381132 -2.263214 19.074125 0.000003 0.012000 0.000000 0.008480 0.335190 -2.841624 0.000002 -0.000000 0.000000 9.533401 0.000022 0.000044 0.255093 -1.860316 15.583444 -0.000005 0.002337 0.000017 0.042465 0.766382 -6.343987 0.000003 -0.000001 -0.000000 9.104521 -0.043033 -1.865071 0.172430 -1.534281 12.829425 0.002294 0.177424 -1.470362 0.080571 1.051724 -8.749932 -0.000002 -0.000001 0.000002 8.077774 -0.486854 -3.806253 -0.650655 3.042374 10.348001 0.083207 -3.151811 -8.228699 0.186177 1.396217 -11.753459 0.000003 -0.000000 0.000003 -8.207781 -6.751671 -1.599550 -23.167397 -4.057111 -18.049929 60.355506 -5.493133 0.412446 -27.597012 4.193348 4.534770 -2.314927 0.000010 -0.000001 -0.000000 -0.000001 -0.000000 8.207800 -6.751704 -1.599553 -16.206263 0.143444 13.748957 51.146133 5.919034 1.304876 3.638548 -2.470217 -29.027754 -19.425674 -0.138247 3.170686 0.000000 -0.000000 -0.000000 
-63.896904 92.086990 81.874901 -188.437748 -177.386283 189.041509 -0.000006 10.181578 0.131521 15.747180 2.519620 -15.951799 -1.214588 0.514990 2.943741 -1.253490 0.564139 2.918924 0.000009 16.740393 -2.049037 4.229108 1.310854 -1.348270 -0.000008 9.617898 1.685004 18.650597 3.724336 0.154349 0.000003 22.037354 7.501103 -0.000002 -0.000001 0.000000 -4.569959 11.014897 -2.160882 2.364505 7.971190 -0.436270 1.212919 8.250566 55.513674 0.000006 27.743586 -0.000006 -10.403225 13.424701 -48.509745 -2.464792 -1.573959 2.681838 -2.591560 -5.784497 -15.442493 5.122760 -17.557618 -0.755095 -1.560139 0.883066 -1.926121 0.000002 -0.000003 -0.000003 -9.108268 -0.517870 2.259836 0.018745 0.511809 -4.357466 0.000002 0.029296 -0.000003 0.002328 -0.190652 1.481710 0.000001 0.000006 0.000001 -9.532499 -0.000047 -0.000025 0.015809 0.473221 -4.357442 0.028071 -0.569272 5.477371 0.002264 -0.217472 1.481719 0.000000 0.000005 -0.000002 -9.103585 -0.043074 -1.865130 0.007668 -0.327437 2.834666 0.016648 -0.499932 3.897009 0.003439 -0.212448 1.637690 0.000001 0.000001 0.000004 -8.076678 -0.486711 -3.806269 0.172063 -1.541501 13.244679 -0.000003 0.097003 -0.000013 0.000001 -0.256491 1.637700 -0.000001 0.000001 0.000004 4.570455 11.014730 -2.160861 3.142510 -6.191005 -2.245507 -3.714583 10.161325 -50.904727 -0.000079 -45.327700 -0.000050 -20.693414 10.083844 44.252031 2.466137 -1.576187 2.681744 -3.074601 10.549491 15.520755 4.126575 13.590301 1.096801 -0.821919 0.916483 2.391522 0.000003 0.000000 -0.000005 9.109296 -0.518035 2.259875 0.378880 -2.256717 19.017038 0.000001 0.012005 -0.000105 0.007946 0.324380 -2.752090 0.000001 -0.000000 0.000000 9.533393 0.000041 0.000047 0.253239 -1.853696 15.526381 -0.000004 0.002335 0.000145 0.041280 0.755637 -6.254446 -0.000001 -0.000001 0.000002 9.104527 -0.043016 -1.865067 0.158521 -1.471907 12.299420 0.002708 0.193144 -1.600655 0.081777 1.059480 -8.815086 -0.000001 0.000000 0.000000 8.077778 -0.486845 -3.806246 -0.622231 3.112144 9.818341 0.085952 -3.136307 -8.358846 0.188010 1.403851 -11.818637 -0.000002 -0.000000 -0.000002 -8.207785 -6.751679 -1.599566 -24.335530 -4.157289 -18.766799 60.676552 -5.259352 -0.771587 -27.798800 4.213302 4.669763 -2.733309 0.000002 0.000000 -0.000000 -0.000001 -0.000000 8.207792 -6.751711 -1.599554 -16.461949 0.195120 12.814093 51.092178 5.634304 0.866416 3.244700 -2.011145 -29.160683 -19.248675 -0.147182 3.495300 -0.000000 -0.000001 0.000000 
-63.608246 92.077621 81.991859 -187.989824 -177.669039 189.148101 0.000001 10.181575 0.131518 14.981805 2.333466 -15.402468 -1.262562 0.483335 2.753300 -1.297181 0.523161 2.730388 0.000004 16.740395 -2.049042 4.375742 1.415778 -1.441570 -0.000002 9.617867 1.685010 18.343369 4.067382 0.393479 -0.000002 22.037369 7.501093 -0.000007 -0.000000 -0.000000 -4.569969 11.014921 -2.160889 2.219209 7.285879 -0.619225 1.745174 10.031763 55.324006 -0.000013 26.947487 -0.000005 -11.647284 13.136081 -48.384244 -2.464811 -1.573967 2.681837 -2.591564 -5.784493 -15.442491 5.122762 -17.557618 -0.755098 -1.560143 0.883069 -1.926121 0.000004 -0.000006 0.000000 -9.108278 -0.517889 2.259813 0.013461 0.433763 -3.715531 0.000012 0.029306 0.000027 0.002846 -0.209665 1.637694 -0.000000 0.000002 0.000002 -9.532506 -0.000047 -0.000044 0.010953 0.395148 -3.715512 0.031607 -0.607150 5.789373 0.002771 -0.236470 1.637700 -0.000000 0.000004 0.000000 -9.103586 -0.043079 -1.865145 0.009727 -0.368811 3.174543 0.019470 -0.538956 4.217959 0.004081 -0.231994 1.798183 0.000004 0.000003 0.000002 -8.076668 -0.486688 -3.806296 0.181319 -1.581881 13.584779 0.000009 0.097009 0.000042 0.000318 -0.276088 1.798171 0.000001 0.000002 -0.000001 4.570449 11.014706 -2.160861 3.186860 -6.320524 -3.345288 -4.374596 11.822321 -49.670956 -0.000069 -46.933969 -0.000024 -21.988174 10.315221 43.500751 2.466141 -1.576202 2.681741 -3.074603 10.549501 15.520746 4.126577 13.590308 1.096804 -0.821919 0.916483 2.391519 0.000002 0.000004 0.000002 9.109299 -0.518032 2.259879 0.362398 -2.208488 18.594142 0.000004 0.012000 -0.000094 0.008021 0.326114 -2.766357 0.000001 -0.000000 0.000001 9.533398 0.000031 0.000048 0.239751 -1.804554 15.103695 -0.000001 0.002345 -0.000019 0.041460 0.757341 -6.268699 0.000000 -0.000000 0.000000 9.104525 -0.043024 -1.865069 0.143208 -1.399754 11.687849 0.003693 0.225092 -1.865482 0.084229 1.075279 -8.947551 0.000001 0.000001 -0.000002 8.077788 -0.486862 -3.806262 -0.588613 3.192376 9.207043 0.091645 -3.104854 -8.623352 0.191749 1.419410 -11.951155 -0.000002 -0.000003 0.000000 -8.207777 -6.751689 -1.599560 -24.822436 -4.164328 -18.649671 60.683997 -5.249922 -1.349641 -27.798421 3.654224 4.592606 -3.287156 0.000003 -0.000001 0.000000 0.000000 -0.000000 8.207793 -6.751714 -1.599561 -17.005342 0.703415 12.590718 51.172150 5.851435 1.165514 2.489377 -2.371817 -28.860404 -18.707080 -0.148228 3.497802 0.000000 -0.000002 0.000000 
-63.326359 92.087196 82.143562 -187.444720 -178.176495 188.724028 0.000001 10.181594 0.131522 13.994871 2.128453 -14.252718 -1.364279 0.432578 2.613277 -1.393420 0.464353 2.592921 0.000009 16.740402 -2.049033 4.605510 1.530855 -1.548667 0.000007 9.617898 1.685010 18.066624 4.445764 0.579330 0.000002 22.037369 7.501091 0.000004 -0.000001 0.000000 -4.569962 11.014900 -2.160885 2.146404 6.942510 -0.897443 2.172363 10.555840 55.296054 -0.000003 26.430582 -0.000007 -12.283776 12.466446 -47.809384 -2.464796 -1.573982 2.681844 -2.591558 -5.784489 -15.442482 5.122760 -17.557619 -0.755095 -1.560145 0.883068 -1.926119 0.000004 -0.000006 -0.000006 -9.108265 -0.517866 2.259831 0.011010 0.392427 -3.375661 0.000005 0.029298 0.000001 0.003427 -0.229200 1.798175 0.000002 -0.000000 0.000002 -9.532509 -0.000050 -0.000022 0.008733 0.353796 -3.375648 0.035429 -0.646070 6.110369 0.003341 -0.256017 1.798167 0.000004 -0.000004 0.000001 -9.103577 -0.043071 -1.865134 0.009598 -0.366317 3.154200 0.021057 -0.559620 4.387915 0.004437 -0.242353 1.883132 -0.000002 -0.000000 -0.000002 -8.076673 -0.486704 -3.806280 0.180768 -1.579446 13.564424 -0.000013 0.096992 0.000030 0.000503 -0.286421 1.883126 -0.000001 0.000004 0.000003 4.570458 11.014716 -2.160852 3.309895 -6.712456 -4.126545 -4.057128 12.999067 -49.150260 -0.000057 -47.999605 -0.000019 -22.370989 10.801869 42.193220 2.466141 -1.576214 2.681745 -3.074609 10.549503 15.520749 4.126576 13.590306 1.096803 -0.821918 0.916481 2.391516 -0.000002 0.000003 0.000000 9.109301 -0.518049 2.259885 0.340103 -2.141279 18.006576 0.000002 0.011999 -0.000037 0.008649 0.338836 -2.871918 -0.000004 0.000000 -0.000000 9.533399 0.000032 0.000055 0.221601 -1.736114 14.516413 -0.000006 0.002338 0.000043 0.042863 0.770015 -6.374285 0.000002 -0.000000 0.000001 9.104520 -0.043024 -1.865061 0.127459 -1.321375 11.025046 0.004990 0.261951 -2.171077 0.087144 1.093484 -9.100404 0.000002 -0.000000 0.000003 8.077785 -0.486870 -3.806245 -0.551204 3.278898 8.544384 0.098377 -3.068567 -8.928587 0.196122 1.437319 -12.104040 0.000003 0.000001 0.000000 -8.207789 -6.751665 -1.599571 -25.010995 -3.760078 -18.064795 60.604583 -5.373350 -1.078984 -27.639337 2.815929 4.331050 -3.684025 0.000016 -0.000002 -0.000000 -0.000000 -0.000000 8.207793 -6.751693 -1.599551 -17.901285 1.330911 12.941838 51.404806 5.444700 1.644266 1.651033 -2.317195 -28.340606 -18.063965 -0.144519 3.332883 -0.000000 -0.000002 -0.000000 
-63.135883 92.107285 82.363327 -186.321208 -178.821456 188.056691 -0.000003 10.181579 0.131527 12.139968 2.019275 -13.094401 -1.468685 0.383474 2.613032 -1.493706 0.406743 2.595704 0.000009 16.740416 -2.049046 4.938981 1.620043 -1.650607 0.000002 9.617858 1.685014 18.044991 4.724683 0.660832 -0.000002 22.037369 7.501102 0.000008 0.000000 -0.000000 -4.569960 11.014943 -2.160892 2.092279 6.695933 -1.186796 2.306394 9.430306 55.529557 0.000002 26.424581 -0.000017 -12.109629 11.063859 -46.999317 -2.464800 -1.573943 2.681835 -2.591558 -5.784494 -15.442496 5.122761 -17.557623 -0.755092 -1.560140 0.883066 -1.926124 -0.000000 -0.000003 -0.000003 -9.108294 -0.517851 2.259828 0.011152 0.394892 -3.396009 0.000001 0.029295 0.000074 0.003763 -0.239576 1.883156 0.000001 0.000001 0.000002 -9.532505 -0.000037 -0.000034 0.008857 0.356264 -3.395993 0.037529 -0.666687 6.280304 0.003669 -0.266359 1.883144 -0.000001 0.000005 0.000003 -9.103584 -0.043065 -1.865149 0.008480 -0.344433 2.974275 0.020948 -0.558386 4.377738 0.004423 -0.241737 1.878053 -0.000001 0.000004 0.000003 -8.076694 -0.486716 -3.806288 0.175831 -1.558098 13.384371 -0.000005 0.096993 0.000061 0.000485 -0.285794 1.878039 -0.000000 -0.000006 -0.000002 4.570456 11.014726 -2.160857 3.466034 -7.229602 -4.812763 -3.058016 13.523606 -48.890327 -0.000087 -48.393301 -0.000035 -21.644091 11.352095 40.431318 2.466144 -1.576189 2.681738 -3.074608 10.549500 15.520753 4.126573 13.590311 1.096803 -0.821920 0.916481 2.391520 0.000005 0.000007 -0.000007 9.109298 -0.518041 2.259871 0.317004 -2.069067 17.377477 -0.000004 0.011997 -0.000035 0.009561 0.356529 -3.018621 -0.000000 0.000000 0.000000 9.533404 0.000048 0.000047 0.202961 -1.662625 13.887620 -0.000013 0.002344 0.000070 0.044867 0.787589 -6.520987 -0.000002 0.000001 0.000001 9.104529 -0.043021 -1.865069 0.109022 -1.222929 10.194664 0.006619 0.301878 -2.502292 0.090326 1.113221 -9.266074 0.000002 0.000000 0.000003 8.077786 -0.486848 -3.806250 -0.502946 3.386690 7.713971 0.105911 -3.029302 -9.259393 0.200916 1.456738 -12.269779 0.000002 0.000001 0.000001 -8.207785 -6.751670 -1.599567 -25.652208 -3.368139 -17.347192 60.479665 -5.219433 -0.401222 -27.407676 1.936526 3.844266 -3.575227 0.000007 -0.000000 -0.000000 -0.000000 0.000000 8.207789 -6.751712 -1.599557 -19.372474 1.527638 13.693769 51.654016 5.151926 1.753240 0.977932 -2.453455 -27.669262 -17.587573 -0.137479 3.076250 -0.000000 -0.000003 -0.000000 
-63.023235 92.100380 82.629959 -184.298926 -179.681486 187.312802 -0.000009 10.181566 0.131511 9.009119 1.967567 -12.123247 -1.430110 0.336506 2.724775 -1.452016 0.349614 2.711692 0.000010 16.740379 -2.049039 5.276595 1.663146 -1.727484 -0.000002 9.617883 1.685004 18.430617 4.828863 0.579992 -0.000009 22.037354 7.501099 0.000007 0.000001 -0.000000 -4.569958 11.014915 -2.160887 2.018668 6.363944 -1.252561 2.153842 6.900411 55.835502 -0.000004 27.195196 0.000007 -11.582035 8.957449 -46.175279 -2.464800 -1.573963 2.681850 -2.591562 -5.784489 -15.442486 5.122761 -17.557625 -0.755090 -1.560141 0.883063 -1.926127 0.000002 -0.000001 0.000004 -9.108287 -0.517849 2.259839 0.012419 0.416789 -3.575930 -0.000005 0.029302 0.000000 0.003738 -0.238951 1.878064 -0.000002 0.000004 0.000002 -9.532507 -0.000053 -0.000017 0.010012 0.378164 -3.575913 0.037411 -0.665447 6.270152 0.003655 -0.265747 1.878060 -0.000005 0.000001 -0.000002 -9.103595 -0.043080 -1.865130 0.008188 -0.338419 2.924960 0.020097 -0.547446 4.287778 0.004230 -0.236256 1.833074 0.000000 0.000007 -0.000002 -8.076687 -0.486700 -3.806273 0.174491 -1.552226 13.335010 -0.000005 0.097002 0.000003 0.000385 -0.280327 1.833083 -0.000000 0.000001 -0.000003 4.570451 11.014731 -2.160856 3.561229 -7.567890 -5.609664 -2.179188 13.295370 -48.440743 -0.000082 -48.111026 -0.000057 -20.449433 11.629910 38.829294 2.466129 -1.576179 2.681723 -3.074594 10.549496 15.520756 4.126569 13.590306 1.096801 -0.821915 0.916485 2.391521 -0.000000 0.000003 -0.000005 9.109310 -0.518056 2.259859 0.291169 -1.984949 16.647227 0.000001 0.012013 -0.000053 0.010587 0.375448 -3.175681 0.000001 0.000000 0.000000 9.533404 0.000035 0.000038 0.182329 -1.577077 13.157691 -0.000002 0.002336 -0.000081 0.047047 0.806438 -6.678091 0.000000 -0.000001 0.000003 9.104525 -0.043012 -1.865086 0.087612 -1.097127 9.136665 0.008993 0.351904 -2.917301 0.094420 1.137916 -9.473644 -0.000000 0.000001 0.000000 8.077787 -0.486867 -3.806273 -0.439156 3.522993 6.655554 0.115658 -2.980147 -9.673864 0.206998 1.481036 -12.477428 -0.000001 -0.000002 -0.000003 -8.207793 -6.751675 -1.599562 -27.350359 -3.638757 -16.670506 60.303289 -4.627174 -0.057326 -27.229031 1.162032 3.273732 -2.969677 0.000006 -0.000002 0.000000 -0.000001 -0.000001 8.207786 -6.751719 -1.599560 -21.731475 1.138271 14.534692 51.900425 5.137422 1.494778 0.498271 -2.784689 -26.851473 -17.353200 -0.126199 2.691529 -0.000000 -0.000002 0.000000 
-62.935047 92.105957 82.874779 -181.650616 -180.774835 186.591479 -0.000003 10.181589 0.131532 4.964319 1.884363 -11.282922 -1.117230 0.288479 2.833861 -1.135737 0.290992 2.826172 0.000008 16.740398 -2.049032 5.458407 1.661706 -1.769467 -0.000001 9.617887 1.685021 19.140413 4.757930 0.366591 -0.000002 22.037384 7.501095 -0.000003 -0.000000 0.000000 -4.569957 11.014904 -2.160883 1.931788 5.952620 -0.941712 1.905674 4.012960 55.973889 0.000001 28.574448 -0.000012 -11.438263 6.880179 -45.473016 -2.464808 -1.573995 2.681833 -2.591564 -5.784494 -15.442487 5.122755 -17.557616 -0.755102 -1.560140 0.883064 -1.926117 0.000001 0.000001 0.000002 -9.108270 -0.517891 2.259809 0.012778 0.422792 -3.625260 0.000000 0.029304 0.000000 0.003554 -0.233472 1.833095 0.000001 -0.000004 0.000001 -9.532514 -0.000083 -0.000037 0.010332 0.384170 -3.625245 0.036285 -0.654540 6.180183 0.003482 -0.260265 1.833073 -0.000001 0.000000 -0.000003 -9.103591 -0.043068 -1.865152 0.009814 -0.370521 3.188706 0.019872 -0.544453 4.263117 0.004165 -0.234745 1.820752 -0.000002 -0.000005 -0.000002 -8.076680 -0.486720 -3.806296 0.181720 -1.583560 13.598950 0.000001 0.097013 -0.000006 0.000363 -0.278811 1.820737 -0.000003 -0.000004 0.000005 4.570452 11.014711 -2.160851 3.544825 -7.537909 -6.554515 -2.298641 12.632040 -47.739891 -0.000080 -47.556777 -0.000034 -19.638599 11.615870 37.957837 2.466137 -1.576187 2.681728 -3.074603 10.549497 15.520749 4.126571 13.590300 1.096800 -0.821924 0.916486 2.391517 -0.000001 0.000004 -0.000001 9.109300 -0.518051 2.259865 0.259170 -1.874975 15.697238 -0.000003 0.012005 -0.000044 0.011847 0.397410 -3.358023 0.000001 -0.000001 0.000002 9.533395 0.000034 0.000037 0.157111 -1.465358 12.208113 0.000032 0.027726 -0.209850 0.049652 0.828274 -6.860459 0.000005 0.000000 -0.000003 9.104528 -0.043039 -1.865076 0.067558 -0.964079 8.021465 0.012521 0.415620 -3.446100 0.099729 1.169382 -9.738148 -0.000002 0.000001 -0.000000 8.077786 -0.486851 -3.806265 -0.369176 3.665415 5.539509 0.128604 -2.917639 -10.201970 0.214886 1.511969 -12.742020 -0.000001 -0.000001 -0.000003 -8.207781 -6.751684 -1.599556 -29.869042 -4.786287 -16.162215 59.947054 -3.846575 -0.356613 -27.123325 0.574973 2.781130 -2.301034 0.000002 -0.000001 -0.000000 -0.000001 0.000001 8.207795 -6.751706 -1.599553 -24.774519 0.675274 15.136027 51.970520 5.132086 1.379886 0.176749 -3.062131 -26.023304 -17.158171 -0.111894 2.267361 -0.000000 -0.000004 0.000000 
-62.825394 92.118820 83.030373 -179.141368 -181.914111 185.995067 -0.000004 10.181572 0.131514 1.069194 1.752232 -10.574019 -0.553883 0.244710 2.864658 -0.568611 0.239450 2.862097 0.000009 16.740389 -2.049046 5.414305 1.635876 -1.782293 0.000004 9.617874 1.684994 19.855187 4.588773 0.135697 -0.000006 22.037338 7.501098 0.000007 0.000000 -0.000000 -4.569959 11.014882 -2.160894 1.871202 5.626476 -0.376009 1.796955 2.047849 55.939096 -0.000015 29.853124 0.000023 -12.011193 5.983981 -44.975068 -2.464819 -1.573969 2.681841 -2.591563 -5.784493 -15.442489 5.122762 -17.557628 -0.755092 -1.560141 0.883075 -1.926121 0.000001 -0.000007 0.000006 -9.108303 -0.517871 2.259828 0.010900 0.390687 -3.361499 0.000007 0.029307 0.000001 0.003508 -0.231969 1.820754 -0.000001 -0.000002 -0.000000 -9.532514 -0.000038 -0.000033 0.008634 0.352054 -3.361486 0.035978 -0.651555 6.155511 0.003430 -0.258759 1.820745 -0.000002 0.000002 0.000001 -9.103606 -0.043072 -1.865134 0.013876 -0.440418 3.763094 0.021108 -0.560470 4.394991 0.004449 -0.242780 1.886687 -0.000001 0.000001 -0.000002 -8.076691 -0.486688 -3.806293 0.197936 -1.651655 14.173770 0.000003 0.096996 0.000007 0.000508 -0.286846 1.886672 0.000001 0.000005 0.000001 4.570453 11.014729 -2.160868 3.465035 -7.270058 -7.491675 -3.721513 12.162398 -47.144448 -0.000068 -47.443112 -0.000020 -19.503129 11.552999 37.754595 2.466145 -1.576207 2.681735 -3.074596 10.549498 15.520755 4.126574 13.590305 1.096800 -0.821908 0.916484 2.391519 0.000004 0.000000 0.000000 9.109300 -0.518037 2.259871 0.223698 -1.744256 14.573863 0.000008 0.011994 -0.000025 0.013556 0.425979 -3.595249 0.000000 0.000000 0.000001 9.533401 0.000025 0.000047 0.129699 -1.332720 11.085184 0.000485 0.084973 -0.684287 0.053117 0.856704 -7.097737 -0.000001 0.000001 -0.000002 9.104528 -0.043037 -1.865072 0.053908 -0.861660 7.165062 0.016919 0.482741 -4.003544 0.105504 1.202511 -10.016963 -0.000001 0.000001 0.000001 8.077792 -0.486856 -3.806251 -0.313563 3.773833 4.682150 0.142864 -2.851845 -10.758671 0.223361 1.544529 -13.020946 0.000001 -0.000001 -0.000001 -8.207784 -6.751681 -1.599569 -32.320459 -6.068203 -15.914780 59.525625 -3.327121 -0.798183 -27.136514 0.131960 2.392699 -1.944361 0.000005 0.000003 0.000000 -0.000001 -0.000000 8.207790 -6.751721 -1.599563 -27.767313 0.667891 15.414287 51.851688 4.787425 1.675596 -0.148132 -3.134285 -25.413239 -16.823051 -0.103677 2.045396 -0.000000 -0.000001 -0.000000 
-62.715370 92.141777 83.078911 -177.468354 -182.812404 185.631523 -0.000010 10.181588 0.131502 -1.593401 1.619457 -10.123519 0.050276 0.212730 2.836787 0.038656 0.204953 2.837597 0.000005 16.740406 -2.049039 5.236642 1.610043 -1.769276 0.000007 9.617887 1.685015 20.245604 4.452751 -0.020059 0.000014 22.037338 7.501095 0.000001 -0.000001 0.000000 -4.569963 11.014924 -2.160894 1.870173 5.575415 0.138923 1.947576 1.573906 55.965911 0.000011 30.309552 -0.000015 -12.895949 6.946429 -44.591952 -2.464815 -1.573968 2.681850 -2.591560 -5.784490 -15.442482 5.122756 -17.557618 -0.755092 -1.560138 0.883061 -1.926123 0.000001 -0.000008 0.000000 -9.108300 -0.517868 2.259839 0.007337 0.320790 -2.787101 0.000006 0.029311 0.000038 0.003764 -0.240006 1.886679 -0.000002 0.000001 0.000004 -9.532522 -0.000042 -0.000026 0.005454 0.282137 -2.787091 0.037631 -0.667525 6.287391 0.003686 -0.266804 1.886694 -0.000002 0.000003 -0.000001 -9.103601 -0.043069 -1.865130 0.020195 -0.530922 4.507635 0.023915 -0.595348 4.682209 0.005106 -0.260282 2.030277 -0.000002 0.000004 0.000001 -8.076697 -0.486704 -3.806281 0.219996 -1.739661 14.918892 0.000001 0.096998 0.000004 0.000848 -0.304343 2.030278 0.000002 -0.000001 -0.000005 4.570452 11.014734 -2.160857 3.407434 -7.075739 -8.137697 -5.814412 12.285427 -47.069835 -0.000050 -48.191755 -0.000019 -19.630466 11.555546 37.744384 2.466137 -1.576198 2.681736 -3.074594 10.549491 15.520753 4.126578 13.590302 1.096802 -0.821923 0.916480 2.391523 0.000004 0.000002 0.000000 9.109298 -0.518051 2.259868 0.193611 -1.624542 13.550099 -0.000002 0.011998 0.000001 0.015764 0.459782 -3.875847 -0.000006 -0.000001 -0.000000 9.533405 0.000026 0.000035 0.106981 -1.211397 10.061808 0.001609 0.152691 -1.245443 0.057384 0.890290 -7.378379 -0.000001 -0.000001 -0.000001 9.104524 -0.043027 -1.865078 0.047535 -0.809261 6.727567 0.020740 0.534270 -4.431687 0.110054 1.227936 -10.231112 -0.000000 -0.000000 -0.000002 8.077787 -0.486861 -3.806260 -0.284516 3.828905 4.244060 0.154244 -2.801429 -11.186206 0.229946 1.569517 -13.235190 0.000002 0.000004 0.000003 -8.207792 -6.751655 -1.599587 -33.806158 -6.452895 -15.829870 59.175195 -3.454470 -0.712412 -27.251748 -0.211784 2.129510 -1.879354 -0.000005 -0.000002 0.000000 -0.000000 0.000000 8.207784 -6.751690 -1.599572 -29.842708 1.083100 15.534748 51.599829 4.063246 2.050195 -0.522505 -3.003744 -25.037030 -16.387721 -0.105948 2.092087 -0.000000 0.000001 -0.000000 
-62.643681 92.176506 83.041969 -176.833816 -183.306527 185.519235 -0.000009 10.181578 0.131534 -2.580853 1.502523 -9.950878 0.445287 0.190739 2.754643 0.435633 0.185410 2.756690 0.000001 16.740389 -2.049051 5.075672 1.587817 -1.689558 0.000004 9.617874 1.684999 20.237569 4.468521 -0.103341 -0.000000 22.037369 7.501088 -0.000002 -0.000001 0.000000 -4.569969 11.014923 -2.160889 1.937139 5.881026 0.431631 2.191101 2.051478 56.229826 0.000005 29.886531 -0.000011 -13.352257 9.220281 -44.149274 -2.464804 -1.573957 2.681861 -2.591560 -5.784490 -15.442491 5.122755 -17.557619 -0.755096 -1.560132 0.883063 -1.926128 0.000002 -0.000001 0.000002 -9.108276 -0.517875 2.259843 0.003768 0.230120 -2.042616 -0.000003 0.029308 0.000003 0.004375 -0.257486 2.030275 -0.000001 -0.000002 -0.000003 -9.532498 -0.000047 -0.000010 0.002395 0.191444 -2.042611 0.041350 -0.702338 6.574626 0.004280 -0.284278 2.030279 -0.000001 -0.000003 -0.000004 -9.103586 -0.043054 -1.865126 0.027382 -0.618047 5.225023 0.027821 -0.640556 5.054484 0.006010 -0.282940 2.216388 -0.000002 0.000005 -0.000004 -8.076684 -0.486690 -3.806261 0.242322 -1.824198 15.636926 0.000004 0.097004 0.000046 0.001379 -0.327030 2.216385 -0.000000 0.000002 -0.000001 4.570449 11.014701 -2.160864 3.401504 -7.079696 -8.159611 -7.373718 12.641210 -47.770066 -0.000047 -49.406081 -0.000008 -19.544091 11.517074 37.958626 2.466148 -1.576193 2.681736 -3.074603 10.549494 15.520760 4.126571 13.590306 1.096801 -0.821916 0.916481 2.391514 -0.000000 0.000003 -0.000001 9.109307 -0.518034 2.259867 0.175689 -1.548640 12.903354 0.000097 0.040963 -0.240030 0.017923 0.490569 -4.131585 -0.000001 0.000001 0.000003 9.533407 0.000032 0.000038 0.093741 -1.134524 9.415283 0.003212 0.214384 -1.756892 0.061435 0.920858 -7.634136 -0.000001 -0.000002 0.000002 9.104529 -0.043007 -1.865073 0.045123 -0.788695 6.555948 0.022817 0.560573 -4.650405 0.112417 1.240924 -10.340514 -0.000002 0.000004 -0.000002 8.077799 -0.486842 -3.806262 -0.273017 3.850447 4.072193 0.160209 -2.775707 -11.404624 0.233379 1.582277 -13.344611 -0.000002 0.000003 -0.000001 -8.207787 -6.751680 -1.599549 -34.123796 -5.867223 -15.772065 58.964367 -4.030868 -0.128140 -27.373452 -0.462752 2.035714 -1.869561 -0.000001 -0.000004 -0.000000 -0.000000 -0.000000 8.207785 -6.751720 -1.599540 -30.688122 1.560188 15.623211 51.344554 3.289577 2.181593 -0.799238 -2.740892 -24.667409 -16.073126 -0.108373 2.123919 0.000000 -0.000001 -0.000000 
-62.616062 92.215111 82.939720 -177.023586 -183.456149 185.516312 -0.000009 10.181593 0.131516 -2.098886 1.339095 -9.781158 0.543887 0.167660 2.517907 0.535859 0.167837 2.519713 -0.000006 16.740383 -2.049042 4.971377 1.545160 -1.462983 0.000011 9.617908 1.684999 20.038838 4.668916 -0.184694 -0.000004 22.037338 7.501100 0.000004 -0.000001 0.000000 -4.569974 11.014901 -2.160886 2.064004 6.491067 0.649673 2.144923 2.367585 56.576110 -0.000003 29.311214 -0.000004 -13.031856 11.343497 -43.935738 -2.464793 -1.573972 2.681850 -2.591560 -5.784483 -15.442493 5.122764 -17.557619 -0.755097 -1.560139 0.883071 -1.926119 0.000003 -0.000003 -0.000003 -9.108278 -0.517869 2.259836 0.001426 0.142759 -1.325309 0.000001 0.029297 0.000004 0.005212 -0.280165 2.216405 -0.000001 -0.000004 -0.000003 -9.532489 -0.000044 -0.000021 0.000536 0.104070 -1.325307 0.046440 -0.747418 6.946932 0.005101 -0.306956 2.216396 -0.000004 -0.000006 0.000000 -9.103575 -0.043079 -1.865126 0.033302 -0.681286 5.746349 0.031855 -0.684078 5.413178 0.006957 -0.304776 2.395758 0.000001 -0.000006 0.000002 -8.076671 -0.486722 -3.806273 0.259211 -1.885434 16.158725 0.000009 0.097001 -0.000020 0.001935 -0.348882 2.395739 -0.000004 0.000006 -0.000006 4.570448 11.014744 -2.160867 3.405285 -7.075688 -7.293465 -7.658117 12.261469 -49.374994 -0.000061 -50.149735 -0.000035 -19.455239 11.454237 39.320931 2.466137 -1.576195 2.681733 -3.074606 10.549499 15.520753 4.126574 13.590316 1.096809 -0.821917 0.916481 2.391523 -0.000001 0.000000 -0.000001 9.109294 -0.518024 2.259863 0.168416 -1.516661 12.631451 0.000393 0.079959 -0.563154 0.019357 0.509990 -4.293144 -0.000001 0.000002 0.000004 9.533404 0.000047 0.000036 0.088425 -1.102181 9.143479 0.004511 0.253363 -2.080012 0.064063 0.940194 -7.795753 0.000002 -0.000000 -0.000002 9.104519 -0.043015 -1.865070 0.043857 -0.777582 6.463253 0.023679 0.570893 -4.736208 0.113339 1.246021 -10.383430 0.000003 -0.000002 -0.000004 8.077778 -0.486857 -3.806254 -0.266779 3.862072 3.979353 0.162590 -2.765624 -11.490295 0.234701 1.587282 -13.387545 0.000005 0.000008 0.000003 -8.207784 -6.751661 -1.599566 -33.666836 -5.109756 -15.670498 58.865576 -4.424393 0.429188 -27.403735 -0.703956 2.037639 -1.801228 0.000005 -0.000001 -0.000000 -0.000001 0.000001 8.207792 -6.751685 -1.599563 -30.616483 1.880191 15.690357 51.208350 2.830144 2.181614 -0.837258 -2.459723 -24.141169 -16.034335 -0.098753 1.846365 0.000000 -0.000002 -0.000000 
-62.597916 92.239708 82.771591 -177.904585 -183.439798 185.366170 -0.000006 10.181605 0.131519 -0.423027 1.056300 -9.192687 0.473547 0.135577 2.042851 0.467679 0.142271 2.043768 0.000003 16.740398 -2.049032 4.818087 1.463308 -1.060421 0.000007 9.617887 1.685016 19.885981 4.999499 -0.347355 0.000008 22.037354 7.501093 0.000006 -0.000000 0.000000 -4.569970 11.014908 -2.160876 2.239916 7.337950 1.075117 1.560116 1.796944 56.578169 0.000014 29.479192 -0.000017 -12.307842 12.101087 -44.857086 -2.464800 -1.573964 2.681851 -2.591558 -5.784488 -15.442484 5.122753 -17.557623 -0.755094 -1.560139 0.883068 -1.926120 0.000000 -0.000005 -0.000003 -9.108279 -0.517870 2.259840 0.000421 0.079219 -0.803999 -0.000001 0.029311 0.000040 0.006083 -0.302006 2.395738 0.000002 0.000001 -0.000000 -9.532507 -0.000046 -0.000025 -0.000115 0.040523 -0.803998 0.051619 -0.790815 7.305636 0.005971 -0.328805 2.395733 -0.000000 -0.000004 0.000004 -9.103589 -0.043095 -1.865126 0.036708 -0.715109 6.025215 0.034952 -0.715691 5.673860 0.007691 -0.320647 2.526057 0.000001 -0.000000 -0.000001 -8.076686 -0.486708 -3.806269 0.268488 -1.918117 16.437858 -0.000009 0.096980 0.000003 0.002399 -0.364755 2.526031 -0.000002 0.000000 0.000002 4.570449 11.014726 -2.160851 3.362375 -6.857060 -5.540682 -7.137329 10.571689 -51.896348 -0.000062 -49.941780 -0.000020 -20.165483 11.652402 42.443229 2.466141 -1.576204 2.681733 -3.074597 10.549494 15.520749 4.126577 13.590305 1.096801 -0.821921 0.916480 2.391523 0.000001 0.000001 -0.000003 9.109298 -0.518044 2.259871 0.165073 -1.501708 12.504394 0.000599 0.096354 -0.699002 0.019961 0.518184 -4.361090 -0.000007 0.000002 -0.000000 9.533404 0.000035 0.000042 0.086008 -1.087035 9.016453 0.005112 0.269731 -2.215854 0.065172 0.948326 -7.863702 -0.000002 -0.000001 -0.000001 9.104530 -0.043009 -1.865080 0.046858 -0.803578 6.680214 0.024123 0.576465 -4.782548 0.113854 1.248765 -10.406599 0.000003 0.000003 -0.000002 8.077791 -0.486878 -3.806250 -0.281347 3.834854 4.196645 0.163866 -2.760177 -11.536574 0.235440 1.589991 -13.410743 0.000002 -0.000006 0.000000 -8.207788 -6.751671 -1.599571 -32.640952 -4.779349 -15.386323 58.802738 -4.445618 0.669832 -27.355048 -0.999214 2.046346 -1.816607 0.000003 -0.000003 -0.000000 0.000000 -0.000001 8.207787 -6.751695 -1.599561 -29.886958 1.863201 15.777549 51.275139 2.833187 2.276965 -0.804143 -2.201403 -23.634905 -16.115522 -0.076327 1.339560 0.000000 0.000001 -0.000000 
-62.532604 92.233894 82.534943 -179.694532 -183.358614 184.835314 -0.000002 10.181585 0.131516 2.535486 0.662385 -7.957369 0.422944 0.097372 1.436598 0.419554 0.109532 1.436545 0.000007 16.740387 -2.049023 4.493478 1.368132 -0.578112 0.000004 9.617904 1.685006 19.789992 5.403916 -0.647710 0.000009 22.037369 7.501101 -0.000005 0.000001 -0.000000 -4.569968 11.014901 -2.160882 2.476521 8.497631 1.789403 0.546659 0.524027 55.828235 -0.000011 30.649904 0.000009 -12.173833 11.345856 -47.627131 -2.464793 -1.573980 2.681854 -2.591561 -5.784485 -15.442487 5.122762 -17.557621 -0.755096 -1.560140 0.883071 -1.926123 0.000005 -0.000006 -0.000001 -9.108274 -0.517867 2.259839 0.000127 0.045237 -0.525204 0.000004 0.029301 0.000003 0.006763 -0.317844 2.526052 0.000002 -0.000003 -0.000003 -9.532488 -0.000043 -0.000025 -0.000226 0.006537 -0.525204 0.055545 -0.822334 7.566337 0.006658 -0.344650 2.526056 -0.000000 -0.000001 -0.000001 -9.103580 -0.043076 -1.865130 0.038232 -0.729752 6.146136 0.036661 -0.732609 5.813289 0.008084 -0.329122 2.595768 0.000004 -0.000000 -0.000005 -8.076669 -0.486717 -3.806273 0.272539 -1.932295 16.558897 0.000006 0.097006 0.000043 0.002652 -0.373256 2.595749 -0.000000 0.000005 0.000000 4.570454 11.014697 -2.160845 3.302263 -6.651297 -3.298976 -6.990274 8.237334 -55.222066 -0.000085 -49.405094 -0.000054 -21.915707 11.991844 45.863347 2.466136 -1.576202 2.681762 -3.074600 10.549502 15.520756 4.126572 13.590305 1.096798 -0.821914 0.916476 2.391520 0.000005 0.000003 0.000002 9.109300 -0.518031 2.259897 0.165067 -1.501674 12.504096 0.000707 0.104018 -0.762490 0.020264 0.521994 -4.392832 -0.000001 0.000001 0.000001 9.533405 0.000033 0.000060 0.086001 -1.087020 9.016166 0.005405 0.277403 -2.279361 0.065691 0.952113 -7.895450 0.000000 0.000001 0.000002 9.104520 -0.043017 -1.865061 0.063588 -0.935528 7.782644 0.023042 0.563408 -4.674070 0.112668 1.242337 -10.352352 0.000002 0.000001 -0.000001 8.077795 -0.486867 -3.806237 -0.353849 3.695734 5.300451 0.160882 -2.772942 -11.428245 0.233731 1.583665 -13.356456 -0.000003 -0.000003 -0.000004 -8.207778 -6.751665 -1.599561 -30.701431 -4.843228 -14.680587 58.712060 -4.571977 0.686282 -27.341375 -1.230325 2.130992 -2.100094 0.000001 -0.000004 0.000000 -0.000001 -0.000000 8.207797 -6.751703 -1.599557 -28.257386 1.303029 15.948509 51.575182 3.423887 2.626135 -1.135454 -1.959943 -23.578354 -15.924065 -0.054879 0.928863 -0.000000 -0.000001 0.000000 
-62.388550 92.224541 82.247810 -182.618590 -183.210221 183.866384 -0.000009 10.181588 0.131523 6.937631 0.232425 -6.231308 0.469565 0.055855 0.962528 0.468006 0.072098 0.961928 0.000010 16.740402 -2.049039 3.990738 1.323142 -0.181169 -0.000004 9.617886 1.684997 19.554261 5.895042 -1.066900 0.000002 22.037354 7.501108 0.000000 -0.000001 -0.000000 -4.569963 11.014915 -2.160885 2.814878 10.192165 2.588676 -0.541072 -0.765057 54.159865 0.000002 32.255784 -0.000021 -13.698516 9.837481 -51.859629 -2.464819 -1.573980 2.681838 -2.591564 -5.784490 -15.442486 5.122756 -17.557618 -0.755090 -1.560134 0.883063 -1.926126 0.000001 -0.000003 0.000002 -9.108311 -0.517848 2.259825 0.000046 0.030507 -0.404303 -0.000004 0.029295 0.000010 0.007141 -0.326343 2.595759 -0.000001 -0.000004 -0.000000 -9.532517 -0.000047 -0.000029 -0.000229 -0.008192 -0.404303 0.057692 -0.839192 7.705778 0.007036 -0.353145 2.595757 -0.000004 0.000008 0.000001 -9.103612 -0.043068 -1.865134 0.038124 -0.728788 6.138134 0.037416 -0.739933 5.873764 0.008276 -0.332795 2.625976 -0.000005 0.000003 0.000005 -8.076697 -0.486718 -3.806277 0.272252 -1.931369 16.550890 -0.000000 0.096995 0.000053 0.002776 -0.376927 2.625958 -0.000002 0.000006 0.000003 4.570458 11.014724 -2.160853 3.409461 -7.052423 -1.226174 -7.785488 6.597856 -58.948057 -0.000064 -49.724102 -0.000012 -23.428845 11.588816 46.336717 2.466133 -1.576204 2.681747 -3.074604 10.549499 15.520753 4.126571 13.590304 1.096805 -0.821913 0.916490 2.391516 0.000002 0.000000 0.000000 9.109308 -0.518060 2.259871 0.180987 -1.571453 13.097545 0.000714 0.104041 -0.762642 0.020260 0.522006 -4.392904 -0.000003 -0.000004 0.000003 9.533404 0.000027 0.000054 0.097622 -1.157616 9.609397 0.005419 0.277410 -2.279507 0.065695 0.952115 -7.895513 0.000001 -0.000002 0.000003 9.104530 -0.043047 -1.865068 0.101987 -1.183067 9.859028 0.017937 0.497125 -4.122950 0.106769 1.209611 -10.076695 0.000001 -0.000002 0.000001 8.077785 -0.486859 -3.806249 -0.482976 3.430061 7.378238 0.145987 -2.837782 -10.877912 0.225184 1.551507 -13.080687 -0.000004 -0.000007 -0.000001 -8.207793 -6.751663 -1.599553 -27.431739 -4.970991 -13.376949 58.469254 -5.193903 0.639195 -27.401240 -1.332136 2.378986 -2.589938 0.000002 0.000000 -0.000000 -0.000001 -0.000000 8.207785 -6.751688 -1.599549 -25.387420 0.361285 16.157075 51.943848 4.900791 3.508865 -1.967540 -1.967050 -24.108925 -15.341281 -0.037731 0.629129 -0.000000 -0.000000 0.000000 
-62.196594 92.265228 81.967041 -186.354239 -183.053154 182.615394 -0.000006 10.181588 0.131533 12.302864 -0.190641 -4.473181 0.588722 -0.000860 0.863136 0.588247 0.023406 0.863024 0.000004 16.740372 -2.049045 3.416821 1.381848 0.019252 -0.000003 9.617866 1.685013 19.013505 6.529408 -1.494371 0.000009 22.037384 7.501088 -0.000003 -0.000000 -0.000000 -4.569967 11.014908 -2.160897 3.277048 12.527955 3.209108 -1.470459 -1.741592 51.635486 0.000014 33.585963 0.000003 -17.132766 8.190004 -56.247007 -2.464827 -1.573972 2.681838 -2.591561 -5.784493 -15.442487 5.122758 -17.557613 -0.755092 -1.560136 0.883068 -1.926121 0.000004 -0.000005 0.000002 -9.108309 -0.517857 2.259836 0.000041 0.031495 -0.412308 0.000008 0.029292 0.000034 0.007310 -0.330017 2.625983 -0.000000 -0.000005 -0.000002 -9.532525 -0.000042 -0.000029 -0.000232 -0.007203 -0.412309 0.058661 -0.846501 7.766239 0.007194 -0.356838 2.625992 0.000000 0.000007 0.000001 -9.103610 -0.043067 -1.865133 0.033336 -0.681511 5.748280 0.037365 -0.739452 5.869748 0.008260 -0.332553 2.623989 0.000001 0.000006 0.000002 -8.076705 -0.486723 -3.806284 0.259273 -1.885647 16.160658 -0.000007 0.096984 0.000118 0.002772 -0.376676 2.623955 -0.000001 -0.000000 0.000005 4.570449 11.014715 -2.160866 3.868410 -8.436968 0.114446 -8.995689 5.938560 -62.225605 -0.000074 -51.436686 -0.000031 -23.808697 9.370123 41.786216 2.466156 -1.576213 2.681738 -3.074600 10.549500 15.520749 4.126574 13.590307 1.096796 -0.821919 0.916478 2.391527 -0.000000 0.000009 -0.000007 9.109312 -0.518050 2.259866 0.228993 -1.764413 14.746759 0.000285 0.068242 -0.466124 0.018925 0.504170 -4.244641 -0.000001 -0.000000 -0.000003 9.533401 0.000019 0.000045 0.133748 -1.353170 11.258021 0.004101 0.241664 -1.982986 0.063263 0.934392 -7.747215 0.000000 -0.000000 -0.000000 9.104531 -0.043044 -1.865082 0.145210 -1.409439 11.769847 0.010063 0.372116 -3.085046 0.096093 1.147912 -9.557558 0.000001 0.000003 -0.000004 8.077790 -0.486868 -3.806254 -0.593179 3.181638 9.289020 0.119705 -2.960296 -9.841416 0.209492 1.490852 -12.561359 -0.000001 -0.000001 -0.000004 -8.207790 -6.751664 -1.599551 -23.085638 -4.980433 -11.528864 57.939593 -6.062189 0.504769 -27.449907 -1.567157 2.665193 -2.998929 0.000006 -0.000001 0.000000 -0.000001 0.000001 8.207791 -6.751698 -1.599544 -21.573550 -0.445755 16.251289 52.042780 7.202175 5.156314 -2.759702 -2.425546 -24.514292 -14.959364 0.012498 -0.206391 0.000000 -0.000000 -0.000000 
-62.044079 92.423485 81.785049 -189.898657 -183.017569 181.315458 -0.000005 10.181573 0.131511 17.304959 -0.630959 -3.177965 0.784211 -0.090574 1.261276 0.785485 -0.044531 1.262769 -0.000003 16.740404 -2.049034 2.895311 1.553828 0.010955 0.000001 9.617876 1.685008 18.217829 7.325577 -1.819690 0.000001 22.037354 7.501097 -0.000006 0.000000 -0.000000 -4.569971 11.014927 -2.160886 3.798863 15.155382 3.545966 -2.476462 -2.701710 48.482233 0.000005 34.682652 0.000002 -21.597060 5.998819 -60.005179 -2.464807 -1.573991 2.681847 -2.591558 -5.784495 -15.442484 5.122760 -17.557625 -0.755091 -1.560139 0.883073 -1.926112 0.000005 -0.000006 -0.000003 -9.108294 -0.517864 2.259830 0.000415 0.078999 -0.802094 -0.000008 0.029286 0.000042 0.007297 -0.329774 2.623981 0.000004 0.000000 -0.000000 -9.532513 -0.000046 -0.000020 -0.000123 0.040300 -0.802093 0.058592 -0.846032 7.762253 0.007187 -0.356593 2.623982 -0.000002 0.000000 0.000005 -9.103601 -0.043087 -1.865140 0.020647 -0.536862 4.556546 0.034952 -0.715807 5.674836 0.007704 -0.320692 2.526523 -0.000002 -0.000002 -0.000002 -8.076687 -0.486721 -3.806278 0.221481 -1.745433 14.967864 -0.000008 0.097004 0.000048 0.002394 -0.364824 2.526525 -0.000001 0.000004 -0.000001 4.570440 11.014704 -2.160859 4.590084 -10.505730 0.564863 -9.991506 4.695916 -64.258850 -0.000100 -53.933243 -0.000048 -25.487431 5.448437 33.978849 2.466137 -1.576208 2.681758 -3.074597 10.549492 15.520751 4.126581 13.590307 1.096809 -0.821914 0.916486 2.391512 -0.000001 -0.000008 0.000008 9.109289 -0.518036 2.259896 0.302089 -2.020973 16.959788 0.000007 0.011998 -0.000011 0.015414 0.454570 -3.832646 0.000005 -0.000000 0.000001 9.533384 0.000039 0.000067 0.191005 -1.613715 13.470115 0.001381 0.142268 -1.159054 0.056736 0.885117 -7.335192 -0.000002 -0.000001 -0.000000 9.104527 -0.043026 -1.865048 0.142482 -1.396288 11.658481 0.004804 0.257008 -2.130101 0.086752 1.091031 -9.079911 0.000004 0.000005 0.000004 8.077776 -0.486861 -3.806235 -0.586973 3.196210 9.177681 0.097462 -3.073426 -8.887656 0.195533 1.434908 -12.083537 0.000001 -0.000001 -0.000002 -8.207790 -6.751664 -1.599564 -18.687944 -4.877683 -9.362231 57.018559 -6.775205 0.201825 -27.355338 -2.211633 2.733472 -3.089787 0.000007 -0.000000 0.000000 -0.000001 -0.000000 8.207794 -6.751695 -1.599560 -17.862840 -0.874866 16.222656 51.681579 9.205031 7.145381 -2.701684 -2.787004 -23.450608 -15.613025 0.123853 -2.415299 -0.000000 -0.000001 -0.000000 
-61.938362 92.594269 81.768410 -192.154695 -183.083631 180.122730 -0.000001 10.181581 0.131528 20.528839 -1.096334 -2.554269 1.110124 -0.209248 2.116746 1.115607 -0.123846 2.119759 -0.000000 16.740417 -2.049030 2.492853 1.804506 -0.146597 0.000001 9.617878 1.685004 17.402072 8.222079 -2.054041 -0.000002 22.037369 7.501087 -0.000006 0.000000 -0.000000 -4.569966 11.014908 -2.160882 4.219360 17.252599 3.627216 -4.117786 -3.985156 45.220128 -0.000002 36.503615 -0.000017 -25.588414 2.762310 -64.017683 -2.464788 -1.573978 2.681848 -2.591562 -5.784496 -15.442489 5.122764 -17.557619 -0.755097 -1.560135 0.883068 -1.926115 -0.000000 -0.000014 -0.000004 -9.108262 -0.517874 2.259841 0.003569 0.224149 -1.993713 -0.000004 0.029299 0.000041 0.006768 -0.317906 2.526534 -0.000000 0.000001 -0.000000 -9.532495 -0.000050 -0.000027 0.002226 0.185474 -1.993707 0.055556 -0.822452 7.567294 0.006651 -0.344723 2.526541 -0.000002 0.000002 -0.000001 -9.103586 -0.043060 -1.865134 0.005806 -0.285233 2.487924 0.028085 -0.643513 5.078930 0.006059 -0.284431 2.228632 0.000005 -0.000001 0.000001 -8.076674 -0.486703 -3.806274 0.162841 -1.500271 12.897682 0.000000 0.096999 0.000030 0.001409 -0.328516 2.228625 -0.000004 0.000002 0.000000 4.570445 11.014726 -2.160842 5.246914 -12.436905 0.423933 -10.848235 0.856836 -64.982365 -0.000068 -56.191235 -0.000047 -31.401142 2.558674 27.744708 2.466125 -1.576217 2.681738 -3.074601 10.549496 15.520749 4.126574 13.590307 1.096809 -0.821921 0.916485 2.391519 0.000004 -0.000000 -0.000001 9.109285 -0.518058 2.259878 0.342733 -2.149331 18.076803 0.000005 0.011997 -0.000008 0.011297 0.388004 -3.279953 -0.000002 0.000000 -0.000006 9.533387 0.000033 0.000056 0.223745 -1.744307 14.586612 -0.000006 0.008877 -0.053749 0.048529 0.818930 -6.782401 0.000000 0.000004 0.000010 9.104503 -0.043032 -1.865058 0.077691 -1.033545 8.603308 0.005067 0.263697 -2.185742 0.087270 1.094369 -9.107756 -0.000001 -0.000002 -0.000005 8.077771 -0.486871 -3.806252 -0.406023 3.591287 6.121840 0.098698 -3.066832 -8.943250 0.196336 1.438184 -12.111374 -0.000001 -0.000003 -0.000000 -8.207778 -6.751676 -1.599560 -15.591652 -4.559051 -7.298409 56.084896 -7.124075 -0.082996 -27.104344 -3.226940 2.690075 -2.889127 0.000001 -0.000004 -0.000000 -0.000001 -0.000000 8.207796 -6.751707 -1.599551 -15.692810 -1.133220 16.262305 51.929477 10.100699 8.704052 -3.051712 -1.919061 -20.808262 -16.492477 0.037432 -1.914825 -0.000000 0.000002 -0.000000 
-61.795723 92.633530 81.896149 -192.722872 -183.015629 179.067807 0.000001 10.181595 0.131511 21.476630 -1.489241 -2.378388 1.538049 -0.320057 3.179502 1.549975 -0.189087 3.182367 -0.000000 16.740387 -2.049042 2.225756 2.072033 -0.349232 -0.000004 9.617885 1.685008 16.821122 9.111693 -2.301479 0.000005 22.037323 7.501094 -0.000003 0.000000 -0.000000 -4.569968 11.014910 -2.160885 4.381782 18.007558 3.434129 -6.564759 -5.516291 42.764426 -0.000000 40.179387 0.000000 -27.770731 -0.712629 -69.722694 -2.464804 -1.573988 2.681861 -2.591564 -5.784490 -15.442486 5.122762 -17.557618 -0.755097 -1.560138 0.883068 -1.926117 -0.000001 -0.000007 0.000001 -9.108288 -0.517879 2.259849 0.016205 0.475945 -4.062294 0.000003 0.029282 0.000029 0.005259 -0.281626 2.228618 0.000004 -0.000000 -0.000000 -9.532501 -0.000059 -0.000008 0.013463 0.437342 -4.062272 0.046780 -0.750381 6.971376 0.005165 -0.308444 2.228629 -0.000005 -0.000002 0.000001 -9.103593 -0.043112 -1.865109 -0.000026 0.004124 0.113128 0.017927 -0.517878 4.044584 0.003725 -0.221445 1.711490 -0.000003 0.000002 0.000002 -8.076693 -0.486724 -3.806274 0.106510 -1.216381 10.521567 0.000000 0.097006 0.000010 0.000140 -0.265508 1.711479 -0.000001 -0.000001 -0.000002 4.570446 11.014693 -2.160856 5.594082 -13.510012 0.186578 -11.912348 -6.155120 -65.169499 -0.000127 -57.809861 -0.000099 -40.458731 2.388407 27.178422 2.466126 -1.576187 2.681738 -3.074599 10.549491 15.520746 4.126579 13.590312 1.096795 -0.821923 0.916471 2.391521 -0.000004 -0.000001 -0.000001 9.109293 -0.518038 2.259877 0.285581 -1.966230 16.485287 0.000002 0.012006 0.000002 0.009457 0.354405 -3.001076 -0.000002 0.000000 -0.000004 9.533386 0.000040 0.000049 0.177901 -1.558053 12.995817 -0.000006 0.002336 -0.000018 0.044623 0.785501 -6.503459 0.000002 -0.000002 0.000001 9.104522 -0.043051 -1.865066 0.014666 -0.450257 3.739540 0.014563 0.447738 -3.712696 0.102488 1.185223 -9.871478 -0.000001 0.000008 0.000002 8.077779 -0.486886 -3.806248 -0.074912 4.198910 1.250196 0.135334 -2.886130 -10.468225 0.218904 1.527558 -12.875429 0.000000 0.000007 0.000001 -8.207776 -6.751684 -1.599580 -14.467314 -3.869138 -5.785940 55.589854 -7.236979 0.075462 -26.901737 -4.135882 2.703409 -2.642498 0.000002 0.000003 -0.000000 -0.000000 -0.000000 8.207802 -6.751704 -1.599566 -15.493652 -1.350012 16.405957 52.961447 9.992876 9.596850 -3.549457 -0.139621 -17.941389 -17.852863 0.000008 -0.000007 0.000000 -0.000000 -0.000000 
-61.548328 92.530884 82.093391 -192.031588 -182.514594 178.067061 -0.000000 10.181575 0.131519 20.715837 -1.623693 -2.187007 1.891287 -0.377292 4.109398 1.908791 -0.213715 4.110446 0.000001 16.740368 -2.049037 2.120041 2.304221 -0.506838 -0.000003 9.617872 1.685016 16.607009 9.914343 -2.596744 -0.000004 22.037369 7.501088 0.000008 -0.000000 0.000000 -4.569967 11.014911 -2.160886 4.261370 17.247735 2.835744 -9.150893 -7.224749 42.076062 0.000006 46.137665 -0.000009 -27.193922 -3.264171 -77.101552 -2.464800 -1.573968 2.681856 -2.591558 -5.784486 -15.442484 5.122763 -17.557621 -0.755095 -1.560136 0.883076 -1.926118 -0.000000 -0.000005 0.000002 -9.108296 -0.517880 2.259837 0.041916 0.764197 -6.437365 0.000001 0.029304 0.000011 0.003111 -0.218657 1.711488 0.000002 0.000001 -0.000002 -9.532514 -0.000040 -0.000017 0.037579 0.725740 -6.437308 0.033332 -0.625044 5.936954 0.003023 -0.245452 1.711485 -0.000001 -0.000000 0.000001 -9.103601 -0.043099 -1.865120 0.004381 0.247817 -1.886812 0.009057 -0.373442 2.857107 0.001718 -0.149120 1.117790 0.000001 0.000000 0.000001 -8.076696 -0.486720 -3.806272 0.068248 -0.975654 8.520900 0.000002 0.097005 0.000036 -0.000623 -0.193150 1.117788 -0.000000 -0.000001 -0.000000 4.570445 11.014708 -2.160853 5.630812 -13.634364 0.108490 -13.241237 -15.184499 -65.668437 -0.000110 -59.204974 -0.000058 -48.844513 3.084868 30.893916 2.466122 -1.576202 2.681732 -3.074603 10.549494 15.520748 4.126580 13.590314 1.096803 -0.821923 0.916473 2.391521 -0.000001 0.000000 -0.000006 9.109299 -0.518042 2.259871 0.158765 -1.473029 12.260949 -0.000004 0.011989 -0.000002 0.012128 0.402285 -3.398448 -0.000001 0.000002 0.000006 9.533394 0.000038 0.000057 0.081441 -1.058046 8.773099 0.000091 0.037483 -0.290742 0.050219 0.833129 -6.900913 -0.000001 -0.000003 0.000002 9.104511 -0.043033 -1.865069 0.000326 0.067888 -0.556641 0.039810 0.740052 -6.144441 0.129169 1.329500 -11.087812 -0.000001 0.000009 -0.000001 8.077784 -0.486862 -3.806250 0.260011 4.710675 -3.059739 0.203553 -2.600637 -12.896417 0.257318 1.669226 -14.092221 -0.000001 -0.000003 -0.000001 -8.207780 -6.751667 -1.599571 -14.920787 -2.713645 -4.915373 55.546500 -7.509241 0.919011 -26.828167 -4.347842 2.914190 -2.550620 0.000001 -0.000000 0.000000 -0.000001 -0.000000 8.207792 -6.751707 -1.599565 -16.463116 -1.621248 16.538593 54.060046 10.063070 10.159844 -3.759696 1.456749 -16.602586 -18.428298 0.000013 -0.000002 0.000000 -0.000001 -0.000000 
-61.209782 92.349228 82.359344 -190.767703 -181.372231 176.953877 0.000001 10.181577 0.131514 19.057707 -1.366343 -1.643351 1.989516 -0.361616 4.762635 2.008384 -0.187979 4.761791 -0.000001 16.740377 -2.049029 2.247567 2.502592 -0.621876 -0.000000 9.617898 1.684999 16.738900 10.649120 -2.841880 -0.000000 22.037354 7.501085 -0.000003 0.000001 -0.000001 -4.569968 11.014901 -2.160886 3.971205 15.635637 1.781794 -10.938511 -9.521893 43.356439 0.000004 53.860710 -0.000019 -23.100948 -5.286150 -84.232659 -2.464804 -1.573984 2.681852 -2.591562 -5.784491 -15.442489 5.122756 -17.557625 -0.755093 -1.560147 0.883075 -1.926120 0.000004 -0.000004 -0.000001 -9.108280 -0.517868 2.259829 0.072805 1.005963 -8.437792 -0.000002 0.029298 0.000036 0.001318 -0.146315 1.117777 -0.000004 0.000002 -0.000001 -9.532504 -0.000053 -0.000028 0.067132 0.967680 -8.437693 0.020668 -0.480886 4.749432 0.001277 -0.173114 1.117779 -0.000002 -0.000001 -0.000001 -9.103581 -0.043080 -1.865136 0.015553 0.466136 -3.680681 0.003909 -0.251685 1.857121 0.000626 -0.088189 0.617800 -0.000004 0.000002 -0.000004 -8.076680 -0.486709 -3.806273 0.041083 -0.758720 6.726688 -0.000007 0.096982 0.000132 -0.000661 -0.132184 0.617788 -0.000004 -0.000001 0.000002 4.570444 11.014688 -2.160845 5.509054 -13.286437 -0.006309 -14.378081 -24.595834 -66.328882 -0.000127 -60.960422 -0.000083 -52.288817 3.845882 32.491036 2.466137 -1.576217 2.681750 -3.074598 10.549495 15.520760 4.126576 13.590314 1.096799 -0.821923 0.916479 2.391521 -0.000001 -0.000004 0.000000 9.109296 -0.518050 2.259890 0.057998 -0.893706 7.384717 0.000923 0.118690 -0.884140 0.020836 0.529312 -4.453668 0.000001 -0.000004 -0.000001 9.533418 0.000027 0.000065 0.016240 -0.473651 3.898059 0.006017 0.292081 -2.401033 0.066712 0.959379 -7.956292 -0.000000 -0.000001 -0.000003 9.104540 -0.043028 -1.865064 0.007876 0.329690 -2.727219 0.072372 0.997222 -8.293001 0.155328 1.456442 -12.162481 0.000001 0.000000 0.000002 8.077800 -0.486858 -3.806238 0.443784 4.959308 -5.239603 0.273828 -2.350999 -15.041420 0.293741 1.793673 -15.167332 -0.000002 0.000004 0.000002 -8.207779 -6.751676 -1.599563 -16.146887 -1.270948 -4.273623 55.696566 -8.146506 2.093234 -26.775733 -3.678213 3.461131 -2.517699 0.000003 0.000001 0.000000 -0.000001 0.000001 8.207793 -6.751707 -1.599560 -17.593377 -2.092850 17.103168 54.925922 11.054402 10.106018 -3.939981 2.239865 -17.200761 -17.268438 0.005589 -0.731670 -0.000000 -0.000000 -0.000001 
-60.827522 92.148712 82.783440 -189.256209 -179.611299 175.607647 -0.000001 10.181585 0.131516 16.822916 -0.819867 -0.712409 1.833573 -0.294118 5.267497 1.849551 -0.128677 5.265836 0.000007 16.740391 -2.049033 2.659626 2.712142 -0.746275 -0.000002 9.617862 1.685018 17.131487 11.452889 -2.951402 -0.000006 22.037354 7.501102 -0.000003 0.000001 -0.000000 -4.569964 11.014913 -2.160884 3.691769 14.204358 0.578301 -11.659595 -12.932379 45.479149 0.000006 62.267768 0.000011 -15.622862 -7.788332 -88.323867 -2.464796 -1.573957 2.681841 -2.591560 -5.784500 -15.442491 5.122754 -17.557621 -0.755090 -1.560131 0.883064 -1.926123 0.000001 -0.000002 0.000000 -9.108270 -0.517872 2.259822 0.107692 1.221757 -10.232233 -0.000014 0.029311 0.000049 0.000413 -0.085404 0.617808 -0.000001 0.000001 0.000001 -9.532492 -0.000037 -0.000030 0.100826 1.183672 -10.232090 0.012336 -0.359289 3.749422 0.000356 -0.112195 0.617798 0.000002 -0.000002 0.000000 -9.103569 -0.043073 -1.865145 0.045398 0.795190 -6.392296 0.001103 -0.142413 0.960228 0.000087 -0.033549 0.169357 0.000004 -0.000002 -0.000002 -8.076686 -0.486680 -3.806293 0.012964 -0.429510 4.015106 -0.000006 0.096997 0.000064 -0.000266 -0.077548 0.169365 0.000001 0.000000 -0.000001 4.570448 11.014729 -2.160855 5.386299 -12.973846 -0.490280 -14.460523 -33.455738 -66.038299 -0.000109 -63.245994 -0.000071 -48.556658 5.221810 27.446343 2.466152 -1.576215 2.681737 -3.074598 10.549497 15.520751 4.126576 13.590307 1.096802 -0.821922 0.916478 2.391519 -0.000001 -0.000002 0.000001 9.109305 -0.518047 2.259870 0.017871 -0.496654 4.077036 0.012007 0.412566 -3.321240 0.033799 0.675785 -5.672309 -0.000001 -0.000003 -0.000001 9.533422 0.000046 0.000047 0.000407 -0.074889 0.590804 0.024539 0.585572 -4.838207 0.088636 1.104794 -9.175202 -0.000001 0.000000 0.000001 9.104539 -0.043035 -1.865072 0.010997 0.389791 -3.225741 0.092525 1.126606 -9.378625 0.169425 1.520388 -12.705485 0.000002 -0.000001 0.000004 8.077806 -0.486867 -3.806268 0.487323 5.015414 -5.740476 0.312887 -2.225900 -16.125096 0.313035 1.856285 -15.710583 -0.000001 -0.000000 0.000008 -8.207779 -6.751678 -1.599570 -17.697715 -0.151116 -3.369412 55.730976 -8.507878 2.849795 -26.717045 -2.724873 4.053149 -2.226954 0.000005 -0.000001 0.000000 0.000001 -0.000000 8.207793 -6.751698 -1.599563 -18.615624 -2.365095 18.030205 55.702706 10.786030 10.027505 -3.985926 4.425991 -19.215404 -16.120010 0.082645 -2.829190 -0.000000 -0.000003 -0.000001 
-60.416389 92.036880 83.399742 -187.480483 -177.540140 174.103762 -0.000002 10.181585 0.131511 14.009792 -0.341206 0.507035 1.608523 -0.219966 5.755019 1.620781 -0.074103 5.753279 -0.000002 16.740412 -2.049039 3.257984 2.953135 -0.841974 -0.000001 9.617888 1.685014 17.738006 12.481700 -3.019586 0.000002 22.037338 7.501097 0.000001 0.000001 0.000001 -4.569971 11.014935 -2.160886 3.575242 13.607221 -0.141221 -12.064005 -17.451813 46.434225 0.000014 70.240675 -0.000021 -6.232343 -10.008167 -87.947476 -2.464803 -1.573951 2.681840 -2.591557 -5.784503 -15.442487 5.122755 -17.557619 -0.755094 -1.560140 0.883070 -1.926119 0.000001 -0.000006 -0.000010 -9.108285 -0.517863 2.259824 0.173219 1.545608 -12.945133 -0.000004 0.029296 0.000054 0.000021 -0.030743 0.169348 -0.000000 0.000004 -0.000005 -9.532500 -0.000027 -0.000034 0.164551 1.507886 -12.944902 0.006656 -0.250133 2.852497 0.000025 -0.057538 0.169357 -0.000005 -0.000004 0.000005 -9.103578 -0.043073 -1.865142 0.128036 1.331035 -10.843692 -0.000014 -0.025405 0.000066 0.000099 0.049069 -0.508469 -0.000004 0.000007 -0.000001 -8.076674 -0.486709 -3.806291 0.000651 0.112545 -0.434771 -0.000003 0.096979 0.000068 0.001154 0.005082 -0.508471 0.000004 0.000000 -0.000003 4.570445 11.014726 -2.160850 5.312955 -12.831307 -1.342710 -12.964806 -41.469067 -63.930919 -0.000120 -65.925368 -0.000073 -39.341640 5.655057 16.941246 2.466107 -1.576219 2.681730 -3.074601 10.549494 15.520753 4.126571 13.590304 1.096803 -0.821917 0.916488 2.391512 -0.000001 -0.000005 0.000002 9.109273 -0.518037 2.259866 0.009188 -0.356749 2.915286 0.026645 0.611584 -4.974960 0.044381 0.775003 -6.499246 -0.000000 0.000004 0.000001 9.533367 0.000034 0.000039 0.000302 0.065280 -0.570892 0.044185 0.784140 -6.492034 0.105284 1.203173 -10.002341 0.000002 0.000007 -0.000008 9.104495 -0.043035 -1.865082 0.014975 0.455256 -3.769405 0.097510 1.156287 -9.627970 0.172766 1.535059 -12.830187 -0.000003 0.000004 0.000003 8.077764 -0.486871 -3.806257 0.535347 5.076152 -6.286773 0.322209 -2.197280 -16.374009 0.317547 1.870643 -15.835346 0.000003 0.000004 0.000003 -8.207780 -6.751660 -1.599567 -19.388701 0.183249 -2.201111 55.319304 -8.412291 2.936697 -26.568143 -1.649746 4.522005 -1.514639 -0.000003 -0.000004 0.000000 0.000001 -0.000000 8.207796 -6.751709 -1.599565 -20.011495 -2.277083 19.578418 56.693487 10.449324 9.841211 -3.560177 5.676677 -21.407187 -15.538475 0.213329 -4.570264 -0.000000 -0.000001 0.000000 
-59.868156 91.869286 84.069473 -185.525888 -175.557104 172.632785 -0.000003 10.181566 0.131517 10.918336 -0.270864 1.994072 1.534173 -0.175409 6.175492 1.545520 -0.057242 6.173347 0.000002 16.740368 -2.049039 3.779722 3.196420 -0.799493 -0.000004 9.617844 1.685015 18.529127 13.748618 -3.273744 -0.000000 22.037354 7.501088 0.000000 -0.000000 0.000001 -4.569964 11.014935 -2.160886 3.595812 13.702906 0.077223 -13.474632 -22.224790 44.640726 -0.000006 76.994947 0.000010 2.595200 -10.559880 -84.869581 -2.464799 -1.573969 2.681850 -2.591566 -5.784499 -15.442486 5.122757 -17.557616 -0.755086 -1.560141 0.883073 -1.926125 0.000003 -0.000015 -0.000006 -9.108267 -0.517873 2.259839 0.313776 2.069272 -17.399376 -0.000004 0.029301 0.000071 0.000284 0.051855 -0.508466 -0.000002 -0.000006 0.000001 -9.532498 -0.000027 -0.000015 0.302209 2.032344 -17.398961 0.001338 -0.085004 1.496830 0.000310 0.025061 -0.508473 -0.000003 0.000003 -0.000001 -9.103581 -0.043085 -1.865138 0.283088 1.967765 -16.227192 -0.000001 -0.025406 0.000064 0.002218 0.184636 -1.620923 0.000003 -0.000007 -0.000006 -8.076688 -0.486724 -3.806276 0.041942 0.766581 -5.814124 0.000013 0.096991 0.000097 0.005610 0.140581 -1.620923 0.000001 -0.000002 0.000007 4.570447 11.014709 -2.160853 5.241347 -12.706473 -2.283500 -10.250486 -48.382803 -60.144283 -0.000155 -69.037920 -0.000098 -29.330410 4.170348 5.335755 2.466144 -1.576200 2.681736 -3.074597 10.549500 15.520758 4.126577 13.590313 1.096802 -0.821921 0.916476 2.391517 -0.000003 -0.000001 -0.000003 9.109311 -0.518062 2.259866 0.007466 -0.321335 2.621423 0.033152 0.681385 -5.555880 0.048407 0.809832 -6.789725 -0.000000 -0.000001 0.000005 9.533413 0.000026 0.000039 0.000728 0.100753 -0.864745 0.052461 0.853753 -7.072966 0.111476 1.237672 -10.292882 -0.000001 -0.000001 -0.000005 9.104535 -0.043027 -1.865074 0.034643 0.691274 -5.732071 0.103065 1.188610 -9.899901 0.176418 1.551027 -12.966195 -0.000002 -0.000003 0.000004 8.077795 -0.486864 -3.806263 0.713668 5.291618 -8.259805 0.332476 -2.166108 -16.645424 0.322512 1.886272 -15.971416 0.000000 0.000002 -0.000000 -8.207784 -6.751670 -1.599559 -21.243444 0.026296 -1.289375 54.903226 -7.929795 3.047786 -26.481163 -0.452217 4.869264 -1.223563 0.000005 0.000002 0.000000 0.000001 -0.000000 8.207791 -6.751709 -1.599566 -22.488785 -2.578487 22.247557 59.498488 8.813330 8.139350 -3.255661 5.821165 -21.530290 -15.901713 0.178527 -4.181813 -0.000000 0.000001 0.000000 
