HIERARCHY
ROOT Hips
{
	OFFSET -0.000008 104.274872 1.554316
	CHANNELS 6 Xposition Yposition Zposition Xrotation Yrotation Zrotation
	JOINT Spine
	{
		OFFSET -0.000005 10.181587 0.131521
		CHANNELS 6 Xposition Yposition Zposition Xrotation Yrotation Zrotation
		JOINT Spine1
		{
			OFFSET -0.000000 9.893967 -1.470711
			CHANNELS 3 Xrotation Yrotation Zrotation
			JOINT Spine2
			{
				OFFSET -0.000000 9.220772 -1.370643
				CHANNELS 3 Xrotation Yrotation Zrotation
				JOINT Neck
				{
					OFFSET 0.000001 16.740387 -2.049035
					CHANNELS 6 Xposition Yposition Zposition Xrotation Yrotation Zrotation
					JOINT Head
					{
						OFFSET 0.000000 9.617889 1.685008
						CHANNELS 6 Xposition Yposition Zposition Xrotation Yrotation Zrotation
						JOINT HeadTop_End
						{
							OFFSET 0.000002 22.037369 7.501095
							CHANNELS 6 Xposition Yposition Zposition Xrotation Yrotation Zrotation
							End Site
							{
								OFFSET 0.000002 23.106552 -2.828258
							}
						}
					}
				}
				JOINT RightShoulder
				{
					OFFSET -4.569969 11.014908 -2.160884
					CHANNELS 6 Xposition Yposition Zposition Xrotation Yrotation Zrotation
					JOINT RightArm
					{
						OFFSET -10.592846 -0.524811 -2.232097
						CHANNELS 3 Xrotation Yrotation Zrotation
						JOINT RightForeArm
						{
							OFFSET -27.841518 0.000000 -0.000004
							CHANNELS 3 Xrotation Yrotation Zrotation
							JOINT RightHand
							{
								OFFSET -28.328838 0.000000 0.000019
								CHANNELS 3 Xrotation Yrotation Zrotation
								JOINT RightHandThumb1
								{
									OFFSET -2.464806 -1.573990 2.681852
									CHANNELS 6 Xposition Yposition Zposition Xrotation Yrotation Zrotation
									JOINT RightHandThumb2
									{
										OFFSET -3.215187 -1.872772 1.924281
										CHANNELS 3 Xrotation Yrotation Zrotation
										JOINT RightHandThumb3
										{
											OFFSET -2.654839 -1.527985 1.512611
											CHANNELS 3 Xrotation Yrotation Zrotation
											JOINT RightHandThumb4
											{
												OFFSET -2.018822 -1.152008 1.108052
												CHANNELS 3 Xrotation Yrotation Zrotation
												End Site
												{
													OFFSET -1.888100 -1.145340 1.324313
												}
											}
										}
									}
								}
								JOINT RightHandIndex1
								{
									OFFSET -9.108284 -0.517868 2.259834
									CHANNELS 6 Xposition Yposition Zposition Xrotation Yrotation Zrotation
									JOINT RightHandIndex2
									{
										OFFSET -3.699997 0.000015 0.001215
										CHANNELS 3 Xrotation Yrotation Zrotation
										JOINT RightHandIndex3
										{
											OFFSET -2.850006 0.000000 -0.000521
											CHANNELS 3 Xrotation Yrotation Zrotation
											JOINT RightHandIndex4
											{
												OFFSET -2.772186 0.000000 -0.000020
												CHANNELS 3 Xrotation Yrotation Zrotation
												End Site
												{
													OFFSET -2.772186 0.000000 -0.000502
												}
											}
										}
									}
								}
								JOINT RightHandMiddle1
								{
									OFFSET -9.532501 -0.000046 -0.000025
									CHANNELS 6 Xposition Yposition Zposition Xrotation Yrotation Zrotation
									JOINT RightHandMiddle2
									{
										OFFSET -3.699997 0.000015 0.003713
										CHANNELS 3 Xrotation Yrotation Zrotation
										JOINT RightHandMiddle3
										{
											OFFSET -2.949997 0.000000 -0.002054
											CHANNELS 3 Xrotation Yrotation Zrotation
											JOINT RightHandMiddle4
											{
												OFFSET -2.946632 0.000015 -0.000155
												CHANNELS 3 Xrotation Yrotation Zrotation
												End Site
												{
													OFFSET -2.946625 0.000000 -0.001135
												}
											}
										}
									}
								}
								JOINT RightHandRing1
								{
									OFFSET -9.103592 -0.043076 -1.865134
									CHANNELS 6 Xposition Yposition Zposition Xrotation Yrotation Zrotation
									JOINT RightHandRing2
									{
										OFFSET -3.379272 0.000000 -0.001054
										CHANNELS 3 Xrotation Yrotation Zrotation
										JOINT RightHandRing3
										{
											OFFSET -2.889687 0.000000 0.000379
											CHANNELS 3 Xrotation Yrotation Zrotation
											JOINT RightHandRing4
											{
												OFFSET -2.638817 0.000000 0.000942
												CHANNELS 3 Xrotation Yrotation Zrotation
												End Site
												{
													OFFSET -2.638802 0.000000 0.005160
												}
											}
										}
									}
								}
								JOINT RightHandPinky1
								{
									OFFSET -8.076675 -0.486710 -3.806279
									CHANNELS 6 Xposition Yposition Zposition Xrotation Yrotation Zrotation
									JOINT RightHandPinky2
									{
										OFFSET -3.599998 -0.000031 -0.003747
										CHANNELS 3 Xrotation Yrotation Zrotation
										JOINT RightHandPinky3
										{
											OFFSET -2.099991 -0.000015 -0.005740
											CHANNELS 3 Xrotation Yrotation Zrotation
											JOINT RightHandPinky4
											{
												OFFSET -2.115776 -0.000015 -0.003680
												CHANNELS 3 Xrotation Yrotation Zrotation
												End Site
												{
													OFFSET -2.115784 -0.000015 -0.003507
												}
											}
										}
									}
								}
							}
						}
					}
				}
				JOINT LeftShoulder
				{
					OFFSET 4.570447 11.014709 -2.160855
					CHANNELS 6 Xposition Yposition Zposition Xrotation Yrotation Zrotation
					JOINT LeftArm
					{
						OFFSET 10.592369 -0.524597 -2.232120
						CHANNELS 3 Xrotation Yrotation Zrotation
						JOINT LeftForeArm
						{
							OFFSET 27.841522 -0.000031 0.000023
							CHANNELS 3 Xrotation Yrotation Zrotation
							JOINT LeftHand
							{
								OFFSET 28.328835 -0.000031 0.000018
								CHANNELS 3 Xrotation Yrotation Zrotation
								JOINT LeftHandThumb1
								{
									OFFSET 2.466141 -1.576187 2.681734
									CHANNELS 6 Xposition Yposition Zposition Xrotation Yrotation Zrotation
									JOINT LeftHandThumb2
									{
										OFFSET 3.217804 -1.872055 1.916487
										CHANNELS 3 Xrotation Yrotation Zrotation
										JOINT LeftHandThumb3
										{
											OFFSET 2.656013 -1.528809 1.514505
											CHANNELS 3 Xrotation Yrotation Zrotation
											JOINT LeftHandThumb4
											{
												OFFSET 2.020889 -1.154068 1.115134
												CHANNELS 3 Xrotation Yrotation Zrotation
												End Site
												{
													OFFSET 1.908852 -1.150833 1.300489
												}
											}
										}
									}
								}
								JOINT LeftHandIndex1
								{
									OFFSET 9.109306 -0.518036 2.259871
									CHANNELS 6 Xposition Yposition Zposition Xrotation Yrotation Zrotation
									JOINT LeftHandIndex2
									{
										OFFSET 3.699997 -0.000015 -0.000323
										CHANNELS 3 Xrotation Yrotation Zrotation
										JOINT LeftHandIndex3
										{
											OFFSET 2.850006 -0.000015 0.000350
											CHANNELS 3 Xrotation Yrotation Zrotation
											JOINT LeftHandIndex4
											{
												OFFSET 2.774864 0.000000 -0.000027
												CHANNELS 3 Xrotation Yrotation Zrotation
												End Site
												{
													OFFSET 2.774872 -0.000015 -0.000099
												}
											}
										}
									}
								}
								JOINT LeftHandMiddle1
								{
									OFFSET 9.533401 0.000031 0.000044
									CHANNELS 6 Xposition Yposition Zposition Xrotation Yrotation Zrotation
									JOINT LeftHandMiddle2
									{
										OFFSET 3.699997 -0.000015 -0.000231
										CHANNELS 3 Xrotation Yrotation Zrotation
										JOINT LeftHandMiddle3
										{
											OFFSET 2.950005 0.000000 -0.000060
											CHANNELS 3 Xrotation Yrotation Zrotation
											JOINT LeftHandMiddle4
											{
												OFFSET 2.952858 0.000000 0.000063
												CHANNELS 3 Xrotation Yrotation Zrotation
												End Site
												{
													OFFSET 2.952866 0.000000 0.000228
												}
											}
										}
									}
								}
								JOINT LeftHandRing1
								{
									OFFSET 9.104530 -0.043030 -1.865074
									CHANNELS 6 Xposition Yposition Zposition Xrotation Yrotation Zrotation
									JOINT LeftHandRing2
									{
										OFFSET 3.150002 -0.000015 0.000042
										CHANNELS 3 Xrotation Yrotation Zrotation
										JOINT LeftHandRing3
										{
											OFFSET 2.949997 0.000000 0.000037
											CHANNELS 3 Xrotation Yrotation Zrotation
											JOINT LeftHandRing4
											{
												OFFSET 2.644318 -0.000015 0.000059
												CHANNELS 3 Xrotation Yrotation Zrotation
												End Site
												{
													OFFSET 2.644318 0.000000 0.000121
												}
											}
										}
									}
								}
								JOINT LeftHandPinky1
								{
									OFFSET 8.077782 -0.486877 -3.806256
									CHANNELS 6 Xposition Yposition Zposition Xrotation Yrotation Zrotation
									JOINT LeftHandPinky2
									{
										OFFSET 3.599968 0.000031 0.014726
										CHANNELS 3 Xrotation Yrotation Zrotation
										JOINT LeftHandPinky3
										{
											OFFSET 2.099991 0.000015 0.007705
											CHANNELS 3 Xrotation Yrotation Zrotation
											JOINT LeftHandPinky4
											{
												OFFSET 2.125511 0.000015 0.007514
												CHANNELS 3 Xrotation Yrotation Zrotation
												End Site
												{
													OFFSET 2.125526 0.000015 0.006258
												}
											}
										}
									}
								}
							}
						}
					}
				}
			}
		}
	}
	JOINT RightUpLeg
	{
		OFFSET -8.207787 -6.751671 -1.599560
		CHANNELS 6 Xposition Yposition Zposition Xrotation Yrotation Zrotation
		JOINT RightLeg
		{
			OFFSET -0.000001 -44.370113 0.345939
			CHANNELS 3 Xrotation Yrotation Zrotation
			JOINT RightFoot
			{
				OFFSET 0.000001 -44.423676 -3.043536
				CHANNELS 3 Xrotation Yrotation Zrotation
				JOINT RightToeBase
				{
					OFFSET -0.000003 -8.728670 10.710561
					CHANNELS 3 Xrotation Yrotation Zrotation
					JOINT RightToe_End
					{
						OFFSET -0.000003 -0.000677 9.278120
						CHANNELS 3 Xrotation Yrotation Zrotation
						End Site
						{
							OFFSET -0.000003 -0.000677 9.278120
						}
					}
				}
			}
		}
	}
	JOINT LeftUpLeg
	{
		OFFSET 8.207791 -6.751701 -1.599555
		CHANNELS 6 Xposition Yposition Zposition Xrotation Yrotation Zrotation
		JOINT LeftLeg
		{
			OFFSET -0.000002 -44.370033 0.346958
			CHANNELS 3 Xrotation Yrotation Zrotation
			JOINT LeftFoot
			{
				OFFSET 0.000000 -44.423653 -3.044392
				CHANNELS 3 Xrotation Yrotation Zrotation
				JOINT LeftToeBase
				{
					OFFSET -0.000003 -8.728668 10.710560
					CHANNELS 3 Xrotation Yrotation Zrotation
					JOINT LeftToe_End
					{
						OFFSET -0.000003 -0.000677 9.278137
						CHANNELS 3 Xrotation Yrotation Zrotation
						End Site
						{
							OFFSET -0.000003 -0.000677 9.278137
						}
					}
				}
			}
		}
	}
}
MOTION
Frames: 250
Frame Time: 0.033333
0.493587 100.006340 0.758178 -12.047386 -0.813542 -5.373804 -0.000005 10.181591 0.131522 4.800406 1.335773 -0.884979 5.735322 1.866936 0.400396 5.754390 1.803568 0.381924 0.000002 16.740393 -2.049035 0.687359 0.021292 3.402450 0.000000 9.617869 1.685008 2.149338 5.648724 0.270851 0.000002 22.037338 7.501092 0.000001 -0.000000 -0.000000 -4.569971 11.014886 -2.160884 0.030449 2.412987 20.456917 -23.355776 19.423904 53.650473 0.000020 115.992991 -0.000026 16.957973 14.834976 14.500271 -2.464814 -1.573967 2.681855 15.362152 -20.008757 2.451364 5.252371 -10.538668 -2.385894 2.711548 -24.972071 -22.634682 0.000000 -0.000004 0.000002 -9.108294 -0.517863 2.259837 9.891812 8.121710 13.463090 1.138789 -3.034544 41.029080 1.438483 -3.378322 46.252275 0.000000 0.000000 0.000000 -9.532512 -0.000041 -0.000022 -0.784534 -0.937499 20.848623 1.618352 -3.473784 49.727800 2.468258 -4.151731 61.973271 -0.000002 -0.000000 0.000007 -9.103594 -0.043074 -1.865130 1.776673 -6.348821 32.400013 1.744102 -3.653216 51.155757 1.932929 -3.771396 53.917254 -0.000000 -0.000000 0.000009 -8.076704 -0.486689 -3.806276 -10.059015 -15.716390 34.030700 2.332039 -4.098989 61.959146 2.022599 -3.999382 56.749323 -0.000003 -0.000003 -0.000016 4.570446 11.014727 -2.160856 -0.180995 11.564681 -10.299336 7.495123 -22.462803 -58.625406 -0.000127 -63.695769 -0.000091 10.057519 1.997063 8.122062 2.466136 -1.576202 2.681735 4.621986 20.773634 14.639856 -2.134483 0.477798 -2.324238 -10.273382 -8.234534 10.857468 -0.000003 0.000001 -0.000003 9.109314 -0.518029 2.259862 4.458918 2.887475 -15.725701 2.425923 4.751592 -54.053974 2.515858 4.803160 -55.207623 -0.000001 -0.000001 -0.000003 9.533415 0.000027 0.000041 0.715524 5.043738 -27.024344 2.320429 4.672364 -52.848865 3.601418 5.403922 -67.341820 -0.000002 -0.000002 -0.000003 9.104548 -0.043032 -1.865081 2.322631 7.095003 -42.374531 2.349308 4.689744 -53.184183 3.384668 5.306785 -65.023913 -0.000000 0.000002 -0.000001 8.077815 -0.486883 -3.806269 -11.702190 14.077040 -38.993936 4.004980 5.324022 -69.541004 3.972225 5.336726 -69.276123 0.000000 -0.000012 -0.000001 -8.207788 -6.751654 -1.599558 4.890279 -2.343114 1.237817 27.430395 0.702252 2.067614 -18.156443 -0.107898 0.757768 -1.564026 0.000001 -0.000001 -0.000000 -0.000000 -0.000000 8.207790 -6.751692 -1.599554 -7.732356 10.924154 18.065905 33.548841 -1.023927 9.530610 -17.641974 1.493275 -7.130469 0.005655 0.000001 0.000004 0.000000 0.000000 -0.000000 
1.025780 101.038872 0.786681 -9.040308 -4.333119 -5.973360 -0.000004 10.181572 0.131520 2.640046 1.588473 0.380004 4.942522 2.431507 0.224782 4.984989 2.328663 0.259434 -0.000001 16.740393 -2.049036 -0.568997 -0.176870 4.132095 0.000000 9.617906 1.685006 -1.054590 5.670862 1.228341 0.000001 22.037323 7.501094 -0.000001 0.000000 -0.000000 -4.569975 11.014913 -2.160883 -0.010821 2.458244 21.725206 -24.533520 20.558927 53.600268 0.000000 117.299306 -0.000012 14.777492 15.424867 14.017692 -2.464809 -1.573974 2.681859 15.359528 -20.009099 2.446104 5.252377 -10.538666 -2.385874 2.711546 -24.972068 -22.634695 0.000003 -0.000009 0.000006 -9.108289 -0.517862 2.259835 9.892985 8.113510 13.560582 1.144008 -3.040547 41.126919 1.444257 -3.383814 46.350436 -0.000002 0.000002 -0.000005 -9.532518 -0.000026 -0.000023 -0.788379 -0.942792 20.946227 1.624368 -3.478946 49.825530 2.475292 -4.155482 62.071441 0.000001 0.000005 0.000003 -9.103595 -0.043077 -1.865131 1.765950 -6.325911 32.504057 1.749568 -3.657616 51.241964 1.938863 -3.775646 54.007139 0.000001 -0.000006 0.000002 -8.076702 -0.486697 -3.806279 -10.068508 -15.695191 34.145745 2.337205 -4.101956 62.032365 2.029100 -4.003837 56.846408 -0.000000 -0.000003 -0.000005 4.570448 11.014699 -2.160855 -0.540464 13.997271 -6.945342 14.895126 -27.565689 -55.527051 -0.000099 -63.312193 -0.000047 12.843341 6.332403 5.930935 2.466127 -1.576219 2.681741 4.623122 20.779956 14.640939 -2.134489 0.477801 -2.324221 -10.271913 -8.227667 10.859675 0.000003 0.000004 0.000000 9.109305 -0.518041 2.259869 4.460587 2.892812 -15.790899 2.431328 4.755474 -54.119383 2.521353 4.806962 -55.273203 -0.000001 0.000003 0.000009 9.533408 0.000030 0.000045 0.718606 5.049660 -27.089741 2.325761 4.676356 -52.914162 3.607633 5.406504 -67.407847 0.000000 0.000003 -0.000001 9.104524 -0.043034 -1.865073 2.325683 7.096503 -42.440231 2.354628 4.693717 -53.249224 3.390720 5.309566 -65.089148 0.000003 0.000001 0.000009 8.077799 -0.486881 -3.806265 -11.699178 14.085113 -39.060182 4.011346 5.326126 -69.606827 3.978553 5.338875 -69.341651 -0.000000 0.000005 -0.000003 -8.207787 -6.751687 -1.599559 3.428847 -1.675461 1.112042 22.429351 3.689884 1.640540 -14.775844 -0.248251 1.321383 -2.089857 -0.000001 0.000000 0.000000 0.000000 -0.000000 8.207791 -6.751712 -1.599555 -7.223132 11.042006 18.089307 28.449613 2.314111 9.587840 -16.514206 1.078778 -5.488421 0.005656 -0.000005 0.000003 0.000000 -0.000002 -0.000001 
1.722160 101.764961 0.609732 -6.081570 -8.088992 -6.482383 -0.000005 10.181594 0.131522 1.439929 1.739695 1.825139 4.293083 2.999353 0.104652 4.372610 2.858761 0.206754 -0.000001 16.740400 -2.049037 -2.289069 -0.366523 4.949982 0.000000 9.617853 1.685012 -6.450780 5.418911 3.429170 0.000003 22.037369 7.501098 0.000000 -0.000000 -0.000000 -4.569969 11.014938 -2.160885 0.054273 2.109256 22.208966 -25.979866 21.587549 54.492885 -0.000025 118.914973 0.000004 12.035208 15.980553 13.631934 -2.464793 -1.573972 2.681862 15.349301 -20.010395 2.425595 5.252371 -10.538660 -2.385863 2.711551 -24.972066 -22.634694 -0.000000 -0.000008 0.000000 -9.108259 -0.517880 2.259832 9.884505 8.089359 13.843287 1.159069 -3.057773 41.408370 1.460849 -3.399565 46.631822 0.000001 -0.000001 0.000000 -9.532486 -0.000057 -0.000025 -0.800928 -0.954158 21.227352 1.641761 -3.493797 50.106770 2.495649 -4.166183 62.354648 0.000000 -0.000002 -0.000002 -9.103561 -0.043087 -1.865130 1.737590 -6.264779 32.804251 1.765331 -3.670132 51.490016 1.956170 -3.788033 54.269258 0.000004 -0.000003 -0.000007 -8.076658 -0.486716 -3.806278 -10.096743 -15.634294 34.477050 2.352007 -4.110423 62.242264 2.048045 -4.016678 57.127907 0.000002 0.000001 -0.000006 4.570446 11.014740 -2.160857 -0.974738 16.425109 -3.968011 22.418614 -32.657580 -50.715200 -0.000152 -64.734614 -0.000107 18.541983 8.219553 0.927427 2.466147 -1.576202 2.681735 4.622544 20.776749 14.640398 -2.134483 0.477805 -2.324231 -10.272705 -8.231350 10.858478 -0.000003 0.000004 -0.000001 9.109300 -0.518043 2.259875 4.465288 2.907692 -15.982207 2.447262 4.766894 -54.311496 2.537459 4.818044 -55.464968 -0.000000 -0.000007 -0.000005 9.533415 0.000031 0.000044 0.727617 5.066994 -27.281036 2.341396 4.688134 -53.106271 3.625759 5.413978 -67.599905 -0.000001 -0.000004 -0.000008 9.104527 -0.043038 -1.865070 2.332325 7.098408 -42.633255 2.370290 4.705316 -53.440459 3.408468 5.317755 -65.280803 0.000002 -0.000000 -0.000005 8.077806 -0.486869 -3.806263 -11.688676 14.110828 -39.253661 4.030019 5.332246 -69.799452 3.997220 5.345120 -69.534550 0.000002 0.000003 -0.000008 -8.207786 -6.751678 -1.599561 1.709681 -0.932957 1.217974 17.816859 6.543022 1.159941 -12.001271 -0.334388 1.652247 -1.779172 -0.000002 -0.000001 0.000000 0.000000 -0.000000 8.207789 -6.751692 -1.599556 -6.616003 11.174726 17.866989 23.527584 2.637437 9.479405 -15.339268 0.776943 -4.081189 0.005643 0.000000 -0.000006 -0.000000 0.000000 -0.000000 
2.509743 101.941635 0.163627 -3.295370 -11.985072 -6.638995 -0.000005 10.181595 0.131521 1.166319 1.589392 2.305410 3.833427 3.307121 0.499708 3.945524 3.111495 0.647547 -0.000001 16.740377 -2.049036 -4.099587 -0.379196 5.903646 -0.000001 9.617888 1.685016 -13.459782 5.498154 6.754030 0.000005 22.037384 7.501094 0.000001 0.000000 0.000001 -4.569977 11.014917 -2.160884 0.106056 2.038472 22.433408 -28.018180 22.880782 55.412799 -0.000011 120.067322 0.000009 8.334251 16.809369 13.341660 -2.464812 -1.573976 2.681860 15.333110 -20.012470 2.393108 5.252375 -10.538666 -2.385867 2.711540 -24.972075 -22.634702 0.000007 -0.000012 -0.000003 -9.108258 -0.517861 2.259838 9.871730 8.051016 14.292762 1.183222 -3.085012 41.856198 1.487431 -3.424438 47.079927 -0.000002 -0.000003 -0.000004 -9.532504 -0.000062 -0.000020 -0.820847 -0.972598 21.674511 1.669575 -3.517220 50.554383 2.528096 -4.182993 62.804634 0.000001 -0.000001 0.000004 -9.103580 -0.043075 -1.865128 1.690698 -6.167952 33.281975 1.790419 -3.689843 51.882653 1.984098 -3.807751 54.690038 -0.000001 -0.000004 -0.000002 -8.076689 -0.486721 -3.806277 -10.144151 -15.538650 35.003371 2.375617 -4.123741 62.575809 2.078390 -4.036990 57.577450 0.000000 0.000009 -0.000005 4.570445 11.014734 -2.160854 -1.364032 18.224813 -2.002522 30.578788 -36.078838 -44.751198 -0.000138 -68.173320 -0.000101 20.148758 9.460768 -1.329909 2.466145 -1.576204 2.681737 4.624808 20.789281 14.642551 -2.134490 0.477817 -2.324238 -10.270066 -8.218944 10.862495 -0.000004 -0.000001 0.000004 9.109302 -0.518063 2.259873 4.471654 2.926893 -16.293625 2.473232 4.785342 -54.623898 2.563805 4.836022 -55.777500 -0.000001 -0.000003 0.000008 9.533414 0.000030 0.000043 0.742427 5.095164 -27.592494 2.366985 4.707158 -53.418780 3.655294 5.425998 -67.912742 -0.000002 -0.000005 -0.000005 9.104533 -0.043038 -1.865072 2.345314 7.104004 -42.947280 2.395822 4.724065 -53.750997 3.437504 5.330975 -65.593735 -0.000002 -0.000000 -0.000008 8.077814 -0.486885 -3.806269 -11.671630 14.152843 -39.568577 4.060480 5.342104 -70.113278 4.027599 5.355139 -69.848315 -0.000001 0.000001 -0.000001 -8.207788 -6.751665 -1.599560 -1.375876 -0.791628 0.950338 15.967977 9.370677 0.987294 -10.693144 0.197840 2.430287 -1.061988 0.000003 0.000000 -0.000000 0.000000 -0.000000 8.207788 -6.751712 -1.599555 -6.989447 11.265707 17.497266 20.412862 2.729810 9.186959 -14.531723 0.856719 -4.655109 0.005653 0.000003 -0.000003 -0.000000 -0.000000 -0.000001 
3.392057 101.600769 -0.517281 -1.152006 -15.726396 -6.531113 -0.000004 10.181594 0.131520 1.737749 1.269063 1.630823 3.709652 3.381363 1.307660 3.833414 3.117964 1.463750 0.000001 16.740427 -2.049036 -5.648193 -0.287100 7.073616 0.000007 9.617851 1.685016 -19.994327 5.867335 10.668882 0.000001 22.037338 7.501093 0.000005 0.000000 0.000000 -4.569968 11.014908 -2.160884 0.090456 2.468138 22.478064 -30.372943 23.891448 56.304722 -0.000035 120.409610 0.000053 5.849436 18.107643 12.353885 -2.464825 -1.573976 2.681859 15.310596 -20.015338 2.347968 5.252359 -10.538652 -2.385880 2.711545 -24.972068 -22.634692 0.000001 -0.000006 0.000004 -9.108298 -0.517867 2.259840 9.856036 8.000046 14.891373 1.215717 -3.121030 42.452942 1.523150 -3.457238 47.676752 0.000003 -0.000002 0.000004 -9.532523 -0.000041 -0.000021 -0.846092 -1.000814 22.269309 1.706952 -3.548126 51.151406 2.571584 -4.205020 63.404912 -0.000002 -0.000004 0.000004 -9.103611 -0.043071 -1.865130 1.622991 -6.036960 33.919723 1.823899 -3.715727 52.403626 2.021694 -3.833793 55.252966 0.000002 0.000001 -0.000001 -8.076699 -0.486711 -3.806275 -10.211851 -15.413859 35.702816 2.407194 -4.141289 63.020503 2.119234 -4.063816 58.178937 -0.000002 -0.000004 -0.000004 4.570447 11.014702 -2.160855 -1.481853 18.181552 -1.465414 38.326589 -36.477984 -38.964805 -0.000181 -72.973167 -0.000156 15.143911 11.297940 -0.685232 2.466143 -1.576204 2.681742 4.621687 20.772104 14.639570 -2.123279 0.475438 -2.323527 -10.273714 -8.236128 10.856946 0.000003 0.000002 -0.000001 9.109322 -0.518041 2.259877 4.480688 2.953297 -16.718925 2.508910 4.810314 -55.050676 2.599917 4.860308 -56.204220 0.000001 0.000002 -0.000003 9.533416 0.000032 0.000048 0.762904 5.133506 -28.018107 2.402065 4.732915 -53.845229 3.695762 5.442159 -68.340161 -0.000000 -0.000001 -0.000006 9.104533 -0.043046 -1.865066 2.362356 7.110923 -43.376807 2.430872 4.749479 -54.175104 3.477232 5.348730 -66.020479 -0.000001 0.000004 -0.000002 8.077804 -0.486892 -3.806267 -11.648404 14.210550 -39.998394 4.102194 5.355301 -70.542050 4.069129 5.368547 -70.276035 0.000002 -0.000001 -0.000004 -8.207786 -6.751670 -1.599560 -5.370630 -0.748448 0.531758 17.059873 9.189528 0.857123 -10.770454 3.683212 3.197213 -0.572932 -0.000003 0.000000 0.000000 -0.000000 -0.000000 8.207793 -6.751703 -1.599555 -8.333556 10.888954 17.207191 20.390792 2.705359 8.916233 -14.719718 1.534073 -8.903845 0.005655 0.000002 0.000002 -0.000000 -0.000000 -0.000000 
4.419313 101.038635 -1.310647 -0.439980 -18.844401 -6.808569 -0.000004 10.181572 0.131521 3.181538 0.912431 0.685689 3.982419 3.232346 2.300098 4.103684 2.899230 2.416617 0.000002 16.740372 -2.049034 -6.736110 -0.069521 8.045937 0.000002 9.617892 1.685009 -23.623442 6.879806 14.498905 -0.000003 22.037338 7.501090 0.000001 -0.000001 0.000001 -4.569974 11.014891 -2.160881 0.035229 3.139152 22.476645 -32.749784 24.521646 57.166730 -0.000029 119.475117 0.000012 4.690893 19.520054 12.225288 -2.464822 -1.573992 2.681853 15.282955 -20.018810 2.292538 5.252377 -10.538668 -2.385856 2.711549 -24.972080 -22.634678 0.000002 0.000006 -0.000002 -9.108302 -0.517847 2.259837 9.839123 7.938033 15.621262 1.255858 -3.164489 43.180920 1.567214 -3.496797 48.405581 0.000002 0.000003 -0.000002 -9.532507 -0.000037 -0.000026 -0.876634 -1.036398 22.994913 1.752995 -3.585322 51.879883 2.624990 -4.231316 64.137908 0.000001 -0.000003 0.000004 -9.103611 -0.043055 -1.865131 1.536077 -5.879977 34.697504 1.864986 -3.746840 53.037911 2.068187 -3.865264 55.944188 -0.000000 -0.000004 -0.000003 -8.076697 -0.486717 -3.806280 -10.298923 -15.263977 36.554199 2.445932 -4.162392 63.563113 2.169800 -4.096140 58.917615 -0.000001 -0.000008 -0.000005 4.570448 11.014683 -2.160853 -1.303026 17.458124 -2.124128 43.722756 -35.579456 -34.379501 -0.000233 -77.111080 -0.000217 10.972976 11.939184 -0.057844 2.466144 -1.576206 2.681735 4.624458 20.787508 14.642262 -2.127082 0.476237 -2.323772 -10.257195 -8.223441 10.864212 0.000002 0.000003 -0.000005 9.109302 -0.518039 2.259870 4.492621 2.986714 -17.251624 2.553812 4.841201 -55.584991 2.645432 4.890358 -56.738907 -0.000001 -0.000001 -0.000003 9.533394 0.000022 0.000047 0.788967 5.181273 -28.551077 2.446267 4.764818 -54.379671 3.746629 5.461974 -68.875689 -0.000001 -0.000001 -0.000003 9.104533 -0.043040 -1.865076 2.382873 7.118862 -43.914694 2.474988 4.780891 -54.706315 3.527244 5.370600 -66.555774 0.000000 -0.000000 0.000005 8.077787 -0.486875 -3.806264 -11.619414 14.283284 -40.536199 4.154590 5.371391 -71.079422 4.121342 5.384929 -70.812423 -0.000001 0.000001 0.000001 -8.207785 -6.751695 -1.599561 -8.601988 0.144444 0.853008 19.598635 9.058317 0.096820 -11.451127 5.678530 4.007033 -0.344017 -0.000003 0.000000 -0.000000 0.000000 -0.000000 8.207791 -6.751717 -1.599555 -9.328328 10.610038 17.173612 21.770470 3.616136 9.083544 -15.540743 2.415561 -13.239000 0.005654 -0.000003 0.000003 0.000000 -0.000000 -0.000001 
5.604533 100.453362 -1.910577 -1.070944 -20.976435 -7.668364 -0.000004 10.181591 0.131521 4.581255 0.515108 -0.073871 4.644813 2.738308 3.373996 4.754795 2.329340 3.427977 -0.000001 16.740374 -2.049033 -6.881015 0.366634 8.467027 0.000008 9.617898 1.685016 -23.816035 8.591186 17.924453 0.000001 22.037338 7.501088 0.000001 0.000000 0.000001 -4.569974 11.014890 -2.160882 -0.057448 3.626906 23.229817 -34.447762 25.863377 57.105801 -0.000014 116.798038 -0.000008 3.962769 20.628770 12.642548 -2.464827 -1.573962 2.681852 15.250455 -20.022879 2.227363 5.252390 -10.538675 -2.385882 2.711535 -24.972048 -22.634690 0.000005 -0.000009 0.000001 -9.108289 -0.517867 2.259831 9.822498 7.866611 16.464750 1.302982 -3.214103 44.022888 1.618792 -3.541810 49.248157 0.000003 0.000001 -0.000004 -9.532512 -0.000041 -0.000026 -0.911525 -1.079177 23.833728 1.806880 -3.627592 52.722756 2.687152 -4.260847 64.985411 0.000001 -0.000002 0.000003 -9.103580 -0.043093 -1.865134 1.429698 -5.702350 35.596443 1.912816 -3.782155 53.770005 2.122777 -3.901190 56.748890 -0.000001 -0.000006 -0.000006 -8.076715 -0.486718 -3.806281 -10.409919 -15.097180 37.534587 2.490990 -4.186308 64.191095 2.229209 -4.133002 59.778403 0.000001 -0.000002 -0.000002 4.570447 11.014714 -2.160854 -1.058523 16.601384 -3.346685 45.541157 -34.266202 -32.098867 -0.000372 -80.351008 -0.000345 12.664492 12.835652 -3.435003 2.466148 -1.576204 2.681736 4.623067 20.779742 14.640915 -2.123614 0.475504 -2.323555 -10.261453 -8.229954 10.861461 0.000000 0.000004 -0.000001 9.109305 -0.518030 2.259874 4.507454 3.026179 -17.885902 2.607658 4.877425 -56.221234 2.699965 4.925578 -57.375474 0.000001 0.000001 -0.000002 9.533408 0.000019 0.000045 0.820573 5.237851 -29.185709 2.499269 4.802234 -55.015777 3.807432 5.484965 -69.513226 0.000001 0.000003 0.000012 9.104529 -0.043044 -1.865074 2.407303 7.128576 -44.554898 2.527928 4.817783 -55.338777 3.587039 5.396001 -67.193147 -0.000000 0.000001 -0.000006 8.077806 -0.486880 -3.806260 -11.585029 14.370626 -41.175877 4.217222 5.389923 -71.719650 4.183642 5.403766 -71.450561 0.000001 -0.000000 -0.000001 -8.207785 -6.751668 -1.599559 -10.233554 1.218728 1.409093 22.040604 8.999213 -0.676773 -12.196813 6.536003 5.029604 -0.200742 -0.000002 -0.000001 0.000000 0.000000 -0.000000 8.207789 -6.751695 -1.599557 -10.427622 11.023177 17.860859 24.575745 4.745069 9.013153 -15.894552 2.832277 -15.022511 0.005661 0.000004 0.000001 -0.000000 0.000000 -0.000000 
6.830109 99.934761 -2.040317 -2.370934 -22.067810 -8.607702 -0.000004 10.181580 0.131521 5.326638 0.161325 -0.835623 5.406310 2.167287 4.232924 5.506384 1.692465 4.225970 -0.000001 16.740406 -2.049038 -5.609365 0.854959 8.793289 -0.000002 9.617888 1.685009 -21.847630 10.415361 20.416830 0.000000 22.037354 7.501090 0.000000 0.000000 -0.000000 -4.569973 11.014920 -2.160883 -0.234478 3.872162 24.490786 -34.006720 26.867159 55.693905 -0.000059 114.005283 0.000060 4.836776 20.515295 12.140953 -2.464806 -1.573982 2.681856 15.210345 -20.029345 2.154208 5.252382 -10.538669 -2.385894 2.711555 -24.972061 -22.634670 0.000007 -0.000009 0.000001 -9.108285 -0.517874 2.259838 9.807670 7.787374 17.404270 1.356357 -3.268588 44.961383 1.677034 -3.591095 50.187264 -0.000004 0.000002 0.000001 -9.532509 -0.000056 -0.000023 -0.949838 -1.128851 24.768404 1.867640 -3.673786 53.662419 2.756973 -4.292693 65.930368 -0.000002 0.000001 0.000005 -9.103598 -0.043074 -1.865129 1.303841 -5.509551 36.597861 1.966573 -3.820745 54.584662 2.184676 -3.940586 57.652158 -0.000002 -0.000002 0.000003 -8.076704 -0.486708 -3.806282 -10.546419 -14.919850 38.622148 2.541548 -4.212418 64.891483 2.296662 -4.173374 60.746097 -0.000001 0.000001 -0.000003 4.570447 11.014739 -2.160859 -0.932192 15.700742 -4.208223 43.227106 -32.837702 -32.969217 -0.000676 -83.330118 -0.000629 20.065935 15.007999 -12.492515 2.466149 -1.576198 2.681737 4.617116 20.746700 14.635164 -2.108448 0.472299 -2.322594 -10.281966 -8.261187 10.848176 0.000001 0.000006 -0.000005 9.109316 -0.518044 2.259871 4.525796 3.072524 -18.615146 2.670074 4.918348 -56.953034 2.763150 4.965305 -58.107349 -0.000000 0.000002 0.000001 9.533435 0.000025 0.000042 0.857674 5.302452 -29.915402 2.560744 4.844536 -55.747410 3.877650 5.510553 -70.246283 0.000000 0.000001 -0.000004 9.104550 -0.043033 -1.865076 2.435078 7.139789 -45.291128 2.589270 4.859470 -56.065983 3.656187 5.424417 -67.926539 -0.000002 -0.000001 0.000003 8.077825 -0.486879 -3.806271 -11.545692 14.471976 -41.910512 4.289537 5.410384 -72.456416 4.255547 5.424577 -72.184281 0.000000 0.000003 0.000004 -8.207785 -6.751655 -1.599560 -10.593037 1.782096 1.464821 24.088921 8.979073 -1.178295 -12.906355 7.014155 5.961032 -0.307474 -0.000001 -0.000000 0.000000 0.000001 -0.000000 8.207792 -6.751697 -1.599556 -11.462289 11.680277 18.639607 28.223645 5.157089 8.413310 -16.372824 2.730652 -13.972378 0.005652 0.000002 -0.000002 0.000000 -0.000000 0.000000 
8.048923 99.501915 -1.764000 -4.321811 -22.598704 -9.493256 -0.000005 10.181596 0.131520 6.140212 -0.022597 -1.438961 5.756926 1.738504 4.628709 5.849886 1.240595 4.584060 -0.000004 16.740383 -2.049031 -3.185715 1.273419 9.291754 0.000001 9.617876 1.685015 -18.611219 12.041722 21.773477 0.000004 22.037354 7.501094 0.000005 -0.000001 -0.000000 -4.569978 11.014913 -2.160884 -0.377385 3.859456 25.159021 -30.918313 26.051457 53.738549 -0.000027 112.344816 0.000019 7.490557 19.029850 12.092210 -2.464804 -1.574009 2.681850 15.166153 -20.036425 2.073414 5.252366 -10.538659 -2.385865 2.711563 -24.972083 -22.634695 -0.000000 -0.000009 0.000002 -9.108290 -0.517861 2.259837 9.796050 7.701939 18.421712 1.415209 -3.326647 45.978754 1.741105 -3.643455 51.205744 -0.000002 -0.000004 0.000002 -9.532503 -0.000058 -0.000027 -0.990618 -1.185012 25.781377 1.934401 -3.722759 54.681501 2.833239 -4.325907 66.954855 -0.000004 0.000003 -0.000000 -9.103593 -0.043078 -1.865131 1.159086 -5.307121 37.682598 2.025419 -3.861651 55.467017 2.252958 -3.982514 58.638738 -0.000002 -0.000002 -0.000000 -8.076710 -0.486712 -3.806284 -10.709166 -14.738250 39.794916 2.596861 -4.240113 65.652489 2.371187 -4.216164 61.803964 0.000003 -0.000004 -0.000003 4.570445 11.014711 -2.160857 -0.880246 14.434995 -4.772420 37.882398 -30.442604 -36.951802 -0.001264 -86.864427 -0.001228 31.884535 17.849012 -24.256459 2.466150 -1.576202 2.681734 4.621205 20.769359 14.639105 -2.118828 0.474495 -2.323274 -10.268056 -8.239982 10.857201 -0.000002 -0.000003 -0.000001 9.109312 -0.518038 2.259871 4.547670 3.124562 -19.433377 2.740702 4.963311 -57.774214 2.834624 5.008926 -58.928400 0.000001 0.000003 0.000009 9.533420 0.000020 0.000041 0.900309 5.374379 -30.734260 2.630380 4.891080 -56.568706 3.956783 5.538208 -71.068439 0.000000 0.000004 -0.000001 9.104554 -0.043026 -1.865074 2.465838 7.152392 -46.117007 2.658743 4.905336 -56.882089 3.734217 5.455273 -68.749447 0.000001 0.000005 -0.000006 8.077806 -0.486875 -3.806268 -11.501809 14.586912 -42.733905 4.371054 5.432239 -73.283681 4.336511 5.446812 -73.007346 0.000000 0.000004 0.000001 -8.207788 -6.751688 -1.599561 -9.856712 2.273559 1.213438 25.935091 8.954246 -1.906978 -13.645372 7.222425 7.002115 -0.649723 -0.000003 -0.000001 -0.000000 0.000001 -0.000000 8.207788 -6.751701 -1.599557 -11.154198 12.228359 18.761691 31.161304 5.508894 7.932397 -17.179174 2.585969 -12.654553 -0.004220 0.000001 0.000005 0.000000 -0.000000 -0.000000 
9.315712 98.948196 -1.214528 -6.737251 -23.259359 -10.494686 -0.000005 10.181588 0.131522 7.227576 -0.030014 -1.648373 6.131418 1.547465 4.623157 6.213073 1.029205 4.583951 -0.000003 16.740364 -2.049029 -0.795200 1.671804 9.694110 0.000003 9.617866 1.685010 -15.374057 13.593402 22.553034 0.000009 22.037354 7.501093 -0.000002 -0.000000 0.000001 -4.569982 11.014909 -2.160877 -0.390851 3.512637 24.711845 -26.766340 23.983147 52.034748 -0.000038 112.143633 0.000018 12.328941 16.845994 13.186772 -2.464787 -1.573973 2.681852 15.118559 -20.043866 1.986211 5.252363 -10.538674 -2.385900 2.711575 -24.972087 -22.634668 0.000008 -0.000008 0.000002 -9.108275 -0.517860 2.259833 9.788847 7.611897 19.499811 1.478747 -3.387070 47.057818 1.810033 -3.697689 52.285429 -0.000001 -0.000001 -0.000004 -9.532485 -0.000026 -0.000026 -1.032873 -1.247179 26.855187 2.006148 -3.773382 55.762545 2.914771 -4.359656 68.041586 -0.000000 -0.000002 0.000001 -9.103566 -0.043058 -1.865134 0.996333 -5.100129 38.831996 2.088412 -3.904011 56.401602 2.326813 -4.026064 59.694426 -0.000002 -0.000005 0.000005 -8.076662 -0.486704 -3.806276 -10.897758 -14.558427 41.031364 2.656017 -4.268712 66.461081 2.451774 -4.260429 62.936020 -0.000000 0.000006 -0.000010 4.570446 11.014709 -2.160849 -0.810731 13.297172 -5.986273 31.023228 -26.448302 -42.472695 0.002109 -91.774738 0.002194 46.238789 19.179250 -33.870208 2.466132 -1.576187 2.681737 4.619760 20.761337 14.637720 -2.115168 0.473725 -2.323017 -10.273019 -8.247552 10.853959 -0.000001 0.000002 0.000001 9.109305 -0.518033 2.259873 4.565114 3.185661 -20.333789 2.819252 5.011618 -58.678305 2.914066 5.055785 -59.832826 -0.000000 0.000003 0.000005 9.533417 0.000025 0.000044 0.948440 5.452837 -31.636067 2.707768 4.941132 -57.472422 4.044415 5.567321 -71.974382 -0.000002 -0.000000 -0.000000 9.104529 -0.043032 -1.865073 2.499356 7.166427 -47.026272 2.735956 4.954646 -57.780416 3.820661 5.487941 -69.655902 0.000004 0.000005 0.000001 8.077797 -0.486862 -3.806262 -11.454882 14.713756 -43.639380 4.461227 5.454971 -74.195259 4.425996 5.469960 -73.913541 -0.000000 0.000001 0.000003 -8.207788 -6.751668 -1.599560 -8.847407 2.668151 0.732485 28.267438 8.903537 -2.661374 -14.658699 7.943704 8.083717 -1.141357 -0.000004 0.000000 0.000000 0.000000 -0.000000 8.207788 -6.751688 -1.599554 -9.809718 12.688308 18.324723 33.812220 6.474076 7.953602 -19.033622 2.759861 -12.625841 0.008695 -0.000000 -0.000000 -0.000000 0.000000 -0.000001 
10.550703 98.184708 -0.522231 -9.316753 -24.453773 -11.565780 -0.000007 10.181581 0.131522 8.391729 -0.032593 -2.266644 7.213071 1.392459 4.756941 7.265329 0.821356 4.774319 0.000002 16.740398 -2.049034 0.666967 2.199825 9.786059 0.000003 9.617865 1.685011 -13.690808 15.311143 23.424832 -0.000013 22.037354 7.501091 -0.000000 0.000000 -0.000001 -4.569977 11.014894 -2.160879 -0.318399 2.747310 24.031261 -23.112257 22.880702 49.730385 -0.000009 112.590744 -0.000013 17.940592 15.106809 14.276886 -2.464803 -1.573977 2.681859 15.067233 -20.049865 1.893184 5.252362 -10.538668 -2.385900 2.711556 -24.972060 -22.634685 0.000003 -0.000007 0.000009 -9.108298 -0.517864 2.259838 9.786876 7.518837 20.620850 1.546079 -3.448681 48.180960 1.882858 -3.752763 53.409323 0.000000 0.000002 -0.000003 -9.532525 -0.000050 -0.000022 -1.075704 -1.314694 27.972432 2.081855 -3.824666 56.888171 3.000301 -4.393136 69.172597 0.000003 -0.000006 0.000003 -9.103603 -0.043069 -1.865133 0.817042 -4.893300 40.027357 2.154618 -3.946958 57.372981 2.405252 -4.070315 60.803225 0.000004 -0.000001 0.000009 -8.076696 -0.486707 -3.806283 -11.111102 -14.385633 42.310433 2.718153 -4.297666 67.304800 2.537351 -4.305223 64.125306 0.000002 -0.000005 -0.000003 4.570448 11.014719 -2.160854 -0.816892 12.778747 -7.841376 23.568261 -20.735059 -49.523014 0.000300 -98.097479 0.000423 57.248323 17.542581 -36.642350 2.466138 -1.576200 2.681740 4.620717 20.766671 14.638636 -2.117565 0.474229 -2.323186 -10.270010 -8.242969 10.855917 -0.000002 -0.000004 -0.000001 9.109301 -0.518033 2.259873 4.585278 3.253566 -21.310733 2.905273 5.062641 -59.659203 3.001090 5.105192 -60.814153 -0.000001 0.000008 -0.000002 9.533422 0.000025 0.000046 1.002052 5.537143 -32.614713 2.792656 4.994083 -58.453360 4.139989 5.597367 -72.956877 0.000001 0.000006 -0.000004 9.104543 -0.043032 -1.865074 2.535282 7.181893 -48.012777 2.820612 5.006773 -58.755193 3.915069 5.521846 -70.639954 -0.000002 0.000002 0.000006 8.077801 -0.486877 -3.806265 -11.406493 14.851099 -44.621172 4.559568 5.478052 -75.185466 4.523485 5.493470 -74.896535 0.000000 -0.000001 0.000002 -8.207790 -6.751668 -1.599558 -8.347855 2.384138 -0.365733 31.443394 8.875350 -2.967812 -15.825627 10.213888 8.936448 -1.872317 0.000001 0.000004 0.000000 0.000000 -0.000000 8.207788 -6.751698 -1.599555 -8.068501 13.013464 17.513636 36.509229 8.322760 8.126786 -21.049465 3.075713 -13.204350 0.010749 -0.000000 -0.000001 -0.000000 -0.000000 0.000000 
11.670373 97.709961 0.064673 -11.942460 -25.729422 -12.725405 -0.000005 10.181576 0.131524 9.568804 -0.030519 -3.458084 8.582794 1.391443 5.293701 8.598149 0.779955 5.391856 0.000000 16.740391 -2.049032 1.416613 2.657308 9.585242 0.000002 9.617874 1.685006 -14.066432 16.216606 23.977073 -0.000002 22.037354 7.501099 0.000000 0.000002 0.000004 -4.569978 11.014915 -2.160884 -0.201655 1.711271 23.562153 -20.006681 21.993143 46.286054 -0.000046 112.720477 0.000053 20.674815 14.447168 15.716340 -2.464805 -1.573971 2.681851 15.011972 -20.052078 1.794597 5.252383 -10.538670 -2.385882 2.711561 -24.972073 -22.634663 0.000002 -0.000001 0.000010 -9.108276 -0.517845 2.259835 9.790692 7.424288 21.767265 1.616253 -3.510365 49.330819 1.958493 -3.807632 54.559824 0.000005 -0.000001 0.000003 -9.532506 -0.000050 -0.000027 -1.118190 -1.386682 29.115662 2.160411 -3.875608 58.040817 3.088521 -4.425621 70.330349 0.000004 0.000000 0.000005 -9.103580 -0.043078 -1.865136 0.623501 -4.691090 41.249848 2.223053 -3.989657 58.366316 2.487200 -4.114465 61.949515 -0.000001 0.000002 0.000002 -8.076682 -0.486705 -3.806291 -11.346573 -14.224585 43.611253 2.782393 -4.326401 68.171018 2.626688 -4.349629 65.353743 0.000001 0.000008 -0.000007 4.570444 11.014710 -2.160854 -0.868295 12.538324 -8.615807 15.876141 -15.536281 -57.918877 0.000262 -103.204712 0.000393 58.206674 14.175489 -34.656182 2.466128 -1.576189 2.681737 4.619823 20.761659 14.637761 -2.115237 0.473722 -2.323027 -10.273251 -8.247914 10.853813 0.000006 0.000012 -0.000007 9.109305 -0.518008 2.259874 4.608640 3.327983 -22.357786 2.998477 5.115698 -60.710874 3.095324 5.156490 -61.866303 0.000001 -0.000001 0.000001 9.533399 0.000044 0.000046 1.061113 5.626454 -33.663827 2.884627 5.049202 -59.504813 4.243000 5.627726 -74.010359 -0.000000 0.000002 -0.000004 9.104529 -0.043010 -1.865071 2.573293 7.198673 -49.069957 2.912298 5.061037 -59.800294 4.016919 5.556415 -71.694781 -0.000001 -0.000006 0.000004 8.077790 -0.486863 -3.806262 -11.355633 14.999848 -45.672133 4.665519 5.500905 -76.248229 4.628367 5.516810 -75.949839 0.000000 0.000003 0.000002 -8.207786 -6.751682 -1.599559 -7.574570 1.368487 -1.928636 33.506849 8.844777 -2.831416 -16.018049 13.610483 9.512655 -2.852930 -0.000003 -0.000000 -0.000000 0.000000 -0.000000 8.207791 -6.751715 -1.599554 -6.072039 13.926908 17.033003 38.236628 9.651822 7.751420 -22.471338 3.314515 -13.190096 0.013154 -0.000001 0.000001 -0.000000 -0.000000 -0.000000 
12.630191 97.680801 0.483708 -13.375922 -26.075716 -13.380899 -0.000005 10.181590 0.131519 9.868241 -0.047618 -4.562652 9.653674 1.628314 6.017842 9.655338 1.010446 6.152132 -0.000001 16.740395 -2.049033 1.712451 2.758591 9.224509 -0.000002 9.617884 1.685013 -15.797977 15.598149 23.654019 0.000015 22.037369 7.501098 0.000002 0.000001 0.000002 -4.569971 11.014919 -2.160882 -0.056255 0.541687 23.037437 -17.487844 19.731435 42.623095 -0.000027 112.909563 0.000028 20.438226 13.960145 17.802543 -2.464799 -1.573971 2.681847 14.954375 -20.052983 1.692236 5.252380 -10.538683 -2.385905 2.711561 -24.972065 -22.634658 -0.000001 -0.000001 0.000006 -9.108277 -0.517852 2.259832 9.800583 7.329736 22.921621 1.688190 -3.571095 50.489479 2.035850 -3.861409 55.719532 0.000004 0.000001 0.000001 -9.532508 -0.000045 -0.000030 -1.159515 -1.462158 30.267468 2.240619 -3.925355 59.202980 3.178065 -4.456588 71.497204 -0.000000 -0.000007 -0.000006 -9.103593 -0.043065 -1.865141 0.418422 -4.497263 42.480898 2.292695 -4.031477 59.366481 2.571511 -4.157703 63.115927 -0.000001 0.000002 -0.000006 -8.076685 -0.486706 -3.806293 -11.600612 -14.079081 44.913579 2.847788 -4.354527 69.047284 2.718497 -4.392812 66.602588 0.000001 -0.000011 -0.000005 4.570448 11.014729 -2.160856 -0.721201 11.820807 -9.009564 8.816893 -12.358005 -63.953199 0.000179 -107.145854 0.000263 51.834651 13.038023 -33.651133 2.466132 -1.576198 2.681741 4.618597 20.754812 14.636580 -2.110853 0.472813 -2.322767 -10.277278 -8.254067 10.851201 0.000004 0.000000 -0.000001 9.109302 -0.518035 2.259873 4.635507 3.408743 -23.468779 3.098434 5.170107 -61.826927 3.196272 5.209008 -62.982424 -0.000000 0.000001 -0.000001 9.533405 0.000026 0.000047 1.125596 5.719962 -34.777127 2.983319 5.105852 -60.620777 4.352869 5.657903 -75.128099 -0.000000 0.000004 0.000011 9.104538 -0.043030 -1.865070 2.613224 7.216877 -50.191614 3.010685 5.116807 -60.909236 4.125712 5.591049 -72.814748 0.000001 -0.000000 0.000002 8.077805 -0.486868 -3.806262 -11.240489 15.096200 -46.807621 4.777853 5.522924 -77.370149 4.740084 5.539467 -77.067442 0.000000 0.000006 -0.000002 -8.207786 -6.751668 -1.599562 -7.262037 -0.141377 -3.696179 34.338312 8.690604 -2.352047 -15.499496 16.433391 11.926928 -2.798482 -0.000002 -0.000004 -0.000000 -0.000000 -0.000000 8.207793 -6.751683 -1.599555 -5.091655 15.322363 17.427793 38.837767 9.019854 6.650856 -23.166929 3.123235 -12.437824 0.015984 -0.000000 0.000004 0.000000 0.000000 0.000000 
13.377322 97.810555 0.749718 -12.713157 -24.828525 -12.827920 -0.000005 10.181577 0.131523 9.231769 -0.378489 -5.590412 10.311091 1.296399 6.845654 10.291982 0.706251 6.957044 0.000001 16.740395 -2.049035 1.487240 2.733261 8.730517 0.000008 9.617893 1.685006 -17.899942 14.593184 22.836295 0.000006 22.037354 7.501094 0.000000 -0.000000 -0.000001 -4.569975 11.014910 -2.160881 0.212343 -0.995939 21.944477 -15.686897 17.815071 39.862521 -0.000026 113.216048 0.000022 20.354360 12.567102 18.996115 -2.464821 -1.573972 2.681858 14.894267 -20.050247 1.586698 5.252370 -10.538669 -2.385888 2.711565 -24.972089 -22.634670 0.000004 -0.000011 -0.000001 -9.108280 -0.517865 2.259835 9.816255 7.236720 24.066578 1.760806 -3.629925 51.639908 2.113685 -3.913231 56.870832 -0.000001 0.000000 -0.000005 -9.532518 -0.000057 -0.000022 -1.198934 -1.539833 31.410520 2.321265 -3.973142 60.357118 3.267541 -4.485508 72.655318 -0.000002 -0.000001 0.000008 -9.103602 -0.043067 -1.865131 0.205369 -4.315105 43.701784 2.362479 -4.071755 60.358587 2.656854 -4.199313 64.285522 0.000004 -0.000002 -0.000003 -8.076705 -0.486719 -3.806287 -11.868605 -13.951758 46.197890 2.913419 -4.381535 69.920708 2.811285 -4.433982 67.852417 0.000004 0.000004 -0.000004 4.570442 11.014699 -2.160857 -0.415678 10.534360 -10.622741 2.983272 -10.438943 -65.492341 0.000133 -111.242403 0.000247 45.743498 12.087667 -29.431606 2.466136 -1.576185 2.681750 4.624341 20.786697 14.642117 -2.131989 0.477286 -2.324079 -10.253395 -8.217660 10.866675 0.000001 -0.000004 0.000002 9.109308 -0.518026 2.259884 4.666224 3.495714 -24.637592 3.204709 5.225267 -63.001139 3.303589 5.262141 -64.156793 -0.000001 -0.000000 -0.000002 9.533412 0.000020 0.000054 1.195400 5.817052 -35.948788 3.088333 5.163339 -61.794770 4.469049 5.687306 -76.303786 -0.000002 0.000004 0.000001 9.104548 -0.043029 -1.865066 2.654751 7.236469 -51.371605 3.115348 5.173400 -62.075908 4.240902 5.625197 -73.993447 0.000002 0.000003 -0.000000 8.077807 -0.486890 -3.806258 -11.082343 15.154315 -48.016230 4.896007 5.543652 -78.546144 4.858110 5.560961 -78.243587 -0.000001 0.000004 -0.000002 -8.207786 -6.751674 -1.599561 -8.202007 -1.918970 -5.505751 34.761520 8.569068 -1.568953 -14.586726 16.803669 15.012698 -2.517796 0.000374 -0.193455 -0.000000 0.000000 0.000000 8.207791 -6.751711 -1.599555 -5.865568 15.731859 17.788743 38.878051 6.829386 5.715142 -23.304722 2.981328 -11.737551 -0.056146 0.000002 0.000002 -0.000000 0.000000 -0.000000 
13.920753 98.132141 0.794983 -10.969443 -21.876577 -11.675648 -0.000005 10.181578 0.131520 9.637266 -0.888903 -6.270217 10.065241 0.303810 7.495051 10.048099 -0.193199 7.493496 -0.000000 16.740391 -2.049032 0.986893 2.661450 8.251351 -0.000003 9.617872 1.685016 -20.291585 13.447743 22.153973 -0.000001 22.037384 7.501093 -0.000000 0.000000 0.000002 -4.569971 11.014906 -2.160882 0.554517 -3.052996 20.283403 -13.817316 15.956387 38.669857 -0.000012 114.162671 -0.000017 21.434611 10.426422 19.366875 -2.464802 -1.573982 2.681856 14.832533 -20.045383 1.479083 5.252369 -10.538651 -2.385878 2.711551 -24.972078 -22.634677 0.000000 -0.000000 0.000000 -9.108280 -0.517866 2.259833 9.837308 7.146551 25.184622 1.832932 -3.685990 52.764454 2.190761 -3.962342 57.996202 0.000002 0.000010 0.000007 -9.532510 -0.000052 -0.000023 -1.235820 -1.618424 32.527478 2.401028 -4.018278 61.485493 3.355574 -4.512025 73.787449 -0.000002 0.000003 -0.000001 -9.103609 -0.043070 -1.865135 -0.011607 -4.147289 44.893754 2.431325 -4.109904 61.327777 2.741956 -4.238675 65.439967 0.000001 0.000001 -0.000004 -8.076698 -0.486708 -3.806288 -12.144905 -13.844355 47.444642 2.978234 -4.407094 70.778505 2.903481 -4.472525 69.082917 0.000003 0.000006 0.000000 4.570441 11.014711 -2.160852 -0.149533 9.242714 -12.566408 -2.479977 -9.644143 -64.387524 0.000116 -114.288326 0.000213 43.180463 6.306216 -23.492092 2.466140 -1.576208 2.681734 4.622024 20.773884 14.639903 -2.126288 0.476053 -2.323740 -10.249359 -8.229555 10.864350 0.000004 0.000005 0.000002 9.109306 -0.518046 2.259870 4.701083 3.588574 -25.858017 3.316885 5.280488 -64.227424 3.416761 5.315246 -65.383208 -0.000001 -0.000002 -0.000000 9.533420 0.000028 0.000042 1.270400 5.916849 -37.172355 3.199202 5.221099 -63.020960 4.591033 5.715489 -77.531622 -0.000002 -0.000008 -0.000003 9.104534 -0.043036 -1.865073 2.697370 7.257207 -52.603556 3.225813 5.230193 -63.294243 4.361966 5.658352 -75.224705 -0.000000 -0.000004 0.000006 8.077812 -0.486879 -3.806260 -10.922118 15.211902 -49.277090 5.019812 5.562714 -79.774035 4.981786 5.580821 -79.471546 0.000000 0.000011 0.000001 -8.207786 -6.751675 -1.599559 -9.205510 -3.588108 -6.821733 34.741569 8.665142 -0.725274 -14.963198 13.510864 14.339607 -0.174112 0.000005 0.000002 -0.000000 0.000000 -0.000000 8.207788 -6.751711 -1.599556 -7.479903 14.911584 17.680880 38.263136 4.037344 5.603617 -22.431217 2.873620 -11.696313 -0.333322 0.000001 -0.000001 0.000000 0.000000 -0.000000 
14.262700 98.942223 0.531209 -8.855440 -17.873707 -10.238876 -0.000005 10.181585 0.131522 10.810216 -1.270720 -6.173296 8.944622 -0.656505 7.370351 8.988046 -0.985074 7.212380 -0.000004 16.740381 -2.049036 0.405954 2.294701 8.000092 -0.000001 9.617889 1.685011 -22.808319 11.434483 21.413318 0.000017 22.037369 7.501097 0.000003 -0.000001 -0.000001 -4.569976 11.014882 -2.160885 0.862728 -5.251510 18.681076 -11.064941 12.845194 39.121807 -0.000031 115.533483 0.000019 23.013972 8.139113 19.524123 -2.464807 -1.573996 2.681858 14.769663 -20.038204 1.370341 5.252381 -10.538681 -2.385890 2.711552 -24.972068 -22.634671 0.000001 -0.000008 -0.000001 -9.108290 -0.517887 2.259844 9.863761 7.060732 26.258381 1.903285 -3.738563 53.845557 2.265776 -4.008128 59.078008 0.000001 -0.000004 -0.000006 -9.532501 -0.000043 -0.000013 -1.269603 -1.696386 33.600849 2.478558 -4.060208 62.570810 3.440636 -4.535872 74.875307 0.000001 0.000000 0.000003 -9.103604 -0.043089 -1.865127 -0.228049 -3.995701 46.038429 2.498077 -4.145470 62.259005 2.825270 -4.275238 66.560453 0.000002 0.000002 -0.000002 -8.076680 -0.486722 -3.806279 -12.423172 -13.757329 48.635065 3.041259 -4.430873 71.607437 2.993434 -4.507948 70.273091 0.000000 0.000002 -0.000004 4.570448 11.014699 -2.160855 0.087789 8.567517 -13.328551 -9.129055 -11.374137 -63.323401 0.000098 -114.525381 0.000229 38.899676 2.252834 -21.572855 2.466133 -1.576211 2.681733 4.623102 20.779829 14.640924 -2.127851 0.476391 -2.323825 -10.251109 -8.233956 10.862747 0.000000 0.000004 -0.000008 9.109307 -0.518042 2.259866 4.740292 3.687058 -27.123530 3.434434 5.335237 -65.499281 3.535375 5.367806 -66.655420 -0.000001 -0.000002 0.000008 9.533412 0.000021 0.000039 1.350439 6.018639 -38.441613 3.315530 5.278462 -64.292741 4.718107 5.741933 -78.805077 -0.000001 -0.000006 -0.000004 9.104542 -0.043032 -1.865077 2.741243 7.279381 -53.880999 3.341654 5.286621 -64.557944 4.488329 5.689996 -76.502449 -0.000000 0.000006 0.000005 8.077805 -0.486877 -3.806267 -10.761390 15.268517 -50.583363 5.148627 5.579681 -81.047612 5.110459 5.598636 -80.745117 0.000000 0.000008 0.000008 -8.207787 -6.751681 -1.599560 -9.617014 -4.711660 -7.583564 33.272088 8.856066 -0.293961 -15.573548 7.385311 10.444152 -0.009029 0.000004 -0.000000 -0.000000 0.000001 -0.000000 8.207790 -6.751703 -1.599556 -8.836222 13.621368 16.789177 35.967161 1.274241 5.921648 -20.752372 2.511053 -10.735113 -0.348448 -0.000001 -0.000000 0.000000 -0.000000 -0.000000 
14.344885 100.056862 0.161170 -5.677223 -13.677018 -8.114932 -0.000005 10.181579 0.131519 10.778573 -1.516331 -5.870343 7.592033 -1.341684 6.637809 7.706848 -1.513379 6.361529 -0.000001 16.740393 -2.049032 -0.333935 1.677259 7.636665 -0.000011 9.617854 1.685013 -24.818537 8.519181 20.366034 0.000009 22.037354 7.501093 0.000001 0.000002 0.000001 -4.569980 11.014912 -2.160881 1.113235 -7.390397 16.348287 -7.096821 8.975786 41.640638 0.000007 117.406417 -0.000009 24.263928 5.679755 19.780588 -2.464809 -1.573982 2.681855 14.705882 -20.028430 1.261547 5.252360 -10.538671 -2.385895 2.711557 -24.972085 -22.634683 0.000003 -0.000006 -0.000003 -9.108297 -0.517885 2.259836 9.893759 6.980437 27.270797 1.970556 -3.786934 54.865786 2.337294 -4.050031 60.098780 -0.000002 -0.000002 -0.000006 -9.532516 -0.000045 -0.000023 -1.299949 -1.772054 34.613503 2.552438 -4.098421 63.595140 3.521259 -4.556878 75.901707 -0.000002 -0.000002 0.000002 -9.103602 -0.043068 -1.865129 -0.439037 -3.861581 47.117315 2.561548 -4.178028 63.137497 2.905267 -4.308552 67.627629 0.000004 -0.000001 -0.000000 -8.076685 -0.486709 -3.806286 -12.696494 -13.690173 49.751067 3.101346 -4.452562 72.393721 3.079413 -4.539788 71.402094 -0.000002 -0.000001 0.000001 4.570449 11.014734 -2.160856 0.357312 8.116847 -13.883562 -16.131705 -14.887890 -62.811444 0.000154 -112.812288 0.000250 32.099242 1.571293 -20.840263 2.466139 -1.576212 2.681740 4.621252 20.769668 14.639172 -2.131008 0.477072 -2.324023 -10.253722 -8.230424 10.863093 -0.000003 0.000002 -0.000006 9.109311 -0.518051 2.259868 4.784141 3.790749 -28.428204 3.556875 5.388943 -66.810656 3.658801 5.419193 -67.966973 -0.000001 -0.000001 -0.000002 9.533426 0.000031 0.000042 1.435297 6.121679 -39.750355 3.436719 5.334904 -65.604063 4.849734 5.766281 -80.117982 0.000003 -0.000013 0.000003 9.104554 -0.043047 -1.865072 2.785909 7.302793 -55.197634 3.462351 5.342115 -65.860953 4.619334 5.719706 -77.820197 -0.000002 -0.000001 0.000004 8.077803 -0.486899 -3.806271 -10.601379 15.323856 -51.928583 5.281763 5.594161 -82.360504 5.243491 5.613995 -82.057927 0.000002 -0.000000 -0.000004 -8.207785 -6.751651 -1.599558 -10.625889 -5.134435 -8.301572 30.703688 9.143653 -0.487328 -14.342673 0.331874 5.646419 -0.009689 0.000001 0.000002 -0.000000 -0.000001 -0.000000 8.207792 -6.751686 -1.599555 -10.351273 11.651107 14.785077 32.083120 -0.945890 6.216966 -17.815522 2.102695 -9.938550 -0.479231 -0.000000 -0.000001 0.000000 0.000000 -0.000000 
14.224950 100.967674 -0.125719 -1.587522 -9.227058 -5.651305 -0.000004 10.181578 0.131520 9.719200 -1.777538 -5.535691 6.258613 -2.185272 5.715859 6.418514 -2.248288 5.351913 0.000002 16.740406 -2.049033 -1.384301 1.066915 6.880996 -0.000005 9.617885 1.685020 -26.323317 5.515234 19.051172 -0.000005 22.037308 7.501097 0.000004 0.000000 -0.000000 -4.569971 11.014923 -2.160882 1.257370 -9.294009 13.101591 -2.308916 5.480782 45.681535 -0.000021 120.154420 0.000021 24.774698 2.761668 20.553636 -2.464816 -1.573978 2.681858 14.641006 -20.016716 1.153807 5.252369 -10.538665 -2.385896 2.711559 -24.972058 -22.634668 0.000007 -0.000012 -0.000003 -9.108291 -0.517896 2.259831 9.924001 6.906939 28.204877 2.033424 -3.830513 55.807427 2.404000 -4.087570 61.041291 0.000000 0.000004 0.000003 -9.532507 -0.000063 -0.000025 -1.326521 -1.843638 35.547901 2.621289 -4.132531 64.541032 3.596011 -4.574971 76.848808 -0.000001 -0.000003 0.000002 -9.103599 -0.043080 -1.865134 -0.639249 -3.745700 48.111730 2.620591 -4.207212 63.948370 2.980334 -4.338210 68.621408 0.000001 0.000001 -0.000006 -8.076696 -0.486740 -3.806292 -12.958786 -13.640256 50.774824 3.157304 -4.471979 73.122660 3.159669 -4.567799 72.448554 0.000001 0.000003 -0.000006 4.570446 11.014712 -2.160849 0.639443 7.555417 -15.141619 -21.985833 -18.492302 -62.284133 0.000180 -111.415863 0.000285 27.645141 1.452493 -18.335213 2.466136 -1.576225 2.681741 4.624064 20.785155 14.641846 -2.131052 0.477057 -2.324012 -10.253225 -8.211999 10.868249 0.000002 0.000008 -0.000001 9.109292 -0.518046 2.259883 4.832773 3.899274 -29.765869 3.683645 5.441100 -68.155207 3.786589 5.468965 -69.311865 -0.000002 -0.000000 0.000009 9.533415 0.000024 0.000047 1.524773 6.225297 -41.092621 3.562273 5.389864 -66.948449 4.985163 5.788115 -81.463885 -0.000001 0.000001 -0.000002 9.104529 -0.043052 -1.865066 2.831439 7.327599 -56.547443 3.587388 5.396148 -67.196911 4.754361 5.747013 -79.171605 -0.000002 0.000003 -0.000006 8.077798 -0.486887 -3.806267 -10.443654 15.377838 -53.306259 5.418546 5.605909 -83.706516 5.380262 5.626625 -83.404130 -0.000001 -0.000008 0.000002 -8.207784 -6.751683 -1.599559 -12.523699 -4.721264 -9.329213 28.183937 4.698909 -1.239872 -10.890140 -0.242830 1.852751 -0.010388 -0.000001 -0.000000 0.000000 0.000000 -0.000000 8.207789 -6.751709 -1.599555 -12.690472 8.925943 12.037726 28.115999 -2.666906 6.539231 -14.450382 1.772619 -9.572881 -0.923479 0.000000 -0.000000 -0.000000 0.000000 -0.000000 
14.032753 101.547859 -0.406192 1.958297 -4.402288 -3.656186 -0.000006 10.181594 0.131520 9.389540 -2.020372 -4.583290 4.764430 -3.328637 4.385734 4.931102 -3.299083 3.968726 0.000001 16.740398 -2.049044 -2.682123 0.520233 6.118895 0.000001 9.617882 1.685001 -27.259386 3.275501 17.164090 0.000007 22.037338 7.501089 0.000003 -0.000000 -0.000000 -4.569970 11.014901 -2.160887 1.288873 -10.620150 9.795796 2.983172 2.683242 50.150934 -0.000043 123.353080 0.000051 24.428556 -0.281303 21.077660 -2.464816 -1.573988 2.681854 14.575832 -20.002144 1.047986 5.252367 -10.538671 -2.385876 2.711551 -24.972089 -22.634671 -0.000001 0.000001 0.000004 -9.108278 -0.517875 2.259830 9.952961 6.841396 29.043300 2.090485 -3.868788 56.653188 2.464417 -4.120347 61.887559 0.000001 -0.000002 0.000009 -9.532515 -0.000061 -0.000027 -1.349099 -1.909464 36.386897 2.683560 -4.162213 65.390585 3.663374 -4.590204 77.699207 -0.000001 -0.000003 -0.000003 -9.103603 -0.043071 -1.865140 -0.823376 -3.648197 49.003418 2.673947 -4.232691 64.676564 3.048725 -4.363947 69.521279 0.000002 -0.000003 0.000002 -8.076698 -0.486734 -3.806285 -13.198991 -13.607866 51.688553 3.208057 -4.488875 73.781390 3.232416 -4.591809 73.391646 0.000004 -0.000003 -0.000009 4.570449 11.014738 -2.160860 0.900329 7.350200 -16.378092 -26.907149 -21.756465 -62.558399 0.000120 -110.540205 0.000245 26.875116 0.766956 -16.647135 2.466153 -1.576209 2.681729 4.621164 20.769128 14.639085 -2.120255 0.474784 -2.323369 -10.258833 -8.231640 10.861603 0.000001 0.000005 -0.000005 9.109320 -0.518067 2.259871 4.886423 4.012178 -31.130343 3.814191 5.491225 -69.526818 3.918071 5.516609 -70.683654 -0.000004 -0.000014 0.000001 9.533417 0.000016 0.000045 1.618523 6.328833 -42.461982 3.691663 5.442897 -68.320060 5.123828 5.807091 -82.836685 0.000000 0.000007 -0.000003 9.104542 -0.043050 -1.865076 2.877512 7.353660 -57.924102 3.716192 5.448246 -68.559759 4.892763 5.771634 -80.550463 -0.000002 -0.000002 -0.000005 8.077815 -0.486908 -3.806268 -10.289198 15.430200 -54.709798 5.558310 5.614532 -85.079282 5.519936 5.636190 -84.777046 0.000002 0.000006 0.000000 -8.207788 -6.751647 -1.599562 -13.794726 -3.987871 -10.276316 26.024810 3.284909 -2.206153 -7.469731 0.196178 -1.758462 -2.114724 0.000002 -0.000004 0.000000 -0.000000 0.000001 8.207789 -6.751675 -1.599555 -15.290545 6.697249 9.782859 25.046244 -5.419639 6.289513 -11.413004 1.481718 -8.938937 -1.493777 0.000000 -0.000003 0.000000 0.000000 0.000000 
13.833008 101.779411 -0.820856 3.997830 0.342579 -2.044679 -0.000006 10.181598 0.131521 10.770522 -2.202154 -3.086163 3.281931 -4.612659 2.786088 3.419435 -4.518258 2.391445 0.000000 16.740374 -2.049029 -4.512146 0.086345 5.324854 0.000002 9.617876 1.685008 -27.193695 2.200341 14.518942 0.000010 22.037369 7.501094 0.000000 -0.000001 -0.000000 -4.569970 11.014903 -2.160881 1.205198 -11.292378 5.994390 8.305015 1.246163 54.806435 -0.000015 126.326425 0.000004 23.544670 -2.458980 20.966241 -2.464816 -1.573986 2.681865 14.511304 -19.984278 0.944947 5.252369 -10.538663 -2.385903 2.711564 -24.972087 -22.634654 0.000002 -0.000005 -0.000003 -9.108292 -0.517879 2.259845 9.982015 6.785142 29.768560 2.140354 -3.901204 57.385364 2.517081 -4.147984 62.620144 -0.000002 0.000005 0.000003 -9.532506 -0.000061 -0.000015 -1.367711 -1.967491 37.113079 2.737872 -4.187151 66.126210 3.721841 -4.602559 78.435208 -0.000003 -0.000005 0.000005 -9.103594 -0.043075 -1.865120 -0.985910 -3.568843 49.773979 2.720396 -4.254238 65.307093 3.108724 -4.385535 70.306641 0.000005 0.000001 -0.000001 -8.076697 -0.486738 -3.806278 -13.411464 -13.588396 52.475469 3.252417 -4.503107 74.354546 3.295858 -4.611624 74.210340 -0.000001 -0.000004 -0.000006 4.570445 11.014736 -2.160853 1.082267 7.086715 -17.224559 -31.046454 -23.611964 -64.184032 0.000131 -110.773565 0.000236 27.057439 0.160049 -16.698612 2.466135 -1.576206 2.681739 4.621846 20.772938 14.639728 -2.111883 0.473037 -2.322811 -10.261769 -8.241547 10.858204 0.000001 0.000002 -0.000006 9.109295 -0.518038 2.259879 4.945149 4.128806 -32.515225 3.947892 5.538906 -70.919166 4.052648 5.561756 -72.076172 -0.000001 0.000004 0.000004 9.533411 0.000026 0.000052 1.716198 6.431558 -43.852198 3.824240 5.493560 -69.712216 5.265003 5.822974 -84.230309 0.000000 0.000003 -0.000001 9.104542 -0.043025 -1.865064 2.923905 7.380857 -59.321101 3.848168 5.498023 -69.943227 5.033832 5.793231 -81.950399 0.000002 0.000008 0.000002 8.077816 -0.486883 -3.806254 -10.139147 15.480953 -56.132274 5.700325 5.619896 -86.472620 5.661951 5.642493 -86.170657 0.000001 -0.000002 0.000000 -8.207785 -6.751653 -1.599561 -14.153319 -3.760006 -11.430147 25.371188 4.471854 -3.002048 -6.384657 0.308106 -3.027861 -4.549742 0.000001 0.000002 0.000000 -0.000000 0.000001 8.207791 -6.751687 -1.599555 -17.349857 5.371513 7.973111 23.398297 -9.119402 5.553095 -9.073821 1.194333 -8.038721 -2.125557 0.000000 0.000001 -0.000000 0.000000 -0.000000 
13.575628 101.637871 -1.440198 4.405125 4.579118 -0.393822 -0.000007 10.181589 0.131522 13.213242 -2.242797 -1.462706 2.247156 -5.600724 1.066023 2.341281 -5.484698 0.757834 0.000003 16.740385 -2.049037 -6.826640 -0.266679 4.338763 -0.000002 9.617895 1.685019 -26.575260 1.538933 11.783611 0.000001 22.037338 7.501099 0.000001 -0.000000 -0.000001 -4.569969 11.014940 -2.160887 1.054743 -11.212637 1.804197 12.798001 0.972654 59.313581 -0.000005 128.770718 -0.000005 22.789117 -3.497519 21.311440 -2.464814 -1.573975 2.681859 14.447892 -19.962853 0.845498 5.252360 -10.538661 -2.385858 2.711557 -24.972066 -22.634687 -0.000000 0.000000 0.000007 -9.108280 -0.517869 2.259835 10.007887 6.739291 30.363582 2.181566 -3.927366 57.986489 2.560611 -4.170190 63.221658 0.000002 0.000001 -0.000006 -9.532514 -0.000047 -0.000019 -1.382078 -2.016052 37.709020 2.782666 -4.207097 66.730333 3.769955 -4.612146 79.039420 -0.000002 -0.000000 0.000006 -9.103577 -0.043057 -1.865132 -1.121356 -3.507265 50.405071 2.758734 -4.271519 65.824917 3.158616 -4.402766 70.956656 -0.000002 -0.000004 -0.000004 -8.076692 -0.486704 -3.806286 -13.590295 -13.577471 53.118890 3.289018 -4.514494 74.826478 3.348288 -4.627272 74.883797 -0.000000 0.000001 -0.000004 4.570451 11.014718 -2.160859 1.241222 6.655935 -17.898992 -34.740804 -24.969896 -66.755052 0.000156 -111.174518 0.000249 27.069764 -0.121163 -15.741296 2.466129 -1.576209 2.681736 4.619849 20.761806 14.637787 -2.108009 0.472204 -2.322583 -10.264517 -8.251310 10.854905 -0.000003 0.000002 -0.000008 9.109305 -0.518049 2.259861 5.009003 4.248704 -33.914433 4.084100 5.583762 -72.325986 4.189679 5.604059 -73.482863 -0.000001 0.000006 0.000003 9.533400 0.000029 0.000046 1.823904 6.539311 -45.257055 3.959403 5.541469 -71.118798 5.407950 5.835570 -85.638107 0.000001 -0.000003 0.000004 9.104539 -0.043039 -1.865074 2.970903 7.409393 -60.732457 3.982691 5.545041 -71.341182 5.176842 5.811545 -83.364856 -0.000003 0.000005 -0.000001 8.077793 -0.486886 -3.806268 -9.994471 15.530153 -57.567723 5.843899 5.621858 -87.880110 5.805491 5.645372 -87.578052 -0.000001 0.000003 0.000002 -8.207787 -6.751664 -1.599560 -13.701196 -3.766550 -12.674073 26.066753 2.759598 -4.043515 -7.902776 0.040477 -0.425578 -4.490151 -0.000100 0.099282 0.000000 0.000000 0.000002 8.207789 -6.751690 -1.599553 -18.797411 3.729488 5.722762 23.591902 -8.963206 5.581384 -7.656400 -1.604728 -8.660141 -2.666554 0.000001 -0.000000 0.000000 0.000000 -0.000000 
13.026720 101.042404 -2.052813 3.502742 7.845843 1.396135 -0.000004 10.181579 0.131524 15.943490 -2.298863 -0.179085 1.650020 -6.235862 -0.712981 1.697172 -6.153775 -0.894161 0.000001 16.740398 -2.049035 -8.560170 -0.423915 3.543429 0.000002 9.617882 1.685000 -26.163613 1.232592 9.880185 0.000002 22.037338 7.501083 0.000005 0.000000 -0.000000 -4.569969 11.014900 -2.160886 1.178223 -10.152073 1.420859 15.167176 0.329175 59.006721 -0.000002 130.585581 0.000013 21.552151 -3.781599 22.540010 -2.464822 -1.573968 2.681859 14.385763 -19.938050 0.750905 5.252371 -10.538642 -2.385892 2.711552 -24.972071 -22.634663 -0.000007 0.000003 0.000005 -9.108274 -0.517866 2.259840 10.028076 6.704930 30.811417 2.212790 -3.946759 58.438955 2.593506 -4.186584 63.674391 0.000002 0.000001 -0.000003 -9.532504 -0.000047 -0.000023 -1.392522 -2.053002 38.157535 2.816544 -4.221792 67.185033 3.806223 -4.619027 79.494154 0.000002 0.000001 0.000002 -9.103596 -0.043072 -1.865133 -1.224465 -3.462995 50.878578 2.787679 -4.284287 66.214531 3.196682 -4.415496 71.451094 -0.000000 -0.000002 0.000002 -8.076689 -0.486705 -3.806285 -13.726863 -13.572731 53.601679 3.316750 -4.522915 75.182843 3.387938 -4.638670 75.391614 -0.000003 0.000000 -0.000001 4.570450 11.014737 -2.160864 1.447494 6.926866 -19.009398 -37.655263 -26.811616 -69.047919 0.000147 -110.992213 0.000242 26.693453 -0.959618 -12.875059 2.466150 -1.576197 2.681743 4.621622 20.771717 14.639513 -2.108545 0.472316 -2.322634 -10.262975 -8.241610 10.857918 -0.000002 0.000004 -0.000003 9.109310 -0.518030 2.259863 5.080288 4.373800 -35.321726 4.222179 5.625512 -73.740908 4.328518 5.643192 -74.898044 -0.000003 0.000010 -0.000005 9.533432 0.000028 0.000045 1.936176 6.645880 -46.670235 4.096495 5.586287 -72.533522 5.551992 5.844686 -87.053923 -0.000001 -0.000003 -0.000002 9.104548 -0.043041 -1.865072 3.018605 7.439262 -62.151586 4.119145 5.589029 -72.747443 5.321152 5.826419 -84.787817 -0.000001 0.000004 0.000002 8.077827 -0.486882 -3.806270 -9.857127 15.578026 -59.008682 5.988313 5.620229 -89.295830 5.949882 5.644700 -88.993868 -0.000002 -0.000013 0.000000 -8.207785 -6.751664 -1.599560 -12.274334 -3.513868 -13.500171 26.678620 -2.168078 -5.503086 -10.429112 -0.595578 4.030438 -3.351691 0.000002 -0.000002 -0.000001 -0.000000 -0.000001 8.207791 -6.751701 -1.599553 -19.469488 2.059613 3.281613 25.321306 -8.845007 6.208828 -7.616409 -2.745190 -9.049335 -2.984250 0.000000 -0.000002 0.000000 0.000000 -0.000000 
12.153332 100.150490 -2.469402 1.747393 9.966353 3.309217 -0.000004 10.181588 0.131521 17.831799 -2.374677 0.306231 1.380664 -6.333375 -2.536393 1.379403 -6.307017 -2.613811 0.000000 16.740410 -2.049033 -8.927452 -0.497201 3.150607 0.000002 9.617871 1.685003 -24.978335 1.131580 8.909242 0.000003 22.037338 7.501086 -0.000006 0.000000 -0.000000 -4.569969 11.014880 -2.160881 1.202314 -8.044474 1.146960 15.554320 -0.400205 59.899762 -0.000012 131.235706 -0.000013 19.287517 -3.865155 23.258133 -2.464804 -1.573965 2.681860 14.325555 -19.909274 0.661944 5.252378 -10.538657 -2.385877 2.711546 -24.972078 -22.634682 -0.000001 -0.000007 0.000001 -9.108285 -0.517872 2.259833 10.042548 6.683300 31.094508 2.232618 -3.958880 58.725222 2.614394 -4.196835 63.960883 0.000004 0.000005 -0.000001 -9.532515 -0.000064 -0.000034 -1.399927 -2.075280 38.441326 2.838054 -4.230952 67.472966 3.829186 -4.623197 79.781841 -0.000001 0.000007 0.000009 -9.103596 -0.043073 -1.865140 -1.290025 -3.435938 51.176039 2.806011 -4.292276 66.460801 3.221331 -4.423553 71.770241 0.000000 -0.000007 0.000013 -8.076693 -0.486720 -3.806289 -13.814984 -13.570665 53.906336 3.334339 -4.528139 75.408642 3.413034 -4.645712 75.712777 -0.000001 -0.000006 -0.000006 4.570447 11.014710 -2.160852 1.655455 7.585031 -20.864075 -39.372294 -29.797247 -69.941233 0.000123 -107.971118 0.000262 23.039063 -3.997489 -9.028112 2.466133 -1.576198 2.681747 4.622989 20.779257 14.640818 -2.126382 0.476087 -2.323717 -10.262980 -8.239889 10.858370 0.000000 0.000001 -0.000005 9.109295 -0.518036 2.259871 5.156157 4.499251 -36.730814 4.361425 5.663890 -75.157715 4.468479 5.678955 -76.315035 -0.000001 0.000008 0.000002 9.533430 0.000030 0.000054 2.052718 6.750773 -48.085539 4.234820 5.627768 -73.950164 5.696420 5.850256 -88.471591 -0.000001 0.000004 -0.000004 9.104542 -0.043044 -1.865074 3.066260 7.470023 -63.572238 4.256805 5.629701 -74.155582 5.465966 5.837735 -86.212786 0.000002 0.000002 -0.000004 8.077812 -0.486884 -3.806254 -9.725611 15.624500 -60.449824 6.132791 5.615082 -90.713129 6.094436 5.640480 -90.411392 0.000001 -0.000003 -0.000002 -8.207785 -6.751660 -1.599561 -10.661636 -3.545146 -14.158519 28.004821 -6.242418 -6.723177 -14.859000 -1.098316 5.831055 -1.583077 -0.000002 -0.000005 -0.000000 0.000000 0.000001 8.207790 -6.751695 -1.599559 -19.376880 0.934331 1.432750 27.661477 -8.791405 6.629612 -8.839461 -3.097315 -9.475409 -2.668914 -0.000001 -0.000003 -0.000000 0.000000 -0.000000 
11.115994 99.050133 -2.565730 -0.395806 11.444599 5.253544 -0.000005 10.181574 0.131523 18.464112 -2.323886 0.454989 1.332964 -5.888543 -4.324051 1.267860 -5.899066 -4.364143 -0.000001 16.740389 -2.049029 -8.024208 -0.529821 2.869948 0.000003 9.617908 1.685011 -22.218255 1.096242 7.853661 0.000002 22.037338 7.501103 -0.000006 -0.000000 -0.000000 -4.569972 11.014927 -2.160881 1.141492 -5.124034 0.610414 15.348584 -1.960412 63.311674 -0.000012 130.609855 -0.000002 18.006873 -4.242209 22.469202 -2.464811 -1.573981 2.681861 14.267811 -19.876404 0.579530 5.252347 -10.538614 -2.385891 2.711542 -24.971967 -22.634660 0.000000 -0.000004 -0.000003 -9.108284 -0.517868 2.259843 10.046324 6.675515 31.196145 2.239726 -3.963215 58.827866 2.621900 -4.200485 64.063527 0.000002 0.000003 -0.000001 -9.532505 -0.000051 -0.000021 -1.403117 -2.082592 38.543041 2.845770 -4.234253 67.576239 3.837454 -4.624688 79.885005 -0.000000 0.000000 0.000009 -9.103594 -0.043067 -1.865124 -1.313359 -3.426324 51.279462 2.812529 -4.295097 66.548200 3.230939 -4.426638 71.894448 -0.000001 -0.000003 -0.000002 -8.076693 -0.486704 -3.806275 -13.845708 -13.570375 54.015499 3.340665 -4.530010 75.489921 3.422069 -4.648188 75.828132 -0.000004 0.000003 -0.000004 4.570450 11.014688 -2.160853 1.683581 7.699199 -22.516448 -39.088192 -33.152621 -69.101256 0.000322 -102.485513 0.000468 16.207052 -8.092137 -4.506418 2.466136 -1.576209 2.681748 4.620782 20.766961 14.638680 -2.132072 0.477301 -2.324086 -10.266270 -8.254226 10.853708 0.000003 0.000007 -0.000007 9.109318 -0.518043 2.259880 5.235944 4.624263 -38.135839 4.501149 5.698724 -76.570205 4.608841 5.711139 -77.727580 -0.000004 0.000006 -0.000004 9.533417 0.000013 0.000051 2.172526 6.852951 -49.497107 4.373727 5.665721 -75.362566 5.840432 5.852308 -89.884504 0.000001 -0.000004 0.000005 9.104542 -0.043037 -1.865062 3.113795 7.501542 -64.988594 4.395014 5.666928 -75.559603 5.610549 5.845445 -87.632966 0.000001 0.000002 -0.000003 8.077819 -0.486884 -3.806256 -9.600237 15.669859 -61.884212 6.276618 5.606409 -92.125824 6.238328 5.632766 -91.824155 -0.000002 0.000002 -0.000001 -8.207785 -6.751677 -1.599559 -9.585038 -3.814552 -14.875886 31.046379 -8.489260 -7.581889 -19.816932 -1.468914 5.969601 -0.160071 0.000000 0.000004 0.000000 -0.000000 -0.000001 8.207791 -6.751704 -1.599560 -19.248793 -0.321796 -0.096205 31.041840 -8.782534 6.885591 -10.459029 -2.778665 -9.813732 -2.710954 0.000002 0.000000 -0.000000 0.000000 -0.000000 
10.095355 97.678223 -2.415548 -2.977504 13.111890 6.489018 -0.000004 10.181591 0.131523 18.492274 -1.955043 1.504252 1.708193 -5.170658 -5.764120 1.548914 -5.187955 -5.824821 -0.000001 16.740385 -2.049033 -6.416817 -0.552565 2.451395 -0.000000 9.617883 1.685011 -18.756753 0.817356 6.393638 0.000003 22.037369 7.501095 -0.000000 0.000000 -0.000000 -4.569969 11.014882 -2.160883 1.082280 -2.354994 0.802296 14.343331 -4.219049 66.617991 0.000001 130.187422 0.000005 19.974268 -3.662249 20.489994 -2.464814 -1.573964 2.681863 14.177490 -19.770304 0.497987 5.221068 -10.468045 -2.375564 2.685415 -24.903481 -22.615919 0.000006 -0.000009 0.000001 -9.108294 -0.517869 2.259845 10.015710 6.691223 30.871755 2.216850 -3.949235 58.497749 2.597802 -4.188715 63.733308 0.000000 0.000003 0.000003 -9.532514 -0.000036 -0.000018 -1.396197 -2.054716 38.215185 2.821017 -4.223726 67.244995 3.810969 -4.619893 79.553522 -0.000007 -0.000004 -0.000002 -9.103593 -0.043056 -1.865122 -1.239636 -3.454714 50.925569 2.791002 -4.285768 66.259324 3.205186 -4.418290 71.561149 -0.000002 -0.000000 -0.000011 -8.076708 -0.486720 -3.806279 -13.741238 -13.574057 53.660746 3.320800 -4.524118 75.235094 3.393757 -4.640326 75.466262 -0.000001 -0.000003 -0.000001 4.570451 11.014700 -2.160852 1.561178 7.814633 -22.923392 -37.742037 -36.077841 -68.602591 0.000454 -95.992148 0.000644 9.939856 -12.319347 -1.083937 2.466130 -1.576208 2.681734 4.620029 20.762851 14.637973 -2.127580 0.476348 -2.323825 -10.267700 -8.260362 10.851694 -0.000001 -0.000003 0.000004 9.109301 -0.518034 2.259872 5.319012 4.748209 -39.530215 4.640603 5.729905 -77.972080 4.748873 5.739701 -79.129360 -0.000001 0.000002 0.000001 9.533428 0.000016 0.000050 2.294929 6.951794 -50.898051 4.512430 5.700020 -76.764155 5.983397 5.850817 -91.286981 -0.000003 -0.000002 -0.000001 9.104525 -0.043041 -1.865076 3.161143 7.533763 -66.393940 4.533033 5.700513 -76.953043 5.754175 5.849584 -89.042588 0.000001 0.000006 0.000000 8.077797 -0.486882 -3.806270 -9.483885 15.715572 -63.305137 6.419100 5.594314 -93.527590 6.380886 5.621598 -93.226154 0.000001 -0.000000 -0.000001 -8.207786 -6.751659 -1.599560 -8.928306 -3.832583 -14.925855 36.450449 -8.499365 -7.952086 -23.129655 -3.642815 6.453263 -0.080234 0.000001 0.000004 -0.000000 0.000000 0.000002 8.207790 -6.751693 -1.599554 -19.556152 -1.865758 -0.906597 36.078955 -8.805887 7.389310 -12.425049 -2.587085 -10.171467 -3.314064 0.000001 0.000002 0.000000 -0.000000 -0.000000 
9.153159 96.148346 -2.213838 -6.502674 14.963249 6.847457 -0.000006 10.181581 0.131521 18.878334 -1.385632 3.179548 2.569909 -4.491865 -6.246013 2.343181 -4.518347 -6.334323 -0.000001 16.740381 -2.049036 -4.733926 -0.549844 1.771231 0.000003 9.617880 1.685016 -15.028679 0.119207 5.253954 0.000003 22.037369 7.501097 0.000000 0.000001 0.000000 -4.569972 11.014934 -2.160887 1.002846 -0.420030 1.165231 10.710924 -5.832464 67.799210 -0.000029 130.384104 0.000021 21.763341 -1.986882 18.655501 -2.464816 -1.573978 2.681863 14.022583 -19.528322 0.411542 5.130492 -10.263379 -2.339527 2.613052 -24.700474 -22.561006 0.000001 -0.000001 -0.000003 -9.108287 -0.517866 2.259835 9.928565 6.739133 29.922512 2.150408 -3.907649 57.532391 2.527713 -4.153456 62.767205 0.000002 -0.000008 0.000001 -9.532520 -0.000044 -0.000023 -1.375551 -1.973405 37.256855 2.748924 -4.192125 66.275668 3.733655 -4.604971 78.583662 -0.000000 -0.000005 0.000005 -9.103598 -0.043074 -1.865134 -1.027884 -3.543644 49.900498 2.728414 -4.257886 65.415590 3.128334 -4.392390 70.562350 0.000004 -0.000004 -0.000006 -8.076691 -0.486715 -3.806295 -13.440691 -13.593322 52.620481 3.262905 -4.506421 74.489558 3.311442 -4.616361 74.410813 -0.000001 0.000002 -0.000004 4.570446 11.014705 -2.160859 1.521332 8.823819 -22.943871 -36.232176 -39.522627 -68.812728 -0.001974 -88.538028 -0.002205 2.413058 -16.001702 0.893859 2.466125 -1.576205 2.681734 4.621966 20.773563 14.639853 -2.120702 0.474890 -2.323378 -10.265965 -8.252137 10.854329 -0.000001 -0.000002 -0.000001 9.109309 -0.518036 2.259880 5.404760 4.872247 -40.907639 4.779091 5.757349 -79.356963 4.887829 5.764534 -80.514174 0.000003 -0.000000 0.000005 9.533401 0.000023 0.000042 2.419097 7.046739 -52.282670 4.650240 5.730547 -78.148818 6.124512 5.845922 -92.672082 -0.000002 0.000001 -0.000004 9.104533 -0.043050 -1.865075 3.208046 7.566408 -67.781889 4.670171 5.730391 -78.329880 5.896133 5.850199 -90.435133 0.000005 -0.000002 -0.000002 8.077792 -0.486886 -3.806256 -9.375708 15.761076 -64.706405 6.559490 5.578983 -94.912131 6.521403 5.607162 -94.610913 0.000002 -0.000002 -0.000000 -8.207788 -6.751688 -1.599560 -7.416370 -4.145287 -13.816324 42.374757 -8.421897 -7.424761 -26.540807 -6.203894 3.818182 -0.087224 -0.000002 0.000008 -0.000000 -0.000000 0.000000 8.207791 -6.751713 -1.599557 -19.038538 -3.094246 -0.542282 41.352052 -8.768383 8.376410 -15.144010 -3.041921 -10.903808 -3.321778 0.000001 -0.000001 0.000000 -0.000000 0.000000 
8.237566 94.879761 -1.943564 -10.699936 16.538659 6.919978 -0.000005 10.181584 0.131521 19.399498 -0.855677 4.581900 3.682171 -3.992879 -5.696848 3.469000 -4.023607 -5.808050 0.000001 16.740393 -2.049036 -2.900761 -0.444515 0.928965 0.000000 9.617884 1.685012 -10.857272 -0.537073 4.125079 0.000001 22.037369 7.501095 0.000000 0.000000 -0.000000 -4.569968 11.014878 -2.160880 0.911456 0.907803 3.387652 4.395405 -6.715216 64.544366 -0.000022 128.996524 0.000019 20.599145 0.239409 17.342528 -2.464809 -1.573956 2.681859 13.811086 -19.166441 0.322124 4.987448 -9.939500 -2.281806 2.498296 -24.380188 -22.474562 0.000002 -0.000003 0.000004 -9.108285 -0.517883 2.259844 9.797273 6.820494 28.420180 2.046737 -3.839567 56.005523 2.418104 -4.095337 61.239360 0.000002 -0.000012 0.000008 -9.532519 -0.000045 -0.000016 -1.339893 -1.847372 35.741051 2.636022 -4.139665 64.742666 3.611880 -4.578665 77.049274 0.000000 0.000009 -0.000003 -9.103607 -0.043079 -1.865128 -0.703384 -3.700581 48.282242 2.630185 -4.211866 64.079687 3.008015 -4.348770 68.986256 0.000004 -0.000010 -0.000004 -8.076688 -0.486725 -3.806274 -12.983012 -13.652618 50.967565 3.171762 -4.476865 73.310510 3.183104 -4.575683 72.752976 -0.000001 -0.000011 -0.000007 4.570451 11.014694 -2.160851 1.581349 10.335104 -23.452404 -33.725483 -43.926951 -67.646173 -0.000273 -79.990415 -0.000258 -6.449169 -19.356263 2.982237 2.466142 -1.576203 2.681745 4.620795 20.767074 14.638702 -2.117799 0.474295 -2.323195 -10.267332 -8.258845 10.852184 0.000003 0.000007 0.000000 9.109324 -0.518044 2.259882 5.492555 4.996915 -42.262219 4.915839 5.781070 -80.718499 5.025018 5.785697 -81.875841 -0.000001 0.000008 0.000005 9.533437 0.000020 0.000041 2.544794 7.137734 -53.644306 4.786419 5.757333 -79.510205 6.263104 5.837829 -94.033960 0.000000 0.000005 -0.000004 9.104573 -0.043035 -1.865066 3.254589 7.599457 -69.146581 4.805694 5.756559 -79.683719 6.035611 5.847476 -91.803780 0.000000 0.000006 -0.000003 8.077829 -0.486882 -3.806263 -9.275637 15.804554 -66.082203 6.697157 5.560577 -96.273470 6.659155 5.589671 -95.972217 -0.000001 -0.000000 0.000001 -8.207785 -6.751659 -1.599561 -4.665341 -5.397732 -12.637558 46.683284 -8.312866 -6.207060 -29.347960 -7.283439 1.032207 -0.109728 0.000002 0.000013 -0.000000 0.000000 0.000002 8.207793 -6.751682 -1.599552 -16.788588 -3.679122 0.678051 44.876552 -8.693068 9.665585 -18.190380 -3.824117 -11.921907 -2.371767 0.000001 -0.000002 0.000000 -0.000000 -0.000000 
7.182514 94.043449 -1.604970 -14.766300 17.895357 7.192907 -0.000006 10.181598 0.131518 19.552689 -0.420028 5.273346 4.619146 -3.478186 -4.790282 4.454281 -3.486666 -4.915933 0.000000 16.740402 -2.049037 -0.518936 -0.397213 0.255260 -0.000001 9.617894 1.685006 -6.399149 -1.440723 3.005553 0.000003 22.037369 7.501093 0.000002 0.000000 -0.000000 -4.569970 11.014915 -2.160885 0.831414 1.950294 5.016311 -1.838201 -7.047472 62.187472 0.000013 125.844077 0.000002 20.081255 3.401930 15.589816 -2.464804 -1.573982 2.681846 13.551425 -18.701647 0.231456 4.795028 -9.516660 -2.195880 2.354432 -23.955065 -22.361387 0.000004 -0.000003 0.000004 -9.108274 -0.517868 2.259820 9.636815 6.937512 26.439468 1.913050 -3.745706 53.994578 2.276149 -4.014336 59.227070 0.000001 0.000005 -0.000006 -9.532502 -0.000038 -0.000039 -1.286183 -1.688566 33.743829 2.489594 -4.066033 62.724400 3.452565 -4.539064 75.027456 0.000003 0.000010 -0.000002 -9.103599 -0.043061 -1.865146 -0.296317 -3.936874 46.152623 2.502150 -4.147607 62.315682 2.853050 -4.287007 66.931906 0.000003 -0.000005 -0.000004 -8.076710 -0.486711 -3.806292 -12.415964 -13.782936 48.777137 3.052575 -4.435018 71.755802 3.017750 -4.517134 70.593092 -0.000000 -0.000005 -0.000000 4.570451 11.014716 -2.160856 1.516170 11.156004 -23.514367 -30.091027 -47.475217 -65.236223 -0.000217 -71.144896 -0.000177 -6.860428 -22.126181 6.021959 2.466141 -1.576207 2.681731 4.623149 20.780070 14.640960 -2.126917 0.476196 -2.323757 -10.263490 -8.241503 10.857830 0.000002 0.000008 -0.000003 9.109312 -0.518047 2.259876 5.584589 5.119506 -43.587696 5.050144 5.801158 -82.050625 5.159679 5.803224 -83.207905 0.000002 0.000002 0.000002 9.533416 0.000020 0.000047 2.670648 7.223917 -54.976999 4.920213 5.780409 -80.842078 6.398444 5.826733 -95.366086 -0.000002 0.000000 -0.000003 9.104531 -0.043033 -1.865074 3.300529 7.632606 -70.481453 4.938844 5.779069 -81.008455 6.171975 5.841611 -93.142586 0.000002 0.000003 0.000000 8.077812 -0.486882 -3.806260 -9.183855 15.846005 -67.426637 6.831321 5.539461 -97.604974 6.793472 5.569436 -97.303831 0.000003 -0.000001 -0.000001 -8.207783 -6.751673 -1.599562 -1.094456 -7.343976 -12.061680 48.675709 -8.280605 -4.748304 -31.233758 -6.564214 1.057659 -0.131718 0.000001 0.000006 0.000000 -0.000000 -0.000000 8.207792 -6.751712 -1.599558 -14.054365 -3.513189 2.935325 46.677735 -8.599037 9.910445 -20.433693 -6.139151 -12.788290 -1.502322 -0.000003 -0.000001 0.000000 -0.000000 -0.000000 
5.935445 93.564484 -1.360137 -18.209161 19.147896 7.245355 -0.000007 10.181581 0.131527 19.584659 -0.083756 5.716847 5.261253 -3.004747 -4.007095 5.139700 -2.990201 -4.130697 0.000001 16.740387 -2.049033 1.954663 -0.499250 0.001279 0.000003 9.617861 1.685008 -2.561510 -2.652444 2.476061 0.000002 22.037384 7.501092 -0.000000 -0.000001 0.000000 -4.569969 11.014909 -2.160880 0.683570 1.919508 7.919392 -8.155686 -6.112942 59.462964 -0.000002 122.148808 0.000002 20.818408 6.709670 13.324524 -2.464810 -1.573974 2.681863 13.251807 -18.150772 0.141329 4.563219 -9.008810 -2.090664 2.184986 -23.444334 -22.215926 0.000007 -0.000014 0.000002 -9.108279 -0.517867 2.259845 9.463360 7.092025 24.054973 1.756805 -3.626742 51.576944 2.109402 -3.910421 56.807790 -0.000004 -0.000001 -0.000001 -9.532488 -0.000053 -0.000020 -1.212319 -1.509017 31.341067 2.317189 -3.970777 60.299021 3.262928 -4.484079 72.595724 -0.000002 0.000004 0.000002 -9.103613 -0.043070 -1.865128 0.160127 -4.263495 43.593143 2.350403 -4.064909 60.187436 2.672515 -4.206703 64.498556 0.000003 -0.000006 0.000001 -8.076714 -0.486707 -3.806286 -11.793018 -14.014306 46.124448 2.910451 -4.380347 69.881475 2.824906 -4.439828 68.034906 0.000003 -0.000001 -0.000002 4.570449 11.014722 -2.160856 1.335458 11.061638 -23.403761 -24.922228 -48.989802 -61.137795 -0.000099 -64.419052 -0.000083 -0.435924 -23.290590 8.633952 2.466140 -1.576218 2.681727 4.619081 20.757590 14.637056 -2.111978 0.473054 -2.322828 -10.267382 -8.260963 10.851594 0.000004 0.000011 0.000002 9.109301 -0.518039 2.259865 5.680421 5.239299 -44.877563 5.181262 5.817703 -83.346947 5.291068 5.817322 -84.504200 0.000000 0.000001 0.000001 9.533414 0.000026 0.000040 2.796682 7.305621 -56.273963 5.050883 5.799877 -82.138202 6.529868 5.812930 -96.662463 0.000002 0.000001 -0.000004 9.104552 -0.043046 -1.865077 3.345619 7.665623 -71.780350 5.068898 5.798052 -82.297796 6.304464 5.832861 -94.445110 -0.000001 0.000008 -0.000004 8.077817 -0.486895 -3.806270 -9.100331 15.885495 -68.733341 6.961355 5.515933 -98.900518 6.923663 5.546746 -98.599573 0.000001 -0.000001 -0.000004 -8.207788 -6.751686 -1.599556 2.586743 -8.782911 -10.903895 49.167670 -8.218850 -3.378459 -32.252071 -6.005987 2.284817 -0.134330 0.000002 0.000000 -0.000000 0.000001 0.000001 8.207788 -6.751691 -1.599550 -12.281009 -1.956335 6.377198 47.788173 -8.339816 9.883642 -21.242537 -11.188730 -13.808002 -1.753788 0.000003 0.000000 0.000000 0.000000 -0.000000 
4.735019 93.307175 -1.269950 -20.282696 20.116932 6.627955 -0.000005 10.181587 0.131522 19.121477 0.202284 6.486409 6.098187 -2.700843 -3.467718 5.983021 -2.677428 -3.602201 0.000001 16.740379 -2.049036 3.722103 -0.695502 0.085840 -0.000001 9.617899 1.685007 -0.468881 -3.575147 1.765058 0.000002 22.037338 7.501103 -0.000003 -0.000000 0.000000 -4.569972 11.014909 -2.160888 0.535031 0.833328 12.035592 -14.819065 -2.910974 56.240713 -0.000045 118.568027 0.000030 19.997173 9.629780 10.934413 -2.464825 -1.573992 2.681858 12.920552 -17.530726 0.053393 4.299462 -8.431714 -1.968667 1.991589 -22.864524 -22.049290 0.000002 -0.000007 -0.000001 -9.108296 -0.517878 2.259831 9.293246 7.284033 21.341300 1.585538 -3.483676 48.830057 1.925426 -3.783942 54.058772 0.000003 -0.000003 -0.000004 -9.532534 -0.000065 -0.000020 -1.117761 -1.320674 28.608594 2.126491 -3.853876 57.544904 3.050462 -4.411836 69.831847 0.000001 -0.000009 0.000004 -9.103604 -0.043096 -1.865128 0.631375 -4.687768 40.685600 2.181085 -3.963680 57.758511 2.475207 -4.108114 61.782353 0.000004 -0.000001 -0.000004 -8.076709 -0.486720 -3.806280 -11.171337 -14.368987 43.087545 2.750366 -4.312229 67.739952 2.614230 -4.343570 65.182947 -0.000001 -0.000000 -0.000004 4.570447 11.014728 -2.160859 1.305699 11.347098 -24.144710 -18.216859 -49.960877 -54.901002 -0.000094 -60.596509 -0.000051 1.176999 -23.540367 8.677403 2.466141 -1.576202 2.681725 4.621402 20.770516 14.639319 -2.108736 0.472364 -2.322634 -10.261383 -8.234244 10.860311 0.000001 0.000000 0.000001 9.109307 -0.518048 2.259866 5.777551 5.355650 -46.126009 5.308435 5.830921 -84.601243 5.418454 5.828116 -85.758264 -0.000001 0.000002 -0.000000 9.533405 0.000012 0.000031 2.921502 7.382209 -57.529413 5.177731 5.815920 -83.392273 6.656669 5.796771 -97.916308 0.000001 -0.000002 0.000003 9.104550 -0.043030 -1.865082 3.389899 7.698368 -73.037050 5.195140 5.813600 -83.545460 6.432352 5.821517 -95.704583 0.000001 0.000003 0.000000 8.077818 -0.486894 -3.806268 -9.024787 15.926960 -69.995007 7.086636 5.490381 -100.153851 7.049110 5.522017 -99.853049 0.000001 0.000000 0.000001 -8.207786 -6.751674 -1.599562 5.035582 -9.282982 -9.138178 49.234999 -8.130972 -1.985696 -32.704076 -5.981954 2.773722 -0.126533 -0.000001 0.000009 0.000000 -0.000000 -0.000000 8.207790 -6.751705 -1.599555 -12.992729 0.620381 10.716159 49.443620 -7.800414 9.861274 -20.737190 -17.141362 -16.949678 -1.946126 0.000001 -0.000006 0.000000 0.000000 0.000000 
3.738199 93.412094 -1.323532 -20.773047 20.586573 5.746644 -0.000005 10.181585 0.131530 17.950809 0.416262 7.173760 7.032206 -2.649677 -3.154199 6.898272 -2.648497 -3.315309 0.000001 16.740395 -2.049033 4.987303 -0.840494 0.438260 0.000001 9.617902 1.684999 -0.164419 -3.692580 0.395060 0.000003 22.037369 7.501090 0.000001 0.000001 -0.000000 -4.569971 11.014899 -2.160879 0.436548 0.616743 14.913486 -20.585328 0.338499 54.634437 -0.000055 115.528893 0.000040 19.216525 11.956356 8.840702 -2.464806 -1.573975 2.681851 12.565831 -16.858369 -0.030806 4.010860 -7.802002 -1.832522 1.779202 -22.231726 -21.865621 0.000001 -0.000000 0.000004 -9.108276 -0.517868 2.259830 9.141776 7.511015 18.373330 1.406604 -3.318281 45.831068 1.731714 -3.635890 51.057351 0.000000 -0.000004 -0.000000 -9.532504 -0.000039 -0.000021 -1.003846 -1.134884 25.622490 1.925097 -3.716052 54.540280 2.822741 -4.321408 66.814126 -0.000003 0.000005 -0.000005 -9.103596 -0.043071 -1.865134 1.083309 -5.210642 37.511481 2.000385 -3.844413 55.092685 2.269285 -3.992294 58.873020 -0.000004 0.000009 0.000003 -8.076692 -0.486715 -3.806280 -10.607054 -14.857243 39.746035 2.577113 -4.230344 65.381351 2.394863 -4.229400 62.138117 0.000001 0.000003 -0.000003 4.570450 11.014732 -2.160854 1.246662 12.303905 -23.700410 -13.636053 -48.872343 -51.960329 -0.000094 -58.403554 -0.000048 1.508375 -22.657655 8.450166 2.466133 -1.576192 2.681734 4.620728 20.766692 14.638629 -2.115193 0.473734 -2.323033 -10.262310 -8.240312 10.858440 0.000003 0.000006 0.000000 9.109317 -0.518035 2.259872 5.875024 5.467715 -47.326483 5.430944 5.840998 -85.807141 5.541100 5.835907 -86.963806 0.000003 0.000004 0.000000 9.533427 0.000017 0.000038 3.044000 7.453371 -58.736813 5.299929 5.828724 -84.597740 6.778229 5.778612 -99.122089 0.000001 -0.000002 -0.000013 9.104548 -0.043047 -1.865073 3.433096 7.730530 -74.245249 5.316802 5.826010 -84.745121 6.555072 5.808004 -96.915487 -0.000001 -0.000001 -0.000002 8.077818 -0.486886 -3.806267 -8.956913 15.967918 -71.206177 7.206519 5.463270 -101.358621 7.169154 5.495694 -101.057771 0.000000 0.000002 -0.000000 -8.207785 -6.751681 -1.599554 5.970924 -9.713174 -8.246167 48.567085 -8.219942 -0.412477 -32.496432 -4.966232 3.559775 -0.108309 -0.000001 0.000007 0.000000 -0.000000 -0.000001 8.207794 -6.751719 -1.599553 -15.552692 2.977665 14.709431 50.649968 -7.289567 8.901345 -17.536284 -18.376168 -20.176237 -2.436249 -0.000006 -0.000002 -0.000000 0.000000 -0.000000 
2.837004 93.940010 -1.551643 -20.447674 20.452993 5.161938 -0.000005 10.181580 0.131522 17.736628 0.602198 7.115283 7.519783 -2.445441 -3.066064 7.349489 -2.502501 -3.249276 0.000000 16.740391 -2.049030 6.076304 -0.987265 1.183730 0.000001 9.617898 1.685006 -0.959984 -3.446331 -0.238327 0.000002 22.037354 7.501090 -0.000001 0.000001 -0.000000 -4.569970 11.014909 -2.160883 0.234539 1.855935 16.208042 -24.652502 0.875664 54.350459 -0.000032 114.722753 0.000005 21.684201 13.907063 7.063038 -2.464816 -1.573968 2.681858 12.195746 -16.150553 -0.109971 3.704782 -7.135777 -1.685139 1.552998 -21.562421 -21.669240 -0.000000 0.000001 0.000000 -9.108301 -0.517867 2.259841 9.021628 7.768620 15.225931 1.226929 -3.133275 42.657229 1.535454 -3.468397 47.881170 0.000001 -0.000005 0.000003 -9.532524 -0.000041 -0.000024 -0.874451 -0.960339 22.459004 1.720272 -3.558969 51.362773 2.587294 -4.212851 63.621156 0.000000 0.000001 0.000007 -9.103606 -0.043077 -1.865129 1.484740 -5.825359 34.151998 1.814287 -3.708333 52.254523 2.061922 -3.861067 55.851355 0.000001 0.000002 0.000002 -8.076715 -0.486712 -3.806281 -10.151408 -15.474067 36.182258 2.395437 -4.134774 62.855000 2.174859 -4.099318 58.991360 0.000001 -0.000009 -0.000006 4.570447 11.014716 -2.160851 0.991745 13.018383 -21.555911 -11.970879 -45.636128 -53.280888 -0.000074 -57.572573 -0.000032 3.901789 -21.252552 9.702216 2.466136 -1.576185 2.681739 4.623856 20.784003 14.641663 -2.123068 0.475393 -2.323518 -10.258340 -8.223438 10.863938 0.000001 0.000006 -0.000003 9.109304 -0.518043 2.259868 5.972144 5.574755 -48.472664 5.548094 5.848244 -86.958308 5.658345 5.840937 -88.115027 0.000002 0.000006 -0.000004 9.533411 0.000023 0.000032 3.163416 7.519098 -59.889585 5.416844 5.838589 -85.748667 6.893885 5.758959 -100.272990 0.000000 0.000002 -0.000000 9.104536 -0.043034 -1.865084 3.475659 7.762022 -75.398492 5.433189 5.835483 -85.890653 6.671864 5.792727 -98.070998 0.000001 0.000001 -0.000006 8.077815 -0.486887 -3.806273 -8.896434 16.008109 -72.360800 7.320383 5.435054 -102.508715 7.283252 5.468210 -102.208167 0.000000 0.000004 -0.000003 -8.207787 -6.751676 -1.599562 6.190057 -10.156572 -8.234036 47.007315 -8.549052 0.917296 -31.556782 -3.231212 4.816592 -0.088835 0.000001 -0.000003 -0.000000 0.000000 -0.000000 8.207792 -6.751711 -1.599559 -17.692101 4.784597 17.248097 49.916098 -7.221605 7.578083 -12.775221 -11.567734 -20.163625 -1.665258 -0.000011 -0.000005 0.000000 -0.000000 -0.000000 
2.069118 94.703987 -2.111530 -19.421609 19.431690 4.310045 -0.000006 10.181580 0.131518 18.730044 0.717225 6.794256 7.513737 -2.157237 -3.221560 7.330232 -2.300612 -3.374597 0.000001 16.740400 -2.049032 6.737622 -0.960450 2.216525 0.000001 9.617865 1.685008 -3.186332 -2.582474 0.253487 0.000002 22.037354 7.501094 0.000004 0.000000 -0.000000 -4.569973 11.014885 -2.160880 0.122908 2.629029 16.877486 -28.379542 1.347575 55.040106 -0.000039 114.388887 0.000039 23.384573 15.697059 6.059870 -2.464806 -1.573964 2.681857 11.818379 -15.423819 -0.182989 3.388398 -6.449372 -1.529626 1.318492 -20.873430 -21.464648 0.000003 0.000006 -0.000005 -9.108286 -0.517852 2.259839 8.942829 8.046131 11.974710 1.052719 -2.932398 39.385750 1.343175 -3.284581 44.607187 -0.000001 -0.000003 -0.000006 -9.532510 -0.000040 -0.000020 -0.734256 -0.805585 19.194129 1.518747 -3.385573 48.090153 2.351472 -4.087461 60.331908 -0.000005 -0.000002 0.000003 -9.103584 -0.043077 -1.865131 1.809683 -6.517120 30.687743 1.628536 -3.557547 49.309031 1.859035 -3.717042 52.788128 -0.000003 -0.000002 -0.000004 -8.076685 -0.486696 -3.806282 -9.845368 -16.199638 32.480377 2.209994 -4.026322 60.210993 1.960796 -3.956302 55.821978 0.000001 0.000004 -0.000004 4.570448 11.014709 -2.160855 0.742278 12.851542 -20.004712 -9.446564 -41.535818 -53.064703 -0.000086 -58.589001 -0.000065 3.229309 -20.196835 11.686548 2.466132 -1.576198 2.681720 4.622449 20.776172 14.640287 -2.132124 0.477292 -2.324100 -10.260041 -8.233431 10.860830 0.000003 0.000005 -0.000013 9.109307 -0.518036 2.259859 6.067616 5.676153 -49.558230 5.659104 5.852885 -88.048522 5.769448 5.843523 -89.205194 0.000000 0.000001 0.000000 9.533430 0.000019 0.000027 3.278852 7.579369 -60.981486 5.527775 5.845753 -86.838738 7.003053 5.738143 -101.363095 0.000001 0.000002 0.000002 9.104531 -0.043033 -1.865088 3.516167 7.792281 -76.490674 5.543582 5.842331 -86.975738 6.782128 5.776095 -99.165037 -0.000000 -0.000001 0.000003 8.077806 -0.486882 -3.806269 -8.843100 16.047429 -73.452626 7.427670 5.406204 -103.597734 7.390749 5.440066 -103.297670 -0.000000 -0.000001 -0.000004 -8.207786 -6.751675 -1.599558 5.534885 -9.928531 -8.024485 45.097284 -8.838193 1.523030 -30.038042 -1.722052 5.764186 -0.077157 -0.000000 -0.000000 0.000000 -0.000000 -0.000001 8.207789 -6.751695 -1.599554 -18.881708 6.195753 18.564647 48.243938 -7.590013 7.016106 -12.683400 -2.482271 -14.771681 0.113440 0.000004 -0.000005 0.000000 0.000001 -0.000000 
1.607921 95.713181 -2.856165 -16.908722 17.180781 2.824290 -0.000006 10.181586 0.131523 19.206564 0.813213 6.525923 7.311392 -1.879020 -3.472645 7.141476 -2.106680 -3.575586 0.000002 16.740391 -2.049034 6.817419 -0.642242 3.153143 0.000000 9.617889 1.685005 -7.440994 -0.615749 0.566123 0.000002 22.037354 7.501099 0.000004 0.000001 -0.000000 -4.569968 11.014921 -2.160885 0.187504 2.319322 17.251941 -32.221841 3.803393 56.339451 -0.000014 113.334210 0.000028 22.803821 17.109935 5.310921 -2.464811 -1.573974 2.681858 11.441758 -14.695073 -0.249184 3.069176 -5.759194 -1.369526 1.080240 -20.179539 -21.256857 0.000004 -0.000003 -0.000003 -9.108279 -0.517867 2.259838 8.910655 8.336155 8.695286 0.889258 -2.720479 36.093575 1.160588 -3.088753 41.312621 0.000003 0.000000 -0.000000 -9.532492 -0.000045 -0.000027 -0.589519 -0.676114 15.904635 1.326397 -3.199820 44.799453 2.121991 -3.947954 57.024860 0.000001 0.000010 0.000001 -9.103594 -0.043090 -1.865127 2.039870 -7.263845 27.198858 1.448439 -3.395175 46.324262 1.665414 -3.563454 49.745528 -0.000005 -0.000004 0.000003 -8.076683 -0.486713 -3.806286 -9.714990 -17.001521 28.726273 2.025478 -3.906480 57.503615 1.757735 -3.803843 52.696262 -0.000001 -0.000011 -0.000004 4.570447 11.014718 -2.160860 0.583010 12.762251 -18.924229 -5.609792 -38.128148 -51.309815 -0.000086 -60.738960 -0.000064 0.349299 -19.079302 14.127714 2.466139 -1.576213 2.681727 4.620921 20.767716 14.638788 -2.118059 0.474328 -2.323207 -10.261436 -8.241935 10.858175 0.000004 0.000003 -0.000006 9.109313 -0.518036 2.259854 6.160337 5.771309 -50.577424 5.763375 5.855370 -89.071534 5.873683 5.844044 -90.227905 -0.000000 0.000001 -0.000000 9.533424 0.000010 0.000031 3.389216 7.634044 -62.006780 5.631882 5.850569 -87.861381 7.105054 5.716808 -102.385430 0.000002 0.000001 -0.000002 9.104548 -0.043040 -1.865092 3.554395 7.821023 -77.515605 5.647304 5.846834 -87.994065 6.885263 5.758572 -100.191041 0.000000 0.000006 0.000001 8.077820 -0.486898 -3.806281 -8.796462 16.085545 -74.475590 7.527832 5.377326 -104.619524 7.491031 5.411859 -104.318879 0.000001 -0.000004 -0.000001 -8.207787 -6.751657 -1.599556 3.357939 -9.013394 -7.709217 42.550839 -7.241934 1.554972 -27.886151 -1.514298 5.635223 -0.071291 -0.000000 -0.000001 -0.000000 0.000000 -0.000000 8.207795 -6.751697 -1.599551 -19.724072 7.057792 19.372027 45.157242 -7.795145 6.892767 -13.766018 1.336297 -11.990467 0.120447 -0.000006 -0.000002 -0.000000 -0.000001 0.000000 
1.536799 96.960350 -3.456343 -13.004957 13.949223 1.036804 -0.000006 10.181594 0.131520 18.809404 0.915863 6.039932 7.010737 -1.398638 -3.584600 6.841681 -1.665530 -3.679916 -0.000001 16.740408 -2.049038 6.377941 -0.241593 3.787898 -0.000000 9.617917 1.685016 -12.597507 2.009561 0.165188 0.000002 22.037354 7.501097 0.000000 -0.000000 -0.000000 -4.569973 11.014927 -2.160887 0.136962 2.595416 18.047298 -35.450505 6.790026 56.300143 -0.000022 113.152841 0.000019 25.804683 18.703826 1.357722 -2.464805 -1.573961 2.681860 11.073903 -13.980735 -0.307937 2.754294 -5.080945 -1.208463 0.845051 -19.499113 -21.050156 -0.000002 0.000000 0.000015 -9.108284 -0.517871 2.259835 8.926116 8.626522 5.464180 0.740696 -2.503304 32.857561 0.992363 -2.886321 38.074292 -0.000001 -0.000003 0.000002 -9.532500 -0.000043 -0.000022 -0.446978 -0.574455 12.667011 1.148137 -3.006896 41.567514 1.904901 -3.798339 53.778396 -0.000001 -0.000004 0.000008 -9.103569 -0.043086 -1.865126 2.166627 -8.038284 23.764960 1.278697 -3.225353 43.369662 1.484831 -3.404051 46.780717 -0.000006 -0.000008 -0.000007 -8.076677 -0.486705 -3.806283 -9.768166 -17.838883 25.007568 1.846585 -3.777872 54.792327 1.569387 -3.645897 49.670830 -0.000002 -0.000012 0.000003 4.570447 11.014691 -2.160856 0.418937 13.825759 -16.912568 -1.238292 -36.444933 -50.265578 -0.000174 -63.359922 -0.000135 -0.349807 -17.585493 16.431138 2.466135 -1.576210 2.681732 4.620274 20.764294 14.638214 -2.109926 0.472612 -2.322681 -10.261494 -8.244318 10.857509 0.000002 0.000002 -0.000001 9.109315 -0.518030 2.259871 6.249247 5.859320 -51.523255 5.860159 5.856026 -90.021039 5.970495 5.842877 -91.177425 0.000002 0.000002 0.000009 9.533418 0.000018 0.000041 3.493620 7.683312 -62.958129 5.728611 5.853398 -88.810689 7.199424 5.695357 -103.334683 -0.000002 -0.000002 0.000003 9.104537 -0.043043 -1.865073 3.590064 7.848053 -78.466723 5.743647 5.849392 -88.939390 6.980646 5.740686 -101.143101 -0.000001 0.000000 -0.000001 8.077793 -0.486898 -3.806272 -8.755762 16.122013 -75.424454 7.620305 5.348933 -105.567759 7.583731 5.384047 -105.267497 -0.000001 0.000001 -0.000001 -8.207786 -6.751654 -1.599562 0.068569 -7.989964 -7.617719 39.046788 -4.885529 1.469829 -25.123543 -1.248589 5.037177 -0.068726 -0.000001 0.000002 0.000000 -0.000000 -0.000000 8.207794 -6.751698 -1.599555 -20.309492 7.705057 19.682486 40.314351 -7.295947 6.749532 -15.059881 2.028633 -11.317940 0.127629 0.000002 0.000008 0.000000 -0.000000 0.000000 
1.813751 98.269600 -3.855624 -8.527356 10.174062 -0.707489 -0.000006 10.181595 0.131520 18.194406 1.028597 5.347315 6.536838 -0.701887 -3.486564 6.360622 -0.970395 -3.599611 -0.000000 16.740379 -2.049031 5.406741 0.040387 4.246978 0.000001 9.617867 1.685013 -17.745842 4.450231 -0.676471 0.000003 22.037369 7.501091 -0.000003 0.000001 -0.000000 -4.569971 11.014902 -2.160881 -0.027465 3.498186 18.934770 -38.087269 8.846435 55.291969 0.000006 114.724994 -0.000013 29.434335 19.356324 -3.017473 -2.464811 -1.573972 2.681856 10.722939 -13.297498 -0.358871 2.451416 -4.431117 -1.050688 0.617584 -18.846471 -20.849873 -0.000000 -0.000007 0.000001 -9.108288 -0.517867 2.259837 8.985216 8.905976 2.358463 0.609956 -2.287409 29.754456 0.842006 -2.683495 34.969121 0.000000 0.000007 0.000006 -9.532525 -0.000046 -0.000022 -0.313322 -0.499326 9.558813 0.987788 -2.812820 38.470624 1.705224 -3.643719 50.669304 0.000000 0.000003 0.000007 -9.103609 -0.043098 -1.865129 2.191450 -8.809614 20.466194 1.123355 -3.053295 40.517263 1.320246 -3.243233 43.948780 0.000001 0.000002 -0.000007 -8.076701 -0.486709 -3.806277 -9.992936 -18.668002 21.414183 1.677776 -3.644119 52.142484 1.398503 -3.486934 46.798697 0.000001 -0.000000 -0.000002 4.570451 11.014711 -2.160854 0.209124 15.221503 -14.443478 4.194733 -35.090609 -49.331103 -0.000141 -67.566362 -0.000122 0.571402 -15.376655 18.138049 2.466130 -1.576197 2.681748 4.621926 20.773358 14.639804 -2.106892 0.471977 -2.322511 -10.258615 -8.232896 10.861308 0.000006 0.000009 -0.000003 9.109303 -0.518018 2.259874 6.333047 5.939834 -52.390041 5.948831 5.855237 -90.890768 6.059086 5.840416 -92.046887 0.000002 0.000003 -0.000002 9.533401 0.000035 0.000048 3.590228 7.726703 -63.830153 5.817223 5.854553 -89.680083 7.285539 5.674338 -104.204139 -0.000001 0.000001 0.000002 9.104544 -0.043022 -1.865067 3.622883 7.873046 -79.338084 5.831923 5.850358 -89.805424 7.067724 5.722922 -102.014770 0.000001 -0.000001 0.000001 8.077806 -0.486875 -3.806259 -8.721059 16.156517 -76.293063 7.704579 5.321574 -106.436327 7.668194 5.357237 -106.136324 0.000001 0.000002 0.000001 -8.207786 -6.751667 -1.599561 -3.533935 -7.115717 -7.491217 34.768354 -2.027613 1.451402 -21.821971 -0.958581 4.172761 -0.129344 0.000001 0.000001 0.000000 0.000000 0.000000 8.207793 -6.751682 -1.599557 -20.505239 8.002136 19.505501 34.373569 -6.125697 6.802906 -16.148377 1.996322 -10.503253 0.134978 -0.000000 -0.000002 -0.000001 -0.000000 0.000000 
2.272310 99.426193 -4.214823 -3.960673 6.075490 -2.242206 -0.000005 10.181591 0.131523 17.291934 1.032932 4.529711 5.775608 -0.108732 -3.188302 5.633029 -0.365260 -3.290618 0.000003 16.740389 -2.049022 3.784153 0.339655 4.671477 0.000001 9.617896 1.685011 -22.370471 6.915609 -1.607267 0.000003 22.037369 7.501093 -0.000002 0.000000 -0.000000 -4.569971 11.014912 -2.160876 0.027876 3.280824 20.118326 -41.102921 11.247646 55.399746 -0.000010 116.054613 0.000009 28.052671 19.222439 -3.140518 -2.464784 -1.573995 2.681851 10.396942 -12.661879 -0.402195 2.167870 -3.825253 -0.900515 0.404278 -18.238808 -20.661314 -0.000005 0.000000 0.000004 -9.108263 -0.517868 2.259834 9.079724 9.161871 -0.543873 0.498709 -2.079919 26.860778 0.711915 -2.487280 32.073786 0.000000 -0.000002 -0.000008 -9.532488 -0.000040 -0.000026 -0.193626 -0.448898 6.656952 0.847998 -2.624376 35.584889 1.527082 -3.490165 47.774264 -0.000002 0.000006 0.000014 -9.103573 -0.043085 -1.865134 2.126504 -9.546380 17.383238 0.985524 -2.884949 37.840532 1.174049 -3.086018 41.307423 0.000000 0.000005 -0.000008 -8.076669 -0.486727 -3.806287 -10.358214 -19.447432 18.038635 1.523341 -3.509945 49.625798 1.247185 -3.331826 44.132478 0.000004 -0.000011 -0.000005 4.570449 11.014738 -2.160852 0.040365 15.956365 -12.337877 10.573195 -32.599520 -48.129481 -0.000207 -72.947383 -0.000157 0.430032 -12.901252 19.516238 2.466133 -1.576216 2.681741 4.620734 20.766775 14.638660 -2.105492 0.471664 -2.322427 -10.260100 -8.241694 10.858537 -0.000000 0.000001 -0.000005 9.109316 -0.518035 2.259876 6.410514 6.012187 -53.171138 6.028695 5.853374 -91.674417 6.138899 5.837049 -92.830399 0.000001 0.000004 0.000002 9.533411 0.000026 0.000038 3.677865 7.764359 -64.616028 5.897093 5.854495 -90.463417 7.362849 5.654285 -104.987623 0.000001 -0.000003 0.000001 9.104542 -0.043041 -1.865079 3.652299 7.895777 -80.123091 5.911487 5.850064 -90.585807 7.145936 5.705777 -102.800112 0.000004 0.000001 -0.000003 8.077795 -0.486892 -3.806259 -8.691457 16.188472 -77.074163 7.780136 5.295833 -107.218786 7.743954 5.331990 -106.919057 -0.000001 -0.000001 -0.000004 -8.207788 -6.751658 -1.599559 -7.483387 -5.847315 -7.069919 30.536126 1.167705 1.201299 -16.800285 -1.080805 5.836966 -1.405933 -0.000000 0.000000 -0.000000 -0.000000 -0.000000 8.207793 -6.751698 -1.599553 -20.526385 7.772610 19.032669 28.589594 -5.283217 7.109242 -16.737379 1.965172 -10.113986 0.142557 0.000002 0.000001 0.000000 -0.000001 -0.000000 
2.795479 100.232391 -4.498983 0.493805 1.641066 -3.394055 -0.000005 10.181581 0.131520 16.402296 1.010063 3.215596 4.950458 0.670426 -2.619959 4.861418 0.455403 -2.707954 0.000002 16.740412 -2.049033 1.299781 0.513990 5.137007 0.000001 9.617890 1.685013 -25.522318 9.068862 -2.529966 0.000002 22.037369 7.501094 0.000002 -0.000000 0.000000 -4.569975 11.014896 -2.160880 0.308418 2.072406 21.171717 -44.340915 13.545422 56.828659 -0.000031 117.502108 0.000030 26.721426 19.032040 -2.828658 -2.464809 -1.573989 2.681851 10.104131 -12.090335 -0.437681 1.911422 -3.279443 -0.762612 0.210847 -17.691826 -20.490031 0.000004 -0.000000 0.000000 -9.108276 -0.517881 2.259841 9.197317 9.386357 -3.164730 0.407569 -1.888331 24.253447 0.603305 -2.304974 29.464791 0.000000 -0.000002 -0.000005 -9.532496 -0.000052 -0.000021 -0.091692 -0.419503 4.039402 0.730358 -2.448807 32.986091 1.373560 -3.344400 45.168772 0.000001 0.000003 0.000002 -9.103582 -0.043075 -1.865129 1.993501 -10.218802 14.598264 0.867507 -2.726932 35.414780 1.048192 -2.938157 38.918623 -0.000001 -0.000003 0.000002 -8.076680 -0.486704 -3.806281 -10.816616 -20.141938 14.975989 1.387120 -3.381138 47.319383 1.117145 -3.186152 41.730366 0.000002 -0.000002 0.000005 4.570448 11.014731 -2.160856 -0.113076 16.209475 -10.047363 16.703781 -30.331456 -47.593178 -0.000319 -78.203112 -0.000309 -0.386264 -10.356994 20.102399 2.466130 -1.576210 2.681729 4.618931 20.756721 14.636926 -2.105459 0.471650 -2.322416 -10.261356 -8.249414 10.856147 0.000007 0.000014 -0.000005 9.109291 -0.518039 2.259874 6.480353 6.075843 -53.860399 6.099134 5.850794 -92.365761 6.209222 5.833154 -93.521382 0.000000 0.000004 -0.000001 9.533409 0.000018 0.000036 3.756598 7.796826 -65.309518 5.967535 5.853517 -91.154544 7.430755 5.635730 -105.678326 0.000001 -0.000002 0.000001 9.104532 -0.043042 -1.865082 3.677974 7.915932 -80.815734 5.981663 5.848926 -91.274393 7.214643 5.689809 -103.492187 -0.000002 0.000004 -0.000001 8.077806 -0.486889 -3.806263 -8.667406 16.217606 -77.761362 7.846513 5.272317 -107.909052 7.810382 5.308913 -107.608367 0.000002 -0.000001 0.000004 -8.207786 -6.751669 -1.599562 -11.412350 -4.013632 -5.910815 26.653138 3.653565 0.443354 -12.729757 -1.109619 7.070378 -3.063079 0.000003 -0.000001 0.000000 -0.000000 -0.000000 8.207789 -6.751697 -1.599556 -21.155819 7.323686 18.856583 24.245910 -4.979823 7.390033 -15.876327 2.262835 -12.854923 0.150302 -0.000004 -0.000005 -0.000001 -0.000000 0.000000 
3.361854 100.649200 -4.710068 4.218163 -2.998001 -4.144946 -0.000005 10.181594 0.131517 15.691842 0.886202 1.024136 4.166859 1.474327 -1.480954 4.132209 1.344019 -1.559358 0.000001 16.740383 -2.049036 -1.778659 0.600734 5.489359 0.000001 9.617884 1.685013 -25.912100 10.956888 -3.165169 0.000003 22.037338 7.501098 -0.000004 0.000001 0.000000 -4.569970 11.014912 -2.160883 0.667932 0.792132 22.113950 -47.480364 16.110622 58.535609 -0.000040 118.216354 0.000018 26.672427 19.604067 -3.997921 -2.464805 -1.573966 2.681852 9.852725 -11.599185 -0.465696 1.690004 -2.809768 -0.642039 0.043371 -17.221169 -20.341336 0.000005 -0.000002 0.000000 -9.108271 -0.517871 2.259838 9.322868 9.576561 -5.425193 0.336152 -1.720181 22.008550 0.516518 -2.144174 27.218937 0.000001 0.000004 -0.000002 -9.532498 -0.000043 -0.000020 -0.009664 -0.406203 1.783827 0.635576 -2.293542 30.749799 1.246947 -3.213538 42.928186 -0.000000 0.000001 0.000008 -9.103573 -0.043071 -1.865128 1.821474 -10.799798 12.194290 0.770876 -2.586249 33.316119 0.944290 -2.805997 36.850783 0.000003 0.000007 -0.000000 -8.076672 -0.486712 -3.806284 -11.308813 -20.725085 12.323544 1.272404 -3.264165 45.304395 1.009867 -3.056070 39.656604 0.000002 -0.000007 0.000002 4.570451 11.014715 -2.160855 -0.275429 16.089178 -7.452779 22.207028 -28.957147 -48.286818 -0.000388 -82.417004 -0.000326 -2.171119 -7.213378 19.996782 2.466144 -1.576209 2.681736 4.621026 20.768348 14.638945 -2.106497 0.471889 -2.322489 -10.258033 -8.235488 10.860721 0.000002 -0.000001 -0.000001 9.109307 -0.518043 2.259871 6.541428 6.130245 -54.451525 6.159492 5.847938 -92.958485 6.269517 5.829150 -94.114249 0.000003 -0.000000 -0.000002 9.533424 0.000020 0.000039 3.827200 7.824975 -65.904154 6.027922 5.852015 -91.747028 7.488847 5.619167 -106.270729 0.000002 0.000007 0.000001 9.104548 -0.043054 -1.865083 3.699990 7.933333 -81.409557 6.041842 5.847285 -91.864931 7.273434 5.675447 -104.085697 0.000001 0.000004 -0.000004 8.077822 -0.486889 -3.806273 -8.647289 16.242919 -78.350350 7.903183 5.251467 -108.500833 7.867121 5.288477 -108.199643 -0.000004 -0.000001 -0.000001 -8.207787 -6.751673 -1.599562 -14.776068 -2.299415 -4.532163 23.355868 6.163263 -0.258799 -10.059723 -1.050001 7.324382 -3.216951 0.000000 -0.000002 -0.000000 -0.000000 -0.000000 8.207791 -6.751700 -1.599557 -22.101263 7.103307 19.074886 21.429816 -3.214008 7.774308 -15.051312 2.584426 -15.666902 0.158231 -0.000001 -0.000003 0.000001 0.000000 -0.000000 
4.052173 100.683502 -4.894771 6.469642 -7.404251 -4.777182 -0.000007 10.181588 0.131521 15.323929 0.679832 -1.241504 3.609776 2.055067 -0.103157 3.613311 2.004566 -0.173010 0.000001 16.740400 -2.049038 -4.761929 0.731122 5.500578 0.000000 9.617881 1.685010 -24.256700 12.477625 -3.052343 0.000002 22.037354 7.501091 -0.000000 0.000001 0.000000 -4.569971 11.014924 -2.160890 0.949099 0.031398 23.180180 -50.194213 18.945937 60.071575 -0.000015 117.453449 0.000022 25.822587 20.710611 -5.316419 -2.464798 -1.573963 2.681853 9.650925 -11.204736 -0.486425 1.511422 -2.432137 -0.543743 -0.093126 -16.843581 -20.220717 -0.000001 -0.000004 -0.000001 -9.108290 -0.517874 2.259835 9.439963 9.727462 -7.246363 0.283513 -1.582948 20.202994 0.451338 -2.012437 25.412494 -0.000001 -0.000001 -0.000003 -9.532517 -0.000041 -0.000020 0.051696 -0.403396 -0.031918 0.563824 -2.166105 28.952205 1.148940 -3.104842 41.127339 -0.000000 -0.000001 0.000004 -9.103585 -0.043072 -1.865129 1.644098 -11.265919 10.256012 0.696629 -2.470121 31.621337 0.863763 -2.696352 35.177598 0.000002 0.000003 0.000004 -8.076690 -0.486714 -3.806278 -11.769425 -21.179240 10.179740 1.182131 -3.165999 43.664529 0.926693 -2.948198 37.981606 0.000001 0.000011 -0.000012 4.570450 11.014725 -2.160852 -0.315258 15.808198 -5.852109 26.842182 -28.319129 -48.544043 -0.000878 -85.289139 -0.000864 -4.618138 -4.052265 18.225137 2.466155 -1.576213 2.681741 4.621311 20.769903 14.639192 -2.108263 0.472260 -2.322590 -10.257687 -8.235122 10.860913 -0.000001 0.000000 -0.000008 9.109314 -0.518044 2.259876 6.592428 6.174971 -54.937961 6.209148 5.845107 -93.446516 6.319080 5.825407 -94.601815 -0.000001 0.000004 -0.000000 9.533437 0.000025 0.000049 3.887813 7.848470 -66.393803 6.077601 5.850281 -92.234690 7.536546 5.605081 -106.758480 -0.000000 -0.000002 0.000001 9.104558 -0.043042 -1.865072 3.718248 7.947775 -81.898346 6.091409 5.845462 -92.351411 7.321618 5.663198 -104.573591 0.000003 -0.000006 -0.000002 8.077816 -0.486896 -3.806258 -8.631543 16.264369 -78.837001 7.949669 5.233888 -108.987963 7.913777 5.271193 -108.687386 -0.000000 0.000002 0.000003 -8.207788 -6.751674 -1.599558 -17.162114 -0.984775 -3.250847 21.286937 8.654327 -0.647144 -8.295197 -0.972980 7.638229 -3.199879 0.000001 -0.000001 -0.000000 0.000000 -0.000000 8.207789 -6.751708 -1.599555 -22.716439 7.336542 20.039015 19.737577 0.157174 8.168351 -13.423491 2.853322 -18.799117 0.166355 0.000001 -0.000002 0.000000 -0.000001 -0.000000 
4.948315 100.300163 -5.039186 6.741488 -11.515994 -5.707110 -0.000005 10.181596 0.131514 15.690971 0.576335 -2.780676 3.440404 2.576996 0.976803 3.463753 2.572958 0.912956 -0.000000 16.740402 -2.049039 -6.789801 0.950319 5.386491 -0.000001 9.617906 1.685005 -22.277975 13.837214 -2.697675 0.000002 22.037369 7.501093 0.000002 0.000000 0.000000 -4.569971 11.014924 -2.160880 0.993542 0.136779 24.368028 -52.072594 21.370327 61.259892 -0.000032 115.665934 0.000023 24.904014 21.639033 -6.225808 -2.464809 -1.573972 2.681857 9.506923 -10.923031 -0.500214 1.381491 -2.164077 -0.474689 -0.192811 -16.573806 -20.134165 0.000001 -0.000010 -0.000003 -9.108274 -0.517867 2.259839 9.532299 9.834290 -8.549069 0.248570 -1.483940 18.913417 0.407345 -1.917110 24.122259 0.000002 0.000005 0.000009 -9.532495 -0.000048 -0.000018 0.092712 -0.405788 -1.329565 0.515047 -2.073700 27.667944 1.081109 -3.025415 39.842297 0.000001 0.000004 0.000010 -9.103581 -0.043071 -1.865131 1.496026 -11.597325 8.868663 0.645588 -2.385596 30.407336 0.807946 -2.616218 33.976510 -0.000002 -0.000007 -0.000001 -8.076672 -0.486705 -3.806274 -12.133272 -21.493391 8.642811 1.118822 -3.093692 42.482684 0.869027 -2.869383 36.780446 -0.000005 0.000006 0.000002 4.570446 11.014733 -2.160863 -0.351000 15.906297 -5.234132 29.508576 -28.210683 -48.003574 -0.001258 -87.311626 -0.001345 -4.186438 -1.818791 13.769419 2.466139 -1.576195 2.681736 4.621351 20.770235 14.639267 -2.110557 0.472745 -2.322743 -10.257243 -8.234119 10.861287 -0.000002 0.000006 -0.000003 9.109318 -0.518049 2.259873 6.632477 6.209406 -55.313894 6.247485 5.842648 -93.823317 6.357389 5.822211 -94.978725 0.000003 0.000003 0.000002 9.533429 0.000026 0.000041 3.937227 7.867218 -66.772189 6.115954 5.848683 -92.611259 7.573268 5.593941 -107.135048 -0.000000 0.000001 -0.000000 9.104567 -0.043045 -1.865080 3.732718 7.959014 -82.276049 6.129660 5.843759 -92.727174 7.358787 5.653441 -104.950460 0.000007 -0.000000 -0.000002 8.077834 -0.486898 -3.806267 -8.619266 16.281214 -79.218091 7.985445 5.220066 -109.364005 7.949950 5.257484 -109.066496 -0.000000 -0.000010 -0.000002 -8.207786 -6.751670 -1.599564 -18.594934 0.269668 -1.943946 21.478081 9.648667 -1.021217 -7.795515 0.215913 8.262104 -3.177772 0.000001 0.000000 -0.000000 -0.000000 -0.000000 8.207791 -6.751706 -1.599560 -23.478364 7.780272 21.542634 21.634716 2.743060 8.413938 -12.575212 3.001336 -19.975532 0.174683 -0.000003 -0.000001 -0.000001 -0.000001 -0.000000 
6.043529 99.629906 -5.032273 4.933920 -15.497692 -6.945978 -0.000003 10.181559 0.131519 16.884299 0.602396 -3.838755 3.507991 3.233927 1.642337 3.544294 3.249090 1.572285 0.000002 16.740398 -2.049031 -7.288066 1.287054 5.383483 -0.000001 9.617882 1.685014 -20.586340 15.357107 -2.235491 0.000002 22.037338 7.501097 -0.000005 -0.000000 0.000000 -4.569970 11.014916 -2.160890 0.745687 1.036395 24.959664 -52.327343 22.371629 62.021451 -0.000023 113.717882 0.000001 24.965043 22.081848 -6.255303 -2.464805 -1.573982 2.681853 9.429252 -10.771054 -0.507325 1.311210 -2.018521 -0.437325 -0.246818 -16.428548 -20.087600 0.000002 -0.000003 0.000007 -9.108280 -0.517885 2.259836 9.585244 9.890242 -9.253851 0.230638 -1.430104 18.216260 0.384435 -1.865127 23.424702 -0.000004 0.000003 0.000005 -9.532503 -0.000052 -0.000021 0.113813 -0.408678 -2.031572 0.489526 -2.023307 26.973957 1.045193 -2.981809 39.147711 0.000001 -0.000008 0.000007 -9.103594 -0.043076 -1.865129 1.408518 -11.775593 8.117477 0.618690 -2.339352 29.749907 0.778376 -2.572268 33.325299 -0.000000 -0.000002 -0.000001 -8.076683 -0.486715 -3.806280 -12.341907 -21.659180 7.810044 1.085032 -3.053808 41.840185 0.838436 -2.826140 36.129133 0.000001 -0.000007 -0.000007 4.570449 11.014710 -2.160857 -0.444965 15.796052 -5.261861 30.152676 -28.005838 -47.410915 -0.002518 -88.628398 -0.002326 -1.593400 -0.235959 9.819945 2.466142 -1.576186 2.681746 4.623058 20.779626 14.640898 -2.113046 0.473279 -2.322878 -10.255033 -8.224425 10.864422 0.000003 0.000009 -0.000003 9.109315 -0.518042 2.259875 6.659826 6.233051 -55.572492 6.273862 5.840811 -94.082714 6.383741 5.819877 -95.238116 -0.000002 0.000009 0.000004 9.533413 0.000014 0.000051 3.974264 7.881123 -67.032474 6.142340 5.847436 -92.870437 7.598567 5.586113 -107.394725 0.000003 0.000005 -0.000003 9.104549 -0.043032 -1.865068 3.743332 7.966897 -82.535753 6.156051 5.842442 -92.986257 7.384327 5.646579 -105.209850 0.000001 -0.000003 0.000000 8.077815 -0.486899 -3.806260 -8.612046 16.292878 -79.469511 8.010033 5.210396 -109.622999 7.974377 5.248055 -109.323024 -0.000001 -0.000000 -0.000001 -8.207786 -6.751671 -1.599563 -18.728389 1.126900 -1.180572 23.240970 9.445447 -1.200173 -8.511528 3.130239 9.030131 -2.944209 0.000003 -0.000003 0.000000 0.000000 -0.000000 8.207793 -6.751712 -1.599559 -23.262357 8.732673 22.874761 25.862416 2.661746 8.546027 -12.984408 3.097309 -19.654254 0.183191 -0.000001 0.000003 0.000001 0.000000 0.000000 
7.392130 98.692520 -4.660712 1.565171 -19.420297 -8.689087 -0.000005 10.181590 0.131516 17.847727 0.811243 -4.295603 4.052604 3.945046 2.063633 4.107582 3.952761 1.987021 0.000002 16.740387 -2.049047 -6.666026 1.708158 5.360567 0.000001 9.617872 1.685010 -18.343141 16.958981 -1.453653 0.000002 22.037323 7.501096 0.000001 0.000000 0.000000 -4.569978 11.014890 -2.160894 0.309495 2.423695 24.614605 -51.150570 22.113023 62.492734 -0.000049 111.651811 0.000027 24.658617 21.556101 -4.822003 -2.464807 -1.573965 2.681860 9.402898 -10.769244 -0.550774 1.310854 -2.019032 -0.437182 -0.246495 -16.429451 -20.087568 0.000002 -0.000007 0.000007 -9.108281 -0.517866 2.259840 9.591746 9.891238 -9.301707 0.229453 -1.426480 18.169437 0.382917 -1.861623 23.377654 0.000000 -0.000007 -0.000001 -9.532517 -0.000029 -0.000015 0.115168 -0.409689 -2.078980 0.487850 -2.019900 26.927263 1.042801 -2.978875 39.100921 -0.000000 0.000001 0.000001 -9.103580 -0.043077 -1.865130 1.402415 -11.788295 8.065918 0.616963 -2.336378 29.707597 0.776381 -2.569244 33.280831 0.000001 -0.000001 -0.000002 -8.076683 -0.486719 -3.806282 -12.357044 -21.670211 7.751068 1.082908 -3.051265 41.799539 0.836372 -2.823157 36.084689 0.000001 0.000005 -0.000004 4.570447 11.014704 -2.160860 -0.475961 14.928309 -6.294873 29.160243 -27.264749 -47.217842 -0.004447 -89.312592 -0.004129 -0.930044 1.825399 8.622419 2.466134 -1.576207 2.681740 4.619950 20.762365 14.637877 -2.115440 0.473781 -2.323038 -10.258481 -8.240929 10.859122 0.000002 0.000006 -0.000003 9.109291 -0.518030 2.259882 6.674202 6.245244 -55.707822 6.287680 5.839778 -94.218560 6.397493 5.818593 -95.373770 0.000001 0.000007 0.000004 9.533394 0.000022 0.000050 3.998276 7.890211 -67.168989 6.156167 5.846750 -93.006112 7.611759 5.581974 -107.530264 0.000002 0.000005 0.000010 9.104553 -0.043033 -1.865074 3.749943 7.971143 -82.671763 6.169872 5.841718 -93.122089 7.397640 5.642979 -105.345225 -0.000000 0.000010 -0.000001 8.077804 -0.486897 -3.806253 -8.607862 16.299123 -79.607310 8.022891 5.205302 -109.758640 7.987383 5.242994 -109.459826 -0.000000 0.000006 -0.000002 -8.207787 -6.751663 -1.599563 -17.696146 1.625461 -0.920050 25.864460 9.209950 -1.373786 -10.473308 6.769979 9.606791 -1.972831 -0.000001 -0.000001 0.000000 0.000000 -0.000000 8.207790 -6.751698 -1.599559 -21.859259 9.638018 23.842761 31.432346 2.236887 8.585946 -14.625184 3.146262 -18.053544 0.191898 -0.000002 0.000002 -0.000000 0.000000 -0.000000 
8.907086 97.634995 -3.816358 -2.698816 -23.675449 -11.187198 -0.000004 10.181598 0.131516 17.935856 1.252999 -3.759686 5.009911 4.836867 2.038020 5.114251 4.769656 1.986838 0.000000 16.740389 -2.049034 -5.425896 2.047669 5.558755 0.000003 9.617861 1.685006 -14.585539 18.572652 -0.798776 0.000001 22.037338 7.501097 0.000002 -0.000000 0.000000 -4.569971 11.014924 -2.160878 -0.198579 4.058790 24.388478 -48.858980 21.193643 62.542731 -0.000020 109.658872 0.000004 24.666026 19.402044 -2.394853 -2.464818 -1.573972 2.681861 9.290898 -10.946523 -0.889978 1.402189 -2.206286 -0.485452 -0.176538 -16.617355 -20.147668 -0.000002 0.000000 -0.000003 -9.108271 -0.517878 2.259837 9.573518 9.847075 -8.792649 0.242409 -1.465681 18.676707 0.399487 -1.899484 23.885399 -0.000002 -0.000001 -0.000000 -9.532504 -0.000043 -0.000014 0.099878 -0.410023 -1.568024 0.506296 -2.056611 27.432297 1.068861 -3.010643 39.606310 -0.000001 0.000000 0.000001 -9.103582 -0.043080 -1.865124 1.467012 -11.664672 8.607106 0.636982 -2.370922 30.198046 0.797766 -2.601204 33.753668 -0.000001 0.000007 0.000006 -8.076698 -0.486713 -3.806272 -12.210197 -21.549973 8.335135 1.108635 -3.081769 42.289864 0.858371 -2.854435 36.554930 0.000000 0.000002 -0.000011 4.570446 11.014718 -2.160853 -0.453209 13.994163 -7.834435 26.740028 -26.552220 -47.399126 -0.004502 -89.155340 -0.004905 -2.290303 3.965671 8.004925 2.466145 -1.576205 2.681740 4.622312 20.775402 14.640164 -2.125036 0.475803 -2.323654 -10.255554 -8.227015 10.863621 0.000002 0.000003 -0.000007 9.109315 -0.518022 2.259874 6.670113 6.241480 -55.664269 6.283203 5.840120 -94.174532 6.393045 5.819019 -95.329763 0.000002 -0.000008 0.000003 9.533435 0.000032 0.000049 4.003188 7.892585 -67.125091 6.151680 5.846955 -92.962098 7.607491 5.583330 -107.486407 -0.000002 -0.000004 0.000006 9.104561 -0.043028 -1.865067 3.750984 7.970149 -82.626902 6.165405 5.841960 -93.078164 7.393171 5.644188 -105.299838 0.000001 0.000001 -0.000004 8.077816 -0.486873 -3.806258 -8.609535 16.296399 -79.547983 8.017478 5.207451 -109.701328 7.981863 5.245146 -109.401667 0.000002 0.000000 0.000002 -8.207786 -6.751667 -1.599563 -16.049741 2.789491 -0.277388 28.690739 8.920558 -2.281814 -12.717979 10.238798 10.732166 -1.210870 -0.000001 -0.000006 -0.000000 0.000000 -0.000000 8.207788 -6.751688 -1.599557 -19.196018 10.441190 24.288392 36.450220 5.185242 9.281397 -16.429390 3.331292 -17.305635 0.200809 -0.000001 -0.000006 -0.000000 -0.000000 -0.000000 
10.459287 96.601105 -2.705567 -7.501108 -28.404969 -14.120979 -0.000007 10.181600 0.131519 17.741763 1.681611 -2.974912 5.827732 5.748984 1.697267 6.012960 5.568235 1.701265 0.000002 16.740404 -2.049036 -3.494293 2.409374 5.982996 0.000001 9.617880 1.685009 -10.584779 20.710279 -0.652439 0.000001 22.037338 7.501095 -0.000001 0.000000 0.000000 -4.569967 11.014901 -2.160885 -0.717520 5.772399 24.860376 -45.939398 20.093235 62.604899 0.000006 107.697672 -0.000000 27.433745 16.783397 -0.611462 -2.464815 -1.573989 2.681850 9.074466 -11.281431 -1.541716 1.574878 -2.566177 -0.578740 -0.044380 -16.976765 -20.264094 0.000003 -0.000010 0.000007 -9.108289 -0.517890 2.259830 9.542035 9.764225 -7.819160 0.268202 -1.540424 19.647898 0.432124 -1.971492 24.856901 -0.000001 -0.000005 -0.000003 -9.532505 -0.000042 -0.000028 0.069575 -0.411695 -0.590491 0.542562 -2.126451 28.399291 1.119502 -3.070799 40.573704 0.000002 0.000000 0.000010 -9.103589 -0.043095 -1.865137 1.583344 -11.426872 9.642169 0.676003 -2.436436 31.135660 0.839293 -2.661662 34.655533 0.000001 -0.000004 0.000001 -8.076685 -0.486714 -3.806287 -11.940451 -21.315480 9.452876 1.158314 -3.139155 43.223216 0.901041 -2.913569 37.451413 0.000004 0.000004 -0.000001 4.570445 11.014718 -2.160856 -0.444617 13.539675 -8.784281 23.408158 -26.014903 -48.830143 -0.003071 -88.853350 -0.003255 -2.383088 4.978743 8.312584 2.466129 -1.576225 2.681744 4.621884 20.772987 14.639732 -2.130071 0.476864 -2.323954 -10.256338 -8.230030 10.862606 0.000001 0.000002 -0.000006 9.109323 -0.518040 2.259874 6.506778 6.175027 -54.241360 6.138370 5.849021 -92.751128 6.248443 5.830630 -93.906823 0.000000 0.000004 -0.000001 9.533410 0.000025 0.000043 3.855921 7.839120 -65.697773 6.006718 5.852608 -91.538844 7.468598 5.625008 -106.063931 0.000001 0.000014 0.000003 9.104548 -0.043032 -1.865073 3.692171 7.927066 -81.193006 6.020434 5.847937 -91.654834 7.251743 5.680818 -103.866680 0.000001 -0.000000 0.000001 8.077820 -0.486881 -3.806262 -8.635766 16.105791 -78.054521 7.872070 5.262974 -108.175860 7.836406 5.299638 -107.879259 0.000001 -0.000008 0.000000 -8.207788 -6.751651 -1.599560 -14.415427 4.504784 0.370835 31.390518 8.572513 -3.787080 -14.551843 13.890398 12.631816 -1.180117 0.000002 -0.000001 -0.000000 0.000000 -0.000000 8.207785 -6.751691 -1.599553 -15.633034 11.810253 24.265835 40.711537 9.123864 9.686237 -19.382047 5.309022 -17.517132 0.209928 -0.000005 0.000004 -0.000000 0.000000 0.000000 
11.881389 95.940735 -1.629133 -12.505771 -33.092396 -16.928228 -0.000004 10.181590 0.131518 17.248681 1.763817 -3.092331 6.264726 6.053768 1.630032 6.491957 5.804881 1.696092 -0.000004 16.740408 -2.049034 -0.936170 3.020438 6.149280 0.000003 9.617912 1.685008 -6.905219 23.479071 -0.692804 -0.000004 22.037338 7.501102 -0.000000 0.000000 0.000000 -4.569978 11.014908 -2.160878 -1.029237 7.101515 24.895353 -42.693709 19.174050 63.956908 -0.000049 104.140004 0.000027 31.153456 15.626844 -0.268977 -2.464793 -1.573972 2.681858 8.767589 -11.742753 -2.461111 1.813452 -3.071353 -0.709435 0.136652 -17.483117 -20.424349 0.000006 -0.000005 0.000001 -9.108271 -0.517856 2.259845 9.505116 9.648829 -6.455620 0.306489 -1.644416 21.009225 0.479916 -2.071468 26.218661 -0.000002 0.000002 -0.000000 -9.532497 -0.000042 -0.000015 0.024977 -0.415749 0.779455 0.595369 -2.223282 29.754889 1.192219 -3.153711 41.930490 -0.000004 0.000002 0.000002 -9.103573 -0.043059 -1.865125 1.730357 -11.091570 11.092395 0.732354 -2.526940 32.446523 0.898761 -2.744852 35.913189 0.000001 -0.000003 0.000005 -8.076681 -0.486721 -3.806275 -11.587638 -20.978064 11.019504 1.228922 -3.217593 44.521079 0.962037 -2.994827 38.700736 0.000002 0.000002 -0.000007 4.570446 11.014729 -2.160852 -0.501008 13.027850 -8.536743 19.587569 -24.343655 -52.592730 -0.004956 -89.244939 -0.005041 1.939208 5.065717 10.244097 2.466130 -1.576197 2.681735 4.623753 20.783484 14.641561 -2.130164 0.476884 -2.323965 -10.256676 -8.230486 10.862414 0.000003 0.000004 -0.000003 9.109311 -0.518034 2.259874 6.080864 6.012808 -50.496224 5.756520 5.855288 -89.004263 5.866817 5.844077 -90.160403 0.000000 -0.000003 0.000001 9.533409 0.000014 0.000049 3.464117 7.673907 -61.941510 5.624887 5.850308 -87.792724 7.098384 5.718250 -102.318556 -0.000003 0.000007 0.000002 9.104530 -0.043044 -1.865070 3.533028 7.814713 -77.425631 5.639305 5.846572 -87.915559 6.876109 5.760209 -100.100001 -0.000003 0.000008 0.000001 8.077801 -0.486885 -3.806261 -8.687083 15.563337 -74.229731 7.494327 5.387196 -104.277331 7.458071 5.421340 -103.982636 -0.000001 0.000004 -0.000002 -8.207785 -6.751673 -1.599564 -12.738737 6.044950 0.262540 33.136478 8.315879 -5.415055 -15.770010 18.081539 14.302825 -1.278616 -0.000003 -0.000001 -0.000000 0.000000 -0.000000 8.207795 -6.751691 -1.599556 -11.378233 14.341748 23.037081 43.332820 8.907758 9.712734 -21.486578 10.468116 -16.249232 0.219254 0.000003 0.000003 0.000000 -0.000000 0.000000 
13.058673 95.631104 -0.563349 -16.843699 -37.165866 -19.258663 -0.000006 10.181594 0.131519 15.934789 1.627919 -3.769754 7.232472 6.003381 1.681550 7.456645 5.688041 1.829424 0.000002 16.740391 -2.049035 0.927079 3.575313 5.850523 0.000000 9.617889 1.685010 -2.791620 25.654312 -1.140525 -0.000001 22.037338 7.501096 -0.000001 -0.000000 0.000001 -4.569969 11.014909 -2.160884 -1.183994 7.758666 24.573287 -39.783694 18.365395 65.652680 -0.000030 101.313760 0.000025 34.166276 13.938878 0.795840 -2.464810 -1.573981 2.681850 8.383512 -12.297193 -3.603541 2.106680 -3.694810 -0.867816 0.358268 -18.108353 -20.620703 0.000002 -0.000001 0.000004 -9.108287 -0.517868 2.259837 9.471387 9.507286 -4.776616 0.357049 -1.771313 22.687322 0.542092 -2.193156 27.897985 0.000001 -0.000006 -0.000001 -9.532511 -0.000049 -0.000022 -0.033210 -0.425615 2.467245 0.663603 -2.340898 31.426237 1.284586 -3.253550 43.604075 -0.000000 -0.000001 0.000010 -9.103586 -0.043072 -1.865132 1.885838 -10.676071 12.878867 0.804386 -2.636297 34.056570 0.974050 -2.844854 37.452755 -0.000003 0.000002 0.000002 -8.076666 -0.486726 -3.806279 -11.194212 -20.549722 12.950214 1.317392 -3.311008 46.103425 1.039031 -3.092431 40.229872 -0.000000 -0.000001 -0.000000 4.570448 11.014714 -2.160858 -0.464782 12.065469 -8.644287 15.327896 -21.580990 -55.670270 0.003110 -91.116766 0.003361 7.737222 4.033785 12.861290 2.466145 -1.576222 2.681739 4.623209 20.780393 14.641009 -2.128660 0.476579 -2.323869 -10.262350 -8.255254 10.854329 0.000002 -0.000002 -0.000010 9.109310 -0.518036 2.259879 5.572523 5.755593 -45.753214 5.273340 5.827553 -84.255335 5.383258 5.825418 -85.412192 -0.000001 -0.000006 -0.000001 9.533418 0.000023 0.000046 2.986260 7.424865 -57.184529 5.142547 5.811764 -83.044957 6.621737 5.801516 -97.570646 0.000001 -0.000000 -0.000001 9.104561 -0.043043 -1.865073 3.342282 7.678035 -72.653487 5.157959 5.809328 -83.178399 6.393935 5.825227 -95.325856 0.000001 -0.000010 0.000001 8.077799 -0.486880 -3.806263 -8.707568 14.957829 -69.393615 7.008058 5.506732 -99.367026 6.971049 5.537743 -99.072393 0.000002 0.000002 0.000008 -8.207788 -6.751661 -1.599558 -11.591312 7.140544 -0.394240 34.314973 8.164430 -6.813117 -16.416674 21.788274 15.032227 -1.356573 -0.000017 0.042135 -0.000000 -0.000000 -0.000000 8.207792 -6.751698 -1.599555 -7.257253 16.921167 21.265594 44.249104 8.596102 9.003691 -22.997498 14.233540 -15.025340 0.228793 0.000001 -0.000000 0.000000 -0.000000 0.000000 
14.055380 95.645493 0.418163 -20.402914 -40.374795 -20.907974 -0.000004 10.181589 0.131521 14.405550 1.330680 -4.647972 8.788842 5.607093 1.521602 8.979061 5.227394 1.739925 0.000001 16.740383 -2.049038 1.695240 3.994003 5.304528 -0.000001 9.617881 1.685011 2.471093 27.094626 -2.443288 -0.000001 22.037323 7.501094 0.000000 0.000001 0.000000 -4.569970 11.014919 -2.160885 -1.297425 8.306978 24.012343 -37.265335 17.792276 66.517751 -0.000064 99.992521 0.000028 38.538731 12.485339 2.084085 -2.464811 -1.573969 2.681855 7.936286 -12.912929 -4.923902 2.441234 -4.409343 -1.045350 0.609964 -18.824543 -20.843060 -0.000006 -0.000003 0.000004 -9.108281 -0.517868 2.259843 9.447756 9.345941 -2.856250 0.419481 -1.914716 24.608851 0.617615 -2.330113 29.820568 -0.000002 -0.000003 0.000002 -9.532502 -0.000038 -0.000027 -0.103653 -0.444436 4.398709 0.745930 -2.473088 33.340698 1.393958 -3.364540 45.521524 0.000000 -0.000006 0.000001 -9.103594 -0.043068 -1.865128 2.029066 -10.199297 14.923243 0.890191 -2.758411 35.891968 1.062791 -2.955966 39.201796 0.000001 -0.000005 -0.000004 -8.076689 -0.486697 -3.806277 -10.801256 -20.045408 15.160206 1.420330 -3.413519 47.889940 1.129714 -3.200760 41.967530 -0.000000 -0.000002 0.000001 4.570446 11.014718 -2.160856 -0.278886 11.282367 -10.109630 10.289354 -17.851777 -56.441938 0.000640 -94.741233 0.000712 11.493332 2.190294 13.245205 2.466143 -1.576216 2.681739 4.621636 20.771705 14.639505 -2.127214 0.476264 -2.323791 -10.264832 -8.264393 10.851251 0.000000 -0.000001 -0.000005 9.109304 -0.518042 2.259870 5.053499 5.398555 -40.429133 4.735226 5.749038 -78.919038 4.843783 5.757024 -80.075915 -0.000003 0.000003 -0.000003 9.533407 0.000012 0.000039 2.482068 7.096917 -51.844728 4.606455 5.721206 -77.709589 6.079833 5.847842 -92.233700 0.000002 0.000003 0.000003 9.104542 -0.043044 -1.865076 3.137044 7.532588 -67.292260 4.622893 5.720466 -77.856001 5.847663 5.850390 -89.959773 0.000001 0.000013 -0.000000 8.077812 -0.486887 -3.806275 -8.724015 14.382621 -63.950180 6.453052 5.590924 -93.861983 6.415481 5.618331 -93.566871 -0.000001 0.000000 0.000002 -8.207786 -6.751667 -1.599557 -10.992300 7.140245 -1.750034 35.181761 8.101574 -7.389038 -15.331487 23.499006 14.929272 -2.017463 -0.000006 0.000001 -0.000000 0.000000 -0.000000 8.207788 -6.751678 -1.599552 -3.113534 18.615518 18.589057 43.767183 8.372589 8.044692 -23.781607 17.491428 -13.928566 0.238500 -0.000004 0.000000 -0.000000 -0.000000 -0.000000 
15.046085 96.016678 1.199010 -23.516256 -42.068587 -22.088313 -0.000008 10.181595 0.131524 13.819507 0.910681 -5.256576 10.249741 4.754472 1.216592 10.390582 4.351992 1.438393 -0.000000 16.740421 -2.049035 2.170206 4.411162 4.548744 0.000003 9.617885 1.685008 8.194391 28.170576 -4.597613 0.000002 22.037338 7.501098 -0.000004 0.000000 -0.000000 -4.569973 11.014902 -2.160881 -1.358946 8.906639 23.086975 -35.058647 17.671882 66.082702 0.000006 99.079182 0.000007 42.083538 11.567622 2.906398 -2.464812 -1.573999 2.681850 7.441049 -13.559894 -6.375675 2.803564 -5.186864 -1.233835 0.881964 -19.605636 -21.082747 -0.000004 0.000003 -0.000003 -9.108284 -0.517891 2.259834 9.441097 9.171413 -0.768811 0.492855 -2.068246 26.700236 0.704980 -2.476181 31.912946 -0.000001 0.000001 -0.000001 -9.532517 -0.000065 -0.000026 -0.184280 -0.473761 6.499407 0.840529 -2.613739 35.425094 1.517215 -3.481192 47.610035 -0.000003 -0.000002 0.000012 -9.103601 -0.043077 -1.865131 2.142589 -9.680394 17.147342 0.987433 -2.887422 37.879048 1.162385 -3.072837 41.090582 0.000001 0.000001 -0.000003 -8.076689 -0.486732 -3.806289 -10.444823 -19.484195 17.564542 1.534035 -3.519607 49.803024 1.231313 -3.314703 43.845607 0.000001 -0.000005 0.000003 4.570447 11.014748 -2.160857 -0.111612 10.783259 -11.458502 3.891103 -13.893434 -56.922407 0.000375 -98.660730 0.000495 13.570329 0.003017 11.561070 2.466135 -1.576212 2.681728 4.622970 20.779128 14.640813 -2.127380 0.476298 -2.323796 -10.264527 -8.259551 10.852630 0.000001 0.000003 -0.000005 9.109309 -0.518051 2.259862 4.557453 4.933814 -34.583068 4.154876 5.605613 -73.052500 4.260837 5.624578 -74.209370 0.000002 -0.000003 0.000002 9.533413 0.000013 0.000033 1.974948 6.684279 -45.980605 4.029560 5.564856 -71.844137 5.481863 5.840682 -86.364703 0.000001 0.000002 -0.000004 9.104534 -0.043062 -1.865089 2.913970 7.380861 -61.397247 4.046876 5.566194 -72.003929 5.247297 5.819249 -84.059992 -0.000003 -0.000000 -0.000002 8.077818 -0.486900 -3.806275 -8.804973 13.835218 -57.939552 5.836144 5.621813 -87.804076 5.798366 5.645288 -87.508356 -0.000000 0.000003 -0.000000 -8.207787 -6.751662 -1.599560 -10.029802 5.473007 -3.874602 35.260824 8.107721 -6.736874 -12.384004 21.871372 13.610041 -2.524054 0.000003 -0.000005 0.000000 -0.000001 -0.000000 8.207791 -6.751696 -1.599554 1.135245 19.167227 15.252936 42.129679 8.313489 7.470661 -23.762633 20.132640 -12.808752 0.248453 0.000003 -0.000000 -0.000000 0.000000 -0.000000 
15.968135 96.703552 1.734739 -25.186987 -41.822375 -22.191824 -0.000006 10.181598 0.131523 13.960976 0.456818 -5.281110 11.046409 3.732733 0.931418 11.138748 3.360629 1.098285 -0.000000 16.740389 -2.049027 2.999630 4.751638 3.718697 0.000002 9.617888 1.685000 13.141985 28.633929 -6.844222 0.000002 22.037369 7.501089 -0.000006 0.000000 0.000001 -4.569972 11.014894 -2.160875 -1.260081 9.121257 21.509516 -32.644742 16.624716 64.665212 -0.000043 99.012874 0.000034 43.086978 9.700074 4.915629 -2.464801 -1.573991 2.681851 6.913831 -14.209704 -7.910337 3.181305 -6.001335 -1.426140 1.164180 -20.423341 -21.330186 0.000007 -0.000005 0.000006 -9.108292 -0.517879 2.259837 9.454902 8.990423 1.411897 0.575544 -2.225871 28.888189 0.802027 -2.625452 34.102195 -0.000001 -0.000002 -0.000007 -9.532515 -0.000074 -0.000024 -0.272248 -0.514520 8.695133 0.944931 -2.757137 37.606260 1.650742 -3.598383 49.796983 0.000000 -0.000001 0.000006 -9.103593 -0.043072 -1.865136 2.214721 -9.141492 19.473332 1.093235 -3.017893 39.945504 1.269881 -3.190694 43.053162 0.000001 0.000002 -0.000004 -8.076686 -0.486729 -3.806283 -10.152993 -18.888714 20.078765 1.654418 -3.624571 51.767926 1.340982 -3.429662 45.799792 -0.000001 0.000002 -0.000006 4.570451 11.014723 -2.160848 -0.020545 9.926095 -11.907879 -3.431732 -10.676374 -57.887069 0.000295 -101.518857 0.000402 15.330457 -1.939001 9.904816 2.466141 -1.576204 2.681724 4.622433 20.776221 14.640294 -2.125707 0.475938 -2.323683 -10.265693 -8.261052 10.851975 0.000001 0.000001 -0.000003 9.109308 -0.518037 2.259866 4.125862 4.367561 -28.376895 3.557465 5.389236 -66.817091 3.659443 5.419432 -67.973476 -0.000004 -0.000005 0.000002 9.533408 0.000017 0.000038 1.495314 6.193308 -39.754399 3.437254 5.335151 -65.609814 4.850309 5.766377 -80.123863 0.000002 -0.000006 0.000001 9.104548 -0.043033 -1.865079 2.677435 7.228773 -55.128694 3.455088 5.338858 -65.782918 4.616399 5.719062 -77.790746 -0.000000 0.000004 -0.000000 8.077811 -0.486873 -3.806270 -8.967716 13.342322 -51.519991 5.180251 5.583404 -81.359888 5.142691 5.602644 -81.063438 -0.000000 0.000003 -0.000006 -8.207786 -6.751665 -1.599558 -8.646654 2.522452 -6.300890 34.219009 8.134445 -5.305179 -10.061170 17.614629 11.219658 -1.221363 0.000008 -0.000002 -0.000000 -0.000000 -0.000000 8.207789 -6.751706 -1.599552 4.299141 19.052731 12.715015 39.799605 8.384160 7.089865 -23.132927 20.674522 -11.779764 0.258610 -0.000001 0.000003 0.000000 0.000000 -0.000000 
16.645525 97.597404 2.002859 -24.220063 -39.962785 -20.310346 -0.000004 10.181594 0.131520 13.776638 -0.030355 -4.949476 11.189242 2.736812 0.695807 11.236203 2.448909 0.796398 0.000000 16.740412 -2.049027 4.065100 4.935633 2.964487 -0.000001 9.617889 1.685016 16.481544 28.517435 -8.672804 0.000002 22.037354 7.501097 0.000000 -0.000001 0.000001 -4.569975 11.014929 -2.160882 -1.041708 8.794027 19.785429 -29.989028 14.000351 62.767369 -0.000033 100.275496 0.000038 42.509205 7.739813 8.439634 -2.464812 -1.573985 2.681843 6.371837 -14.838227 -9.477109 3.561645 -6.824974 -1.615216 1.447027 -21.250638 -21.577234 0.000004 -0.000006 0.000002 -9.108278 -0.517859 2.259830 9.489984 8.811707 3.612868 0.665147 -2.381789 31.098517 0.905796 -2.772383 36.314326 -0.000001 -0.000001 0.000001 -9.532508 -0.000045 -0.000030 -0.363930 -0.566450 10.912254 1.055908 -2.897898 39.811089 1.790210 -3.711657 52.008656 -0.000001 0.000001 0.000003 -9.103595 -0.043084 -1.865139 2.239632 -8.603751 21.823629 1.204133 -3.144918 42.020178 1.381930 -3.305384 45.026482 0.000001 0.000001 -0.000007 -8.076692 -0.486709 -3.806291 -9.943331 -18.284608 22.618503 1.777186 -3.724396 53.714428 1.455343 -3.541602 47.769363 -0.000000 -0.000006 -0.000005 4.570452 11.014709 -2.160851 0.110274 8.555260 -12.667717 -11.110848 -8.760488 -58.089400 0.000270 -103.147816 0.000378 16.527323 -4.051127 8.365553 2.466139 -1.576200 2.681726 4.624441 20.787840 14.642288 -2.129835 0.476814 -2.323956 -10.266244 -8.258765 10.852449 0.000004 0.000007 0.000000 9.109303 -0.518033 2.259862 3.793755 3.719307 -21.973968 2.968881 5.099080 -60.377807 3.065379 5.140423 -61.533092 0.000000 0.000005 -0.000003 9.533404 0.000029 0.000036 1.068420 5.637789 -33.329957 2.855362 5.031922 -59.171534 4.210274 5.618296 -73.676294 -0.000002 0.000001 -0.000001 9.104537 -0.043021 -1.865082 2.430252 7.080916 -48.650410 2.873313 5.038232 -59.357336 3.980744 5.544373 -71.320808 -0.000000 0.000000 -0.000001 8.077800 -0.486882 -3.806281 -9.230138 12.915731 -44.855963 4.511395 5.466977 -74.701007 4.474576 5.481889 -74.403689 -0.000001 -0.000004 0.000007 -8.207787 -6.751666 -1.599561 -7.817279 -0.688901 -8.558795 32.493331 8.138109 -3.928514 -10.144141 12.516814 8.713851 -0.055539 0.000006 -0.000003 0.000000 -0.000001 0.000000 8.207788 -6.751702 -1.599555 5.356267 18.600074 11.546588 37.104371 8.521005 6.514933 -22.034233 18.647897 -11.197632 0.268973 0.000004 0.000002 0.000000 -0.000000 -0.000000 
17.043528 98.530342 2.018598 -20.967110 -36.718974 -16.830471 -0.000005 10.181574 0.131519 13.545170 -0.501981 -4.650556 10.823540 1.940626 0.630231 10.837593 1.773592 0.639903 -0.000002 16.740389 -2.049035 4.786616 4.954074 2.245558 0.000001 9.617897 1.685014 17.876475 27.869870 -9.709759 0.000003 22.037338 7.501096 0.000000 0.000000 0.000000 -4.569971 11.014923 -2.160882 -0.716643 7.202114 18.243620 -27.125654 10.923962 60.639266 -0.000062 103.089951 0.000007 40.599737 6.946026 10.705315 -2.464807 -1.573976 2.681854 5.834311 -15.424519 -11.023132 3.932181 -7.630452 -1.794943 1.721168 -22.059658 -21.815486 -0.000003 -0.000003 0.000004 -9.108284 -0.517859 2.259839 9.544300 8.644663 5.760086 0.758418 -2.530634 33.258288 1.012595 -2.911934 38.475630 0.000000 0.000002 -0.000004 -9.532509 -0.000058 -0.000022 -0.455230 -0.628155 13.076507 1.169535 -3.031228 41.966110 1.930747 -3.817123 54.171736 -0.000001 0.000000 0.000011 -9.103601 -0.043068 -1.865129 2.218056 -8.087823 24.120391 1.316078 -3.264280 44.033806 1.494875 -3.413367 46.949368 0.000001 0.000003 0.000002 -8.076688 -0.486720 -3.806272 -9.821984 -17.698256 25.099591 1.897768 -3.815983 55.577468 1.570872 -3.647221 49.695343 0.000001 0.000007 0.000003 4.570447 11.014729 -2.160857 0.361533 7.010966 -15.035970 -18.909618 -9.123787 -56.816703 0.000236 -104.264586 0.000378 16.851880 -6.712982 6.785728 2.466144 -1.576186 2.681746 4.624081 20.786847 14.642080 -2.135345 0.478010 -2.324289 -10.266594 -8.254627 10.853513 0.000002 0.000000 0.000001 9.109319 -0.518038 2.259875 3.584696 3.019221 -15.536257 2.413123 4.742349 -53.899085 2.502895 4.794146 -55.052923 0.000000 -0.000004 -0.000000 9.533424 0.000016 0.000047 0.713623 5.040078 -26.870138 2.307818 4.662782 -52.693919 3.586788 5.397852 -67.186337 0.000000 -0.000003 0.000001 9.104534 -0.043036 -1.865069 2.174429 6.940263 -42.126049 2.325404 4.671811 -52.891284 3.365552 5.297879 -64.817054 0.000000 0.000008 0.000003 8.077810 -0.486869 -3.806264 -9.605199 12.552941 -38.114918 3.856341 5.272528 -67.999171 3.820750 5.283200 -67.701306 0.000000 0.000001 -0.000003 -8.207786 -6.751678 -1.599560 -7.670801 -3.167891 -10.245510 29.992081 8.187991 -3.097308 -10.145553 6.567946 5.778001 -0.057581 -0.000017 0.000004 0.000000 0.000003 -0.000000 8.207790 -6.751716 -1.599556 4.239754 17.878386 11.502792 34.445088 8.704425 5.707391 -20.654946 14.558389 -11.055085 0.279523 -0.000001 -0.000003 0.000000 0.000000 0.000000 
17.210035 99.475212 1.757154 -16.736467 -32.365067 -12.943365 -0.000008 10.181596 0.131521 13.657449 -0.923865 -4.279168 10.169981 1.173164 0.634424 10.161411 1.130951 0.571502 0.000001 16.740374 -2.049033 4.931346 4.937607 1.524692 0.000000 9.617894 1.685005 17.684640 27.067205 -10.225761 -0.000004 22.037369 7.501103 0.000003 0.000000 -0.000000 -4.569971 11.014907 -2.160879 -0.257477 4.004358 16.668576 -24.427021 8.696448 58.919302 -0.000045 106.365190 0.000039 37.763737 6.899777 10.671313 -2.464803 -1.573987 2.681852 5.322670 -15.951130 -12.493736 4.280327 -8.390071 -1.959746 1.977582 -22.822741 -22.037395 0.000001 -0.000001 -0.000001 -9.108296 -0.517879 2.259838 9.613273 8.493731 7.780962 0.851406 -2.667575 35.293732 1.117948 -3.039618 40.512328 0.000001 0.000004 0.000002 -9.532517 -0.000042 -0.000024 -0.541908 -0.696570 15.114415 1.281178 -3.152930 43.997931 2.066851 -3.911651 56.211999 -0.000000 -0.000001 0.000001 -9.103595 -0.043067 -1.865134 2.156947 -7.612804 26.286007 1.424607 -3.372376 45.918467 1.604567 -3.511579 48.761496 -0.000001 0.000004 -0.000005 -8.076693 -0.486715 -3.806286 -9.783274 -17.155125 27.437618 2.011680 -3.897026 57.297624 1.683375 -3.743500 51.517935 0.000000 0.000004 -0.000002 4.570448 11.014689 -2.160853 0.544973 5.138488 -17.845802 -26.216018 -10.305000 -55.834396 0.000192 -106.447023 0.000315 17.733517 -8.831920 5.578981 2.466134 -1.576209 2.681752 4.624668 20.791227 14.642809 -2.140692 0.480376 -2.324486 -10.267113 -8.250281 10.854584 0.000000 -0.000003 -0.000003 9.109303 -0.518037 2.259891 3.507917 2.304201 -9.223121 1.910380 4.333476 -47.544598 1.992435 4.394748 -48.696657 0.000002 0.000012 -0.000010 9.533398 0.000034 0.000058 0.440519 4.426174 -20.535959 1.814466 4.242783 -46.340539 3.002988 5.114446 -60.818463 0.000001 0.000001 -0.000000 9.104536 -0.043057 -1.865062 1.912300 6.808218 -35.719536 1.831207 4.254373 -46.547948 2.793472 4.990273 -58.443839 -0.000002 -0.000001 -0.000002 8.077790 -0.486888 -3.806248 -10.094944 12.242266 -31.467556 3.240045 5.008960 -61.425715 3.206104 5.015593 -61.127072 -0.000001 0.000008 0.000002 -8.207787 -6.751674 -1.599564 -7.730423 -4.293569 -11.200376 26.954517 8.361860 -3.062175 -9.314767 0.842429 2.731580 -0.059641 0.000011 0.000007 0.000001 -0.000001 -0.000000 8.207789 -6.751692 -1.599553 1.745532 17.235885 12.264086 31.651705 8.990482 4.560025 -18.923200 8.807019 -11.183620 0.156417 0.000001 0.000002 0.000000 0.000000 -0.000000 
17.209568 100.467377 1.296308 -12.256955 -27.174638 -9.170885 -0.000002 10.181566 0.131520 14.024684 -1.261064 -3.399436 8.984964 0.316696 0.369124 8.962255 0.366194 0.238353 0.000006 16.740391 -2.049040 5.072326 4.967357 0.727701 0.000001 9.617866 1.685006 17.279643 26.521724 -10.925448 0.000001 22.037354 7.501087 0.000003 -0.000001 -0.000000 -4.569969 11.014921 -2.160884 0.155939 0.779494 14.551737 -21.107926 5.821249 57.899602 0.000007 110.271683 -0.000001 34.167762 6.143770 10.795821 -2.464810 -1.573967 2.681853 4.858022 -16.404477 -13.832338 4.593807 -9.075822 -2.104686 2.207524 -23.512281 -22.235580 -0.000001 0.000000 0.000005 -9.108286 -0.517876 2.259835 9.689977 8.363780 9.603133 0.939429 -2.788261 37.130647 1.216915 -3.151601 42.350977 0.000000 -0.000001 0.000008 -9.532513 -0.000039 -0.000021 -0.619949 -0.767059 16.952355 1.385638 -3.259354 45.832789 2.192604 -3.992842 58.054914 0.000000 0.000000 0.000004 -9.103619 -0.043076 -1.865129 2.068481 -7.195421 28.241774 1.524899 -3.466195 47.608679 1.706386 -3.597368 50.400417 -0.000001 -0.000003 -0.000003 -8.076698 -0.486709 -3.806282 -9.811318 -16.677240 29.548197 2.114513 -3.965860 58.820230 1.788246 -3.827861 53.174180 -0.000002 -0.000002 -0.000008 4.570459 11.014716 -2.160853 0.617833 3.662677 -19.345911 -32.315735 -11.803966 -56.638189 0.000181 -108.245255 0.000275 18.416270 -10.690079 6.063287 2.466134 -1.576202 2.681750 4.626958 20.804917 14.645140 -2.144152 0.481951 -2.324580 -10.266177 -8.238222 10.858105 0.000005 0.000007 0.000000 9.109297 -0.518050 2.259880 3.557058 1.612489 -3.193279 1.475260 3.893017 -41.476512 1.549014 3.962501 -42.626907 0.000002 -0.000001 -0.000000 9.533398 0.000015 0.000047 0.249636 3.823523 -14.487420 1.389366 3.792705 -40.273667 2.477834 4.784854 -54.736111 0.000001 0.000001 0.000002 9.104536 -0.043044 -1.865065 1.647957 6.685373 -29.594639 1.404914 3.806649 -40.489696 2.282507 4.639174 -52.362778 0.000001 0.000006 -0.000007 8.077801 -0.486871 -3.806256 -10.686686 11.970296 -25.086856 2.683400 4.693067 -55.150844 2.651495 4.696084 -54.851487 -0.000001 0.000004 0.000009 -8.207783 -6.751672 -1.599561 -7.956346 -4.367206 -11.986241 23.845162 6.577099 -3.522347 -8.434212 -0.062148 0.745951 -0.061718 0.000009 0.000009 0.000001 0.000000 -0.000002 8.207792 -6.751716 -1.599557 -1.048012 15.920020 12.433072 28.083668 9.302031 3.718010 -16.496497 3.198760 -11.331474 -0.355480 0.000000 -0.000002 0.000000 0.000000 -0.000000 
17.084557 101.343925 0.777940 -7.428527 -21.228115 -5.749843 -0.000004 10.181584 0.131521 13.966934 -1.460258 -1.728984 7.219793 -0.692802 -0.209416 7.176231 -0.603357 -0.405400 0.000002 16.740416 -2.049028 5.505710 5.006629 -0.128724 -0.000000 9.617879 1.685010 17.427113 26.097181 -11.822561 0.000001 22.037354 7.501102 -0.000003 -0.000000 -0.000000 -4.569974 11.014922 -2.160883 0.401155 -1.482979 12.100285 -16.795406 1.689330 57.122829 0.000004 114.922796 -0.000008 29.518367 4.073922 11.881923 -2.464807 -1.573991 2.681858 4.460509 -16.773930 -14.980647 4.860463 -9.660457 -2.225371 2.402346 -24.100194 -22.402754 0.000006 -0.000009 0.000001 -9.108282 -0.517878 2.259843 9.765881 8.258265 11.153954 1.017453 -2.888755 38.695716 1.304012 -3.244435 43.917246 0.000000 0.000006 -0.000006 -9.532502 -0.000047 -0.000015 -0.685776 -0.833707 18.517147 1.477287 -3.347322 47.396172 2.301847 -4.058836 59.626588 0.000000 0.000008 -0.000001 -9.103599 -0.043098 -1.865127 1.968664 -6.849515 29.909129 1.611961 -3.543288 49.040304 1.795375 -3.668376 51.801647 0.000001 0.000000 -0.000014 -8.076693 -0.486729 -3.806283 -9.881995 -16.282616 31.346504 2.202011 -4.021365 60.095283 1.880229 -3.897875 54.597117 -0.000004 0.000010 0.000000 4.570444 11.014723 -2.160852 0.738063 3.345657 -20.019418 -36.610606 -14.333939 -58.535329 0.000141 -108.874404 0.000249 15.477823 -12.501219 7.368677 2.466135 -1.576194 2.681729 4.632380 20.835745 14.650467 -2.156496 0.490762 -2.336573 -10.250287 -8.212936 10.868668 -0.000001 -0.000002 0.000000 9.109297 -0.518031 2.259869 3.711189 0.978743 2.394836 1.115790 3.445795 -35.856536 1.181126 3.522047 -37.005360 0.000001 0.000001 -0.000002 9.533408 0.000036 0.000040 0.133427 3.259888 -8.883957 1.040037 3.337573 -34.654881 2.024987 4.431290 -49.102278 0.000001 -0.000007 0.000002 9.104541 -0.043018 -1.865072 1.387991 6.572404 -23.915393 1.054155 3.353548 -34.878088 1.845008 4.267342 -46.733544 -0.000001 -0.000001 -0.000003 8.077785 -0.486873 -3.806268 -11.352512 11.729674 -19.147327 2.201716 4.347987 -49.343933 2.172020 4.347864 -49.043791 0.000000 0.000005 -0.000001 -8.207785 -6.751662 -1.599561 -8.915925 -3.796378 -12.598262 21.512360 5.670370 -4.179904 -6.929991 0.111205 -1.086728 -0.063795 0.000000 0.000007 -0.000000 -0.000002 -0.000003 8.207793 -6.751699 -1.599557 -4.415597 13.192154 11.242951 24.427962 6.665331 3.972543 -13.691701 1.801681 -10.404952 -0.362307 -0.000001 0.000001 0.000000 0.000000 -0.000000 
16.821547 102.023918 0.185745 -2.763873 -14.785638 -3.201859 -0.000005 10.181589 0.131522 13.148590 -1.533714 0.272628 5.449731 -1.892842 -1.003917 5.363675 -1.797012 -1.233506 0.000000 16.740393 -2.049030 5.920388 4.979715 -0.811131 -0.000003 9.617875 1.685004 17.228788 25.466102 -12.054825 0.000004 22.037384 7.501073 -0.000003 0.000000 -0.000000 -4.569970 11.014894 -2.160880 0.580093 -3.791330 9.890535 -12.658308 -1.282429 56.297271 -0.000007 118.482007 0.000022 24.495485 1.869825 12.292566 -2.464809 -1.573966 2.681858 4.150276 -17.050891 -15.880128 5.068952 -10.115454 -2.317815 2.553478 -24.558498 -22.531915 0.000003 -0.000001 -0.000005 -9.108281 -0.517862 2.259839 9.831571 8.179716 12.361105 1.080113 -2.965551 39.914881 1.373600 -3.315088 45.137411 0.000000 -0.000002 0.000004 -9.532500 -0.000055 -0.000025 -0.736394 -0.889831 19.735451 1.550358 -3.414120 48.614510 2.388231 -4.108163 60.851289 -0.000000 -0.000001 0.000003 -9.103605 -0.043077 -1.865126 1.875681 -6.587108 31.208893 1.680789 -3.601592 50.150517 1.866138 -3.722375 52.897182 0.000001 -0.000002 -0.000004 -8.076682 -0.486725 -3.806285 -9.966624 -15.984833 32.747639 2.269983 -4.062705 61.074452 1.953710 -3.951254 55.714871 0.000003 0.000006 -0.000007 4.570450 11.014726 -2.160848 0.932052 3.900859 -20.601428 -39.845343 -17.163340 -60.515039 0.000160 -109.010154 0.000295 11.501495 -13.473764 6.758916 2.466140 -1.576205 2.681727 4.624883 20.795252 14.643432 -2.133901 0.477951 -2.321655 -10.274069 -8.249154 10.853303 0.000000 0.000004 -0.000003 9.109305 -0.518049 2.259866 3.937911 0.430060 7.382063 0.833480 3.018657 -30.845168 0.890799 3.100223 -31.992753 0.000000 0.000000 0.000008 9.533426 0.000036 0.000039 0.077235 2.754328 -3.885629 0.767419 2.904234 -29.644589 1.652098 4.079635 -44.078797 0.000001 0.000007 -0.000001 9.104546 -0.043032 -1.865085 1.141969 6.471389 -18.845984 0.780003 2.921914 -29.873957 1.487329 3.900881 -41.715503 -0.000002 -0.000006 0.000002 8.077801 -0.486859 -3.806274 -12.051292 11.525557 -13.823354 1.804008 4.000856 -44.173053 1.776592 3.998075 -43.872354 -0.000006 0.000004 0.000000 -8.207786 -6.751661 -1.599563 -10.290178 -3.096005 -12.949883 19.674990 4.191261 -4.791342 -4.063824 0.168858 -2.506025 -0.065905 -0.000006 0.000014 0.000001 0.000000 -0.000001 8.207788 -6.751699 -1.599555 -8.417541 10.523246 10.102497 21.208323 2.556719 4.097736 -10.843248 1.404368 -8.936791 -0.721377 -0.000000 -0.000000 0.000000 0.000000 -0.000000 
16.315830 102.381142 -0.500627 0.595656 -8.457961 -1.560902 -0.000004 10.181581 0.131521 13.263032 -1.468742 1.853743 3.942002 -2.911687 -1.694681 3.803981 -2.832011 -1.922828 0.000002 16.740423 -2.049031 5.967846 4.746165 -1.276786 0.000002 9.617885 1.685006 16.276561 23.966654 -11.268051 0.000002 22.037354 7.501103 0.000003 -0.000001 -0.000000 -4.569966 11.014912 -2.160883 0.621546 -6.238618 7.584988 -8.902553 -3.620834 55.596835 -0.000017 121.859891 0.000029 19.349690 -0.019140 11.959112 -2.464810 -1.573969 2.681852 3.947319 -17.227124 -16.472439 5.205700 -10.413572 -2.377671 2.652430 -24.859372 -22.615953 0.000001 -0.000001 0.000002 -9.108283 -0.517862 2.259843 9.877697 8.130059 13.152188 1.122086 -3.015183 40.714355 1.420049 -3.360595 45.937417 -0.000001 -0.000000 -0.000001 -9.532510 -0.000039 -0.000022 -0.769674 -0.927276 20.534212 1.599045 -3.457058 49.413478 2.445417 -4.139524 61.654663 -0.000001 -0.000001 0.000008 -9.103587 -0.043078 -1.865127 1.807571 -6.418529 32.061601 1.726407 -3.638986 50.876214 1.913233 -3.757104 53.617726 -0.000002 -0.000000 0.000002 -8.076681 -0.486719 -3.806283 -10.036082 -15.794850 33.666477 2.314512 -4.088859 61.709960 2.002794 -3.985742 56.453252 0.000002 -0.000003 -0.000006 4.570448 11.014717 -2.160855 1.196118 5.381577 -21.151008 -42.745298 -19.953168 -63.102444 0.000158 -109.428510 0.000251 11.457717 -14.192564 6.020882 2.466136 -1.576200 2.681742 4.631758 20.834256 14.650167 -2.153148 0.488544 -2.333908 -10.251829 -8.215268 10.867686 0.000005 0.000011 -0.000002 9.109318 -0.518038 2.259881 4.197375 -0.015882 11.607943 0.624378 2.638636 -26.602494 0.674581 2.724189 -27.749155 -0.000004 -0.000000 0.000003 9.533403 0.000026 0.000058 0.064066 2.330487 0.347858 0.566883 2.519648 -25.402939 1.361453 3.757218 -39.826427 0.000001 0.000002 -0.000001 9.104538 -0.043033 -1.865055 0.922188 6.386565 -14.550550 0.578075 2.538764 -25.637965 1.210509 3.566957 -37.467634 0.000001 0.000001 -0.000001 8.077778 -0.486867 -3.806262 -12.732869 11.379107 -9.287660 1.493566 3.680515 -39.805526 1.468184 3.675664 -39.504144 -0.000003 0.000003 -0.000001 -8.207785 -6.751668 -1.599563 -11.333117 -3.148216 -13.458952 18.801252 3.341361 -4.901836 -1.869463 0.142903 -3.127276 -2.161048 0.000004 -0.000002 -0.000000 0.000000 0.000002 8.207788 -6.751696 -1.599555 -12.009885 8.857211 9.416188 18.865204 -2.670256 3.567417 -7.984772 1.118376 -7.950917 -1.211438 0.000001 -0.000000 0.000000 0.000000 -0.000000 
15.644510 102.443764 -1.411428 2.271632 -2.825921 -0.433478 -0.000006 10.181584 0.131520 14.821830 -1.316996 3.084444 2.358952 -3.873826 -2.402876 2.182870 -3.855838 -2.548817 0.000003 16.740387 -2.049032 5.751298 4.490550 -1.462208 -0.000002 9.617885 1.685004 15.992739 22.115118 -10.117254 -0.000002 22.037338 7.501114 0.000005 -0.000000 -0.000000 -4.569971 11.014907 -2.160881 0.547361 -8.401575 4.904519 -6.009182 -4.669217 55.588270 -0.000022 123.399662 -0.000006 13.156417 -1.635607 11.027074 -2.464803 -1.574006 2.681854 3.871486 -17.292912 -16.699695 5.257036 -10.527758 -2.402195 2.688135 -24.974438 -22.650543 0.000002 -0.000008 -0.000001 -9.108288 -0.517879 2.259834 9.895727 8.109934 13.455021 1.138324 -3.033989 41.020234 1.437970 -3.377820 46.243505 -0.000000 0.000008 -0.000007 -9.532521 -0.000043 -0.000017 -0.782526 -0.941458 20.839826 1.617831 -3.473320 49.719262 2.467470 -4.151293 61.962090 0.000003 0.000012 0.000010 -9.103594 -0.043079 -1.865131 1.780037 -6.354810 32.388009 1.743911 -3.653093 51.153206 1.931400 -3.770308 53.894147 0.000001 0.000002 -0.000015 -8.076685 -0.486712 -3.806275 -10.065221 -15.723159 34.018256 2.331514 -4.098679 61.951557 2.021818 -3.998826 56.737446 0.000006 -0.000003 -0.000000 4.570451 11.014715 -2.160854 1.521050 7.428088 -21.830222 -44.889373 -22.574264 -65.188384 0.000164 -109.008754 0.000292 14.008869 -15.190124 7.718649 2.466116 -1.576205 2.681730 4.624396 20.794303 14.643203 -2.136339 0.478290 -2.323751 -10.274531 -8.249883 10.852982 0.000002 0.000002 -0.000001 9.109278 -0.518047 2.259866 4.447386 -0.350284 14.911172 0.480966 2.331554 -23.289074 0.525425 2.419826 -24.435167 -0.000002 -0.000000 -0.000009 9.533396 0.000025 0.000046 0.074823 2.003536 3.655700 0.430379 2.209464 -22.090172 1.151592 3.490842 -36.505937 0.000007 0.000001 -0.000003 9.104505 -0.043029 -1.865082 0.742977 6.324809 -11.193244 0.440420 2.229721 -22.330897 1.011980 3.292333 -34.150536 -0.000002 -0.000001 -0.000011 8.077764 -0.486866 -3.806269 -13.342095 11.327207 -5.710694 1.269457 3.415391 -36.408457 1.245790 3.409073 -36.106678 -0.000002 -0.000005 -0.000001 -8.207787 -6.751685 -1.599560 -11.595237 -3.687418 -13.981682 19.520800 4.787248 -4.918766 -2.392030 0.172015 -3.121524 -4.257640 0.000004 -0.000004 0.000000 -0.000000 -0.000001 8.207789 -6.751700 -1.599554 -14.474349 6.987314 8.129549 17.608315 -6.638517 3.751882 -5.496908 0.965122 -7.886332 -1.820150 -0.000000 -0.000000 0.000000 0.000000 -0.000000 
14.722580 102.058479 -2.400261 2.924207 1.867818 0.479449 -0.000007 10.181589 0.131522 16.457699 -0.950996 4.218761 1.241230 -4.299506 -3.314261 1.019209 -4.371605 -3.364088 0.000001 16.740377 -2.049030 5.425484 4.009490 -1.122851 -0.000002 9.617898 1.684999 16.311778 19.852764 -8.888801 0.000001 22.037338 7.501104 -0.000003 -0.000003 0.000002 -4.569969 11.014919 -2.160882 0.394600 -9.912438 2.719424 -3.814960 -5.299283 56.079418 -0.000027 123.835209 0.000032 7.286932 -2.483823 8.524336 -2.464804 -1.573996 2.681854 3.864412 -17.195734 -16.674756 5.257317 -10.531816 -2.407422 2.685312 -24.979822 -22.656207 0.000004 -0.000004 -0.000001 -9.108287 -0.517877 2.259832 9.895565 8.112939 13.428379 1.136914 -3.032369 40.993648 1.436411 -3.376329 46.216991 0.000001 -0.000000 -0.000001 -9.532522 -0.000070 -0.000021 -0.781402 -0.940271 20.813320 1.616182 -3.471913 49.692649 2.465526 -4.150284 61.935336 0.000002 0.000001 0.000005 -9.103601 -0.043105 -1.865136 1.782523 -6.360102 32.365589 1.742797 -3.652166 51.135082 1.930187 -3.769435 53.875637 -0.000002 0.000001 -0.000004 -8.076696 -0.486735 -3.806283 -10.062932 -15.721344 34.025212 2.325054 -4.094964 61.860040 2.015439 -3.994442 56.642233 -0.000002 -0.000003 -0.000010 4.570453 11.014737 -2.160854 1.809213 8.512237 -23.100328 -46.676744 -25.751256 -65.593285 0.000157 -106.280168 0.000259 14.859510 -17.060137 10.693664 2.466131 -1.576217 2.681735 4.625053 20.798780 14.643948 -2.135955 0.477844 -2.323022 -10.270782 -8.246305 10.855276 0.000000 -0.000000 0.000002 9.109284 -0.518044 2.259868 4.647633 -0.570808 17.129471 0.394758 2.120963 -21.065251 0.435277 2.210851 -22.210891 0.000006 0.000004 -0.000009 9.533403 0.000034 0.000048 0.091977 1.787346 5.876714 0.348927 1.997023 -19.867000 1.019533 3.305355 -34.277595 0.000003 -0.000001 -0.000007 9.104533 -0.043033 -1.865073 0.619614 6.294719 -8.938339 0.358216 2.018234 -20.113679 0.887822 3.101787 -31.925216 -0.000004 -0.000001 -0.000001 8.077785 -0.486877 -3.806266 -13.821688 11.418387 -3.260683 1.129245 3.231839 -34.148907 1.106763 3.224533 -33.846705 0.000002 0.000001 -0.000003 -8.207787 -6.751664 -1.599560 -11.541935 -3.550793 -13.926458 21.656235 2.890132 -5.762173 -5.860486 0.088762 -1.022381 -3.800315 0.000002 -0.000001 0.000000 0.000000 -0.000000 8.207792 -6.751701 -1.599556 -16.673588 4.919256 6.623778 18.193580 -8.910538 4.582989 -4.383250 0.854959 -8.521954 -2.039452 0.000001 -0.000001 0.000000 0.000000 0.000000 
13.371136 101.254517 -3.182253 2.701706 5.370748 1.263307 -0.000007 10.181599 0.131524 17.106325 -0.626461 4.552968 1.465776 -4.215068 -3.814232 1.228805 -4.337761 -3.841032 0.000001 16.740360 -2.049021 5.074568 3.408693 -0.640863 0.000001 9.617885 1.685000 17.017450 17.125106 -7.374713 0.000001 22.037369 7.501082 -0.000006 -0.000000 0.000000 -4.569970 11.014901 -2.160876 0.351121 -10.105267 2.235156 -3.590406 -5.545270 56.074043 -0.000001 123.130265 -0.000012 3.861579 -2.144458 4.692425 -2.464803 -1.573970 2.681854 3.847262 -16.943944 -16.593688 5.160560 -10.323365 -2.375728 2.690127 -25.009159 -22.669388 -0.000001 -0.000003 -0.000001 -9.108284 -0.517877 2.259843 9.889478 8.120334 13.319800 1.131059 -3.025592 40.883696 1.429975 -3.370173 46.107267 -0.000002 -0.000000 -0.000002 -9.532514 -0.000061 -0.000022 -0.776780 -0.935151 20.703678 1.609423 -3.466080 49.582857 2.457626 -4.146076 61.824953 0.000002 -0.000005 0.000005 -9.103598 -0.043085 -1.865134 1.791329 -6.379823 32.268173 1.737578 -3.647984 51.052925 1.924744 -3.765477 53.792664 0.000002 -0.000001 -0.000005 -8.076679 -0.486728 -3.806275 -10.059895 -15.722129 34.021965 2.307089 -4.084523 61.604215 1.997943 -3.982366 56.380517 0.000005 0.000002 -0.000003 4.570448 11.014696 -2.160846 1.899132 7.920495 -24.622743 -48.076639 -28.272545 -64.612080 0.000328 -101.417074 0.000468 15.227535 -20.425571 14.374598 2.466117 -1.576196 2.681737 4.620254 20.772916 14.639430 -2.094333 0.452223 -2.297597 -10.267718 -8.239920 10.858254 -0.000001 0.000003 -0.000005 9.109279 -0.518051 2.259866 4.772517 -0.684102 18.179121 0.356849 2.020178 -20.013216 0.395481 2.110812 -21.158721 0.000002 0.000001 -0.000005 9.533401 0.000025 0.000042 0.102531 1.687980 6.927778 0.313289 1.895417 -18.815095 0.959604 3.215858 -33.223614 0.000001 -0.000002 -0.000008 9.104526 -0.043033 -1.865071 0.562846 6.305927 -7.865556 0.322194 1.917119 -19.065030 0.831593 3.009810 -30.870700 0.000003 -0.000000 0.000004 8.077776 -0.486881 -3.806261 -14.135022 11.746690 -1.973740 1.065547 3.143216 -33.081680 1.043641 3.135494 -32.779280 0.000001 -0.000003 -0.000003 -8.207785 -6.751651 -1.599560 -10.817515 -3.355945 -13.338889 22.599498 -4.450763 -6.750850 -9.711993 -0.314468 2.326172 -1.972216 0.000002 -0.000008 -0.000000 -0.000000 0.000000 8.207788 -6.751714 -1.599554 -18.281835 4.066722 6.142904 19.500248 -8.767219 4.849140 -5.116738 -1.532358 -9.368351 -1.217018 0.000001 -0.000003 -0.000000 -0.000000 -0.000000 
11.626396 100.324295 -3.693845 1.343271 7.414559 2.152032 -0.000006 10.181586 0.131522 17.395652 -0.433606 3.838176 2.709412 -3.819002 -3.706392 2.520761 -3.930189 -3.760773 0.000002 16.740404 -2.049028 4.917931 2.903961 -0.452675 0.000002 9.617872 1.685006 18.190040 14.361962 -5.204976 0.000001 22.037384 7.501091 -0.000006 -0.000001 0.000001 -4.569970 11.014914 -2.160880 0.484437 -8.762871 3.729355 -5.637353 -4.991243 55.213630 -0.000022 120.414828 0.000020 3.324665 -0.058106 1.297391 -2.464804 -1.573978 2.681850 3.826844 -16.655225 -16.500656 5.040277 -10.066861 -2.334401 2.709812 -25.079720 -22.693683 0.000010 -0.000015 0.000003 -9.108290 -0.517897 2.259830 9.880920 8.132857 13.139637 1.121441 -3.014407 40.702176 1.419329 -3.359912 45.925393 -0.000000 0.000003 -0.000001 -9.532513 -0.000059 -0.000031 -0.769312 -0.926339 20.522343 1.598299 -3.456406 49.401259 2.444563 -4.139034 61.642348 -0.000001 -0.000004 -0.000002 -9.103597 -0.043074 -1.865137 1.806256 -6.413531 32.106537 1.729028 -3.641076 50.917773 1.915664 -3.758918 53.655015 -0.000002 0.000002 -0.000003 -8.076689 -0.486732 -3.806284 -10.057459 -15.723113 34.018297 2.286449 -4.072442 61.309943 1.978029 -3.968457 56.081423 -0.000006 -0.000010 -0.000004 4.570450 11.014723 -2.160850 1.732544 6.336128 -25.515229 -47.980785 -28.862402 -63.104842 0.000645 -95.392840 0.000817 18.668942 -24.203313 19.325049 2.466114 -1.576208 2.681743 4.607758 20.688037 14.618335 -1.965716 0.373540 -2.220278 -10.265785 -8.237282 10.859950 0.000003 0.000005 -0.000003 9.109278 -0.518051 2.259881 4.821680 -0.711987 18.174408 0.356970 2.020576 -20.017263 0.395633 2.111201 -21.162802 -0.000001 0.000008 -0.000005 9.533388 0.000031 0.000054 0.102008 1.692314 6.924173 0.313410 1.895817 -18.819128 0.959835 3.216213 -33.227730 0.000001 0.000003 0.000002 9.104491 -0.043024 -1.865069 0.569881 6.359349 -7.854242 0.322252 1.917228 -19.066203 0.831427 3.009524 -30.867373 0.000001 -0.000002 -0.000003 8.077758 -0.486877 -3.806261 -14.283449 12.363605 -1.684413 1.064170 3.141265 -33.058416 1.042267 3.133528 -32.755726 0.000001 0.000000 0.000007 -8.207788 -6.751673 -1.599563 -10.020871 -3.692432 -12.999608 24.430055 -8.383071 -7.249222 -13.657553 -1.772369 4.841183 -0.241949 -0.000002 0.000002 0.000000 -0.000001 -0.000001 8.207789 -6.751694 -1.599554 -18.518270 3.589312 6.062279 21.109632 -8.532904 5.471066 -6.037448 -3.105639 -11.560019 -0.206149 0.000001 0.000001 -0.000000 0.000000 -0.000000 
9.716202 99.377533 -4.098533 -1.045752 8.115630 3.097710 -0.000004 10.181580 0.131524 18.310788 -0.346895 2.626228 3.869837 -3.268825 -3.319344 3.749828 -3.340545 -3.385993 0.000001 16.740393 -2.049036 5.209904 2.612131 -0.395412 0.000001 9.617898 1.685026 19.310511 12.598368 -3.378299 -0.000000 22.037354 7.501094 0.000007 -0.000002 -0.000001 -4.569969 11.014902 -2.160883 0.648369 -6.117377 6.648208 -8.719985 -2.904685 53.189719 0.000039 114.954584 -0.000043 3.855674 3.908253 -1.601177 -2.464809 -1.573975 2.681850 3.803274 -16.331795 -16.396468 4.904094 -9.775683 -2.285819 2.732357 -25.158643 -22.719733 -0.000000 -0.000003 0.000000 -9.108286 -0.517868 2.259826 9.869243 8.150656 12.892007 1.108262 -2.998998 40.452516 1.404755 -3.345754 45.675582 -0.000000 -0.000013 -0.000008 -9.532508 -0.000060 -0.000032 -0.758734 -0.915041 20.272852 1.583031 -3.443091 49.151868 2.426645 -4.129330 61.391175 -0.000003 -0.000010 -0.000004 -9.103592 -0.043078 -1.865136 1.826182 -6.459614 31.884501 1.717299 -3.631592 50.731671 1.903252 -3.749839 53.465806 0.000001 -0.000003 -0.000009 -8.076696 -0.486707 -3.806293 -10.055669 -15.724081 34.013768 2.263370 -4.058720 60.979622 1.955858 -3.952807 55.747263 0.000002 -0.000000 -0.000000 4.570457 11.014722 -2.160856 1.484447 5.080276 -25.488934 -45.288905 -28.243595 -61.341314 -0.004747 -89.068693 -0.005572 23.687771 -27.074450 25.822696 2.466136 -1.576200 2.681730 4.589541 20.536786 14.572419 -1.754832 0.246077 -2.097003 -10.264198 -8.234883 10.861513 0.000001 0.000003 -0.000005 9.109312 -0.518051 2.259861 4.803156 -0.667190 17.252925 0.390150 2.108959 -20.939620 0.430427 2.198952 -22.085239 -0.000003 -0.000001 -0.000004 9.533400 0.000034 0.000032 0.091785 1.788378 6.003760 0.344556 1.984921 -19.741262 1.012292 3.294734 -34.151779 0.000001 -0.000000 0.000007 9.104536 -0.043027 -1.865087 0.635059 6.448525 -8.766900 0.353539 2.005449 -19.980667 0.879913 3.089068 -31.778647 0.000004 0.000003 0.000000 8.077794 -0.486884 -3.806277 -14.259200 13.236691 -2.271829 1.117147 3.215267 -33.948287 1.094752 3.207848 -33.645447 0.000002 -0.000001 -0.000003 -8.207786 -6.751664 -1.599560 -9.714896 -3.757188 -13.094305 28.791488 -8.518739 -7.432906 -16.188890 -2.130014 8.442605 -0.184878 0.000000 0.000004 -0.000000 -0.000000 0.000001 8.207790 -6.751702 -1.599557 -17.763667 2.713310 5.752956 23.771107 -8.490524 7.011703 -7.252573 -2.787937 -13.467927 -0.116136 -0.000002 0.000001 -0.000000 0.000000 -0.000000 
7.990149 98.396599 -4.346848 -4.218413 8.001291 3.291169 -0.000005 10.181589 0.131519 19.707350 -0.226722 2.159818 5.021900 -2.709984 -2.778872 4.935723 -2.779139 -2.843832 0.000001 16.740362 -2.049028 5.527719 2.460982 -0.281862 0.000003 9.617887 1.685013 19.986810 11.867829 -2.712897 0.000002 22.037354 7.501103 -0.000004 -0.000002 0.000000 -4.569970 11.014906 -2.160878 0.644117 -2.534820 10.665936 -12.094035 0.405080 49.435478 0.000000 108.003165 0.000004 6.126141 8.356616 -5.104734 -2.464799 -1.573981 2.681845 3.776575 -15.975440 -16.281685 4.752658 -9.453022 -2.230102 2.745593 -25.210493 -22.738470 0.000003 -0.000012 -0.000003 -9.108281 -0.517869 2.259822 9.854975 8.172597 12.580752 1.091804 -2.979517 40.138641 1.386540 -3.327861 45.361390 0.000002 0.000002 0.000004 -9.532516 -0.000054 -0.000042 -0.745572 -0.900654 19.959426 1.563922 -3.426211 48.837967 2.404160 -4.117002 61.075818 -0.000004 -0.000003 0.000007 -9.103596 -0.043084 -1.865149 1.850901 -6.518216 31.605205 1.702555 -3.619554 50.497566 1.887704 -3.738408 53.228207 0.000001 -0.000007 0.000006 -8.076687 -0.486720 -3.806297 -10.054245 -15.725409 34.009305 2.238024 -4.043457 60.615176 1.931626 -3.935419 55.380506 -0.000001 -0.000001 0.000001 4.570452 11.014700 -2.160847 1.263769 4.753908 -24.676975 -40.627338 -27.421495 -60.435938 -0.000597 -83.007542 -0.000654 28.551743 -29.399938 34.986391 2.466153 -1.576212 2.681729 4.564386 20.328545 14.509256 -1.475351 0.079995 -1.940097 -10.263957 -8.237299 10.861407 0.000001 -0.000001 0.000004 9.109316 -0.518035 2.259871 4.730765 -0.558661 15.551815 0.455072 2.270725 -22.643028 0.498390 2.359483 -23.788903 -0.000001 0.000002 -0.000003 9.533416 0.000037 0.000037 0.077279 1.963404 4.303617 0.405863 2.148064 -21.444328 1.112475 3.437488 -35.858555 -0.000005 0.000004 0.000001 9.104535 -0.043032 -1.865076 0.751540 6.565417 -10.466676 0.415184 2.167327 -21.673148 0.973148 3.234459 -33.468736 0.000001 0.000001 0.000009 8.077789 -0.486861 -3.806271 -14.050137 14.322528 -3.622505 1.219856 3.352172 -35.622305 1.196527 3.345399 -35.319267 -0.000002 -0.000005 0.000002 -8.207787 -6.751668 -1.599560 -9.010680 -3.864393 -12.614997 33.923627 -8.664884 -6.775915 -19.108168 -1.723235 8.329347 -0.188983 0.000001 -0.000007 -0.000000 0.000001 0.000001 8.207792 -6.751705 -1.599554 -16.621571 2.041008 6.394059 27.708389 -8.498901 8.510752 -9.147969 -2.118903 -14.285479 -0.704120 0.000001 -0.000005 0.000000 0.000000 0.000000 
6.544816 97.470490 -4.281340 -7.682382 7.603460 2.550519 -0.000005 10.181600 0.131519 20.360702 0.127567 2.861664 6.881595 -2.024725 -2.143241 6.800582 -2.133646 -2.216692 0.000001 16.740377 -2.049025 5.462826 2.286260 -0.118880 -0.000001 9.617898 1.685003 20.500777 11.181728 -2.489728 0.000003 22.037369 7.501100 0.000000 -0.000000 0.000000 -4.569969 11.014915 -2.160883 0.400241 0.497079 14.415350 -15.402046 4.312321 45.935348 -0.000012 101.488073 0.000007 12.736504 12.904864 -9.873326 -2.464797 -1.573980 2.681858 3.746815 -15.588505 -16.157089 4.586796 -9.100167 -2.167362 2.738238 -25.202278 -22.740850 0.000002 -0.000006 -0.000002 -9.108290 -0.517863 2.259837 9.838444 8.199257 12.209476 1.072291 -2.956144 39.764333 1.364934 -3.306444 44.986771 0.000002 0.000003 -0.000008 -9.532502 -0.000056 -0.000025 -0.729811 -0.883783 19.585515 1.541248 -3.405939 48.463737 2.377482 -4.102158 60.699755 0.000005 0.000006 0.000015 -9.103599 -0.043069 -1.865137 1.879517 -6.588521 31.272195 1.685032 -3.605107 50.218208 1.869258 -3.724722 52.945294 0.000003 -0.000004 -0.000003 -8.076698 -0.486723 -3.806289 -10.053133 -15.727060 34.004790 2.210526 -4.026644 60.218732 1.905514 -3.916488 54.983463 0.000003 0.000009 -0.000001 4.570448 11.014721 -2.160854 1.066661 5.093727 -23.601642 -36.140747 -27.469619 -61.325762 -0.000195 -76.760876 -0.000190 30.504639 -31.089450 43.779993 2.466138 -1.576202 2.681739 4.532714 20.067506 14.430088 -1.138379 -0.115989 -1.760468 -10.263459 -8.237677 10.861975 -0.000003 0.000002 -0.000010 9.109292 -0.518032 2.259882 4.621518 -0.393609 13.208198 0.552388 2.490303 -24.990487 0.599816 2.577189 -26.136863 -0.000001 0.000002 0.000002 9.533394 0.000031 0.000052 0.065915 2.203997 1.960818 0.498239 2.369754 -23.791460 1.257431 3.629170 -38.211056 -0.000001 -0.000002 -0.000001 9.104523 -0.043028 -1.865068 0.911617 6.701065 -12.817268 0.507978 2.387417 -24.007545 1.108806 3.430470 -35.801406 0.000006 0.000006 0.000005 8.077776 -0.486871 -3.806267 -13.644954 15.570331 -5.626157 1.369308 3.537491 -37.951741 1.344783 3.531713 -37.648675 -0.000004 0.000003 0.000006 -8.207786 -6.751651 -1.599562 -7.452112 -4.374565 -11.599615 38.347202 -8.257017 -5.327213 -21.726591 -1.391688 6.458393 -0.191121 0.000004 0.000002 -0.000000 -0.000001 0.000000 8.207792 -6.751685 -1.599553 -14.957158 1.710133 8.167657 31.498947 -8.506109 9.875996 -10.776839 -1.850612 -15.502955 -1.327081 0.000001 -0.000000 0.000000 -0.000000 -0.000000 
5.115287 96.703369 -4.020646 -10.759428 7.288858 2.132991 -0.000004 10.181589 0.131524 19.851404 0.355942 3.149235 8.951095 -1.455811 -1.562512 8.885885 -1.574116 -1.636523 0.000002 16.740377 -2.049031 5.258506 2.046191 0.155604 0.000001 9.617870 1.685004 21.520181 10.177610 -1.769427 0.000002 22.037354 7.501077 -0.000006 -0.000001 -0.000000 -4.569973 11.014891 -2.160886 0.073893 2.865587 17.012975 -18.146447 8.324566 44.252902 0.000004 95.125424 -0.000022 17.634271 17.632403 -15.305540 -2.464805 -1.573992 2.681852 3.714027 -15.173036 -16.023516 4.407288 -8.719114 -2.097738 2.695933 -25.100631 -22.717503 0.000002 -0.000007 0.000001 -9.108285 -0.517882 2.259835 9.820134 8.230067 11.782032 1.050021 -2.929095 39.333461 1.340237 -3.281584 44.555646 -0.000000 0.000002 -0.000002 -9.532518 -0.000061 -0.000028 -0.711558 -0.864937 19.154975 1.515328 -3.382443 48.033251 2.346876 -4.084845 60.266741 -0.000000 -0.000009 0.000005 -9.103595 -0.043091 -1.865131 1.911289 -6.669933 30.888998 1.664936 -3.588376 49.896212 1.848139 -3.708855 52.620174 0.000000 -0.000000 -0.000008 -8.076682 -0.486736 -3.806284 -10.050973 -15.730534 34.004647 2.181097 -4.008356 59.792501 1.877742 -3.896015 54.558769 0.000001 -0.000005 -0.000007 4.570446 11.014713 -2.160857 0.906969 5.936155 -22.484392 -32.651788 -28.348106 -63.190752 -0.000201 -71.291985 -0.000174 29.257757 -32.694087 48.706704 2.466134 -1.576192 2.681739 4.494541 19.754920 14.335363 -0.754231 -0.333992 -1.567657 -10.262124 -8.233059 10.864089 0.000001 0.000008 -0.000003 9.109296 -0.518058 2.259873 4.493465 -0.179229 10.359744 0.682715 2.751570 -27.845414 0.735034 2.836017 -28.992264 -0.000003 0.000001 0.000000 9.533400 0.000036 0.000047 0.065415 2.496727 -0.887642 0.622674 2.633887 -26.645611 1.444116 3.853909 -41.072209 -0.000002 0.000006 -0.000007 9.104523 -0.043048 -1.865079 1.106708 6.846573 -15.681534 0.632885 2.649800 -26.848608 1.284532 3.661290 -38.641443 -0.000002 -0.000005 0.000001 8.077788 -0.486892 -3.806261 -12.994426 16.917129 -8.178491 1.563210 3.756730 -40.815974 1.536646 3.751600 -40.504637 -0.000002 0.000000 0.000007 -8.207785 -6.751658 -1.599560 -5.397499 -4.829594 -10.752212 41.314462 -7.524813 -4.318067 -23.796212 -1.280472 5.712828 -0.192532 0.000002 -0.000004 -0.000000 0.000000 0.000001 8.207792 -6.751707 -1.599555 -12.878027 1.629099 10.253206 33.733092 -8.516137 9.934635 -12.223395 -2.087492 -16.387531 -1.425210 -0.000001 0.000001 -0.000000 -0.000000 -0.000000 
3.672959 96.138969 -3.810133 -13.639820 7.710658 2.474042 -0.000006 10.181580 0.131517 19.384299 0.343298 2.787382 10.341126 -1.263423 -1.161679 10.288151 -1.340890 -1.236823 0.000001 16.740414 -2.049041 5.311231 1.678656 0.608759 0.000001 9.617879 1.685010 22.827956 8.899878 -0.403638 0.000006 22.037369 7.501069 0.000005 0.000000 -0.000001 -4.569976 11.014937 -2.160885 -0.275900 5.347696 18.532555 -19.971232 10.521324 44.214741 -0.015155 89.987018 0.019214 18.543422 21.417441 -19.409331 -2.464793 -1.573974 2.681839 3.678383 -14.731019 -15.881491 4.215217 -8.312376 -2.021405 2.612397 -24.880393 -22.662472 -0.000003 0.000000 0.000000 -9.108282 -0.517898 2.259826 9.800490 8.265082 11.302080 1.025288 -2.898549 38.849870 1.312729 -3.253458 44.071642 0.000002 -0.000000 0.000004 -9.532508 -0.000045 -0.000033 -0.690994 -0.844251 18.671690 1.486423 -3.355816 47.549841 2.312683 -4.065169 59.781033 0.000003 -0.000003 0.000008 -9.103601 -0.043079 -1.865139 1.945552 -6.762086 30.458914 1.642475 -3.569422 49.534482 1.824560 -3.690917 52.255493 0.000003 -0.000002 -0.000001 -8.076687 -0.486708 -3.806289 -10.042100 -15.742012 34.033607 2.149918 -3.988649 59.338634 1.848463 -3.874116 54.108499 -0.000003 -0.000001 -0.000012 4.570453 11.014739 -2.160854 0.706784 6.180479 -21.136000 -30.480539 -28.333221 -65.417523 -0.000167 -67.252023 -0.000128 32.475548 -34.859598 53.992434 2.466142 -1.576212 2.681735 4.450262 19.395299 14.226394 -0.334886 -0.565592 -1.371051 -10.260774 -8.227588 10.866429 -0.000002 0.000004 -0.000001 9.109292 -0.518031 2.259870 4.363863 0.075923 7.143540 0.845393 3.038424 -31.070858 0.903059 3.119727 -32.218231 0.000000 -0.000002 0.000000 9.533396 0.000029 0.000039 0.082450 2.827548 -4.104805 0.778853 2.924256 -29.870272 1.668224 4.096177 -44.304920 -0.000003 0.000001 0.000006 9.104517 -0.043034 -1.865076 1.327603 6.994004 -18.922247 0.789604 2.938527 -30.061524 1.496697 3.911324 -41.853087 -0.000002 -0.000006 -0.000003 8.077790 -0.486865 -3.806273 -12.131072 18.303968 -11.168366 1.797306 3.994386 -44.081716 1.768274 3.990019 -43.759045 0.000000 0.000002 0.000000 -8.207786 -6.751674 -1.599564 -2.824754 -5.226861 -10.169505 43.006522 -7.399850 -3.925987 -25.259727 -1.501868 6.518586 -0.193406 0.000002 -0.000001 0.000000 0.000000 -0.000000 8.207788 -6.751710 -1.599559 -10.656402 2.046956 11.696103 34.443715 -8.390222 9.941898 -12.976405 -3.688562 -17.338348 -1.443395 -0.000001 -0.000004 -0.000000 -0.000000 -0.000000 
2.540944 95.701286 -3.768883 -16.559083 9.382618 2.798829 -0.000004 10.181595 0.131518 19.777062 0.356751 3.739874 11.032506 -1.353864 -1.241797 10.967241 -1.471657 -1.333982 0.000001 16.740419 -2.049033 5.589860 1.206864 1.095041 0.000001 9.617896 1.684995 22.507147 7.364814 1.269876 -0.000001 22.037369 7.501079 0.000001 0.000000 -0.000000 -4.569975 11.014926 -2.160880 -0.580813 7.335143 19.354724 -21.425301 9.684178 45.616955 0.000766 89.026885 -0.000804 24.139740 23.053695 -21.467107 -2.464797 -1.573975 2.681847 3.639845 -14.264574 -15.731729 4.011337 -7.881804 -1.938606 2.505356 -24.592957 -22.587731 0.000002 -0.000005 0.000006 -9.108294 -0.517863 2.259835 9.779973 8.304059 10.773407 0.998340 -2.864654 38.317286 1.282730 -3.222221 43.538757 0.000002 0.000008 -0.000010 -9.532505 -0.000040 -0.000031 -0.668322 -0.822055 18.139347 1.454889 -3.326272 47.017875 2.275254 -4.043121 59.246113 0.000000 0.000002 0.000004 -9.103588 -0.043073 -1.865139 1.981488 -6.864449 29.985302 1.617834 -3.548377 49.135507 1.798775 -3.671005 51.854571 -0.000002 0.000003 -0.000001 -8.076687 -0.486710 -3.806291 -10.025432 -15.761553 34.110033 2.117140 -3.967583 58.859128 1.817884 -3.850806 53.635358 -0.000002 0.000009 0.000002 4.570449 11.014740 -2.160856 0.441145 5.000790 -19.695682 -30.031228 -27.526064 -67.263928 -0.000136 -63.956095 -0.000106 38.698598 -36.275794 60.069615 2.466134 -1.576227 2.681741 4.400109 18.991169 14.103900 0.106830 -0.802619 -1.178819 -10.259833 -8.223514 10.868282 0.000002 0.000003 -0.000006 9.109302 -0.518057 2.259869 4.247351 0.361318 3.696252 1.037417 3.335105 -34.529215 1.100632 3.412854 -35.677609 -0.000000 0.000010 0.000003 9.533408 0.000027 0.000050 0.121622 3.181867 -7.554189 0.964144 3.225158 -33.327830 1.923272 4.341403 -47.771924 -0.000001 0.000003 0.000002 9.104531 -0.043037 -1.865068 1.564545 7.136139 -22.402524 0.975490 3.238002 -33.510189 1.739623 4.165942 -45.300676 0.000001 0.000006 -0.000002 8.077800 -0.486870 -3.806267 -11.093736 19.675808 -14.480465 2.065316 4.235967 -47.615311 2.033819 4.232761 -47.282241 -0.000001 0.000001 0.000002 -8.207786 -6.751667 -1.599561 0.247458 -6.192694 -9.573179 43.911737 -7.856996 -3.101116 -26.246252 -1.730610 7.332873 -0.193912 -0.000002 0.000001 0.000000 -0.000001 -0.000000 8.207790 -6.751701 -1.599559 -9.320719 2.530668 13.330519 35.370838 -8.245164 9.925066 -13.228542 -7.103305 -17.897076 -1.845733 -0.000001 0.000005 -0.000000 -0.000000 0.000000 
1.794309 95.368233 -3.828375 -18.603135 11.315028 2.857678 -0.000006 10.181590 0.131526 19.946265 0.367085 6.001784 11.477828 -1.646408 -2.055888 11.366506 -1.904516 -2.168908 0.000001 16.740391 -2.049037 5.903435 0.787096 1.638393 0.000001 9.617863 1.685005 18.584270 6.126795 2.400932 0.000002 22.037369 7.501098 0.000006 -0.000000 0.000000 -4.569978 11.014910 -2.160882 -0.741526 8.309485 19.552632 -22.715087 8.533103 48.020249 -0.000301 90.240152 -0.000120 31.163879 23.842046 -22.754891 -2.464802 -1.573982 2.681849 3.598561 -13.775826 -15.574913 3.796507 -7.429549 -1.849491 2.380533 -24.256940 -22.499762 0.000003 -0.000011 0.000009 -9.108278 -0.517862 2.259829 9.759057 8.346918 10.199749 0.969477 -2.827615 37.739736 1.250505 -3.188026 42.960609 -0.000004 0.000005 0.000001 -9.532504 -0.000071 -0.000032 -0.643568 -0.798906 17.561714 1.420983 -3.293832 46.440768 2.234896 -4.018855 58.666127 -0.000002 0.000003 0.000005 -9.103582 -0.043076 -1.865139 2.018396 -6.976511 29.471518 1.591239 -3.525307 48.702281 1.771010 -3.649274 51.420570 -0.000003 0.000006 -0.000001 -8.076693 -0.486711 -3.806284 -10.019889 -15.764379 34.210522 2.082260 -3.944698 58.345682 1.786157 -3.826233 53.141443 -0.000004 -0.000007 -0.000008 4.570451 11.014711 -2.160856 0.237830 3.713719 -18.263707 -30.528746 -26.902102 -67.970334 -0.000117 -62.318858 -0.000076 42.709764 -36.276856 62.618655 2.466137 -1.576201 2.681742 4.344406 18.546134 13.968909 0.757037 0.096243 -0.847112 -10.259332 -8.221219 10.869538 0.000003 0.000006 0.000009 9.109308 -0.518041 2.259871 4.154981 0.664269 0.155423 1.253003 3.627295 -38.083779 1.321751 3.700953 -39.233440 -0.000005 0.000002 -0.000004 9.533421 0.000028 0.000054 0.184939 3.546059 -11.098391 1.173099 3.522058 -36.881659 2.200327 4.576771 -51.335289 -0.000005 -0.000001 -0.000014 9.104529 -0.043025 -1.865065 1.807602 7.267647 -25.984758 1.185206 3.533782 -37.059196 2.005122 4.412131 -48.848990 -0.000001 -0.000004 0.000002 8.077790 -0.486868 -3.806261 -9.910503 20.979805 -17.994543 2.359054 4.468946 -51.287938 2.325108 4.467211 -50.945251 0.000001 0.000002 -0.000001 -8.207787 -6.751675 -1.599558 2.398431 -7.332947 -9.049972 44.662361 -8.360510 -1.843983 -26.970686 -1.684145 7.099959 -0.194188 -0.000004 -0.000002 0.000000 -0.000001 -0.000001 8.207788 -6.751679 -1.599554 -9.420696 2.997178 15.023023 36.885958 -8.150256 9.895208 -13.810266 -10.147576 -18.004812 -0.996269 0.000002 0.000002 0.000000 0.000000 -0.000000 
1.192808 95.340668 -3.899585 -19.087618 11.695366 2.899071 -0.000007 10.181591 0.131528 19.519854 0.267052 7.202612 11.868457 -1.886295 -2.848444 11.711571 -2.234125 -2.984475 0.000001 16.740396 -2.049042 5.923893 0.617868 1.949625 -0.000001 9.617883 1.685014 10.760750 5.406108 2.429142 0.000003 22.037354 7.501096 -0.000004 -0.000000 -0.000000 -4.569968 11.014906 -2.160890 -0.882751 9.120122 19.838136 -23.943896 9.078302 49.385478 0.000074 91.178094 0.000039 33.306946 24.637365 -23.583788 -2.464794 -1.573981 2.681848 3.554656 -13.266883 -15.411746 3.570882 -6.957275 -1.755604 2.239061 -23.876246 -22.399537 -0.000002 -0.000003 0.000007 -9.108291 -0.517880 2.259836 9.738210 8.393457 9.584995 0.938948 -2.787605 37.120729 1.216375 -3.151013 42.341145 -0.000000 -0.000002 -0.000004 -9.532505 -0.000037 -0.000026 -0.617032 -0.774896 16.942677 1.385051 -3.258771 45.822667 2.191890 -3.992383 58.044614 0.000000 0.000003 -0.000009 -9.103597 -0.043076 -1.865131 2.055460 -7.097661 28.921179 1.562882 -3.500328 48.237221 1.741500 -3.625817 50.956483 -0.000001 0.000005 0.000003 -8.076681 -0.486708 -3.806286 -10.038565 -15.734941 34.299345 2.045317 -3.919973 57.798645 1.753468 -3.800438 52.628974 -0.000006 -0.000000 -0.000002 4.570455 11.014697 -2.160856 0.174064 3.230172 -17.676680 -31.157144 -25.912811 -67.452203 -0.000115 -63.376690 -0.000074 45.390022 -35.517373 61.753079 2.466149 -1.576203 2.681745 4.283246 18.062603 13.822153 1.464321 1.433135 -0.480093 -10.259124 -8.219982 10.870422 0.000001 0.000002 -0.000006 9.109304 -0.518046 2.259880 4.092967 0.970897 -3.342260 1.483440 3.902203 -41.596993 1.557345 3.971530 -42.747186 0.000001 -0.000004 -0.000000 9.533410 0.000013 0.000051 0.271096 3.905757 -14.600376 1.397316 3.802059 -40.393927 2.487938 4.791945 -54.857112 -0.000003 -0.000004 0.000007 9.104536 -0.043033 -1.865067 2.046694 7.384474 -29.531405 1.410414 3.813068 -40.572516 2.282534 4.639181 -52.362945 0.000000 0.000001 0.000002 8.077804 -0.486869 -3.806262 -8.624536 22.170996 -21.582722 2.667844 4.683070 -54.969745 2.631630 4.683106 -54.618813 -0.000001 -0.000004 0.000008 -8.207786 -6.751667 -1.599554 2.749697 -7.674280 -8.898314 45.042833 -8.429704 -1.189497 -27.222682 -1.465064 6.405284 -0.194350 -0.000003 -0.000004 0.000000 -0.000000 -0.000001 8.207788 -6.751699 -1.599553 -10.049642 4.194957 16.092525 37.503220 -8.040586 9.885925 -14.549681 -10.125522 -18.010439 0.469736 0.000001 -0.000009 0.000000 -0.000000 0.000000 
0.721703 95.741379 -4.035055 -18.594951 10.267220 2.956069 -0.000006 10.181598 0.131520 19.946234 0.223932 7.204968 11.833534 -1.817043 -3.461664 11.655934 -2.221375 -3.594621 0.000000 16.740398 -2.049034 5.227341 0.619297 1.897469 0.000001 9.617886 1.685009 1.535277 5.049407 1.872719 0.000001 22.037323 7.501099 -0.000004 -0.000000 0.000000 -4.569977 11.014923 -2.160885 -1.123934 10.675242 20.317829 -25.197094 9.249997 49.866074 -0.000323 93.221331 0.000346 33.860222 25.107378 -23.303110 -2.464792 -1.573971 2.681850 3.508186 -12.739684 -15.242954 3.336417 -6.467621 -1.655152 2.081943 -23.453391 -22.286938 0.000007 -0.000007 0.000003 -9.108279 -0.517864 2.259831 9.717861 8.443377 8.932564 0.907060 -2.744829 36.464345 1.180621 -3.111371 41.684320 -0.000000 -0.000003 0.000002 -9.532504 -0.000050 -0.000028 -0.588839 -0.750371 16.286072 1.347357 -3.221117 45.167160 2.146638 -3.963823 57.385877 -0.000000 0.000003 -0.000001 -9.103609 -0.043072 -1.865135 2.091974 -7.227350 28.337534 1.533007 -3.473545 47.743289 1.710451 -3.600683 50.465054 0.000001 -0.000007 0.000000 -8.076689 -0.486717 -3.806283 -10.067256 -15.697197 34.312927 2.007605 -3.894193 57.236654 1.720001 -3.773531 52.100557 0.000001 0.000006 -0.000005 4.570453 11.014710 -2.160850 0.178623 2.978106 -17.930607 -31.782506 -23.988955 -66.448472 -0.000148 -66.509302 -0.000121 46.253652 -34.093350 59.659011 2.466148 -1.576209 2.681743 4.216931 17.543869 13.664654 2.122715 2.695157 -0.150143 -10.259885 -8.220110 10.870693 -0.000005 -0.000003 0.000002 9.109313 -0.518054 2.259875 4.062663 1.266623 -6.659697 1.717269 4.149442 -44.930668 1.795825 4.214343 -46.081883 0.000003 0.000002 -0.000004 9.533411 0.000027 0.000046 0.374592 4.244033 -17.923142 1.625484 4.054455 -43.726782 2.772561 4.979361 -58.198676 -0.000000 -0.000007 0.000008 9.104537 -0.043028 -1.865070 2.271854 7.483772 -32.904761 1.640070 4.065299 -43.914005 2.558870 4.838974 -55.706511 0.000000 0.000004 0.000001 8.077811 -0.486872 -3.806259 -7.293206 23.215461 -25.107840 2.979028 4.870841 -58.531463 2.940660 4.872756 -58.172667 0.000001 -0.000002 -0.000000 -8.207785 -6.751666 -1.599559 2.137283 -7.300859 -9.150174 44.428318 -7.660144 -1.346287 -26.696501 -1.249051 5.860594 -0.194582 0.000000 0.000002 0.000000 -0.000000 -0.000001 8.207791 -6.751705 -1.599559 -10.226724 6.364243 16.631850 36.697179 -8.012941 9.886076 -15.289425 -6.791287 -17.022326 0.497460 0.000006 0.000001 0.000000 -0.000000 0.000000 
0.594642 96.507149 -4.251395 -17.534463 8.256217 2.797431 -0.000008 10.181586 0.131522 21.368109 0.268680 7.271153 11.207552 -1.621348 -4.180575 11.013280 -2.112047 -4.282482 0.000001 16.740377 -2.049036 3.760295 0.620256 1.792470 0.000001 9.617855 1.685016 -5.973005 4.943895 1.455375 0.000002 22.037338 7.501100 -0.000009 -0.000001 0.000000 -4.569969 11.014933 -2.160886 -1.392323 12.489937 20.803877 -26.318947 8.560139 50.293627 -0.000093 96.342024 0.000057 34.011941 25.077200 -22.397372 -2.464790 -1.573998 2.681843 3.459172 -12.196378 -15.069072 3.096051 -5.962970 -1.542766 1.910767 -22.992317 -22.162210 0.000003 -0.000000 0.000000 -9.108283 -0.517878 2.259827 9.698414 8.496615 8.246460 0.874061 -2.699428 35.774383 1.143520 -3.069253 40.993819 0.000004 -0.000005 -0.000007 -9.532514 -0.000049 -0.000025 -0.559191 -0.725691 15.595743 1.308182 -3.181102 44.478014 2.099463 -3.933250 56.693569 -0.000000 0.000015 0.000009 -9.103579 -0.043074 -1.865140 2.127256 -7.365086 27.723992 1.501785 -3.445056 47.223194 1.678122 -3.574049 49.949313 -0.000002 0.000004 -0.000001 -8.076675 -0.486722 -3.806293 -10.089549 -15.675943 34.187037 1.970457 -3.868288 56.679109 1.685936 -3.745605 51.558564 -0.000002 0.000003 -0.000001 4.570445 11.014724 -2.160858 0.202841 2.757831 -18.125626 -32.389249 -21.407064 -66.100986 -0.000199 -70.842647 -0.000149 46.097148 -32.615786 57.017586 2.466147 -1.576199 2.681747 4.145756 16.993500 13.497382 2.712148 3.838500 0.135127 -10.261168 -8.222130 10.870291 -0.000004 -0.000003 0.000002 9.109316 -0.518051 2.259878 4.060857 1.537455 -9.659820 1.940795 4.360926 -47.946203 2.023356 4.421656 -49.098221 -0.000003 0.000002 0.000008 9.533423 0.000021 0.000055 0.486579 4.546428 -20.928832 1.844208 4.270919 -46.741669 3.038978 5.134301 -61.221397 -0.000002 0.000007 0.000002 9.104545 -0.043037 -1.865067 2.473216 7.563880 -35.966895 1.860939 4.282242 -46.947237 2.819551 5.006128 -58.743083 -0.000001 0.000014 -0.000003 8.077813 -0.486880 -3.806256 -5.985526 24.092085 -28.424525 3.278252 5.027785 -61.843012 3.237965 5.031586 -61.476415 0.000001 0.000002 -0.000003 -8.207787 -6.751663 -1.599560 1.312712 -6.777965 -9.402718 42.646431 -6.471597 -1.783022 -25.395024 -1.039131 5.303851 -0.193849 -0.000003 -0.000002 -0.000000 0.000000 0.000000 8.207789 -6.751700 -1.599556 -9.967697 8.100878 17.164713 34.864158 -8.201823 9.333607 -15.333776 -2.624802 -14.505495 0.511159 -0.000002 0.000001 0.000000 -0.000001 -0.000000 
0.829341 97.512344 -4.393018 -15.202956 6.401907 2.321359 -0.000006 10.181594 0.131517 22.093369 0.303855 7.274974 10.186949 -1.516177 -4.639614 9.978920 -2.040193 -4.724093 -0.000000 16.740395 -2.049041 2.047936 0.648168 1.790210 0.000000 9.617876 1.684999 -11.139283 5.304628 1.092604 0.000002 22.037338 7.501095 -0.000001 0.000001 -0.000000 -4.569974 11.014906 -2.160887 -1.549740 13.590489 21.168445 -27.057549 8.195474 50.633466 -0.000063 99.695251 0.000091 33.319497 23.942359 -20.169569 -2.464794 -1.573986 2.681854 3.407841 -11.639149 -14.890871 2.849222 -5.444932 -1.421972 1.727989 -22.497137 -22.023742 0.000003 -0.000004 0.000002 -9.108271 -0.517865 2.259838 9.680311 8.552595 7.530490 0.840220 -2.651653 35.054532 1.105354 -3.024845 40.273428 0.000002 -0.000002 0.000001 -9.532498 -0.000040 -0.000018 -0.528211 -0.701304 14.875302 1.267838 -3.138844 43.759280 2.050618 -3.900753 55.971368 -0.000000 -0.000002 0.000000 -9.103590 -0.043074 -1.865130 2.160695 -7.510268 27.083952 1.469416 -3.414993 46.679610 1.644701 -3.545986 49.412034 -0.000001 -0.000002 -0.000006 -8.076675 -0.486717 -3.806282 -10.089494 -15.700701 33.867486 1.935079 -3.843103 56.145166 1.651451 -3.716826 51.005496 0.000001 -0.000003 -0.000000 4.570453 11.014712 -2.160856 0.267865 2.806315 -18.576272 -32.574678 -19.407646 -66.024427 -0.000301 -75.864455 -0.000288 46.607718 -31.854824 54.882124 2.466127 -1.576211 2.681744 4.069894 16.414263 13.321161 3.213217 4.819507 0.369315 -10.265683 -8.239162 10.865024 0.000001 0.000004 -0.000003 9.109288 -0.518036 2.259882 4.081188 1.770578 -12.205122 2.139004 4.530927 -50.505315 2.224758 4.587902 -51.658008 0.000000 -0.000001 -0.000006 9.533419 0.000025 0.000053 0.595337 4.799593 -23.479644 2.038489 4.445280 -49.300203 3.271141 5.254584 -63.786030 -0.000002 -0.000002 0.000000 9.104540 -0.043034 -1.865064 2.641185 7.623733 -38.580115 2.058215 4.457824 -49.535619 3.048817 5.137725 -61.335584 -0.000001 -0.000005 -0.000003 8.077800 -0.486873 -3.806253 -4.778452 24.792204 -31.381311 3.550245 5.152038 -64.774167 3.508247 5.157636 -64.399805 0.000000 -0.000002 -0.000003 -8.207787 -6.751670 -1.599562 -0.306286 -6.124544 -9.415020 39.903311 -5.506602 -2.153722 -23.507850 -0.828117 4.681476 -0.192159 0.000000 -0.000001 0.000000 -0.000000 0.000000 8.207791 -6.751687 -1.599558 -10.145686 8.606149 17.119758 32.344279 -8.458847 9.259889 -15.089669 1.036578 -11.832600 0.525013 -0.000007 0.000002 0.000000 -0.000000 -0.000000 
1.275096 98.571434 -4.463403 -11.398643 4.722153 1.677434 -0.000006 10.181585 0.131517 21.550157 0.319202 6.790251 8.808393 -1.419596 -4.666617 8.596896 -1.872715 -4.759816 0.000001 16.740360 -2.049039 0.671540 0.733104 1.924375 0.000001 9.617897 1.685003 -15.243442 6.164597 0.682470 0.000002 22.037369 7.501091 -0.000001 -0.000000 0.000000 -4.569968 11.014905 -2.160891 -1.596024 13.713173 21.703496 -27.315776 8.532750 50.702236 -0.000148 103.185758 0.000142 32.334969 21.830837 -17.480100 -2.464788 -1.573974 2.681856 3.354315 -11.070005 -14.708980 2.597183 -4.914947 -1.295151 1.535596 -21.971173 -21.869834 0.000004 -0.000010 0.000006 -9.108270 -0.517870 2.259838 9.663899 8.611720 6.788241 0.805784 -2.601714 34.308546 1.066412 -2.978333 39.527056 0.000002 0.000003 0.000001 -9.532483 -0.000043 -0.000019 -0.496136 -0.677389 14.128550 1.226608 -3.094540 43.014861 2.000496 -3.866467 55.223565 0.000007 0.000008 0.000007 -9.103577 -0.043068 -1.865132 2.191266 -7.661485 26.420772 1.436134 -3.383433 46.115176 1.610385 -3.516617 48.856196 0.000001 0.000009 0.000002 -8.076663 -0.486718 -3.806283 -10.060079 -15.782313 33.405154 1.901553 -3.818776 55.635350 1.616686 -3.687173 50.443177 -0.000008 0.000004 -0.000006 4.570448 11.014704 -2.160861 0.337433 2.556139 -19.080005 -32.292578 -18.399560 -65.560001 -0.000319 -80.750198 -0.000325 46.815018 -32.011150 53.558682 2.466141 -1.576200 2.681737 3.989662 15.808934 13.136797 3.606298 5.594191 0.546832 -10.264775 -8.230562 10.867992 0.000002 0.000009 0.000000 9.109296 -0.518041 2.259868 4.112351 1.954811 -14.157945 2.296071 4.655239 -52.469035 2.384202 4.709274 -53.622292 0.000000 0.000011 -0.000008 9.533419 0.000026 0.000041 0.687379 4.991425 -25.437127 2.192740 4.573082 -51.263534 3.452795 5.339771 -65.753944 0.000002 -0.000002 -0.000000 9.104539 -0.043044 -1.865078 2.766460 7.662620 -40.606520 2.216511 4.587686 -51.542472 3.230579 5.232607 -63.346589 -0.000003 -0.000002 0.000003 8.077797 -0.486867 -3.806275 -3.752449 25.317665 -33.823370 3.779362 5.244096 -67.194629 3.735899 5.251162 -66.812241 -0.000004 -0.000002 0.000005 -8.207788 -6.751681 -1.599562 -3.149832 -5.325656 -9.243239 36.632842 -4.774652 -2.419032 -21.270317 -0.647043 4.065347 -0.189691 0.000000 0.000001 -0.000000 0.000000 -0.000000 8.207788 -6.751699 -1.599557 -11.781720 8.360928 16.962655 29.566793 -6.526003 9.225175 -15.368269 1.921118 -10.520554 0.539010 0.000002 0.000002 -0.000000 0.000001 -0.000000 
1.857163 99.510727 -4.662001 -7.169052 3.071707 1.125294 -0.000007 10.181587 0.131523 21.131038 0.261854 5.783657 7.048069 -1.369967 -4.356625 6.854731 -1.716477 -4.442869 0.000001 16.740374 -2.049036 -0.434886 0.831769 2.052848 0.000001 9.617870 1.685018 -19.081863 6.944827 0.377791 0.000002 22.037369 7.501096 0.000003 -0.000000 0.000000 -4.569972 11.014920 -2.160889 -1.549070 13.175770 22.472161 -27.626794 9.822166 50.714260 -0.000070 106.168966 0.000059 30.643995 20.234833 -15.982079 -2.464781 -1.573983 2.681850 3.298772 -10.490984 -14.524042 2.341661 -4.374796 -1.163055 1.332725 -21.417178 -21.704850 -0.000005 0.000008 -0.000000 -9.108260 -0.517864 2.259834 9.649511 8.673625 6.023401 0.771039 -2.549843 33.540658 1.026943 -2.929885 38.758472 0.000002 0.000001 0.000001 -9.532488 -0.000059 -0.000024 -0.463009 -0.654924 13.359255 1.184785 -3.048384 42.248442 1.949371 -3.830487 54.453803 0.000002 0.000009 -0.000002 -9.103588 -0.043084 -1.865133 2.218644 -7.818346 25.737814 1.402129 -3.350578 45.533149 1.575358 -3.486050 48.283984 0.000000 -0.000002 -0.000002 -8.076664 -0.486723 -3.806283 -10.021844 -15.891451 32.846236 1.868868 -3.794605 55.135240 1.581699 -3.656780 49.873116 0.000003 0.000007 -0.000003 4.570445 11.014696 -2.160856 0.378201 1.886785 -19.414147 -31.631791 -17.727187 -64.471768 -0.000906 -85.905557 -0.000948 46.055139 -31.871476 51.134611 2.466148 -1.576198 2.681726 3.905371 15.181257 12.945321 3.871765 6.118690 0.662176 -10.265605 -8.230079 10.868301 0.000001 0.000000 -0.000001 9.109324 -0.518041 2.259865 4.146053 2.080145 -15.380572 2.396571 4.730293 -53.698626 2.486121 4.782433 -54.852300 0.000002 -0.000002 0.000000 9.533400 0.000018 0.000039 0.746900 5.106545 -26.663151 2.291521 4.650370 -52.492859 3.567981 5.389910 -66.986076 0.000001 -0.000006 -0.000003 9.104540 -0.043046 -1.865080 2.840065 7.679568 -41.908323 2.320490 4.668125 -52.831080 3.349039 5.290113 -64.638083 -0.000002 0.000007 0.000004 8.077787 -0.486865 -3.806272 -2.987215 25.676611 -35.595640 3.950204 5.305558 -68.974208 3.905393 5.313673 -68.583138 -0.000002 0.000000 0.000002 -8.207788 -6.751671 -1.599558 -6.557678 -4.570271 -9.103601 33.398590 -3.939446 -2.607062 -18.946380 -0.494635 3.316343 -0.185811 -0.000000 0.000002 0.000000 0.000000 0.000001 8.207788 -6.751702 -1.599553 -14.388591 8.139646 16.954655 27.145211 -3.924545 8.840009 -16.061977 1.888737 -10.012142 0.553180 -0.000000 -0.000003 0.000000 0.000001 -0.000001 
2.589617 100.151031 -5.060703 -2.970675 1.165828 0.606906 -0.000005 10.181581 0.131522 21.254835 0.137402 4.583212 5.023245 -1.351717 -3.803057 4.863296 -1.613454 -3.862264 0.000001 16.740368 -2.049030 -1.723939 0.927819 2.022126 0.000000 9.617895 1.685006 -21.614631 7.521600 0.032419 0.000002 22.037384 7.501093 0.000000 -0.000001 0.000000 -4.569978 11.014902 -2.160884 -1.377535 12.237495 23.177364 -28.354697 12.166593 50.756130 -0.000019 108.039987 0.000021 28.050129 19.402710 -14.636479 -2.464794 -1.573988 2.681856 3.241311 -9.904209 -14.336721 2.082669 -3.826494 -1.025950 1.123460 -20.837929 -21.530034 -0.000005 0.000004 -0.000005 -9.108280 -0.517850 2.259841 9.637453 8.737555 5.240088 0.736139 -2.496211 32.754220 0.987196 -2.879740 37.971525 -0.000001 -0.000006 -0.000003 -9.532497 -0.000044 -0.000020 -0.428926 -0.634758 12.571107 1.142603 -3.000543 41.463838 1.897523 -3.792928 53.665889 -0.000001 0.000001 0.000002 -9.103590 -0.043066 -1.865128 2.242507 -7.980517 25.038570 1.367589 -3.316482 44.935873 1.539861 -3.454389 47.698793 0.000000 -0.000008 -0.000004 -8.076683 -0.486713 -3.806276 -9.984617 -16.015701 32.205664 1.836733 -3.770411 54.640246 1.546721 -3.625685 49.297184 -0.000002 0.000004 -0.000005 4.570450 11.014729 -2.160861 0.515202 1.916498 -20.094497 -31.021090 -18.109331 -62.897006 0.003887 -90.944611 0.004346 44.495923 -30.908809 47.798955 2.466141 -1.576202 2.681736 3.817339 14.534059 12.747532 3.997933 6.368026 0.712820 -10.266436 -8.229578 10.868585 0.000004 0.000011 -0.000003 9.109297 -0.518043 2.259867 4.172839 2.139007 -15.798745 2.431292 4.755466 -54.119072 2.521312 4.806949 -55.272773 0.000000 0.000004 0.000002 9.533420 0.000031 0.000040 0.767815 5.145489 -27.082738 2.325655 4.676301 -52.913192 3.607598 5.406500 -67.407267 -0.000003 0.000006 -0.000000 9.104535 -0.043026 -1.865078 2.859645 7.676544 -42.411872 2.361155 4.698558 -53.328915 3.395080 5.311596 -65.136331 -0.000001 0.000006 0.000002 8.077798 -0.486881 -3.806273 -2.527789 25.885357 -36.617122 4.054314 5.340130 -70.049730 4.008268 5.348792 -69.648750 0.000001 0.000005 0.000004 -8.207786 -6.751683 -1.599560 -10.442847 -3.827151 -8.993781 30.839889 -2.713608 -2.675496 -16.828435 -0.376151 2.470525 -0.178851 -0.000004 0.000000 -0.000000 0.000000 0.000000 8.207790 -6.751701 -1.599554 -17.269105 7.903243 17.027305 24.919231 -1.368219 8.431116 -17.031353 1.864248 -9.472370 0.567499 0.000007 0.000005 0.000000 0.000001 0.000001 
3.477635 100.296852 -5.542961 1.580330 -1.119246 -0.029351 -0.000006 10.181596 0.131525 21.045181 0.028466 3.650279 2.920900 -1.252232 -3.245543 2.795372 -1.447327 -3.283253 0.000001 16.740393 -2.049039 -3.411878 1.036426 1.976245 0.000000 9.617889 1.685015 -21.840708 8.216158 -0.226820 0.000002 22.037354 7.501091 -0.000005 -0.000001 0.000000 -4.569976 11.014930 -2.160893 -1.028565 10.454717 23.923632 -29.352526 15.822246 51.064700 -0.000021 108.789873 -0.000013 25.047871 18.602415 -12.471032 -2.464803 -1.573966 2.681853 3.186863 -9.310523 -14.149787 1.820838 -3.272493 -0.884176 0.910267 -20.234729 -21.346689 0.000002 -0.000004 0.000011 -9.108278 -0.517867 2.259839 9.627955 8.803158 4.441683 0.701390 -2.441131 31.953315 0.947438 -2.828088 37.170002 0.000002 -0.000000 0.000002 -9.532488 -0.000042 -0.000027 -0.394361 -0.616293 11.768057 1.100329 -2.951231 40.664931 1.845278 -3.753993 52.863653 -0.000006 0.000006 0.000010 -9.103583 -0.043079 -1.865134 2.262585 -8.147580 24.326311 1.332703 -3.281297 44.326292 1.504068 -3.421842 47.103228 0.000003 0.000005 -0.000002 -8.076687 -0.486713 -3.806290 -9.946875 -16.160554 31.487824 1.805030 -3.746103 54.148944 1.512077 -3.594365 48.722550 0.000001 -0.000007 -0.000004 4.570450 11.014730 -2.160863 0.822712 3.128682 -21.109559 -30.828475 -19.794844 -61.192553 0.000811 -95.074546 0.001013 41.189630 -29.677913 43.567594 2.466146 -1.576206 2.681737 3.725650 13.869605 12.544196 4.035613 6.440957 0.723150 -10.267216 -8.229052 10.868924 -0.000002 0.000002 -0.000006 9.109311 -0.518047 2.259875 4.150043 2.090408 -15.759625 2.427765 4.752937 -54.076407 2.517748 4.804475 -55.230156 0.000003 -0.000009 0.000000 9.533423 0.000025 0.000045 0.765960 5.142124 -27.043238 2.322180 4.673683 -52.870459 3.603572 5.404819 -67.364571 0.000004 0.000001 0.000008 9.104554 -0.043032 -1.865073 2.890458 7.707419 -42.463665 2.365769 4.701967 -53.385254 3.400240 5.313978 -65.192154 -0.000006 0.000001 -0.000001 8.077824 -0.486873 -3.806267 -2.230151 26.015747 -37.270187 4.126558 5.362838 -70.792069 4.079330 5.371779 -70.380810 -0.000000 -0.000000 0.000001 -8.207785 -6.751655 -1.599562 -15.446440 -2.920762 -8.841809 29.498187 -0.738086 -2.574399 -14.555067 -0.483537 3.247154 -0.469395 0.000002 0.000001 0.000000 0.000000 0.000001 8.207793 -6.751693 -1.599556 -20.591396 7.352261 17.315960 22.985383 0.540360 8.230938 -18.177264 1.777004 -8.617668 0.581986 0.000003 -0.000007 -0.000002 0.000001 0.000001 
4.519937 99.853020 -5.994463 6.033554 -3.501276 -0.681203 -0.000005 10.181576 0.131523 20.502891 -0.023852 3.238377 1.042680 -1.063021 -2.977167 0.944827 -1.210537 -3.008507 0.000002 16.740381 -2.049031 -5.325744 1.113804 2.215850 0.000001 9.617892 1.685020 -20.319789 9.107380 -0.154974 0.000002 22.037354 7.501092 0.000001 -0.000000 0.000000 -4.569972 11.014904 -2.160880 -0.555465 7.976922 25.048797 -30.802370 20.028678 51.894285 -0.000085 108.833655 0.000066 22.212018 17.586542 -10.008513 -2.464800 -1.573952 2.681857 3.132624 -8.712752 -13.962619 1.556874 -2.714744 -0.738312 0.691082 -19.613175 -21.155367 0.000005 -0.000011 0.000001 -9.108278 -0.517870 2.259837 9.602316 8.852595 3.352886 0.656415 -2.367198 30.889582 0.894763 -2.757307 36.084654 0.000002 0.000000 -0.000002 -9.532505 -0.000047 -0.000020 -0.347874 -0.595142 10.682012 1.044206 -2.883566 39.583593 1.775461 -3.700110 51.778117 -0.000000 0.000002 -0.000001 -9.103588 -0.043085 -1.865128 2.276369 -8.376576 23.287892 1.281661 -3.228453 43.422409 1.453060 -3.374243 46.244687 -0.000001 -0.000002 0.000003 -8.076669 -0.486712 -3.806276 -9.909612 -16.327707 30.699501 1.773587 -3.721588 53.658154 1.478220 -3.563073 48.155248 0.000004 -0.000004 -0.000005 4.570446 11.014716 -2.160854 1.262682 5.075931 -22.257712 -31.210529 -22.236359 -59.374001 0.000335 -98.609982 0.000479 37.854619 -28.309505 38.221179 2.466147 -1.576208 2.681737 3.630969 13.192654 12.336556 4.006028 6.375617 0.703207 -10.267964 -8.228542 10.869231 0.000005 0.000008 0.000002 9.109300 -0.518040 2.259871 4.126793 2.025632 -15.388264 2.396439 4.730201 -53.697004 2.485991 4.782353 -54.850705 0.000000 -0.000010 0.000008 9.533421 0.000022 0.000040 0.747694 5.108067 -26.670953 2.291358 4.650270 -52.491189 3.567836 5.389871 -66.984498 -0.000006 0.000005 -0.000005 9.104550 -0.043029 -1.865075 2.892287 7.722681 -42.194709 2.344330 4.686021 -53.123255 3.375900 5.302722 -64.929069 0.000001 0.000003 -0.000001 8.077810 -0.486877 -3.806272 -2.042380 26.091314 -37.692467 4.177501 5.378253 -71.313752 4.130036 5.387603 -70.901578 0.000001 0.000006 0.000001 -8.207786 -6.751676 -1.599561 -20.888506 -1.925715 -8.511487 29.351379 1.298982 -2.437884 -13.113941 -0.708500 5.027213 -0.679436 0.000003 -0.000001 -0.000000 0.000000 0.000000 8.207788 -6.751710 -1.599556 -24.161845 6.576203 18.010442 21.979928 1.435626 8.249702 -17.851080 2.037157 -10.600749 0.596605 0.000005 0.000001 -0.000001 0.000001 -0.000002 
5.755969 98.921707 -6.383355 9.132589 -5.572382 -1.211257 -0.000006 10.181585 0.131519 20.474318 -0.057695 3.271597 -0.174832 -0.922159 -2.973752 -0.251166 -1.062252 -3.009413 0.000001 16.740383 -2.049031 -6.981906 1.157414 2.717711 -0.000001 9.617867 1.685009 -18.840578 10.147998 0.191363 0.000002 22.037354 7.501091 -0.000000 0.000000 -0.000000 -4.569970 11.014908 -2.160877 -0.166472 6.217074 26.421296 -33.036969 23.355700 52.743202 -0.000060 108.591436 0.000088 20.087358 16.639707 -8.004169 -2.464784 -1.573978 2.681846 3.078217 -8.112818 -13.775664 1.291959 -2.155916 -0.589014 0.466681 -18.976426 -20.957003 0.000001 0.000000 0.000002 -9.108280 -0.517855 2.259841 9.574298 8.906215 2.119621 0.607524 -2.283161 29.694418 0.836977 -2.676304 34.860985 -0.000000 -0.000006 -0.000009 -9.532499 -0.000043 -0.000020 -0.296473 -0.574733 9.459957 0.982488 -2.806032 38.364636 1.698049 -3.637841 50.554936 0.000001 -0.000000 0.000005 -9.103590 -0.043071 -1.865134 2.279671 -8.637758 22.100930 1.224105 -3.166836 42.384705 1.395767 -3.319016 45.265508 0.000000 0.000001 -0.000002 -8.076678 -0.486715 -3.806285 -9.876217 -16.514714 29.849559 1.742611 -3.697006 53.171766 1.444858 -3.531668 47.591488 -0.000002 -0.000005 -0.000002 4.570450 11.014725 -2.160851 1.702894 6.630459 -23.653082 -32.605271 -24.282448 -57.699246 0.000272 -101.599583 0.000393 37.943350 -28.825997 34.276229 2.466125 -1.576201 2.681733 3.533626 12.506352 12.125463 3.913624 6.183202 0.654658 -10.268644 -8.228026 10.869610 0.000000 0.000000 -0.000006 9.109296 -0.518046 2.259869 4.108699 1.952360 -14.710829 2.339892 4.688364 -53.007377 2.428642 4.741566 -54.160883 0.000002 0.000007 -0.000006 9.533417 0.000028 0.000045 0.714665 5.045059 -25.991911 2.235786 4.607178 -51.801657 3.503095 5.362031 -66.293468 -0.000004 0.000000 0.000005 9.104527 -0.043063 -1.865079 2.863193 7.719150 -41.630642 2.299080 4.651833 -52.567458 3.324484 5.278484 -64.371500 0.000003 -0.000006 -0.000002 8.077785 -0.486894 -3.806274 -1.960070 26.118775 -37.891219 4.209231 5.387599 -71.638159 4.161656 5.397191 -71.225534 0.000002 0.000011 0.000003 -8.207787 -6.751671 -1.599566 -25.532319 -1.179601 -8.341894 30.686189 3.024644 -2.253504 -13.147841 -0.919091 6.445676 -0.632018 0.000004 -0.000001 0.000000 -0.000000 -0.000000 8.207790 -6.751695 -1.599562 -26.779381 5.749784 18.658808 21.554800 2.604757 8.982619 -13.940852 2.726367 -18.072716 0.611423 -0.000001 0.000002 0.000001 -0.000001 -0.000000 
7.180222 97.567200 -6.801476 9.913976 -7.035385 -1.787488 -0.000004 10.181600 0.131523 21.577203 -0.033876 3.733567 -0.609831 -0.830276 -3.201640 -0.675246 -1.023899 -3.240154 0.000002 16.740383 -2.049034 -7.688379 1.225199 3.191505 -0.000000 9.617903 1.685006 -19.066335 11.090479 0.726488 0.000003 22.037338 7.501095 0.000004 -0.000000 -0.000000 -4.569965 11.014912 -2.160881 -0.015472 6.084411 27.318235 -35.914344 24.656547 53.575898 -0.000041 108.230324 0.000042 18.978193 16.345570 -6.477865 -2.464808 -1.573983 2.681854 3.023872 -7.513428 -13.589685 1.026290 -1.596828 -0.436570 0.237967 -18.328273 -20.752840 0.000003 -0.000002 -0.000008 -9.108294 -0.517879 2.259843 9.547017 8.967436 0.773555 0.556444 -2.190748 28.396414 0.776105 -2.586783 33.529767 0.000000 -0.000001 -0.000001 -9.532498 -0.000051 -0.000022 -0.242065 -0.555441 8.132334 0.917244 -2.720217 37.038767 1.615382 -3.568231 49.224921 0.000000 -0.000002 0.000008 -9.103598 -0.043081 -1.865134 2.268995 -8.925001 20.800151 1.162060 -3.097831 41.242936 1.334070 -3.257358 44.192133 0.000002 0.000002 -0.000004 -8.076688 -0.486708 -3.806284 -9.850130 -16.718681 28.945085 1.712227 -3.672443 52.691023 1.412069 -3.500143 47.031825 -0.000001 -0.000000 -0.000004 4.570451 11.014710 -2.160856 1.937737 6.682349 -24.676966 -35.047538 -25.019130 -56.840544 0.000250 -103.139360 0.000385 38.370958 -29.921232 32.575720 2.466133 -1.576194 2.681743 3.433215 11.811578 11.911302 3.762139 5.875998 0.578860 -10.269263 -8.227530 10.869994 0.000005 0.000005 0.000004 9.109293 -0.518049 2.259878 4.095419 1.871207 -13.753002 2.260916 4.628169 -52.033908 2.348534 4.682875 -53.187195 -0.000003 -0.000002 0.000001 9.533417 0.000031 0.000048 0.668965 4.954633 -25.032030 2.158205 4.545246 -50.828492 3.412295 5.321438 -65.317871 -0.000001 0.000005 -0.000000 9.104537 -0.043032 -1.865062 2.806251 7.698363 -40.796044 2.232531 4.600334 -51.742412 3.248635 5.241570 -63.544248 0.000001 0.000003 0.000001 8.077803 -0.486879 -3.806264 -1.976053 26.102849 -37.882230 4.223212 5.391673 -71.780712 4.175529 5.401332 -71.367253 0.000002 0.000008 -0.000001 -8.207786 -6.751664 -1.599563 -28.767080 -0.851193 -8.610526 34.099607 4.617770 -2.039271 -14.404686 -1.096883 7.137611 -0.567196 -0.000005 -0.000001 -0.000000 0.000000 -0.000000 8.207793 -6.751695 -1.599557 -28.894818 5.085312 19.221298 23.785914 3.924698 9.635118 -9.624395 2.704711 -23.113119 0.626360 -0.000004 -0.000003 0.000000 -0.000001 -0.000000 
8.674439 95.746162 -7.192787 8.229242 -7.709245 -2.182081 -0.000005 10.181581 0.131519 23.619545 -0.002841 4.248754 -0.424444 -0.620654 -3.704154 -0.489836 -0.925219 -3.738615 0.000002 16.740391 -2.049034 -7.323744 1.305581 3.388234 0.000000 9.617889 1.685011 -20.227882 11.447367 1.305029 0.000002 22.037338 7.501096 0.000001 -0.000000 -0.000000 -4.569965 11.014911 -2.160885 -0.076493 7.010801 27.016641 -38.710661 23.491911 55.417180 0.000005 107.764662 -0.000016 18.700185 16.754611 -5.559530 -2.464785 -1.573970 2.681849 2.969615 -6.916292 -13.405248 0.761113 -1.040375 -0.281829 0.005864 -17.671620 -20.543563 0.000005 -0.000008 0.000002 -9.108267 -0.517865 2.259834 9.522277 9.037705 -0.670954 0.504144 -2.090662 27.008433 0.713240 -2.489357 32.104464 -0.000001 0.000004 0.000005 -9.532483 -0.000033 -0.000024 -0.185733 -0.537772 6.712165 0.849614 -2.626672 35.619361 1.528735 -3.491668 47.801656 0.000000 0.000009 0.000005 -9.103577 -0.043074 -1.865137 2.241035 -9.235519 19.399540 1.096565 -3.021819 40.008782 1.268793 -3.189557 43.034112 0.000001 -0.000001 -0.000009 -8.076689 -0.486711 -3.806288 -9.833221 -16.938604 27.994183 1.682356 -3.647900 52.215748 1.379915 -3.468673 46.478249 0.000000 0.000001 0.000002 4.570449 11.014709 -2.160851 1.860076 5.503840 -24.583997 -37.565234 -25.093022 -56.940179 0.000332 -102.541821 0.000453 34.228062 -29.135593 29.698079 2.466143 -1.576186 2.681738 3.330959 11.113872 11.695516 3.557362 5.463668 0.477787 -10.269779 -8.227073 10.870442 -0.000002 0.000000 -0.000006 9.109309 -0.518038 2.259875 4.091038 1.782380 -12.540788 2.162518 4.550129 -50.802933 2.248673 4.606668 -51.955968 -0.000001 0.000001 -0.000001 9.533407 0.000024 0.000050 0.613548 4.839318 -23.817425 2.061580 4.464980 -49.597699 3.298507 5.267913 -64.084496 -0.000003 -0.000003 0.000003 9.104539 -0.043036 -1.865069 2.724133 7.660719 -39.715819 2.147393 4.532122 -50.673023 3.151143 5.192147 -62.472312 -0.000001 -0.000005 0.000002 8.077793 -0.486861 -3.806265 -2.081781 26.047142 -37.682902 4.220788 5.390953 -71.755973 4.172960 5.400576 -71.341196 0.000002 0.000004 0.000003 -8.207786 -6.751667 -1.599569 -30.488954 -0.309194 -9.355416 39.925645 5.526241 -2.343830 -16.780509 -1.272352 7.291321 -0.630541 0.000001 -0.000007 -0.000000 0.000000 -0.000000 8.207797 -6.751709 -1.599558 -31.791495 4.761069 20.345585 31.754673 3.097546 8.364764 -8.987585 2.557108 -21.814082 0.641469 -0.000003 -0.000006 -0.000000 0.000001 -0.000000 
10.228499 93.599358 -7.195985 4.660354 -7.766653 -2.355287 -0.000006 10.181604 0.131519 26.068593 0.128996 4.548384 -0.006176 -0.390123 -4.053958 -0.073309 -0.821187 -4.083273 -0.000000 16.740406 -2.049029 -6.261695 1.358106 3.288239 -0.000000 9.617903 1.685004 -20.258346 11.241068 1.555144 0.000002 22.037338 7.501101 0.000002 0.000000 -0.000000 -4.569963 11.014912 -2.160883 -0.253240 7.884214 26.055491 -40.226092 21.567133 57.399243 -0.000046 107.091021 0.000036 18.302723 17.003177 -5.303407 -2.464793 -1.573971 2.681857 2.915571 -6.323631 -13.222929 0.497183 -0.488408 -0.125349 -0.228578 -17.010149 -20.330418 -0.000004 0.000003 0.000002 -9.108279 -0.517868 2.259846 9.501891 9.117982 -2.199760 0.451583 -1.983680 25.543784 0.649481 -2.384789 30.598602 0.000001 -0.000003 -0.000005 -9.532495 -0.000040 -0.000016 -0.128454 -0.522276 5.212444 0.780679 -2.526039 34.119769 1.439328 -3.408477 46.298751 -0.000002 -0.000007 0.000002 -9.103587 -0.043089 -1.865130 2.192796 -9.566093 17.913126 1.028553 -2.939269 38.693189 1.200835 -3.115959 41.801366 0.000000 -0.000000 -0.000000 -8.076695 -0.486707 -3.806278 -9.827394 -17.172904 27.004521 1.653093 -3.623462 51.746644 1.348514 -3.437274 45.931858 0.000001 -0.000003 -0.000004 4.570451 11.014704 -2.160847 1.591237 4.416577 -23.831599 -38.617746 -25.120020 -57.916808 0.000296 -101.148449 0.000399 28.083897 -27.652207 25.203982 2.466160 -1.576212 2.681740 3.226921 10.414687 11.478746 3.304533 4.957727 0.353005 -10.270247 -8.226650 10.870892 0.000003 0.000002 0.000000 9.109319 -0.518035 2.259874 4.093078 1.685208 -11.099872 2.047896 4.454705 -49.341150 2.132228 4.513420 -50.493789 0.000000 0.000006 -0.000006 9.533433 0.000029 0.000044 0.550407 4.699435 -22.374119 1.949156 4.367042 -48.136206 3.164873 5.201150 -62.619495 -0.000002 0.000007 -0.000002 9.104558 -0.043037 -1.865069 2.619885 7.606584 -38.414855 2.046429 4.447779 -49.383921 3.034936 5.130158 -61.180579 -0.000001 0.000005 -0.000001 8.077816 -0.486886 -3.806273 -2.268395 25.954360 -37.310899 4.203399 5.385888 -71.578511 4.155459 5.395349 -71.162122 -0.000005 0.000003 0.000003 -8.207785 -6.751660 -1.599572 -30.245341 0.352632 -10.532691 46.584994 5.728862 -3.203688 -20.117919 -1.430976 7.028144 -0.633528 0.000002 -0.000005 -0.000000 0.000000 0.000000 8.207791 -6.751673 -1.599562 -33.425037 4.577111 21.212696 41.704763 1.842150 6.734297 -12.394548 2.801720 -18.462809 0.624917 -0.000003 0.000002 0.000000 -0.000000 0.000000 
11.776151 91.521515 -6.604278 0.470904 -7.968720 -2.523748 -0.000005 10.181595 0.131520 27.729258 0.289911 4.526431 0.764148 -0.196640 -3.991789 0.706238 -0.687651 -4.024897 0.000003 16.740377 -2.049033 -4.981136 1.400291 3.018216 0.000001 9.617906 1.685006 -19.363556 10.805953 1.545665 0.000002 22.037369 7.501093 -0.000001 -0.000000 0.000000 -4.569971 11.014910 -2.160880 -0.503031 8.375592 25.842676 -40.489474 20.791289 58.363721 -0.000046 106.370484 0.000055 17.649316 17.075773 -4.896139 -2.464786 -1.573976 2.681847 2.861868 -5.737598 -13.043325 0.235355 0.057208 0.032157 -0.464507 -16.347040 -20.114366 0.000006 -0.000007 0.000001 -9.108283 -0.517869 2.259831 9.487596 9.209049 -3.798521 0.399690 -1.870640 24.015242 0.585836 -2.273790 29.025603 0.000002 -0.000002 -0.000001 -9.532500 -0.000066 -0.000025 -0.071314 -0.509264 3.646375 0.711544 -2.419063 32.553474 1.348335 -3.319131 44.729519 -0.000002 -0.000009 0.000011 -9.103581 -0.043068 -1.865138 2.121793 -9.913274 16.354910 0.959039 -2.850681 37.307924 1.130960 -3.036809 40.502663 -0.000004 0.000001 -0.000010 -8.076692 -0.486713 -3.806288 -9.834310 -17.419498 25.983889 1.624464 -3.599154 51.284185 1.317883 -3.406074 45.393990 -0.000001 0.000001 -0.000015 4.570449 11.014706 -2.160860 1.387127 4.353806 -23.697720 -38.131160 -25.608167 -59.166746 0.000285 -100.515755 0.000413 23.160917 -26.398893 20.966370 2.466133 -1.576203 2.681721 3.121714 9.717821 11.262012 3.008196 4.368428 0.205832 -10.270666 -8.226231 10.871376 0.000000 0.000002 0.000000 9.109294 -0.518050 2.259859 4.102537 1.582518 -9.456083 1.920228 4.342383 -47.674806 2.002451 4.403508 -48.827079 0.000003 -0.000006 0.000005 9.533408 0.000030 0.000039 0.482592 4.537018 -20.728145 1.824060 4.251894 -46.470251 3.014675 5.120949 -60.949535 0.000000 -0.000002 -0.000008 9.104531 -0.043028 -1.865082 2.496795 7.536356 -36.918132 1.932615 4.347898 -47.899656 2.902944 5.055591 -59.693968 -0.000001 -0.000000 0.000004 8.077797 -0.486873 -3.806276 -2.525477 25.825954 -36.784947 4.172537 5.376753 -71.262915 4.124475 5.385889 -70.844662 -0.000001 -0.000002 -0.000007 -8.207787 -6.751661 -1.599567 -28.313041 0.944618 -11.822887 52.015350 6.021861 -4.229569 -23.671072 -1.615136 6.883193 -0.480474 0.000005 -0.000002 -0.000000 -0.000000 0.000001 8.207789 -6.751692 -1.599559 -32.839068 4.695955 21.622714 49.943986 1.281711 5.851184 -17.051957 3.226711 -16.571617 0.434038 -0.000001 0.000002 0.000000 0.000001 -0.000000 
13.259289 89.509552 -5.598763 -3.589201 -9.009382 -3.125576 -0.000004 10.181595 0.131523 27.945504 0.492013 4.652665 2.078930 0.189320 -3.943999 2.047631 -0.325991 -3.994904 0.000000 16.740368 -2.049032 -3.769391 1.421377 2.884482 0.000001 9.617895 1.685018 -18.533602 10.484467 1.539791 0.000003 22.037384 7.501095 0.000003 0.000000 0.000000 -4.569972 11.014909 -2.160885 -0.788067 8.970517 26.278560 -40.667558 20.681587 58.988389 0.000003 105.782398 -0.000002 16.719224 17.253106 -4.414952 -2.464785 -1.573967 2.681854 2.808677 -5.160162 -12.867002 -0.023313 0.594197 0.190002 -0.700808 -15.685963 -19.896788 0.000002 -0.000000 0.000000 -9.108256 -0.517867 2.259835 9.481027 9.311156 -5.453084 0.349237 -1.752397 22.435834 0.523250 -2.157193 27.399022 -0.000000 -0.000003 0.000001 -9.532492 -0.000060 -0.000018 -0.015216 -0.499228 2.026690 0.643163 -2.306452 30.933903 1.256903 -3.224219 43.107564 -0.000000 -0.000004 0.000007 -9.103576 -0.043084 -1.865133 2.026133 -10.273379 14.738698 0.888876 -2.756626 35.864780 1.059996 -2.952571 39.147653 0.000004 -0.000004 -0.000002 -8.076660 -0.486713 -3.806282 -9.855193 -17.676338 24.940077 1.596450 -3.574943 50.829032 1.288102 -3.375197 44.866300 0.000003 -0.000004 -0.000010 4.570453 11.014704 -2.160855 1.301653 4.933636 -23.823131 -37.604488 -26.332531 -60.716680 0.000209 -100.327112 0.000346 17.665009 -25.697381 16.266553 2.466138 -1.576197 2.681733 3.015802 9.026279 11.046276 2.673719 3.707784 0.037832 -10.271110 -8.225850 10.871832 -0.000001 0.000005 -0.000001 9.109298 -0.518045 2.259872 4.119895 1.475507 -7.635129 1.782786 4.213784 -45.830552 1.862617 4.277522 -46.982371 0.000004 0.000004 0.000005 9.533410 0.000024 0.000046 0.413434 4.355450 -18.905405 1.689565 4.120251 -44.626315 2.851229 5.027073 -59.101094 0.000003 0.000001 0.000000 9.104541 -0.043039 -1.865075 2.358311 7.450498 -35.250507 1.808802 4.233081 -46.245285 2.758197 4.968546 -58.037449 -0.000002 0.000003 0.000003 8.077812 -0.486873 -3.806275 -2.842421 25.663297 -36.123914 4.129632 5.363788 -70.823639 4.081512 5.372478 -70.403295 -0.000001 0.000004 -0.000001 -8.207784 -6.751666 -1.599563 -25.680420 1.964797 -12.422735 56.173562 6.520140 -5.365734 -27.100681 -1.918664 7.233181 -0.228548 -0.000001 0.000003 -0.000000 -0.000000 -0.000000 8.207793 -6.751693 -1.599561 -31.165443 5.315120 22.525378 56.705487 0.880917 5.305926 -21.572224 3.681988 -15.676823 0.478719 0.000005 -0.000001 0.000000 0.000000 -0.000000 
14.538910 87.939522 -4.537247 -7.883784 -10.605490 -3.725375 -0.000007 10.181587 0.131521 27.714900 0.521223 4.279375 4.012610 0.726443 -3.870015 4.019734 0.189516 -3.931355 0.000000 16.740396 -2.049030 -2.643576 1.449567 2.899270 -0.000000 9.617887 1.685016 -18.429828 10.426274 1.452640 0.000002 22.037354 7.501094 0.000001 -0.000000 -0.000000 -4.569976 11.014900 -2.160880 -1.074774 9.977077 26.440987 -41.661466 20.473185 60.217830 0.000049 104.960255 -0.000055 16.181200 18.109442 -4.575814 -2.464800 -1.573968 2.681855 2.756118 -4.593676 -12.694660 -0.258255 0.998025 0.332643 -0.936366 -15.030009 -19.678535 0.000002 -0.000006 -0.000004 -9.108268 -0.517880 2.259835 9.483585 9.424135 -7.149206 0.300960 -1.629923 20.818581 0.462586 -2.035893 25.732275 0.000002 0.000000 0.000002 -9.532495 -0.000052 -0.000023 0.038921 -0.492277 0.366358 0.576392 -2.189113 29.274604 1.166059 -3.124330 41.446353 -0.000002 -0.000001 0.000010 -9.103598 -0.043085 -1.865127 1.904526 -10.642470 13.078300 0.819015 -2.657739 34.375823 0.988693 -2.863685 37.745917 0.000002 0.000001 -0.000002 -8.076674 -0.486712 -3.806277 -9.890939 -17.941083 23.880911 1.569142 -3.550988 50.381917 1.259257 -3.344748 44.350303 0.000001 -0.000004 -0.000009 4.570448 11.014707 -2.160853 1.167867 4.965281 -23.445012 -38.037819 -26.338572 -62.647212 0.000294 -100.029309 0.000415 11.971979 -26.014493 12.555908 2.466137 -1.576216 2.681743 2.909643 8.342974 10.832362 2.305442 2.985688 -0.149731 -10.271538 -8.225492 10.872298 -0.000001 -0.000002 -0.000001 9.109296 -0.518043 2.259876 4.145563 1.365569 -5.662979 1.638808 4.069679 -43.834696 1.715921 4.136147 -44.986273 -0.000002 0.000008 -0.000002 9.533397 0.000033 0.000055 0.345677 4.157251 -16.931861 1.548864 3.972951 -42.631005 2.677813 4.919606 -57.100552 -0.000006 0.000007 0.000002 9.104525 -0.043033 -1.865065 2.207903 7.349599 -33.437051 1.677902 4.104147 -44.445137 2.603691 4.869096 -56.235891 -0.000005 0.000002 -0.000002 8.077778 -0.486884 -3.806267 -3.210755 25.469046 -35.345215 4.076234 5.347128 -70.275284 4.028045 5.355286 -69.852864 0.000000 0.000005 -0.000000 -8.207789 -6.751682 -1.599563 -22.348572 3.205288 -12.971433 59.094209 7.521949 -6.693275 -29.407147 -2.312974 8.218786 -0.213907 0.000003 -0.000002 -0.000000 0.000001 0.000001 8.207792 -6.751703 -1.599555 -27.994360 6.653610 23.322186 61.396284 0.597719 4.816413 -25.371262 4.078343 -15.202319 0.628960 0.000004 0.000004 0.000000 0.000000 0.000000 
15.614946 87.149925 -3.634695 -12.809358 -12.204355 -4.120867 -0.000006 10.181584 0.131522 28.325131 0.387581 3.232701 6.005628 1.229225 -3.662711 6.042712 0.673523 -3.722603 0.000001 16.740404 -2.049034 -1.361647 1.512896 2.824059 0.000000 9.617887 1.685014 -18.153470 10.390859 1.361593 0.000000 22.037354 7.501095 0.000003 -0.000000 0.000000 -4.569977 11.014914 -2.160882 -1.411437 11.622223 26.267082 -43.163930 19.622386 61.737895 -0.000020 103.864651 0.000050 16.365973 19.506508 -4.733394 -2.464803 -1.573985 2.681852 2.704485 -4.040407 -12.526954 -0.414204 0.940128 0.419105 -1.170360 -14.381844 -19.460541 -0.000000 -0.000002 -0.000002 -9.108290 -0.517865 2.259836 9.496498 9.547405 -8.872575 0.255507 -1.504181 19.176137 0.404562 -1.910890 24.038861 0.000001 0.000000 0.000004 -9.532509 -0.000050 -0.000026 0.090300 -0.487537 -1.321302 0.512109 -2.067960 27.588655 1.076781 -3.020201 39.759112 -0.000002 -0.000006 0.000002 -9.103601 -0.043069 -1.865131 1.756525 -11.016491 11.387553 0.750274 -2.554773 32.853432 0.917790 -2.770636 36.307274 0.000000 0.000003 0.000004 -8.076681 -0.486711 -3.806285 -9.941538 -18.212271 22.813556 1.542574 -3.527330 49.944443 1.231424 -3.314807 43.847181 0.000001 -0.000005 0.000003 4.570448 11.014730 -2.160857 0.960156 4.303509 -22.778654 -38.805651 -25.538164 -64.367518 0.000320 -99.828877 0.000465 8.529672 -26.332546 11.000199 2.466137 -1.576205 2.681742 2.803524 7.669987 10.621172 1.908373 2.213539 -0.355181 -10.271984 -8.225190 10.872754 -0.000001 -0.000001 -0.000003 9.109298 -0.518036 2.259876 4.179682 1.254158 -3.565218 1.491391 3.911112 -41.713936 1.565491 3.980322 -42.864570 -0.000001 -0.000001 -0.000000 9.533412 0.000035 0.000062 0.281721 3.944906 -14.833299 1.405055 3.811124 -40.510631 2.497751 4.798796 -54.974448 -0.000003 0.000003 -0.000003 9.104528 -0.043044 -1.865060 2.048919 7.234425 -31.502540 1.542772 3.962021 -42.524143 2.442370 4.757730 -54.313890 0.000004 -0.000001 -0.000007 8.077811 -0.486858 -3.806262 -3.620612 25.245043 -34.466839 4.013847 5.326951 -69.632529 3.965627 5.334509 -69.207923 0.000001 -0.000002 -0.000001 -8.207787 -6.751656 -1.599562 -17.878358 3.865096 -14.103552 60.467849 8.775897 -8.119483 -30.783926 -2.373399 8.689239 -0.222508 -0.000001 -0.000003 -0.000000 0.000000 0.000000 8.207791 -6.751685 -1.599560 -22.998861 8.648648 23.252172 63.622188 0.708769 4.479152 -27.917647 4.323273 -14.819637 0.655890 0.000002 0.000002 0.000000 -0.000001 -0.000000 
16.566423 87.008560 -2.898901 -17.424043 -13.289699 -4.619043 -0.000005 10.181576 0.131526 29.184142 0.308285 2.351965 7.582064 1.518141 -3.319788 7.633898 0.950553 -3.370575 0.000001 16.740383 -2.049035 0.151422 1.616064 2.605570 -0.000001 9.617913 1.685012 -16.746172 10.375220 1.273565 -0.000000 22.037338 7.501100 -0.000002 0.000000 -0.000000 -4.569974 11.014925 -2.160882 -1.771241 13.709424 26.005209 -44.546022 18.476374 62.793426 -0.000021 102.848510 0.000025 15.893205 20.907388 -4.845910 -2.464820 -1.573969 2.681849 2.653801 -3.501765 -12.364147 -0.559759 0.856306 0.501322 -1.401190 -13.746218 -19.244681 0.000008 -0.000009 -0.000003 -9.108275 -0.517870 2.259835 9.520584 9.680621 -10.609390 0.213403 -1.376264 17.522073 0.349851 -1.783220 22.332174 0.000004 0.000003 -0.000002 -9.532514 -0.000051 -0.000023 0.138246 -0.485148 -3.023293 0.450921 -1.943969 25.889593 0.989992 -2.912659 38.059129 -0.000000 -0.000009 0.000002 -9.103588 -0.043069 -1.865137 1.582470 -11.392050 9.679793 0.683384 -2.448570 31.310431 0.847993 -2.674104 34.842141 -0.000002 0.000009 -0.000004 -8.076686 -0.486701 -3.806292 -10.007265 -18.486633 21.746200 1.516822 -3.504009 49.517328 1.204627 -3.285487 43.358792 -0.000001 0.000001 -0.000008 4.570447 11.014723 -2.160857 0.743838 3.334190 -21.923668 -39.238812 -24.280252 -65.671921 0.000394 -99.895669 0.000536 6.806569 -26.267483 10.436263 2.466136 -1.576191 2.681740 2.698742 7.013937 10.414308 1.487979 1.403075 -0.576476 -10.272441 -8.224921 10.873218 0.000005 0.000009 0.000002 9.109309 -0.518045 2.259882 4.222172 1.142563 -1.367737 1.343485 3.739375 -39.494247 1.414379 3.811375 -40.644420 -0.000001 -0.000007 0.000001 9.533418 0.000030 0.000057 0.223662 3.721165 -12.635700 1.261059 3.636112 -38.291461 2.314224 4.665297 -52.749568 0.000001 -0.000001 0.000007 9.104536 -0.043044 -1.865062 1.884636 7.105882 -29.472000 1.406024 3.807951 -40.506700 2.277169 4.635070 -52.296696 -0.000002 0.000006 -0.000002 8.077801 -0.486875 -3.806270 -4.062206 24.993599 -33.507142 3.943977 5.303414 -68.909963 3.895757 5.310303 -68.482974 0.000002 0.000007 0.000002 -8.207783 -6.751670 -1.599560 -13.270345 3.577891 -15.594136 60.219845 8.704437 -9.198393 -31.331642 -0.794493 9.317835 -0.221240 -0.000001 -0.000008 0.000000 -0.000001 -0.000000 8.207790 -6.751695 -1.599554 -17.776331 10.742212 22.771268 64.102589 0.775412 4.369369 -29.371442 4.394472 -14.360358 0.579840 -0.000000 -0.000002 0.000000 0.000000 0.000000 
17.386370 87.498642 -2.298393 -20.526219 -13.401693 -4.984756 -0.000006 10.181588 0.131518 29.267910 0.262438 2.034231 8.567948 1.367944 -2.884540 8.615422 0.803494 -2.909106 -0.000000 16.740393 -2.049033 2.074161 1.762869 2.401574 -0.000001 9.617883 1.685014 -14.877084 10.591295 1.103649 0.000003 22.037384 7.501090 -0.000003 0.000000 0.000000 -4.569968 11.014932 -2.160882 -2.013827 15.358469 25.820272 -45.385501 18.200041 63.264723 -0.000067 101.266277 0.000054 14.342359 22.841780 -5.505051 -2.464813 -1.573986 2.681852 2.604404 -2.980542 -12.207099 -0.699218 0.775092 0.582338 -1.628078 -13.125264 -19.031765 -0.000002 -0.000000 0.000000 -9.108278 -0.517864 2.259834 9.557010 9.820630 -12.345231 0.174991 -1.247249 15.868949 0.298991 -1.653967 20.625597 -0.000001 -0.000001 -0.000007 -9.532505 -0.000049 -0.000022 0.182178 -0.485591 -4.726657 0.393451 -1.818219 24.190886 0.906429 -2.802623 36.359641 -0.000001 0.000002 0.000007 -9.103585 -0.043070 -1.865131 1.383333 -11.763887 7.969524 0.619054 -2.339988 29.758560 0.780000 -2.574715 33.361499 -0.000001 0.000004 0.000005 -8.076687 -0.486710 -3.806284 -10.088154 -18.759514 20.688080 1.491866 -3.481100 49.100505 1.178977 -3.256947 42.886802 0.000002 -0.000004 -0.000006 4.570449 11.014725 -2.160851 0.563344 2.215713 -21.189532 -39.177419 -23.191868 -66.095618 0.000285 -99.828897 0.000420 4.736967 -27.294291 11.146473 2.466157 -1.576206 2.681741 2.594875 6.374275 10.211842 1.048557 0.563997 -0.811872 -10.272890 -8.224699 10.873625 0.000001 0.000004 -0.000001 9.109317 -0.518040 2.259880 4.272703 1.032312 0.903727 1.197855 3.556090 -37.202268 1.265282 3.630833 -38.351902 -0.000005 0.000003 0.000004 9.533423 0.000028 0.000052 0.173226 3.489061 -10.364857 1.119580 3.449619 -35.999905 2.130281 4.520039 -50.451930 -0.000003 0.000000 -0.000005 9.104556 -0.043033 -1.865072 1.718122 6.965158 -27.370286 1.270254 3.643415 -38.417601 2.110817 4.502013 -50.208765 -0.000003 0.000002 -0.000001 8.077811 -0.486870 -3.806270 -4.526290 24.717227 -32.483966 3.868165 5.276790 -68.122135 3.819926 5.282917 -67.692844 -0.000000 0.000006 0.000006 -8.207785 -6.751668 -1.599561 -10.170329 1.964838 -17.682754 58.874550 8.489672 -9.429985 -29.552456 2.145402 10.875568 -0.930962 -0.000003 -0.000011 0.000000 -0.000000 -0.000000 8.207790 -6.751698 -1.599555 -13.708279 12.412103 22.176899 63.059018 0.290537 4.385597 -29.746232 4.333237 -14.030709 0.609505 0.000006 0.000001 -0.000000 0.000001 -0.000000 
18.066799 88.613991 -1.829645 -22.029858 -12.528736 -5.176253 -0.000004 10.181586 0.131516 28.778384 0.251234 2.424423 9.240963 0.941451 -2.532445 9.267995 0.350642 -2.524859 0.000002 16.740404 -2.049034 4.017242 1.856528 2.275622 -0.000001 9.617884 1.685012 -13.257993 10.712630 0.947573 0.000002 22.037369 7.501091 0.000004 0.000000 0.000001 -4.569963 11.014929 -2.160887 -2.047887 15.775741 25.651175 -46.035485 18.787895 63.837093 0.000025 100.070263 -0.000019 12.973863 24.658373 -5.737671 -2.464797 -1.573963 2.681844 2.556494 -2.478778 -12.056339 -0.832095 0.696839 0.661643 -1.849645 -12.522523 -18.823086 0.000003 -0.000003 -0.000003 -9.108279 -0.517870 2.259833 9.604177 9.967046 -14.065914 0.140630 -1.118264 14.229768 0.252340 -1.524275 18.932803 0.000002 -0.000001 0.000007 -9.532496 -0.000044 -0.000027 0.221694 -0.487822 -6.417930 0.340145 -1.691817 22.505518 0.826813 -2.691031 34.673834 -0.000004 -0.000003 0.000005 -9.103579 -0.043072 -1.865133 1.161040 -12.126772 6.270628 0.557808 -2.229959 28.210937 0.714426 -2.473316 31.876759 -0.000002 0.000001 -0.000008 -8.076683 -0.486716 -3.806279 -10.183028 -19.028881 19.645560 1.467839 -3.458705 48.696660 1.154507 -3.229304 42.432431 -0.000005 -0.000003 -0.000001 4.570451 11.014734 -2.160859 0.457715 1.331683 -20.948419 -39.303852 -22.842934 -66.000562 0.000402 -99.673244 0.000557 2.437965 -28.950382 12.801516 2.466150 -1.576206 2.681737 2.492782 5.755525 10.015206 0.595251 -0.292829 -1.059134 -10.273346 -8.224517 10.874042 0.000000 0.000001 -0.000005 9.109307 -0.518045 2.259869 4.330721 0.924780 3.223380 1.056934 3.363220 -34.864151 1.120763 3.440633 -36.013299 0.000003 0.000002 0.000005 9.533414 0.000029 0.000041 0.131853 3.252588 -8.046304 0.983050 3.253672 -33.662434 1.948770 4.364320 -48.108110 -0.000002 0.000001 -0.000003 9.104531 -0.043029 -1.865074 1.552482 6.814079 -25.222179 1.137699 3.470092 -36.281555 1.945889 4.359819 -48.074461 0.000000 -0.000002 0.000004 8.077794 -0.486872 -3.806273 -5.003639 24.419113 -31.415185 3.787854 5.247292 -67.283674 3.739676 5.252630 -66.851959 -0.000000 0.000004 0.000002 -8.207788 -6.751671 -1.599566 -9.128736 -0.729241 -20.348202 56.985791 8.086801 -8.668298 -23.661273 7.599233 14.270244 -4.015535 -0.002120 0.457983 -0.000000 0.000000 -0.000001 8.207790 -6.751699 -1.599559 -10.941945 13.454458 21.559929 60.672147 -0.538494 4.585287 -29.046769 4.153462 -13.774436 0.613288 0.000001 0.000001 -0.000000 -0.000000 -0.000000 
18.614649 90.153618 -1.600893 -21.933069 -11.116719 -5.602352 -0.000008 10.181575 0.131521 28.101633 0.320767 3.565763 9.508959 0.466550 -2.164790 9.510839 -0.185399 -2.130177 -0.000001 16.740398 -2.049035 5.349799 1.925305 2.185929 -0.000001 9.617867 1.685019 -12.194761 10.811004 0.846670 0.000002 22.037323 7.501100 -0.000000 0.000000 0.000000 -4.569979 11.014917 -2.160882 -1.932330 15.371621 25.449555 -46.784521 19.737068 64.557165 -0.000023 99.818557 0.000010 12.251958 25.179509 -5.175680 -2.464812 -1.573971 2.681853 2.510302 -1.998432 -11.912428 -0.958012 0.621920 0.738794 -2.064460 -11.941817 -18.620170 0.000000 -0.000003 0.000005 -9.108280 -0.517888 2.259828 9.663053 10.117844 -15.757499 0.110426 -0.990502 12.617569 0.210220 -1.395360 17.266896 0.000002 -0.000000 0.000003 -9.532504 -0.000056 -0.000022 0.256525 -0.491786 -8.084301 0.291334 -1.565945 20.847155 0.751691 -2.578976 33.014939 -0.000002 -0.000003 0.000008 -9.103591 -0.043073 -1.865128 0.918626 -12.479641 4.596138 0.500221 -2.119585 26.680908 0.651833 -2.370824 30.400284 0.000000 0.000007 -0.000002 -8.076686 -0.486710 -3.806282 -10.289449 -19.295006 18.625741 1.444865 -3.437010 48.307889 1.131301 -3.202632 41.997607 -0.000001 -0.000000 -0.000008 4.570451 11.014740 -2.160854 0.438813 1.016789 -21.060697 -39.641824 -22.796890 -65.947293 0.000344 -99.930469 0.000445 1.417795 -29.639179 14.504165 2.466133 -1.576202 2.681741 2.393138 5.159799 9.825227 0.198947 -0.802011 -1.267725 -10.273817 -8.224408 10.874477 -0.000000 0.000003 0.000002 9.109295 -0.518045 2.259878 4.395348 0.821128 5.565457 0.922910 3.162982 -32.506274 0.982976 3.242933 -33.654879 0.000002 0.000002 -0.000004 9.533407 0.000031 0.000053 0.100070 3.013602 -5.705923 0.853567 3.050496 -31.305089 1.772304 4.199876 -45.744581 0.000002 0.000003 0.000003 9.104527 -0.043033 -1.865068 1.390417 6.654716 -23.052411 1.010401 3.289994 -34.123007 1.784737 4.209996 -45.918481 -0.000000 -0.000003 0.000003 8.077805 -0.486872 -3.806262 -5.485734 24.102892 -30.318253 3.704573 5.215277 -66.409137 3.656464 5.219799 -65.974990 0.000000 -0.000008 0.000001 -8.207788 -6.751673 -1.599560 -9.525730 -3.353414 -22.252966 54.410595 7.702805 -7.282052 -14.785853 15.135151 17.139320 -13.389226 0.000002 -0.000010 0.000000 0.000000 -0.000000 8.207790 -6.751711 -1.599555 -9.808919 13.778960 21.330379 57.514120 -1.257612 4.993629 -27.546809 3.872316 -13.400518 0.254332 -0.000001 0.000003 0.000000 0.000000 -0.000000 
18.828642 91.903732 -1.686639 -20.004794 -9.737464 -5.978135 -0.000006 10.181592 0.131525 27.218927 0.422870 4.711447 9.186722 0.141006 -1.731053 9.167769 -0.529194 -1.688524 0.000000 16.740389 -2.049040 5.934663 1.987938 2.086763 -0.000001 9.617881 1.685012 -12.225356 10.854138 1.011032 0.000000 22.037323 7.501102 0.000001 0.000000 0.000000 -4.569974 11.014928 -2.160891 -1.880256 15.155080 25.641235 -47.318085 20.672071 64.447930 -0.000054 100.540699 0.000084 11.330012 24.959613 -4.679128 -2.464799 -1.573974 2.681855 2.466117 -1.542098 -11.776024 -1.076678 0.550583 0.813208 -2.271333 -11.385964 -18.424169 -0.000000 0.000003 0.000005 -9.108274 -0.517889 2.259839 9.732522 10.270532 -17.405789 0.084443 -0.865094 11.045136 0.172725 -1.268432 15.641487 0.000000 -0.000002 0.000003 -9.532498 -0.000054 -0.000016 0.286521 -0.497046 -9.712517 0.247225 -1.441811 19.228968 0.681565 -2.467547 31.396153 0.000001 0.000004 0.000004 -9.103581 -0.043069 -1.865127 0.659453 -12.817770 2.960229 0.446664 -2.009976 25.181538 0.592728 -2.268236 28.944808 0.000000 -0.000003 -0.000002 -8.076695 -0.486702 -3.806279 -10.405844 -19.554111 17.637423 1.422962 -3.416058 47.934975 1.109437 -3.177113 41.584251 -0.000006 -0.000004 -0.000006 4.570453 11.014728 -2.160857 0.477574 1.117747 -21.136309 -39.745281 -22.910789 -65.949834 0.000296 -100.775582 0.000437 1.258928 -29.523380 15.743297 2.466133 -1.576208 2.681745 2.297325 4.592632 9.643607 -0.079087 -0.666483 -1.394789 -10.274279 -8.224354 10.874834 0.000001 0.000004 0.000005 9.109285 -0.518033 2.259879 4.465578 0.722753 7.904302 0.797545 2.957901 -30.154872 0.853783 3.040231 -31.302948 -0.000002 0.000002 0.000006 9.533400 0.000027 0.000059 0.078230 2.774636 -3.369378 0.732846 2.842679 -28.954217 1.603234 4.028738 -43.387530 -0.000002 -0.000000 0.000004 9.104529 -0.043030 -1.865061 1.234205 6.489163 -20.885762 0.890053 3.105330 -31.966306 1.629549 4.054349 -43.765042 -0.000003 0.000000 -0.000007 8.077802 -0.486874 -3.806255 -5.964567 23.772842 -29.210158 3.619769 5.181185 -65.513125 3.571739 5.184849 -65.076840 0.000001 -0.000004 -0.000002 -8.207783 -6.751674 -1.599562 -10.774761 -4.934416 -22.675984 51.077695 7.627370 -5.942323 -9.848651 19.033225 17.611783 -14.383181 -0.000004 -0.000008 0.000000 0.000000 -0.000000 8.207787 -6.751709 -1.599556 -10.477713 13.605665 21.469397 53.692984 -1.954205 5.237488 -25.340577 3.562170 -13.148287 -0.149349 -0.000004 0.000001 0.000000 0.000000 0.000000 
18.566118 93.817291 -2.097108 -16.994334 -8.217243 -5.709584 -0.000008 10.181580 0.131526 26.756617 0.476158 5.145547 8.404024 -0.057857 -1.292321 8.371996 -0.670705 -1.260037 0.000004 16.740383 -2.049028 5.824660 1.948984 1.913691 -0.000001 9.617907 1.685017 -13.237695 10.239783 1.511088 -0.000002 22.037354 7.501102 0.000001 0.000000 0.000000 -4.569965 11.014924 -2.160881 -1.776632 14.631017 25.948003 -48.027889 21.746440 64.252805 -0.000035 101.295804 0.000050 10.043761 25.028130 -4.525341 -2.464806 -1.573970 2.681851 2.424045 -1.111102 -11.647527 -1.187338 0.483435 0.884196 -2.469185 -10.857702 -18.236318 0.000004 -0.000004 0.000009 -9.108258 -0.517874 2.259838 9.811043 10.422747 -18.996648 0.062635 -0.743266 9.525579 0.139906 -1.144721 14.069738 0.000002 0.000002 0.000000 -9.532494 -0.000065 -0.000026 0.311664 -0.503293 -11.289491 0.207952 -1.320637 17.664507 0.616733 -2.357952 29.830660 0.000001 -0.000000 -0.000003 -9.103577 -0.043078 -1.865135 0.387880 -13.137968 1.376796 0.397432 -1.902210 23.725866 0.537564 -2.166612 27.523752 -0.000002 0.000001 -0.000003 -8.076682 -0.486716 -3.806271 -10.529930 -19.803669 16.688317 1.402225 -3.395953 47.579907 1.088955 -3.152910 41.194264 -0.000005 -0.000003 -0.000008 4.570448 11.014727 -2.160851 0.556990 1.398866 -21.413048 -40.063588 -23.323511 -66.107352 0.000165 -101.786204 0.000315 1.387597 -29.111322 15.459109 2.466135 -1.576206 2.681742 2.205720 4.054645 9.470932 -0.347613 -0.518984 -1.522358 -10.274759 -8.224394 10.875195 0.000001 0.000000 -0.000008 9.109296 -0.518028 2.259878 4.540015 0.630883 10.214109 0.682272 2.750727 -27.835934 0.734607 2.835224 -28.983734 -0.000003 0.000004 0.000006 9.533410 0.000023 0.000055 0.066278 2.538360 -1.062525 0.622226 2.632948 -26.635783 1.443534 3.853253 -41.063384 -0.000002 -0.000001 0.000006 9.104535 -0.043031 -1.865064 1.085740 6.319543 -18.746877 0.778113 2.918583 -29.836257 1.482075 3.894989 -41.638428 -0.000001 -0.000003 0.000007 8.077804 -0.486864 -3.806255 -6.432608 23.433838 -28.107982 3.534853 5.145472 -64.610161 3.486955 5.148307 -64.171820 0.000000 0.000006 0.000004 -8.207787 -6.751655 -1.599558 -12.132823 -5.992850 -22.258347 46.183625 7.887549 -5.083796 -9.560788 14.455025 15.583906 -4.247142 -0.000002 -0.000003 -0.000001 -0.000001 -0.000000 8.207790 -6.751695 -1.599554 -11.845361 13.201972 21.287726 48.757435 -2.907069 5.120073 -22.222579 3.213303 -13.131265 0.088408 -0.000000 0.000001 -0.000000 -0.000000 -0.000000 
17.947954 95.703308 -2.837470 -13.429834 -5.918973 -4.808910 -0.000007 10.181595 0.131521 27.098110 0.548063 5.291179 7.109954 -0.280769 -1.032530 7.064141 -0.816744 -1.016263 0.000003 16.740377 -2.049032 5.045936 1.704608 1.730579 -0.000000 9.617887 1.685006 -14.661551 8.708522 1.824821 0.000002 22.037338 7.501094 -0.000000 0.000000 0.000001 -4.569965 11.014920 -2.160882 -1.446614 13.117619 25.820113 -49.147422 22.933897 64.918708 0.000086 102.043866 -0.000084 9.857525 24.916544 -5.033823 -2.464806 -1.573970 2.681847 2.384654 -0.708899 -11.527864 -1.290406 0.420356 0.951640 -2.655890 -10.361954 -18.058528 0.000003 -0.000008 -0.000004 -9.108280 -0.517873 2.259836 9.896810 10.572050 -20.515998 0.044771 -0.626198 8.071796 0.111702 -1.025484 12.565233 -0.000002 0.000003 0.000001 -9.532510 -0.000051 -0.000021 0.332170 -0.510138 -12.802077 0.173448 -1.203672 16.166945 0.557505 -2.251379 28.331754 -0.000000 0.000003 -0.000000 -9.103589 -0.043071 -1.865131 0.108860 -13.437369 -0.140114 0.352709 -1.797531 22.326977 0.486650 -2.067177 26.150890 -0.000002 -0.000003 -0.000001 -8.076693 -0.486709 -3.806285 -10.659049 -20.041182 15.786186 1.382794 -3.376875 47.244839 1.069970 -3.130130 40.829484 -0.000003 -0.000004 -0.000004 4.570454 11.014715 -2.160851 0.707545 1.917572 -22.273214 -41.065894 -24.799275 -66.343574 0.000149 -102.412041 0.000223 1.760432 -28.325124 14.492528 2.466160 -1.576206 2.681738 2.118888 3.548733 9.308306 -0.605887 -0.374649 -1.650416 -10.275244 -8.224478 10.875514 0.000003 0.000000 -0.000006 9.109313 -0.518037 2.259869 4.617195 0.546307 12.469113 0.578043 2.544396 -25.575742 0.626515 2.630884 -26.722949 0.000002 0.000009 -0.000001 9.533401 0.000027 0.000039 0.063804 2.308981 1.189301 0.522659 2.424367 -24.376037 1.294812 3.676048 -38.798155 0.000001 -0.000001 0.000001 9.104543 -0.043033 -1.865074 0.946764 6.148445 -16.660377 0.675561 2.732341 -27.757076 1.343964 3.734241 -39.562979 -0.000003 0.000002 -0.000002 8.077805 -0.486867 -3.806264 -6.883111 23.091319 -27.027414 3.451218 5.108743 -63.715065 3.403464 5.110758 -63.274558 0.000002 0.000013 0.000003 -8.207787 -6.751661 -1.599559 -13.357826 -7.174459 -21.712651 39.721194 8.413619 -4.664105 -8.262522 4.904782 11.401171 -0.234525 -0.000003 -0.000005 0.000001 -0.000001 -0.000001 8.207788 -6.751685 -1.599552 -13.555973 12.260339 20.383064 43.044682 -4.042384 4.867191 -18.361473 2.773044 -13.011075 0.254769 0.000006 0.000002 0.000000 -0.000001 -0.000000 
17.026537 97.126282 -3.810584 -8.812692 -2.641818 -3.335309 -0.000006 10.181580 0.131522 27.418848 0.727789 5.687562 5.121773 -0.454749 -1.383332 5.056243 -0.959872 -1.381934 0.000003 16.740402 -2.049033 3.726092 1.213071 1.676542 -0.000001 9.617891 1.685005 -15.946518 6.278086 1.908891 0.000001 22.037369 7.501095 0.000000 -0.000000 -0.000001 -4.569963 11.014921 -2.160888 -1.013017 11.007102 25.601337 -49.979937 23.256579 65.821044 -0.000033 104.337171 0.000027 10.882897 23.849151 -5.821204 -2.464790 -1.573983 2.681850 2.347597 -0.335026 -11.416906 -1.383722 0.362699 1.014194 -2.832021 -9.897512 -17.891038 0.000001 -0.000005 -0.000003 -9.108259 -0.517868 2.259829 9.987391 10.715906 -21.949433 0.030632 -0.515059 6.696358 0.087884 -0.912017 11.141649 0.000002 0.000001 -0.000002 -9.532495 -0.000054 -0.000024 0.348237 -0.517397 -14.237054 0.143638 -1.092179 14.749664 0.504009 -2.149060 26.912940 0.000000 -0.000003 0.000003 -9.103580 -0.043077 -1.865128 -0.172141 -13.713581 -1.576524 0.312607 -1.697080 20.998129 0.440321 -1.971137 24.840595 0.000002 -0.000005 -0.000003 -8.076676 -0.486708 -3.806284 -10.790364 -20.263981 14.938629 1.364722 -3.358948 46.931743 1.052516 -3.108936 40.491916 -0.000001 0.000000 -0.000006 4.570451 11.014720 -2.160855 0.899576 2.358236 -23.167423 -42.275046 -27.915226 -66.297928 0.000248 -102.738947 0.000378 1.365073 -26.883116 14.364269 2.466137 -1.576205 2.681741 2.037534 3.079429 9.156858 -0.851133 -0.235265 -1.777016 -10.275719 -8.224644 10.875802 -0.000002 0.000000 -0.000008 9.109305 -0.518054 2.259882 4.697560 0.469651 14.643319 0.485469 2.341978 -23.400163 0.530188 2.430268 -24.547208 0.000003 -0.000007 0.000007 9.533414 0.000028 0.000056 0.069774 2.089770 3.360460 0.434670 2.219974 -22.201129 1.158433 3.500024 -36.618150 0.000002 0.000008 -0.000009 9.104536 -0.043031 -1.865068 0.818556 5.978675 -14.650810 0.583205 2.549399 -25.753361 1.216456 3.574670 -37.563025 -0.000003 0.000001 -0.000007 8.077803 -0.486869 -3.806260 -7.309864 22.751183 -25.985144 3.370229 5.071698 -62.842098 3.322648 5.072882 -62.399761 -0.000001 -0.000010 0.000000 -8.207782 -6.751675 -1.599559 -15.437916 -7.876426 -21.737198 33.680916 7.783225 -4.366236 -4.647210 -0.411373 8.659098 -0.166826 -0.000001 -0.000011 0.000001 -0.000001 -0.000000 8.207791 -6.751694 -1.599553 -16.645028 10.402406 18.667751 37.818300 -5.153740 4.607137 -14.905887 2.366393 -12.761974 0.434270 0.000005 0.000001 0.000000 -0.000001 -0.000000 
15.865726 97.835869 -4.846747 -2.865540 1.566075 -1.419668 -0.000006 10.181606 0.131520 26.884135 0.916789 6.165467 2.410114 -0.711270 -2.272653 2.311718 -1.199714 -2.263071 0.000002 16.740385 -2.049036 1.829092 0.561849 1.570643 0.000002 9.617887 1.685009 -15.936044 3.070748 2.161183 0.000001 22.037338 7.501098 -0.000002 0.000000 0.000000 -4.569972 11.014905 -2.160892 -0.470716 8.475659 25.153389 -50.183978 22.282264 67.018875 -0.000033 107.480772 0.000021 11.598065 22.324456 -5.834117 -2.464803 -1.573968 2.681844 2.314062 0.004438 -11.316324 -1.469864 0.309153 1.072621 -2.992650 -9.475445 -17.737294 0.000002 -0.000006 0.000002 -9.108274 -0.517883 2.259831 10.080071 10.851841 -23.283133 0.019829 -0.411070 5.412916 0.068200 -0.805528 9.812081 0.000001 0.000003 -0.000005 -9.532503 -0.000059 -0.000029 0.360235 -0.524728 -15.581369 0.118307 -0.987406 13.426099 0.456326 -2.052319 25.587316 -0.000001 0.000004 0.000007 -9.103574 -0.043083 -1.865139 -0.449141 -13.964632 -2.918230 0.277131 -1.602073 19.752373 0.398723 -1.879795 23.607130 -0.000005 0.000005 -0.000000 -8.076682 -0.486703 -3.806302 -10.920927 -20.469454 14.152959 1.348161 -3.342327 46.643365 1.036655 -3.089473 40.183034 0.000001 -0.000004 -0.000011 4.570448 11.014701 -2.160864 1.136916 2.768676 -24.018451 -43.155543 -31.588805 -66.330405 0.000240 -103.136458 0.000368 0.688042 -25.169143 14.020462 2.466128 -1.576193 2.681745 1.962215 2.649099 9.017624 -1.080234 -0.102930 -1.899912 -10.276213 -8.224936 10.876062 0.000003 0.000002 -0.000006 9.109314 -0.518041 2.259883 4.779050 0.401360 16.711096 0.404805 2.146746 -21.335585 0.445844 2.236532 -22.482143 0.000000 0.000002 -0.000001 9.533390 0.000026 0.000045 0.082964 1.882590 5.425028 0.358376 2.022984 -20.136834 1.035252 3.328257 -34.549327 -0.000002 -0.000000 -0.000003 9.104534 -0.043031 -1.865063 0.701598 5.810757 -12.742877 0.501437 2.372641 -23.849484 1.100509 3.418959 -35.662777 0.000005 0.000002 -0.000001 8.077796 -0.486878 -3.806261 -7.707339 22.419783 -24.996536 3.293201 5.035039 -62.005980 3.245784 5.035488 -61.562052 0.000001 0.000001 0.000008 -8.207783 -6.751652 -1.599560 -19.169114 -7.749825 -22.652526 29.777982 7.824043 -4.140818 -0.066837 -0.177610 6.394722 -2.458368 0.000001 0.000005 0.000000 0.000000 0.000001 8.207788 -6.751696 -1.599557 -21.613558 7.605189 15.931778 33.533664 -6.004390 4.306494 -11.623017 2.004194 -12.799581 0.339755 0.000003 -0.000000 -0.000000 -0.000000 -0.000000 
14.543819 97.747635 -5.740928 3.679880 6.196263 0.525639 -0.000006 10.181582 0.131520 25.742512 1.116214 6.274502 -0.347307 -0.929133 -3.502058 -0.501005 -1.402358 -3.451118 0.000001 16.740402 -2.049037 -1.196674 -0.296322 1.414068 -0.000000 9.617882 1.685022 -13.812132 -0.800982 2.892739 0.000001 22.037369 7.501091 0.000001 0.000000 0.000000 -4.569972 11.014912 -2.160884 0.084300 5.884225 24.427680 -49.755302 19.471449 68.121814 0.000011 112.800950 0.000016 14.072193 20.353551 -5.578899 -2.464814 -1.573969 2.681849 2.283675 0.309997 -11.225975 -1.546270 0.261293 1.125522 -3.139271 -9.092245 -17.596985 0.000002 -0.000003 0.000002 -9.108274 -0.517868 2.259833 10.171668 10.977460 -24.502091 0.011959 -0.315218 4.232442 0.052300 -0.707348 8.591040 -0.000000 -0.000003 0.000000 -9.532508 -0.000053 -0.000024 0.368668 -0.531890 -16.821767 0.097138 -0.890613 12.209611 0.414480 -1.962373 24.368479 -0.000000 -0.000003 0.000009 -9.103600 -0.043081 -1.865133 -0.715899 -14.188913 -4.151404 0.246238 -1.513749 18.603147 0.361946 -1.794399 22.464895 0.000001 0.000004 0.000002 -8.076689 -0.486712 -3.806283 -11.046789 -20.656550 13.437818 1.333179 -3.327162 46.381182 1.022493 -3.071887 39.905349 -0.000005 -0.000005 -0.000009 4.570446 11.014715 -2.160856 1.576609 3.910953 -25.685604 -44.688985 -35.853681 -67.673548 0.000295 -103.803268 0.000409 2.833785 -23.888841 14.075784 2.466135 -1.576212 2.681740 1.893768 2.261254 8.891719 -1.290457 0.020284 -2.016719 -10.276714 -8.225287 10.876276 0.000001 0.000003 0.000006 9.109301 -0.518046 2.259870 4.857761 0.342583 18.646806 0.335845 1.961869 -19.407793 0.373454 2.052998 -20.554278 0.000001 0.000002 -0.000003 9.533399 0.000029 0.000046 0.101816 1.690139 7.357590 0.293573 1.836627 -18.209452 0.925926 3.163927 -32.617913 -0.000004 0.000005 0.000004 9.104526 -0.043031 -1.865068 0.597292 5.650070 -10.960836 0.430329 2.205001 -22.070028 0.996848 3.269984 -33.886396 0.000003 -0.000003 -0.000004 8.077808 -0.486868 -3.806263 -8.066027 22.103295 -24.097787 3.219520 4.998713 -61.201070 3.174244 4.999415 -60.776710 -0.000002 -0.000004 0.000005 -8.207787 -6.751671 -1.599562 -25.036122 -6.683398 -24.267686 30.421680 7.093154 -4.605557 0.373589 -0.110595 5.050859 -5.013712 0.000004 -0.000004 -0.000000 0.000000 0.000000 8.207792 -6.751711 -1.599560 -27.868220 5.035357 12.877686 30.174085 -7.039114 3.454498 -8.301825 1.643012 -13.197408 0.313406 0.000005 0.000002 0.000000 0.000000 -0.000000 
12.913687 96.962685 -6.341860 9.043573 10.611014 2.746284 -0.000005 10.181603 0.131523 25.582284 1.112354 5.560868 -2.423541 -0.750629 -5.303678 -2.677756 -1.285478 -5.160240 -0.000000 16.740408 -2.049031 -5.056145 -1.493227 1.497060 0.000002 9.617881 1.685004 -10.540212 -5.170449 4.330351 0.000002 22.037338 7.501093 -0.000002 0.000000 0.000000 -4.569966 11.014939 -2.160880 0.419504 4.317406 24.906727 -49.254909 14.605260 67.776998 -0.000029 120.896261 0.000016 18.600246 18.632626 -5.489180 -2.464798 -1.573962 2.681848 2.256618 0.579929 -11.146315 -1.612391 0.219564 1.172028 -3.270604 -8.750748 -17.471291 0.000002 -0.000004 0.000000 -9.108265 -0.517890 2.259831 10.258939 11.090496 -25.593878 0.006577 -0.229060 3.172765 0.039759 -0.618396 7.488187 -0.000000 -0.000000 -0.000001 -9.532499 -0.000043 -0.000025 0.374039 -0.538749 -17.945002 0.079830 -0.803019 11.113544 0.378418 -1.880569 23.269744 -0.000000 -0.000003 -0.000000 -9.103583 -0.043076 -1.865134 -0.965859 -14.385140 -5.261635 0.219829 -1.433316 17.563341 0.330063 -1.716306 21.428515 0.000000 0.000001 -0.000001 -8.076664 -0.486711 -3.806282 -11.164606 -20.822925 12.800712 1.319912 -3.313594 46.147657 1.010084 -3.056347 39.660863 0.000002 -0.000000 -0.000004 4.570454 11.014713 -2.160846 2.196822 5.214349 -28.216135 -47.641717 -41.162705 -70.025374 0.000221 -104.608356 0.000329 8.575828 -23.726585 17.136620 2.466141 -1.576207 2.681740 1.832943 1.919233 8.780358 -1.479453 0.132608 -2.125159 -10.277221 -8.225750 10.876433 0.000001 0.000002 -0.000008 9.109311 -0.518043 2.259872 5.014907 0.322723 20.423398 0.278241 1.790634 -17.642817 0.312608 1.882847 -18.788930 -0.000001 -0.000006 -0.000003 9.533411 0.000040 0.000049 0.124491 1.515272 9.132289 0.239777 1.664146 -16.444806 0.830730 3.010313 -30.849772 0.000002 -0.000009 -0.000000 9.104537 -0.043026 -1.865064 0.506213 5.499956 -9.331789 0.369554 2.048932 -20.433383 0.905885 3.130540 -32.257351 0.000005 -0.000008 0.000006 8.077813 -0.486876 -3.806263 -8.374306 21.808166 -23.337718 3.147595 4.961964 -60.409588 3.109271 4.965551 -60.058673 -0.000001 0.000001 -0.000009 -8.207786 -6.751684 -1.599562 -30.891341 -5.756206 -26.729001 32.990493 1.037968 -5.631081 -3.255100 -0.490836 8.597593 -3.521874 0.000002 -0.000000 0.000000 0.000000 0.000000 8.207790 -6.751698 -1.599553 -33.487253 3.987593 10.375396 27.798732 -8.566982 1.307678 -6.030360 1.301188 -13.249418 0.458991 -0.000008 -0.000001 -0.000000 -0.000000 -0.000000 
11.000554 95.602356 -6.766853 11.741621 14.324163 5.432143 -0.000006 10.181594 0.131523 26.763210 0.438481 4.543680 -3.902808 -1.004187 -7.411515 -4.241650 -1.773176 -7.160451 0.000001 16.740379 -2.049034 -7.863154 -2.435912 1.729337 0.000001 9.617883 1.685001 -8.652727 -8.294153 6.158829 0.000001 22.037354 7.501097 -0.000001 -0.000000 -0.000000 -4.569982 11.014904 -2.160879 0.577271 4.475233 27.005706 -49.282028 10.706559 66.879696 -0.000033 126.312601 0.000020 19.650108 19.863846 -5.828728 -2.464811 -1.573959 2.681848 2.233858 0.809243 -11.078636 -1.670300 0.182898 1.213043 -3.381703 -8.462656 -17.364690 -0.000002 0.000002 0.000000 -9.108275 -0.517886 2.259833 10.338270 11.188632 -26.541972 0.003152 -0.153215 2.240799 0.030165 -0.540256 6.521709 0.000002 -0.000002 -0.000001 -9.532492 -0.000059 -0.000024 0.376903 -0.545214 -18.938115 0.066031 -0.725869 10.151203 0.348037 -1.808147 22.304900 -0.000000 0.000002 0.000001 -9.103584 -0.043089 -1.865127 -1.192522 -14.552408 -6.235030 0.197746 -1.361965 16.646187 0.303055 -1.646787 20.512151 -0.000002 0.000004 -0.000002 -8.076680 -0.486693 -3.806279 -11.271080 -20.966324 12.248947 1.308461 -3.301813 45.945781 0.999502 -3.042991 39.451200 -0.000001 -0.000004 -0.000002 4.570449 11.014713 -2.160853 2.615486 5.522710 -29.923253 -47.369807 -44.352318 -69.145570 0.000199 -106.150975 0.000292 9.908323 -23.401070 17.281705 2.466141 -1.576208 2.681739 1.779452 1.621863 8.683757 -1.641887 0.230330 -2.221059 -10.277803 -8.226609 10.876453 0.000004 0.000006 0.000000 9.109281 -0.518041 2.259871 5.284799 0.363528 22.014852 0.231227 1.636254 -16.066799 0.262734 1.729409 -17.212825 0.000000 0.000003 0.000001 9.533394 0.000033 0.000041 0.149137 1.359760 10.723586 0.196254 1.508786 -14.869122 0.749788 2.870689 -29.271343 0.000001 -0.000001 0.000002 9.104518 -0.043033 -1.865073 0.428481 5.363280 -7.879223 0.318909 1.907575 -18.966426 0.827883 3.003616 -30.800089 -0.000003 -0.000005 0.000002 8.077792 -0.486864 -3.806259 -8.407377 21.449642 -22.735849 3.085655 4.929325 -59.723304 3.051836 4.934760 -59.419927 -0.000001 0.000002 -0.000003 -8.207784 -6.751663 -1.599561 -34.884057 -5.586179 -30.056831 35.592317 -4.522502 -6.480104 -8.196750 -1.419762 13.854530 -1.190736 -0.000004 -0.000005 0.000000 0.000000 -0.000001 8.207788 -6.751702 -1.599559 -37.205820 3.306686 7.917757 27.517652 -8.474205 -0.425502 -5.320270 0.372014 -13.682845 0.716333 0.000005 0.000001 0.000000 -0.000001 -0.000000 
9.075788 93.593224 -7.071568 11.642338 16.815101 7.938638 -0.000003 10.181596 0.131523 28.547522 -0.564927 3.920961 -4.263994 -1.608227 -9.083204 -4.622309 -2.681342 -8.769597 0.000002 16.740383 -2.049043 -8.767459 -2.792204 1.837772 0.000001 9.617882 1.685005 -10.158883 -9.969248 7.458368 0.000002 22.037354 7.501097 0.000000 -0.000000 0.000000 -4.569976 11.014925 -2.160888 0.597841 5.772764 28.532883 -49.481883 8.821979 66.597008 -0.000013 128.658620 -0.000002 19.117143 22.150582 -6.437394 -2.464803 -1.573978 2.681854 2.214465 1.000635 -11.022423 -1.715791 0.153885 1.245945 -3.476151 -8.218732 -17.274069 -0.000001 -0.000002 0.000009 -9.108259 -0.517876 2.259836 10.406211 11.269926 -27.333833 0.001241 -0.089129 1.453768 0.023043 -0.473863 5.701966 -0.000003 0.000000 -0.000000 -9.532487 -0.000051 -0.000020 0.377852 -0.551246 -19.787850 0.055369 -0.660346 9.336377 0.323225 -1.746352 21.486833 0.000000 0.000000 0.000011 -9.103583 -0.043085 -1.865123 -1.389406 -14.689894 -7.057504 0.179838 -1.300924 15.864875 0.280886 -1.587114 19.730340 0.000001 -0.000003 -0.000000 -8.076674 -0.486716 -3.806270 -11.362737 -21.084835 11.790274 1.298961 -3.291983 45.777666 0.990839 -3.031975 39.278700 -0.000001 -0.000000 -0.000011 4.570452 11.014718 -2.160856 2.697065 5.145922 -29.443323 -46.012143 -44.045575 -67.764486 0.000169 -107.817418 0.000267 9.241963 -23.708048 15.695650 2.466131 -1.576186 2.681728 1.736576 1.382569 8.605033 -1.781728 0.315314 -2.305582 -10.276692 -8.219582 10.879033 0.000001 0.000008 0.000002 9.109286 -0.518050 2.259871 5.554298 0.428508 23.396349 0.194082 1.501919 -14.705583 0.223079 1.595807 -15.851780 -0.000000 0.000001 0.000001 9.533387 0.000031 0.000034 0.173829 1.225805 12.105415 0.162109 1.373669 -13.508252 0.682995 2.748314 -27.907933 0.000000 0.000001 -0.000002 9.104520 -0.043011 -1.865077 0.364141 5.242898 -6.626750 0.277951 1.784110 -17.695811 0.763048 2.892223 -29.539229 -0.000003 -0.000003 -0.000002 8.077791 -0.486861 -3.806275 -8.113115 21.020571 -22.297772 3.036849 4.902917 -59.179573 3.003207 4.908032 -58.876149 -0.000000 -0.000003 -0.000002 -8.207786 -6.751675 -1.599566 -38.160567 -4.710101 -33.330862 42.050046 -5.133341 -6.921759 -13.259267 -2.423677 17.079935 -0.260599 0.000002 0.000002 0.000000 0.000000 -0.000000 8.207790 -6.751709 -1.599561 -39.856077 1.841125 5.402066 31.195410 -8.409035 -0.023901 -6.452220 0.955832 -14.500640 0.908740 -0.000002 0.000002 0.000000 -0.000001 -0.000000 
7.410992 90.836563 -7.439138 8.483807 17.365297 9.709321 -0.000004 10.181606 0.131523 31.695366 -1.134683 3.904457 -3.236091 -1.682282 -9.649230 -3.589315 -3.020031 -9.309137 -0.000001 16.740416 -2.049042 -8.441841 -2.769773 1.667264 0.000002 9.617888 1.685004 -13.635612 -10.812502 7.419765 0.000004 22.037354 7.501097 -0.000003 0.000001 -0.000000 -4.569974 11.014918 -2.160887 0.614388 6.646859 27.686834 -50.095442 8.732514 67.612446 -0.000032 129.961944 0.000006 22.387605 22.888394 -7.164939 -2.464801 -1.573967 2.681852 2.199383 1.148990 -10.978878 -1.751001 0.131352 1.271633 -3.548776 -8.030930 -17.204167 0.000004 -0.000006 -0.000003 -9.108284 -0.517876 2.259837 10.459521 11.332723 -27.960245 0.000344 -0.038871 0.836809 0.017954 -0.419652 5.033540 -0.000000 0.000001 -0.000001 -9.532494 -0.000042 -0.000022 0.377452 -0.556848 -20.480795 0.047440 -0.607591 8.681479 0.303970 -1.696489 20.830122 0.000001 -0.000001 0.000005 -9.103590 -0.043085 -1.865125 -1.550173 -14.796840 -7.714724 0.165947 -1.251325 15.232281 0.263524 -1.538562 19.096984 0.000001 0.000000 0.000003 -8.076693 -0.486728 -3.806279 -11.436335 -21.176648 11.432230 1.291562 -3.284246 45.645843 0.984140 -3.023408 39.145303 -0.000003 0.000002 -0.000006 4.570441 11.014727 -2.160862 2.540805 4.246615 -28.308457 -45.935184 -42.211293 -68.103461 0.000163 -108.657054 0.000256 7.589983 -24.678288 13.187092 2.466119 -1.576204 2.681739 1.702153 1.193032 8.543076 -1.889428 0.381334 -2.372019 -10.278655 -8.227133 10.876845 0.000003 0.000003 0.000002 9.109289 -0.518044 2.259878 5.708816 0.466144 24.544035 0.165875 1.390749 -13.585665 0.192844 1.485161 -14.731803 0.000001 0.000005 -0.000003 9.533389 0.000039 0.000046 0.196557 1.115563 13.252310 0.136432 1.261880 -12.388400 0.630217 2.646441 -26.786153 0.000001 -0.000005 0.000002 9.104518 -0.043036 -1.865071 0.313110 5.141569 -5.597965 0.246255 1.681598 -16.647720 0.711419 2.799307 -28.499939 0.000001 -0.000006 -0.000006 8.077777 -0.486859 -3.806262 -7.785857 20.649424 -21.977385 2.998088 4.881506 -58.745569 2.964570 4.886372 -58.442117 -0.000002 -0.000011 0.000002 -8.207783 -6.751657 -1.599563 -40.229394 -3.224556 -35.215714 51.986503 -3.735171 -6.932692 -18.307581 -2.892170 15.977216 -0.278023 -0.000002 -0.000004 -0.000000 -0.000000 -0.000001 8.207790 -6.751691 -1.599558 -41.388037 0.521538 4.950557 38.727418 -8.398597 0.921634 -8.983374 1.293230 -15.976588 0.903440 0.000007 0.000004 -0.000000 0.000000 -0.000000 
6.046539 87.726944 -7.945328 2.153366 15.812209 10.716574 -0.000005 10.181591 0.131529 36.372905 -1.137482 3.956642 -1.580479 -1.304596 -9.103328 -1.896937 -2.911789 -8.744447 0.000001 16.740398 -2.049036 -7.336878 -2.480965 1.488477 0.000004 9.617868 1.685011 -15.946023 -10.369872 6.885620 0.000001 22.037354 7.501095 -0.000001 -0.000000 0.000000 -4.569978 11.014921 -2.160886 0.565751 6.968851 25.725318 -50.943751 10.197575 69.292877 -0.000009 127.844940 -0.000012 25.794764 22.979434 -7.199582 -2.464802 -1.573963 2.681849 2.186987 1.248760 -10.947871 -1.776461 0.115034 1.290160 -3.599736 -7.901807 -17.155376 0.000003 -0.000004 0.000006 -9.108274 -0.517881 2.259832 10.493813 11.373347 -28.378652 0.000021 0.001815 0.337344 0.014841 -0.382297 4.573548 -0.000000 -0.000000 -0.000003 -9.532492 -0.000065 -0.000019 0.375877 -0.562902 -21.004413 0.042036 -0.568846 8.201263 0.290146 -1.659666 20.347023 -0.000000 -0.000001 0.000001 -9.103586 -0.043074 -1.865131 -1.668935 -14.872433 -8.192828 0.155965 -1.214301 14.761381 0.250965 -1.502324 18.625912 0.000002 0.000001 0.000002 -8.076671 -0.486704 -3.806281 -11.488611 -21.239597 11.183328 1.286260 -3.278724 45.551922 0.979561 -3.017498 39.053263 -0.000003 0.000002 -0.000003 4.570444 11.014729 -2.160858 2.249654 3.383542 -27.250829 -46.941937 -39.604896 -69.706848 0.000171 -107.335111 0.000255 5.837397 -26.033454 10.221786 2.466134 -1.576214 2.681733 1.678141 1.061377 8.499927 -1.965434 0.428276 -2.419594 -10.278140 -8.223126 10.878376 -0.000000 0.000002 0.000000 9.109296 -0.518039 2.259875 5.639129 0.414050 25.433323 0.145895 1.305709 -12.732740 0.171243 1.400497 -13.878574 0.000002 -0.000005 -0.000000 9.533401 0.000031 0.000044 0.215542 1.030680 14.138522 0.118346 1.176437 -11.535778 0.591354 2.568179 -25.931845 0.000000 -0.000001 0.000001 9.104536 -0.043024 -1.865074 0.275402 5.062026 -4.816310 0.223338 1.603017 -15.848332 0.673191 2.727846 -27.707397 -0.000001 0.000005 0.000002 8.077798 -0.486869 -3.806261 -7.493982 20.366758 -21.766817 2.970533 4.866067 -58.436141 2.937127 4.870761 -58.132655 -0.000000 -0.000005 -0.000002 -8.207786 -6.751680 -1.599563 -39.113099 -2.555011 -35.756891 61.307990 -1.580564 -6.644133 -22.944643 -2.970014 13.660261 -0.295027 -0.000005 -0.000011 0.000000 -0.000001 -0.000001 8.207789 -6.751712 -1.599560 -40.164436 -0.257800 7.031528 47.697304 -8.298858 1.727591 -12.663121 0.828209 -17.220435 0.780955 0.000001 -0.000003 -0.000000 -0.000001 0.000000 
4.887934 84.865585 -7.984394 -4.802460 13.473179 11.118156 -0.000004 10.181580 0.131524 39.358596 -1.154911 3.300669 0.842922 -1.138337 -7.972016 0.584779 -2.774724 -7.610788 0.000002 16.740389 -2.049038 -5.355183 -2.059566 1.598637 0.000000 9.617903 1.685009 -17.818270 -9.068059 6.586520 0.000000 22.037338 7.501097 0.000005 -0.000000 0.000000 -4.569965 11.014915 -2.160885 0.373214 7.233959 24.717898 -51.524136 12.448168 70.399456 -0.000041 122.751504 0.000004 24.825270 22.828686 -5.317171 -2.464812 -1.573961 2.681851 2.179805 1.302662 -10.931358 -1.789192 0.107188 1.298232 -3.628584 -7.830978 -17.128634 0.000001 -0.000003 0.000004 -9.108288 -0.517884 2.259834 10.508190 11.392042 -28.616985 -0.000026 0.023998 0.065070 0.012963 -0.357844 4.272455 -0.000001 -0.000000 0.000000 -9.532505 -0.000071 -0.000019 0.373909 -0.568512 -21.345009 0.038873 -0.545151 7.907737 0.281883 -1.637123 20.052133 0.000000 0.000002 0.000004 -9.103581 -0.043085 -1.865124 -1.740130 -14.914833 -8.477490 0.149836 -1.190978 14.465091 0.243237 -1.479540 18.330375 0.000001 0.000000 -0.000002 -8.076694 -0.486706 -3.806275 -11.514179 -21.273029 11.052539 1.283221 -3.275546 45.497717 0.977134 -3.014390 39.004751 0.000000 -0.000000 -0.000008 4.570460 11.014716 -2.160860 1.952419 3.258213 -25.623270 -48.449380 -36.557908 -71.972087 0.000193 -104.436837 0.000287 5.177964 -27.399630 7.535731 2.466127 -1.576204 2.681734 1.662108 0.978902 8.474557 -2.000186 0.451403 -2.441645 -10.281043 -8.235231 10.874693 -0.000000 0.000003 -0.000005 9.109290 -0.518054 2.259873 5.234650 0.214091 26.039558 0.133476 1.249729 -12.172939 0.157753 1.344800 -13.318989 0.000000 0.000003 0.000001 9.533395 0.000033 0.000044 0.229006 0.973858 14.738211 0.107151 1.120214 -10.976118 0.566535 2.516517 -25.371387 -0.000001 -0.000002 -0.000001 9.104526 -0.043030 -1.865074 0.251027 5.005032 -4.306311 0.208872 1.551167 -15.322739 0.648598 2.680574 -27.186301 0.000004 -0.000004 -0.000009 8.077785 -0.486869 -3.806271 -7.305301 20.202158 -21.659377 2.955402 4.857496 -58.265632 2.922056 4.862101 -57.962167 -0.000000 -0.000005 -0.000001 -8.207779 -6.751664 -1.599562 -35.753855 -2.484001 -35.776148 68.387809 1.198195 -6.335354 -26.930341 -3.129587 12.579116 -0.303121 -0.000007 -0.000015 -0.000000 0.000000 0.000000 8.207789 -6.751698 -1.599556 -36.754020 -1.246802 9.394893 55.196132 -8.100312 3.105611 -16.185530 0.956542 -18.862257 0.739260 -0.000006 -0.000003 0.000000 -0.000000 -0.000000 
4.008471 82.548164 -7.353156 -9.324801 11.504123 10.602817 -0.000005 10.181568 0.131524 37.633191 -1.232817 2.266671 4.028170 -1.740718 -6.353963 3.880573 -3.006543 -6.030145 0.000000 16.740393 -2.049035 -2.533477 -1.365129 1.713997 0.000004 9.617882 1.685007 -20.784749 -6.874680 5.769309 0.000003 22.037338 7.501095 0.000003 -0.000000 -0.000000 -4.569974 11.014902 -2.160889 0.335518 6.533571 24.008516 -51.624393 15.801450 71.967053 0.000015 115.020181 -0.000024 19.979963 23.027267 -2.216387 -2.464800 -1.573980 2.681849 2.179970 1.304587 -10.930627 -1.788885 0.106985 1.299544 -3.630544 -7.825579 -17.126477 0.000003 -0.000010 -0.000003 -9.108271 -0.517883 2.259837 10.499497 11.387796 -28.644599 -0.000001 0.029299 0.000009 0.012323 -0.349561 4.170551 -0.000001 0.000002 -0.000002 -9.532499 -0.000061 -0.000018 0.372614 -0.571838 -21.489686 0.037938 -0.537688 7.815438 0.279268 -1.629987 19.958755 0.000000 0.000003 0.000007 -9.103578 -0.043078 -1.865127 -1.759311 -14.923723 -8.555096 0.147597 -1.182369 14.356142 0.240495 -1.471326 18.223839 0.000000 0.000004 0.000002 -8.076672 -0.486704 -3.806282 -11.515693 -21.276808 11.041731 1.282699 -3.275012 45.488380 0.977060 -3.014287 39.003283 -0.000002 0.000001 -0.000006 4.570449 11.014722 -2.160859 1.635170 3.140767 -24.412865 -49.615604 -32.843726 -72.629541 0.000268 -101.750708 0.000368 6.195169 -27.608369 5.882170 2.466145 -1.576206 2.681743 1.664508 0.988259 8.476019 -2.011413 0.456470 -2.447655 -10.280066 -8.229227 10.876836 0.000006 0.000008 0.000007 9.109294 -0.518048 2.259881 4.675434 -0.366527 26.332819 0.128077 1.224610 -11.922230 0.151907 1.319709 -13.067462 -0.000001 0.000005 -0.000003 9.533392 0.000026 0.000053 0.238592 0.935592 15.035237 0.102318 1.094949 -10.724813 0.555539 2.493241 -25.119867 -0.000000 0.000009 0.000004 9.104524 -0.043027 -1.865064 0.256698 5.225462 -4.025821 0.203843 1.532789 -15.136703 0.638112 2.660058 -26.960889 -0.000001 -0.000003 -0.000002 8.077801 -0.486874 -3.806257 -8.854444 20.752698 -21.003078 2.962499 4.861543 -58.345709 2.919203 4.860434 -57.929956 -0.000002 -0.000004 -0.000003 -8.207786 -6.751696 -1.599563 -33.054748 -2.272769 -35.080524 73.561943 2.987714 -5.939790 -30.317178 -3.193587 11.558840 -0.308408 -0.000001 0.000001 -0.000000 -0.000001 0.000001 8.207793 -6.751715 -1.599560 -33.948403 -2.563004 11.297136 60.537913 -7.871492 4.683041 -18.870353 1.827686 -20.669363 0.545112 0.000003 0.000001 -0.000000 0.000001 -0.000000 
3.370128 80.988602 -6.485962 -11.629294 10.060761 9.336163 -0.000005 10.181582 0.131526 33.438998 -1.074761 1.842768 7.330201 -2.298591 -4.874378 7.225223 -3.109088 -4.631289 -0.000000 16.740400 -2.049040 0.396403 -0.712152 1.825412 0.000002 9.617892 1.685009 -24.078814 -4.259369 4.305139 0.000002 22.037338 7.501097 0.000004 -0.000000 0.000000 -4.569966 11.014920 -2.160887 0.363982 5.177449 22.788178 -51.323718 17.985995 73.299391 -0.000032 106.864081 0.000017 12.152929 22.063584 1.649319 -2.464806 -1.573971 2.681847 2.193157 1.222832 -10.956009 -1.769536 0.118782 1.287586 -3.603086 -7.889940 -17.150537 -0.000001 -0.000003 0.000000 -9.108274 -0.517886 2.259830 10.464964 11.356281 -28.454264 -0.000013 0.017275 0.147556 0.012913 -0.357410 4.267050 -0.000000 -0.000002 -0.000002 -9.532505 -0.000052 -0.000022 0.371701 -0.574187 -21.433460 0.039144 -0.546993 7.930627 0.282459 -1.638734 20.073159 -0.000000 0.000003 0.000005 -9.103580 -0.043082 -1.865131 -1.724730 -14.898681 -8.419888 0.149280 -1.188812 14.437671 0.242674 -1.477890 18.309012 0.000000 -0.000000 -0.000003 -8.076686 -0.486705 -3.806280 -11.495990 -21.252634 11.139462 1.285508 -3.277933 45.538323 0.980039 -3.018118 39.062856 0.000004 0.000003 -0.000009 4.570448 11.014704 -2.160857 1.339137 2.697504 -23.926390 -50.362181 -30.431478 -71.640229 0.000402 -99.139779 0.000500 7.317682 -26.572118 5.278047 2.466144 -1.576200 2.681737 1.682914 1.090115 8.509063 -1.993569 0.445017 -2.434907 -10.280657 -8.230788 10.876544 -0.000000 0.000002 0.000000 9.109299 -0.518044 2.259875 5.124098 0.184437 26.403433 0.127974 1.224067 -11.916798 0.151766 1.319223 -13.062522 0.000001 -0.000010 -0.000001 9.533394 0.000037 0.000047 0.251544 0.887121 15.092799 0.102228 1.094391 -10.719448 0.555312 2.492764 -25.114611 -0.000000 -0.000001 0.000001 9.104527 -0.043033 -1.865070 0.238134 4.961506 -4.056335 0.203522 1.531538 -15.124107 0.637623 2.659112 -26.950620 -0.000002 -0.000001 -0.000002 8.077804 -0.486865 -3.806266 -9.312503 20.869551 -20.887320 2.967759 4.864502 -58.404927 2.921632 4.861854 -57.957447 -0.000001 -0.000001 -0.000005 -8.207784 -6.751673 -1.599563 -31.262838 -1.997773 -33.524191 76.842845 3.476775 -5.392544 -32.773956 -3.143518 10.612355 -0.311065 0.000000 -0.000003 -0.000000 -0.000001 -0.000000 8.207791 -6.751712 -1.599557 -32.307864 -3.415391 13.540747 64.098826 -7.733407 5.884921 -21.278493 2.426131 -21.858542 0.727717 -0.000005 0.000002 0.000000 0.000001 -0.000000 
2.749869 80.403534 -5.767239 -13.655062 8.740727 8.069243 -0.000004 10.181581 0.131520 30.534248 -1.046709 2.125937 9.785002 -2.736964 -3.963731 9.679029 -3.313106 -3.789660 0.000001 16.740396 -2.049036 2.876915 -0.156687 2.041108 0.000001 9.617886 1.685012 -26.058580 -1.419187 3.069881 0.000001 22.037338 7.501097 0.000000 -0.000000 0.000000 -4.569976 11.014916 -2.160882 0.324474 3.933729 22.228070 -50.230789 19.546553 73.428693 -0.000131 98.972569 0.000110 5.992660 19.721288 4.071138 -2.464795 -1.573988 2.681844 2.219560 1.055075 -11.008750 -1.727853 0.144280 1.261642 -3.545851 -8.026029 -17.201584 0.000007 -0.000014 -0.000003 -9.108263 -0.517874 2.259825 10.404388 11.296159 -28.016119 0.000054 -0.005225 0.423755 0.015008 -0.384576 4.601526 -0.000001 0.000003 -0.000000 -9.532501 -0.000045 -0.000018 0.369702 -0.579231 -21.188205 0.042504 -0.572316 8.244173 0.291265 -1.662684 20.386431 0.000002 0.000013 0.000003 -9.103572 -0.043083 -1.865138 -1.639176 -14.838268 -8.081686 0.154653 -1.209371 14.698681 0.249675 -1.498519 18.576634 0.000003 -0.000002 0.000001 -8.076683 -0.486706 -3.806281 -11.455813 -21.203880 11.336053 1.291717 -3.284447 45.648931 0.986085 -3.025871 39.183764 0.000002 -0.000003 -0.000005 4.570447 11.014708 -2.160853 1.123592 2.905786 -22.831649 -50.660264 -28.725610 -70.670212 0.000492 -96.612739 0.000671 8.255505 -24.808687 4.956813 2.466140 -1.576220 2.681738 1.719974 1.296864 8.576798 -1.951806 0.417861 -2.403950 -10.281187 -8.232068 10.876278 0.000008 0.000007 -0.000007 9.109289 -0.518041 2.259873 5.176692 0.242018 26.263655 0.132434 1.244925 -12.125012 0.156632 1.340008 -13.270833 -0.000001 0.000001 -0.000003 9.533399 0.000034 0.000048 0.250581 0.891244 14.952239 0.106223 1.115350 -10.927791 0.564398 2.512033 -25.323029 -0.000003 0.000010 -0.000003 9.104529 -0.043026 -1.865072 0.244954 4.954481 -4.251153 0.208305 1.549163 -15.302369 0.645989 2.675471 -27.130237 0.000001 0.000002 -0.000006 8.077784 -0.486879 -3.806266 -9.320737 20.771527 -21.033704 2.972892 4.867401 -58.462642 2.926795 4.864831 -58.015955 0.000002 0.000001 -0.000000 -8.207778 -6.751678 -1.599564 -28.952164 -2.080492 -31.576436 78.109046 3.496044 -4.989285 -34.147124 -3.084835 10.047138 -0.312634 -0.000003 -0.000004 -0.000000 -0.000000 0.000000 8.207793 -6.751697 -1.599555 -30.155487 -3.161207 16.113453 65.576004 -7.611754 6.739500 -22.835511 2.091364 -22.085608 1.008224 -0.000001 -0.000001 -0.000000 0.000001 0.000000 
2.130780 80.772713 -5.188608 -15.351468 7.377197 7.279244 -0.000006 10.181579 0.131525 28.888200 -1.191437 2.245280 11.461548 -3.125201 -3.234308 11.342763 -3.556280 -3.133227 0.000001 16.740383 -2.049038 4.351517 0.161025 1.938146 0.000000 9.617900 1.685007 -25.706392 0.490297 2.103756 0.000002 22.037338 7.501094 -0.000004 -0.000000 -0.000000 -4.569972 11.014887 -2.160882 0.248455 2.880984 21.910910 -47.922445 21.139087 72.221225 -0.000131 93.114487 0.000108 7.702798 16.997931 2.959836 -2.464816 -1.573982 2.681855 2.255701 0.801107 -11.086619 -1.668466 0.180528 1.224783 -3.460712 -8.232912 -17.277759 -0.000000 -0.000003 0.000000 -9.108276 -0.517883 2.259840 10.323484 11.212762 -27.397644 0.000441 -0.046279 0.927672 0.018395 -0.424565 5.094245 -0.000001 -0.000001 0.000002 -9.532518 -0.000047 -0.000017 0.367082 -0.585397 -20.765573 0.048165 -0.612556 8.742889 0.305537 -1.700649 20.884818 -0.000000 0.000011 0.000002 -9.103597 -0.043075 -1.865124 -1.507858 -14.745047 -7.554672 0.163710 -1.243155 15.128177 0.261308 -1.532185 19.014029 -0.000001 0.000006 -0.000001 -8.076689 -0.486716 -3.806275 -11.395231 -21.131675 11.626075 1.301136 -3.294235 45.816001 0.995009 -3.037271 39.361803 -0.000001 0.000002 0.000004 4.570449 11.014710 -2.160857 1.023159 3.827720 -21.848066 -50.399822 -27.582686 -69.949770 0.000872 -94.130074 0.001148 9.084977 -22.915192 4.387735 2.466141 -1.576208 2.681743 1.775170 1.605146 8.677393 -1.890601 0.378276 -2.358917 -10.281673 -8.233246 10.876026 -0.000000 0.000003 -0.000007 9.109298 -0.518023 2.259883 5.159194 0.278294 25.934228 0.141393 1.285666 -12.532242 0.166351 1.380553 -13.677936 -0.000001 0.000005 -0.000000 9.533401 0.000031 0.000057 0.243754 0.918161 14.621895 0.114262 1.156249 -11.334645 0.582391 2.549667 -25.730793 -0.000002 0.000014 -0.000000 9.104537 -0.043026 -1.865059 0.259565 4.961353 -4.627690 0.218078 1.584411 -15.659476 0.662843 2.708049 -27.488890 -0.000001 0.000000 0.000005 8.077789 -0.486860 -3.806253 -9.333854 20.626843 -21.250127 2.980493 4.871680 -58.548122 2.934463 4.869228 -58.102555 0.000002 0.000000 -0.000007 -8.207787 -6.751676 -1.599559 -26.479173 -2.345462 -29.849607 77.624608 3.452253 -4.857237 -34.516873 -2.987126 9.654452 -0.313504 -0.000003 -0.000006 0.000000 -0.000000 -0.000001 8.207792 -6.751710 -1.599556 -27.609641 -1.547844 18.629320 64.833979 -7.553385 7.052826 -23.141910 0.945641 -21.743344 0.866564 -0.000004 0.000001 -0.000000 0.000001 0.000000 
1.650231 81.914734 -4.747180 -15.947448 6.029034 6.692042 -0.000005 10.181592 0.131525 27.482116 -1.301134 2.303760 12.496779 -3.452737 -2.393280 12.371803 -3.774800 -2.365195 0.000000 16.740391 -2.049025 4.736460 0.239223 1.557173 0.000001 9.617902 1.685029 -23.767288 1.198360 1.181309 0.000002 22.037369 7.501091 0.000001 -0.000000 0.000000 -4.569974 11.014903 -2.160884 0.192627 1.974518 21.117509 -44.179740 22.082662 70.466085 -0.001090 90.930493 0.001311 16.873596 11.959976 1.799134 -2.464802 -1.573974 2.681850 2.300410 0.474292 -11.187619 -1.588282 0.229138 1.175746 -3.352626 -8.496252 -17.374736 0.000003 -0.000007 0.000001 -9.108268 -0.517884 2.259829 10.224916 11.105935 -26.585367 0.001501 -0.099915 1.586163 0.023580 -0.479103 5.766731 0.000001 -0.000001 -0.000003 -9.532497 -0.000054 -0.000023 0.364375 -0.590773 -20.177675 0.056327 -0.666521 9.413102 0.325282 -1.751570 21.555778 0.000001 0.000006 0.000005 -9.103581 -0.043098 -1.865132 -1.336129 -14.619899 -6.851732 0.176469 -1.289073 15.713414 0.277514 -1.577823 19.609034 -0.000002 0.000001 -0.000000 -8.076672 -0.486708 -3.806277 -11.318365 -21.037845 12.001798 1.313535 -3.307045 46.035297 1.006643 -3.052006 39.592708 0.000001 0.000003 -0.000007 4.570451 11.014714 -2.160849 0.856847 3.432565 -21.860642 -48.894746 -25.937362 -67.555174 0.001220 -92.611655 0.001482 9.871170 -20.614254 3.437319 2.466145 -1.576208 2.681742 1.846788 2.007182 8.808178 -1.811098 0.327086 -2.301034 -10.282106 -8.234330 10.875771 0.000003 0.000009 -0.000007 9.109301 -0.518056 2.259873 5.133950 0.323438 25.428174 0.154963 1.344938 -13.125798 0.181010 1.439445 -14.270698 0.000001 -0.000006 -0.000004 9.533393 0.000024 0.000042 0.233015 0.961389 14.115084 0.126501 1.215747 -11.927630 0.609096 2.604245 -26.324867 0.000000 -0.000010 -0.000008 9.104527 -0.043030 -1.865072 0.281080 4.977605 -5.173494 0.232811 1.636034 -16.183867 0.687883 2.755588 -28.014386 -0.000005 -0.000003 0.000001 8.077791 -0.486876 -3.806272 -9.352918 20.439191 -21.531251 2.990405 4.877233 -58.659543 2.944421 4.874953 -58.215089 0.000001 0.000006 0.000009 -8.207787 -6.751660 -1.599563 -24.742664 -2.660433 -28.385848 75.660662 3.474352 -4.814189 -33.900503 -2.815940 9.291135 -0.313809 -0.000004 -0.000000 0.000000 -0.000001 -0.000001 8.207787 -6.751696 -1.599557 -26.068095 1.161378 21.258996 62.755573 -7.615325 6.514818 -22.245731 -1.265694 -19.921725 -0.692165 -0.000001 0.000002 0.000000 -0.000000 0.000000 
1.378242 83.669670 -4.479302 -15.348830 4.944932 6.189944 -0.000004 10.181595 0.131520 26.389201 -1.293361 2.899823 12.570088 -3.661378 -1.897957 12.422026 -3.966998 -1.931414 0.000001 16.740385 -2.049033 4.665147 0.082059 1.540379 0.000001 9.617869 1.685011 -21.692838 0.644154 1.057487 0.000002 22.037369 7.501093 -0.000000 -0.000000 0.000000 -4.569974 11.014907 -2.160884 0.108222 1.519894 21.086710 -38.940162 21.301483 68.075826 0.000003 92.508758 0.000144 28.086339 3.763507 5.277547 -2.464807 -1.573972 2.681842 2.353768 0.075885 -11.311778 -1.491685 0.287392 1.117408 -3.220452 -8.819886 -17.493037 0.000006 -0.000012 0.000002 -9.108281 -0.517874 2.259834 10.113337 10.978388 -25.601706 0.003663 -0.166382 2.402564 0.030879 -0.546513 6.599071 -0.000001 0.000003 -0.000005 -9.532503 -0.000041 -0.000027 0.360925 -0.596070 -19.437117 0.067288 -0.733216 10.242742 0.350529 -1.814207 22.385523 -0.000000 -0.000000 0.000006 -9.103589 -0.043075 -1.865138 -1.130092 -14.463545 -5.986624 0.193009 -1.346110 16.442886 0.298347 -1.634320 20.348773 0.000004 -0.000006 -0.000004 -8.076694 -0.486691 -3.806279 -11.227806 -20.923803 12.456670 1.328684 -3.322583 46.302160 1.020834 -3.069808 39.872701 -0.000000 -0.000003 -0.000006 4.570450 11.014702 -2.160850 0.562858 1.663398 -21.284107 -46.025978 -23.211372 -64.539298 0.001307 -91.974105 0.001661 11.037019 -18.090140 2.380884 2.466134 -1.576203 2.681721 1.932686 2.491843 8.966027 -1.712441 0.264036 -2.230438 -10.282487 -8.235292 10.875512 -0.000002 -0.000002 -0.000010 9.109288 -0.518048 2.259850 5.101624 0.378347 24.757732 0.173365 1.421061 -13.890546 0.200829 1.515292 -15.036165 -0.000001 -0.000001 0.000001 9.533396 0.000034 0.000030 0.219053 1.019750 13.444390 0.143207 1.292324 -12.692768 0.644358 2.674257 -27.091315 0.000000 -0.000000 0.000001 9.104532 -0.043023 -1.865091 0.309202 5.005228 -5.876055 0.252625 1.702702 -16.862865 0.720927 2.816740 -28.694270 -0.000001 -0.000003 0.000011 8.077806 -0.486879 -3.806283 -9.378978 20.212381 -21.871999 3.002454 4.883952 -58.794576 2.956566 4.881845 -58.351843 -0.000001 -0.000006 -0.000004 -8.207784 -6.751673 -1.599560 -23.794923 -3.099823 -27.176493 72.312340 3.591307 -4.717238 -32.344057 -2.643106 9.158787 -0.313740 0.000003 0.000000 0.000000 0.000000 0.000001 8.207793 -6.751697 -1.599561 -26.186284 4.006584 24.117806 59.918449 -7.648803 5.208738 -17.589221 -6.332606 -19.720196 -5.105729 -0.000002 0.000001 -0.000000 -0.000001 -0.000000 
1.355004 85.747147 -4.349585 -13.610100 4.352157 6.008123 -0.000006 10.181587 0.131522 25.310127 -1.394718 3.323791 11.884445 -4.102840 -1.444370 11.704159 -4.384506 -1.551946 0.000001 16.740427 -2.049033 4.235753 -0.226826 1.970868 -0.000000 9.617896 1.685029 -19.368787 -0.550260 1.866755 0.000005 22.037369 7.501096 -0.000004 -0.000000 -0.000001 -4.569974 11.014946 -2.160879 0.016908 1.241651 21.923837 -33.669482 20.564287 65.473278 -0.000079 94.820811 0.000062 38.306149 -4.379757 11.155268 -2.464808 -1.573978 2.681854 2.413962 -0.386450 -11.457329 -1.378360 0.355236 1.050167 -3.068257 -9.194578 -17.629224 0.000002 0.000004 0.000002 -9.108280 -0.517890 2.259835 9.993081 10.831912 -24.460608 0.007424 -0.244681 3.364770 0.040690 -0.625474 7.575963 -0.000000 -0.000005 -0.000002 -9.532499 -0.000062 -0.000026 0.356273 -0.601431 -18.556106 0.081418 -0.811417 11.218443 0.381370 -1.887405 23.361474 -0.000001 0.000003 0.000007 -9.103595 -0.043083 -1.865129 -0.896013 -14.276808 -4.972635 0.213482 -1.413200 17.304295 0.323811 -1.700526 21.220126 -0.000002 0.000002 -0.000004 -8.076680 -0.486704 -3.806275 -11.126240 -20.791041 12.983964 1.346410 -3.340539 46.612517 1.037370 -3.090343 40.197098 -0.000001 0.000008 -0.000006 4.570452 11.014728 -2.160855 0.347080 0.223590 -20.277956 -42.234181 -20.661305 -61.840772 0.001344 -91.838300 0.001552 12.719638 -15.379243 1.794562 2.466144 -1.576199 2.681730 2.032996 3.057835 9.149746 -1.599200 0.192132 -2.150483 -10.282816 -8.236159 10.875311 0.000000 0.000006 -0.000001 9.109307 -0.518043 2.259867 5.062579 0.440359 23.936574 0.196939 1.512672 -14.814272 0.226126 1.606502 -15.960388 0.000002 -0.000005 0.000001 9.533399 0.000024 0.000044 0.202602 1.092093 12.622662 0.164724 1.384448 -13.616339 0.688200 2.758097 -28.016335 -0.000001 0.000002 -0.000002 9.104532 -0.043024 -1.865073 0.343480 5.042750 -6.723134 0.277582 1.782923 -17.683768 0.761889 2.890201 -29.516587 0.000001 0.000000 0.000003 8.077813 -0.486865 -3.806268 -9.413264 19.950339 -22.267113 3.016434 4.891670 -58.951171 2.970678 4.889846 -58.510843 0.000001 0.000000 0.000003 -8.207787 -6.751672 -1.599562 -23.596963 -3.443712 -26.370732 67.994663 3.516739 -4.608319 -30.134457 -2.552383 9.502835 -0.313452 -0.000007 -0.000000 -0.000000 -0.000001 -0.000001 8.207794 -6.751688 -1.599559 -27.422183 6.098907 26.042669 56.811697 -7.713627 3.671055 -11.956410 -10.885926 -20.195618 -8.159028 -0.000001 -0.000001 0.000000 -0.000001 -0.000000 
1.749477 87.863266 -4.294697 -11.219939 3.990821 5.800636 -0.000005 10.181586 0.131525 24.220983 -1.676124 3.433519 10.941816 -4.979076 -0.486787 10.747474 -5.199265 -0.666492 0.000000 16.740364 -2.049030 3.322352 -0.492053 2.554161 -0.000002 9.617882 1.685007 -16.266907 -1.029673 2.543221 0.000000 22.037354 7.501095 0.000000 -0.000000 0.000000 -4.569976 11.014894 -2.160885 -0.020495 0.709063 22.541895 -29.323358 21.729082 62.762403 -0.000051 96.046298 0.000026 46.660202 -9.306695 16.267813 -2.464805 -1.573971 2.681855 2.479838 -0.908055 -11.623327 -1.250370 0.431179 0.975608 -2.896973 -9.618774 -17.782111 0.000006 -0.000010 0.000002 -9.108275 -0.517874 2.259837 9.868589 10.668923 -23.174895 0.013292 -0.333411 4.456421 0.053492 -0.715108 8.687161 0.000001 0.000001 0.000001 -9.532491 -0.000041 -0.000021 0.350049 -0.606792 -17.546985 0.099094 -0.899978 12.327182 0.417918 -1.969950 24.470582 -0.000001 -0.000000 -0.000001 -9.103582 -0.043078 -1.865129 -0.640517 -14.060446 -3.823547 0.238050 -1.489289 18.286170 0.353956 -1.775225 22.209730 0.000003 -0.000004 0.000013 -8.076681 -0.486697 -3.806279 -11.016388 -20.641038 13.576991 1.366437 -3.360665 46.961813 1.056143 -3.113349 40.561942 0.000000 0.000010 -0.000018 4.570447 11.014720 -2.160854 0.231075 -0.558472 -20.110565 -37.922750 -18.337639 -59.023332 0.001632 -92.491867 0.001937 14.832323 -12.268003 1.673446 2.466141 -1.576214 2.681732 2.144346 3.694453 9.355559 -1.469994 0.110886 -2.061106 -10.283109 -8.236905 10.875032 -0.000001 -0.000000 -0.000005 9.109291 -0.518036 2.259863 5.018344 0.510568 22.976867 0.226013 1.618150 -15.882568 0.257171 1.711373 -17.028541 -0.000000 0.000004 0.000001 9.533404 0.000031 0.000044 0.184051 1.179212 11.662983 0.191448 1.490529 -14.684584 0.740572 2.854211 -29.086531 -0.000003 0.000001 0.000002 9.104520 -0.043025 -1.865076 0.383432 5.089257 -7.701948 0.307969 1.875489 -18.635225 0.810598 2.974432 -30.468313 0.000001 0.000002 0.000004 8.077785 -0.486871 -3.806273 -9.457025 19.657068 -22.710961 3.032169 4.900364 -59.127233 2.986596 4.898749 -58.689801 0.000004 0.000005 -0.000004 -8.207782 -6.751674 -1.599564 -23.653324 -3.529098 -25.575051 62.993482 3.158833 -4.565224 -27.476275 -2.543028 10.375916 -0.313120 -0.000002 -0.000001 -0.000000 0.000001 -0.000000 8.207789 -6.751690 -1.599556 -28.288593 7.312062 26.289514 52.922679 -7.867244 3.000069 -8.989147 -9.207856 -20.139248 -4.859554 -0.000003 -0.000004 -0.000000 0.000000 -0.000000 
2.573756 89.905823 -4.274545 -8.431787 3.092633 4.858104 -0.000005 10.181593 0.131524 23.358002 -1.924572 4.060050 9.838596 -5.829281 0.557688 9.621505 -6.040990 0.331700 -0.000002 16.740368 -2.049035 2.186443 -0.649360 3.388843 0.000003 9.617909 1.685013 -12.715015 -0.239529 2.848943 0.000000 22.037354 7.501105 0.000004 -0.000000 0.000000 -4.569973 11.014889 -2.160884 -0.036963 0.215911 23.119637 -25.706120 23.202660 60.249911 0.000063 97.343842 -0.000128 51.702169 -10.455120 20.530872 -2.464808 -1.573979 2.681851 2.549826 -1.482090 -11.808185 -1.108173 0.514776 0.894562 -2.709726 -10.085599 -17.949093 0.000007 -0.000013 0.000004 -9.108274 -0.517884 2.259840 9.744185 10.491955 -21.759234 0.021766 -0.431586 5.665884 0.069704 -0.814107 9.918711 -0.000000 0.000000 0.000001 -9.532507 -0.000052 -0.000023 0.341815 -0.612185 -16.422106 0.120669 -0.997738 13.556220 0.460277 -2.060537 25.699555 -0.000002 -0.000004 0.000003 -9.103592 -0.043097 -1.865125 -0.370072 -13.815547 -2.552439 0.266813 -1.573152 19.375520 0.388827 -1.857309 23.305160 0.000004 -0.000002 -0.000001 -8.076695 -0.486708 -3.806271 -10.900936 -20.475386 14.229266 1.388614 -3.382612 47.345485 1.076913 -3.138500 40.963281 0.000002 -0.000005 0.000002 4.570446 11.014704 -2.160857 0.193271 -0.623454 -19.320327 -33.515800 -15.193119 -57.994289 0.001058 -93.525732 0.001223 17.873401 -9.450210 1.620393 2.466139 -1.576200 2.681730 2.264340 4.393130 9.580466 -1.325694 0.021105 -1.963599 -10.283368 -8.237562 10.874786 0.000004 0.000009 -0.000007 9.109299 -0.518042 2.259861 4.970542 0.588595 21.891977 0.261014 1.735861 -17.082020 0.294401 1.828477 -18.228861 0.000001 -0.000004 -0.000002 9.533400 0.000033 0.000038 0.164442 1.279022 10.578308 0.223810 1.609031 -15.884370 0.801501 2.960888 -30.288163 0.000001 -0.000001 0.000005 9.104533 -0.043033 -1.865081 0.428808 5.144340 -8.800410 0.343926 1.978829 -19.704141 0.866954 3.068089 -31.537517 0.000001 0.000006 0.000004 8.077801 -0.486869 -3.806277 -9.511498 19.336421 -23.198613 3.049509 4.909805 -59.320739 3.004183 4.908562 -58.887029 -0.000001 0.000004 0.000008 -8.207785 -6.751652 -1.599560 -23.748571 -3.318437 -24.086126 57.291572 2.985385 -4.504234 -24.354832 -2.538362 11.603638 -0.312932 -0.000002 -0.000003 -0.000000 0.000000 0.000000 8.207795 -6.751700 -1.599556 -28.478911 8.245867 25.912711 48.737778 -8.258753 3.452511 -12.092111 -2.189629 -15.967203 1.160575 -0.000002 0.000000 0.000000 0.000001 -0.000000 
3.578051 91.592514 -4.201141 -4.928284 1.064021 3.221524 -0.000007 10.181576 0.131523 22.079278 -2.033824 4.908403 8.955309 -6.258836 1.738667 8.714658 -6.494542 1.460568 0.000002 16.740406 -2.049029 0.662279 -0.675942 4.358160 0.000001 9.617863 1.685017 -9.463593 1.568156 3.408357 0.000004 22.037354 7.501092 -0.000002 0.000001 -0.000000 -4.569971 11.014915 -2.160875 0.002394 -0.403050 23.951175 -23.289366 24.058870 58.341263 -0.000043 100.022697 0.000071 52.107141 -9.770485 23.701696 -2.464816 -1.573966 2.681845 2.622405 -2.102293 -12.010699 -0.952811 0.605243 0.808099 -2.508325 -10.591180 -18.128181 -0.000002 -0.000010 0.000007 -9.108281 -0.517877 2.259829 9.623936 10.303764 -20.228199 0.033320 -0.538052 6.980634 0.089743 -0.921337 11.258430 0.000001 0.000002 0.000003 -9.532501 -0.000043 -0.000029 0.331200 -0.617597 -15.193899 0.146510 -1.103470 14.892582 0.508539 -2.157952 27.035682 0.000000 -0.000003 0.000007 -9.103582 -0.043076 -1.865133 -0.091238 -13.543242 -1.173106 0.299925 -1.663843 20.561169 0.428371 -1.945412 24.491955 0.000002 0.000002 -0.000001 -8.076686 -0.486702 -3.806279 -10.782532 -20.295680 14.933982 1.412687 -3.406129 47.759326 1.099568 -3.165485 41.396704 0.000003 -0.000001 -0.000008 4.570448 11.014741 -2.160849 0.214482 0.087818 -17.692239 -29.273733 -11.752073 -59.176718 0.000591 -95.000070 0.000771 21.748547 -6.867956 1.490298 2.466139 -1.576202 2.681733 2.391593 5.149023 9.822295 -1.168374 -0.075769 -1.859820 -10.283525 -8.238115 10.874545 -0.000003 0.000005 -0.000005 9.109301 -0.518061 2.259871 4.919885 0.674499 20.694788 0.302270 1.864285 -18.399616 0.338060 1.956042 -19.545732 0.000000 0.000003 -0.000000 9.533396 0.000032 0.000043 0.144639 1.390659 9.381027 0.262180 1.738277 -17.201044 0.870954 3.076518 -31.607715 -0.000003 -0.000008 0.000001 9.104527 -0.043032 -1.865071 0.479124 5.206215 -10.005641 0.385680 2.091619 -20.879108 0.930884 3.169707 -32.712139 0.000002 -0.000003 0.000001 8.077793 -0.486865 -3.806256 -9.577681 18.992477 -23.724886 3.068232 4.919956 -59.529531 3.023242 4.919119 -59.100493 0.000000 -0.000003 0.000004 -8.207786 -6.751660 -1.599562 -24.707941 -2.596700 -21.893622 51.593234 3.442315 -4.280393 -21.130310 -2.439578 12.717444 -0.313059 0.000000 -0.000008 0.000000 -0.000001 -0.000001 8.207790 -6.751713 -1.599559 -28.815581 9.066747 26.404000 44.580815 -8.406879 4.020556 -16.358645 2.089701 -12.229936 1.179899 0.000003 0.000003 0.000000 -0.000001 -0.000001 
4.599355 92.658203 -4.099214 -0.838468 -1.831729 1.344928 -0.000007 10.181582 0.131523 19.904136 -2.188202 5.288950 8.588174 -6.430247 3.427302 8.368187 -6.690486 3.075836 -0.000001 16.740387 -2.049033 -1.335862 -0.506244 5.316505 -0.000000 9.617886 1.685017 -6.718906 4.384761 4.218225 0.000008 22.037369 7.501098 0.000000 -0.000001 -0.000002 -4.569974 11.014888 -2.160879 0.234970 -1.656627 25.260961 -23.095993 25.571289 57.767800 -0.000053 102.850874 0.000090 48.741302 -8.485794 25.402309 -2.464804 -1.573974 2.681858 2.696672 -2.764402 -12.229931 -0.786300 0.701120 0.717756 -2.294971 -11.131350 -18.318118 -0.000004 0.000000 0.000005 -9.108269 -0.517889 2.259840 9.511506 10.107316 -18.595975 0.048403 -0.651736 8.388325 0.113973 -1.035609 12.692528 0.000002 0.000000 -0.000000 -9.532485 -0.000044 -0.000016 0.317795 -0.623161 -13.874587 0.176916 -1.215913 16.323283 0.562668 -2.260949 28.465691 -0.000003 0.000006 0.000006 -9.103583 -0.043081 -1.865121 0.189767 -13.245298 0.301430 0.337428 -1.760054 21.829896 0.472521 -2.038471 25.757765 0.000000 0.000006 0.000005 -8.076675 -0.486711 -3.806276 -10.663699 -20.103607 15.684667 1.438444 -3.430892 48.198780 1.123886 -3.194005 41.857984 -0.000004 0.000005 -0.000008 4.570449 11.014735 -2.160858 0.276983 1.683889 -16.680971 -25.172585 -9.399059 -60.580233 0.000416 -96.666124 0.000566 25.767695 -4.073408 1.383195 2.466135 -1.576211 2.681740 2.524815 5.954965 10.078629 -0.999312 -0.178643 -1.751111 -10.283663 -8.238584 10.874267 0.000004 0.000004 -0.000003 9.109294 -0.518050 2.259875 4.867647 0.767736 19.397698 0.350089 2.001638 -19.820451 0.388420 2.092508 -20.967076 0.000001 -0.000003 0.000006 9.533405 0.000025 0.000045 0.125457 1.512813 8.084427 0.306919 1.876689 -18.621978 0.948837 3.199400 -33.031136 0.000000 0.000007 -0.000008 9.104531 -0.043036 -1.865064 0.534061 5.274261 -11.305692 0.433289 2.212304 -22.146933 1.002203 3.277901 -33.979928 -0.000000 0.000008 -0.000000 8.077784 -0.486866 -3.806263 -9.656532 18.629133 -24.284514 3.088203 4.930676 -59.751683 3.043586 4.930280 -59.327904 -0.000003 0.000005 0.000007 -8.207784 -6.751678 -1.599565 -26.997865 -1.526895 -19.380098 46.871924 4.462113 -3.876610 -18.306476 -2.243803 13.333748 -0.313633 0.000002 -0.000000 0.000000 0.000000 0.000000 8.207788 -6.751712 -1.599556 -29.887450 9.662144 27.795561 41.568470 -8.869112 3.993622 -19.230749 2.455765 -11.958547 1.199344 -0.000000 0.000003 0.000000 0.000001 -0.000001 
5.602292 92.925095 -4.002862 3.308126 -4.811992 -0.471485 -0.000006 10.181601 0.131521 17.301591 -2.355372 5.656496 8.222872 -6.408547 5.046548 8.008439 -6.731865 4.649417 0.000002 16.740393 -2.049034 -3.114030 -0.276930 6.428836 0.000003 9.617857 1.685001 -4.877132 7.610937 4.808917 -0.000006 22.037323 7.501098 0.000003 -0.000004 -0.000001 -4.569964 11.014915 -2.160883 0.728339 -3.670448 27.511971 -24.137737 28.032539 57.843144 0.000054 104.923781 -0.000063 43.439945 -5.941888 25.528476 -2.464806 -1.573988 2.681858 2.770799 -3.460416 -12.464257 -0.608680 0.802197 0.624016 -2.072041 -11.700221 -18.516119 -0.000000 -0.000004 0.000000 -9.108284 -0.517885 2.259838 9.410074 9.905733 -16.875698 0.067344 -0.771285 9.874225 0.142683 -1.155696 14.208802 -0.000004 -0.000001 -0.000000 -9.532509 -0.000045 -0.000017 0.301297 -0.628958 -12.476545 0.212093 -1.333951 17.835475 0.622665 -2.368243 29.976788 -0.000003 0.000010 0.000001 -9.103592 -0.043074 -1.865123 0.466894 -12.923810 1.857384 0.379376 -1.860806 23.170614 0.521160 -2.135203 27.088383 -0.000002 -0.000002 0.000002 -8.076675 -0.486720 -3.806281 -10.546773 -19.900890 16.474676 1.465637 -3.456645 48.659603 1.149717 -3.223816 42.343160 0.000002 0.000001 -0.000002 4.570445 11.014718 -2.160851 0.371489 3.825990 -16.310178 -20.768853 -8.001532 -61.000836 0.000424 -97.860007 0.000601 31.144225 -2.746270 -0.367869 2.466144 -1.576191 2.681735 2.662325 6.802561 10.346970 -0.819339 -0.286760 -1.638562 -10.283727 -8.238915 10.874018 -0.000003 0.000006 -0.000005 9.109303 -0.518059 2.259875 4.814953 0.867804 18.014219 0.404667 2.146398 -21.332001 0.445690 2.236198 -22.478655 0.000002 0.000002 -0.000002 9.533403 0.000033 0.000050 0.107706 1.644725 6.701298 0.358237 2.022616 -20.132903 1.035057 3.327938 -34.545673 0.000001 0.000003 0.000003 9.104532 -0.043016 -1.865070 0.593256 5.347475 -12.687725 0.486892 2.339521 -23.496047 1.080651 3.391163 -35.328371 -0.000000 0.000003 0.000000 8.077802 -0.486852 -3.806262 -9.748661 18.250397 -24.872499 3.109263 4.941868 -59.985194 3.065074 4.941936 -59.567705 -0.000002 0.000002 0.000001 -8.207787 -6.751660 -1.599565 -30.363995 -0.484020 -16.971487 43.909288 5.590299 -3.284322 -16.312172 -2.076116 13.645492 -0.315113 0.000003 -0.000003 -0.000000 0.000000 -0.000000 8.207796 -6.751686 -1.599558 -31.883063 10.050412 29.543792 40.028337 -9.187763 3.455473 -20.669049 1.891965 -12.979174 1.218931 0.000004 0.000004 0.000001 0.000000 -0.000001 
6.567121 92.427620 -3.948708 6.864569 -7.132466 -2.068113 -0.000004 10.181586 0.131523 15.172555 -2.353793 6.447909 7.430210 -6.155809 6.111091 7.191034 -6.552458 5.711154 -0.000002 16.740385 -2.049028 -4.129446 -0.167209 7.688277 0.000001 9.617860 1.685012 -5.342840 10.039637 5.269305 0.000001 22.037369 7.501091 -0.000000 -0.000002 0.000002 -4.569973 11.014905 -2.160880 1.347280 -5.456457 30.658458 -25.203198 29.671462 57.267584 -0.000034 106.844847 0.000026 37.690025 -1.179637 24.488708 -2.464803 -1.573978 2.681845 2.843966 -4.186646 -12.713162 -0.422576 0.906822 0.528598 -1.840847 -12.294899 -18.720848 0.000003 -0.000004 0.000002 -9.108285 -0.517891 2.259829 9.322307 9.702262 -15.082900 0.090454 -0.895698 11.428137 0.176097 -1.280383 15.793942 -0.000003 0.000002 -0.000003 -9.532506 -0.000039 -0.000024 0.281462 -0.635177 -11.012075 0.252150 -1.456252 19.416145 0.688356 -2.478663 31.556147 -0.000000 0.000000 0.000005 -9.103591 -0.043077 -1.865131 0.734759 -12.581226 3.481684 0.425671 -1.964902 24.570716 0.574044 -2.234499 28.470978 -0.000000 -0.000005 0.000001 -8.076685 -0.486712 -3.806282 -10.433945 -19.689412 17.297488 1.494095 -3.483131 49.137429 1.176894 -3.254604 42.848184 -0.000002 -0.000003 -0.000011 4.570448 11.014699 -2.160851 0.415581 5.318003 -15.188633 -16.385564 -7.113747 -61.259960 0.000441 -98.665709 0.000558 32.153505 -3.129628 -3.276151 2.466132 -1.576196 2.681730 2.802880 7.685090 10.624887 -0.629992 -0.398986 -1.523591 -10.283749 -8.239192 10.873719 0.000003 0.000008 -0.000005 9.109297 -0.518040 2.259870 4.762591 0.975338 16.557149 0.466108 2.296893 -22.920447 0.509953 2.385503 -24.067205 0.000002 0.000003 -0.000004 9.533406 0.000025 0.000040 0.092122 1.785196 5.244758 0.416269 2.174396 -21.720949 1.129225 3.460510 -36.137110 -0.000002 -0.000002 -0.000003 9.104535 -0.043032 -1.865077 0.656345 5.425011 -14.139488 0.546424 2.471809 -24.914040 1.165937 3.508163 -36.745540 -0.000001 0.000006 0.000000 8.077803 -0.486868 -3.806275 -9.854472 17.860127 -25.483656 3.131189 4.953411 -60.228041 3.087552 4.954001 -59.817615 0.000002 0.000001 0.000003 -8.207786 -6.751671 -1.599561 -34.119032 0.079158 -15.302660 42.878626 6.624968 -2.432626 -15.247525 -2.045202 14.173377 -0.319446 -0.000003 -0.000002 -0.000000 0.000000 -0.000000 8.207790 -6.751701 -1.599558 -34.651865 9.645470 31.202613 39.895043 -9.410173 3.307143 -19.100542 2.566199 -16.578486 1.238614 0.000001 0.000000 0.000000 0.000001 -0.000000 
7.571670 90.995880 -4.091205 9.000980 -8.556339 -3.611155 -0.000007 10.181592 0.131516 14.683783 -2.144462 7.293767 6.502261 -5.908376 6.689479 6.242277 -6.321079 6.335957 0.000001 16.740366 -2.049041 -4.922894 -0.154304 8.940084 -0.000001 9.617889 1.685017 -8.507063 11.422049 6.463761 -0.000003 22.037354 7.501097 0.000001 -0.000000 -0.000001 -4.569970 11.014906 -2.160882 1.805531 -5.701861 34.011091 -26.679308 29.880459 55.752662 -0.000070 109.188019 0.000057 32.280406 4.029214 22.563492 -2.464805 -1.573995 2.681838 2.914713 -4.936025 -12.975280 -0.228552 1.014523 0.432099 -1.603743 -12.909822 -18.930277 0.000002 0.000002 0.000004 -9.108280 -0.517873 2.259830 9.250200 9.500166 -13.231349 0.117940 -1.023799 13.036640 0.214295 -1.408415 17.434796 -0.000000 -0.000004 0.000000 -9.532501 -0.000067 -0.000034 0.258137 -0.641984 -9.493566 0.297169 -1.581621 21.052407 0.759504 -2.590957 33.190877 -0.000002 -0.000000 0.000010 -9.103575 -0.043092 -1.865135 0.988436 -12.220487 5.161036 0.476212 -2.071301 26.018067 0.630913 -2.335213 29.892572 0.000001 -0.000004 -0.000006 -8.076684 -0.486727 -3.806292 -10.327039 -19.470921 18.146470 1.523487 -3.510073 49.628247 1.205180 -3.286135 43.369003 0.000000 0.000001 -0.000005 4.570448 11.014718 -2.160858 0.373341 5.721322 -12.473985 -12.496776 -5.039278 -62.561507 0.000330 -100.930320 0.000445 29.188547 -2.762710 -7.819572 2.466142 -1.576224 2.681731 2.945070 8.595476 10.910321 -0.432629 -0.514500 -1.407332 -10.283723 -8.239324 10.873432 0.000001 0.000002 -0.000006 9.109291 -0.518033 2.259871 4.711863 1.089241 15.038950 0.534364 2.451410 -24.571609 0.581097 2.538739 -25.718707 0.000001 0.000005 -0.000002 9.533399 0.000032 0.000048 0.079404 1.932968 3.727300 0.481072 2.330445 -23.372001 1.231013 3.595417 -37.791447 -0.000001 -0.000003 -0.000000 9.104531 -0.043029 -1.865071 0.723022 5.506160 -15.648477 0.611792 2.607745 -26.388521 1.257664 3.627511 -38.219088 0.000001 0.000004 0.000002 8.077806 -0.486872 -3.806261 -9.974015 17.462238 -26.113063 3.153828 4.965206 -60.478238 3.110844 4.966368 -60.076056 -0.000003 0.000000 -0.000004 -8.207788 -6.751673 -1.599570 -37.779108 0.450863 -14.356562 44.639559 7.405616 -1.625473 -15.524060 -2.199313 14.898150 -0.324942 0.000002 0.000000 0.000000 -0.000001 -0.000000 8.207788 -6.751706 -1.599559 -38.390817 7.817907 32.795642 43.524421 -9.357332 4.072390 -18.240259 3.880379 -19.808795 1.258408 0.000004 0.000008 0.000000 0.000001 0.000000 
8.544872 88.714485 -4.582393 9.043564 -9.380624 -5.292884 -0.000004 10.181581 0.131525 16.584232 -1.629638 7.504016 6.017392 -5.513813 7.205549 5.785118 -5.858457 6.953745 -0.000002 16.740395 -2.049028 -6.246729 -0.243089 9.693363 0.000001 9.617877 1.685020 -12.873645 11.584195 8.544819 0.000003 22.037354 7.501099 -0.000003 -0.000000 0.000002 -4.569964 11.014902 -2.160872 1.990398 -4.742966 36.190813 -29.407400 29.675423 54.080813 -0.000010 111.926337 0.000006 28.827725 7.406760 19.391394 -2.464803 -1.573975 2.681853 2.981821 -5.702449 -13.249520 0.054568 0.611488 0.273407 -1.362971 -13.539749 -19.142613 0.000003 -0.000002 0.000007 -9.108275 -0.517862 2.259835 9.195456 9.302670 -11.334868 0.149839 -1.154308 14.686462 0.257300 -1.538628 19.119178 0.000002 -0.000004 -0.000004 -9.532505 -0.000050 -0.000017 0.231246 -0.649504 -7.933301 0.347059 -1.708864 22.731423 0.835810 -2.704004 34.868252 0.000002 0.000003 0.000000 -9.103594 -0.043094 -1.865123 1.223650 -11.844824 6.882289 0.530733 -2.178918 27.500758 0.691379 -2.436263 31.340279 0.000001 -0.000001 -0.000003 -8.076677 -0.486722 -3.806280 -10.227744 -19.247418 19.015173 1.553701 -3.537272 50.127909 1.234444 -3.318046 43.901741 0.000001 0.000000 -0.000005 4.570447 11.014713 -2.160852 0.445373 5.225512 -9.984662 -10.306828 -1.575390 -64.196306 0.000189 -105.175283 0.000309 26.433184 -1.607618 -12.821010 2.466128 -1.576206 2.681736 3.087525 9.525985 11.200724 -0.228494 -0.632230 -1.290830 -10.283632 -8.239396 10.873135 0.000001 0.000005 -0.000005 9.109293 -0.518036 2.259871 4.664916 1.207473 13.472732 0.609302 2.608432 -26.272297 0.658969 2.694330 -27.419827 -0.000000 0.000010 -0.000002 9.533386 0.000038 0.000044 0.070134 2.086931 2.161832 0.552457 2.489048 -25.072117 1.339885 3.731254 -39.495992 -0.000002 0.000016 0.000006 9.104527 -0.043027 -1.865074 0.793008 5.590342 -17.202052 0.682769 2.745963 -27.907622 1.355321 3.747892 -39.736719 0.000001 -0.000001 -0.000006 8.077787 -0.486869 -3.806271 -10.107109 17.060426 -26.755777 3.177029 4.977159 -60.733974 3.134722 4.978950 -60.340541 0.000000 0.000006 0.000007 -8.207783 -6.751675 -1.599562 -40.700114 1.128909 -13.563181 49.136504 7.896103 -1.247009 -17.094556 -2.505033 15.511061 -0.330267 -0.000000 0.000003 -0.000000 0.000001 -0.000000 8.207788 -6.751703 -1.599550 -42.349475 5.335305 34.848646 50.802011 -9.295694 4.872773 -20.318855 4.296130 -19.741205 1.278336 -0.000002 -0.000002 0.000000 -0.000000 0.000000 
9.396576 85.992584 -5.225760 6.937442 -10.037882 -6.886631 -0.000007 10.181599 0.131524 20.545989 -0.808273 6.972861 6.077382 -4.746380 7.546524 5.903194 -4.952817 7.424499 0.000005 16.740408 -2.049028 -7.696561 -0.452586 9.768274 -0.000010 9.617874 1.685015 -16.371552 10.428136 10.629902 0.000007 22.037338 7.501094 -0.000002 -0.000000 0.000001 -4.569972 11.014902 -2.160876 1.923200 -3.302806 36.632009 -32.850273 29.246491 52.376769 -0.000041 115.132455 0.000065 27.591440 7.943331 15.974566 -2.464798 -1.573973 2.681849 3.044290 -6.480664 -13.535022 0.382348 -0.058831 0.084312 -1.120009 -14.180951 -19.356428 0.000008 -0.000005 0.000002 -9.108283 -0.517865 2.259838 9.157781 9.112667 -9.407722 0.186143 -1.286128 16.365523 0.304977 -1.669759 20.833026 0.000001 0.000002 0.000002 -9.532516 -0.000072 -0.000026 0.200805 -0.658027 -6.343560 0.401643 -1.836764 24.440174 0.916855 -2.816736 36.575502 -0.000003 -0.000008 -0.000005 -9.103586 -0.043087 -1.865131 1.436937 -11.457861 8.632565 0.588909 -2.286705 29.006205 0.755010 -2.536741 32.802530 0.000001 0.000003 0.000004 -8.076680 -0.486732 -3.806290 -10.137343 -19.020820 19.896987 1.584402 -3.564420 50.632377 1.264410 -3.350220 44.442576 -0.000001 0.000005 -0.000011 4.570452 11.014728 -2.160851 0.647718 4.515191 -9.129945 -10.003487 1.803528 -64.525548 0.000119 -110.989140 0.000228 26.777362 -0.426287 -16.536175 2.466143 -1.576204 2.681736 3.229008 10.469044 11.493825 -0.019167 -0.751243 -1.175141 -10.283504 -8.239334 10.872801 0.000001 0.000011 -0.000008 9.109303 -0.518044 2.259868 4.622308 1.328844 11.871399 0.690599 2.766358 -28.008997 0.743189 2.850665 -29.156466 0.000002 -0.000001 -0.000000 9.533413 0.000036 0.000035 0.064822 2.247878 0.561583 0.630173 2.648734 -26.808341 1.455170 3.866492 -41.236266 -0.000002 -0.000006 0.000002 9.104535 -0.043026 -1.865078 0.865845 5.676521 -18.787962 0.758972 2.885058 -29.458838 1.458239 3.868087 -41.286376 -0.000001 -0.000001 -0.000005 8.077787 -0.486870 -3.806265 -10.253057 16.658365 -27.406966 3.200612 4.989155 -60.993261 3.159071 4.991567 -60.609480 0.000002 -0.000003 0.000000 -8.207789 -6.751672 -1.599569 -42.230698 1.842572 -13.209153 54.837451 8.797956 -1.097784 -19.226530 -2.755054 15.955380 -0.335449 -0.000006 -0.000001 -0.000000 0.000001 -0.000000 8.207790 -6.751698 -1.599557 -44.516554 3.276331 37.162530 58.412167 -9.190787 5.334876 -22.825008 3.599012 -19.436087 1.242607 -0.000007 0.000005 -0.000000 -0.000000 -0.000000 
10.157334 83.180450 -5.620661 3.673287 -10.801665 -8.229610 -0.000007 10.181591 0.131519 24.705981 -0.040329 6.124394 6.727320 -3.650306 7.377282 6.595808 -3.755480 7.324717 -0.000001 16.740379 -2.049032 -8.111953 -0.698049 9.575071 0.000001 9.617887 1.685016 -18.086416 8.607608 12.048150 -0.000003 22.037338 7.501090 -0.000003 0.000000 0.000003 -4.569963 11.014900 -2.160881 1.490290 -1.154051 36.621545 -36.216118 27.792936 50.275424 -0.000012 118.825197 0.000025 27.824818 5.879133 13.821916 -2.464810 -1.573991 2.681847 3.100976 -7.264535 -13.830812 0.710636 -0.735575 -0.102614 -0.876639 -14.828508 -19.569868 0.000005 -0.000007 0.000002 -9.108285 -0.517893 2.259830 9.138263 8.933085 -7.464033 0.226692 -1.418044 18.060586 0.357086 -1.800684 22.564452 -0.000001 -0.000001 0.000003 -9.532504 -0.000065 -0.000024 0.166987 -0.667630 -4.736702 0.460621 -1.964255 26.165874 1.002071 -2.928043 38.299842 -0.000001 -0.000005 0.000009 -9.103605 -0.043073 -1.865127 1.625535 -11.063584 10.398579 0.650371 -2.393695 30.523098 0.821297 -2.635703 34.267274 -0.000002 0.000000 0.000001 -8.076679 -0.486714 -3.806279 -10.056935 -18.793054 20.785562 1.615426 -3.591364 51.137660 1.294934 -3.382329 44.987509 -0.000000 0.000005 -0.000008 4.570450 11.014731 -2.160863 0.735012 4.462443 -9.210912 -10.729067 3.259898 -63.474505 0.000117 -117.088594 0.000214 28.948186 1.230756 -17.302706 2.466141 -1.576192 2.681739 3.368513 11.417764 11.787464 0.239350 -0.613135 -1.027016 -10.283289 -8.239217 10.872464 -0.000001 -0.000003 0.000004 9.109310 -0.518032 2.259874 4.583760 1.452024 10.247644 0.777719 2.923624 -29.767474 0.833281 3.006327 -30.915519 0.000001 0.000002 0.000001 9.533408 0.000032 0.000051 0.063950 2.412489 -1.060874 0.713757 2.807936 -28.566506 1.576032 3.999864 -42.999091 -0.000002 0.000004 -0.000003 9.104539 -0.043035 -1.865072 0.941111 5.763930 -20.393553 0.839988 3.023757 -31.029840 1.565790 3.986917 -42.856012 -0.000001 -0.000000 0.000000 8.077797 -0.486889 -3.806265 -10.410996 16.259513 -28.061434 3.224423 5.001146 -61.254434 3.183647 5.004198 -60.880386 0.000000 0.000002 -0.000001 -8.207786 -6.751666 -1.599563 -42.654760 2.603165 -13.370157 60.550433 8.832968 -1.056727 -21.487782 -1.533823 16.582729 -0.340015 -0.000003 -0.000000 -0.000000 0.000002 -0.000000 8.207788 -6.751702 -1.599565 -44.755416 1.867495 39.471793 65.239686 -9.072405 5.652366 -25.750833 2.895504 -20.154942 1.297343 -0.000004 0.000001 -0.000000 0.000000 -0.000000 
10.744691 80.772842 -5.610567 0.089896 -11.644966 -8.962692 -0.000006 10.181595 0.131525 28.115955 0.502936 4.973799 8.027349 -2.116086 6.458197 7.939923 -2.237765 6.384690 -0.000002 16.740372 -2.049037 -7.223024 -0.940947 9.465748 0.000006 9.617887 1.685006 -18.220460 6.619063 13.153123 -0.000002 22.037354 7.501096 0.000000 -0.000000 0.000001 -4.569970 11.014896 -2.160889 0.648146 1.603078 36.760553 -38.627790 24.791809 47.642670 -0.000020 123.526580 0.000012 30.401490 1.997952 10.834099 -2.464811 -1.573963 2.681845 3.150827 -8.047973 -14.135836 1.037401 -1.414427 -0.286206 -0.635055 -15.476942 -19.781527 0.000004 0.000005 0.000010 -9.108295 -0.517880 2.259832 9.135977 8.766357 -5.518135 0.271255 -1.549012 19.759773 0.413255 -1.930246 24.299619 0.000001 -0.000001 0.000004 -9.532513 -0.000052 -0.000024 0.130010 -0.678583 -3.124974 0.523534 -2.090147 27.895521 1.090825 -3.037002 40.028587 0.000001 -0.000006 0.000010 -9.103598 -0.043072 -1.865131 1.787551 -10.665971 12.167565 0.714614 -2.498948 32.039164 0.889695 -2.732404 35.723573 -0.000001 -0.000006 0.000005 -8.076696 -0.486701 -3.806280 -9.987702 -18.565124 21.673717 1.646534 -3.617898 51.640660 1.325716 -3.414117 45.531991 -0.000001 0.000009 -0.000012 4.570445 11.014726 -2.160856 0.646748 4.511988 -9.693150 -12.621022 2.727600 -61.716462 0.000084 -122.270153 0.000199 31.178700 2.187522 -16.144009 2.466132 -1.576205 2.681740 3.505008 12.365902 12.079664 0.593940 0.070418 -0.809902 -10.283007 -8.239012 10.872084 -0.000001 0.000000 0.000000 9.109288 -0.518026 2.259874 4.550288 1.576822 8.614542 0.870093 3.078885 -31.534625 0.928572 3.159817 -32.683073 -0.000001 -0.000001 -0.000002 9.533401 0.000028 0.000046 0.067797 2.579027 -2.692727 0.802618 2.965199 -30.333294 1.701584 4.130013 -44.770473 -0.000003 -0.000002 0.000009 9.104523 -0.043026 -1.865072 1.018466 5.852040 -22.006455 0.925174 3.160815 -32.608747 1.677073 4.103266 -44.433140 -0.000000 -0.000004 -0.000001 8.077777 -0.486868 -3.806262 -10.579592 15.867265 -28.714768 3.248239 5.013032 -61.515457 3.208354 5.016764 -61.151804 0.000000 -0.000004 -0.000001 -8.207785 -6.751668 -1.599563 -42.121271 3.789286 -13.645130 65.517763 8.651842 -1.467295 -23.717069 -0.303764 17.011558 -0.343556 0.000002 0.000003 0.000000 -0.000001 -0.000000 8.207788 -6.751710 -1.599555 -43.304940 1.240315 41.020535 70.651149 -8.993448 5.842835 -28.681238 2.727848 -20.571346 1.338502 -0.000007 -0.000002 0.000000 0.000001 -0.000000 
11.092813 79.105949 -5.373715 -3.994253 -12.344932 -8.475470 -0.000004 10.181579 0.131528 31.681911 0.887286 2.886171 10.096858 0.018168 5.027523 10.092332 -0.165415 4.849737 0.000000 16.740396 -2.049014 -5.895581 -1.165174 9.148728 -0.000001 9.617874 1.684992 -17.197732 4.758033 14.044978 -0.000001 22.037369 7.501093 0.000002 -0.000002 0.000003 -4.569975 11.014914 -2.160868 -0.267860 3.800374 35.414336 -39.816072 20.760763 44.924220 -0.000020 129.986314 0.000005 35.228907 -3.806610 5.442438 -2.464798 -1.573986 2.681852 3.192893 -8.825277 -14.449221 1.359948 -2.089440 -0.464945 -0.396507 -16.122552 -19.989925 -0.000003 0.000000 0.000009 -9.108279 -0.517866 2.259832 9.149914 8.614505 -3.584097 0.319403 -1.677900 21.449963 0.473006 -2.057393 26.026040 0.000001 -0.000004 -0.000003 -9.532510 -0.000044 -0.000023 0.090230 -0.690894 -1.520603 0.589867 -2.213440 29.616271 1.182377 -3.142719 41.748900 0.000001 -0.000006 -0.000003 -9.103589 -0.043071 -1.865130 1.921986 -10.269382 13.926484 0.781061 -2.601645 33.542899 0.959585 -2.826072 37.160966 -0.000003 -0.000001 -0.000000 -8.076688 -0.486726 -3.806281 -9.928908 -18.341631 22.555083 1.677489 -3.643875 52.137467 1.356623 -3.445432 46.073123 -0.000000 0.000013 -0.000006 4.570449 11.014715 -2.160833 0.513338 3.376374 -11.410903 -16.723496 -0.187546 -58.296607 0.000083 -126.441008 0.000163 33.118276 4.537998 -12.826952 2.466131 -1.576196 2.681737 3.637057 13.304523 12.367936 0.945754 0.764844 -0.596649 -10.282688 -8.238683 10.871707 0.000001 0.000006 -0.000001 9.109294 -0.518034 2.259875 4.522325 1.703161 6.984844 0.966904 3.230733 -33.296564 1.028237 3.309837 -34.445269 0.000001 0.000005 -0.000004 9.533405 0.000054 0.000047 0.076395 2.745940 -4.321154 0.896023 3.119181 -32.094980 1.830658 4.255785 -46.536261 -0.000002 0.000003 0.000002 9.104541 -0.043020 -1.865068 1.097398 5.939985 -23.614153 1.013835 3.295076 -34.182897 1.791171 4.216163 -46.005808 -0.000000 0.000004 0.000002 8.077794 -0.486860 -3.806261 -10.757040 15.484712 -29.362082 3.271954 5.024729 -61.774574 3.232966 5.029105 -61.421446 0.000000 0.000001 -0.000001 -8.207786 -6.751685 -1.599559 -40.255612 5.359880 -14.638248 69.432534 8.351762 -2.500991 -25.723228 0.736703 17.321754 -0.346984 -0.000001 -0.000006 -0.000000 0.000001 -0.000000 8.207793 -6.751702 -1.599556 -39.638617 1.658235 40.409964 74.252475 -8.990087 6.060799 -31.253224 3.946973 -20.078538 1.358408 -0.000004 -0.000002 0.000000 -0.000000 -0.000000 
11.397320 78.087891 -5.027872 -8.083993 -12.733520 -7.404061 -0.000006 10.181581 0.131522 34.853571 1.024560 0.369774 13.125224 1.932691 3.797377 13.175776 1.680773 3.498948 -0.000002 16.740417 -2.049053 -4.513197 -1.051139 8.183749 0.000001 9.617874 1.685020 -15.366070 3.723373 14.753221 0.000014 22.037354 7.501097 -0.000005 -0.000002 -0.000003 -4.569978 11.014912 -2.160900 -0.756609 4.596632 31.916986 -40.301794 18.393095 43.081814 0.000011 136.426280 0.000000 39.510937 -11.077174 0.071485 -2.464810 -1.573978 2.681851 3.226219 -9.590406 -14.769973 1.676288 -2.756272 -0.637819 -0.162884 -16.759664 -20.193338 0.000008 -0.000008 0.000002 -9.108276 -0.517856 2.259835 9.178499 8.479056 -1.676109 0.370639 -1.803657 23.118473 0.535733 -2.181111 27.730636 -0.000002 0.000003 -0.000000 -9.532516 -0.000037 -0.000022 0.048108 -0.704692 0.064118 0.658966 -2.333117 31.315085 1.275859 -3.244357 43.447991 -0.000006 0.000004 0.000005 -9.103594 -0.043054 -1.865131 2.028540 -9.877745 15.662496 0.849061 -2.700932 35.022775 1.030325 -2.916114 38.569375 -0.000000 -0.000004 0.000005 -8.076686 -0.486716 -3.806287 -9.880475 -18.124626 23.423304 1.708014 -3.669008 52.624463 1.387375 -3.476026 46.606913 -0.000001 0.000006 -0.000006 4.570447 11.014710 -2.160864 0.278078 0.941148 -14.594424 -21.768426 -5.516509 -53.686206 0.000055 -130.351975 0.000162 35.236902 13.336452 -4.419821 2.466136 -1.576209 2.681736 3.763884 14.226309 12.650255 1.289103 1.447924 -0.390946 -10.282292 -8.238299 10.871288 0.000009 0.000006 0.000002 9.109299 -0.518036 2.259873 4.499772 1.827984 5.371560 1.067237 3.377888 -35.039632 1.131325 3.455112 -36.188705 0.000000 0.000002 -0.000003 9.533409 0.000036 0.000041 0.089700 2.911719 -5.933296 0.993012 3.268548 -33.837608 1.962143 4.376251 -48.283693 0.000001 0.000001 0.000006 9.104540 -0.043030 -1.865072 1.177471 6.027268 -25.204059 1.105151 3.425401 -35.740334 1.907066 4.324747 -47.561954 -0.000002 -0.000002 0.000004 8.077801 -0.486876 -3.806266 -10.941911 15.115116 -29.998317 3.295388 5.036113 -62.029982 3.257264 5.041159 -61.687509 0.000001 0.000002 0.000003 -8.207785 -6.751666 -1.599567 -37.591886 6.485894 -16.558583 72.106225 8.042091 -3.577911 -27.253269 1.966878 17.468829 -0.348534 0.000003 -0.000001 -0.000000 -0.000000 0.000000 8.207786 -6.751697 -1.599561 -34.948920 2.468295 38.125699 76.448019 -8.959223 6.402029 -33.330305 6.077913 -19.140246 1.378496 0.000002 0.000005 0.000000 0.000000 -0.000000 
11.762045 77.745636 -4.634040 -10.572003 -12.645648 -6.923627 -0.000006 10.181577 0.131519 35.754572 0.961939 -1.211967 16.203842 2.838544 2.996419 16.251213 2.529110 2.671082 -0.000002 16.740391 -2.049035 -2.586122 -0.511871 6.861449 0.000005 9.617872 1.685024 -12.890576 3.860031 15.294450 0.000003 22.037369 7.501089 -0.000003 0.000000 -0.000001 -4.569973 11.014890 -2.160873 -0.875996 4.834514 27.816280 -39.947960 18.178478 41.958337 -0.000023 140.521757 0.000012 42.137203 -17.388347 -3.082005 -2.464804 -1.573989 2.681853 3.249904 -10.337422 -15.097203 1.984186 -3.409650 -0.803720 0.064096 -17.383653 -20.390560 0.000003 0.000000 -0.000001 -9.108284 -0.517877 2.259832 9.219763 8.361150 0.191401 0.424355 -1.925349 24.752756 0.600715 -2.300406 29.400365 0.000002 0.000001 -0.000002 -9.532516 -0.000044 -0.000020 0.004164 -0.719938 1.616973 0.730055 -2.448331 32.979169 1.370338 -3.341204 45.112935 0.000002 -0.000001 0.000008 -9.103596 -0.043091 -1.865133 2.107927 -9.495354 17.362520 0.917881 -2.796112 36.467442 1.101211 -3.001993 39.939231 -0.000002 -0.000003 -0.000009 -8.076681 -0.486731 -3.806278 -9.843054 -17.913141 24.273601 1.737861 -3.693175 53.096685 1.417789 -3.505710 47.129897 0.000001 -0.000004 -0.000008 4.570451 11.014705 -2.160847 -0.028386 -1.079426 -16.959752 -25.573692 -10.825839 -51.651366 0.000035 -132.886002 0.000146 36.615128 19.610656 5.291378 2.466142 -1.576199 2.681745 3.885163 15.125575 12.924713 1.621873 2.114751 -0.193956 -10.281853 -8.237790 10.870845 -0.000003 -0.000002 0.000002 9.109288 -0.518059 2.259878 4.483636 1.950135 3.787328 1.169990 3.519254 -36.749973 1.236733 3.594520 -37.899559 0.000000 0.000001 -0.000003 9.533394 0.000037 0.000054 0.107540 3.075629 -7.516167 1.092559 3.412176 -35.547737 2.094638 4.490457 -49.998149 -0.000001 0.000010 -0.000002 9.104530 -0.043032 -1.865061 1.258132 6.113199 -26.763782 1.198143 3.550779 -37.268497 2.023642 4.428192 -49.089201 -0.000002 0.000003 -0.000001 8.077799 -0.486874 -3.806253 -11.131361 14.761019 -30.619161 3.318363 5.047176 -62.279939 3.281108 5.052877 -61.947767 -0.000001 -0.000001 0.000000 -8.207787 -6.751679 -1.599563 -35.786278 6.077393 -18.660137 73.180764 7.924948 -3.841966 -27.947765 3.667987 16.525482 -0.343831 -0.000003 -0.000007 0.000000 -0.000001 0.000000 8.207794 -6.751706 -1.599558 -31.810944 2.803158 36.293364 77.301055 -7.810563 6.772038 -34.501253 6.724174 -18.958244 1.389269 0.000002 -0.000000 0.000000 -0.000000 -0.000000 
12.059707 78.373291 -4.353768 -10.841205 -12.161283 -6.934630 -0.000004 10.181593 0.131518 34.725549 0.610587 -1.995577 17.688062 2.767981 2.365551 17.703652 2.486789 2.070377 0.000004 16.740385 -2.049053 0.019614 0.224567 5.665141 0.000001 9.617880 1.685033 -9.810497 5.048592 15.202411 -0.000001 22.037354 7.501093 -0.000004 0.000001 -0.000000 -4.569965 11.014917 -2.160897 -0.874887 5.401720 24.678254 -37.633601 18.049265 40.975039 -0.000027 141.746506 0.000014 42.888192 -20.509660 -4.392279 -2.464807 -1.573964 2.681855 3.263134 -11.060534 -15.429918 2.281328 -4.044215 -0.961557 0.283011 -17.989977 -20.580396 0.000004 -0.000004 -0.000001 -9.108281 -0.517869 2.259842 9.271513 8.261149 2.004290 0.479809 -2.042003 26.339996 0.667144 -2.414383 31.022251 -0.000000 -0.000001 -0.000002 -9.532510 -0.000061 -0.000024 -0.040988 -0.736518 3.125666 0.802270 -2.558178 34.595523 1.464812 -3.432653 46.730980 0.000001 -0.000003 -0.000000 -9.103596 -0.043075 -1.865129 2.161428 -9.126033 19.013817 0.986733 -2.886549 37.865377 1.171597 -3.083273 41.261712 -0.000002 -0.000003 0.000004 -8.076689 -0.486703 -3.806276 -9.816577 -17.708353 25.099234 1.766759 -3.716222 53.551244 1.447586 -3.534247 47.637755 0.000000 -0.000007 -0.000009 4.570449 11.014739 -2.160865 -0.136886 -1.537434 -17.437176 -26.891732 -13.342869 -53.078349 0.000068 -133.929723 0.000175 36.170401 16.719342 9.398598 2.466139 -1.576219 2.681732 3.999942 15.993648 13.189182 1.941149 2.758894 -0.007117 -10.281283 -8.236980 10.869664 -0.000004 -0.000002 -0.000008 9.109299 -0.518043 2.259876 4.472816 2.067817 2.245189 1.273951 3.653737 -38.414036 1.343206 3.727037 -39.563949 0.000000 0.000004 0.000002 9.533407 0.000034 0.000044 0.129791 3.237427 -9.056764 1.193456 3.548952 -37.211591 2.226752 4.597721 -51.666047 0.000000 -0.000005 0.000001 9.104548 -0.043034 -1.865074 1.338937 6.197401 -28.280683 1.291815 3.670344 -38.755422 2.139648 4.525789 -50.575143 0.000001 0.000004 -0.000011 8.077807 -0.486875 -3.806266 -11.323011 14.425179 -31.219678 3.340706 5.057808 -62.522397 3.304308 5.064082 -62.200340 0.000003 0.000000 0.000000 -8.207781 -6.751655 -1.599566 -36.216918 4.539505 -21.232312 72.581005 8.052180 -2.927095 -23.007952 8.272815 18.220624 -3.657045 0.000006 -0.000005 -0.000000 0.000000 0.000000 8.207798 -6.751684 -1.599559 -30.901159 2.930854 35.459989 76.435301 -7.142817 6.925217 -34.371882 6.599837 -18.679084 1.266773 -0.000005 0.000005 0.000000 0.000000 0.000000 
12.379208 80.006172 -4.435627 -9.849240 -11.475112 -7.266474 -0.000004 10.181599 0.131516 33.543356 0.252818 -2.015967 17.208143 2.491054 1.752418 17.205258 2.268052 1.436359 0.000001 16.740389 -2.049038 2.262771 0.751954 4.649880 -0.000001 9.617890 1.685020 -6.788968 6.313768 13.860488 -0.000004 22.037338 7.501095 -0.000002 0.000002 -0.000000 -4.569975 11.014905 -2.160893 -0.751188 5.240371 23.500654 -34.582204 18.319817 40.459322 -0.000002 140.339965 -0.000000 41.896893 -20.489393 -4.621547 -2.464803 -1.573987 2.681853 3.265169 -11.753893 -15.767111 2.565536 -4.654822 -1.110453 0.492379 -18.573812 -20.761326 -0.000001 -0.000005 0.000000 -9.108280 -0.517850 2.259842 9.331293 8.178982 3.748194 0.536229 -2.152757 27.867436 0.734079 -2.522268 32.583254 0.000000 0.000002 -0.000000 -9.532504 -0.000039 -0.000022 -0.086669 -0.754270 4.577963 0.874673 -2.661914 36.151235 1.558180 -3.518129 48.289116 -0.000002 0.000001 0.000009 -9.103598 -0.043077 -1.865129 2.191170 -8.773492 20.603307 1.054823 -2.971618 39.205627 1.240697 -3.159499 42.527801 -0.000001 -0.000001 0.000004 -8.076692 -0.486719 -3.806281 -9.800671 -17.511229 25.893380 1.794521 -3.737960 53.985088 1.476514 -3.561481 48.126445 -0.000001 0.000005 -0.000001 4.570444 11.014694 -2.160860 -0.016815 -1.013439 -17.606115 -26.988710 -14.732277 -55.294674 0.000059 -132.733047 0.000160 31.846963 8.796344 7.493536 2.466141 -1.576191 2.681735 4.107537 16.822136 13.441204 2.244933 3.375511 0.168619 -10.280635 -8.236091 10.868325 -0.000003 -0.000006 0.000002 9.109297 -0.518023 2.259870 4.465012 2.179338 0.758094 1.377790 3.780406 -40.017969 1.449431 3.851754 -41.168156 0.000000 0.000003 0.000001 9.533402 0.000043 0.000045 0.155771 3.394344 -10.542581 1.294414 3.677919 -38.814978 2.357020 4.697402 -53.273976 0.000001 -0.000000 0.000007 9.104527 -0.043036 -1.865078 1.418880 6.278650 -29.742342 1.384971 3.783229 -40.188546 2.253871 4.617018 -52.007868 0.000003 0.000003 0.000000 8.077792 -0.486867 -3.806261 -11.514077 14.109995 -31.795268 3.362212 5.067938 -62.755402 3.326666 5.074828 -62.443427 0.000002 -0.000000 0.000001 -8.207781 -6.751660 -1.599566 -38.046182 2.272570 -24.027463 70.575047 8.379287 -1.106752 -13.724008 16.312674 18.893259 -12.613082 0.000002 0.000002 0.000000 0.000000 -0.000000 8.207796 -6.751700 -1.599560 -31.073983 3.061244 34.912710 73.823512 -6.636256 7.025812 -32.916113 6.210092 -18.296630 1.137235 0.000000 0.000000 -0.000000 0.000000 -0.000000 
12.610525 81.945587 -4.726000 -7.841205 -10.836630 -7.834264 -0.000005 10.181593 0.131519 32.508781 0.260127 -1.080928 16.004998 2.655390 0.867731 16.001106 2.386747 0.508132 -0.000001 16.740379 -2.049049 2.888945 0.845589 3.989329 0.000003 9.617863 1.685008 -6.181445 6.571693 12.211042 0.000004 22.037354 7.501090 0.000000 -0.000001 0.000001 -4.569971 11.014897 -2.160887 -0.627118 4.523170 23.547719 -32.615465 18.380097 40.360742 -0.000026 139.091147 0.000028 41.681308 -19.778706 -4.453655 -2.464808 -1.573971 2.681849 3.255131 -12.411176 -16.107686 2.835163 -5.237150 -1.249741 0.690483 -19.129680 -20.931897 -0.000000 -0.000003 0.000000 -9.108273 -0.517872 2.259835 9.396605 8.113968 5.408735 0.592670 -2.256795 29.322422 0.800575 -2.623300 34.070367 -0.000002 0.000000 -0.000002 -9.532503 -0.000058 -0.000028 -0.132139 -0.772895 5.961758 0.946242 -2.758880 37.633335 1.649327 -3.597204 49.774085 0.000000 -0.000000 0.000011 -9.103585 -0.043077 -1.865131 2.199805 -8.441150 22.117785 1.121252 -3.050882 40.477788 1.307792 -3.230364 43.728483 0.000000 0.000002 -0.000002 -8.076677 -0.486718 -3.806283 -9.793389 -17.325661 26.648897 1.820908 -3.758338 54.395613 1.504263 -3.587217 48.592168 -0.000001 0.000001 -0.000011 4.570450 11.014715 -2.160863 0.178066 -0.001419 -18.241367 -27.695681 -17.534429 -56.542000 0.000103 -130.083780 0.000213 25.787564 2.338240 4.069889 2.466132 -1.576210 2.681733 4.207632 17.604910 13.678970 2.530675 3.958637 0.332136 -10.279693 -8.235145 10.867011 0.000003 0.000011 -0.000008 9.109292 -0.518046 2.259867 4.456059 2.283331 -0.661087 1.480108 3.898468 -41.547832 1.553967 3.967875 -42.698467 0.000001 0.000001 -0.000002 9.533405 0.000027 0.000040 0.184871 3.544972 -11.960507 1.394050 3.798240 -40.344633 2.483823 4.789043 -54.807675 -0.000005 -0.000004 -0.000008 9.104534 -0.043035 -1.865083 1.497289 6.356364 -31.136350 1.476435 3.888698 -41.555574 2.364943 4.701361 -53.374967 -0.000000 0.000001 0.000004 8.077795 -0.486874 -3.806268 -11.701505 13.817741 -32.341376 3.382758 5.077522 -62.977425 3.347984 5.084930 -62.674697 -0.000003 0.000006 0.000002 -8.207786 -6.751652 -1.599569 -40.105744 0.612481 -26.016841 67.356286 8.671442 0.649015 -5.674233 22.683014 20.690754 -15.199640 0.000004 -0.000011 0.000000 0.000000 -0.000000 8.207791 -6.751690 -1.599559 -31.999412 2.812578 34.400111 70.393036 -5.833726 7.277920 -30.814255 5.879759 -18.406836 1.102826 -0.000003 0.000007 -0.000000 -0.000000 0.000000 
12.298403 83.399651 -4.973637 -4.437831 -10.276555 -7.709081 -0.000005 10.181601 0.131518 30.930816 0.324753 -0.487012 14.559771 2.993959 0.097709 14.550024 2.700251 -0.267995 -0.000001 16.740374 -2.049027 2.324716 0.669844 3.560471 0.000003 9.617877 1.685013 -8.290438 5.519333 11.173144 0.000001 22.037354 7.501103 0.000003 -0.000001 0.000000 -4.569973 11.014900 -2.160877 -0.631823 4.336855 23.847534 -31.327305 17.068706 40.283363 -0.000014 139.479812 0.000021 42.764866 -18.787279 -4.103856 -2.464796 -1.573979 2.681850 3.232456 -13.026791 -16.450581 3.087726 -5.785361 -1.378484 0.875823 -19.653229 -21.091423 -0.000001 -0.000008 0.000004 -9.108283 -0.517868 2.259837 9.464843 8.064938 6.971494 0.648226 -2.353405 30.692254 0.865550 -2.716827 35.470497 -0.000001 -0.000005 -0.000001 -9.532503 -0.000056 -0.000028 -0.176624 -0.792157 7.264817 1.015918 -2.848453 39.028725 1.736990 -3.669491 51.173000 -0.000001 -0.000008 0.000011 -9.103584 -0.043069 -1.865134 2.190559 -8.132062 23.544115 1.185153 -3.123835 41.671056 1.372055 -3.295598 44.855061 0.000000 -0.000002 -0.000005 -8.076689 -0.486703 -3.806287 -9.792748 -17.154686 27.358359 1.845812 -3.777288 54.780573 1.530632 -3.611215 49.030711 0.000000 0.000003 -0.000010 4.570453 11.014709 -2.160846 0.293657 0.802513 -18.932584 -28.041086 -20.716473 -56.923025 0.000083 -128.015545 0.000178 22.348191 0.084991 3.030660 2.466139 -1.576199 2.681741 4.299647 18.334238 13.900423 2.795981 4.502684 0.482442 -10.277592 -8.234394 10.865904 -0.000002 -0.000003 -0.000007 9.109303 -0.518051 2.259885 4.432267 2.379331 -1.998390 1.579408 4.007218 -42.990259 1.655322 4.074742 -44.141173 -0.000002 0.000003 0.000004 9.533409 0.000032 0.000048 0.216200 3.687440 -13.297660 1.490892 3.909160 -41.786732 2.605542 4.872286 -56.253441 -0.000001 0.000006 -0.000003 9.104540 -0.043031 -1.865062 1.573611 6.430425 -32.449942 1.564968 3.986052 -42.844407 2.471485 4.778434 -54.664149 0.000004 0.000001 0.000008 8.077785 -0.486870 -3.806261 -11.882101 13.550494 -32.853210 3.402121 5.086476 -63.186490 3.368104 5.094373 -62.892382 -0.000001 -0.000002 0.000003 -8.207782 -6.751665 -1.599563 -42.119195 0.355318 -26.056219 64.194339 8.699620 0.799873 -4.153756 21.000216 20.063192 -10.329663 0.000004 -0.000005 -0.000001 0.000000 -0.000000 8.207791 -6.751686 -1.599554 -34.294458 2.339144 33.979194 67.084438 -5.649229 7.268379 -28.677772 5.666811 -18.963827 1.200871 0.000010 0.000003 -0.000000 0.000000 -0.000000 
11.463039 84.498688 -5.307354 -0.077022 -9.127061 -6.760535 -0.000006 10.181593 0.131516 28.813573 0.219506 -0.726526 12.389096 3.029356 -0.187266 12.361283 2.834497 -0.519941 -0.000000 16.740389 -2.049032 1.504017 0.356584 3.242710 0.000000 9.617879 1.685015 -10.813847 3.721032 10.266943 0.000003 22.037354 7.501087 -0.000003 0.000001 -0.000000 -4.569974 11.014915 -2.160873 -0.544104 3.832659 24.137723 -29.455300 15.262497 40.526121 -0.000033 139.580626 0.000007 42.137312 -16.848178 -4.519926 -2.464812 -1.573994 2.681851 3.196460 -13.594977 -16.794657 3.321052 -6.294132 -1.495902 1.047065 -20.139687 -21.238448 -0.000001 -0.000001 0.000004 -9.108281 -0.517865 2.259837 9.533550 8.030207 8.422083 0.701848 -2.441876 31.964162 0.927905 -2.802175 36.770634 -0.000000 0.000005 0.000004 -9.532500 -0.000065 -0.000024 -0.219339 -0.811547 8.474872 1.082521 -2.930064 40.324573 1.820023 -3.734732 52.472717 0.000001 -0.000003 0.000006 -9.103601 -0.043069 -1.865136 2.167045 -7.848952 24.869081 1.245612 -3.190146 42.775057 1.432714 -3.354837 45.898519 -0.000000 0.000006 0.000000 -8.076696 -0.486711 -3.806277 -9.798125 -16.997821 28.016447 1.868917 -3.794648 55.135934 1.555262 -3.633339 49.438299 -0.000000 0.000000 -0.000003 4.570451 11.014724 -2.160851 0.386995 1.193203 -19.540427 -27.582124 -22.852857 -57.108250 0.000045 -126.126150 0.000141 20.366950 -0.645570 3.026537 2.466130 -1.576212 2.681731 4.383717 19.005859 14.103964 3.038520 5.001886 0.618585 -10.275020 -8.233635 10.864936 0.000001 0.000012 -0.000005 9.109296 -0.518029 2.259870 4.402104 2.466313 -3.241644 1.674147 4.105989 -44.330906 1.751910 4.171729 -45.482196 -0.000002 -0.000000 -0.000006 9.533412 0.000031 0.000036 0.248793 3.820295 -14.541311 1.583365 4.010035 -43.127051 2.720521 4.946843 -57.597305 -0.000002 -0.000005 -0.000010 9.104527 -0.043030 -1.865085 1.647248 6.500550 -33.670623 1.649208 4.074736 -44.042556 2.572059 4.847913 -55.862751 0.000002 0.000008 -0.000002 8.077791 -0.486854 -3.806266 -12.052505 13.310204 -33.325893 3.420143 5.094705 -63.380740 3.386757 5.103081 -63.094323 0.000002 0.000001 0.000002 -8.207785 -6.751670 -1.599562 -44.097368 0.878289 -25.559341 61.283394 8.619332 -0.211311 -5.456821 14.767747 17.870597 -3.273095 -0.000001 0.000005 0.000000 -0.000000 0.000000 8.207792 -6.751702 -1.599557 -37.941083 2.008665 33.776976 63.719368 -7.064692 6.516070 -26.208421 5.294431 -19.182827 1.228289 0.000000 -0.000005 0.000000 0.000001 0.000000 
10.431617 85.107033 -5.762098 4.717098 -6.901475 -5.598066 -0.000007 10.181598 0.131518 27.275776 0.123587 -0.890239 9.448275 2.798175 -0.387286 9.393064 2.702243 -0.684942 0.000000 16.740393 -2.049034 0.361324 -0.183113 3.091170 0.000002 9.617898 1.684998 -13.366148 1.417974 9.264454 0.000002 22.037369 7.501088 0.000000 -0.000000 0.000000 -4.569979 11.014919 -2.160882 -0.359705 2.717894 24.715849 -27.086006 12.878825 41.077946 -0.000010 139.784958 0.000009 39.924163 -14.365573 -6.181425 -2.464815 -1.573959 2.681852 3.146479 -14.109520 -17.138703 3.533388 -6.758934 -1.601485 1.202613 -20.583687 -21.371606 0.000005 -0.000010 -0.000001 -9.108276 -0.517864 2.259840 9.600307 8.007838 9.746024 0.752518 -2.521586 33.125308 0.986518 -2.878847 37.957776 -0.000001 0.000003 0.000005 -9.532514 -0.000030 -0.000021 -0.259450 -0.830674 9.579800 1.144942 -3.003240 41.507770 1.897131 -3.792647 53.659899 -0.000000 0.000005 0.000005 -9.103603 -0.043066 -1.865131 2.133138 -7.594113 26.079332 1.301727 -3.249432 43.779532 1.488936 -3.407851 46.849784 -0.000001 0.000004 -0.000005 -8.076692 -0.486702 -3.806277 -9.807995 -16.856249 28.616739 1.889971 -3.810259 55.458616 1.577915 -3.653419 49.810722 -0.000001 -0.000001 -0.000001 4.570450 11.014724 -2.160850 0.583898 1.913283 -19.999815 -26.729346 -25.534338 -57.398150 0.000092 -124.190543 0.000195 20.433175 -0.675000 4.737708 2.466138 -1.576216 2.681738 4.458902 19.606895 14.286469 3.256039 5.451001 0.739731 -10.272154 -8.232868 10.864047 0.000003 0.000005 -0.000007 9.109310 -0.518037 2.259882 4.367481 2.542804 -4.377873 1.762721 4.194296 -45.556320 1.842167 4.258381 -46.708037 0.000000 -0.000001 0.000002 9.533409 0.000030 0.000054 0.281532 3.942053 -15.678371 1.669945 4.100326 -44.352322 2.827121 5.012623 -58.825653 -0.000002 -0.000007 0.000005 9.104543 -0.043025 -1.865070 1.717506 6.566480 -34.785870 1.727821 4.154241 -45.137916 2.665291 4.909568 -56.958744 -0.000001 -0.000000 -0.000004 8.077810 -0.486880 -3.806257 -12.209341 13.098651 -33.755194 3.436649 5.102189 -63.558332 3.403830 5.110927 -63.278629 0.000000 -0.000005 0.000001 -8.207787 -6.751666 -1.599568 -46.158132 1.012620 -26.308553 58.779037 8.777961 -0.544499 -5.897068 12.736478 15.438661 -3.155514 -0.000001 -0.000003 0.000001 0.000000 0.000000 8.207792 -6.751697 -1.599561 -42.636609 1.281312 33.309368 60.746022 -8.954803 5.380744 -23.633802 4.446358 -19.270774 1.147760 0.000004 0.000000 0.000000 0.000000 -0.000000 
9.361814 85.023399 -6.282094 9.760406 -3.914608 -4.517197 -0.000005 10.181582 0.131521 26.095771 -0.153914 -0.775063 5.903538 1.818780 -0.526610 5.817611 1.779236 -0.713438 0.000001 16.740406 -2.049020 -1.177550 -0.613807 2.793846 0.000001 9.617908 1.684997 -15.736836 -0.628000 8.310068 0.000003 22.037384 7.501098 0.000005 -0.000000 0.000000 -4.569978 11.014922 -2.160873 0.064307 0.968336 24.745787 -24.117630 11.307115 42.415919 -0.000011 138.606053 0.000006 37.153869 -9.683904 -8.545299 -2.464798 -1.573978 2.681851 3.081974 -14.564560 -17.481249 3.722632 -7.174606 -1.694490 1.340953 -20.980321 -21.489744 0.000005 -0.000005 0.000004 -9.108287 -0.517863 2.259833 9.662909 7.995442 10.928945 0.799155 -2.591930 34.163076 1.040228 -2.946328 39.018760 0.000001 0.000000 0.000001 -9.532510 -0.000032 -0.000025 -0.296219 -0.848773 10.567473 1.202005 -3.067529 42.565326 1.967087 -3.843075 54.721457 0.000001 -0.000004 0.000001 -9.103605 -0.043067 -1.865132 2.092914 -7.369691 27.161499 1.352565 -3.301429 44.674410 1.539903 -3.454448 47.699340 -0.000001 0.000005 -0.000001 -8.076707 -0.486688 -3.806283 -9.820795 -16.731196 29.152788 1.908778 -3.824047 55.745535 1.598273 -3.671262 50.143875 -0.000001 -0.000001 -0.000005 4.570449 11.014743 -2.160845 0.886504 2.975973 -20.974418 -25.119805 -27.157845 -56.856182 0.000095 -122.677260 0.000207 21.559528 -1.295239 7.278970 2.466134 -1.576205 2.681732 4.525962 20.131831 14.446270 3.446218 5.844298 0.845031 -10.269057 -8.231929 10.862526 0.000006 0.000003 -0.000003 9.109300 -0.518039 2.259854 4.329099 2.607115 -5.394291 1.843558 4.271677 -46.652593 1.924414 4.334225 -47.804388 0.000000 -0.000001 -0.000000 9.533406 0.000028 0.000032 0.313381 4.051383 -16.695938 1.749003 4.179481 -45.448308 2.923647 5.069534 -59.924432 -0.000000 -0.000007 0.000001 9.104520 -0.043037 -1.865084 1.783519 6.627739 -35.782975 1.799418 4.224114 -46.117950 2.749695 4.963237 -57.939340 0.000001 0.000001 0.000001 8.077807 -0.486868 -3.806275 -12.348419 12.917243 -34.136189 3.451413 5.108835 -63.717243 3.419105 5.117913 -63.443223 -0.000001 0.000000 0.000005 -8.207788 -6.751680 -1.599565 -48.370283 0.887121 -27.754732 56.843184 9.087086 -0.352370 -5.231027 13.752717 14.168284 -10.155807 0.000006 -0.000001 -0.000001 0.000000 0.000001 8.207788 -6.751705 -1.599550 -48.132384 -0.041001 32.308482 58.650609 -9.045798 4.221818 -21.805833 2.163945 -20.435496 1.431026 0.000003 -0.000002 0.000000 0.000001 -0.000000 
8.079463 84.122360 -6.666179 14.855687 -0.865466 -3.210519 -0.000004 10.181574 0.131527 24.740771 -0.623658 -1.157059 2.506074 0.623315 -0.601113 2.410453 0.603620 -0.663504 0.000001 16.740376 -2.049042 -3.432895 -0.971602 2.204527 -0.000000 9.617897 1.685013 -17.173723 -2.631868 7.455008 0.000002 22.037369 7.501081 -0.000003 -0.000001 0.000000 -4.569970 11.014914 -2.160881 0.648754 -1.367675 24.396703 -20.902744 9.380916 44.141716 -0.000008 137.101076 0.000043 34.621068 -2.372306 -8.836180 -2.464801 -1.573967 2.681852 3.002411 -14.954479 -17.821051 3.886410 -7.535462 -1.774222 1.460750 -21.325218 -21.591944 -0.000003 0.000000 -0.000002 -9.108283 -0.517863 2.259833 9.719336 7.990616 11.956316 0.840697 -2.652342 35.064675 1.087910 -3.004151 39.940597 0.000001 0.000001 0.000004 -9.532505 -0.000046 -0.000027 -0.328807 -0.865374 11.425649 1.252544 -3.122542 43.484164 2.028635 -3.885827 55.644219 0.000001 0.000001 0.000006 -9.103594 -0.043079 -1.865135 2.050413 -7.177428 28.102091 1.397274 -3.345808 45.449653 1.584723 -3.494276 48.437318 0.000002 -0.000002 -0.000004 -8.076694 -0.486711 -3.806287 -9.834968 -16.623668 29.618169 1.925095 -3.835903 55.993648 1.616102 -3.686678 50.433676 -0.000000 0.000008 -0.000001 4.570447 11.014704 -2.160856 1.332160 4.482249 -22.693647 -22.808416 -27.281369 -55.091445 0.000066 -121.790879 0.000172 21.070744 -5.478735 8.851213 2.466120 -1.576207 2.681735 4.583762 20.577840 14.581979 3.606579 6.175987 0.933504 -10.264020 -8.231120 10.860820 0.000004 0.000002 -0.000010 9.109304 -0.518051 2.259877 4.287253 2.654909 -6.278114 1.915027 4.337664 -47.605886 1.997154 4.398875 -48.758087 0.000002 0.000001 0.000004 9.533405 0.000028 0.000036 0.343102 4.146934 -17.581132 1.818968 4.247058 -46.401375 3.008463 5.117507 -60.879853 -0.000003 0.000001 0.000001 9.104527 -0.043026 -1.865072 1.844364 6.683784 -36.649661 1.862640 4.283848 -46.970299 2.823875 5.008746 -58.792581 -0.000002 0.000011 -0.000001 8.077800 -0.486862 -3.806268 -12.467226 12.766293 -34.457488 3.464845 5.114841 -63.861258 3.432536 5.124024 -63.587702 0.000001 0.000002 0.000008 -8.207781 -6.751675 -1.599560 -51.436782 1.449432 -29.162193 57.292849 9.313892 -0.788172 -9.624788 10.445941 16.856724 -10.177851 0.000006 -0.000003 0.000000 -0.000000 -0.000000 8.207791 -6.751708 -1.599555 -54.223588 -1.326764 31.163961 58.105710 -8.906058 2.771640 -21.556441 0.139096 -21.325288 1.568952 0.000002 0.000001 -0.000000 -0.000001 0.000000 
6.576204 82.484467 -6.781548 19.361006 1.718326 -1.479262 -0.000006 10.181579 0.131524 24.085235 -1.144551 -2.231946 -0.323387 0.214941 -0.983386 -0.422096 0.163409 -0.933002 -0.000000 16.740404 -2.049027 -6.429840 -1.571794 1.582012 0.000001 9.617919 1.684996 -17.776804 -5.097472 6.471605 0.000002 22.037369 7.501097 -0.000003 -0.000000 0.000000 -4.569978 11.014919 -2.160881 1.075886 -3.094120 24.476341 -17.415138 4.369639 45.243132 -0.000018 138.421065 0.000020 36.201498 3.962690 -8.070658 -2.464795 -1.573983 2.681845 2.907241 -15.273193 -18.156477 4.022904 -7.836925 -1.840083 1.560407 -21.612990 -21.676707 0.000001 -0.000005 0.000002 -9.108278 -0.517879 2.259831 9.767732 7.990862 12.813769 0.876095 -2.702273 35.817324 1.128429 -3.051823 40.710185 -0.000001 -0.000007 0.000006 -9.532500 -0.000045 -0.000027 -0.356338 -0.880496 12.142088 1.295399 -3.167806 44.251327 2.080550 -3.920791 56.414757 -0.000001 -0.000001 0.000004 -9.103589 -0.043083 -1.865141 2.009642 -7.019051 28.887667 1.434963 -3.382319 46.095188 1.622526 -3.527084 49.053619 0.000003 0.000001 -0.000000 -8.076683 -0.486722 -3.806287 -9.848952 -16.534759 30.006466 1.938713 -3.845717 56.200016 1.631037 -3.699468 50.675748 0.000002 0.000001 -0.000006 4.570454 11.014727 -2.160851 2.015805 6.931250 -24.602820 -19.919477 -28.478260 -52.231153 0.000069 -121.490678 0.000169 22.364647 -11.531832 14.907731 2.466129 -1.576216 2.681750 4.617183 20.815883 14.655212 3.692760 6.355812 0.984922 -10.261080 -8.228957 10.857474 -0.000001 0.000005 -0.000007 9.109288 -0.518041 2.259886 4.237793 2.650842 -7.017303 1.975580 4.391903 -48.402515 2.058723 4.451957 -49.554665 0.000001 0.000012 -0.000000 9.533401 0.000025 0.000051 0.369463 4.227347 -18.320890 1.878285 4.302630 -47.197652 3.079919 5.156475 -61.678165 0.000004 0.000006 0.000007 9.104525 -0.043031 -1.865061 1.898871 6.734026 -37.373221 1.916195 4.333046 -47.682848 2.886352 5.045926 -59.505619 0.000002 0.000001 -0.000002 8.077784 -0.486868 -3.806259 -12.521216 12.707589 -34.696360 3.476713 5.120118 -63.988573 3.443804 5.129090 -63.708835 0.000001 0.000003 0.000006 -8.207784 -6.751682 -1.599563 -55.553545 2.595973 -30.815109 59.933974 9.453941 -1.410845 -16.292163 5.217429 19.416520 -5.759950 0.000007 -0.000001 0.000000 -0.000000 -0.000000 8.207793 -6.751715 -1.599551 -59.937219 -2.095726 30.197926 58.686276 -8.932947 1.081365 -21.491424 -1.460123 -21.746378 1.590295 -0.000002 -0.000008 0.000000 -0.000000 -0.000000 
5.000137 79.983658 -6.629828 22.599597 3.524834 0.529189 -0.000004 10.181582 0.131524 25.140489 -1.818816 -3.054452 -2.365441 0.424897 -2.036842 -2.500932 0.260043 -1.860514 0.000002 16.740383 -2.049038 -9.398733 -2.265716 1.157746 0.000001 9.617897 1.685014 -19.707415 -7.513224 5.557978 0.000002 22.037354 7.501091 -0.000001 0.000000 -0.000000 -4.569973 11.014909 -2.160893 1.296076 -3.411485 25.325483 -14.151553 -3.199884 45.836911 -0.000016 143.286960 -0.000005 42.493605 7.204393 -8.258377 -2.464806 -1.573976 2.681854 2.795974 -15.514881 -18.485876 4.130005 -8.073827 -1.891400 1.638382 -21.838806 -21.743001 -0.000000 -0.000008 -0.000001 -9.108291 -0.517866 2.259836 9.806489 7.993805 13.486862 0.904354 -2.741146 36.408306 1.160676 -3.088862 41.314472 -0.000000 -0.000000 -0.000002 -9.532511 -0.000048 -0.000025 -0.378074 -0.893502 12.704503 1.329473 -3.202970 44.853815 2.121684 -3.947748 57.020209 -0.000000 0.000005 0.000002 -9.103605 -0.043069 -1.865132 1.974254 -6.896084 29.504727 1.464771 -3.410612 46.601001 1.652500 -3.552576 49.537767 0.000002 0.000003 -0.000002 -8.076706 -0.486709 -3.806282 -9.861208 -16.465460 30.311164 1.949395 -3.853352 56.361502 1.642797 -3.709472 50.866017 -0.000001 -0.000005 -0.000003 4.570449 11.014721 -2.160867 2.794833 9.050519 -27.192248 -16.596917 -29.279757 -46.254198 0.000079 -124.119536 0.000190 25.044917 -16.077256 26.926540 2.466138 -1.576209 2.681733 4.501768 20.672857 14.864971 3.652288 6.280747 0.975342 -10.297513 -8.294199 10.819868 0.000003 -0.000001 0.000006 9.109307 -0.518041 2.259871 4.171221 2.529618 -7.600693 2.023675 4.433901 -49.028375 2.107616 4.493070 -50.180836 0.000000 0.000002 0.000001 9.533407 0.000016 0.000046 0.391553 4.291797 -18.902362 1.925412 4.345681 -47.823420 3.136462 5.186421 -62.305621 -0.000001 -0.000005 0.000006 9.104527 -0.043042 -1.865069 1.954105 6.788283 -37.939935 1.958767 4.371316 -48.243774 2.935834 5.074618 -60.066405 0.000002 0.000002 -0.000003 8.077799 -0.486894 -3.806261 -12.456783 12.810909 -34.829959 3.486681 5.124498 -64.095253 3.452618 5.133057 -63.803720 -0.000001 0.000000 0.000001 -8.207781 -6.751676 -1.599571 -60.330180 4.781912 -32.652013 65.322106 9.445789 -1.964663 -23.050543 2.273190 18.762799 -2.219070 -0.000340 0.183978 0.000000 -0.000000 -0.000001 8.207789 -6.751705 -1.599559 -64.557090 -2.807418 29.532160 60.800869 -9.184839 -0.226747 -21.799150 -2.062695 -22.516830 1.611674 -0.000007 0.000002 -0.000000 0.000000 -0.000000 
3.664049 77.384872 -6.670122 23.640205 4.460725 2.248741 -0.000005 10.181577 0.131523 26.437509 -2.548411 -2.958367 -3.472338 0.209713 -3.727891 -3.647181 -0.085168 -3.558704 0.000001 16.740406 -2.049033 -11.168633 -2.520442 1.013006 0.000001 9.617883 1.685020 -23.429359 -8.980499 5.436117 0.000003 22.037354 7.501092 0.000002 0.000000 -0.000000 -4.569969 11.014916 -2.160877 1.901933 -3.621781 25.599382 -11.290065 -7.266181 47.394491 -0.000008 144.666070 0.000016 47.786961 9.971434 -10.757004 -2.464796 -1.573966 2.681856 2.668137 -15.674111 -18.807636 4.205356 -8.240218 -1.927272 1.693511 -21.998328 -21.789299 0.000003 -0.000001 0.000004 -9.108281 -0.517863 2.259836 9.834178 7.997327 13.961129 0.924509 -2.768354 36.824804 1.183660 -3.114784 41.740522 -0.000001 -0.000005 -0.000008 -9.532505 -0.000042 -0.000020 -0.393484 -0.902979 13.100894 1.353724 -3.227562 45.278581 2.150851 -3.966524 57.447177 0.000001 -0.000009 0.000012 -9.103609 -0.043060 -1.865128 1.947558 -6.810185 29.939755 1.485894 -3.430381 46.956984 1.673780 -3.570437 49.879560 -0.000003 -0.000003 -0.000001 -8.076717 -0.486710 -3.806278 -9.869780 -16.416573 30.526154 1.956892 -3.858695 56.474917 1.651142 -3.716560 51.000544 0.000001 -0.000001 -0.000002 4.570452 11.014709 -2.160844 3.566444 9.493764 -30.210634 -14.489463 -25.560598 -37.468294 0.000060 -128.474151 0.000157 23.690199 -23.722391 34.283452 2.466117 -1.576200 2.681736 4.127108 20.214220 15.543822 3.530452 6.036921 0.925280 -10.430378 -8.529031 10.695716 0.000002 0.000005 -0.000003 9.109285 -0.518030 2.259871 4.097282 2.358880 -8.013948 2.057880 4.463213 -49.469776 2.142390 4.521741 -50.622381 0.000002 0.000001 -0.000003 9.533381 0.000029 0.000042 0.407545 4.337025 -19.312551 1.958950 4.375782 -48.264798 3.176534 5.207148 -62.747992 0.000001 -0.000004 0.000006 9.104515 -0.043029 -1.865073 2.017570 6.856488 -38.335509 1.989188 4.398206 -48.641575 2.970941 5.094560 -60.462399 0.000004 -0.000002 0.000002 8.077799 -0.486876 -3.806262 -12.266770 12.981590 -34.891820 3.493855 5.127670 -64.172264 3.458782 5.135816 -63.869796 0.000001 -0.000012 0.000002 -8.207785 -6.751677 -1.599565 -63.739558 7.196576 -33.854782 71.327358 9.402204 -2.577280 -28.469262 1.067680 16.871983 -0.850786 0.000001 -0.000004 0.000000 0.000000 -0.000000 8.207790 -6.751712 -1.599550 -67.075203 -3.720577 29.103976 63.695544 -9.225749 -0.563215 -22.328783 -1.988696 -23.773766 1.633188 -0.000002 0.000002 0.000000 -0.000002 -0.000000 
2.550719 74.694145 -6.827921 22.386584 4.837549 3.545449 -0.000005 10.181581 0.131521 28.427082 -2.812927 -2.123433 -3.200472 0.349160 -5.339143 -3.418839 -0.033855 -5.207420 0.000000 16.740381 -2.049036 -11.911001 -2.602808 0.541742 0.000003 9.617886 1.685017 -28.380022 -10.303469 4.644234 0.000002 22.037354 7.501095 0.000003 -0.000000 0.000000 -4.569978 11.014887 -2.160884 2.416713 -3.512648 23.826381 -8.760733 -9.523658 49.169111 -0.000018 144.705358 0.000010 50.964344 11.558429 -18.491518 -2.464796 -1.573971 2.681852 2.523204 -15.744763 -19.119672 4.247126 -8.331814 -1.947092 1.723522 -22.085951 -21.815250 0.000001 -0.000006 0.000004 -9.108278 -0.517865 2.259835 9.849523 7.999821 14.222221 0.935697 -2.783284 37.054312 1.196387 -3.128963 41.974924 0.000000 0.000004 -0.000002 -9.532501 -0.000040 -0.000025 -0.402149 -0.907708 13.319280 1.367157 -3.241008 45.512443 2.166967 -3.976738 57.682396 -0.000002 0.000005 0.000008 -9.103589 -0.043070 -1.865133 1.932253 -6.763194 30.179362 1.497582 -3.441178 47.152822 1.685539 -3.580190 50.067872 0.000002 0.000003 -0.000007 -8.076696 -0.486720 -3.806288 -9.875128 -16.389864 30.644351 1.961017 -3.861629 56.537181 1.655727 -3.720418 51.074478 0.000002 0.000003 -0.000001 4.570441 11.014708 -2.160851 4.086856 8.957546 -31.448257 -14.700374 -19.762555 -31.187474 0.000061 -133.070977 0.000181 20.301872 -35.369581 39.225698 2.466147 -1.576196 2.681730 3.528554 19.464154 16.623123 3.338378 5.644334 0.834316 -10.634071 -8.882118 10.504680 0.000003 0.000003 -0.000005 9.109288 -0.518038 2.259865 4.023375 2.168393 -8.243610 2.076830 4.479265 -49.713040 2.161628 4.537421 -50.865693 -0.000001 0.000005 -0.000010 9.533412 0.000030 0.000039 0.416140 4.360797 -19.538735 1.977501 4.392224 -48.507997 3.198667 5.218461 -62.991686 -0.000001 0.000004 -0.000001 9.104528 -0.043041 -1.865080 2.083981 6.932677 -38.548799 2.006205 4.413077 -48.863139 2.990441 5.105530 -60.681880 0.000001 0.000012 0.000002 8.077789 -0.486876 -3.806271 -11.837156 13.119298 -34.920210 3.497327 5.129182 -64.209413 3.462171 5.137347 -63.906078 -0.000004 0.000009 0.000004 -8.207786 -6.751675 -1.599574 -65.062394 9.549864 -34.681033 77.296254 9.337193 -3.070546 -32.188455 0.887253 16.335593 -0.391752 0.000001 0.000002 0.000000 -0.000000 -0.000000 8.207793 -6.751697 -1.599556 -67.459709 -5.155941 28.593450 67.300886 -9.201354 0.157025 -23.110037 -1.304365 -25.504237 1.654709 0.000002 0.000002 -0.000000 -0.000002 -0.000000 
1.590672 72.161110 -6.954952 19.810760 4.681478 4.728985 -0.000005 10.181586 0.131517 31.005162 -3.054607 -1.630831 -2.337480 0.439447 -6.221139 -2.572772 -0.026795 -6.117145 0.000002 16.740389 -2.049029 -11.911615 -2.414986 -0.230984 0.000002 9.617887 1.685009 -32.071782 -10.886673 3.670979 0.000003 22.037369 7.501090 -0.000000 0.000000 0.000000 -4.569972 11.014918 -2.160888 4.233173 -1.835133 22.132110 -7.854473 -9.620413 50.607778 -0.000007 144.311324 0.000004 54.026936 13.826409 -27.414038 -2.464798 -1.573966 2.681855 2.366256 -15.588725 -19.414919 4.214912 -8.263714 -1.932024 1.656745 -21.891294 -21.756878 0.000002 -0.000007 0.000001 -9.108282 -0.517881 2.259838 9.845352 8.004914 14.126922 0.927823 -2.772799 36.893082 1.184726 -3.115961 41.760111 -0.000000 0.000004 0.000007 -9.532510 -0.000042 -0.000024 -0.398221 -0.903597 13.210246 1.355156 -3.229002 45.303603 2.153156 -3.967979 57.481001 -0.000002 0.000004 0.000010 -9.103601 -0.043075 -1.865130 1.942118 -6.795407 30.002436 1.485794 -3.430263 46.955256 1.673275 -3.570003 49.871429 0.000003 0.000004 -0.000002 -8.076691 -0.486711 -3.806283 -9.873642 -16.432428 30.394233 1.944166 -3.849605 56.282699 1.639781 -3.706922 50.817318 -0.000001 0.000001 -0.000009 4.570453 11.014722 -2.160858 4.216968 8.816421 -30.893960 -15.351470 -13.829968 -28.479505 0.000040 -136.930977 0.000172 18.801737 -44.636581 44.589292 2.466139 -1.576207 2.681735 2.968768 17.920272 17.601558 2.837343 4.619650 0.572764 -10.866874 -9.280024 10.285901 -0.000004 -0.000003 -0.000003 9.109294 -0.518029 2.259868 3.957236 1.975762 -8.140724 2.060139 4.465133 -49.498821 2.144669 4.523636 -50.651341 0.000000 -0.000001 -0.000005 9.533405 0.000030 0.000041 0.412502 4.350832 -19.432067 1.961147 4.377750 -48.293758 3.179157 5.208524 -62.776877 0.000001 0.000004 0.000000 9.104527 -0.043031 -1.865076 2.197642 7.082964 -38.321811 1.989835 4.398759 -48.649979 2.971585 5.094957 -60.469816 -0.000003 0.000006 -0.000008 8.077805 -0.486874 -3.806272 -11.127305 13.649590 -34.511693 3.470941 5.117572 -63.926807 3.435848 5.125506 -63.623321 0.000002 0.000006 0.000007 -8.207787 -6.751678 -1.599572 -64.811426 11.907005 -35.301283 82.619204 9.226640 -3.427631 -34.716687 1.461760 17.134781 -0.404240 -0.000001 -0.000005 0.000000 -0.000000 -0.000001 8.207791 -6.751711 -1.599554 -66.139611 -6.716150 28.001641 70.794863 -9.167537 1.299257 -23.929252 -0.148088 -27.432797 1.676315 -0.000004 0.000006 -0.000000 -0.000000 -0.000000 
0.792091 69.920235 -6.819871 17.203448 4.052429 5.713677 -0.000004 10.181593 0.131523 33.109622 -3.550452 -1.421721 -1.295259 -0.064851 -6.871704 -1.481085 -0.582121 -6.831481 0.000003 16.740395 -2.049042 -11.259342 -1.948404 -0.598393 -0.000003 9.617895 1.684999 -34.142009 -10.416483 3.860917 0.000002 22.037384 7.501091 0.000004 -0.000000 -0.000000 -4.569972 11.014912 -2.160885 7.080337 0.606617 20.674604 -6.609496 -9.150428 51.567228 -0.000023 143.674231 0.000005 56.651645 17.400988 -32.292561 -2.464792 -1.573983 2.681851 2.231556 -14.291104 -19.662781 3.853750 -7.479770 -1.760147 0.998190 -19.992080 -21.178924 -0.000002 -0.000006 0.000011 -9.108285 -0.517867 2.259838 9.781766 8.050717 12.787094 0.838807 -2.649638 35.024127 1.059803 -2.970317 39.399386 -0.000001 -0.000004 -0.000002 -9.532502 -0.000041 -0.000022 -0.345639 -0.866941 11.825860 1.225857 -3.093714 43.001034 2.001376 -3.867086 55.236850 0.000001 -0.000004 0.000006 -9.103589 -0.043066 -1.865130 2.042345 -7.178772 27.974307 1.360608 -3.309515 44.814616 1.544219 -3.458325 47.770934 0.000001 -0.000005 -0.000000 -8.076689 -0.486701 -3.806282 -9.879205 -16.869889 27.947133 1.787024 -3.732147 53.868486 1.492385 -3.576266 48.393328 -0.000002 -0.000000 -0.000009 4.570448 11.014720 -2.160864 3.958349 9.322361 -30.278638 -16.808243 -6.687971 -26.669618 0.000037 -139.863519 0.000156 14.081657 -50.666716 41.373622 2.466159 -1.576205 2.681741 2.479609 15.856788 18.419743 2.119085 3.169403 0.187372 -11.100139 -9.673826 10.066761 0.000001 0.000002 -0.000001 9.109312 -0.518051 2.259872 3.906835 1.718277 -6.769350 1.879152 4.304829 -47.129309 1.960595 4.366640 -48.280391 0.000003 0.000002 0.000003 9.533415 0.000030 0.000046 0.365963 4.217099 -18.055192 1.783828 4.213402 -45.924734 2.965881 5.093651 -60.401275 0.000001 -0.000001 0.000000 9.104549 -0.043031 -1.865075 2.186431 7.170312 -36.026185 1.812032 4.236165 -46.289012 2.764484 4.972436 -58.110095 -0.000002 0.000001 0.000004 8.077803 -0.486872 -3.806265 -10.584947 13.960318 -32.005464 3.231640 5.004794 -61.333787 3.197294 5.011160 -61.030192 -0.000002 0.000005 -0.000001 -8.207787 -6.751660 -1.599567 -64.031610 13.984606 -35.693551 87.069039 9.124200 -3.585085 -37.024413 2.258398 17.748496 -0.412311 -0.000000 -0.000005 -0.000000 -0.000000 -0.000000 8.207793 -6.751695 -1.599556 -64.152231 -8.157356 27.770347 73.965389 -9.115028 2.289556 -25.338294 1.331826 -29.272869 1.697984 -0.000008 -0.000007 0.000000 -0.000000 0.000000 
0.203773 68.058304 -6.590773 14.158500 3.269885 6.302766 -0.000006 10.181591 0.131522 35.222995 -3.871491 -0.289314 0.499387 -0.731670 -8.146877 0.375150 -1.310123 -8.165599 0.000001 16.740385 -2.049030 -10.402329 -1.545592 -0.348454 -0.000002 9.617900 1.685016 -35.919207 -9.490789 4.321712 0.000002 22.037369 7.501095 -0.000003 -0.000000 -0.000000 -4.569975 11.014899 -2.160885 10.610014 3.622056 19.180887 -5.522211 -8.209156 51.549914 -0.000018 142.273373 0.000003 60.466668 20.620877 -37.834310 -2.464795 -1.573973 2.681847 2.100061 -11.815344 -19.889043 3.149349 -5.963793 -1.414302 -0.313159 -16.327405 -20.014918 0.000002 -0.000006 -0.000001 -9.108283 -0.517846 2.259833 9.673383 8.163998 10.192021 0.677975 -2.403024 31.403362 0.835396 -2.674026 34.826878 0.000001 -0.000002 -0.000002 -9.532509 -0.000046 -0.000026 -0.246770 -0.803367 9.141787 0.991291 -2.817303 38.540633 1.718406 -3.654482 50.878725 0.000002 0.000000 0.000010 -9.103597 -0.043067 -1.865133 2.148864 -7.952808 24.051680 1.129332 -3.060248 40.630115 1.306069 -3.228637 43.698416 0.000003 -0.000001 0.000003 -8.076687 -0.486695 -3.806283 -10.079362 -17.761968 23.231437 1.490261 -3.479633 49.073625 1.223616 -3.306332 43.705475 0.000001 0.000003 -0.000005 4.570446 11.014719 -2.160854 3.462185 10.339378 -28.924519 -18.452857 0.002027 -25.397664 0.000027 -141.480566 0.000151 8.309273 -56.860946 34.748345 2.466125 -1.576216 2.681736 2.023595 13.484428 19.137427 1.259499 1.462120 -0.289978 -11.339042 -10.072793 9.842077 0.000005 0.000002 -0.000006 9.109291 -0.518030 2.259872 3.889922 1.387773 -4.109312 1.548135 3.973564 -42.540566 1.623269 4.041534 -43.688984 -0.000004 0.000002 -0.000007 9.533396 0.000030 0.000046 0.285114 3.955185 -15.387940 1.460367 3.874822 -41.336793 2.567162 4.846528 -55.800330 0.000003 0.000008 -0.000007 9.104523 -0.043030 -1.865074 1.993928 7.140569 -31.600748 1.486835 3.900323 -41.708362 2.377690 4.710773 -53.530429 -0.000001 0.000006 0.000007 8.077780 -0.486871 -3.806264 -10.444124 13.855951 -27.348697 2.783757 4.756112 -56.312048 2.750998 4.759510 -56.007616 0.000002 -0.000004 0.000003 -8.207788 -6.751668 -1.599562 -62.425627 15.353429 -36.277283 90.608265 9.050927 -3.488583 -38.984934 3.461826 18.151217 -0.417336 0.000005 -0.000007 -0.000000 -0.000000 -0.000001 8.207792 -6.751699 -1.599549 -61.588355 -9.343089 27.985059 76.947777 -9.065146 3.098601 -27.170250 2.518566 -30.241096 1.719760 -0.000008 0.000005 -0.000000 -0.000000 0.000000 
-0.303729 67.009521 -6.643479 9.532092 2.227646 6.929015 -0.000004 10.181580 0.131517 37.968093 -3.921337 1.443993 3.389095 -1.138526 -9.719445 3.311067 -1.944575 -9.736873 0.000000 16.740400 -2.049051 -9.597001 -1.281522 0.197109 -0.000002 9.617895 1.685006 -36.924474 -8.247740 4.033587 0.000003 22.037369 7.501094 -0.000000 -0.000000 -0.000000 -4.569970 11.014946 -2.160893 14.760285 6.970586 17.396610 -7.120166 -5.674066 50.542730 -0.000047 139.629871 0.000012 65.366673 22.096586 -41.361761 -2.464801 -1.573969 2.681850 1.929460 -8.513012 -20.141666 2.193122 -3.935815 -0.923093 -2.155628 -11.448661 -18.354762 -0.000002 0.000001 0.000014 -9.108285 -0.517880 2.259840 9.562635 8.364367 6.713077 0.487311 -2.057139 26.547547 0.572872 -2.250284 28.695612 0.000001 0.000003 -0.000009 -9.532507 -0.000040 -0.000024 -0.121798 -0.731076 5.537990 0.711776 -2.419413 32.558726 1.364690 -3.335567 45.014737 -0.000004 0.000003 0.000008 -9.103600 -0.043082 -1.865126 2.104652 -9.037483 18.800570 0.845607 -2.696009 34.948893 1.010131 -2.890886 38.172025 -0.000001 0.000001 0.000001 -8.076683 -0.486702 -3.806274 -10.738170 -18.997900 16.955788 1.115600 -3.089927 42.421909 0.894940 -2.905232 37.324446 -0.000002 0.000000 -0.000008 4.570458 11.014743 -2.160865 2.682895 11.304982 -25.544919 -18.522126 3.777247 -25.585574 0.000045 -139.603179 0.000148 5.652423 -63.072180 28.455722 2.466141 -1.576199 2.681737 1.578000 10.946906 19.787278 0.309521 -0.386835 -0.836961 -11.580284 -10.471095 9.615296 0.000002 0.000005 0.000004 9.109304 -0.518043 2.259871 3.923694 1.010653 -0.540041 1.147979 3.489722 -36.389581 1.213916 3.565073 -37.534939 -0.000002 0.000004 -0.000003 9.533423 0.000028 0.000044 0.196261 3.599072 -11.811114 1.071216 3.382139 -35.187106 2.066096 4.466455 -49.632560 0.000003 0.000005 0.000001 9.104535 -0.043030 -1.865074 1.665329 7.009788 -25.673645 1.094608 3.410750 -35.563781 1.893943 4.312743 -47.387692 0.000002 0.000006 0.000007 8.077803 -0.486869 -3.806269 -10.658793 13.471763 -21.171636 2.220652 4.362992 -49.580466 2.190470 4.362652 -49.275396 -0.000001 0.000005 0.000000 -8.207787 -6.751682 -1.599565 -59.021065 15.967476 -37.035478 92.870991 9.003917 -3.478263 -40.212093 5.007727 18.387964 -0.420681 0.000001 0.000000 -0.000000 -0.000001 -0.000000 8.207788 -6.751703 -1.599551 -57.231487 -9.552645 28.390969 78.866405 -9.053330 3.734987 -28.451855 3.084432 -30.148926 1.741573 0.000003 -0.000004 0.000000 -0.000000 0.000000 
-0.795732 67.119308 -6.926867 3.873224 0.596154 7.651691 -0.000004 10.181594 0.131520 40.270474 -4.221669 2.027084 6.785768 -2.164805 -10.413183 6.891549 -3.340252 -10.322464 0.000003 16.740396 -2.049032 -8.474196 -0.478805 0.622453 0.000003 9.617901 1.685006 -34.935318 -5.326314 3.924070 0.000001 22.037354 7.501094 0.000004 -0.000000 0.000000 -4.569973 11.014925 -2.160885 19.724618 9.737760 14.939420 -14.240985 1.563520 47.502528 -0.000002 132.803234 0.000022 68.026225 23.222951 -40.864943 -2.464802 -1.573965 2.681852 1.686133 -4.735236 -20.457166 1.076551 -1.616020 -0.319636 -4.412137 -5.907262 -16.291287 0.000004 -0.000006 -0.000001 -9.108283 -0.517878 2.259839 9.491720 8.657482 2.720838 0.305421 -1.641663 20.972670 0.329301 -1.732336 21.657857 0.000001 0.000009 -0.000004 -9.532507 -0.000044 -0.000022 0.008889 -0.663257 1.395763 0.443971 -1.929269 25.689938 0.999343 -2.924574 38.245450 0.000000 -0.000001 -0.000001 -9.103590 -0.043087 -1.865131 1.781914 -10.312622 12.778657 0.562997 -2.239563 28.344815 0.704781 -2.457917 31.653456 0.000001 0.000002 -0.000000 -8.076692 -0.486708 -3.806286 -12.030258 -20.379413 9.815230 0.732761 -2.574129 34.520087 0.564990 -2.383989 29.735461 -0.000001 -0.000010 -0.000005 4.570449 11.014712 -2.160848 1.336304 10.890416 -21.868656 -16.418895 7.659074 -24.809158 0.000044 -135.825155 0.000131 9.094578 -65.071233 26.826978 2.466134 -1.576208 2.681731 1.125280 8.386707 20.399378 -0.371711 -0.596977 -1.199878 -11.821627 -10.865373 9.388057 0.000001 0.000001 -0.000003 9.109315 -0.518033 2.259874 4.016252 0.617620 3.559737 0.755727 2.884998 -29.332722 0.810248 2.967547 -30.474361 -0.000003 0.000006 0.000005 9.533405 0.000034 0.000043 0.122176 3.185175 -7.704907 0.692631 2.768788 -28.131546 1.545321 3.966742 -42.556658 -0.000003 0.000004 0.000002 9.104539 -0.043032 -1.865075 1.253160 6.790237 -18.873853 0.711931 2.800260 -28.510480 1.394684 3.794664 -40.335334 -0.000004 0.000003 0.000007 8.077803 -0.486863 -3.806261 -11.154768 12.890280 -14.119299 1.636422 3.834006 -41.857988 1.609754 3.829802 -41.552443 0.000003 -0.000007 0.000002 -8.207781 -6.751664 -1.599564 -54.132548 16.022997 -36.986038 93.534871 8.997156 -3.944175 -40.570709 5.855157 18.077766 -0.422716 -0.000004 0.000000 0.000000 -0.000000 -0.000000 8.207794 -6.751696 -1.599555 -51.242862 -8.291070 29.019923 79.141279 -9.098597 4.159274 -28.896809 3.352772 -28.835884 1.763452 -0.000002 -0.000005 0.000000 -0.000000 0.000000 
-1.459805 68.395020 -7.244774 -0.668502 -0.901475 8.242479 -0.000004 10.181594 0.131523 40.225897 -3.785520 2.143272 9.849357 -2.322186 -9.998868 9.979918 -3.668875 -9.670720 0.000003 16.740393 -2.049023 -5.744649 -0.451012 0.025154 0.000001 9.617905 1.685015 -26.128382 -3.939516 1.165459 0.000001 22.037369 7.501091 -0.000000 0.000000 -0.000000 -4.569966 11.014925 -2.160878 24.989576 12.423626 12.193973 -22.446020 7.408792 44.817666 0.000012 124.508475 -0.000014 68.980007 24.864423 -35.685498 -2.464796 -1.573980 2.681851 1.352059 -0.832128 -20.855001 -0.089378 0.678560 0.340132 -6.944225 -0.243884 -13.946071 0.000001 0.000003 0.000002 -9.108283 -0.517877 2.259836 9.490559 9.024805 -1.415731 0.160403 -1.194249 15.193860 0.145794 -1.167888 14.363379 0.000001 0.000000 -0.000001 -9.532500 -0.000057 -0.000026 0.128015 -0.607654 -2.903148 0.230217 -1.390692 18.567215 0.671648 -2.451257 31.161539 -0.000000 -0.000004 0.000010 -9.103585 -0.043067 -1.865131 1.135951 -11.620999 6.534591 0.325362 -1.729776 21.429532 0.433713 -1.956986 24.648609 0.000001 0.000002 0.000002 -8.076680 -0.486719 -3.806275 -13.935340 -21.662317 2.486309 0.406716 -1.971180 26.091966 0.289393 -1.777278 21.541612 0.000000 -0.000000 0.000000 4.570451 11.014722 -2.160850 0.226934 9.605888 -20.121780 -13.294549 5.641285 -24.348084 0.000069 -126.154031 0.000184 10.222907 -61.621946 21.216917 2.466142 -1.576207 2.681740 0.653941 5.944367 21.000112 -0.921626 -0.281501 -1.498067 -12.061935 -11.253768 9.161768 0.000002 0.000003 -0.000005 9.109297 -0.518034 2.259875 4.162338 0.240786 7.811684 0.430861 2.212036 -22.022500 0.472776 2.300537 -23.160739 -0.000002 -0.000006 -0.000004 9.533406 0.000036 0.000046 0.077014 2.753024 -3.448599 0.382909 2.088705 -20.822366 1.074992 3.385127 -35.228313 -0.000000 0.000001 -0.000001 9.104541 -0.043030 -1.865074 0.812098 6.500855 -11.830236 0.397515 2.122361 -21.201008 0.948198 3.196467 -33.023907 -0.000002 0.000002 -0.000003 8.077806 -0.486865 -3.806262 -11.833973 12.169441 -6.842186 1.111856 3.208016 -33.860618 1.089302 3.200233 -33.553994 0.000001 0.000004 -0.000004 -8.207782 -6.751671 -1.599567 -49.499610 15.534087 -35.954140 92.699628 8.729666 -4.657411 -40.280808 5.594788 17.101619 -0.424126 -0.000000 0.000002 0.000000 0.000000 0.000001 8.207791 -6.751705 -1.599551 -46.355698 -5.809220 29.898750 77.974389 -9.355341 4.106562 -28.173444 2.680369 -24.517806 0.752762 -0.000001 -0.000001 0.000000 -0.000000 -0.000000 
-2.142191 69.450119 -7.234995 -2.437432 -1.388181 8.856265 -0.000004 10.181580 0.131516 37.943736 -2.630794 2.294303 12.353594 -1.510545 -8.643851 12.268702 -2.643109 -8.303584 0.000001 16.740398 -2.049038 -1.745636 -1.138543 -0.909581 -0.000000 9.617878 1.685020 -13.377404 -5.276241 -1.699336 0.000004 22.037354 7.501093 0.000000 0.000000 0.000001 -4.569971 11.014911 -2.160892 30.125669 15.808242 9.232013 -25.933929 7.156995 39.359354 -0.000027 120.129709 0.000033 67.962158 24.015037 -29.457226 -2.464800 -1.573974 2.681849 0.925711 2.852005 -21.339553 -0.845143 0.669921 0.739998 -9.556447 5.018006 -11.501677 -0.000000 0.000000 -0.000001 -9.108281 -0.517883 2.259845 9.565162 9.423539 -5.329120 0.065302 -0.759263 9.724649 0.039464 -0.616200 7.460864 -0.000000 0.000003 0.000001 -9.532498 -0.000060 -0.000021 0.223818 -0.566157 -6.975904 0.090857 -0.859795 11.823345 0.413830 -1.960910 24.348851 -0.000001 -0.000010 0.000008 -9.103588 -0.043078 -1.865127 0.234238 -12.800920 0.616884 0.157604 -1.220510 14.840126 0.229616 -1.438378 17.797900 -0.000001 -0.000005 -0.000008 -8.076673 -0.486717 -3.806273 -16.214029 -22.649619 -4.370191 0.178759 -1.348393 17.942953 0.106928 -1.154813 13.570354 0.000001 -0.000002 0.000002 4.570452 11.014730 -2.160857 -0.414643 6.548369 -19.978974 -10.109422 1.178627 -23.216317 0.000067 -114.878618 0.000192 12.868432 -59.647735 16.985306 2.466139 -1.576211 2.681731 0.158029 3.758287 21.614021 -1.402011 0.004082 -1.780888 -12.300424 -11.635431 8.936743 0.000003 0.000007 -0.000008 9.109293 -0.518040 2.259878 4.342305 -0.089997 11.837686 0.204725 1.541771 -15.108215 0.234171 1.634372 -16.243761 -0.000001 -0.000001 0.000000 9.533405 0.000033 0.000044 0.063838 2.345162 0.579668 0.171829 1.413495 -13.908593 0.701873 2.783621 -28.299374 -0.000004 -0.000005 -0.000000 9.104524 -0.043024 -1.865073 0.394099 6.173630 -5.169388 0.181703 1.448490 -14.285579 0.598893 2.581599 -26.103474 -0.000005 0.000006 0.000000 8.077786 -0.486875 -3.806264 -12.579050 11.374482 0.011196 0.700401 2.553631 -26.299157 0.682190 2.543134 -25.991902 -0.000001 -0.000000 0.000001 -8.207785 -6.751668 -1.599572 -46.959552 15.280158 -34.975910 91.886262 8.659842 -5.236165 -40.228561 4.310807 16.284610 -0.425527 -0.000004 0.000003 0.000000 0.000000 0.000000 8.207792 -6.751703 -1.599550 -45.427892 -4.592060 31.614080 76.952668 -9.523601 3.205065 -21.380109 -3.640844 -24.534729 -6.608475 -0.000001 0.000000 -0.000000 0.000000 0.000000 
-2.716244 71.053329 -7.181541 -2.674406 -0.830055 9.602805 -0.000005 10.181568 0.131524 34.837605 -2.039031 1.872409 13.219371 -1.792132 -6.448572 13.045292 -2.627733 -6.202748 0.000002 16.740404 -2.049030 2.570772 -1.081788 -1.300191 0.000002 9.617886 1.685016 -1.983296 -4.607196 -2.912388 0.000004 22.037354 7.501104 0.000002 -0.000001 0.000000 -4.569968 11.014927 -2.160888 35.458319 17.912764 6.174009 -27.838900 9.705940 32.419800 -0.000043 112.863794 0.000035 64.556612 23.891778 -24.312009 -2.464800 -1.573970 2.681846 0.421150 5.974196 -21.909859 -1.417722 0.334910 1.061665 -11.973897 9.401963 -9.222239 -0.000001 -0.000003 0.000006 -9.108276 -0.517872 2.259836 9.691437 9.794392 -8.652531 0.017402 -0.383929 5.078319 0.001797 -0.140103 1.595889 0.000003 -0.000006 -0.000001 -9.532498 -0.000050 -0.000022 0.291327 -0.537443 -10.438553 0.022125 -0.398154 6.091545 0.237588 -1.509922 18.397813 0.000000 -0.000003 0.000002 -9.103586 -0.043070 -1.865127 -0.747980 -13.726529 -4.420117 0.061535 -0.773294 9.221645 0.103737 -0.971167 11.853171 -0.000002 -0.000005 0.000001 -8.076681 -0.486716 -3.806279 -18.463764 -23.264919 -10.116933 0.054751 -0.789372 10.911597 0.020488 -0.604616 6.730372 -0.000000 -0.000010 -0.000003 4.570451 11.014708 -2.160840 -0.477572 1.329376 -18.304591 -3.444102 0.606667 -21.572604 0.000246 -104.851511 0.000374 24.458018 -60.506289 23.569340 2.466150 -1.576183 2.681735 -0.366614 1.911718 22.245842 -1.785075 0.238890 -2.022519 -12.535209 -12.007557 8.714888 0.000004 0.000010 -0.000003 9.109303 -0.518042 2.259868 4.520793 -0.405445 15.243871 0.077253 0.954263 -9.236448 0.095797 1.049197 -10.370197 0.000000 0.000001 0.000006 9.533405 0.000040 0.000047 0.077790 1.950093 3.982148 0.057509 0.823280 -8.037070 0.443967 2.240269 -22.417567 0.000002 0.000001 0.000002 9.104530 -0.043012 -1.865079 0.045393 5.802533 0.462191 0.063235 0.858684 -8.410067 0.362094 2.028788 -20.223405 -0.000001 -0.000004 -0.000004 8.077787 -0.486842 -3.806268 -13.261320 10.555262 5.770864 0.421206 1.959161 -19.880674 0.406950 1.946745 -19.572947 0.000000 0.000005 -0.000006 -8.207783 -6.751684 -1.599559 -45.288088 14.372163 -34.627290 89.951255 8.736751 -5.706504 -39.683823 2.794130 15.662368 -0.427552 -0.000003 -0.000002 0.000000 0.000000 -0.000000 8.207796 -6.751715 -1.599545 -46.370615 -3.903492 32.844536 74.809293 -9.764059 1.901587 -11.692864 -11.731158 -23.601852 -15.259712 0.000008 -0.000004 -0.000000 0.000001 -0.000000 
-2.986672 74.130020 -7.415914 -2.883891 0.104525 10.030419 -0.000002 10.181595 0.131525 32.426948 -1.945385 2.266596 12.323268 -3.156403 -4.629224 12.150168 -3.871951 -4.338175 0.000001 16.740362 -2.049040 6.127600 -0.955518 -1.134371 0.000000 9.617915 1.685005 8.078089 -3.377209 -3.547422 0.000004 22.037369 7.501093 -0.000000 -0.000000 -0.000001 -4.569971 11.014918 -2.160889 40.674046 17.831619 3.470323 -29.036193 18.740024 26.353136 -0.000193 98.968458 0.000268 60.232727 26.220719 -21.265688 -2.464794 -1.573966 2.681843 -0.135593 8.204657 -22.567879 -1.813842 0.095288 1.302011 -13.824519 12.467625 -7.468958 0.000001 -0.000002 -0.000002 -9.108274 -0.517862 2.259832 9.818766 10.073469 -11.021669 0.001899 -0.114782 1.768908 0.004739 0.199778 -2.577101 0.000000 0.000003 -0.000001 -9.532498 -0.000047 -0.000026 0.331327 -0.519612 -12.907670 0.001462 -0.066264 2.008943 0.136112 -1.158826 13.908336 -0.000001 -0.000000 0.000001 -9.103584 -0.043085 -1.865130 -1.563947 -14.328106 -8.013522 0.019975 -0.449365 5.211781 0.043463 -0.628323 7.578700 -0.000004 0.000001 -0.000001 -8.076681 -0.486720 -3.806277 -20.013129 -22.826484 -14.014235 0.007796 -0.371722 5.753266 -0.000770 -0.208267 1.857550 -0.000002 0.000004 -0.000002 4.570445 11.014713 -2.160860 -0.131382 -2.705360 -15.919050 5.565662 -2.444966 -20.678796 0.002153 -91.522499 0.002708 36.881027 -59.761922 29.558176 2.466125 -1.576196 2.681732 7.105115 -7.073444 27.250793 -2.045794 0.402371 -2.195636 -12.764118 -12.367033 8.498214 0.000006 0.000004 -0.000001 9.109306 -0.518048 2.259873 12.796554 -7.849248 22.728648 0.023446 0.529257 -5.054487 0.034142 0.625197 -6.187187 -0.000003 0.000002 0.000000 9.533400 0.000051 0.000046 2.166892 -7.353377 11.238387 0.023755 0.531273 -5.167883 0.298525 1.849188 -18.340127 -0.000002 0.000003 -0.000003 9.104520 -0.043034 -1.865076 1.130189 -3.333556 8.962386 0.021291 0.498924 -4.874563 0.230241 1.627146 -16.093379 -0.000002 -0.000002 -0.000001 8.077781 -0.486855 -3.806262 -6.269034 1.428938 12.321090 0.263812 1.518434 -15.310998 0.252479 1.504910 -15.002480 -0.000001 -0.000001 0.000001 -8.207784 -6.751671 -1.599561 -43.031933 11.898642 -34.622068 85.329758 8.872224 -6.060433 -37.594208 1.838639 14.959847 -0.431637 -0.000002 0.000007 0.000000 0.000000 -0.000000 8.207795 -6.751701 -1.599560 -46.179472 -2.130921 32.524538 70.484335 -9.801946 1.465803 -6.474593 -11.308597 -21.188726 -10.880264 0.000008 -0.000003 -0.000000 -0.000001 0.000000 
-2.822417 77.241882 -7.705923 -2.539307 0.154808 9.714285 -0.000006 10.181590 0.131524 30.857412 -2.080262 3.732372 10.852562 -4.722014 -4.137420 10.670554 -5.540699 -3.737513 0.000001 16.740381 -2.049026 7.905646 -0.186953 -0.799314 -0.000001 9.617881 1.685004 15.883923 -0.475049 -4.952861 0.000004 22.037369 7.501088 -0.000003 -0.000000 -0.000000 -4.569970 11.014911 -2.160889 42.698917 17.964130 2.317082 -27.854884 28.150039 23.016506 0.000290 83.929453 -0.000203 58.078622 31.598152 -19.180267 -2.464795 -1.573972 2.681848 -0.711834 9.222576 -23.331368 -1.981284 -0.008085 1.408487 -14.682029 13.808161 -6.654673 -0.000006 -0.000003 0.000005 -9.108275 -0.517866 2.259838 9.885163 10.200029 -12.069713 0.000019 0.003352 0.318442 0.013949 0.350118 -4.425984 0.000002 -0.000003 -0.000002 -9.532509 -0.000049 -0.000014 0.346715 -0.512180 -13.988162 -0.000118 0.081898 0.190386 0.093023 -0.967070 11.494593 0.000001 0.000001 0.000007 -9.103583 -0.043075 -1.865123 -1.952487 -14.575178 -9.596372 0.008827 -0.305107 3.435409 0.025053 -0.475799 5.692918 -0.000001 -0.000001 -0.000006 -8.076674 -0.486717 -3.806276 -20.560695 -22.136561 -15.615622 -0.001062 -0.180112 3.400125 0.000485 -0.036963 -0.244742 -0.000002 -0.000002 -0.000001 4.570449 11.014688 -2.160851 -0.311929 -4.341760 -16.612060 13.187924 -6.229148 -17.947560 -0.000296 -78.101909 -0.000258 40.287229 -58.138734 33.471899 2.466136 -1.576205 2.681732 8.951523 -25.366139 29.615799 -2.156708 0.472897 -2.271528 -12.987480 -12.714709 8.286537 0.000001 0.000004 -0.000001 9.109288 -0.518046 2.259863 15.867402 -25.256615 27.524235 0.009598 0.340913 -3.211445 0.016805 0.436919 -4.341926 -0.000003 0.000001 -0.000000 9.533401 0.000032 0.000043 6.997265 -24.609696 14.021803 0.010588 0.356208 -3.454671 0.239414 1.660524 -16.408864 -0.000000 -0.000001 0.000000 9.104528 -0.043034 -1.865077 5.004395 -20.866306 11.533305 0.008571 0.316637 -3.091405 0.179284 1.438959 -14.189618 -0.000002 0.000001 -0.000002 8.077779 -0.486875 -3.806267 -4.886559 -16.362867 11.488814 0.205684 1.320369 -13.296529 0.195669 1.306417 -12.987661 -0.000001 0.000002 0.000001 -8.207783 -6.751661 -1.599561 -41.594814 9.354059 -34.286880 79.802796 9.073126 -6.074555 -34.741347 2.096359 14.907704 -0.436928 -0.000001 -0.000003 -0.000000 0.000000 -0.000001 8.207788 -6.751707 -1.599558 -45.097605 0.075594 32.274625 65.683614 -9.614601 1.535028 -6.550131 -6.601786 -20.000298 -0.881419 0.000002 0.000010 -0.000001 -0.000000 0.000000 
-2.250549 78.864441 -7.855467 -0.873596 -1.119453 9.085745 -0.000004 10.181582 0.131517 29.508019 -2.320719 5.188343 9.920415 -5.475327 -4.397811 9.707627 -6.427109 -3.937713 0.000003 16.740389 -2.049026 7.708030 0.670909 -0.566176 -0.000001 9.617889 1.685006 17.987558 2.442993 -6.616064 0.000002 22.037354 7.501099 -0.000004 0.000000 0.000000 -4.569968 11.014917 -2.160875 43.549628 18.043809 1.780595 -25.106247 34.531036 19.767315 0.000005 74.137277 -0.000019 57.296005 35.556411 -17.605033 -2.464798 -1.573979 2.681846 -1.370046 8.710329 -24.379295 -1.944435 0.014149 1.387003 -14.078715 12.904688 -7.207185 0.000003 -0.000008 0.000004 -9.108279 -0.517875 2.259832 9.777051 10.069523 -10.888033 0.000500 -0.050736 0.982500 0.008062 0.263744 -3.363081 -0.000001 0.000001 0.000001 -9.532506 -0.000043 -0.000018 0.317857 -0.519893 -11.964926 0.000208 -0.001661 1.215930 0.041256 -0.659172 7.660826 -0.000003 -0.000002 -0.000001 -9.103584 -0.043073 -1.865125 -1.754379 -14.554773 -8.739768 0.014686 -0.388062 4.456234 0.035001 -0.563356 6.774358 0.000003 0.000001 0.000000 -8.076672 -0.486711 -3.806278 -20.155531 -22.651269 -14.425511 0.001623 -0.258802 4.365832 -0.000791 -0.106173 0.604677 0.000002 0.000001 0.000002 4.570450 11.014710 -2.160843 -0.109486 -4.895685 -16.473776 21.045433 -10.085154 -15.012997 -0.000175 -69.171942 -0.000172 41.183677 -55.550885 38.415825 2.466141 -1.576190 2.681734 2.918375 -22.356159 25.921454 -2.069058 0.418962 -2.218054 -13.206721 -13.052865 8.078636 0.000003 0.000005 -0.000005 9.109287 -0.518036 2.259870 10.433712 -22.592430 21.108464 0.015917 0.436979 -4.150875 0.025906 0.544002 -5.390868 0.000001 0.000001 0.000001 9.533410 0.000027 0.000041 3.618303 -20.927631 7.880939 0.011094 0.364482 -3.535651 0.215348 1.576563 -15.555930 0.000006 -0.000001 0.000000 9.104529 -0.043027 -1.865071 2.430131 -17.183325 6.161293 0.009498 0.333152 -3.252884 0.206234 1.541534 -15.225060 0.000001 -0.000000 -0.000001 8.077786 -0.486875 -3.806267 -9.132927 -12.418577 7.118891 0.232322 1.414376 -14.249977 0.221701 1.400657 -13.941562 0.000000 0.000000 0.000000 -8.207784 -6.751685 -1.599569 -42.515059 8.493691 -33.698835 75.874878 9.036776 -5.721570 -32.404309 3.673744 15.985547 -0.443333 0.000005 -0.000001 0.000000 -0.000000 0.000000 8.207787 -6.751715 -1.599556 -44.667074 1.634578 33.239280 62.745123 -9.585125 1.055687 -10.372099 -5.509703 -19.298821 1.902250 0.000001 -0.000004 -0.000000 -0.000000 -0.000001 
-1.472123 79.577110 -7.941560 1.744093 -3.238039 8.401827 -0.000006 10.181582 0.131519 28.193781 -2.405238 5.860199 8.892570 -5.413759 -4.383402 8.642128 -6.371822 -3.961753 0.000002 16.740395 -2.049036 6.508482 1.125548 -0.324547 -0.000001 9.617870 1.685012 16.441737 4.367590 -7.398269 -0.000000 22.037354 7.501105 0.000002 -0.000000 0.000000 -4.569967 11.014925 -2.160881 43.708481 17.788780 1.650287 -20.752237 37.958489 16.058340 0.000028 68.606648 -0.000044 56.917565 37.985124 -16.368058 -2.464798 -1.574000 2.681853 -2.197677 6.823560 -25.881696 -1.792141 0.106024 1.297768 -12.138827 9.832354 -8.980021 0.000001 -0.000003 -0.000001 -9.108279 -0.517867 2.259835 9.476883 9.644651 -6.975398 0.007338 -0.243027 3.344425 0.000058 -0.032316 0.272745 -0.000004 -0.000003 0.000001 -9.532505 -0.000050 -0.000026 0.195028 -0.553301 -5.625932 0.012336 -0.283870 4.683737 0.000930 0.053258 -1.106925 0.000001 0.000000 -0.000000 -9.103584 -0.043086 -1.865126 -1.065622 -14.412722 -5.706935 0.045516 -0.668166 7.916269 0.081680 -0.862080 10.486717 0.000000 0.000004 -0.000004 -8.076676 -0.486723 -3.806276 -18.616502 -23.863527 -10.303957 0.021078 -0.529643 7.697662 0.003581 -0.364855 3.780204 0.000001 -0.000005 -0.000003 4.570449 11.014746 -2.160854 0.197595 -5.089986 -15.935624 29.265172 -14.622146 -12.570517 -0.000096 -62.264974 -0.000051 41.315107 -53.480327 43.783609 2.466136 -1.576210 2.681734 2.028994 -15.166367 26.874433 -1.773136 0.238828 -2.041437 -13.426264 -13.388013 7.870711 0.000004 0.000002 -0.000006 9.109295 -0.518030 2.259869 9.504080 -15.713412 15.218034 0.055948 0.813543 -7.847350 0.071882 0.908881 -8.980556 -0.000003 0.000002 0.000001 9.533403 0.000032 0.000045 1.082278 -13.935573 2.770232 0.051904 0.782697 -7.637438 0.170539 1.405938 -13.833091 -0.000003 -0.000002 0.000003 9.104526 -0.043025 -1.865080 0.774412 -10.413404 2.546938 0.046621 0.737663 -7.217807 0.314154 1.893659 -18.822905 0.000001 0.000002 0.000002 8.077783 -0.486859 -3.806259 -8.515456 -5.485436 4.966843 0.337634 1.739021 -17.581588 0.324820 1.726031 -17.273661 -0.000001 0.000000 0.000002 -8.207781 -6.751674 -1.599571 -45.113720 8.682877 -32.750938 73.139168 8.960507 -5.204155 -30.467845 5.749806 17.293728 -0.450127 -0.000002 -0.000010 0.000000 -0.000000 -0.000000 8.207782 -6.751703 -1.599561 -44.717692 2.808613 34.620774 60.407621 -9.658523 0.394919 -14.251590 -6.014065 -18.713378 1.925202 0.000006 0.000004 0.000000 0.000000 -0.000001 
-0.653181 79.964188 -8.024570 5.116841 -5.416109 7.544253 -0.000006 10.181591 0.131525 27.006819 -2.433534 6.201818 7.061981 -5.169208 -4.134097 6.771197 -6.036821 -3.783704 0.000002 16.740404 -2.049040 4.808992 1.246030 0.579266 0.000003 9.617860 1.685009 14.388623 6.197118 -7.665699 0.000003 22.037369 7.501093 -0.000001 0.000000 -0.000000 -4.569968 11.014910 -2.160880 43.159040 17.424144 1.902474 -14.983936 39.620073 12.806149 0.000009 66.198303 -0.000021 57.450920 38.774735 -16.567951 -2.464797 -1.573987 2.681846 -3.137397 4.017250 -27.756304 -1.565737 0.240878 1.168954 -9.514674 5.267981 -11.351264 -0.000000 -0.000003 0.000004 -9.108282 -0.517870 2.259836 9.171047 9.046882 -1.057392 0.031428 -0.522060 6.782961 0.021767 -0.460596 5.538519 -0.000006 0.000001 0.000000 -9.532507 -0.000044 -0.000024 -0.056581 -0.640586 3.354415 0.060548 -0.692823 9.740086 0.088570 0.865141 -11.143868 0.000002 0.000003 -0.000004 -9.103594 -0.043097 -1.865135 -0.085998 -14.124794 -1.129444 0.120539 -1.071839 12.958665 0.183174 -1.287251 15.856028 -0.000001 -0.000004 -0.000001 -8.076673 -0.486720 -3.806276 -16.097094 -23.917656 -3.927386 0.074321 -0.903869 12.336913 0.035607 -0.740564 8.409111 -0.000002 -0.000005 -0.000001 4.570447 11.014727 -2.160861 0.535865 -5.076623 -15.157918 37.745951 -18.787836 -10.653111 -0.000085 -57.385105 -0.000072 40.379795 -51.450442 49.132928 2.466140 -1.576212 2.681729 1.093970 -7.667850 28.897769 -1.337374 -0.019851 -1.796101 -13.635077 -13.703875 7.672480 0.000004 0.000007 0.000000 9.109301 -0.518040 2.259870 8.903360 -8.500149 8.152110 0.153743 1.339703 -13.073345 0.179506 1.433512 -14.210934 0.000003 0.000003 0.000004 9.533407 0.000036 0.000041 -0.392310 -6.232776 -3.606445 0.142868 1.290788 -12.677616 0.136366 1.259244 -12.362659 0.000002 -0.000002 0.000002 9.104527 -0.043025 -1.865078 -0.095061 -3.286218 -2.059111 0.136292 1.256905 -12.363056 0.510413 2.392808 -24.065226 -0.000001 -0.000000 0.000001 8.077781 -0.486862 -3.806269 -8.032630 1.424517 1.747573 0.524357 2.199570 -22.435396 0.508519 2.187905 -22.128642 0.000002 -0.000000 -0.000003 -8.207783 -6.751670 -1.599562 -48.542247 9.023461 -31.216137 70.765247 8.973655 -4.561658 -28.656441 7.394312 18.303182 -0.456172 -0.000000 -0.000001 -0.000000 -0.000000 -0.000000 8.207788 -6.751707 -1.599561 -45.636804 3.831287 36.090737 57.989290 -9.680581 -0.355406 -14.976634 -6.705235 -18.660400 1.496308 0.000003 0.000009 -0.000000 0.000000 0.000000 
0.285841 80.232712 -8.088303 9.224429 -7.282179 6.188563 -0.000006 10.181584 0.131520 25.461671 -2.612033 7.291095 4.317143 -5.293577 -4.331897 3.970546 -6.087396 -4.002406 -0.000000 16.740372 -2.049037 3.196047 1.248531 2.761534 -0.000003 9.617891 1.685009 13.223987 9.490880 -8.525055 0.000002 22.037354 7.501110 0.000008 0.000000 0.000000 -4.569970 11.014889 -2.160879 41.878840 17.213455 2.539811 -8.403125 41.662416 10.858490 0.000020 64.948706 -0.000012 59.306731 38.284037 -18.118682 -2.464782 -1.573990 2.681835 -8.519273 6.167287 -32.916891 -1.305692 0.393349 1.026236 -6.775262 -0.039858 -13.785624 0.000004 -0.000001 0.000004 -9.108276 -0.517867 2.259831 5.240192 13.018907 1.744944 0.079095 -0.836924 10.693043 0.094240 -0.943631 11.537529 0.000001 -0.000003 -0.000002 -9.532499 -0.000061 -0.000028 -1.296918 4.989987 10.256020 0.142958 -1.089483 14.715569 0.158825 1.167222 -14.952582 0.000001 -0.000008 -0.000004 -9.103584 -0.043074 -1.865137 0.315602 -8.214284 2.430194 0.233641 -1.475946 18.113687 0.352248 -1.771079 22.154506 0.000003 0.000003 -0.000000 -8.076669 -0.486707 -3.806287 -14.193429 -17.296332 2.585024 0.176180 -1.339383 17.828085 0.111191 -1.174089 13.812579 0.000001 -0.000006 0.000002 4.570446 11.014705 -2.160857 0.889296 -4.904159 -14.204404 46.381110 -21.287369 -9.515166 -0.000063 -54.569397 -0.000044 39.221128 -48.785603 55.173199 2.466143 -1.576209 2.681731 -2.332059 0.508037 29.532601 -0.830696 -0.311218 -1.531590 -13.828147 -13.993663 7.488541 0.000008 0.000004 -0.000008 9.109304 -0.518046 2.259872 6.010756 -0.983374 -1.090350 0.322640 1.924152 -19.017333 0.359331 2.014950 -20.157821 -0.000002 -0.000002 0.000004 9.533414 0.000027 0.000036 -0.212183 1.567341 -12.400220 0.285305 1.811215 -17.948381 0.139387 1.272899 -12.499135 0.000001 0.000001 -0.000001 9.104541 -0.043036 -1.865076 0.284150 4.002668 -9.257501 0.289985 1.821356 -18.078027 0.786929 2.933907 -30.009256 -0.000001 -0.000002 0.000004 8.077792 -0.486855 -3.806265 -9.941467 9.026629 -3.908297 0.783161 2.701712 -27.956634 0.764046 2.691875 -27.651107 0.000002 -0.000009 -0.000002 -8.207784 -6.751667 -1.599563 -52.433306 8.841443 -29.324987 68.166791 9.018776 -3.580002 -26.777041 8.668340 19.250256 -0.462999 -0.000000 -0.000002 0.000000 -0.000000 -0.000000 8.207785 -6.751706 -1.599563 -47.812099 4.515538 37.628844 56.226431 -9.632026 -0.901792 -15.067686 -6.027776 -19.502190 -1.937883 -0.000001 -0.000010 0.000000 -0.000000 0.000001 
1.484033 79.866669 -8.054811 13.668744 -8.933548 4.188358 -0.000004 10.181588 0.131522 23.937469 -2.538495 9.466450 1.558125 -5.246912 -4.798229 1.097817 -5.977333 -4.470802 0.000002 16.740398 -2.049037 1.806814 0.908678 5.867724 0.000003 9.617874 1.685016 11.560578 13.035379 -8.519934 0.000001 22.037354 7.501103 -0.000003 -0.000000 0.000000 -4.569970 11.014908 -2.160883 39.930922 16.808146 3.522733 -1.618695 42.386563 9.555849 0.000009 65.910540 0.000010 61.008718 37.322121 -18.297597 -2.464789 -1.573989 2.681852 -9.627071 2.376064 -34.961235 -1.051644 0.539938 0.891768 -4.342312 -5.255389 -15.905390 0.000003 -0.000001 0.000004 -9.108279 -0.517880 2.259840 5.243410 12.080258 9.371185 0.145359 -1.136873 14.465501 0.211673 -1.400089 17.327809 0.000002 -0.000004 -0.000005 -9.532510 -0.000060 -0.000017 -2.495428 4.562865 18.937639 0.278492 -1.530925 20.388885 0.158819 1.167217 -14.952590 -0.000000 0.000007 0.000002 -9.103594 -0.043090 -1.865118 0.818313 -7.791297 8.238690 0.390728 -1.886975 23.521278 0.545019 -2.180750 27.720220 -0.000001 -0.000001 -0.000002 -8.076674 -0.486705 -3.806265 -12.758567 -16.527729 9.746987 0.290734 -1.688488 22.339143 0.218035 -1.569774 18.846599 0.000001 -0.000005 -0.000001 4.570448 11.014704 -2.160853 1.224692 -4.710976 -13.086427 53.949557 -23.034330 -8.900914 -0.000083 -53.934240 -0.000059 38.345143 -44.932246 59.587007 2.466135 -1.576206 2.681735 -4.784536 4.500763 30.139955 -0.331858 -0.588664 -1.291330 -13.997674 -14.246549 7.325857 0.000004 0.000006 -0.000005 9.109303 -0.518025 2.259870 4.268681 2.234527 -8.944102 0.542232 2.468480 -24.755157 0.589149 2.555393 -25.899384 0.000003 0.000006 0.000006 9.533406 0.000023 0.000049 0.425455 4.385749 -20.234714 0.488485 2.347492 -23.553680 0.218999 1.589612 -15.688280 -0.000002 -0.000002 -0.000000 9.104532 -0.043030 -1.865072 1.036412 6.501640 -16.296666 0.503786 2.377953 -23.906258 1.106406 3.427132 -35.761194 0.000001 0.000005 0.000004 8.077797 -0.486863 -3.806265 -11.027062 12.279035 -10.197950 1.077745 3.160476 -33.288368 1.055638 3.152653 -32.983865 0.000004 0.000003 0.000008 -8.207780 -6.751675 -1.599565 -56.634897 8.364963 -27.306681 66.111874 9.116924 -2.261618 -25.260104 9.475047 20.352154 -0.469879 0.000012 0.000004 0.000000 -0.000000 -0.000000 8.207788 -6.751709 -1.599557 -51.446112 3.946708 39.413866 56.539551 -9.467615 -0.467511 -18.610597 -2.344036 -21.099817 -0.307277 -0.000006 0.000006 0.000000 0.000000 0.000000 
2.887375 78.540939 -7.811106 17.830123 -10.855553 1.606866 -0.000007 10.181591 0.131520 22.708712 -1.899969 11.776032 0.270871 -4.566737 -4.335244 -0.350042 -5.147038 -4.012890 0.000003 16.740387 -2.049026 -0.449042 -0.026932 8.443636 -0.000001 9.617881 1.684997 7.192158 14.245775 -5.915418 0.000003 22.037369 7.501083 -0.000002 -0.000001 -0.000000 -4.569963 11.014889 -2.160875 37.485659 15.558317 4.601200 3.866082 40.019837 8.138390 0.000029 71.607901 0.000017 62.251724 35.000608 -15.262637 -2.464795 -1.573980 2.681855 -5.942952 -5.712856 -34.031428 -0.846160 0.657048 0.785828 -2.517632 -9.501811 -17.470994 -0.000005 -0.000007 -0.000001 -9.108293 -0.517861 2.259837 9.256052 7.726004 20.512981 0.212690 -1.374065 17.493781 0.338917 -1.756319 21.975348 -0.000000 -0.000007 0.000001 -9.532506 -0.000039 -0.000026 -1.042408 -1.292271 27.318144 0.438684 -1.917990 25.536877 0.027108 0.462517 -6.142418 -0.000001 -0.000003 -0.000008 -9.103595 -0.043070 -1.865126 2.742042 -12.444068 15.489298 0.571839 -2.255794 28.572211 0.718782 -2.480253 31.977409 -0.000007 -0.000005 -0.000005 -8.076685 -0.486710 -3.806276 -10.088632 -21.346151 16.541702 0.413706 -1.986702 26.300958 0.324014 -1.867795 22.732104 0.000005 -0.000000 -0.000001 4.570455 11.014681 -2.160846 1.557417 -4.547376 -11.726253 58.898238 -25.165731 -7.913652 -0.000085 -56.451619 -0.000048 37.801484 -37.921839 62.394372 2.466134 -1.576202 2.681734 -5.230455 5.749083 31.343899 0.074821 -0.808369 -1.108983 -14.135296 -14.451335 7.191824 0.000002 0.000005 0.000000 9.109311 -0.518031 2.259871 4.407491 2.654760 -13.358228 0.757201 2.887603 -29.362024 0.812067 2.970652 -30.509560 0.000003 -0.000000 0.000002 9.533426 0.000029 0.000044 0.601514 4.810500 -24.652962 0.694034 2.771382 -28.160417 0.479653 2.324772 -23.313732 0.000001 0.000001 -0.000004 9.104533 -0.043035 -1.865076 1.315997 6.675007 -21.119218 0.711856 2.800150 -28.509071 1.397083 3.797458 -40.371315 0.000003 0.000002 0.000009 8.077799 -0.486888 -3.806260 -10.602864 12.511269 -14.954207 1.344355 3.507594 -37.570647 1.319969 3.501613 -37.266964 -0.000002 -0.000000 -0.000003 -8.207786 -6.751670 -1.599559 -60.871288 8.229144 -24.696934 65.538650 9.288407 -1.034819 -24.636970 9.223006 21.339832 -0.474841 -0.000000 -0.000003 0.000000 0.000000 -0.000000 8.207789 -6.751702 -1.599565 -56.660941 1.353607 42.532408 59.801913 -9.230449 0.512683 -20.579488 -0.676906 -24.849162 1.749730 -0.000002 0.000001 -0.000000 0.000000 -0.000000 
4.312788 76.870529 -7.565461 20.842998 -13.517598 -1.273555 -0.000005 10.181582 0.131517 22.352159 -1.303239 12.429460 -0.005184 -4.010275 -2.553673 -0.630514 -4.397254 -2.224657 -0.000000 16.740414 -2.049031 -3.195666 -0.851817 10.089342 0.000002 9.617893 1.685007 2.041839 14.296197 -1.632120 -0.000000 22.037369 7.501084 0.000000 -0.000001 0.000001 -4.569968 11.014904 -2.160888 34.443899 14.216766 5.895672 6.964095 37.381250 7.418584 0.000037 76.951841 -0.000039 65.022110 35.026644 -11.446759 -2.464794 -1.573984 2.681846 -6.462299 -8.333714 -35.335543 -0.754870 0.709356 0.736782 -1.753818 -11.411311 -18.149477 0.000001 0.000001 0.000006 -9.108275 -0.517871 2.259834 9.581023 7.621562 25.739973 0.246814 -1.478744 18.846107 0.404926 -1.911768 24.050477 0.000002 -0.000002 -0.000009 -9.532511 -0.000062 -0.000029 -1.107689 -1.349513 28.686306 0.510062 -2.064000 27.534140 0.617126 -2.358662 29.840506 -0.000002 0.000004 0.000006 -9.103598 -0.043089 -1.865138 3.260901 -11.809625 19.990176 0.648435 -2.390366 30.475949 0.805385 -2.612440 33.920417 0.000002 0.000006 0.000009 -8.076675 -0.486711 -3.806281 -9.866346 -19.933948 19.559650 0.469145 -2.104511 27.900238 0.379536 -2.002444 24.521096 -0.000001 -0.000001 -0.000006 4.570449 11.014721 -2.160851 1.866221 -4.420400 -10.379324 61.637191 -27.323379 -7.826056 -0.000126 -60.920554 -0.000052 37.351514 -28.153148 64.521334 2.466142 -1.576216 2.681730 -5.372059 6.718761 32.082191 0.309500 -0.608434 -0.990201 -14.205098 -14.558383 7.120289 0.000000 0.000002 -0.000006 9.109307 -0.518044 2.259871 4.449189 2.751174 -14.430936 0.863855 3.068714 -31.417969 0.922176 3.149836 -32.566902 -0.000002 -0.000009 -0.000004 9.533412 0.000025 0.000039 0.650992 4.914977 -25.726386 0.796638 2.954937 -30.216996 1.390542 3.791716 -40.268350 -0.000001 -0.000003 -0.000003 9.104527 -0.043034 -1.865073 1.440210 6.748742 -23.268477 0.815671 2.983065 -30.566217 1.536208 3.954870 -42.428859 0.000001 0.000001 0.000008 8.077787 -0.486878 -3.806268 -10.642166 12.249981 -17.170134 1.471736 3.656052 -39.484798 1.446391 3.650925 -39.181472 0.000000 -0.000001 0.000003 -8.207782 -6.751675 -1.599567 -64.366999 8.359556 -21.188273 65.715524 9.342768 -0.307181 -24.468301 8.280167 22.197655 -0.478736 -0.000003 -0.000002 0.000000 0.000000 -0.000000 8.207785 -6.751711 -1.599556 -61.979438 -2.123085 46.348861 65.589453 -9.105679 1.452620 -23.188395 -0.422696 -23.841720 1.716004 0.000007 0.000008 -0.000000 -0.000000 -0.000000 
5.715278 74.996300 -7.396789 21.763235 -16.535914 -3.690566 -0.000005 10.181588 0.131522 23.556974 -0.978721 10.547276 -0.127965 -3.499039 -0.195760 -0.552522 -3.673471 0.131725 0.000002 16.740385 -2.049036 -4.694058 -1.453306 11.341736 0.000002 9.617883 1.685012 -2.934555 13.256284 3.983722 -0.000002 22.037338 7.501091 0.000002 -0.000003 -0.000001 -4.569970 11.014898 -2.160875 29.895533 12.839593 7.954426 8.254127 34.074318 9.458546 -0.000027 81.394121 0.000070 69.121856 38.205971 -8.289823 -2.464801 -1.573982 2.681846 -6.643542 -10.396384 -35.898675 -0.754058 0.711441 0.730409 -1.789238 -11.425741 -18.189434 0.000004 -0.000006 0.000002 -9.108291 -0.517869 2.259836 10.167413 7.189288 26.340302 0.247236 -1.479952 18.861769 0.405456 -1.912922 24.066177 -0.000001 0.000001 0.000004 -9.532526 -0.000043 -0.000026 -1.111751 -1.342179 28.687269 0.510639 -2.065114 27.549326 1.079813 -3.023843 39.817264 0.000002 -0.000001 0.000007 -9.103593 -0.043083 -1.865131 3.471771 -11.057005 23.438101 0.643681 -2.382387 30.361547 0.805902 -2.613211 33.931960 0.000000 -0.000002 -0.000006 -8.076693 -0.486701 -3.806284 -10.097356 -19.140697 19.870383 0.470629 -2.107572 27.941805 0.380788 -2.005354 24.560074 -0.000001 -0.000008 -0.000005 4.570448 11.014713 -2.160853 2.059813 -4.377924 -9.485015 60.396009 -27.969785 -10.945532 -0.000126 -66.586121 -0.000083 38.215424 -19.825152 63.036014 2.466137 -1.576209 2.681737 -5.344331 6.846173 32.114371 0.309459 -0.604839 -0.987573 -14.204199 -14.553745 7.118911 0.000009 0.000011 0.000004 9.109317 -0.518047 2.259874 4.448718 2.745021 -14.431034 0.864639 3.070012 -31.432770 0.922968 3.151087 -32.581344 0.000002 -0.000006 -0.000004 9.533426 0.000029 0.000047 0.653127 4.919376 -25.726022 0.797392 2.956232 -30.231821 1.694206 4.122575 -44.667887 -0.000000 -0.000003 0.000002 9.104541 -0.043032 -1.865072 1.440902 6.749430 -23.277358 0.816838 2.985026 -30.588572 1.537191 3.955944 -42.443168 0.000002 0.000004 0.000002 8.077802 -0.486859 -3.806259 -10.906909 11.931860 -17.262022 1.473078 3.657552 -39.504322 1.447723 3.652425 -39.201072 0.000003 -0.000006 0.000006 -8.207783 -6.751663 -1.599565 -66.508899 8.812989 -18.091563 66.508803 9.359935 -0.059498 -24.608693 7.827011 23.429492 -0.482782 -0.000003 -0.000001 -0.000000 -0.000000 -0.000000 8.207783 -6.751703 -1.599556 -64.834799 -5.195945 49.818549 71.461045 -8.975417 2.321800 -26.017321 0.024357 -22.963497 1.714844 0.000001 -0.000006 -0.000000 0.000001 -0.000000 
7.082777 73.193100 -7.250575 20.715252 -18.971277 -5.802245 -0.000006 10.181580 0.131531 25.750257 -0.897373 7.108183 -0.282810 -2.929972 2.145303 -0.461567 -2.856897 2.459946 0.000000 16.740395 -2.049033 -4.147787 -1.841009 12.324349 0.000003 9.617891 1.685005 -6.991946 10.748416 10.771033 0.000004 22.037338 7.501090 -0.000003 -0.000001 -0.000001 -4.569968 11.014908 -2.160877 23.464439 10.625378 10.694154 8.718779 30.492649 14.510735 -0.000097 84.538768 0.000037 73.633906 44.366040 -5.723784 -2.464789 -1.573976 2.681845 -6.671378 -10.648285 -35.977045 -0.752165 0.714154 0.723412 -1.829291 -11.440908 -18.234290 -0.000003 0.000002 0.000005 -9.108289 -0.517859 2.259837 10.209541 7.109264 26.339914 0.247676 -1.481362 18.879906 0.406081 -1.914296 24.084376 0.000000 0.000004 0.000003 -9.532523 -0.000049 -0.000030 -1.115748 -1.334887 28.688167 0.511286 -2.066406 27.567011 1.080754 -3.024957 39.835217 -0.000004 0.000001 0.000007 -9.103595 -0.043065 -1.865137 3.161136 -10.153946 24.138322 0.634699 -2.367034 30.142905 0.806784 -2.614486 33.950965 0.000002 0.000002 -0.000005 -8.076687 -0.486694 -3.806283 -10.113767 -19.174822 19.721577 0.480310 -2.127227 28.210990 0.382036 -2.008267 24.599030 -0.000003 -0.000002 -0.000003 4.570446 11.014725 -2.160852 2.114842 -4.314231 -9.067068 55.609594 -27.084927 -16.816095 -0.000189 -72.216744 -0.000167 41.154007 -15.233625 57.579984 2.466137 -1.576199 2.681739 -5.337538 6.857138 32.102535 0.310761 -0.598603 -0.984096 -14.200903 -14.547427 7.121140 -0.000002 0.000003 0.000000 9.109311 -0.518046 2.259874 4.448270 2.738935 -14.431129 0.865555 3.071503 -31.450036 0.923923 3.152551 -32.598526 0.000002 0.000005 0.000010 9.533402 0.000027 0.000046 0.655411 4.924130 -25.725665 0.798284 2.957766 -30.249002 1.695472 4.123833 -44.685331 -0.000001 -0.000001 -0.000005 9.104529 -0.043032 -1.865073 1.441630 6.750055 -23.287839 0.818205 2.987343 -30.614947 1.538290 3.957187 -42.459383 -0.000002 0.000002 -0.000005 8.077793 -0.486858 -3.806267 -11.064640 11.983812 -17.247450 1.474643 3.659318 -39.527333 1.449247 3.654175 -39.223864 -0.000002 -0.000001 0.000001 -8.207788 -6.751674 -1.599563 -66.970141 9.443963 -15.927450 67.678111 9.345226 -0.131589 -25.070092 7.727671 24.665095 -0.486638 -0.000005 0.000000 0.000000 0.000000 -0.000000 8.207778 -6.751704 -1.599555 -64.904235 -7.583151 52.217991 76.291164 -8.783264 3.288607 -28.615540 0.928709 -24.002683 2.038270 0.000005 0.000008 0.000000 -0.000000 0.000000 
8.382726 72.011368 -7.022287 19.053861 -20.135787 -7.886802 -0.000004 10.181582 0.131516 27.108160 -1.065657 3.744271 0.067522 -2.581538 4.293076 0.062853 -2.278356 4.539516 -0.000000 16.740395 -2.049040 -2.514362 -2.055633 12.993326 0.000007 9.617905 1.685002 -9.293253 7.316932 17.949447 0.000003 22.037338 7.501099 0.000001 -0.000001 -0.000001 -4.569970 11.014866 -2.160881 17.495255 7.673647 12.642628 9.432929 29.503169 18.116001 0.000184 84.553316 -0.000123 76.444734 50.620762 -4.349774 -2.464789 -1.573975 2.681847 -6.675611 -10.643468 -35.986177 -0.749756 0.716796 0.717438 -1.871320 -11.457120 -18.281076 0.000006 -0.000008 0.000004 -9.108282 -0.517862 2.259832 10.207739 7.109818 26.328171 0.248218 -1.482958 18.900534 0.406777 -1.915821 24.105069 0.000001 0.000004 -0.000005 -9.532513 -0.000040 -0.000030 -1.119670 -1.327745 28.689035 0.512044 -2.067850 27.587334 1.081816 -3.026216 39.855704 0.000000 0.000001 0.000007 -9.103593 -0.043065 -1.865136 2.786186 -9.254719 24.469417 0.623303 -2.347368 29.863609 0.807961 -2.616238 33.976943 -0.000001 0.000007 0.000002 -8.076683 -0.486717 -3.806282 -10.130450 -19.211826 19.567430 0.490746 -2.148251 28.499325 0.383457 -2.011476 24.641939 -0.000003 0.000000 -0.000002 4.570447 11.014709 -2.160853 2.147670 -4.303684 -8.656080 51.728571 -27.270548 -20.524857 -0.000266 -75.863116 -0.000272 42.982804 -12.316964 52.366565 2.466143 -1.576206 2.681739 -5.329267 6.869767 32.089031 0.312603 -0.592432 -0.980457 -14.196850 -14.541565 7.124599 0.000004 0.000010 0.000005 9.109307 -0.518048 2.259876 4.447815 2.732939 -14.431218 0.866613 3.073218 -31.469718 0.925005 3.154276 -32.618385 0.000003 0.000002 -0.000002 9.533422 0.000030 0.000046 0.657699 4.928832 -25.725298 0.799289 2.959500 -30.268697 1.696881 4.125274 -44.705050 -0.000004 0.000003 0.000007 9.104531 -0.043034 -1.865071 1.442464 6.750750 -23.300538 0.819686 2.989854 -30.643302 1.539630 3.958600 -42.478514 -0.000001 -0.000003 0.000003 8.077806 -0.486868 -3.806262 -11.231474 12.038598 -17.233162 1.476414 3.661300 -39.553550 1.451028 3.656215 -39.250208 0.000000 -0.000002 0.000006 -8.207784 -6.751676 -1.599573 -66.001744 9.892104 -14.448630 68.278560 9.344687 -0.411512 -25.580407 6.998953 25.306131 -0.490304 0.000002 -0.000006 0.000000 -0.000000 -0.000000 8.207792 -6.751701 -1.599561 -63.912648 -9.573543 53.043420 79.851803 -8.648062 4.365460 -30.684686 2.188542 -24.555780 2.108319 0.000001 0.000007 -0.000000 0.000001 0.000000 
9.625342 71.441864 -6.724170 17.537484 -19.811732 -9.843541 -0.000006 10.181590 0.131517 27.279366 -1.129806 1.343587 1.225773 -2.238910 5.900869 1.291405 -1.799420 6.017086 0.000001 16.740377 -2.049042 -0.795487 -2.230452 13.604035 0.000002 9.617906 1.685025 -10.149589 3.725251 24.529351 0.000009 22.037354 7.501086 0.000002 -0.000002 -0.000001 -4.569969 11.014904 -2.160880 12.293517 4.378838 13.568213 12.414568 31.439361 17.303297 -0.000010 82.327029 -0.000068 75.987610 53.490090 -4.554392 -2.464794 -1.574003 2.681842 -6.680216 -10.638090 -35.996261 -0.747001 0.719158 0.713057 -1.913433 -11.474801 -18.328323 0.000002 0.000003 0.000004 -9.108280 -0.517873 2.259831 10.205436 7.110130 26.314542 0.248870 -1.484736 18.923792 0.407547 -1.917558 24.128622 0.000002 0.000006 0.000003 -9.532502 -0.000048 -0.000026 -1.123574 -1.320680 28.689919 0.512893 -2.069543 27.610527 1.083021 -3.027665 39.878609 -0.000002 -0.000007 0.000014 -9.103580 -0.043082 -1.865134 2.450649 -8.471658 24.765074 0.613500 -2.330290 29.621332 0.809228 -2.618090 34.004715 0.000000 0.000010 0.000001 -8.076674 -0.486716 -3.806282 -10.145811 -19.248776 19.418964 0.501420 -2.169408 28.790497 0.384943 -2.014930 24.688429 0.000003 -0.000000 0.000000 4.570447 11.014709 -2.160865 2.153789 -4.373653 -8.195653 48.864737 -28.732120 -20.941993 -0.000307 -77.868938 -0.000266 43.568144 -10.317204 48.447437 2.466136 -1.576203 2.681743 -5.319960 6.883812 32.073923 0.314877 -0.585939 -0.976647 -14.192261 -14.535141 7.128853 -0.000000 0.000001 -0.000003 9.109303 -0.518029 2.259876 4.447392 2.727038 -14.431307 0.867781 3.075124 -31.491605 0.926235 3.156163 -32.640426 -0.000002 -0.000007 -0.000000 9.533405 0.000033 0.000049 0.659944 4.933473 -25.724939 0.800426 2.961451 -30.290823 1.698452 4.126863 -44.726995 0.000002 -0.000009 -0.000004 9.104533 -0.043033 -1.865068 1.443453 6.751540 -23.315418 0.821295 2.992536 -30.673994 1.541095 3.960208 -42.499742 -0.000005 -0.000001 -0.000005 8.077793 -0.486855 -3.806260 -11.405513 12.095857 -17.219797 1.478388 3.663543 -39.582787 1.452996 3.658447 -39.279404 -0.000002 -0.000006 0.000004 -8.207787 -6.751671 -1.599566 -64.041800 9.972942 -13.822781 68.186236 9.375160 -0.743676 -26.018994 5.548068 25.443527 -0.493685 0.000001 -0.000002 -0.000000 0.000000 0.000000 8.207789 -6.751700 -1.599560 -62.997341 -11.489776 52.206650 82.482771 -8.619939 5.462534 -32.305285 3.682752 -23.769639 2.130670 0.000002 -0.000001 0.000000 -0.000000 -0.000000 
10.813833 71.572571 -6.370733 16.023163 -18.261462 -11.631413 -0.000008 10.181575 0.131517 26.750238 -0.839553 -0.179538 3.262031 -1.549569 7.140589 3.331482 -1.066757 7.088838 -0.000003 16.740391 -2.049040 0.440039 -2.408473 13.948830 -0.000008 9.617887 1.685003 -9.837257 0.323010 30.363831 0.000008 22.037338 7.501092 -0.000002 0.000000 -0.000000 -4.569971 11.014909 -2.160882 8.081261 1.146789 13.393408 15.659827 34.528266 14.325712 -0.000013 78.854315 0.000011 73.522007 53.957856 -5.880091 -2.464792 -1.573972 2.681839 -6.685228 -10.632300 -36.007432 -0.743770 0.721410 0.709915 -1.952479 -11.495519 -18.373573 -0.000006 -0.000003 0.000004 -9.108294 -0.517862 2.259834 10.203464 7.110618 26.299814 0.249510 -1.486715 18.949385 0.408419 -1.919474 24.154190 -0.000000 0.000009 0.000001 -9.532501 -0.000055 -0.000030 -1.127389 -1.313755 28.690766 0.513842 -2.071367 27.635664 1.084326 -3.029241 39.903854 -0.000004 -0.000009 0.000012 -9.103595 -0.043070 -1.865135 2.198405 -7.895554 24.988836 0.606581 -2.318116 29.449351 0.810494 -2.619963 34.032452 -0.000002 -0.000002 0.000002 -8.076690 -0.486712 -3.806285 -10.158100 -19.282281 19.287804 0.511630 -2.189395 29.065949 0.386479 -2.018516 24.736450 0.000001 -0.000005 -0.000008 4.570448 11.014728 -2.160856 2.146332 -4.553487 -7.654781 46.840741 -32.184732 -17.596090 -0.000228 -77.519935 -0.000148 42.430146 -9.594424 46.685347 2.466140 -1.576209 2.681739 -5.309839 6.899565 32.057155 0.317629 -0.578222 -0.972492 -14.187082 -14.529858 7.132971 -0.000002 -0.000001 -0.000005 9.109311 -0.518045 2.259872 4.446959 2.721228 -14.431413 0.869095 3.077241 -31.516002 0.927567 3.158279 -32.664939 0.000002 0.000006 -0.000000 9.533422 0.000026 0.000043 0.662174 4.938045 -25.724596 0.801693 2.963602 -30.315129 1.700221 4.128633 -44.751464 0.000001 0.000001 -0.000003 9.104539 -0.043037 -1.865074 1.444581 6.752413 -23.332724 0.822959 2.995347 -30.705904 1.542732 3.961982 -42.523368 -0.000002 -0.000000 -0.000003 8.077794 -0.486871 -3.806264 -11.585032 12.155135 -17.207198 1.480619 3.666016 -39.615316 1.455164 3.660911 -39.311731 0.000005 0.000003 0.000000 -8.207784 -6.751673 -1.599571 -60.995106 9.491802 -13.958257 67.304315 9.439022 -1.027262 -26.152963 3.616101 24.791474 -0.493238 0.000003 0.000006 -0.000000 -0.000000 -0.000000 8.207784 -6.751707 -1.599553 -61.997702 -12.961695 50.269936 83.860414 -8.669195 6.465554 -33.314302 4.972646 -22.504937 2.153565 0.000001 0.000007 0.000000 0.000001 -0.000000 
11.931108 72.442749 -5.992282 14.380820 -16.338258 -13.173943 -0.000007 10.181591 0.131521 25.911363 -0.290996 -1.367594 5.778339 -0.510982 8.267952 5.826416 -0.016762 8.073882 0.000000 16.740402 -2.049034 1.437886 -2.419034 13.619214 0.000001 9.617909 1.685022 -7.781704 -2.028006 34.974233 0.000003 22.037354 7.501097 -0.000002 0.000004 -0.000000 -4.569973 11.014912 -2.160880 5.087897 -1.728796 12.050988 18.637121 37.678711 10.173875 0.000006 74.872151 -0.000038 70.276575 52.934106 -8.964108 -2.464789 -1.573981 2.681847 -6.690674 -10.626087 -36.019621 -0.739018 0.724277 0.706851 -1.987968 -11.516127 -18.413941 -0.000000 0.000004 0.000007 -9.108280 -0.517865 2.259837 10.201594 7.111125 26.283931 0.250259 -1.488857 18.977131 0.409335 -1.921551 24.182367 0.000002 0.000005 0.000000 -9.532516 -0.000043 -0.000026 -1.131156 -1.306899 28.691613 0.514870 -2.073362 27.663531 1.085776 -3.030968 39.931577 0.000003 -0.000000 0.000002 -9.103590 -0.043081 -1.865133 2.163351 -7.815023 25.027659 0.606593 -2.318135 29.449703 0.811696 -2.621705 34.058544 -0.000001 0.000002 -0.000002 -8.076685 -0.486720 -3.806281 -10.167472 -19.308948 19.185614 0.520504 -2.206648 29.304315 0.388144 -2.022275 24.786659 -0.000000 -0.000000 0.000000 4.570444 11.014721 -2.160857 2.152215 -4.735812 -7.023184 43.987736 -37.023703 -13.834639 -0.000210 -74.572272 -0.000156 41.072055 -11.373785 46.096438 2.466128 -1.576203 2.681735 -5.298796 6.916463 32.038737 0.320706 -0.569387 -0.968061 -14.181264 -14.523289 7.138376 0.000005 0.000008 0.000002 9.109305 -0.518043 2.259876 4.446541 2.715472 -14.431507 0.870541 3.079608 -31.543002 0.929050 3.160552 -32.691594 0.000002 0.000002 0.000001 9.533400 0.000034 0.000047 0.664358 4.942545 -25.724256 0.803048 2.965938 -30.341702 1.702174 4.130581 -44.778457 0.000000 -0.000005 0.000004 9.104516 -0.043028 -1.865072 1.445871 6.753392 -23.352895 0.824654 2.998186 -30.738252 1.544527 3.963942 -42.549456 0.000001 -0.000000 -0.000002 8.077787 -0.486867 -3.806266 -11.768341 12.215416 -17.195916 1.483021 3.668742 -39.650795 1.457597 3.663642 -39.347364 0.000006 -0.000003 0.000003 -8.207785 -6.751672 -1.599576 -57.434869 8.355264 -14.580027 65.688736 9.545038 -1.026316 -25.137915 2.327579 23.047918 -0.773730 0.000001 -0.000009 0.000000 -0.000000 -0.000000 8.207788 -6.751710 -1.599553 -60.535181 -13.543591 48.056955 83.884115 -8.759993 7.374542 -33.776180 5.976583 -21.095509 2.178070 -0.000004 0.000002 -0.000000 -0.000000 -0.000001 
13.040628 74.037750 -5.757677 12.758420 -15.090446 -14.460480 -0.000006 10.181581 0.131519 25.492045 0.233736 -2.251694 7.827337 0.521553 8.795711 7.825437 1.052086 8.532075 -0.000000 16.740412 -2.049047 2.777741 -2.108454 12.709137 -0.000004 9.617885 1.685016 -3.296906 -1.934553 36.708094 0.000003 22.037369 7.501099 0.000002 -0.000001 -0.000000 -4.569969 11.014922 -2.160896 4.688673 -4.007084 8.259241 21.168035 41.453344 6.266705 0.000039 71.120280 -0.000051 67.496407 49.052025 -15.186314 -2.464776 -1.573970 2.681853 -6.696707 -10.619364 -36.033117 -0.733818 0.727329 0.703773 -2.016246 -11.540220 -18.448102 0.000002 -0.000003 0.000000 -9.108273 -0.517866 2.259842 10.199948 7.111928 26.266286 0.251068 -1.491244 19.008039 0.410334 -1.923776 24.212329 -0.000003 0.000007 -0.000005 -9.532513 -0.000053 -0.000023 -1.134887 -1.300164 28.692457 0.516011 -2.075583 27.693965 1.087320 -3.032808 39.961179 -0.000005 -0.000003 0.000001 -9.103586 -0.043071 -1.865129 2.163393 -7.813567 25.037500 0.607803 -2.320282 29.479923 0.812959 -2.623550 34.085844 0.000001 -0.000000 0.000007 -8.076684 -0.486707 -3.806274 -10.171665 -19.319578 19.144899 0.526012 -2.217245 29.450905 0.389750 -2.025920 24.835850 -0.000002 0.000005 0.000001 4.570448 11.014714 -2.160869 2.177934 -4.762884 -6.355603 41.126372 -41.250627 -11.230124 -0.000173 -70.787678 -0.000160 40.134902 -14.738821 45.887072 2.466143 -1.576208 2.681736 -5.286546 6.935591 32.019080 0.323645 -0.560927 -0.963759 -14.175041 -14.516433 7.144196 0.000003 0.000000 -0.000004 9.109310 -0.518045 2.259870 4.446109 2.709804 -14.431592 0.872086 3.082103 -31.571802 0.930654 3.163067 -32.720581 -0.000001 0.000001 -0.000003 9.533410 0.000032 0.000042 0.666514 4.946990 -25.723917 0.804563 2.968523 -30.371010 1.704214 4.132658 -44.807165 -0.000003 0.000004 0.000002 9.104542 -0.043030 -1.865077 1.447420 6.754558 -23.377016 0.826207 3.000801 -30.767830 1.546546 3.966114 -42.578426 -0.000000 0.000004 -0.000007 8.077796 -0.486866 -3.806268 -11.953807 12.275704 -17.186429 1.485629 3.671658 -39.689300 1.460180 3.666617 -39.385883 -0.000001 0.000002 -0.000001 -8.207786 -6.751671 -1.599562 -54.660317 6.885407 -15.885178 62.995531 9.666527 -0.202093 -19.102839 5.105960 23.769398 -3.491121 -0.001606 0.398268 0.000000 -0.000000 -0.000000 8.207785 -6.751693 -1.599552 -58.627769 -13.039927 46.391096 82.679945 -8.737041 8.117674 -33.661361 6.730598 -19.604139 2.023799 -0.000007 0.000008 0.000000 -0.000000 -0.000000 
14.096179 76.150597 -5.721951 11.720139 -15.000200 -15.380281 -0.000007 10.181578 0.131519 25.290587 0.555879 -2.666220 8.873266 1.353244 8.344703 8.802527 1.907521 8.066187 0.000000 16.740379 -2.049032 4.541383 -1.545011 11.238077 -0.000008 9.617875 1.685018 3.796981 0.429199 34.971590 0.000013 22.037354 7.501089 -0.000003 0.000003 -0.000003 -4.569966 11.014928 -2.160877 4.317025 -4.165527 3.890615 25.299649 42.994624 3.795148 -0.000034 68.828697 0.000034 65.096552 43.415254 -22.928361 -2.464786 -1.573965 2.681848 -6.703236 -10.611804 -36.047488 -0.727775 0.730695 0.700772 -2.033404 -11.565625 -18.467479 -0.000001 0.000002 0.000009 -9.108282 -0.517864 2.259831 10.198387 7.112828 26.247367 0.251918 -1.493774 19.040841 0.411458 -1.926206 24.245319 0.000002 -0.000003 0.000004 -9.532516 -0.000051 -0.000030 -1.138527 -1.293508 28.693293 0.517220 -2.077936 27.726513 1.089018 -3.034850 39.993739 -0.000003 0.000001 -0.000001 -9.103596 -0.043069 -1.865130 2.163424 -7.811978 25.047784 0.609121 -2.322599 29.512879 0.814334 -2.625568 34.115880 -0.000005 0.000002 -0.000003 -8.076683 -0.486707 -3.806276 -10.170694 -19.313321 19.167336 0.527895 -2.220847 29.500854 0.391366 -2.029604 24.884981 0.000001 0.000001 0.000001 4.570450 11.014719 -2.160849 2.229512 -4.575533 -5.647478 39.130406 -44.027597 -9.912768 -0.000141 -67.134305 -0.000104 39.680612 -18.686057 45.641739 2.466140 -1.576203 2.681738 -5.273402 6.955466 31.997537 0.327243 -0.550589 -0.959022 -14.168453 -14.508589 7.150585 0.000001 0.000006 0.000002 9.109305 -0.518028 2.259867 4.445682 2.704240 -14.431674 0.873774 3.084818 -31.603080 0.932390 3.165756 -32.751993 -0.000002 -0.000001 -0.000004 9.533411 0.000036 0.000043 0.668620 4.951370 -25.723584 0.806188 2.971282 -30.402101 1.706504 4.134912 -44.838546 -0.000001 -0.000001 -0.000006 9.104539 -0.043036 -1.865076 1.449102 6.755826 -23.403476 0.827817 3.003505 -30.798870 1.548689 3.968459 -42.609541 -0.000002 0.000004 0.000002 8.077798 -0.486861 -3.806273 -12.139431 12.336338 -17.178901 1.488471 3.674827 -39.730883 1.462998 3.669801 -39.427380 0.000003 -0.000000 0.000001 -8.207789 -6.751667 -1.599562 -53.360084 5.171547 -17.484649 59.279929 9.863842 1.457053 -9.171563 11.754204 24.058102 -11.644892 0.000006 0.000000 -0.000000 -0.000000 -0.000000 8.207786 -6.751698 -1.599556 -56.824213 -11.604369 45.641677 80.138732 -7.679515 8.546534 -32.845700 6.529044 -19.030309 1.951222 0.000010 0.000009 0.000000 0.000001 -0.000000 
14.877797 78.372643 -5.688834 11.709156 -15.602271 -15.777590 -0.000006 10.181589 0.131520 24.188254 0.761491 -2.661177 9.336576 2.035644 7.234665 9.201994 2.546601 6.984590 -0.000000 16.740402 -2.049041 6.400556 -0.903519 9.302191 0.000007 9.617879 1.685007 11.794002 3.253870 29.901253 -0.000004 22.037354 7.501094 -0.000001 0.000001 0.000001 -4.569969 11.014930 -2.160884 3.948892 -2.942054 2.031079 27.344714 42.765501 5.046760 0.000046 66.132617 -0.000037 64.740344 40.609655 -29.834560 -2.464795 -1.573992 2.681849 -6.710247 -10.603710 -36.062900 -0.721627 0.734240 0.697429 -2.034455 -11.593790 -18.472721 0.000001 -0.000004 0.000000 -9.108281 -0.517887 2.259833 10.196837 7.113757 26.227149 0.252872 -1.496442 19.075888 0.412611 -1.928848 24.280646 -0.000001 -0.000012 -0.000002 -9.532530 -0.000053 -0.000024 -1.142135 -1.286978 28.694157 0.518540 -2.080478 27.761668 1.090826 -3.036992 40.028402 0.000001 -0.000003 0.000012 -9.103592 -0.043066 -1.865129 2.163468 -7.810314 25.058897 0.610560 -2.325136 29.548450 0.815787 -2.627694 34.147637 -0.000003 0.000009 0.000002 -8.076694 -0.486706 -3.806274 -10.169272 -19.306906 19.191331 0.529922 -2.224707 29.554433 0.393074 -2.033551 24.937844 0.000001 0.000004 -0.000004 4.570449 11.014722 -2.160850 2.285984 -4.263026 -4.989015 38.193137 -46.063981 -9.031131 -0.000112 -63.338052 -0.000048 39.332782 -22.841963 45.396169 2.466140 -1.576219 2.681735 -5.259247 6.977514 31.974803 0.330926 -0.540287 -0.954178 -14.162127 -14.500983 7.156898 0.000001 0.000003 -0.000006 9.109291 -0.518042 2.259872 4.445256 2.698759 -14.431771 0.875563 3.087766 -31.636767 0.934233 3.168637 -32.785321 -0.000001 -0.000002 -0.000004 9.533398 0.000011 0.000041 0.670696 4.955695 -25.723254 0.807910 2.974208 -30.435408 1.708921 4.137353 -44.872212 0.000001 -0.000002 0.000001 9.104538 -0.043037 -1.865078 1.450873 6.757139 -23.431763 0.829577 3.006412 -30.832041 1.551018 3.970976 -42.643248 -0.000002 0.000003 -0.000003 8.077800 -0.486863 -3.806266 -12.323382 12.396794 -17.173710 1.491523 3.678202 -39.775378 1.466009 3.673207 -39.471923 -0.000001 0.000006 0.000000 -8.207787 -6.751683 -1.599563 -52.959272 3.209645 -18.797328 54.832574 10.072205 3.426538 0.191392 17.439819 21.596795 -18.108927 0.000009 -0.000013 -0.000000 -0.000000 -0.000000 8.207799 -6.751709 -1.599554 -55.708006 -9.716699 45.503762 76.800805 -6.900529 8.579674 -31.587221 6.218997 -18.882548 1.972754 -0.000001 0.000002 0.000000 0.000000 -0.000001 
15.161237 80.279877 -5.645462 12.429507 -15.949800 -15.369126 -0.000002 10.181585 0.131524 22.833963 0.838278 -2.525073 9.498286 2.496481 5.898171 9.330143 2.934217 5.694660 0.000002 16.740374 -2.049043 7.908110 -0.298583 7.117831 0.000002 9.617881 1.685004 18.396017 5.185159 22.151195 0.000003 22.037369 7.501092 -0.000000 -0.000001 -0.000001 -4.569972 11.014879 -2.160890 3.608660 -0.721546 3.894512 28.404180 39.604913 6.465068 -0.000006 64.799186 -0.000002 65.103225 39.964615 -34.270300 -2.464779 -1.573985 2.681849 -6.717725 -10.595177 -36.079238 -0.715439 0.737864 0.693749 -2.031093 -11.620532 -18.479538 -0.000003 -0.000003 0.000004 -9.108270 -0.517871 2.259837 10.195296 7.114766 26.205424 0.253854 -1.499342 19.113502 0.413876 -1.931649 24.318352 0.000001 -0.000001 -0.000004 -9.532504 -0.000043 -0.000023 -1.145687 -1.280545 28.695011 0.519905 -2.083140 27.798726 1.092784 -3.039315 40.065582 -0.000000 -0.000002 0.000012 -9.103586 -0.043070 -1.865136 2.163487 -7.808390 25.070991 0.612067 -2.327803 29.586091 0.817336 -2.629969 34.181579 -0.000001 -0.000000 0.000002 -8.076679 -0.486712 -3.806272 -10.167510 -19.300149 19.216930 0.532080 -2.228834 29.611547 0.394894 -2.037694 24.993619 0.000001 -0.000005 -0.000003 4.570449 11.014708 -2.160864 2.327064 -3.892351 -4.397489 37.878511 -47.370299 -8.373350 -0.000117 -60.099442 -0.000093 39.271337 -26.679597 45.369033 2.466126 -1.576196 2.681733 -5.244525 7.000383 31.950235 0.334739 -0.529300 -0.949027 -14.155144 -14.490909 7.164282 -0.000003 0.000001 0.000004 9.109300 -0.518042 2.259871 4.444840 2.693362 -14.431857 0.877503 3.090875 -31.672366 0.936222 3.171694 -32.821057 -0.000002 0.000005 0.000000 9.533412 0.000012 0.000046 0.672767 4.959974 -25.722930 0.809755 2.977344 -30.471106 1.711499 4.139928 -44.907889 0.000001 0.000011 0.000004 9.104526 -0.043027 -1.865072 1.452739 6.758456 -23.461874 0.831437 3.009556 -30.867599 1.553480 3.973639 -42.678731 -0.000002 0.000011 -0.000004 8.077798 -0.486863 -3.806266 -12.503953 12.456137 -17.171172 1.494752 3.681827 -39.822837 1.469217 3.676818 -39.519239 0.000002 0.000003 -0.000001 -8.207782 -6.751677 -1.599568 -53.220346 1.519290 -19.883492 51.920916 10.053803 4.655684 1.947866 17.296035 19.986382 -11.910146 0.000004 -0.000003 0.000000 -0.000000 -0.000000 8.207785 -6.751699 -1.599547 -55.251289 -7.796254 45.304966 73.299541 -6.880502 8.189153 -30.069361 5.932956 -18.871242 1.933701 0.000002 0.000001 0.000000 0.000001 0.000000 
15.072189 81.799332 -5.696230 13.324904 -15.557807 -14.260305 -0.000006 10.181583 0.131522 22.508588 0.744023 -2.355113 9.239317 2.550773 4.584995 9.068904 2.928769 4.399394 -0.000002 16.740408 -2.049032 8.568616 0.234627 4.742644 0.000001 9.617892 1.685017 22.543591 5.941167 13.141575 -0.000001 22.037338 7.501097 -0.000001 0.000001 -0.000003 -4.569971 11.014911 -2.160894 3.127033 1.864155 7.518272 28.902171 34.766052 7.564072 -0.000000 65.281780 0.000013 65.704200 39.929160 -36.402555 -2.464793 -1.573975 2.681836 -6.725746 -10.586202 -36.096614 -0.708205 0.741942 0.690076 -2.025814 -11.643501 -18.486774 0.000004 -0.000003 -0.000001 -9.108298 -0.517871 2.259827 10.193768 7.115931 26.182641 0.254898 -1.502398 19.152906 0.415201 -1.934586 24.358121 0.000002 -0.000004 -0.000004 -9.532508 -0.000048 -0.000030 -1.149165 -1.274205 28.695827 0.521390 -2.086007 27.838277 1.094820 -3.041730 40.104528 -0.000005 0.000003 0.000009 -9.103598 -0.043071 -1.865137 2.163231 -7.805773 25.083924 0.613671 -2.330610 29.626000 0.818997 -2.632376 34.217445 -0.000003 -0.000005 -0.000002 -8.076683 -0.486703 -3.806278 -10.165186 -19.292971 19.244114 0.534371 -2.233194 29.672159 0.396851 -2.042123 25.052978 0.000001 0.000002 0.000007 4.570446 11.014719 -2.160856 2.358946 -3.459090 -3.849799 37.397929 -47.494882 -8.701479 -0.000101 -58.233571 -0.000059 40.011815 -29.771961 45.605282 2.466146 -1.576197 2.681733 -5.228855 7.024860 31.924229 0.338831 -0.517540 -0.943681 -14.147875 -14.481277 7.171684 0.000001 0.000001 -0.000003 9.109299 -0.518048 2.259871 4.444443 2.688046 -14.431939 0.879523 3.094137 -31.710106 0.938324 3.174940 -32.858937 -0.000001 -0.000006 -0.000006 9.533420 0.000030 0.000043 0.674775 4.964163 -25.722631 0.811710 2.980664 -30.508887 1.714234 4.142675 -44.945831 -0.000000 -0.000004 0.000002 9.104523 -0.043031 -1.865077 1.454702 6.759811 -23.493902 0.833414 3.012836 -30.905329 1.556084 3.976473 -42.716379 0.000000 0.000006 0.000006 8.077784 -0.486878 -3.806272 -12.679280 12.514142 -17.171712 1.498182 3.685641 -39.873091 1.472630 3.680666 -39.569489 -0.000001 -0.000001 0.000002 -8.207786 -6.751678 -1.599566 -53.685741 0.299856 -21.147227 50.407124 9.901046 5.209480 -1.362072 14.978784 20.266592 -1.573429 -0.000006 -0.000005 0.000001 -0.000000 0.000000 8.207781 -6.751698 -1.599558 -55.054863 -6.008577 44.611251 69.956519 -7.499956 7.458816 -28.448716 5.643123 -18.862778 1.883499 -0.000001 -0.000002 0.000000 0.000000 0.000000 
14.778426 82.804550 -5.793443 14.289426 -14.412823 -12.621303 -0.000007 10.181576 0.131524 22.850697 0.514693 -2.310825 8.800674 2.201383 3.527628 8.637373 2.545887 3.336964 0.000001 16.740387 -2.049016 8.140491 0.668200 2.302756 0.000001 9.617903 1.685009 23.151263 5.494096 4.573574 0.000005 22.037369 7.501100 0.000001 0.000000 -0.000003 -4.569970 11.014921 -2.160868 2.425025 3.925064 10.893359 29.027228 30.662283 8.538216 0.000033 66.393011 -0.000034 66.144829 39.934234 -36.594774 -2.464796 -1.573987 2.681854 -6.734228 -10.576856 -36.115025 -0.701524 0.745881 0.686107 -2.016248 -11.670345 -18.495468 -0.000000 0.000002 0.000000 -9.108278 -0.517868 2.259842 10.192282 7.117185 26.158448 0.256020 -1.505615 19.194857 0.416611 -1.937696 24.399953 -0.000002 0.000003 -0.000007 -9.532515 -0.000048 -0.000023 -1.152598 -1.267989 28.696647 0.522957 -2.089018 27.880086 1.096991 -3.044306 40.146086 0.000003 0.000009 0.000007 -9.103590 -0.043065 -1.865131 2.162877 -7.802856 25.097776 0.615371 -2.333560 29.667873 0.820763 -2.634930 34.255567 0.000000 -0.000000 -0.000002 -8.076686 -0.486710 -3.806283 -10.162110 -19.285307 19.273110 0.536800 -2.237788 29.736055 0.398923 -2.046759 25.115476 0.000005 -0.000001 0.000003 4.570445 11.014720 -2.160841 2.381565 -2.980599 -3.341678 36.246564 -46.630443 -10.302920 -0.000071 -57.731443 -0.000024 41.553382 -31.965692 45.893721 2.466132 -1.576207 2.681727 -5.212307 7.050267 31.896563 0.343405 -0.504887 -0.938090 -14.140251 -14.469322 7.180169 0.000003 0.000009 -0.000003 9.109317 -0.518039 2.259864 4.444045 2.682807 -14.432024 0.881680 3.097612 -31.750110 0.940553 3.178353 -32.898894 0.000001 -0.000000 0.000001 9.533410 0.000024 0.000036 0.676773 4.968262 -25.722306 0.813820 2.984227 -30.549042 1.717119 4.145542 -44.985805 -0.000000 -0.000006 0.000001 9.104534 -0.043033 -1.865082 1.456663 6.760971 -23.527697 0.835505 3.016334 -30.945080 1.558863 3.979465 -42.756414 -0.000003 -0.000002 0.000003 8.077800 -0.486871 -3.806276 -12.814331 12.559898 -17.180564 1.501961 3.689843 -39.928343 1.476228 3.684694 -39.622522 0.000001 -0.000000 0.000000 -8.207783 -6.751687 -1.599561 -53.985791 -0.109732 -22.854402 49.830806 9.788019 5.412358 -4.898140 14.721151 21.311295 -0.448957 0.000006 0.000003 -0.000001 0.000000 -0.000000 8.207788 -6.751713 -1.599552 -55.099887 -4.513446 43.436718 67.130166 -8.705114 6.411547 -26.968587 5.410382 -19.021834 1.963071 0.000001 0.000005 -0.000000 0.000000 0.000000 
14.376673 83.100945 -5.804966 15.332866 -12.567066 -10.683209 -0.000009 10.181577 0.131514 23.127693 0.274698 -2.220490 8.404269 1.659366 2.775113 8.250811 1.975058 2.583323 0.000002 16.740408 -2.049036 6.957847 0.949376 0.110808 -0.000002 9.617878 1.684999 19.021226 4.415686 -2.027151 0.000004 22.037338 7.501099 0.000002 0.000000 -0.000000 -4.569971 11.014907 -2.160879 1.519829 5.349252 13.638979 29.161558 27.645411 9.115089 0.000029 67.919866 -0.000038 65.794338 40.020459 -34.401689 -2.464792 -1.574001 2.681842 -6.743126 -10.567082 -36.134265 -0.693634 0.750432 0.681748 -2.006058 -11.696315 -18.504808 -0.000004 -0.000002 -0.000002 -9.108284 -0.517888 2.259830 10.190855 7.118491 26.132932 0.257206 -1.509004 19.238988 0.418092 -1.940968 24.444154 0.000002 0.000001 -0.000001 -9.532508 -0.000049 -0.000028 -1.155990 -1.261831 28.697480 0.524610 -2.092218 27.924076 1.099278 -3.046995 40.189468 -0.000001 0.000008 0.000007 -9.103607 -0.043075 -1.865139 2.162511 -7.799719 25.112333 0.617155 -2.336712 29.712224 0.822604 -2.637581 34.295456 -0.000003 -0.000005 -0.000004 -8.076693 -0.486725 -3.806279 -10.158881 -19.277340 19.303417 0.539361 -2.242647 29.803551 0.401111 -2.051688 25.181451 -0.000000 0.000001 0.000002 4.570447 11.014724 -2.160853 2.391853 -2.497192 -2.890052 34.606417 -45.519765 -12.633722 -0.000081 -57.886919 -0.000035 43.677905 -33.597601 46.172741 2.466148 -1.576207 2.681734 -5.194713 7.078063 31.867887 0.348487 -0.492168 -0.932349 -14.133469 -14.459587 7.187801 0.000007 0.000012 0.000002 9.109303 -0.518046 2.259875 4.443675 2.677659 -14.432108 0.883949 3.101279 -31.792294 0.942890 3.181975 -32.941135 -0.000002 0.000002 -0.000002 9.533414 0.000023 0.000043 0.678746 4.972336 -25.721989 0.815980 2.987900 -30.590846 1.720195 4.148608 -45.028210 -0.000004 -0.000002 0.000002 9.104539 -0.043031 -1.865073 1.458525 6.761733 -23.563266 0.837727 3.020018 -30.986977 1.561780 3.982593 -42.798433 0.000000 -0.000000 0.000001 8.077801 -0.486859 -3.806267 -12.822570 12.566595 -17.210991 1.506442 3.694806 -39.993848 1.480034 3.688988 -39.678577 -0.000001 0.000001 -0.000001 -8.207790 -6.751673 -1.599565 -53.878660 0.514525 -24.559550 50.240283 9.785282 4.821499 -5.960452 16.141883 21.214940 -0.453591 0.000009 -0.000002 -0.000001 -0.000001 -0.000000 8.207791 -6.751711 -1.599550 -55.555850 -3.550554 41.953747 65.158475 -9.073055 5.149768 -25.813804 4.102289 -20.114938 2.074662 -0.000007 -0.000002 -0.000000 0.000001 -0.000000 
13.925558 82.706688 -5.743143 16.312503 -10.247928 -8.588861 -0.000007 10.181586 0.131526 23.620570 0.070794 -1.729885 7.752616 1.155997 1.993532 7.616965 1.388142 1.805755 0.000001 16.740398 -2.049032 5.409265 1.016754 -1.580446 -0.000002 9.617871 1.685018 10.929194 3.445709 -6.362390 0.000000 22.037354 7.501090 0.000005 0.000001 -0.000000 -4.569975 11.014902 -2.160881 0.604406 5.872976 16.178451 29.699804 25.630450 9.370860 0.000009 69.515036 -0.000013 64.889406 40.004104 -30.848809 -2.464800 -1.573972 2.681849 -6.752532 -10.556757 -36.154534 -0.685320 0.755223 0.677091 -1.995552 -11.723952 -18.514368 -0.000003 0.000002 0.000000 -9.108291 -0.517867 2.259834 10.189438 7.119886 26.106074 0.258442 -1.512573 19.285393 0.419668 -1.944419 24.490695 0.000001 -0.000004 0.000004 -9.532511 -0.000054 -0.000021 -1.159311 -1.255814 28.698290 0.526340 -2.095536 27.970345 1.101699 -3.049889 40.235832 -0.000005 -0.000002 0.000004 -9.103589 -0.043070 -1.865129 2.162060 -7.796436 25.127515 0.619058 -2.339983 29.758697 0.824558 -2.640448 34.337840 0.000004 0.000005 0.000002 -8.076700 -0.486711 -3.806283 -10.155518 -19.269079 19.335091 0.542073 -2.247765 29.874571 0.403388 -2.056825 25.250560 0.000003 0.000000 -0.000000 4.570447 11.014733 -2.160849 2.404245 -1.980590 -2.449756 32.955028 -44.299029 -15.003305 -0.000085 -58.626813 -0.000034 46.455938 -34.942049 46.123438 2.466137 -1.576209 2.681733 -5.176403 7.106410 31.837438 0.353926 -0.478052 -0.926286 -14.125830 -14.448116 7.196314 0.000001 0.000009 -0.000007 9.109311 -0.518047 2.259866 4.443305 2.672593 -14.432185 0.886349 3.105111 -31.836594 0.945335 3.185767 -32.985135 -0.000001 -0.000001 0.000008 9.533416 0.000010 0.000042 0.680667 4.976349 -25.721686 0.818285 2.991772 -30.635079 1.723387 4.151767 -45.072388 0.000001 0.000004 0.000005 9.104531 -0.043038 -1.865075 1.460474 6.762624 -23.600499 0.840055 3.023860 -31.031165 1.564852 3.985909 -42.842597 -0.000002 0.000001 0.000001 8.077793 -0.486877 -3.806269 -12.819040 12.569923 -17.245849 1.511138 3.700014 -40.062444 1.484012 3.693455 -39.737071 0.000001 -0.000001 -0.000008 -8.207789 -6.751671 -1.599564 -53.413944 1.558184 -26.163627 51.001535 9.836295 3.573648 -4.580754 17.266114 20.712569 -7.264383 0.000003 0.000007 -0.000001 0.000000 -0.000000 8.207792 -6.751703 -1.599553 -56.458190 -3.199872 40.065821 64.560580 -9.041687 3.967704 -25.254307 2.581331 -20.890219 2.052960 -0.000008 -0.000002 0.000000 0.000000 -0.000000 
13.326783 81.577477 -5.704291 17.126346 -7.881502 -6.197697 -0.000006 10.181580 0.131520 24.875207 -0.240043 -1.122220 6.605726 0.626787 0.926881 6.484334 0.713806 0.759585 0.000001 16.740389 -2.049021 3.664024 0.972108 -2.835713 0.000001 9.617886 1.685000 -0.358588 3.012313 -8.813526 0.000001 22.037354 7.501082 -0.000001 -0.000000 0.000000 -4.569977 11.014913 -2.160877 -0.011687 5.469214 18.407003 31.605628 24.871709 8.738081 0.000022 71.099715 -0.000024 63.592374 38.738019 -27.999278 -2.464784 -1.573979 2.681844 -6.762422 -10.545683 -36.175704 -0.676738 0.760177 0.672366 -1.984061 -11.753603 -18.524516 -0.000005 -0.000007 0.000007 -9.108283 -0.517858 2.259834 10.187995 7.121500 26.078168 0.259716 -1.516314 19.333822 0.421298 -1.947964 24.538744 -0.000000 0.000002 -0.000002 -9.532514 -0.000036 -0.000028 -1.162594 -1.249877 28.699103 0.528161 -2.099048 28.018855 1.104195 -3.052841 40.283520 -0.000003 -0.000002 0.000007 -9.103597 -0.043066 -1.865134 2.161683 -7.793102 25.143601 0.621027 -2.343410 29.807444 0.826550 -2.643343 34.381359 -0.000001 -0.000005 -0.000004 -8.076673 -0.486710 -3.806279 -10.151977 -19.260444 19.368494 0.544887 -2.253053 29.948218 0.405786 -2.062194 25.322861 -0.000003 0.000003 -0.000002 4.570446 11.014724 -2.160841 2.403328 -1.512001 -2.085716 31.224818 -41.458985 -17.704892 -0.000124 -61.624822 -0.000054 49.915391 -35.639596 44.556261 2.466132 -1.576206 2.681735 -5.157229 7.135705 31.805384 0.359610 -0.463607 -0.920106 -14.116483 -14.434495 7.206089 -0.000000 0.000003 0.000004 9.109293 -0.518025 2.259871 4.442972 2.667595 -14.432284 0.888847 3.109104 -31.882667 0.947910 3.189727 -33.031451 -0.000002 -0.000001 0.000004 9.533406 0.000029 0.000049 0.682571 4.980282 -25.721413 0.820685 2.995842 -30.681251 1.726746 4.155120 -45.118744 0.000001 -0.000001 0.000005 9.104540 -0.043031 -1.865072 1.462588 6.763594 -23.639732 0.842448 3.027891 -31.077132 1.568072 3.989353 -42.888585 -0.000003 0.000002 0.000002 8.077794 -0.486881 -3.806256 -12.815279 12.573288 -17.283522 1.516003 3.705347 -40.132948 1.488154 3.698103 -39.798262 0.000001 0.000002 0.000002 -8.207786 -6.751689 -1.599564 -53.339963 2.645105 -28.049869 52.568616 9.761525 1.924597 -6.668853 15.571711 23.235713 -13.180558 0.000007 -0.000001 0.000000 -0.000000 -0.000000 8.207798 -6.751713 -1.599549 -57.760827 -3.425331 37.666355 65.742674 -9.050482 3.088607 -25.605440 1.860498 -20.427795 1.945420 -0.000004 -0.000002 -0.000000 -0.000000 -0.000000 
12.483223 79.800110 -5.726325 17.816569 -5.873593 -3.399913 -0.000004 10.181580 0.131521 26.951020 -0.727990 -0.899485 4.999322 0.174350 -0.358273 4.882109 0.094057 -0.495674 0.000003 16.740398 -2.049037 1.681423 0.784290 -3.687431 -0.000002 9.617887 1.685022 -13.475945 2.300514 -9.245079 -0.000000 22.037354 7.501103 -0.000004 0.000001 -0.000000 -4.569966 11.014891 -2.160891 0.009204 5.172529 19.248375 34.357781 24.625289 8.303677 -0.000013 73.843743 -0.000005 62.686547 34.967512 -26.518840 -2.464790 -1.573994 2.681842 -6.772699 -10.534005 -36.197786 -0.667572 0.765382 0.667422 -1.972601 -11.783316 -18.534910 0.000003 -0.000002 -0.000002 -9.108290 -0.517869 2.259828 10.186542 7.123221 26.048832 0.261082 -1.520209 19.384453 0.423010 -1.951717 24.589403 -0.000001 0.000002 0.000003 -9.532498 -0.000038 -0.000025 -1.165803 -1.244043 28.699881 0.530062 -2.102681 28.069110 1.106842 -3.055964 40.333818 -0.000004 0.000002 0.000002 -9.103593 -0.043067 -1.865138 2.161274 -7.789562 25.160486 0.623074 -2.346971 29.857748 0.828716 -2.646466 34.427917 -0.000001 0.000002 0.000003 -8.076674 -0.486712 -3.806293 -10.148305 -19.251699 19.402969 0.547879 -2.258629 30.025775 0.408283 -2.067779 25.398328 -0.000001 -0.000004 0.000006 4.570451 11.014706 -2.160855 2.396177 -1.091640 -1.895172 30.274564 -37.034781 -19.817044 -0.000127 -66.840231 -0.000089 53.212126 -35.701771 41.529780 2.466129 -1.576211 2.681727 -5.137098 7.166890 31.772251 0.365802 -0.448935 -0.913845 -14.107283 -14.421644 7.215442 0.000001 0.000006 -0.000005 9.109304 -0.518041 2.259862 4.442644 2.662672 -14.432360 0.891469 3.113276 -31.930991 0.950607 3.193875 -33.079754 0.000002 -0.000007 -0.000011 9.533411 0.000031 0.000034 0.684451 4.984145 -25.721121 0.823220 3.000091 -30.729612 1.730240 4.158583 -45.166979 0.000002 -0.000004 0.000004 9.104530 -0.043033 -1.865085 1.464801 6.764624 -23.680631 0.844994 3.032092 -31.125128 1.571410 3.992943 -42.936874 0.000001 -0.000001 0.000004 8.077789 -0.486870 -3.806276 -12.811342 12.576672 -17.324058 1.520968 3.710830 -40.205478 1.492546 3.702943 -39.862094 0.000000 0.000002 -0.000004 -8.207784 -6.751683 -1.599572 -54.492226 4.309066 -30.118884 56.462971 9.523864 -0.064444 -14.316278 11.056695 25.283468 -7.675174 0.000008 -0.000000 -0.000000 -0.000000 -0.000000 8.207790 -6.751715 -1.599552 -59.316669 -3.796497 35.250972 68.015249 -9.098963 2.315758 -26.420860 1.749154 -19.817978 1.825449 0.000009 0.000001 0.000000 -0.000001 -0.000000 
11.423524 77.601456 -5.851545 18.688639 -4.618132 -0.333567 -0.000005 10.181596 0.131521 29.598481 -1.374388 -1.277672 3.078988 0.121314 -1.741111 2.959272 -0.141283 -1.867400 -0.000001 16.740395 -2.049030 -1.066148 0.438880 -3.938375 -0.000004 9.617900 1.685020 -24.377963 0.326113 -8.311326 0.000000 22.037354 7.501097 -0.000002 -0.000000 -0.000000 -4.569974 11.014912 -2.160872 0.723300 5.006135 18.722032 36.417886 24.206891 9.730618 0.000044 78.611318 -0.000002 63.895586 29.167681 -25.652065 -2.464792 -1.573973 2.681849 -6.783181 -10.522100 -36.220763 -0.658757 0.770445 0.662638 -1.960126 -11.815414 -18.545871 0.000001 0.000000 0.000005 -9.108291 -0.517869 2.259836 10.185028 7.125114 26.018334 0.262482 -1.524229 19.437036 0.424800 -1.955633 24.642086 0.000002 0.000005 0.000001 -9.532513 -0.000050 -0.000021 -1.168954 -1.238296 28.700670 0.532021 -2.106447 28.121492 1.109620 -3.059216 40.386243 0.000001 0.000004 0.000001 -9.103601 -0.043075 -1.865129 2.160864 -7.785930 25.178063 0.625215 -2.350673 29.910399 0.830921 -2.649647 34.475516 -0.000002 0.000005 0.000002 -8.076688 -0.486716 -3.806281 -10.144442 -19.242530 19.439179 0.550932 -2.264360 30.105975 0.410913 -2.073613 25.476674 -0.000000 0.000004 -0.000001 4.570446 11.014724 -2.160843 2.386443 -0.740481 -1.845949 30.916346 -31.672137 -20.380292 -0.000178 -73.710247 -0.000162 55.750039 -34.879683 38.126539 2.466135 -1.576193 2.681732 -5.116262 7.198724 31.737495 0.372481 -0.432491 -0.907206 -14.098129 -14.408632 7.224644 -0.000000 0.000006 0.000009 9.109303 -0.518040 2.259865 4.442341 2.657821 -14.432446 0.894195 3.117660 -31.981265 0.953422 3.198170 -33.129993 0.000003 0.000006 0.000006 9.533415 0.000031 0.000040 0.686280 4.987938 -25.720836 0.825846 3.004488 -30.779561 1.733899 4.162219 -45.217498 0.000002 0.000004 -0.000004 9.104519 -0.043032 -1.865081 1.467068 6.765663 -23.722994 0.847676 3.036478 -31.175353 1.574886 3.996698 -42.986929 -0.000002 0.000015 -0.000003 8.077791 -0.486858 -3.806272 -12.807207 12.580081 -17.367547 1.526088 3.716442 -40.279685 1.497050 3.708001 -39.928377 -0.000002 0.000003 0.000002 -8.207780 -6.751670 -1.599567 -57.312862 7.041331 -31.718265 62.352749 9.304569 -1.987966 -21.472199 7.420307 23.342305 -2.359593 -0.000090 0.096257 0.000000 -0.000000 -0.000000 8.207798 -6.751708 -1.599563 -61.278012 -3.879789 33.811520 70.638588 -9.161809 1.177873 -27.351419 1.411440 -19.383559 1.711696 -0.000004 0.000000 0.000000 -0.000000 0.000000 
10.272193 75.378563 -5.994019 20.011230 -3.903374 2.415497 -0.000006 10.181605 0.131525 32.077881 -2.076717 -1.573836 1.176653 0.314316 -3.180089 1.048280 -0.156246 -3.303177 0.000001 16.740391 -2.049033 -4.521700 0.010721 -3.695564 -0.000001 9.617872 1.685020 -30.844806 -2.389877 -7.160508 0.000001 22.037369 7.501091 -0.000005 0.000000 0.000001 -4.569971 11.014916 -2.160877 1.752598 4.474179 18.052381 37.933812 23.928325 11.949722 0.000123 84.022808 -0.000046 66.710505 23.241173 -24.380164 -2.464781 -1.573983 2.681846 -6.794133 -10.509831 -36.244611 -0.648888 0.776041 0.657437 -1.947495 -11.848126 -18.557047 -0.000000 0.000002 0.000009 -9.108281 -0.517866 2.259828 10.183486 7.127157 25.986575 0.263948 -1.528456 19.491796 0.426686 -1.959682 24.696917 0.000002 0.000001 -0.000006 -9.532502 -0.000039 -0.000027 -1.172071 -1.232660 28.701456 0.534089 -2.110382 28.175997 1.112464 -3.062593 40.440836 0.000001 -0.000008 0.000007 -9.103576 -0.043082 -1.865133 2.160433 -7.782142 25.196202 0.627448 -2.354531 29.965184 0.833237 -2.652970 34.525278 -0.000001 0.000001 -0.000007 -8.076677 -0.486717 -3.806282 -10.140501 -19.233119 19.476493 0.554178 -2.270357 30.189573 0.413650 -2.079700 25.558426 -0.000003 -0.000005 -0.000006 4.570448 11.014713 -2.160842 2.375215 -0.475524 -1.792823 32.764435 -26.181814 -19.769031 -0.000384 -80.845438 -0.000343 57.674780 -33.310276 35.556298 2.466136 -1.576199 2.681734 -5.094379 7.232822 31.701708 0.378980 -0.416940 -0.900740 -14.088248 -14.394987 7.234244 0.000001 0.000003 0.000000 9.109303 -0.518041 2.259868 4.442102 2.653047 -14.432533 0.897027 3.122147 -32.033160 0.956330 3.202628 -33.182090 -0.000002 -0.000006 -0.000005 9.533411 0.000029 0.000038 0.688121 4.991697 -25.720548 0.828565 3.009065 -30.831744 1.737688 4.165960 -45.269640 0.000004 0.000011 0.000001 9.104547 -0.043032 -1.865075 1.469444 6.766754 -23.767110 0.850421 3.041061 -31.227471 1.578517 4.000537 -43.038730 -0.000004 0.000009 -0.000001 8.077790 -0.486872 -3.806270 -12.802847 12.583536 -17.413994 1.531282 3.722148 -40.355182 1.501757 3.713219 -39.997089 -0.000000 -0.000000 0.000004 -8.207783 -6.751648 -1.599557 -60.899456 10.226307 -32.648854 68.188142 9.180690 -3.414025 -26.320718 5.221525 21.353637 -1.018182 0.000002 0.000012 -0.000000 -0.000000 -0.000001 8.207795 -6.751678 -1.599558 -63.642617 -3.864919 33.370675 73.026183 -9.218579 -0.024601 -28.146871 0.823583 -19.183054 1.705799 -0.000002 0.000003 0.000000 -0.000000 -0.000000 
9.237458 73.656013 -5.971302 21.462111 -2.741897 4.112881 -0.000006 10.181584 0.131516 33.762257 -2.635998 -0.619661 -0.533704 0.116578 -4.772566 -0.678586 -0.597851 -4.841581 0.000004 16.740391 -2.049026 -7.538149 -0.513421 -2.981225 -0.000002 9.617887 1.685018 -34.286720 -4.976428 -5.853493 0.000003 22.037384 7.501092 -0.000001 0.000000 0.000001 -4.569972 11.014910 -2.160882 2.828436 3.603933 16.935864 39.245130 26.017039 13.730860 0.000211 86.984098 -0.000224 68.977780 19.046170 -22.892998 -2.464800 -1.573979 2.681844 -6.805557 -10.497109 -36.269431 -0.638877 0.781788 0.652016 -1.934002 -11.882838 -18.568954 0.000006 -0.000002 0.000000 -9.108283 -0.517870 2.259833 10.181829 7.129392 25.953541 0.265507 -1.532819 19.548879 0.428617 -1.963855 24.753382 -0.000000 0.000000 0.000002 -9.532511 -0.000045 -0.000024 -1.175127 -1.227133 28.702227 0.536243 -2.114452 28.232561 1.115459 -3.066091 40.497397 -0.000003 0.000003 0.000006 -9.103597 -0.043072 -1.865136 2.159980 -7.778230 25.215149 0.629760 -2.358516 30.021950 0.835635 -2.656404 34.576579 -0.000001 0.000003 -0.000003 -8.076687 -0.486715 -3.806283 -10.136450 -19.223405 19.515075 0.557524 -2.276580 30.276412 0.416500 -2.085934 25.642706 -0.000000 -0.000001 -0.000000 4.570448 11.014708 -2.160848 2.358977 -0.253406 -1.769346 35.541149 -21.160332 -18.580102 -0.000862 -86.563830 -0.000866 58.878184 -31.322940 34.391116 2.466138 -1.576197 2.681729 -5.071962 7.266925 31.664183 0.385883 -0.399714 -0.893929 -14.077653 -14.378703 7.244886 0.000006 0.000004 -0.000001 9.109297 -0.518038 2.259862 4.441903 2.648360 -14.432613 0.899956 3.126835 -32.087293 0.959375 3.207257 -33.236380 0.000000 -0.000006 -0.000001 9.533402 0.000024 0.000033 0.689892 4.995384 -25.720286 0.831386 3.013801 -30.885781 1.741621 4.169844 -45.323821 0.000001 0.000001 0.000003 9.104528 -0.043027 -1.865078 1.471893 6.767936 -23.812929 0.853295 3.045755 -31.281389 1.582299 4.004599 -43.092910 0.000004 -0.000005 0.000002 8.077798 -0.486870 -3.806273 -12.798169 12.586889 -17.466720 1.536311 3.727601 -40.427982 1.506684 3.718689 -40.069001 -0.000001 -0.000001 0.000006 -8.207784 -6.751672 -1.599571 -63.493411 12.483213 -33.621029 72.211806 9.139013 -4.026410 -29.306822 4.005494 21.318516 -0.550915 0.000005 -0.000007 0.000000 0.000001 -0.000000 8.207788 -6.751711 -1.599553 -65.803101 -4.213096 32.982089 74.318298 -9.210987 -0.665164 -28.438994 0.254441 -20.251272 1.899154 0.000001 0.000002 0.000000 -0.000000 -0.000000 
8.235570 72.367081 -5.850611 22.567194 -1.053842 5.199204 -0.000004 10.181594 0.131524 34.901549 -3.002594 1.089861 -1.790386 -0.335613 -6.428148 -1.971076 -1.289762 -6.413753 0.000002 16.740393 -2.049017 -9.636945 -1.192505 -1.968847 0.000001 9.617881 1.684999 -36.569806 -7.716758 -4.226010 0.000002 22.037354 7.501099 0.000001 0.000000 0.000001 -4.569969 11.014914 -2.160864 3.823846 2.508753 15.418069 39.792129 29.688548 15.257958 0.000138 88.235512 -0.000411 70.570020 16.232278 -21.189658 -2.464784 -1.573995 2.681852 -6.817378 -10.483941 -36.295021 -0.628171 0.787846 0.646399 -1.920516 -11.917703 -18.581123 -0.000001 0.000007 0.000003 -9.108288 -0.517867 2.259840 10.180163 7.131697 25.919962 0.267060 -1.537270 19.606623 0.430625 -1.968210 24.812378 0.000001 0.000001 0.000004 -9.532510 -0.000048 -0.000024 -1.178115 -1.221700 28.702979 0.538449 -2.118678 28.291098 1.118551 -3.069695 40.555713 -0.000001 -0.000006 0.000006 -9.103585 -0.043089 -1.865131 2.159472 -7.774059 25.234858 0.632139 -2.362640 30.080327 0.838090 -2.659953 34.629909 -0.000002 0.000002 0.000002 -8.076685 -0.486719 -3.806283 -10.132265 -19.213298 19.555293 0.560971 -2.282965 30.365641 0.419452 -2.092420 25.730252 -0.000000 0.000004 0.000002 4.570446 11.014723 -2.160841 2.338516 -0.076812 -1.757948 37.812327 -17.012145 -17.447631 0.004199 -90.710479 0.004972 59.609137 -29.866133 33.592049 2.466141 -1.576212 2.681725 -5.048528 7.303220 31.625623 0.392974 -0.382617 -0.887047 -14.067365 -14.363628 7.254991 0.000003 0.000006 0.000002 9.109310 -0.518042 2.259857 4.441725 2.643737 -14.432700 0.903038 3.131676 -32.143413 0.962496 3.212025 -33.292179 0.000000 -0.000006 0.000002 9.533410 0.000028 0.000029 0.691640 4.999023 -25.720018 0.834355 3.018703 -30.941840 1.745708 4.173868 -45.379995 0.000002 -0.000002 -0.000003 9.104545 -0.043033 -1.865086 1.474465 6.769173 -23.860257 0.856267 3.050643 -31.337410 1.586179 4.008747 -43.148651 -0.000001 0.000002 0.000001 8.077790 -0.486855 -3.806278 -12.793268 12.590264 -17.522271 1.541433 3.733188 -40.502206 1.511764 3.724305 -40.143211 0.000001 -0.000004 0.000003 -8.207781 -6.751664 -1.599570 -64.982570 14.138959 -34.781605 75.332520 9.135961 -4.283589 -31.190749 3.134595 22.158264 -0.557484 0.000001 -0.000002 -0.000000 -0.000001 -0.000001 8.207788 -6.751691 -1.599560 -67.268846 -4.798973 32.044174 74.637507 -9.160566 -0.765064 -28.319426 0.035219 -22.382626 2.212319 0.000002 0.000001 0.000000 -0.000000 -0.000000 
7.040987 71.336243 -5.761900 23.132259 0.403207 6.518792 -0.000006 10.181578 0.131530 35.784416 -3.372241 2.195777 -2.234704 -0.738071 -7.738959 -2.449258 -1.868079 -7.660540 0.000001 16.740404 -2.049046 -11.289498 -1.859447 -1.441133 -0.000001 9.617891 1.685022 -37.919581 -11.069238 -2.351245 0.000005 22.037354 7.501093 -0.000003 -0.000000 -0.000001 -4.569975 11.014934 -2.160897 4.598127 2.622566 14.315755 38.620584 31.905839 17.603918 -0.000802 89.693675 0.000018 72.740681 14.277090 -19.217205 -2.464783 -1.573999 2.681850 -6.829652 -10.470175 -36.321454 -0.617431 0.793996 0.640477 -1.906226 -11.954571 -18.593740 -0.000000 -0.000002 0.000002 -9.108279 -0.517863 2.259839 10.178461 7.134151 25.884708 0.268735 -1.541933 19.667537 0.432665 -1.972684 24.872885 0.000000 0.000003 -0.000001 -9.532508 -0.000052 -0.000027 -1.181070 -1.216364 28.703716 0.540748 -2.123000 28.351511 1.121738 -3.073438 40.616222 -0.000002 -0.000000 -0.000000 -9.103603 -0.043062 -1.865134 2.158943 -7.769814 25.255056 0.634634 -2.366887 30.140949 0.840667 -2.663620 34.685036 -0.000002 0.000001 -0.000007 -8.076676 -0.486722 -3.806281 -10.127996 -19.202910 19.596549 0.564581 -2.289611 30.458293 0.422504 -2.099104 25.820659 0.000001 0.000005 -0.000000 4.570446 11.014728 -2.160864 2.312976 0.023640 -1.741302 38.587697 -14.108245 -16.423070 0.001084 -93.588311 0.001275 59.914481 -29.240357 32.607897 2.466139 -1.576205 2.681737 -5.024498 7.340834 31.585745 0.400572 -0.364594 -0.879829 -14.057145 -14.349652 7.264746 0.000001 0.000005 -0.000005 9.109303 -0.518026 2.259869 4.441550 2.639189 -14.432774 0.906188 3.136665 -32.201282 0.965748 3.216986 -33.350147 0.000001 0.000000 0.000002 9.533405 0.000034 0.000041 0.693367 5.002552 -25.719755 0.837375 3.023770 -30.999585 1.749924 4.178022 -45.437963 0.000001 -0.000000 0.000000 9.104531 -0.043026 -1.865081 1.477081 6.770376 -23.909157 0.859365 3.055693 -31.395296 1.590240 4.013022 -43.206318 0.000003 0.000002 -0.000003 8.077780 -0.486864 -3.806266 -12.788261 12.593633 -17.579669 1.546739 3.738960 -40.578933 1.517044 3.730102 -40.220003 0.000000 -0.000003 0.000003 -8.207784 -6.751679 -1.599564 -66.029180 15.983293 -35.314738 78.602145 9.105995 -4.844049 -32.958620 1.646155 21.692583 -0.567167 0.000001 0.000000 0.000000 -0.000000 0.000001 8.207790 -6.751699 -1.599551 -67.840314 -5.104587 30.808077 74.541092 -9.162980 -0.668038 -28.154842 0.430332 -23.904574 2.400709 -0.000005 0.000004 0.000000 0.000001 -0.000000 
5.778287 70.752914 -5.725888 22.860182 1.282559 7.712803 -0.000006 10.181580 0.131525 36.389277 -3.532567 2.997951 -1.563434 -1.021583 -8.513689 -1.792850 -2.267817 -8.403865 0.000001 16.740410 -2.049037 -12.463416 -2.517989 -1.570066 0.000001 9.617878 1.685021 -38.065822 -15.162716 -0.824141 0.000004 22.037354 7.501095 0.000000 0.000002 -0.000000 -4.569972 11.014902 -2.160882 4.969746 4.354746 13.436159 35.359203 32.030012 21.042351 -0.000033 91.445230 0.000100 75.298416 13.502499 -16.843147 -2.464797 -1.573985 2.681853 -6.842320 -10.456016 -36.348757 -0.606263 0.800374 0.634459 -1.891815 -11.991930 -18.606542 0.000003 -0.000002 0.000000 -9.108289 -0.517870 2.259843 10.176691 7.136657 25.848666 0.270433 -1.546710 19.729732 0.434816 -1.977306 24.935450 -0.000000 -0.000001 0.000002 -9.532520 -0.000044 -0.000022 -1.183974 -1.211112 28.704447 0.543123 -2.127509 28.413853 1.125067 -3.077289 40.678937 -0.000002 -0.000008 0.000013 -9.103587 -0.043081 -1.865126 2.158387 -7.765416 25.275887 0.637176 -2.371299 30.203622 0.843298 -2.667388 34.741511 -0.000000 -0.000005 -0.000007 -8.076690 -0.486697 -3.806268 -10.123520 -19.192207 19.639161 0.568303 -2.296415 30.553916 0.425619 -2.105968 25.913384 0.000001 0.000005 -0.000006 4.570445 11.014699 -2.160852 2.281566 0.041752 -1.718389 37.411299 -13.229128 -15.755308 0.000852 -94.308595 0.001053 59.922527 -29.647529 32.147187 2.466148 -1.576199 2.681728 -4.998817 7.380017 31.542937 0.408645 -0.345172 -0.872305 -14.045108 -14.331905 7.276370 0.000002 0.000004 0.000002 9.109301 -0.518026 2.259872 4.441372 2.634718 -14.432849 0.909553 3.142000 -32.262812 0.969222 3.222214 -33.411513 0.000004 0.000004 0.000009 9.533423 0.000025 0.000040 0.695059 5.006046 -25.719504 0.840637 3.029173 -31.061173 1.754407 4.182424 -45.499575 -0.000001 -0.000001 -0.000005 9.104535 -0.043027 -1.865072 1.479869 6.771650 -23.961395 0.862635 3.061034 -31.456672 1.594511 4.017589 -43.267654 0.000001 0.000013 -0.000003 8.077806 -0.486875 -3.806263 -12.782953 12.597247 -17.640808 1.552401 3.745093 -40.660512 1.522666 3.736304 -40.301873 -0.000004 -0.000003 0.000004 -8.207788 -6.751680 -1.599572 -66.287894 17.585063 -34.841061 81.573448 9.069874 -5.581396 -34.411500 -0.408857 19.738229 -0.570892 -0.000003 -0.000005 -0.000000 0.000000 0.000002 8.207788 -6.751699 -1.599559 -67.302266 -5.165094 29.746912 74.136116 -9.227179 -0.354500 -27.987310 1.238958 -24.264384 2.410878 0.000007 0.000007 0.000000 0.000001 -0.000000 
4.604038 70.804550 -5.758346 21.447718 1.564381 8.452193 -0.000007 10.181579 0.131524 37.198887 -3.379766 4.347798 -0.065976 -0.995308 -9.261198 -0.301188 -2.443439 -9.153247 0.000002 16.740381 -2.049036 -12.532048 -3.471091 -1.526063 0.000000 9.617886 1.685028 -37.173253 -20.308215 0.449726 0.000003 22.037338 7.501090 0.000004 0.000001 0.000000 -4.569975 11.014913 -2.160883 4.839262 6.108932 11.921860 32.332189 32.584217 23.119507 -0.000146 92.336965 0.000167 75.927170 12.328865 -15.395612 -2.464787 -1.573974 2.681852 -6.855208 -10.441553 -36.376850 -0.594927 0.806850 0.628297 -1.876956 -12.030731 -18.619989 -0.000001 -0.000002 0.000002 -9.108279 -0.517865 2.259840 10.174935 7.139311 25.811073 0.272204 -1.551682 19.794595 0.437017 -1.982030 24.999636 -0.000002 0.000000 0.000001 -9.532496 -0.000055 -0.000027 -1.186803 -1.205998 28.705144 0.545590 -2.132081 28.477811 1.128481 -3.081270 40.743373 -0.000003 0.000006 0.000000 -9.103579 -0.043065 -1.865132 2.157834 -7.760898 25.297247 0.639857 -2.375835 30.268332 0.846024 -2.671274 34.799804 -0.000002 0.000005 -0.000001 -8.076680 -0.486712 -3.806283 -10.118901 -19.181167 19.683031 0.572143 -2.303474 30.652349 0.428926 -2.113066 26.009362 -0.000001 0.000005 -0.000003 4.570447 11.014713 -2.160849 2.249647 -0.008301 -1.663894 34.864212 -14.177564 -14.521194 0.001475 -92.720453 0.001737 59.039718 -31.228158 32.589165 2.466146 -1.576206 2.681733 -4.971054 7.422434 31.496379 0.417617 -0.323824 -0.864364 -14.031656 -14.312711 7.289135 0.000002 0.000000 0.000000 9.109303 -0.518041 2.259873 4.441154 2.630351 -14.432956 0.913198 3.147768 -32.329765 0.972974 3.227907 -33.478251 -0.000002 0.000006 0.000001 9.533418 0.000033 0.000044 0.696722 5.009502 -25.719258 0.844179 3.035031 -31.128109 1.759284 4.187202 -45.566572 0.000002 0.000012 0.000004 9.104527 -0.043031 -1.865072 1.482960 6.773205 -24.018027 0.866200 3.066866 -31.523502 1.599195 4.022541 -43.334326 0.000001 0.000006 0.000000 8.077801 -0.486867 -3.806267 -12.777218 12.601188 -17.707218 1.558568 3.751707 -40.749090 1.528789 3.743018 -40.390829 0.000001 -0.000001 0.000000 -8.207782 -6.751681 -1.599565 -65.240533 18.238045 -33.936481 83.439578 9.020941 -6.113862 -35.358342 -2.035977 17.365508 -0.572962 0.000005 0.000005 -0.000000 -0.000000 -0.000000 8.207788 -6.751709 -1.599554 -65.311703 -4.977123 29.070692 73.159994 -9.304808 0.187555 -27.659338 2.097517 -24.080933 2.420021 -0.000008 -0.000003 0.000000 0.000001 -0.000000 
3.479823 71.561882 -5.845887 18.953579 1.706898 9.159747 -0.000006 10.181576 0.131512 38.689712 -3.196919 6.077802 1.644994 -0.832141 -10.159631 1.418124 -2.638106 -10.042959 0.000000 16.740429 -2.049041 -11.464750 -4.779411 -0.960769 -0.000000 9.617886 1.685021 -35.897203 -26.675601 2.058522 -0.000001 22.037354 7.501092 0.000001 -0.000001 0.000000 -4.569973 11.014928 -2.160882 4.431010 7.427299 10.527443 29.950561 33.180851 23.798346 -0.000020 92.448741 0.000040 74.587783 10.867519 -15.260045 -2.464787 -1.573980 2.681844 -6.868513 -10.426430 -36.405724 -0.583061 0.813558 0.621935 -1.861759 -12.070360 -18.633804 0.000001 -0.000002 0.000006 -9.108295 -0.517858 2.259832 10.173075 7.142009 25.772809 0.274014 -1.556713 19.860351 0.439325 -1.986964 25.066335 -0.000001 -0.000001 0.000002 -9.532501 -0.000048 -0.000032 -1.189571 -1.200909 28.705834 0.548091 -2.136854 28.544103 1.131984 -3.085344 40.809335 -0.000000 -0.000006 0.000010 -9.103602 -0.043066 -1.865134 2.157239 -7.756160 25.319533 0.642566 -2.380459 30.334182 0.848831 -2.675284 34.860186 -0.000003 -0.000011 -0.000001 -8.076682 -0.486701 -3.806276 -10.114202 -19.169804 19.728255 0.576098 -2.310656 30.753197 0.432293 -2.120355 26.108125 -0.000001 -0.000003 -0.000007 4.570446 11.014729 -2.160856 2.221390 -0.092071 -1.573851 31.887158 -16.239751 -12.522296 -0.006327 -89.540071 -0.007572 57.299973 -34.025175 33.573416 2.466147 -1.576200 2.681733 -4.943083 7.465917 31.449664 0.426738 -0.303102 -0.856496 -14.018914 -14.294609 7.301389 0.000002 0.000006 0.000004 9.109306 -0.518041 2.259867 4.440875 2.626100 -14.433014 0.916913 3.153587 -32.397097 0.976792 3.233633 -33.545692 0.000000 -0.000006 0.000001 9.533423 0.000029 0.000040 0.698348 5.012879 -25.719002 0.847746 3.040900 -31.195451 1.764225 4.192020 -45.634099 0.000002 -0.000002 -0.000003 9.104526 -0.043033 -1.865080 1.486063 6.774722 -24.075039 0.869802 3.072733 -31.590861 1.603901 4.027500 -43.401372 0.000002 0.000001 -0.000000 8.077793 -0.486881 -3.806266 -12.771469 12.605135 -17.774053 1.564796 3.758398 -40.838408 1.534966 3.749761 -40.480400 -0.000004 -0.000002 -0.000001 -8.207783 -6.751681 -1.599562 -62.797381 17.857533 -33.746332 83.862722 8.922931 -6.390041 -35.719010 -2.493714 15.827275 -0.574038 0.000003 0.000005 -0.000000 0.000001 0.000001 8.207789 -6.751709 -1.599561 -61.901144 -4.371824 28.096084 71.364753 -9.401445 0.862076 -26.945914 2.965997 -23.095175 2.242438 0.000001 -0.000004 0.000000 -0.000000 -0.000000 
2.436390 72.858902 -5.923956 16.262836 2.047151 9.863270 -0.000005 10.181579 0.131509 39.868419 -2.937524 7.505935 3.347389 -0.801211 -10.566592 3.134676 -2.896109 -10.409477 0.000002 16.740391 -2.049029 -9.894622 -6.159180 -0.245069 -0.000001 9.617890 1.685014 -35.286612 -33.365618 3.138497 0.000003 22.037369 7.501087 0.000005 -0.000002 -0.000001 -4.569969 11.014924 -2.160878 4.036331 8.909120 10.139424 28.031250 32.198413 23.139503 -0.000332 92.356691 0.000374 71.999736 10.339910 -15.499943 -2.464787 -1.573986 2.681846 -6.882196 -10.411089 -36.435405 -0.571424 0.820273 0.615622 -1.845695 -12.112070 -18.648209 0.000002 -0.000004 0.000009 -9.108275 -0.517865 2.259838 10.171170 7.144803 25.733487 0.275898 -1.561941 19.928400 0.441651 -1.991920 25.133877 0.000000 -0.000008 -0.000001 -9.532513 -0.000049 -0.000026 -1.192333 -1.195989 28.706520 0.550704 -2.141730 28.611881 1.135612 -3.089509 40.877255 -0.000003 -0.000000 0.000003 -9.103584 -0.043066 -1.865131 2.156590 -7.751370 25.342145 0.645389 -2.385242 30.402504 0.851713 -2.679370 34.921518 0.000000 -0.000005 -0.000006 -8.076687 -0.486707 -3.806272 -10.109451 -19.158119 19.774711 0.580202 -2.318064 30.857231 0.435733 -2.127767 26.208597 0.000001 -0.000000 -0.000003 4.570446 11.014695 -2.160845 2.192886 -0.165801 -1.498865 29.334174 -19.575544 -10.804641 -0.000672 -85.060738 -0.000680 56.013275 -37.388210 35.476528 2.466141 -1.576210 2.681728 -4.914692 7.509422 31.402539 0.436001 -0.282031 -0.848502 -14.006061 -14.275807 7.313903 0.000006 0.000000 -0.000001 9.109303 -0.518043 2.259867 4.440521 2.621904 -14.433088 0.920643 3.159440 -32.465139 0.980626 3.239409 -33.613516 -0.000002 0.000007 0.000002 9.533412 0.000027 0.000045 0.699950 5.016164 -25.718770 0.851342 3.046860 -31.263313 1.769227 4.196863 -45.702220 0.000005 -0.000003 0.000000 9.104534 -0.043033 -1.865071 1.489187 6.776257 -24.132520 0.873462 3.078633 -31.658729 1.608661 4.032509 -43.469192 0.000003 0.000000 0.000006 8.077798 -0.486859 -3.806261 -12.765670 12.609058 -17.841468 1.571040 3.765135 -40.928413 1.541199 3.756550 -40.570630 0.000000 0.000002 -0.000001 -8.207782 -6.751683 -1.599567 -59.671190 16.704302 -34.203528 83.029617 8.843200 -6.550408 -35.592761 -2.409362 15.214965 -0.574358 0.000003 0.000013 -0.000000 0.000000 -0.000000 8.207789 -6.751706 -1.599560 -58.430971 -3.588903 26.659459 69.401805 -9.585680 1.472900 -25.879426 3.784881 -19.253255 1.138361 -0.000000 -0.000000 0.000000 0.000000 -0.000000 
1.554137 74.597153 -5.908650 14.588232 2.300594 9.950918 -0.000003 10.181608 0.131522 39.457986 -2.422493 8.386753 4.852747 -0.798169 -10.066497 4.649329 -2.914596 -9.887220 0.000002 16.740387 -2.049038 -8.629506 -7.370800 0.237477 0.000000 9.617865 1.684993 -35.421604 -39.283362 3.090739 -0.000000 22.037369 7.501093 0.000003 -0.000000 0.000000 -4.569969 11.014924 -2.160870 3.736359 10.216997 10.330161 26.826674 30.352900 21.330568 -0.000150 91.622487 0.000270 68.924409 11.590552 -15.715034 -2.464790 -1.573985 2.681845 -6.896257 -10.395217 -36.465820 -0.558840 0.827450 0.608827 -1.829759 -12.153569 -18.662599 0.000004 0.000001 -0.000005 -9.108276 -0.517875 2.259832 10.169218 7.147695 25.693003 0.277830 -1.567280 19.998324 0.444067 -1.997047 25.203453 0.000000 0.000006 -0.000005 -9.532504 -0.000059 -0.000033 -1.194997 -1.191107 28.707176 0.553381 -2.146722 28.681593 1.139311 -3.093794 40.947022 0.000002 0.000008 0.000004 -9.103586 -0.043070 -1.865134 2.155962 -7.746411 25.365507 0.648268 -2.390149 30.472336 0.854678 -2.683565 34.984745 0.000001 -0.000001 0.000003 -8.076677 -0.486721 -3.806290 -10.104611 -19.146087 19.822362 0.584386 -2.325623 30.963382 0.439323 -2.135435 26.312662 -0.000007 0.000000 -0.000000 4.570448 11.014719 -2.160851 2.156606 -0.199970 -1.501076 28.214764 -23.458821 -10.203865 -0.000309 -80.126465 -0.000270 55.832685 -39.365963 38.906489 2.466131 -1.576201 2.681735 -4.886208 7.553370 31.354864 0.445346 -0.260830 -0.840369 -13.992642 -14.256481 7.326771 0.000003 0.000003 0.000002 9.109295 -0.518042 2.259865 4.440053 2.617859 -14.433148 0.924437 3.165331 -32.533642 0.984513 3.245262 -33.682187 0.000000 -0.000004 0.000007 9.533399 0.000016 0.000044 0.701504 5.019427 -25.718533 0.854992 3.052830 -31.331953 1.774234 4.201754 -45.770911 0.000002 -0.000002 -0.000004 9.104543 -0.043028 -1.865073 1.492379 6.777884 -24.190491 0.877129 3.084615 -31.727308 1.613489 4.037551 -43.537600 0.000004 -0.000001 0.000010 8.077799 -0.486859 -3.806262 -12.759857 12.613048 -17.909483 1.577402 3.771903 -41.019405 1.547502 3.763398 -40.661745 -0.000004 0.000002 -0.000002 -8.207779 -6.751650 -1.599568 -57.025000 14.953939 -34.114937 81.002949 8.885079 -6.505915 -34.966730 -2.478158 14.784880 -0.574170 0.000004 0.000004 0.000000 0.000001 0.000001 8.207790 -6.751690 -1.599550 -56.478704 -2.996422 26.521230 67.267268 -9.701362 1.557004 -21.141686 1.916738 -17.188559 -1.750770 0.000003 0.000011 -0.000000 -0.000000 -0.000001 
0.851884 76.515167 -5.850720 14.371826 2.330043 9.270333 -0.000006 10.181598 0.131523 37.823146 -1.811851 8.435728 5.558718 -0.731925 -8.635636 5.346670 -2.588814 -8.489773 0.000001 16.740400 -2.049040 -7.862447 -8.353498 0.392944 -0.000001 9.617901 1.685004 -35.373341 -44.195603 2.935718 -0.000000 22.037384 7.501093 -0.000001 -0.000003 0.000000 -4.569969 11.014903 -2.160886 3.477065 11.161566 10.697878 27.353314 28.201832 18.590221 -0.000921 90.423911 0.001491 66.000678 13.959218 -16.262600 -2.464799 -1.573979 2.681859 -6.910709 -10.378979 -36.496921 -0.546076 0.834679 0.601995 -1.813295 -12.196758 -18.677613 0.000004 -0.000009 0.000004 -9.108284 -0.517865 2.259845 10.167097 7.150642 25.651670 0.279788 -1.572733 20.069560 0.446558 -2.002310 25.275214 0.000001 -0.000001 0.000000 -9.532513 -0.000042 -0.000018 -1.197624 -1.186368 28.707825 0.556118 -2.151835 28.752907 1.143128 -3.098161 41.018472 -0.000004 0.000001 -0.000001 -9.103582 -0.043067 -1.865126 2.155338 -7.741440 25.389488 0.651229 -2.395148 30.543715 0.857734 -2.687867 35.049529 0.000001 0.000006 0.000002 -8.076680 -0.486719 -3.806273 -10.099726 -19.133723 19.871298 0.588712 -2.333391 31.072491 0.442995 -2.143245 26.418572 -0.000000 -0.000012 -0.000007 4.570446 11.014728 -2.160859 2.114310 -0.147499 -1.596974 29.342083 -27.578064 -10.537919 -0.000184 -74.664677 -0.000137 56.082653 -39.787211 44.085678 2.466137 -1.576210 2.681734 -4.857345 7.597935 31.306718 0.454888 -0.239193 -0.832168 -13.979756 -14.238085 7.339093 0.000003 0.000006 -0.000003 9.109300 -0.518044 2.259868 4.439511 2.613908 -14.433206 0.928260 3.171310 -32.603047 0.988438 3.251152 -33.751516 0.000000 0.000002 -0.000005 9.533413 0.000024 0.000042 0.703050 5.022636 -25.718299 0.858685 3.058877 -31.401272 1.779352 4.206700 -45.840418 -0.000001 -0.000004 0.000000 9.104544 -0.043031 -1.865077 1.495630 6.779601 -24.249186 0.880862 3.090611 -31.796583 1.618366 4.042684 -43.606865 0.000004 -0.000004 0.000002 8.077795 -0.486871 -3.806270 -12.753992 12.617067 -17.978277 1.583857 3.778772 -41.111336 1.553899 3.770325 -40.753915 -0.000001 -0.000004 -0.000005 -8.207782 -6.751662 -1.599565 -55.640603 12.936020 -33.260098 78.220706 9.035663 -6.067449 -33.874064 -2.542936 13.902846 -0.573171 -0.000002 0.000001 0.000000 0.000000 0.000001 8.207793 -6.751698 -1.599558 -56.034520 -2.221138 28.169614 64.454480 -9.708588 0.851351 -15.186996 -2.576657 -16.427414 -6.274480 0.000003 -0.000007 -0.000000 -0.000001 -0.000000 
0.385956 78.297691 -5.741575 15.387735 2.441921 8.160439 -0.000006 10.181577 0.131523 35.618559 -1.304822 7.487905 4.986293 -0.808178 -6.377524 4.770795 -2.187856 -6.292988 0.000001 16.740374 -2.049036 -7.153625 -9.128392 0.479785 -0.000001 9.617885 1.685012 -35.079432 -48.103110 2.862201 0.000002 22.037369 7.501094 0.000004 0.000000 -0.000001 -4.569971 11.014923 -2.160881 3.280672 11.583255 10.916298 28.439035 25.887863 17.525625 0.000531 88.803702 -0.000771 64.694158 17.764504 -16.593624 -2.464794 -1.573981 2.681848 -6.925452 -10.362570 -36.528886 -0.533198 0.841995 0.595143 -1.796502 -12.240776 -18.692780 -0.000001 0.000002 0.000009 -9.108282 -0.517868 2.259841 10.164991 7.153687 25.609263 0.281831 -1.578339 20.142779 0.449096 -2.007725 25.348429 0.000000 -0.000002 -0.000001 -9.532500 -0.000047 -0.000019 -1.200188 -1.181690 28.708450 0.558947 -2.157089 28.826363 1.147054 -3.102655 41.091716 0.000000 0.000004 0.000001 -9.103600 -0.043084 -1.865132 2.154703 -7.736343 25.413893 0.654273 -2.400273 30.617153 0.860858 -2.692271 35.115905 -0.000002 -0.000001 -0.000001 -8.076675 -0.486706 -3.806279 -10.094754 -19.121072 19.921283 0.593151 -2.341335 31.184284 0.446772 -2.151263 26.527350 0.000001 0.000003 0.000003 4.570446 11.014759 -2.160852 2.071711 0.009680 -1.763863 32.479844 -32.765783 -11.598132 -0.000127 -67.636864 -0.000072 56.260470 -40.070784 50.291325 2.466137 -1.576213 2.681742 -4.828025 7.642941 31.258009 0.464615 -0.217460 -0.823927 -13.966600 -14.219224 7.351623 0.000002 0.000003 -0.000005 9.109301 -0.518029 2.259873 4.438987 2.610036 -14.433252 0.932134 3.177355 -32.673412 0.992426 3.257089 -33.821376 -0.000001 -0.000001 -0.000012 9.533424 0.000032 0.000044 0.704564 5.025761 -25.718063 0.862421 3.065011 -31.471384 1.784497 4.211667 -45.910715 0.000002 -0.000003 0.000000 9.104535 -0.043038 -1.865075 1.498908 6.781302 -24.308525 0.884662 3.096712 -31.866773 1.623288 4.047846 -43.676717 -0.000002 0.000000 -0.000002 8.077795 -0.486871 -3.806267 -12.748061 12.621121 -18.047940 1.590331 3.785689 -41.204229 1.560385 3.777304 -40.847099 -0.000002 -0.000001 -0.000006 -8.207776 -6.751678 -1.599561 -55.567936 10.907316 -32.632984 75.193860 9.224959 -5.073297 -32.088164 -1.884064 13.379448 -0.778764 0.000005 0.000003 -0.000000 0.000000 0.000001 8.207790 -6.751707 -1.599551 -56.424244 -1.118134 30.160415 60.552755 -9.663794 -0.029613 -12.465070 -5.959729 -15.750158 -6.250243 0.000005 0.000005 -0.000000 0.000000 -0.000000 
0.300261 79.554291 -5.553932 17.296663 2.663861 6.516932 -0.000005 10.181588 0.131523 33.140184 -0.738137 6.515831 3.492485 -0.835359 -3.816945 3.288580 -1.706487 -3.795025 0.000001 16.740395 -2.049035 -6.728841 -9.880283 0.816381 0.000000 9.617880 1.685023 -35.029144 -50.884254 1.534344 0.000000 22.037369 7.501100 -0.000000 -0.000002 0.000001 -4.569973 11.014903 -2.160875 3.082750 10.621419 11.114207 29.442142 23.185521 18.463422 0.000237 87.943972 -0.000376 65.247431 22.419468 -15.869157 -2.464798 -1.573975 2.681845 -6.940491 -10.345602 -36.561610 -0.519758 0.849635 0.588028 -1.779067 -12.286298 -18.708447 0.000004 -0.000003 0.000002 -9.108288 -0.517870 2.259835 10.162852 7.156810 25.565902 0.283919 -1.584061 20.217590 0.451725 -2.013239 25.423441 -0.000000 -0.000002 0.000001 -9.532515 -0.000048 -0.000021 -1.202719 -1.177131 28.709058 0.561846 -2.162402 28.900822 1.151024 -3.107249 41.166568 -0.000001 -0.000002 0.000007 -9.103591 -0.043063 -1.865132 2.154038 -7.731113 25.438959 0.657394 -2.405510 30.692046 0.864063 -2.696763 35.183691 -0.000002 0.000005 0.000001 -8.076679 -0.486705 -3.806280 -10.089680 -19.108163 19.972464 0.597709 -2.349439 31.298642 0.450628 -2.159373 26.637922 0.000001 -0.000001 -0.000001 4.570448 11.014729 -2.160851 2.034111 0.237255 -1.948532 37.046584 -39.011032 -12.444664 -0.000104 -59.954861 -0.000054 56.363076 -40.085981 56.905427 2.466144 -1.576202 2.681731 -4.798378 7.688955 31.208664 0.474334 -0.195562 -0.815673 -13.953528 -14.200455 7.364083 0.000001 0.000009 -0.000003 9.109317 -0.518048 2.259862 4.438478 2.606238 -14.433317 0.936075 3.183460 -32.744395 0.996507 3.263129 -33.892857 -0.000001 0.000001 -0.000007 9.533408 0.000030 0.000037 0.706050 5.028820 -25.717856 0.866218 3.071198 -31.542466 1.789746 4.216745 -45.982138 0.000001 -0.000005 -0.000001 9.104536 -0.043044 -1.865081 1.502217 6.783040 -24.368641 0.888517 3.102875 -31.937879 1.628318 4.053075 -43.747792 0.000003 0.000001 0.000002 8.077807 -0.486878 -3.806275 -12.742076 12.625254 -18.118497 1.596941 3.792668 -41.298476 1.566957 3.784369 -40.941639 -0.000001 -0.000002 -0.000000 -8.207786 -6.751658 -1.599563 -56.715797 8.879786 -32.499734 72.625716 9.450929 -3.409025 -29.898839 -0.516847 12.994158 -1.205506 -0.000003 -0.000004 -0.000000 0.000000 -0.000001 8.207791 -6.751698 -1.599557 -58.085964 -0.362146 32.105014 57.026069 -9.527515 -0.376844 -13.920124 -5.622856 -17.001027 0.984268 -0.000006 -0.000006 0.000000 -0.000001 -0.000000 
0.540477 80.147942 -5.220700 20.187790 2.640301 4.226919 -0.000006 10.181576 0.131519 29.745409 -0.116142 6.503000 1.755386 -0.698983 -1.721457 1.574483 -1.187009 -1.751987 0.000001 16.740387 -2.049026 -6.895140 -10.592998 1.543144 -0.000001 9.617899 1.685000 -34.368344 -52.165925 -0.800453 -0.000004 22.037338 7.501092 0.000006 -0.000001 0.000000 -4.569970 11.014893 -2.160868 2.916832 8.197132 10.684945 30.876017 21.628494 19.918710 0.000181 87.703351 -0.000369 66.491974 26.466565 -14.607768 -2.464798 -1.573990 2.681859 -6.955782 -10.328379 -36.594955 -0.506001 0.857457 0.580718 -1.761701 -12.331988 -18.724313 -0.000001 -0.000002 0.000000 -9.108264 -0.517864 2.259843 10.160707 7.160010 25.521369 0.286070 -1.589932 20.294297 0.454383 -2.018847 25.499903 -0.000001 -0.000009 -0.000001 -9.532514 -0.000046 -0.000019 -1.205180 -1.172652 28.709624 0.564808 -2.167888 28.977149 1.155138 -3.111908 41.243131 0.000002 -0.000004 0.000003 -9.103591 -0.043086 -1.865131 2.153352 -7.725786 25.464523 0.660570 -2.410870 30.768752 0.867320 -2.701334 35.252816 0.000002 -0.000005 -0.000006 -8.076678 -0.486707 -3.806283 -10.084500 -19.094987 20.024699 0.602376 -2.357697 31.415172 0.454631 -2.167759 26.751894 -0.000005 0.000005 -0.000003 4.570447 11.014701 -2.160844 1.996900 0.465763 -2.133774 42.253924 -45.342914 -12.643034 -0.000082 -52.388172 -0.000053 54.724271 -39.378052 61.944263 2.466132 -1.576195 2.681744 -4.768270 7.735135 31.158438 0.484363 -0.173102 -0.807237 -13.940031 -14.180834 7.376959 0.000003 0.000007 -0.000008 9.109307 -0.518045 2.259871 4.437976 2.602476 -14.433370 0.940077 3.189653 -32.816627 1.000604 3.269253 -33.964874 -0.000002 0.000007 -0.000006 9.533413 0.000029 0.000046 0.707497 5.031817 -25.717634 0.870075 3.077459 -31.614630 1.795053 4.221868 -46.054364 0.000000 0.000005 0.000007 9.104527 -0.043028 -1.865074 1.505592 6.784782 -24.429618 0.892423 3.109148 -32.010115 1.633393 4.058384 -43.819605 0.000002 0.000002 -0.000001 8.077784 -0.486885 -3.806259 -12.736002 12.629449 -18.190027 1.603649 3.799767 -41.394088 1.573641 3.791531 -41.037433 0.000002 0.000003 -0.000001 -8.207783 -6.751668 -1.599569 -59.170229 6.989677 -32.260363 70.941685 9.487258 -1.266335 -27.764371 1.101356 12.219614 -1.752010 0.000007 0.000002 -0.000000 0.000000 -0.000000 8.207786 -6.751697 -1.599561 -60.986547 -0.218334 34.456170 53.894543 -9.487535 -0.711012 -13.117908 -5.443634 -18.981459 2.623750 0.000002 0.000008 0.000000 -0.000000 -0.000001 
0.964552 79.905975 -4.688210 24.123501 2.174606 1.734566 -0.000005 10.181586 0.131521 24.551234 0.254881 7.307955 0.297244 -0.557145 -0.628690 0.133475 -0.797243 -0.690906 0.000000 16.740412 -2.049044 -7.092054 -11.244922 2.799516 -0.000001 9.617908 1.685021 -32.176219 -52.444190 -2.438549 0.000002 22.037354 7.501095 0.000003 -0.000000 -0.000001 -4.569970 11.014919 -2.160883 2.638383 5.356836 10.704045 33.484852 21.720184 19.881000 0.000214 87.257422 -0.000201 67.016184 29.308161 -13.195859 -2.464792 -1.573976 2.681851 -6.971430 -10.310773 -36.629085 -0.492045 0.865386 0.573292 -1.743478 -12.379557 -18.740688 0.000003 -0.000001 0.000002 -9.108279 -0.517869 2.259839 10.158515 7.163285 25.476129 0.288255 -1.595887 20.372330 0.457131 -2.024580 25.578042 -0.000001 -0.000006 0.000001 -9.532508 -0.000048 -0.000022 -1.207606 -1.168292 28.710191 0.567821 -2.173476 29.055311 1.159347 -3.116709 41.321449 -0.000003 -0.000011 -0.000002 -9.103593 -0.043083 -1.865130 2.152637 -7.720353 25.490567 0.663859 -2.416328 30.846968 0.870658 -2.706029 35.323573 0.000002 0.000006 -0.000002 -8.076683 -0.486708 -3.806277 -10.079231 -19.081535 20.078024 0.607147 -2.366153 31.534376 0.458693 -2.176241 26.867534 -0.000000 0.000001 -0.000002 4.570446 11.014719 -2.160859 1.965338 0.682403 -2.275926 47.575263 -50.004402 -12.062605 -0.000060 -46.615904 -0.000030 53.633381 -39.497997 65.763056 2.466144 -1.576205 2.681730 -4.737813 7.782748 31.107636 0.494395 -0.150694 -0.798782 -13.926833 -14.162244 7.389402 0.000007 0.000003 -0.000010 9.109293 -0.518028 2.259871 4.437470 2.598854 -14.433421 0.944148 3.195948 -32.889946 1.004798 3.275472 -34.038162 0.000002 -0.000001 -0.000000 9.533422 0.000028 0.000047 0.708920 5.034801 -25.717433 0.874014 3.083840 -31.687805 1.800469 4.227035 -46.127887 -0.000001 0.000001 -0.000007 9.104513 -0.043033 -1.865072 1.508999 6.786549 -24.491506 0.896392 3.115487 -32.083403 1.638562 4.063772 -43.892793 0.000003 0.000001 0.000001 8.077784 -0.486886 -3.806265 -12.729881 12.633762 -18.262609 1.610506 3.806988 -41.491255 1.580428 3.798780 -41.134736 -0.000004 0.000005 -0.000002 -8.207783 -6.751658 -1.599567 -62.727003 5.756065 -31.666266 70.212951 9.439869 0.721757 -26.281151 2.438425 12.166438 -2.283439 0.000001 -0.000002 0.000000 0.000000 -0.000001 8.207791 -6.751694 -1.599558 -64.703311 -0.762284 36.779910 51.864055 -9.496249 -1.085743 -11.105590 -6.546499 -20.576040 -0.368703 -0.000004 0.000015 -0.000000 0.000000 -0.000000 
1.380314 78.920937 -4.016928 28.352042 1.233910 -0.399608 -0.000005 10.181585 0.131527 18.807001 0.341688 8.005991 -1.334949 -0.407008 -0.250186 -1.491780 -0.442863 -0.310413 0.000001 16.740395 -2.049036 -6.876547 -11.846981 4.110670 -0.000003 9.617891 1.685003 -27.513617 -53.020880 -1.907731 -0.000003 22.037369 7.501092 0.000003 -0.000001 0.000000 -4.569971 11.014910 -2.160884 2.102271 2.272281 13.186373 37.446440 21.296854 17.461162 0.000113 86.666057 -0.000129 66.464543 32.376213 -11.429055 -2.464805 -1.573987 2.681851 -6.987490 -10.292688 -36.663865 -0.477757 0.873458 0.565680 -1.725302 -12.427240 -18.757149 0.000004 -0.000003 0.000005 -9.108284 -0.517872 2.259835 10.156306 7.166654 25.429926 0.290510 -1.601970 20.452040 0.459937 -2.030427 25.657812 -0.000001 -0.000006 0.000002 -9.532499 -0.000049 -0.000021 -1.209974 -1.163974 28.710741 0.570946 -2.179140 29.134855 1.163584 -3.121553 41.400959 0.000001 0.000005 0.000009 -9.103588 -0.043067 -1.865129 2.151897 -7.714773 25.517156 0.667211 -2.421913 30.926933 0.874087 -2.710763 35.395601 -0.000001 -0.000005 -0.000001 -8.076685 -0.486696 -3.806282 -10.073927 -19.067798 20.132473 0.612086 -2.374747 31.656011 0.462837 -2.184873 26.985353 0.000001 -0.000003 -0.000003 4.570447 11.014720 -2.160846 1.963908 0.970677 -2.275432 54.726997 -51.889155 -9.633464 -0.000076 -44.598485 -0.000033 52.298168 -39.193067 67.647771 2.466140 -1.576207 2.681727 -4.706728 7.830618 31.055822 0.504601 -0.127733 -0.790295 -13.912965 -14.142180 7.402578 -0.000002 0.000003 -0.000001 9.109311 -0.518039 2.259866 4.436989 2.595282 -14.433470 0.948317 3.202319 -32.964422 1.009069 3.281764 -34.112704 0.000003 -0.000000 -0.000005 9.533424 0.000023 0.000038 0.710329 5.037663 -25.717230 0.878044 3.090302 -31.762255 1.805962 4.232320 -46.202511 -0.000002 -0.000003 0.000002 9.104539 -0.043028 -1.865080 1.512462 6.788306 -24.554503 0.900455 3.121924 -32.157917 1.643844 4.069211 -43.967017 -0.000000 -0.000004 -0.000003 8.077808 -0.486868 -3.806270 -12.723620 12.638172 -18.336476 1.617472 3.814274 -41.589951 1.587363 3.806143 -41.233569 -0.000001 -0.000006 0.000000 -8.207783 -6.751671 -1.599556 -66.387403 5.079219 -30.782163 70.003066 9.391064 2.120860 -27.006220 2.950278 12.751776 -2.055295 -0.000001 0.000004 -0.000000 -0.000000 -0.000001 8.207794 -6.751701 -1.599553 -68.777655 -1.496065 39.520038 51.640967 -9.394164 -1.791894 -12.879298 -6.862444 -21.696962 -1.410408 0.000003 0.000000 0.000000 0.000000 0.000000 
1.556938 77.462410 -3.187113 32.081976 -0.132910 -1.508062 -0.000005 10.181580 0.131521 13.733315 0.162143 7.577572 -3.228612 -0.262909 0.035343 -3.380198 -0.097895 0.012589 0.000001 16.740400 -2.049031 -6.704720 -12.340386 4.815183 0.000001 9.617900 1.685010 -20.461216 -54.205208 1.138238 -0.000001 22.037354 7.501094 -0.000001 -0.000003 0.000001 -4.569975 11.014911 -2.160881 1.666056 -0.389868 17.047551 41.539776 19.276713 14.529689 0.000136 86.356165 -0.000222 65.735503 35.762017 -9.626393 -2.464782 -1.573987 2.681855 -7.003788 -10.274238 -36.699187 -0.463047 0.881772 0.558006 -1.706615 -12.476140 -18.774054 -0.000005 -0.000003 0.000005 -9.108275 -0.517868 2.259840 10.154069 7.170060 25.382832 0.292837 -1.608158 20.533178 0.462808 -2.036422 25.739272 0.000000 0.000005 -0.000003 -9.532514 -0.000049 -0.000018 -1.212263 -1.159802 28.711260 0.574117 -2.184938 29.216124 1.167986 -3.126517 41.482184 0.000000 -0.000003 0.000007 -9.103591 -0.043074 -1.865133 2.151158 -7.709123 25.544283 0.670640 -2.427573 31.008386 0.877550 -2.715626 35.468957 -0.000000 -0.000013 -0.000001 -8.076686 -0.486697 -3.806283 -10.068545 -19.053827 20.187963 0.617084 -2.383501 31.779757 0.467119 -2.193692 27.105621 0.000003 -0.000005 -0.000003 4.570446 11.014724 -2.160850 1.992345 1.306467 -2.109441 62.031034 -50.420566 -7.267450 -0.000061 -47.739167 -0.000012 47.828878 -35.959447 65.240778 2.466131 -1.576200 2.681736 -4.675169 7.879371 31.003018 0.514990 -0.104435 -0.781709 -13.899052 -14.121496 7.416134 -0.000001 0.000002 -0.000006 9.109299 -0.518043 2.259875 4.436517 2.591779 -14.433532 0.952547 3.208831 -33.040371 1.013428 3.288161 -34.188324 -0.000003 0.000003 -0.000004 9.533423 0.000030 0.000046 0.711677 5.040484 -25.717039 0.882125 3.096902 -31.837960 1.811584 4.237676 -46.278527 -0.000002 -0.000002 -0.000003 9.104523 -0.043034 -1.865071 1.515984 6.790092 -24.618500 0.904598 3.128496 -32.233756 1.649212 4.074741 -44.042532 0.000001 0.000004 -0.000005 8.077790 -0.486868 -3.806260 -12.717271 12.642675 -18.411490 1.624578 3.821683 -41.690549 1.594383 3.813604 -41.333986 0.000000 -0.000003 0.000003 -8.207786 -6.751670 -1.599570 -69.689848 5.013193 -29.769612 70.475114 9.316224 2.798171 -29.983858 2.566291 13.174903 -0.996701 0.000001 0.000004 -0.000000 0.000000 0.000000 8.207790 -6.751698 -1.599554 -72.775911 -2.169844 42.894643 52.747625 -9.226540 -2.979382 -14.706488 -7.661087 -24.899137 0.984610 -0.000000 0.000005 0.000000 -0.000000 0.000000 
1.637028 75.501625 -2.394991 34.279159 -1.693532 -1.143172 -0.000005 10.181586 0.131522 10.003606 -0.139988 5.867941 -4.113960 -0.158736 0.119761 -4.261647 0.107967 0.126082 0.000000 16.740389 -2.049030 -6.686290 -12.737773 5.199348 -0.000001 9.617877 1.685019 -14.802225 -55.729392 5.851894 0.000003 22.037354 7.501096 0.000001 0.000001 0.000000 -4.569977 11.014906 -2.160882 1.512881 0.059927 19.858288 44.338511 16.151746 13.222355 0.000419 87.491861 -0.000474 65.530447 35.896390 -8.932580 -2.464787 -1.573979 2.681847 -7.020377 -10.255614 -36.735264 -0.448162 0.890181 0.550158 -1.687679 -12.526043 -18.791387 -0.000001 0.000006 0.000003 -9.108267 -0.517861 2.259833 10.151817 7.173589 25.334782 0.295161 -1.614499 20.616176 0.465750 -2.042467 25.821872 -0.000001 0.000000 -0.000001 -9.532495 -0.000052 -0.000027 -1.214535 -1.155669 28.711755 0.577356 -2.190850 29.298786 1.172437 -3.131538 41.565167 -0.000000 -0.000004 0.000006 -9.103599 -0.043080 -1.865138 2.150396 -7.703379 25.571870 0.674137 -2.433350 31.091421 0.881103 -2.720561 35.543871 -0.000002 -0.000006 -0.000001 -8.076683 -0.486693 -3.806279 -10.063116 -19.039610 20.244448 0.622206 -2.392402 31.905996 0.471496 -2.202660 27.228189 -0.000001 -0.000002 0.000005 4.570446 11.014702 -2.160853 2.000409 1.496563 -1.959487 64.143666 -45.791057 -8.026931 -0.000108 -55.157527 -0.000074 44.999619 -31.502755 59.804727 2.466133 -1.576211 2.681725 -4.642834 7.928980 30.949291 0.525739 -0.080661 -0.772977 -13.884888 -14.101170 7.429668 0.000001 0.000003 -0.000006 9.109288 -0.518046 2.259871 4.436044 2.588370 -14.433581 0.956861 3.215407 -33.117340 1.017850 3.294673 -34.265635 0.000001 0.000002 0.000001 9.533404 0.000016 0.000039 0.713036 5.043255 -25.716840 0.886282 3.103571 -31.915114 1.817295 4.243126 -46.355920 0.000002 -0.000008 0.000000 9.104541 -0.043034 -1.865082 1.519554 6.791853 -24.683820 0.908795 3.135136 -32.310831 1.654681 4.080390 -44.119593 0.000006 -0.000006 0.000007 8.077780 -0.486862 -3.806266 -12.710839 12.647314 -18.487997 1.631809 3.829189 -41.792681 1.601580 3.821210 -41.436541 0.000003 -0.000002 -0.000004 -8.207782 -6.751667 -1.599559 -72.614439 6.455199 -29.259287 72.671983 9.220437 2.694271 -32.185972 2.810715 15.131651 -0.614468 0.000002 0.000004 0.000000 0.000000 0.000000 8.207788 -6.751709 -1.599547 -75.608657 -3.014822 45.637490 55.996223 -9.114313 -3.931149 -16.189614 -8.429069 -26.559264 0.771150 0.000004 0.000005 0.000000 -0.000001 -0.000000 
1.947148 73.344055 -2.130529 33.076646 -3.082354 0.263513 -0.000005 10.181584 0.131515 9.384277 -0.275763 4.272245 -2.994088 0.086234 -0.507971 -3.142699 0.338211 -0.522077 -0.000000 16.740383 -2.049032 -7.058951 -13.069392 5.516146 0.000003 9.617892 1.685002 -13.719841 -57.378889 10.014855 0.000000 22.037369 7.501094 0.000003 -0.000001 0.000000 -4.569973 11.014914 -2.160885 1.465389 3.479724 21.093572 45.028418 13.790219 12.595848 0.001033 89.379452 -0.000838 65.165059 31.562424 -10.022135 -2.464796 -1.573985 2.681849 -7.037181 -10.236991 -36.772113 -0.433330 0.898555 0.542393 -1.668090 -12.577619 -18.809310 -0.000002 -0.000003 0.000000 -9.108295 -0.517868 2.259834 10.149522 7.177168 25.285832 0.297602 -1.620914 20.700449 0.468727 -2.048650 25.906281 0.000001 0.000008 0.000003 -9.532500 -0.000054 -0.000024 -1.216727 -1.151673 28.712220 0.580646 -2.196847 29.382938 1.177001 -3.136689 41.649462 -0.000001 -0.000003 0.000006 -9.103591 -0.043087 -1.865137 2.149626 -7.697552 25.599966 0.677693 -2.439230 31.175941 0.884737 -2.725562 35.619802 0.000000 0.000001 -0.000001 -8.076679 -0.486703 -3.806278 -10.057655 -19.025174 20.301909 0.627450 -2.401424 32.034321 0.475930 -2.211772 27.352797 -0.000004 -0.000002 -0.000001 4.570446 11.014704 -2.160855 1.963095 1.453239 -1.929522 61.170915 -40.575227 -9.391554 -0.000112 -62.000865 -0.000082 44.219188 -28.491226 54.320450 2.466123 -1.576192 2.681741 -4.610025 7.979681 30.894435 0.536516 -0.056431 -0.764159 -13.870092 -14.080237 7.443608 0.000005 0.000005 0.000002 9.109301 -0.518041 2.259876 4.435597 2.585024 -14.433639 0.961254 3.222138 -33.196079 1.022402 3.301323 -34.344339 -0.000003 0.000001 0.000003 9.533396 0.000010 0.000052 0.714324 5.045955 -25.716649 0.890516 3.110394 -31.993668 1.823150 4.248676 -46.434788 0.000002 0.000001 -0.000001 9.104524 -0.043034 -1.865065 1.523151 6.793653 -24.750270 0.913122 3.141943 -32.389563 1.660274 4.086113 -44.197939 0.000003 -0.000001 -0.000002 8.077799 -0.486861 -3.806259 -12.704281 12.652031 -18.565914 1.639189 3.836863 -41.896934 1.608934 3.828945 -41.541016 0.000008 -0.000001 -0.000008 -8.207781 -6.751671 -1.599572 -73.408442 8.889093 -29.536996 76.258878 9.159367 1.914971 -33.849557 3.867207 16.893532 -0.621863 0.000001 -0.000003 0.000000 -0.000000 -0.000001 8.207787 -6.751705 -1.599556 -75.323927 -3.650967 47.207853 60.742471 -9.046393 -4.194843 -18.379865 -8.579477 -27.213313 0.285437 -0.000004 0.000008 0.000000 -0.000000 -0.000000 
2.601733 71.649857 -2.641986 27.687555 -4.221778 1.418855 -0.000005 10.181589 0.131523 14.147755 -0.276801 3.941191 -1.405179 0.498117 -1.506319 -1.554390 0.603260 -1.560152 0.000001 16.740404 -2.049034 -7.995010 -13.222007 5.354620 0.000001 9.617884 1.685012 -15.499504 -58.511874 11.674980 0.000001 22.037354 7.501095 0.000002 0.000001 -0.000000 -4.569972 11.014904 -2.160880 1.525266 6.280364 19.939677 43.246449 13.812129 13.214225 -0.000247 90.935001 0.000533 64.657269 26.197500 -11.010796 -2.464792 -1.573982 2.681852 -7.054272 -10.217869 -36.809525 -0.417927 0.907241 0.534266 -1.648683 -12.628859 -18.827056 0.000002 -0.000005 0.000004 -9.108276 -0.517872 2.259836 10.147157 7.180788 25.236215 0.300047 -1.627426 20.786041 0.471779 -2.054911 25.991991 -0.000000 0.000007 0.000001 -9.532535 -0.000064 -0.000028 -1.218915 -1.147767 28.712664 0.584035 -2.202916 29.468626 1.181614 -3.141873 41.734963 -0.000001 -0.000001 -0.000000 -9.103601 -0.043065 -1.865137 2.148814 -7.691611 25.628664 0.681332 -2.445175 31.261595 0.888429 -2.730659 35.697260 0.000001 0.000005 -0.000009 -8.076694 -0.486699 -3.806282 -10.052177 -19.010459 20.360288 0.632818 -2.410616 32.165143 0.480468 -2.220979 27.478956 -0.000003 -0.000001 0.000002 4.570446 11.014739 -2.160852 1.902596 1.287648 -1.952654 57.390412 -36.931202 -8.860058 -0.000138 -65.845455 -0.000110 43.608979 -27.062799 52.040068 2.466135 -1.576192 2.681739 -4.576631 8.031330 30.838410 0.547854 -0.031738 -0.755242 -13.855512 -14.058765 7.457517 0.000007 0.000006 -0.000003 9.109302 -0.518047 2.259876 4.435147 2.581747 -14.433679 0.965775 3.228980 -33.276381 1.027056 3.308093 -34.424635 -0.000006 -0.000008 -0.000002 9.533423 0.000012 0.000045 0.715608 5.048591 -25.716451 0.894877 3.117353 -32.073933 1.829088 4.254302 -46.515200 0.000000 -0.000005 -0.000009 9.104540 -0.043038 -1.865069 1.526838 6.795455 -24.818122 0.917527 3.148870 -32.469872 1.665968 4.091938 -44.277876 0.000002 0.000000 0.000008 8.077800 -0.486874 -3.806258 -12.697624 12.656882 -18.645394 1.646758 3.844684 -42.003252 1.616442 3.836819 -41.647529 0.000003 -0.000002 0.000008 -8.207782 -6.751666 -1.599571 -70.432385 10.804302 -30.889056 79.341574 9.107966 1.241777 -34.847195 5.994456 18.466830 -0.627337 0.000004 0.000000 0.000000 -0.000000 -0.000000 8.207787 -6.751699 -1.599551 -71.533377 -3.705758 48.264780 65.430152 -8.983173 -4.004581 -20.620911 -9.155687 -27.920360 0.779067 0.000011 0.000009 0.000000 -0.000000 -0.000000 
3.478858 70.696732 -3.589617 20.148971 -5.293451 1.686558 -0.000006 10.181582 0.131522 23.342656 -0.226853 4.623754 -1.444212 0.955680 -2.241889 -1.585513 0.760286 -2.349631 0.000001 16.740408 -2.049033 -8.343039 -13.135796 4.729421 0.000003 9.617885 1.685014 -18.719160 -59.280865 10.468362 0.000004 22.037354 7.501096 0.000003 0.000000 -0.000000 -4.569971 11.014915 -2.160881 1.576580 7.619248 17.821866 41.536764 13.825289 14.615182 -0.000102 92.999535 0.000070 63.812770 21.918149 -11.015803 -2.464791 -1.573979 2.681848 -7.071704 -10.197816 -36.847371 -0.401980 0.916183 0.526070 -1.628958 -12.680822 -18.844960 -0.000001 0.000001 0.000000 -9.108285 -0.517867 2.259841 10.144752 7.184495 25.185793 0.302532 -1.634067 20.873053 0.474900 -2.061272 26.078849 0.000001 0.000008 0.000005 -9.532525 -0.000041 -0.000023 -1.220995 -1.143930 28.712886 0.587478 -2.209125 29.555772 1.186334 -3.147137 41.821914 -0.000000 0.000004 0.000007 -9.103601 -0.043071 -1.865130 2.147968 -7.685510 25.657860 0.685020 -2.451227 31.348710 0.892196 -2.735833 35.775885 -0.000002 0.000007 0.000001 -8.076693 -0.486704 -3.806278 -10.046613 -18.995410 20.419877 0.638247 -2.419927 32.297577 0.485124 -2.230353 27.607517 -0.000002 0.000011 0.000008 4.570447 11.014711 -2.160854 1.848940 1.178629 -1.958352 55.518749 -34.826540 -7.523657 -0.000193 -67.696443 -0.000146 42.710436 -26.532136 52.520726 2.466140 -1.576192 2.681736 -4.542299 8.083661 30.781152 0.559577 -0.006372 -0.746179 -13.840397 -14.036374 7.471931 0.000003 -0.000003 -0.000001 9.109301 -0.518045 2.259873 4.434725 2.578565 -14.433730 0.970389 3.235987 -33.358272 1.031783 3.314983 -34.506505 -0.000002 0.000001 -0.000005 9.533400 0.000030 0.000045 0.716862 5.051175 -25.716284 0.899335 3.124424 -32.155762 1.835197 4.260051 -46.597340 -0.000004 0.000005 -0.000003 9.104535 -0.043035 -1.865070 1.530549 6.797214 -24.887346 0.922015 3.155929 -32.551701 1.671808 4.097905 -44.359668 0.000002 -0.000004 -0.000003 8.077790 -0.486851 -3.806267 -12.690837 12.661881 -18.726424 1.654487 3.852645 -42.111805 1.624130 3.844851 -41.756259 0.000001 0.000001 0.000006 -8.207786 -6.751668 -1.599570 -65.002501 11.536454 -32.814582 80.912490 9.083126 0.984318 -34.914684 8.861297 20.004781 -0.633115 0.000005 0.000005 -0.000000 -0.000000 0.000000 8.207784 -6.751710 -1.599555 -66.057027 -3.350621 49.109856 69.354615 -8.953484 -3.399117 -22.503238 -10.242996 -27.666207 1.321411 -0.000009 -0.000001 0.000000 0.000002 -0.000000 
4.354603 70.277145 -4.181016 14.420742 -6.321630 1.651888 -0.000005 10.181583 0.131521 30.492444 -0.263186 4.908747 -2.076294 1.098181 -2.394837 -2.213221 0.678186 -2.554734 0.000002 16.740389 -2.049031 -7.903435 -12.971853 4.259262 0.000001 9.617882 1.685008 -22.312609 -59.810860 7.959266 0.000002 22.037384 7.501094 0.000000 0.000001 0.000000 -4.569969 11.014909 -2.160888 1.572275 7.850025 16.624185 41.651784 14.081527 13.583147 0.000147 94.260353 -0.000249 61.923335 18.869318 -11.061670 -2.464801 -1.573988 2.681853 -7.089547 -10.177696 -36.885911 -0.386013 0.925142 0.517761 -1.608759 -12.733955 -18.863055 0.000010 -0.000009 0.000006 -9.108278 -0.517876 2.259839 10.142354 7.188256 25.134451 0.305076 -1.640790 20.961495 0.478091 -2.067750 26.167554 -0.000000 -0.000000 0.000002 -9.532510 -0.000052 -0.000026 -1.223048 -1.140145 28.712852 0.590970 -2.215396 29.643847 1.191153 -3.152515 41.910642 0.000001 0.000004 0.000006 -9.103598 -0.043084 -1.865129 2.147115 -7.679352 25.687319 0.688786 -2.457373 31.437411 0.896009 -2.741087 35.855771 -0.000001 -0.000002 -0.000004 -8.076691 -0.486698 -3.806282 -10.040986 -18.980170 20.480158 0.643803 -2.429399 32.432504 0.489860 -2.239850 27.738032 0.000001 -0.000004 -0.000002 4.570446 11.014710 -2.160854 1.693413 1.128116 -2.744251 54.214466 -32.991238 -7.121451 -0.000162 -68.780258 -0.000134 41.999540 -26.968963 52.032231 2.466138 -1.576199 2.681733 -4.507440 8.137377 30.722543 0.571209 0.019289 -0.737021 -13.824418 -14.013390 7.486950 0.000005 0.000005 -0.000005 9.109305 -0.518026 2.259868 4.434284 2.575433 -14.433786 0.975116 3.243113 -33.441979 1.036614 3.322005 -34.590076 -0.000002 -0.000001 0.000007 9.533421 0.000028 0.000045 0.718070 5.053681 -25.716103 0.903882 3.131634 -32.239360 1.841438 4.265933 -46.681201 -0.000001 -0.000004 0.000002 9.104550 -0.043028 -1.865075 1.534322 6.798996 -24.958027 0.926641 3.163121 -32.635463 1.677760 4.103985 -44.443023 -0.000000 0.000005 0.000003 8.077805 -0.486871 -3.806268 -12.683923 12.667031 -18.809236 1.662404 3.860754 -42.222751 1.631972 3.853025 -41.867321 -0.000001 -0.000000 0.000004 -8.207787 -6.751685 -1.599557 -60.635387 11.752786 -34.352037 81.339849 9.086855 0.832633 -34.634349 11.203955 20.849269 -0.637882 0.000007 0.000008 0.000000 -0.000001 0.000001 8.207785 -6.751712 -1.599556 -61.517574 -3.013373 49.214829 72.248471 -8.949686 -2.585750 -24.201503 -10.242994 -26.659625 1.749368 -0.000002 0.000012 0.000000 0.000000 0.000000 
5.153626 69.688309 -4.038279 13.168245 -7.191329 1.430106 -0.000004 10.181589 0.131516 30.884739 -0.415587 4.332572 -2.105624 0.812550 -1.815447 -2.262127 0.447105 -1.925875 0.000001 16.740402 -2.049031 -7.348870 -12.938892 4.258436 0.000003 9.617890 1.685017 -23.368225 -60.020158 6.984963 -0.000001 22.037354 7.501095 0.000001 -0.000002 0.000000 -4.569976 11.014898 -2.160867 1.524201 7.129970 15.904145 43.335180 15.776801 10.480591 -0.000220 93.644052 0.000207 59.781388 17.466257 -11.189102 -2.464795 -1.573983 2.681845 -7.107583 -10.157760 -36.925119 -0.370034 0.934143 0.509424 -1.588049 -12.788661 -18.881795 0.000002 -0.000003 -0.000001 -9.108287 -0.517868 2.259831 10.139933 7.192086 25.082372 0.307697 -1.647605 21.051085 0.481330 -2.074336 26.257798 -0.000001 -0.000001 -0.000010 -9.532517 -0.000051 -0.000031 -1.225037 -1.136443 28.712814 0.594532 -2.221771 29.733613 1.196027 -3.157945 42.000537 0.000002 0.000004 -0.000004 -9.103597 -0.043084 -1.865134 2.146284 -7.673144 25.717283 0.692617 -2.463634 31.527498 0.899908 -2.746390 35.936757 -0.000003 -0.000002 0.000002 -8.076698 -0.486704 -3.806284 -10.035366 -18.964708 20.541423 0.649477 -2.438999 32.569429 0.494687 -2.249504 27.870602 0.000001 0.000004 0.000002 4.570446 11.014723 -2.160840 1.439924 1.007680 -3.991638 54.335039 -31.808751 -6.974706 -0.000152 -69.744906 -0.000115 41.158317 -26.410019 50.275004 2.466144 -1.576198 2.681737 -4.471648 8.192256 30.662649 0.583442 0.045761 -0.727596 -13.808651 -13.990473 7.501878 0.000004 -0.000003 -0.000005 9.109306 -0.518046 2.259870 4.433866 2.572420 -14.433822 0.979958 3.250391 -33.527561 1.041607 3.329212 -34.675692 -0.000001 0.000006 0.000005 9.533410 0.000023 0.000045 0.719255 5.056162 -25.715930 0.908552 3.139051 -32.324878 1.847824 4.271907 -46.766906 -0.000002 0.000008 0.000005 9.104538 -0.043035 -1.865075 1.538197 6.800812 -25.030449 0.931380 3.170465 -32.720916 1.683867 4.110194 -44.528267 0.000002 0.000006 -0.000002 8.077792 -0.486864 -3.806260 -12.676822 12.672355 -18.893944 1.670486 3.869035 -42.336094 1.640042 3.861403 -41.980866 -0.000002 0.000005 -0.000001 -8.207784 -6.751675 -1.599566 -59.876566 12.131439 -34.882422 81.544461 9.067831 0.846597 -34.664720 12.276340 21.357035 -0.642423 -0.000002 -0.000003 0.000000 -0.000000 -0.000001 8.207790 -6.751704 -1.599559 -60.478115 -3.657402 49.073932 74.796958 -8.901709 -1.930125 -26.048272 -9.177271 -25.963779 2.110369 -0.000000 -0.000001 -0.000000 -0.000000 -0.000000 
6.001030 68.806305 -3.326702 16.367898 -8.047718 0.051590 -0.000006 10.181590 0.131524 25.299212 -0.305432 4.448768 -2.416013 0.385222 -0.860785 -2.586218 0.257657 -0.874146 0.000001 16.740408 -2.049036 -6.678911 -13.021353 4.640267 0.000000 9.617887 1.685015 -20.457386 -59.893724 8.419812 0.000000 22.037354 7.501094 0.000003 0.000000 -0.000000 -4.569970 11.014916 -2.160886 1.322412 5.841654 16.808870 45.611279 16.672362 7.641203 0.000373 92.175227 -0.000257 58.764120 19.851943 -9.279119 -2.464796 -1.573966 2.681845 -7.125901 -10.136915 -36.964676 -0.353371 0.943524 0.500810 -1.567381 -12.843436 -18.900609 -0.000005 0.000003 0.000014 -9.108274 -0.517867 2.259833 10.137445 7.195962 25.029505 0.310370 -1.654540 21.142308 0.484621 -2.080979 26.348906 0.000001 0.000001 -0.000006 -9.532520 -0.000048 -0.000026 -1.226976 -1.132865 28.712718 0.598177 -2.228230 29.824687 1.200977 -3.163430 42.091604 0.000002 0.000002 -0.000002 -9.103590 -0.043068 -1.865134 2.145391 -7.666829 25.747622 0.696529 -2.469932 31.618769 0.903867 -2.751815 36.019132 0.000001 0.000004 -0.000000 -8.076689 -0.486702 -3.806285 -10.029713 -18.949014 20.603506 0.655267 -2.448712 32.708420 0.499580 -2.259249 28.004670 0.000002 -0.000006 -0.000002 4.570450 11.014725 -2.160854 1.132598 0.809843 -5.480972 56.735339 -30.664783 -8.138415 -0.000161 -71.321129 -0.000117 40.831352 -23.524592 48.367384 2.466143 -1.576209 2.681737 -4.435184 8.248196 30.601242 0.596004 0.072631 -0.718096 -13.791829 -13.966532 7.517423 0.000006 0.000005 -0.000005 9.109303 -0.518040 2.259877 4.433480 2.569476 -14.433885 0.984918 3.257822 -33.615032 1.046708 3.336561 -34.763170 0.000000 -0.000004 0.000002 9.533425 0.000027 0.000048 0.720444 5.058581 -25.715770 0.913319 3.146572 -32.412168 1.854347 4.278004 -46.854657 0.000002 -0.000003 -0.000000 9.104541 -0.043028 -1.865072 1.542114 6.802575 -25.104453 0.936209 3.177979 -32.808322 1.690139 4.116521 -44.615537 -0.000000 0.000000 0.000004 8.077805 -0.486876 -3.806267 -12.669602 12.677832 -18.980490 1.678806 3.877485 -42.452030 1.648284 3.869906 -42.096986 0.000004 0.000002 -0.000005 -8.207786 -6.751669 -1.599563 -62.487413 12.166048 -33.554687 81.287522 9.004025 1.299154 -34.908718 11.742585 22.115360 -0.648650 0.000009 0.000005 -0.000000 -0.000001 -0.000001 8.207785 -6.751690 -1.599554 -63.820857 -5.719301 50.473998 77.099715 -8.742713 -1.615357 -27.563261 -8.870223 -26.542655 2.340093 -0.000002 0.000003 -0.000000 0.000000 -0.000000 
6.938541 68.237015 -2.306614 22.343200 -8.661056 -2.058886 -0.000006 10.181602 0.131523 17.266961 -0.152307 5.520789 -3.858988 -0.168941 0.274066 -4.032004 -0.046913 0.349227 0.000001 16.740395 -2.049029 -6.275335 -13.198372 5.232623 0.000003 9.617883 1.685008 -15.583097 -59.177695 9.625659 0.000003 22.037369 7.501094 0.000002 -0.000000 0.000000 -4.569972 11.014910 -2.160882 1.135798 3.363278 18.891803 49.583157 16.917472 4.122793 -0.000344 90.423310 0.000395 57.588713 24.663033 -6.044597 -2.464797 -1.573966 2.681856 -7.144097 -10.116441 -37.005016 -0.337116 0.952641 0.492368 -1.545964 -12.899885 -18.919802 0.000004 -0.000009 0.000004 -9.108290 -0.517868 2.259840 10.134999 7.199916 24.975941 0.313054 -1.661566 21.234759 0.487948 -2.087694 26.441189 0.000002 -0.000005 0.000001 -9.532512 -0.000041 -0.000021 -1.228874 -1.129332 28.712609 0.601836 -2.234766 29.916980 1.206020 -3.169018 42.183887 -0.000002 0.000002 -0.000001 -9.103594 -0.043067 -1.865126 2.144477 -7.660402 25.778601 0.700495 -2.476335 31.711226 0.907878 -2.757237 36.102191 0.000002 0.000001 -0.000002 -8.076679 -0.486708 -3.806276 -10.024043 -18.933066 20.666622 0.661145 -2.458548 32.849064 0.504613 -2.269128 28.140828 0.000001 -0.000006 -0.000006 4.570448 11.014703 -2.160851 0.765066 0.524203 -7.140849 61.375909 -29.580494 -10.345167 -0.000198 -73.301426 -0.000169 41.339180 -19.622966 46.850911 2.466139 -1.576203 2.681736 -4.397763 8.305301 30.538640 0.608679 0.100211 -0.708506 -13.775353 -13.942054 7.532927 0.000001 0.000000 -0.000001 9.109298 -0.518047 2.259876 4.433080 2.566579 -14.433921 0.989990 3.265430 -33.704327 1.051922 3.344038 -34.852369 0.000003 -0.000004 -0.000003 9.533416 0.000035 0.000045 0.721560 5.060888 -25.715599 0.918232 3.154292 -32.501435 1.861025 4.284254 -46.944078 0.000000 0.000004 0.000002 9.104527 -0.043027 -1.865075 1.546110 6.804374 -25.179880 0.941165 3.185634 -32.897511 1.696526 4.122984 -44.704527 0.000002 0.000006 0.000013 8.077799 -0.486869 -3.806264 -12.662186 12.683519 -19.068667 1.687293 3.886086 -42.570315 1.656719 3.878591 -42.215514 0.000000 -0.000000 -0.000002 -8.207787 -6.751672 -1.599563 -66.654197 11.357116 -31.157206 79.900161 8.933105 1.845458 -34.932251 9.617264 22.642347 -0.653938 -0.000001 -0.000003 -0.000000 -0.000000 0.000000 8.207782 -6.751699 -1.599552 -69.800299 -8.510466 52.015914 78.456361 -8.522667 -1.361148 -28.469997 -8.867581 -27.708170 2.676367 0.000004 0.000003 -0.000000 0.000002 -0.000000 
7.863019 68.840462 -1.283727 28.445185 -8.223269 -3.519408 -0.000007 10.181589 0.131523 10.404090 -0.499124 5.865077 -5.939733 -1.257867 1.448572 -6.111235 -0.978492 1.577597 0.000001 16.740370 -2.049036 -6.486349 -13.498973 6.059499 0.000001 9.617912 1.685007 -11.248261 -58.549509 10.053952 0.000006 22.037354 7.501096 -0.000003 0.000000 0.000000 -4.569973 11.014909 -2.160885 1.231440 0.584792 21.241350 56.333976 17.222494 -2.626060 -0.000053 87.425206 -0.000067 54.152598 28.782653 -4.971082 -2.464785 -1.573979 2.681847 -7.162797 -10.095856 -37.046106 -0.320213 0.962091 0.483592 -1.524380 -12.956784 -18.939145 -0.000003 -0.000005 0.000009 -9.108285 -0.517868 2.259840 10.132510 7.203921 24.921549 0.315820 -1.668690 21.328470 0.491354 -2.094534 26.535102 0.000002 -0.000000 -0.000003 -9.532528 -0.000043 -0.000024 -1.230712 -1.125930 28.712476 0.605586 -2.241407 30.010577 1.211164 -3.174648 42.277833 0.000001 -0.000003 0.000006 -9.103581 -0.043082 -1.865131 2.143552 -7.653924 25.809874 0.704527 -2.482824 31.805090 0.911974 -2.762770 36.186834 -0.000001 -0.000001 -0.000001 -8.076685 -0.486716 -3.806284 -10.018379 -18.916974 20.730463 0.667128 -2.468488 32.991757 0.509711 -2.279165 28.278880 -0.000001 0.000003 -0.000001 4.570447 11.014701 -2.160855 0.323169 0.159740 -8.971787 66.497226 -28.585209 -12.557294 -0.000189 -74.728178 -0.000142 42.211621 -17.169496 45.945023 2.466145 -1.576194 2.681740 -4.359747 8.363584 30.474774 0.621580 0.127981 -0.698782 -13.758355 -13.916883 7.549044 0.000006 0.000003 -0.000005 9.109315 -0.518042 2.259872 4.432693 2.563747 -14.433971 0.995164 3.273136 -33.795288 1.057234 3.351666 -34.943296 -0.000003 -0.000008 0.000003 9.533404 0.000026 0.000044 0.722647 5.063188 -25.715445 0.923230 3.162077 -32.592204 1.867838 4.290598 -47.035292 -0.000004 0.000001 -0.000004 9.104530 -0.043031 -1.865074 1.550155 6.806159 -25.256810 0.946209 3.193438 -32.988359 1.703066 4.129531 -44.795147 -0.000002 -0.000003 0.000003 8.077792 -0.486878 -3.806263 -12.654663 12.689432 -19.158546 1.695945 3.894811 -42.690793 1.665336 3.887416 -42.336139 -0.000002 0.000001 0.000001 -8.207782 -6.751673 -1.599561 -69.774433 9.922754 -29.636519 76.959737 8.917964 2.014053 -34.330139 6.594135 22.452968 -0.656776 -0.000002 0.000003 0.000000 -0.000000 -0.000001 8.207793 -6.751691 -1.599557 -75.366766 -10.193268 50.940288 77.915479 -8.405829 -0.901612 -28.635430 -7.846712 -27.785756 2.860735 0.000000 0.000000 -0.000000 0.000000 -0.000000 
8.560583 70.260841 -0.550315 32.303472 -7.254505 -4.044349 -0.000005 10.181591 0.131525 5.956537 -1.091861 4.512482 -6.595549 -2.231462 2.636758 -6.732680 -1.952502 2.707542 0.000002 16.740387 -2.049034 -7.188918 -14.025497 6.883936 0.000001 9.617867 1.685018 -10.138238 -59.903600 11.210284 0.000002 22.037354 7.501097 -0.000001 0.000000 0.000001 -4.569971 11.014913 -2.160886 1.631038 -0.843970 22.072482 61.301733 18.507407 -8.449682 0.000122 82.890664 -0.000156 51.035313 31.936260 -6.821486 -2.464785 -1.573987 2.681848 -7.181987 -10.074327 -37.087330 -0.302461 0.972014 0.474687 -1.503242 -13.012881 -18.958382 0.000011 -0.000013 -0.000006 -9.108282 -0.517871 2.259840 10.129966 7.207956 24.866569 0.318620 -1.675873 21.423402 0.494802 -2.101432 26.629745 0.000001 -0.000005 -0.000002 -9.532501 -0.000054 -0.000022 -1.232511 -1.122585 28.712261 0.609407 -2.248110 30.105309 1.216330 -3.180336 42.372629 -0.000000 0.000000 0.000005 -9.103586 -0.043073 -1.865132 2.142610 -7.647316 25.841498 0.708608 -2.489365 31.900105 0.916099 -2.768353 36.272133 0.000003 0.000012 -0.000007 -8.076665 -0.486711 -3.806283 -10.012651 -18.900605 20.795208 0.673231 -2.478549 33.136280 0.514865 -2.289219 28.418037 0.000001 0.000004 -0.000003 4.570450 11.014695 -2.160855 -0.177440 -0.173229 -10.984846 69.065917 -27.894390 -13.392084 -0.000199 -74.779015 -0.000159 42.503536 -16.978734 45.578293 2.466141 -1.576201 2.681734 -4.321057 8.422700 30.409761 0.634796 0.156526 -0.688881 -13.741033 -13.891766 7.565371 0.000002 0.000004 0.000000 9.109300 -0.518043 2.259872 4.432336 2.561029 -14.434015 1.000430 3.280989 -33.887707 1.062658 3.359383 -35.035749 -0.000003 0.000005 0.000003 9.533422 0.000024 0.000044 0.723742 5.065375 -25.715309 0.928313 3.170046 -32.684555 1.874764 4.297007 -47.127810 0.000002 -0.000002 0.000002 9.104524 -0.043048 -1.865070 1.554250 6.807962 -25.334953 0.951381 3.201326 -33.080795 1.709697 4.136193 -44.887300 -0.000002 -0.000001 -0.000006 8.077802 -0.486858 -3.806266 -12.647022 12.695429 -19.249872 1.704784 3.903690 -42.813449 1.674117 3.896337 -42.458764 0.000005 0.000002 -0.000001 -8.207785 -6.751671 -1.599565 -70.691993 8.690032 -29.047637 73.551124 8.958970 1.794297 -33.327362 3.895556 21.702407 -0.654372 -0.000002 0.000000 0.000000 -0.000001 -0.000000 8.207788 -6.751709 -1.599558 -78.248170 -10.101009 48.599815 75.993347 -8.410717 -0.554473 -28.275226 -6.552634 -26.992607 2.828899 0.000000 0.000004 -0.000000 0.000000 -0.000000 
9.170050 71.566376 -0.391603 32.574989 -7.071268 -3.861488 -0.000006 10.181591 0.131525 4.310681 -1.318999 2.245302 -4.816727 -2.287923 3.745493 -4.887194 -2.092998 3.701379 -0.000001 16.740398 -2.049039 -8.048240 -14.574488 7.290517 -0.000001 9.617883 1.685008 -12.893342 -62.771078 12.250472 0.000005 22.037369 7.501092 -0.000001 -0.000000 0.000000 -4.569971 11.014915 -2.160888 2.128918 -0.603899 20.265926 60.994832 21.233665 -10.171959 -0.000013 79.174344 -0.000011 50.340222 32.503760 -10.125567 -2.464779 -1.573974 2.681854 -7.201289 -10.052847 -37.129031 -0.285471 0.981487 0.466000 -1.481028 -13.071573 -18.978423 0.000003 -0.000006 0.000004 -9.108274 -0.517874 2.259836 10.127480 7.212086 24.810696 0.321458 -1.683185 21.519693 0.498326 -2.108405 26.725796 0.000002 -0.000008 0.000001 -9.532525 -0.000045 -0.000026 -1.234229 -1.119339 28.712032 0.613252 -2.254888 30.201266 1.221618 -3.186110 42.468771 0.000000 -0.000002 0.000006 -9.103584 -0.043061 -1.865134 2.141623 -7.640640 25.873568 0.712752 -2.496004 31.996195 0.920295 -2.774011 36.358866 0.000002 -0.000000 -0.000005 -8.076679 -0.486711 -3.806278 -10.006926 -18.884022 20.860724 0.679403 -2.488726 33.282439 0.520144 -2.299439 28.559353 -0.000000 -0.000009 -0.000005 4.570445 11.014734 -2.160859 -0.689653 -0.354702 -13.123695 67.524719 -27.616880 -11.983348 -0.000192 -73.357844 -0.000149 42.088637 -18.816959 44.990483 2.466148 -1.576205 2.681736 -4.281759 8.482763 30.343682 0.648206 0.185222 -0.679003 -13.723314 -13.865684 7.582101 -0.000000 0.000013 -0.000002 9.109303 -0.518044 2.259871 4.431972 2.558366 -14.434048 1.005813 3.288942 -33.981663 1.068179 3.367239 -35.129596 -0.000001 -0.000004 0.000002 9.533423 0.000029 0.000046 0.724787 5.067574 -25.715155 0.933499 3.178105 -32.778249 1.881849 4.303540 -47.222162 0.000000 -0.000002 0.000001 9.104553 -0.043033 -1.865074 1.558409 6.809778 -25.414415 0.956609 3.209348 -33.174447 1.716466 4.142973 -44.981085 -0.000001 0.000001 0.000006 8.077797 -0.486859 -3.806266 -12.639285 12.701544 -19.342606 1.713783 3.912693 -42.937923 1.683035 3.905406 -42.583357 0.000003 -0.000004 -0.000004 -8.207783 -6.751670 -1.599561 -69.956819 8.237219 -29.398244 71.147540 8.992606 1.772658 -30.584522 4.564138 22.011956 -1.461989 0.000005 -0.000009 -0.000000 -0.000000 -0.000000 8.207784 -6.751702 -1.599543 -77.513836 -9.118024 47.010519 74.585399 -8.460174 -0.337959 -28.123220 -5.239759 -26.099867 2.729910 0.000001 0.000004 -0.000000 0.000002 -0.000000 
10.279546 72.705971 -0.955814 27.990240 -7.921240 -4.321472 -0.000005 10.181590 0.131530 7.713016 -0.890722 2.302351 -1.846196 -1.668127 3.833023 -1.909141 -1.478623 3.743029 -0.000002 16.740406 -2.049038 -8.770963 -14.756851 7.344052 -0.000004 9.617889 1.685007 -18.614115 -64.041554 10.702871 0.000003 22.037369 7.501094 -0.000002 0.000000 -0.000001 -4.569971 11.014925 -2.160884 2.509766 1.768998 16.157262 56.844034 23.528373 -8.601744 -0.000042 79.045226 0.000052 49.882777 28.104630 -13.194759 -2.464793 -1.573985 2.681853 -7.220936 -10.030876 -37.171276 -0.267822 0.991329 0.457023 -1.458953 -13.130024 -18.998301 -0.000002 -0.000009 0.000009 -9.108284 -0.517862 2.259840 10.124932 7.216222 24.754470 0.324350 -1.690520 21.616449 0.501900 -2.115510 26.823451 0.000001 0.000010 0.000005 -9.532516 -0.000036 -0.000018 -1.235917 -1.116201 28.711755 0.617187 -2.261743 30.298309 1.226954 -3.191916 42.565855 -0.000000 0.000002 -0.000001 -9.103597 -0.043065 -1.865125 2.140635 -7.633848 25.906146 0.716958 -2.502681 32.093416 0.924521 -2.779708 36.446166 0.000003 -0.000000 -0.000000 -8.076686 -0.486715 -3.806271 -10.001178 -18.867262 20.927076 0.685673 -2.498990 33.430361 0.525487 -2.309755 28.702005 -0.000000 -0.000001 -0.000000 4.570443 11.014719 -2.160852 -1.192615 -0.387769 -15.340706 62.951927 -27.847760 -8.665376 -0.000130 -70.019384 -0.000093 41.442173 -23.018646 44.695177 2.466134 -1.576199 2.681738 -4.241963 8.543785 30.276757 0.662017 0.214489 -0.669004 -13.705993 -13.840306 7.598388 0.000004 0.000004 0.000001 9.109308 -0.518045 2.259878 4.431613 2.555753 -14.434109 1.011271 3.296984 -34.076842 1.073762 3.375177 -35.224730 -0.000001 -0.000003 -0.000000 9.533405 0.000029 0.000047 0.725811 5.069656 -25.715017 0.938768 3.186265 -32.873239 1.888994 4.310146 -47.317542 -0.000003 -0.000005 -0.000001 9.104533 -0.043033 -1.865072 1.562599 6.811572 -25.494897 0.961938 3.217457 -33.269431 1.723317 4.149803 -45.075854 0.000002 -0.000004 -0.000002 8.077795 -0.486871 -3.806261 -12.631477 12.707758 -19.436637 1.722895 3.921780 -43.063889 1.692123 3.914583 -42.709736 0.000002 0.000006 -0.000003 -8.207784 -6.751680 -1.599564 -66.684838 7.950228 -30.935382 69.392796 9.070556 2.690622 -23.156279 11.293191 24.801708 -6.863586 0.000002 -0.000005 -0.000000 0.000000 0.000000 8.207801 -6.751711 -1.599546 -72.551219 -8.397517 45.963908 74.864945 -8.535520 0.755765 -28.737475 -3.077651 -25.098678 2.700835 -0.000001 0.000001 -0.000000 -0.000000 -0.000000 
11.837143 73.955048 -1.848532 19.608759 -9.365777 -6.571306 -0.000004 10.181605 0.131518 15.458794 -0.044874 5.973358 0.735242 -0.751755 2.648345 0.615499 -0.670112 2.554723 0.000000 16.740400 -2.049042 -8.977456 -14.358682 6.986855 0.000001 9.617899 1.685020 -24.523927 -62.667641 7.616847 0.000002 22.037369 7.501094 0.000004 0.000000 -0.000000 -4.569969 11.014906 -2.160885 2.838286 5.363884 10.867320 52.786058 24.880475 -6.609980 -0.000067 80.786549 0.000061 47.527526 21.769898 -16.422964 -2.464792 -1.573972 2.681853 -7.240690 -10.008825 -37.214060 -0.250031 1.001210 0.448007 -1.436334 -13.189879 -19.018725 -0.000000 0.000007 0.000010 -9.108286 -0.517873 2.259838 10.122386 7.220420 24.697592 0.327303 -1.697938 21.714602 0.505496 -2.122635 26.921588 -0.000000 -0.000002 0.000001 -9.532511 -0.000047 -0.000022 -1.237565 -1.113111 28.711411 0.621156 -2.268683 30.396623 1.232369 -3.197813 42.664114 -0.000000 -0.000011 0.000005 -9.103594 -0.043065 -1.865127 2.139618 -7.627028 25.938963 0.721237 -2.509458 32.191750 0.928859 -2.785481 36.534716 0.000003 0.000002 0.000002 -8.076686 -0.486713 -3.806280 -9.995430 -18.850299 20.994183 0.692056 -2.509355 33.580000 0.530902 -2.320147 28.846003 -0.000005 -0.000002 0.000008 4.570455 11.014706 -2.160853 -1.696403 -0.365448 -17.547343 58.015176 -29.110744 -4.513112 -0.000132 -64.201900 -0.000077 40.263508 -29.498368 45.360803 2.466137 -1.576207 2.681744 -4.201605 8.605255 30.208807 0.675916 0.243994 -0.658955 -13.687625 -13.813398 7.615552 0.000001 0.000004 -0.000003 9.109300 -0.518032 2.259878 4.431266 2.553246 -14.434135 1.016811 3.305123 -34.173154 1.079461 3.383194 -35.321019 0.000004 0.000001 0.000002 9.533408 0.000031 0.000051 0.726786 5.071686 -25.714877 0.944107 3.194482 -32.969364 1.896258 4.316814 -47.414142 -0.000001 -0.000003 0.000002 9.104542 -0.043034 -1.865066 1.566819 6.813373 -25.576349 0.967348 3.225669 -33.365652 1.730264 4.156690 -45.171835 -0.000001 -0.000009 -0.000004 8.077787 -0.486873 -3.806260 -12.623595 12.714031 -19.531804 1.732149 3.930954 -43.191511 1.701329 3.923844 -42.837406 -0.000003 -0.000000 0.000009 -8.207785 -6.751662 -1.599564 -60.676354 6.588376 -31.682222 67.661452 9.376100 4.028668 -13.758189 18.642525 24.493277 -14.884104 0.000006 -0.000009 0.000000 0.000000 -0.000000 8.207783 -6.751689 -1.599559 -64.354801 -8.023498 45.837430 76.030394 -8.635441 2.795359 -29.909648 -0.535479 -23.899971 2.791689 -0.000004 0.000003 -0.000000 -0.000000 0.000000 
13.066693 75.063850 -2.432433 11.173591 -10.840272 -9.152527 -0.000005 10.181594 0.131525 22.728132 0.803121 10.302445 2.869964 0.274999 0.813070 2.734194 -0.027257 0.675657 -0.000001 16.740396 -2.049037 -8.562095 -13.663326 6.198773 0.000002 9.617877 1.685009 -27.875937 -60.965039 6.344948 0.000004 22.037338 7.501096 -0.000005 -0.000000 -0.000000 -4.569970 11.014897 -2.160879 3.044076 7.994558 6.695958 48.969717 25.929647 -4.416182 0.000066 82.197768 -0.000063 45.340527 17.660837 -19.313922 -2.464799 -1.573992 2.681855 -7.260664 -9.986619 -37.257302 -0.231874 1.011317 0.438847 -1.414018 -13.249344 -19.039231 0.000008 -0.000006 0.000006 -9.108278 -0.517863 2.259839 10.119799 7.224691 24.639757 0.330287 -1.705504 21.814554 0.509160 -2.129816 27.020652 0.000001 0.000001 0.000004 -9.532509 -0.000039 -0.000020 -1.239138 -1.110135 28.711004 0.625187 -2.275668 30.495883 1.237828 -3.203736 42.763408 -0.000003 -0.000004 0.000001 -9.103589 -0.043065 -1.865130 2.138607 -7.620162 25.972194 0.725570 -2.516283 32.291290 0.933191 -2.791279 36.624014 0.000000 -0.000004 -0.000002 -8.076683 -0.486722 -3.806279 -9.989696 -18.833205 21.061915 0.698534 -2.519819 33.731210 0.536429 -2.330654 28.991851 0.000001 0.000006 0.000006 4.570449 11.014699 -2.160860 -2.166759 -0.290434 -19.543772 54.460428 -31.021657 0.019786 -0.000066 -56.939377 -0.000038 38.267904 -37.196514 45.936427 2.466145 -1.576206 2.681736 -4.160678 8.667566 30.140218 0.690043 0.273918 -0.648840 -13.669178 -13.787174 7.632541 0.000001 0.000007 -0.000010 9.109323 -0.518040 2.259868 4.430946 2.550839 -14.434188 1.022428 3.313320 -34.270519 1.085220 3.391299 -35.418171 -0.000001 -0.000006 -0.000002 9.533408 0.000025 0.000042 0.727756 5.073702 -25.714744 0.949549 3.202800 -33.066541 1.903591 4.323526 -47.511711 0.000005 -0.000005 0.000004 9.104544 -0.043028 -1.865074 1.571091 6.815170 -25.658630 0.972821 3.233965 -33.462842 1.737328 4.163675 -45.268971 0.000002 0.000003 0.000006 8.077804 -0.486874 -3.806265 -12.615657 12.720399 -19.627857 1.741533 3.940223 -43.320632 1.710626 3.933183 -42.966531 -0.000000 -0.000002 0.000001 -8.207780 -6.751665 -1.599564 -55.069111 4.898511 -30.973067 67.663371 9.602114 4.568622 -8.442233 19.488324 21.505844 -13.710681 0.000005 0.000000 -0.000000 -0.000001 -0.000000 8.207785 -6.751694 -1.599548 -55.923799 -6.935188 46.659679 76.837927 -8.769115 4.675865 -31.145659 1.607424 -22.600623 2.856108 -0.000001 0.000003 0.000000 -0.000001 0.000000 
13.495214 75.708603 -2.735569 5.214519 -12.055311 -9.707115 -0.000003 10.181591 0.131523 27.574423 1.078132 11.641825 4.236225 1.072212 -0.670400 4.147541 0.402041 -0.863850 -0.000000 16.740383 -2.049042 -7.764375 -13.119864 5.385523 0.000003 9.617878 1.685009 -29.027679 -60.484242 6.678106 0.000001 22.037354 7.501095 0.000002 -0.000000 -0.000000 -4.569971 11.014926 -2.160894 2.940523 9.243021 5.278039 45.988524 25.324724 -1.945458 -0.000019 83.908198 0.000007 45.196629 14.758753 -21.763211 -2.464796 -1.573987 2.681846 -7.280719 -9.963777 -37.300899 -0.213561 1.021513 0.429466 -1.391258 -13.309975 -19.059826 -0.000003 -0.000006 0.000011 -9.108288 -0.517870 2.259833 10.117189 7.228954 24.581649 0.333299 -1.713056 21.914532 0.512913 -2.137136 27.121616 -0.000003 0.000005 0.000002 -9.532514 -0.000040 -0.000028 -1.240676 -1.107244 28.710526 0.629297 -2.282747 30.596341 1.243392 -3.209732 42.864003 -0.000001 -0.000011 0.000007 -9.103589 -0.043072 -1.865135 2.137561 -7.613234 26.005764 0.729963 -2.523190 32.391814 0.937616 -2.797158 36.714384 0.000001 -0.000001 0.000002 -8.076685 -0.486712 -3.806282 -9.983977 -18.815916 21.130380 0.705111 -2.530372 33.883906 0.542033 -2.341240 29.139069 0.000002 0.000003 0.000008 4.570452 11.014723 -2.160868 -2.511063 -0.052254 -21.122246 53.016130 -32.365497 4.420831 -0.000062 -50.857520 -0.000034 36.105107 -44.013797 45.435026 2.466142 -1.576205 2.681732 -4.119670 8.729936 30.070642 0.704476 0.304253 -0.638663 -13.651054 -13.759092 7.649995 0.000003 0.000006 0.000002 9.109306 -0.518043 2.259865 4.430622 2.548459 -14.434215 1.028086 3.321616 -34.368744 1.091066 3.399459 -35.516441 0.000001 0.000006 0.000001 9.533420 0.000028 0.000034 0.728702 5.075645 -25.714607 0.955012 3.211214 -33.164656 1.911015 4.330295 -47.610148 0.000003 0.000008 0.000002 9.104531 -0.043031 -1.865076 1.575378 6.816987 -25.741682 0.978375 3.242313 -33.561012 1.744426 4.170685 -45.366840 -0.000000 0.000004 0.000004 8.077795 -0.486864 -3.806273 -12.607681 12.726874 -19.724922 1.751021 3.949531 -43.450747 1.720074 3.942596 -43.096950 -0.000001 -0.000007 -0.000005 -8.207783 -6.751679 -1.599572 -52.449948 4.311779 -31.144908 70.150032 9.340526 4.373127 -9.589412 17.681232 20.207646 -3.827812 0.000005 0.000001 -0.000000 -0.000001 -0.000000 8.207790 -6.751715 -1.599562 -49.508554 -4.704044 46.866152 76.873608 -8.918904 5.470240 -31.949528 3.101445 -21.568185 2.813284 -0.000006 -0.000003 -0.000000 0.000000 0.000000 
13.265957 75.814156 -3.109484 2.122921 -12.743837 -8.049364 -0.000001 10.181586 0.131520 30.043738 0.650756 9.228815 4.877557 1.463465 -0.823224 4.800417 0.801845 -1.069498 0.000003 16.740383 -2.049023 -7.273798 -12.868572 4.660056 0.000004 9.617891 1.685010 -29.266080 -60.801791 7.302938 0.000002 22.037338 7.501096 0.000002 0.000000 0.000000 -4.569968 11.014917 -2.160866 2.710334 9.538021 5.794556 44.663782 23.864722 -0.337508 0.000042 84.434655 0.000026 46.146865 13.159381 -24.516397 -2.464783 -1.573997 2.681852 -7.300650 -9.941196 -37.345173 -0.192215 1.013189 0.418259 -1.368125 -13.371314 -19.080530 -0.000000 -0.000000 0.000000 -9.108288 -0.517881 2.259835 10.114575 7.233303 24.522708 0.336387 -1.720744 22.016218 0.516650 -2.144454 27.222870 -0.000005 -0.000001 -0.000004 -9.532515 -0.000071 -0.000019 -1.242184 -1.104401 28.709980 0.633446 -2.289883 30.697787 1.249013 -3.215772 42.965452 -0.000002 -0.000000 -0.000001 -9.103590 -0.043082 -1.865127 2.136497 -7.606236 26.039603 0.734395 -2.530136 32.493092 0.942101 -2.803091 36.805926 -0.000002 -0.000002 -0.000004 -8.076686 -0.486706 -3.806275 -9.978263 -18.798484 21.199428 0.711783 -2.541022 34.038422 0.547713 -2.351896 29.287332 0.000001 0.000001 0.000001 4.570449 11.014726 -2.160844 -2.639579 0.462662 -22.173125 53.398429 -32.597085 8.086043 -0.000089 -48.287986 -0.000066 34.091943 -47.364541 44.356307 2.466140 -1.576203 2.681725 -4.078167 8.793250 30.000622 0.718706 0.334454 -0.628565 -13.632305 -13.731572 7.667564 0.000004 0.000006 -0.000005 9.109300 -0.518027 2.259859 4.430294 2.546120 -14.434252 1.033826 3.329964 -34.467832 1.096937 3.407697 -35.615373 0.000001 0.000002 -0.000011 9.533413 0.000027 0.000034 0.729603 5.077531 -25.714498 0.960573 3.219687 -33.263735 1.918537 4.337094 -47.709271 0.000002 0.000002 -0.000000 9.104545 -0.043030 -1.865084 1.579702 6.818784 -25.825423 0.983953 3.250738 -33.659869 1.751631 4.177768 -45.465564 -0.000003 0.000008 -0.000001 8.077789 -0.486878 -3.806280 -12.599656 12.733353 -19.822742 1.760576 3.958903 -43.581852 1.729597 3.952049 -43.228332 0.000000 0.000005 -0.000005 -8.207787 -6.751683 -1.599568 -51.791122 4.510520 -32.766245 71.446456 9.004807 4.333450 -10.121310 19.154128 20.159332 -2.641560 0.000001 -0.000002 -0.000000 0.000000 -0.000000 8.207785 -6.751707 -1.599558 -45.971978 -2.297991 46.121149 76.416915 -8.952510 4.934245 -32.012253 3.266313 -21.088115 2.738314 -0.000005 0.000004 -0.000000 0.000001 -0.000000 
12.496130 75.417839 -3.507399 1.183811 -12.761326 -5.821687 -0.000006 10.181600 0.131523 30.600156 -0.066208 5.241659 4.783325 1.672804 0.040230 4.675580 1.311029 -0.256289 0.000000 16.740406 -2.049034 -7.173421 -12.855768 4.047600 0.000002 9.617884 1.685015 -27.796295 -61.515375 8.646322 0.000004 22.037369 7.501094 -0.000003 -0.000000 -0.000000 -4.569970 11.014909 -2.160884 2.267457 8.859772 8.306763 45.527654 22.833239 -1.771168 -0.000072 82.288473 0.000023 46.137969 14.839902 -26.638571 -2.464788 -1.573974 2.681848 -7.321355 -9.918405 -37.389784 -0.162021 0.952943 0.399821 -1.344792 -13.433187 -19.101360 -0.000003 0.000008 0.000003 -9.108274 -0.517865 2.259838 10.111951 7.237679 24.463419 0.339494 -1.728449 22.118284 0.520515 -2.151895 27.325739 -0.000002 -0.000002 0.000001 -9.532513 -0.000048 -0.000026 -1.243595 -1.101665 28.709351 0.637647 -2.297081 30.800209 1.254659 -3.221854 43.067690 -0.000001 -0.000012 0.000003 -9.103595 -0.043070 -1.865131 2.135426 -7.599122 26.073820 0.738899 -2.537167 32.595790 0.946595 -2.809043 36.897689 0.000005 -0.000011 -0.000002 -8.076680 -0.486708 -3.806276 -9.972533 -18.780802 21.269346 0.718531 -2.551754 34.194051 0.553463 -2.362656 29.437217 -0.000000 -0.000002 -0.000008 4.570452 11.014722 -2.160856 -2.504621 1.221359 -22.581679 55.149625 -31.666325 10.570606 -0.000065 -49.790655 -0.000036 31.705257 -46.129223 43.120784 2.466136 -1.576217 2.681737 -4.036384 8.857300 29.930224 0.733078 0.364836 -0.618411 -13.614187 -13.704993 7.684548 0.000000 0.000004 -0.000001 9.109306 -0.518041 2.259871 4.430009 2.543939 -14.434288 1.039616 3.338322 -34.567335 1.102896 3.415950 -35.715097 -0.000001 0.000002 0.000001 9.533416 0.000025 0.000045 0.730490 5.079361 -25.714363 0.966152 3.228178 -33.363271 1.926071 4.343932 -47.809063 -0.000005 0.000003 -0.000003 9.104544 -0.043024 -1.865071 1.584057 6.820608 -25.909708 0.989614 3.259170 -33.759293 1.758858 4.184836 -45.564906 -0.000001 0.000005 0.000005 8.077793 -0.486873 -3.806264 -12.591626 12.739896 -19.921107 1.770255 3.968322 -43.713945 1.739212 3.961548 -43.360602 0.000000 0.000002 -0.000005 -8.207790 -6.751652 -1.599562 -51.084942 4.929458 -33.554182 70.536941 8.679911 3.785058 -9.902080 20.185188 20.632328 -10.117964 0.000004 -0.000007 0.000000 -0.000000 -0.000000 8.207783 -6.751695 -1.599560 -45.257356 -0.556760 46.172144 75.850576 -8.930054 3.556693 -31.376455 1.436895 -21.314794 2.694504 -0.000005 0.000007 0.000000 0.000000 0.000001 
11.340044 74.463821 -3.535462 3.390306 -11.825040 -4.082813 -0.000007 10.181572 0.131519 28.075404 -0.564361 2.370668 3.335689 1.668200 0.903578 3.211455 1.604486 0.633644 0.000002 16.740406 -2.049041 -6.609398 -12.992887 3.647698 0.000001 9.617896 1.685007 -23.335510 -62.394181 10.792764 0.000002 22.037384 7.501093 0.000001 0.000000 0.000000 -4.569971 11.014917 -2.160891 1.528100 7.591731 13.038706 47.297441 21.286423 -3.205749 0.000053 79.992655 -0.000067 46.956533 19.108865 -24.348583 -2.464801 -1.573991 2.681844 -7.342485 -9.895243 -37.434614 -0.131337 0.890707 0.381867 -1.321091 -13.495861 -19.122173 -0.000000 -0.000004 0.000009 -9.108282 -0.517864 2.259832 10.109292 7.242114 24.403376 0.342652 -1.736259 22.221911 0.524372 -2.159364 27.429027 0.000002 0.000009 0.000003 -9.532505 -0.000066 -0.000028 -1.244967 -1.099059 28.708658 0.641884 -2.304314 30.903355 1.260450 -3.228013 43.171522 -0.000005 0.000007 0.000009 -9.103614 -0.043086 -1.865135 2.134312 -7.591954 26.108318 0.743445 -2.544226 32.699083 0.951193 -2.815076 36.990908 -0.000001 -0.000001 0.000001 -8.076691 -0.486727 -3.806278 -9.966836 -18.763069 21.339762 0.725383 -2.562536 34.351163 0.559293 -2.373482 29.588410 -0.000002 -0.000004 -0.000015 4.570451 11.014733 -2.160861 -2.136732 2.069015 -22.280432 58.648649 -29.173586 11.166646 -0.000093 -54.285609 -0.000044 29.969624 -41.191259 42.478067 2.466140 -1.576219 2.681741 -3.994352 8.921034 29.859193 0.747841 0.395752 -0.608149 -13.595139 -13.677152 7.702246 0.000005 0.000003 -0.000007 9.109300 -0.518044 2.259870 4.429715 2.541800 -14.434334 1.045445 3.346716 -34.667458 1.108876 3.424259 -35.815275 -0.000001 -0.000007 0.000005 9.533409 0.000033 0.000046 0.731329 5.081089 -25.714250 0.971785 3.236703 -33.463221 1.933688 4.350795 -47.909566 -0.000002 -0.000007 -0.000001 9.104527 -0.043031 -1.865077 1.588376 6.822390 -25.994450 0.995306 3.267672 -33.859256 1.766181 4.191964 -45.664835 -0.000004 -0.000006 -0.000005 8.077793 -0.486875 -3.806263 -12.583594 12.746453 -20.020017 1.779979 3.977755 -43.846632 1.748877 3.971062 -43.493610 -0.000001 0.000005 0.000002 -8.207786 -6.751668 -1.599567 -52.006744 6.173998 -33.114960 71.350219 8.368143 2.599915 -15.712420 16.994921 22.960169 -8.225096 0.000005 0.000001 0.000000 0.000001 -0.000000 8.207784 -6.751701 -1.599558 -48.354191 -0.412914 47.700706 75.516627 -8.872254 1.790885 -30.385053 -2.168894 -22.512269 2.721779 -0.000003 0.000002 -0.000000 0.000000 -0.000000 
10.306995 73.156509 -3.018429 10.293286 -9.525787 -2.950868 -0.000006 10.181572 0.131520 20.855250 -0.563788 1.845858 0.475537 1.186319 1.291409 0.355755 1.270497 1.170889 0.000002 16.740379 -2.049037 -5.448392 -13.165741 3.222895 0.000001 9.617879 1.685007 -17.627337 -63.314146 11.967296 0.000002 22.037354 7.501093 -0.000003 0.000000 0.000000 -4.569973 11.014923 -2.160884 0.955800 5.305985 18.620525 49.290190 18.712329 -1.748145 0.000048 79.559211 -0.000075 50.254647 23.938049 -18.402193 -2.464791 -1.573979 2.681849 -7.363556 -9.871770 -37.479922 -0.099985 0.826907 0.363279 -1.297559 -13.558474 -19.143144 -0.000002 -0.000003 0.000002 -9.108297 -0.517874 2.259831 10.106632 7.246606 24.342762 0.345864 -1.744138 22.326280 0.528289 -2.166907 27.533599 -0.000002 -0.000001 -0.000002 -9.532515 -0.000052 -0.000024 -1.246320 -1.096442 28.707869 0.646208 -2.311636 31.007747 1.266245 -3.234177 43.275689 0.000000 0.000005 0.000007 -9.103601 -0.043069 -1.865132 2.133161 -7.584701 26.143297 0.748022 -2.551351 32.803148 0.955814 -2.821138 37.084741 0.000001 -0.000006 -0.000009 -8.076687 -0.486711 -3.806278 -9.961148 -18.745149 21.410836 0.732317 -2.573429 34.509753 0.565193 -2.384340 29.740566 0.000001 0.000001 -0.000006 4.570449 11.014715 -2.160860 -1.629906 2.950174 -21.378197 64.799869 -25.842152 10.184875 -0.000102 -60.459291 -0.000060 30.261467 -33.911070 42.951976 2.466134 -1.576210 2.681740 -3.952168 8.985512 29.787954 0.762446 0.426396 -0.598004 -13.576859 -13.649619 7.719606 0.000005 0.000003 -0.000005 9.109309 -0.518043 2.259876 4.429431 2.539694 -14.434370 1.051318 3.355158 -34.767968 1.114915 3.432601 -35.915986 -0.000002 0.000011 0.000001 9.533411 0.000029 0.000045 0.732162 5.082809 -25.714156 0.977452 3.245289 -33.563703 1.941345 4.357683 -48.010339 -0.000002 -0.000006 -0.000001 9.104521 -0.043036 -1.865073 1.592736 6.824167 -26.079491 1.001053 3.276194 -33.959701 1.773496 4.199090 -45.765081 -0.000004 -0.000011 0.000001 8.077799 -0.486869 -3.806268 -12.575569 12.753055 -20.119345 1.789770 3.987198 -43.979779 1.758653 3.980620 -43.627188 -0.000001 0.000003 0.000001 -8.207784 -6.751682 -1.599567 -57.042117 7.170681 -32.934530 73.336779 8.553933 2.286597 -21.187593 12.988460 23.252156 -4.763894 0.000003 -0.000003 -0.000000 -0.000000 -0.000000 8.207791 -6.751717 -1.599561 -56.303052 -2.389329 49.106690 75.350920 -8.704934 -0.143808 -29.169098 -6.264785 -24.374590 2.818624 -0.000001 -0.000002 -0.000000 0.000000 -0.000000 
9.457253 71.783997 -2.288722 18.748581 -6.715726 -2.587507 -0.000005 10.181596 0.131521 12.046684 -0.489083 1.871356 -2.002152 0.280150 1.717999 -2.111986 0.463910 1.702245 -0.000000 16.740404 -2.049039 -5.421948 -13.450724 2.919605 -0.000002 9.617887 1.685014 -13.581446 -64.352731 11.255576 0.000004 22.037369 7.501094 0.000004 -0.000001 0.000000 -4.569972 11.014915 -2.160887 1.044553 1.219878 22.016230 51.865407 17.362916 -1.142208 0.000077 79.845396 -0.000070 52.995301 28.167820 -13.748443 -2.464792 -1.573978 2.681849 -7.384074 -9.848226 -37.525708 -0.069234 0.764089 0.344950 -1.273438 -13.622620 -19.164763 -0.000000 -0.000008 0.000004 -9.108298 -0.517867 2.259833 10.103998 7.251118 24.281686 0.349106 -1.752053 22.431420 0.532285 -2.174517 27.639137 -0.000000 0.000001 0.000007 -9.532517 -0.000052 -0.000025 -1.247579 -1.093966 28.706848 0.650565 -2.318985 31.112908 1.272111 -3.240407 43.381086 -0.000002 0.000004 0.000008 -9.103581 -0.043064 -1.865131 2.132028 -7.577450 26.178370 0.752696 -2.558522 32.908435 0.960476 -2.827237 37.179172 -0.000002 -0.000004 -0.000004 -8.076680 -0.486715 -3.806275 -9.955492 -18.727086 21.482507 0.739347 -2.584361 34.669518 0.571167 -2.395305 29.893931 0.000004 0.000005 0.000002 4.570444 11.014722 -2.160861 -1.064670 3.852608 -20.030068 72.321581 -22.923696 9.893123 -0.000138 -67.182970 -0.000093 30.678194 -25.757436 45.090474 2.466141 -1.576209 2.681732 -3.909815 9.049453 29.716268 0.777442 0.458017 -0.587826 -13.558080 -13.621872 7.737260 0.000004 0.000003 -0.000005 9.109301 -0.518029 2.259867 4.429159 2.537650 -14.434391 1.057207 3.363606 -34.868806 1.120944 3.440908 -36.016609 -0.000002 -0.000000 0.000006 9.533415 0.000029 0.000040 0.732953 5.084468 -25.714026 0.983174 3.253854 -33.664548 1.949017 4.364547 -48.111320 -0.000000 0.000002 0.000003 9.104526 -0.043046 -1.865078 1.597093 6.825970 -26.164776 1.006795 3.284698 -34.060296 1.780857 4.206221 -45.865530 -0.000001 0.000000 0.000000 8.077805 -0.486870 -3.806274 -12.567544 12.759678 -20.218844 1.799635 3.996630 -44.113350 1.768427 3.990156 -43.761039 -0.000005 0.000001 -0.000002 -8.207786 -6.751662 -1.599561 -63.617017 7.072994 -33.663923 75.096011 8.741234 2.844250 -26.477918 9.544231 21.910765 -1.584651 -0.000002 0.000562 0.000000 0.000001 0.000000 8.207783 -6.751688 -1.599558 -65.748828 -4.853742 49.790836 74.992513 -8.486507 -1.972501 -27.765890 -9.951636 -26.230565 2.937455 0.000003 0.000001 0.000000 0.000001 -0.000000 
8.659070 70.773926 -1.685089 24.081131 -4.484318 -2.874595 -0.000005 10.181590 0.131518 6.795348 -0.671437 1.144584 -3.356941 -0.642705 2.301407 -3.458578 -0.415093 2.285255 0.000000 16.740391 -2.049037 -6.560708 -13.948568 3.448844 -0.000001 9.617888 1.685009 -11.503901 -65.500824 10.180962 0.000001 22.037384 7.501093 -0.000001 0.000000 -0.000000 -4.569977 11.014914 -2.160885 1.292226 -1.619388 23.156848 53.987536 16.628177 -1.942911 0.000012 80.060137 0.000022 53.659831 30.758521 -12.329481 -2.464793 -1.573982 2.681851 -7.405243 -9.824357 -37.571853 -0.037740 0.700017 0.326377 -1.249546 -13.686599 -19.186450 -0.000001 0.000002 0.000002 -9.108285 -0.517868 2.259835 10.101361 7.255708 24.220158 0.352388 -1.760070 22.537821 0.536268 -2.182096 27.744426 -0.000001 0.000010 -0.000008 -9.532527 -0.000044 -0.000024 -1.248790 -1.091503 28.705393 0.654954 -2.326416 31.218855 1.278042 -3.246646 43.487060 -0.000002 0.000003 0.000013 -9.103596 -0.043067 -1.865132 2.130866 -7.570111 26.213861 0.757386 -2.565727 33.014208 0.965217 -2.833398 37.274678 -0.000001 0.000012 -0.000005 -8.076691 -0.486717 -3.806279 -9.949866 -18.708858 21.554735 0.746471 -2.595369 34.830594 0.577205 -2.406321 30.048297 -0.000000 0.000004 -0.000012 4.570446 11.014707 -2.160856 -0.497608 4.816151 -18.486296 78.999587 -20.939622 11.490227 -0.000209 -72.682256 -0.000162 29.257832 -18.548207 48.446921 2.466140 -1.576200 2.681742 -3.867461 9.114168 29.644554 0.792193 0.488771 -0.577775 -13.539534 -13.594433 7.754746 0.000002 0.000008 0.000004 9.109304 -0.518046 2.259878 4.428891 2.535719 -14.434433 1.063115 3.372041 -34.969565 1.127050 3.449253 -36.117716 -0.000002 -0.000000 0.000004 9.533418 0.000009 0.000050 0.733739 5.086066 -25.713934 0.988903 3.262446 -33.765583 1.956710 4.371393 -48.212352 -0.000000 -0.000000 -0.000005 9.104524 -0.043031 -1.865074 1.601464 6.827734 -26.250154 1.012588 3.293231 -34.161171 1.788241 4.213346 -45.966043 0.000004 -0.000007 0.000001 8.077789 -0.486865 -3.806261 -12.559537 12.766316 -20.318549 1.809499 4.006075 -44.247041 1.778262 3.999687 -43.895170 0.000001 0.000003 0.000003 -8.207787 -6.751678 -1.599555 -67.613313 6.462334 -34.970097 76.240224 8.529072 3.718145 -29.716879 8.144031 22.110234 -0.715453 -0.000005 0.000002 -0.000000 0.000001 0.000000 8.207793 -6.751704 -1.599555 -72.002741 -6.343224 50.550080 74.517207 -8.294394 -3.521398 -26.584119 -13.273536 -26.815265 3.071558 0.000002 0.000009 -0.000000 -0.000000 0.000000 
7.861823 70.271561 -1.628194 25.146415 -2.714414 -3.023520 -0.000005 10.181588 0.131521 6.252456 -0.632624 0.684741 -4.109834 -0.618050 2.255211 -4.216032 -0.390739 2.253844 0.000001 16.740385 -2.049038 -7.172340 -14.585124 4.324309 -0.000001 9.617904 1.685009 -13.173421 -67.377849 8.742293 0.000003 22.037384 7.501093 0.000000 0.000000 0.000000 -4.569973 11.014931 -2.160883 1.317584 -1.403834 22.751155 54.657527 15.268374 -0.195927 -0.000022 81.143918 0.000050 53.865771 29.729737 -12.845772 -2.464790 -1.573981 2.681844 -7.426681 -9.800672 -37.618319 -0.006294 0.635979 0.307766 -1.225343 -13.751613 -19.208526 -0.000000 -0.000008 0.000004 -9.108292 -0.517866 2.259835 10.098703 7.260300 24.158176 0.355708 -1.768092 22.644468 0.540323 -2.189837 27.851855 -0.000000 -0.000006 -0.000003 -9.532506 -0.000053 -0.000028 -1.249985 -1.089123 28.703880 0.659411 -2.333871 31.325679 1.284022 -3.252941 43.593822 0.000002 0.000000 0.000007 -9.103596 -0.043080 -1.865136 2.129686 -7.562735 26.249629 0.762150 -2.572996 33.121008 0.969966 -2.839586 37.370499 0.000004 -0.000002 -0.000009 -8.076691 -0.486713 -3.806282 -9.944265 -18.690459 21.627615 0.753638 -2.606439 34.992623 0.583329 -2.417410 30.203858 -0.000003 0.000000 -0.000004 4.570447 11.014739 -2.160857 0.025366 5.917877 -17.063476 82.857981 -20.805096 15.313515 -0.000222 -74.478193 -0.000174 27.585374 -15.650976 50.274628 2.466145 -1.576203 2.681732 -3.824967 9.178636 29.572755 0.807030 0.519595 -0.567687 -13.520663 -13.566181 7.772569 -0.000000 0.000000 0.000006 9.109304 -0.518047 2.259872 4.428633 2.533858 -14.434480 1.069044 3.380448 -35.070409 1.133153 3.457596 -36.218772 0.000005 0.000000 -0.000007 9.533405 0.000035 0.000040 0.734556 5.087772 -25.713835 0.994651 3.271018 -33.866656 1.964422 4.378272 -48.313398 0.000003 0.000001 0.000001 9.104532 -0.043030 -1.865080 1.605812 6.829512 -26.335521 1.018396 3.301745 -34.261974 1.795660 4.220487 -46.066761 -0.000002 0.000007 -0.000001 8.077806 -0.486874 -3.806266 -12.551585 12.772940 -20.418220 1.819391 4.015483 -44.380746 1.788126 4.009227 -44.029452 0.000001 0.000005 -0.000003 -8.207780 -6.751662 -1.599574 -68.611661 6.180237 -36.331135 77.874197 8.453066 4.111811 -30.796544 8.070594 21.921875 -0.723536 0.000006 0.000006 0.000000 -0.000001 0.000000 8.207781 -6.751700 -1.599556 -73.764288 -6.923443 50.785527 74.050124 -8.221612 -4.333423 -26.219544 -15.122129 -27.210879 3.419772 -0.000003 0.000000 -0.000000 -0.000000 -0.000000 
6.991615 69.368515 -2.112545 22.592912 -1.374173 -2.305164 -0.000005 10.181588 0.131520 8.771548 -0.272706 0.288441 -3.419440 0.253786 1.737099 -3.542058 0.473432 1.735424 0.000000 16.740402 -2.049038 -7.550624 -14.862896 4.595751 0.000002 9.617886 1.685003 -19.673127 -68.715152 5.345478 0.000002 22.037369 7.501093 -0.000002 -0.000000 -0.000000 -4.569974 11.014934 -2.160890 1.232638 0.439713 22.223016 52.787459 13.204771 2.765890 0.000186 83.480382 -0.000196 54.173611 26.457084 -13.531994 -2.464795 -1.573987 2.681846 -7.448354 -9.776746 -37.665102 0.025509 0.571123 0.289017 -1.201201 -13.816448 -19.230457 0.000001 -0.000005 0.000004 -9.108289 -0.517870 2.259835 10.096090 7.264939 24.095815 0.359074 -1.776187 22.752084 0.544420 -2.197551 27.959272 0.000001 0.000003 0.000004 -9.532519 -0.000055 -0.000024 -1.251109 -1.086778 28.702347 0.663898 -2.341400 31.433272 1.290080 -3.259272 43.701521 0.000002 -0.000003 0.000010 -9.103590 -0.043082 -1.865129 2.128474 -7.555320 26.285601 0.766946 -2.580277 33.228389 0.974773 -2.845799 37.467334 -0.000001 0.000004 -0.000002 -8.076692 -0.486723 -3.806282 -9.938699 -18.671956 21.700877 0.760911 -2.617564 35.156039 0.589527 -2.428546 30.360587 -0.000002 0.000001 0.000001 4.570454 11.014727 -2.160858 0.503083 7.250177 -15.878884 83.145580 -22.227235 21.644525 -0.000248 -73.461697 -0.000211 26.016544 -16.896228 49.648713 2.466141 -1.576189 2.681734 -3.782635 9.242974 29.500888 0.821955 0.550671 -0.557577 -13.502163 -13.538617 7.789967 0.000003 0.000006 -0.000012 9.109309 -0.518031 2.259871 4.428382 2.532047 -14.434502 1.075003 3.388876 -35.171250 1.139228 3.465879 -36.319504 0.000001 -0.000003 0.000001 9.533428 0.000011 0.000041 0.735335 5.089394 -25.713734 1.000406 3.279575 -33.967634 1.972124 4.385099 -48.414375 -0.000001 -0.000010 -0.000000 9.104544 -0.043034 -1.865074 1.610095 6.831203 -26.420726 1.024201 3.310241 -34.362726 1.803056 4.227573 -46.167226 -0.000002 0.000000 0.000002 8.077805 -0.486860 -3.806271 -12.543665 12.779561 -20.517770 1.829299 4.024853 -44.514262 1.797994 4.018711 -44.163440 0.000001 -0.000001 -0.000011 -8.207785 -6.751661 -1.599570 -67.434663 7.135948 -37.446222 81.186873 8.493134 3.549898 -32.323727 8.068228 20.695383 -0.724844 -0.000000 -0.000007 0.000000 0.000001 -0.000000 8.207784 -6.751694 -1.599559 -71.766976 -7.381894 49.905870 74.629256 -8.264614 -3.972584 -26.471955 -14.980801 -28.233226 3.445972 0.000007 0.000002 0.000000 0.000000 -0.000000 
6.084532 68.275787 -2.966398 16.568480 -0.742678 -1.013214 -0.000004 10.181588 0.131523 14.798711 0.139199 0.069392 -1.875481 1.530131 1.201316 -2.014939 1.682669 1.132904 -0.000000 16.740395 -2.049034 -8.178929 -14.753955 4.089655 0.000001 9.617865 1.685012 -27.939181 -68.496381 0.245809 0.000003 22.037338 7.501093 0.000006 0.000000 0.000001 -4.569976 11.014913 -2.160876 1.023994 2.899910 20.267931 49.527286 11.903697 5.948205 0.000067 86.200198 -0.000132 53.761560 22.017304 -13.985526 -2.464799 -1.573973 2.681850 -7.470243 -9.752831 -37.712234 0.057496 0.505830 0.270148 -1.176765 -13.882095 -19.252596 0.000007 -0.000003 -0.000001 -9.108301 -0.517869 2.259835 10.093485 7.269649 24.032728 0.362468 -1.784334 22.860590 0.548615 -2.205381 28.068292 -0.000002 0.000002 -0.000003 -9.532531 -0.000048 -0.000023 -1.252181 -1.084608 28.700772 0.668450 -2.348936 31.541629 1.296171 -3.265642 43.810145 -0.000001 -0.000001 0.000007 -9.103601 -0.043065 -1.865132 2.127262 -7.547832 26.321748 0.771796 -2.587651 33.336757 0.979618 -2.852060 37.564688 -0.000002 0.000010 0.000002 -8.076693 -0.486705 -3.806283 -9.933194 -18.653300 21.774715 0.768292 -2.628737 35.320606 0.595769 -2.439713 30.517832 0.000001 0.000001 -0.000002 4.570448 11.014732 -2.160851 0.866561 8.707122 -15.025993 82.302072 -25.117119 29.727999 -0.000164 -69.817784 -0.000092 23.902320 -20.959510 48.609951 2.466145 -1.576204 2.681736 -3.738831 9.309338 29.426545 0.837466 0.582877 -0.547278 -13.482884 -13.509800 7.807874 -0.000001 -0.000003 -0.000006 9.109309 -0.518043 2.259869 4.428165 2.530313 -14.434534 1.081141 3.397539 -35.275219 1.145572 3.474474 -36.423917 -0.000003 -0.000004 -0.000011 9.533415 0.000026 0.000043 0.736050 5.090876 -25.713651 1.006394 3.288418 -34.072020 1.980088 4.392132 -48.518522 0.000001 0.000006 -0.000002 9.104553 -0.043026 -1.865077 1.614587 6.832996 -26.508941 1.030237 3.318992 -34.466746 1.810705 4.234890 -46.270922 0.000001 -0.000001 -0.000006 8.077802 -0.486858 -3.806265 -12.535484 12.786433 -20.620715 1.839555 4.034546 -44.652170 1.808224 4.028480 -44.301942 0.000006 0.000005 0.000002 -8.207786 -6.751665 -1.599560 -63.478808 8.755222 -38.416611 84.945820 8.564891 2.626624 -33.838069 8.478616 20.086263 -0.725145 -0.000001 0.000004 -0.000000 0.000001 0.000000 8.207783 -6.751701 -1.599555 -66.249864 -7.591559 48.578440 75.763655 -8.397799 -2.718032 -26.605680 -13.783724 -29.533666 3.472240 0.000004 0.000004 -0.000000 -0.000000 0.000000 
5.478032 67.301559 -4.204509 8.292586 -0.688090 -0.151103 -0.000005 10.181594 0.131520 24.802090 0.591110 1.993990 -1.115858 2.935871 0.105163 -1.249904 2.825831 -0.126507 0.000002 16.740400 -2.049031 -8.446591 -14.498197 3.134510 -0.000002 9.617913 1.685013 -35.550851 -67.667763 -4.488114 -0.000003 22.037338 7.501096 0.000004 0.000000 0.000001 -4.569972 11.014908 -2.160879 0.716002 5.268517 17.875438 46.947623 9.357202 8.929223 -0.000189 91.092614 0.000322 52.433259 16.407571 -13.620312 -2.464803 -1.573984 2.681846 -7.492379 -9.728536 -37.759611 0.089770 0.439857 0.251162 -1.152068 -13.948195 -19.274896 0.000005 -0.000012 0.000006 -9.108297 -0.517867 2.259834 10.090836 7.274342 23.969593 0.365926 -1.792478 22.969412 0.552772 -2.213208 28.177419 -0.000000 0.000002 -0.000004 -9.532515 -0.000049 -0.000025 -1.253211 -1.082489 28.699212 0.673033 -2.356531 31.650694 1.302315 -3.272035 43.919151 -0.000004 0.000004 -0.000001 -9.103596 -0.043084 -1.865133 2.126006 -7.540281 26.358294 0.776691 -2.595052 33.445657 0.984522 -2.858333 37.662633 0.000004 0.000002 -0.000011 -8.076693 -0.486716 -3.806279 -9.927727 -18.634518 21.849073 0.775713 -2.639980 35.486108 0.602118 -2.450938 30.676210 -0.000001 0.000002 -0.000004 4.570450 11.014729 -2.160851 1.104080 10.232627 -14.500922 82.541006 -27.411431 38.055997 -0.000139 -65.181342 -0.000114 21.838661 -26.424831 49.133570 2.466139 -1.576183 2.681741 -3.694216 9.376979 29.350979 0.853250 0.615636 -0.536916 -13.464054 -13.481582 7.825859 -0.000001 0.000003 0.000000 9.109306 -0.518043 2.259871 4.427946 2.528644 -14.434572 1.087401 3.406353 -35.381077 1.152000 3.483173 -36.529798 -0.000001 0.000002 -0.000002 9.533423 0.000015 0.000047 0.736609 5.092011 -25.713582 1.012472 3.297380 -34.177874 1.988231 4.399282 -48.624807 -0.000002 0.000002 0.000002 9.104547 -0.043019 -1.865070 1.619110 6.834800 -26.598404 1.036356 3.327915 -34.572614 1.818517 4.242335 -46.376558 -0.000000 0.000002 0.000002 8.077789 -0.486866 -3.806262 -12.527235 12.793431 -20.725251 1.850019 4.044327 -44.792435 1.818634 4.038389 -44.442706 -0.000000 -0.000003 -0.000008 -8.207784 -6.751669 -1.599562 -57.415205 9.775660 -39.617993 87.929342 8.659401 2.054054 -34.691576 9.815328 19.904968 -0.726428 0.000003 0.000001 -0.000000 -0.000000 -0.000000 8.207782 -6.751698 -1.599557 -58.628158 -7.910236 47.459054 76.821098 -8.720329 -1.016583 -26.042287 -12.501883 -30.172648 3.387368 -0.000002 0.000006 -0.000000 -0.000000 -0.000000 
5.190724 66.109985 -5.186331 2.406003 -0.687798 0.220842 -0.000005 10.181599 0.131523 32.606213 1.407088 5.685887 -0.548279 4.156222 -1.514824 -0.666288 3.650015 -1.892908 0.000002 16.740396 -2.049044 -8.609552 -14.378279 2.153611 -0.000001 9.617882 1.685016 -42.688307 -66.855968 -9.123981 0.000000 22.037354 7.501096 0.000003 0.000000 0.000000 -4.569973 11.014907 -2.160894 0.287091 6.365256 17.042324 45.299461 4.283567 11.747878 -0.000055 98.733465 0.000048 52.217001 10.934222 -11.681379 -2.464794 -1.573973 2.681851 -7.514549 -9.703952 -37.807177 0.122300 0.373425 0.232033 -1.127373 -14.014513 -19.297229 0.000003 -0.000003 0.000009 -9.108294 -0.517871 2.259838 10.088217 7.279116 23.905763 0.369383 -1.800747 23.079358 0.557014 -2.221105 28.287507 -0.000001 0.000007 -0.000002 -9.532502 -0.000048 -0.000024 -1.254188 -1.080413 28.697569 0.677663 -2.364166 31.760475 1.308515 -3.278459 44.029179 0.000000 -0.000006 0.000002 -9.103586 -0.043067 -1.865133 2.124762 -7.532744 26.394861 0.781621 -2.602466 33.555309 0.989460 -2.864656 37.761288 0.000003 0.000003 0.000006 -8.076691 -0.486727 -3.806276 -9.922276 -18.615593 21.923879 0.783216 -2.651232 35.652430 0.608509 -2.462239 30.835774 0.000001 0.000000 0.000000 4.570453 11.014717 -2.160864 1.276147 11.918121 -14.315725 83.737785 -27.954788 45.755437 -0.000098 -61.515402 -0.000054 20.763259 -31.798069 50.919262 2.466128 -1.576203 2.681739 -3.649432 9.444908 29.274734 0.869120 0.648428 -0.526608 -13.444417 -13.452108 7.844607 0.000004 0.000009 -0.000005 9.109312 -0.518042 2.259873 4.427725 2.527018 -14.434604 1.093747 3.415226 -35.487737 1.158488 3.491888 -36.636230 0.000003 0.000005 -0.000003 9.533415 0.000027 0.000043 0.737014 5.092854 -25.713538 1.018604 3.306377 -34.284425 1.996444 4.406472 -48.731685 -0.000002 -0.000001 0.000002 9.104536 -0.043034 -1.865073 1.623656 6.836551 -26.688643 1.042522 3.336841 -34.678800 1.826406 4.249817 -46.483071 -0.000000 0.000005 -0.000003 8.077785 -0.486887 -3.806258 -12.518975 12.800456 -20.830361 1.860572 4.054168 -44.933817 1.829131 4.048346 -44.584371 -0.000004 -0.000001 0.000003 -8.207785 -6.751657 -1.599568 -53.291926 10.392091 -41.336793 90.078092 8.712655 2.148797 -35.109126 11.880177 20.498526 -0.731155 -0.000012 -0.000001 0.000000 0.000001 -0.000000 8.207785 -6.751699 -1.599551 -53.282084 -8.972160 46.343540 78.406836 -8.877620 0.560163 -26.358501 -11.006660 -30.235772 3.401094 -0.000002 0.000004 -0.000000 0.000002 0.000000 
4.913521 66.553436 -5.208496 2.788915 -0.893630 0.961360 -0.000007 10.181594 0.131522 31.380761 1.533940 7.715675 -0.134242 3.983647 -3.229347 -0.219273 3.290839 -3.631934 0.000001 16.740396 -2.049039 -8.615951 -13.912035 1.674115 0.000003 9.617889 1.685021 -41.434653 -65.399075 -8.232050 -0.000002 22.037354 7.501098 0.000002 -0.000004 -0.000000 -4.569970 11.014882 -2.160887 0.323207 6.340366 15.601335 47.048112 7.989730 12.191737 0.000030 97.726784 -0.000015 51.310061 7.770319 -13.501108 -2.464786 -1.573989 2.681850 -7.536633 -9.679453 -37.855186 0.154763 0.307130 0.212972 -1.102486 -14.081466 -19.319784 -0.000006 0.000001 0.000004 -9.108280 -0.517859 2.259841 10.085548 7.283897 23.841549 0.372902 -1.809043 23.190099 0.561279 -2.229015 28.397948 0.000001 -0.000004 -0.000001 -9.532519 -0.000047 -0.000021 -1.255128 -1.078423 28.695742 0.682326 -2.371849 31.870943 1.314790 -3.284917 44.139722 0.000003 0.000003 0.000006 -9.103586 -0.043070 -1.865129 2.123480 -7.525106 26.431845 0.786593 -2.609914 33.665449 0.994433 -2.871017 37.860630 0.000004 -0.000000 -0.000001 -8.076684 -0.486722 -3.806281 -9.916875 -18.596629 21.999044 0.790806 -2.662559 35.819882 0.614990 -2.473566 30.996174 -0.000006 0.000006 -0.000012 4.570443 11.014712 -2.160860 1.387713 13.726171 -14.655272 87.115033 -26.482679 51.058178 -0.000081 -57.233768 -0.000052 19.389374 -36.218622 51.317571 2.466141 -1.576207 2.681741 -3.604225 9.513590 29.198038 0.885133 0.681444 -0.516244 -13.425499 -13.423616 7.862599 0.000001 0.000007 -0.000002 9.109299 -0.518033 2.259872 4.427488 2.525380 -14.434626 1.100142 3.424137 -35.595128 1.165054 3.500664 -36.743583 -0.000003 -0.000003 0.000001 9.533418 0.000027 0.000049 0.737367 5.093616 -25.713490 1.024795 3.315393 -34.391696 2.004713 4.413694 -48.839356 -0.000001 -0.000008 -0.000009 9.104530 -0.043035 -1.865070 1.628204 6.838318 -26.779502 1.048748 3.345823 -34.785805 1.834354 4.257320 -46.590172 -0.000001 -0.000010 -0.000002 8.077805 -0.486876 -3.806264 -12.510697 12.807522 -20.936265 1.871208 4.064042 -45.076001 1.839729 4.058321 -44.726975 0.000001 0.000000 0.000005 -8.207784 -6.751660 -1.599555 -53.941620 10.146334 -42.777673 89.380921 8.759680 2.680820 -34.524424 13.669454 21.093181 -0.742758 0.000001 0.000002 -0.000000 0.000000 -0.000000 8.207787 -6.751697 -1.599551 -52.450416 -8.636451 44.507319 77.551751 -8.906457 1.288853 -26.282358 -8.640209 -30.221084 3.335605 0.000003 0.000009 -0.000000 -0.000000 -0.000000 
4.409235 67.946281 -4.488840 8.236447 -1.631582 2.621626 -0.000006 10.181587 0.131518 23.791415 1.295769 7.706107 -0.266023 3.579383 -5.119867 -0.234681 3.060650 -5.457090 0.000001 16.740370 -2.049039 -8.677613 -12.964092 1.381935 -0.000000 9.617878 1.685019 -33.514796 -62.493342 -2.551034 0.000003 22.037354 7.501099 0.000003 -0.000001 -0.000000 -4.569974 11.014903 -2.160883 0.541086 5.606743 13.913225 51.930454 17.040248 11.343167 -0.000363 91.521530 0.000372 49.825212 5.754673 -18.154192 -2.464795 -1.573971 2.681849 -7.558801 -9.654594 -37.903428 0.187572 0.239898 0.193730 -1.077423 -14.148836 -19.342375 0.000010 -0.000015 0.000006 -9.108288 -0.517874 2.259832 10.082880 7.288714 23.776983 0.376479 -1.817361 23.301293 0.565601 -2.236982 28.509314 0.000000 0.000007 0.000002 -9.532516 -0.000052 -0.000026 -1.256086 -1.076417 28.693826 0.687048 -2.379531 31.981866 1.321087 -3.291407 44.251071 0.000003 -0.000000 0.000000 -9.103594 -0.043079 -1.865132 2.122157 -7.517434 26.468918 0.791622 -2.617393 33.776214 0.999464 -2.877412 37.960655 0.000000 0.000008 -0.000000 -8.076692 -0.486716 -3.806282 -9.911558 -18.577549 22.074704 0.798467 -2.673908 35.988110 0.621501 -2.484921 31.157151 -0.000001 -0.000000 0.000002 4.570445 11.014725 -2.160853 1.539685 15.766493 -15.635773 90.845389 -23.161241 53.947945 -0.000095 -53.349549 -0.000047 18.126340 -40.534222 49.890010 2.466143 -1.576204 2.681740 -3.558713 9.582436 29.120686 0.901096 0.714156 -0.506038 -13.405353 -13.393122 7.881572 0.000006 0.000001 -0.000003 9.109301 -0.518043 2.259873 4.427262 2.523819 -14.434650 1.106591 3.433080 -35.703089 1.171656 3.509499 -36.851551 0.000002 -0.000011 -0.000001 9.533411 0.000016 0.000046 0.737735 5.094319 -25.713446 1.031039 3.324500 -34.499661 2.013023 4.420937 -48.947349 0.000003 -0.000000 0.000000 9.104540 -0.043030 -1.865072 1.632764 6.840084 -26.870813 1.055076 3.354859 -34.893756 1.842315 4.264821 -46.697413 0.000002 0.000003 0.000001 8.077797 -0.486878 -3.806262 -12.502393 12.814616 -21.042819 1.881945 4.073978 -45.219175 1.850406 4.068321 -44.870091 0.000004 0.000002 0.000004 -8.207787 -6.751672 -1.599570 -58.731513 10.339360 -43.129182 87.101591 8.788330 3.116651 -33.452084 14.400655 21.493214 -0.756332 0.000001 0.000006 0.000000 0.000001 -0.000000 8.207790 -6.751697 -1.599556 -55.316872 -6.543264 42.987442 74.901166 -8.907971 0.842228 -26.429173 -5.932097 -30.176172 3.575188 -0.000003 0.000004 -0.000000 0.000000 -0.000000 
3.814326 69.588699 -3.766711 14.744263 -2.577341 4.415392 -0.000006 10.181593 0.131520 16.207822 1.582122 7.659188 -1.096191 3.631027 -6.999437 -0.852402 3.485617 -7.231280 0.000002 16.740383 -2.049035 -9.260220 -11.418814 0.908220 0.000000 9.617880 1.685020 -26.923667 -56.215793 1.223782 0.000000 22.037384 7.501098 -0.000000 0.000001 -0.000000 -4.569968 11.014924 -2.160887 0.670037 4.729710 12.297622 57.635506 25.654302 10.209267 -0.000003 86.033596 -0.000025 48.427264 4.217597 -22.449087 -2.464791 -1.573994 2.681844 -7.581097 -9.629621 -37.951810 0.220396 0.172827 0.174493 -1.052374 -14.216353 -19.364939 -0.000001 -0.000001 -0.000001 -9.108299 -0.517858 2.259828 10.080213 7.293547 23.712228 0.380061 -1.825717 23.412983 0.569944 -2.244954 28.620999 0.000000 0.000001 0.000002 -9.532518 -0.000046 -0.000026 -1.257004 -1.074418 28.692088 0.691815 -2.387281 32.093584 1.327421 -3.297904 44.362666 0.000000 0.000006 0.000004 -9.103593 -0.043070 -1.865135 2.120847 -7.509706 26.506322 0.796660 -2.624925 33.887587 1.004515 -2.883790 38.060734 0.000001 -0.000005 0.000004 -8.076706 -0.486706 -3.806283 -9.906264 -18.558357 22.150681 0.806202 -2.685280 36.157280 0.628089 -2.496317 31.318777 -0.000002 0.000000 0.000001 4.570445 11.014741 -2.160860 1.860365 18.103582 -17.387148 93.602046 -18.766710 55.527133 -0.000077 -50.814453 -0.000048 18.261969 -44.729177 49.152070 2.466128 -1.576202 2.681737 -3.512827 9.651032 29.042682 0.917686 0.748018 -0.495902 -13.385143 -13.362630 7.900728 0.000002 0.000008 0.000005 9.109304 -0.518026 2.259868 4.427061 2.522362 -14.434702 1.113085 3.442099 -35.811908 1.178343 3.518366 -36.960199 -0.000002 0.000003 -0.000002 9.533417 0.000027 0.000041 0.738043 5.095007 -25.713417 1.037346 3.333641 -34.608350 2.021437 4.428205 -49.056273 -0.000001 0.000007 0.000002 9.104517 -0.043031 -1.865076 1.637363 6.841858 -26.962778 1.061412 3.363921 -35.002022 1.850419 4.272415 -46.806047 0.000004 -0.000002 -0.000003 8.077789 -0.486861 -3.806266 -12.494090 12.821754 -21.150038 1.892767 4.083923 -45.363091 1.861214 4.078412 -45.014703 -0.000003 -0.000003 -0.000002 -8.207777 -6.751676 -1.599556 -64.251125 10.784065 -42.030191 84.265075 8.826660 3.266152 -32.131436 13.981005 21.713438 -0.768923 0.000003 -0.000001 0.000000 0.000001 -0.000000 8.207790 -6.751709 -1.599559 -59.317802 -3.829739 42.270326 71.570356 -9.001321 -0.338899 -25.559796 -4.417444 -28.931418 3.378935 0.000004 -0.000002 0.000000 0.000001 -0.000000 
3.355794 71.286560 -3.392931 19.751664 -2.792182 5.477986 -0.000004 10.181579 0.131521 11.291185 2.033900 8.328290 -2.161107 3.648863 -8.090322 -1.736296 3.849755 -8.225406 0.000001 16.740377 -2.049028 -10.287883 -9.267352 0.371893 0.000001 9.617875 1.685014 -24.270042 -46.215276 0.762904 0.000004 22.037369 7.501090 -0.000001 -0.000002 -0.000001 -4.569974 11.014913 -2.160880 0.623706 3.935985 10.990200 61.618080 31.286149 9.396357 0.000037 82.592225 -0.000043 47.670670 4.367635 -24.582402 -2.464783 -1.573987 2.681851 -7.603558 -9.604641 -38.000557 0.253778 0.104521 0.155015 -1.027138 -14.284347 -19.387629 -0.000000 0.000000 0.000004 -9.108279 -0.517873 2.259833 10.077541 7.298423 23.646998 0.383693 -1.834119 23.525443 0.574315 -2.252948 28.733025 -0.000001 0.000002 -0.000006 -9.532522 -0.000045 -0.000024 -1.257862 -1.072643 28.690753 0.696606 -2.395045 32.205848 1.333776 -3.304414 44.474630 -0.000001 0.000006 0.000009 -9.103600 -0.043072 -1.865130 2.119517 -7.502013 26.543819 0.801767 -2.632461 33.999555 1.009597 -2.890197 38.161295 0.000003 -0.000003 -0.000003 -8.076678 -0.486714 -3.806273 -9.901013 -18.539068 22.227167 0.814012 -2.696696 36.327218 0.634717 -2.507737 31.481093 0.000002 0.000006 0.000007 4.570450 11.014717 -2.160854 2.731194 21.440824 -21.118542 94.209148 -12.872397 56.351144 -0.000090 -50.893109 -0.000042 19.913109 -46.962062 50.700563 2.466142 -1.576208 2.681742 -3.466810 9.720969 28.964360 0.934036 0.781277 -0.485983 -13.365522 -13.332984 7.919413 0.000002 0.000008 -0.000003 9.109310 -0.518040 2.259874 4.426911 2.521124 -14.434713 1.119659 3.451116 -35.920986 1.185067 3.527275 -37.069434 -0.000004 0.000010 0.000000 9.533416 0.000012 0.000047 0.738362 5.095617 -25.713369 1.043680 3.342824 -34.717541 2.029891 4.435509 -49.165740 0.000003 -0.000002 -0.000000 9.104537 -0.043035 -1.865070 1.641977 6.843605 -27.055095 1.067812 3.373046 -35.111055 1.858534 4.279979 -46.914824 0.000001 0.000000 -0.000002 8.077786 -0.486874 -3.806269 -12.485775 12.828938 -21.257758 1.903668 4.093866 -45.507816 1.872069 4.088478 -45.159664 -0.000001 -0.000001 -0.000003 -8.207788 -6.751679 -1.599560 -67.943915 10.544440 -40.670399 81.231399 8.897372 3.358283 -30.749191 12.856895 21.621553 -0.778678 0.000002 0.000003 0.000000 0.000000 -0.000000 8.207789 -6.751714 -1.599559 -63.371636 -1.801985 42.892260 69.093162 -9.261970 -2.488984 -23.385453 -6.206043 -22.730221 -0.792454 -0.000002 0.000002 0.000000 -0.000001 -0.000000 
2.939837 73.116470 -3.363760 22.780785 -1.957318 6.013680 -0.000003 10.181591 0.131521 8.602771 2.019341 8.680645 -2.941676 3.074897 -7.918726 -2.499478 3.489773 -7.999140 0.000001 16.740402 -2.049037 -11.156530 -6.749364 0.113693 0.000000 9.617905 1.685008 -23.379492 -33.824295 -1.074411 0.000001 22.037369 7.501100 0.000000 0.000001 0.000001 -4.569968 11.014901 -2.160882 0.442121 3.146366 9.934594 63.251336 33.946819 8.818372 0.000065 80.614278 -0.000108 47.812035 6.453993 -24.497906 -2.464779 -1.573986 2.681845 -7.626140 -9.579747 -38.049495 0.286822 0.036866 0.135702 -1.001683 -14.352820 -19.410378 0.000001 0.000000 0.000007 -9.108285 -0.517867 2.259833 10.074895 7.303269 23.581783 0.387342 -1.842487 23.637746 0.578771 -2.261024 28.846361 0.000001 0.000005 0.000000 -9.532526 -0.000043 -0.000027 -1.258544 -1.071268 28.689790 0.701453 -2.402847 32.318655 1.340221 -3.310925 44.587417 0.000002 0.000002 0.000006 -9.103595 -0.043067 -1.865134 2.118208 -7.494318 26.581483 0.806899 -2.640009 34.111908 1.014732 -2.896657 38.262856 0.000000 -0.000000 -0.000007 -8.076691 -0.486712 -3.806280 -9.895841 -18.519720 22.303870 0.821882 -2.708150 36.498062 0.641401 -2.519130 31.643734 -0.000001 0.000004 -0.000007 4.570444 11.014726 -2.160856 3.174422 23.968817 -21.811931 94.680253 -11.096387 55.795221 -0.000076 -52.910713 -0.000027 22.001158 -45.310126 53.673440 2.466142 -1.576212 2.681743 -3.420483 9.790904 28.885433 0.950745 0.815032 -0.476001 -13.345779 -13.302802 7.938198 -0.000007 0.000001 0.000000 9.109307 -0.518027 2.259877 4.426810 2.520176 -14.434737 1.126261 3.460185 -36.030843 1.191846 3.536234 -37.179216 0.000000 0.000004 -0.000004 9.533402 0.000016 0.000054 0.738643 5.096225 -25.713364 1.050104 3.352041 -34.827357 2.038409 4.442847 -49.276014 0.000003 -0.000000 0.000001 9.104529 -0.043042 -1.865068 1.646586 6.845391 -27.148062 1.074292 3.382192 -35.220577 1.866725 4.287618 -47.024524 0.000003 0.000006 0.000003 8.077795 -0.486868 -3.806261 -12.477500 12.836147 -21.366020 1.914693 4.103920 -45.653548 1.883011 4.098591 -45.305738 0.000004 0.000012 -0.000004 -8.207787 -6.751667 -1.599562 -69.467737 9.697127 -40.127324 78.212312 8.920249 3.526763 -29.214942 11.755462 21.318438 -1.172111 0.000005 -0.000004 -0.000000 0.000001 -0.000000 8.207787 -6.751701 -1.599548 -67.005426 -1.058914 43.606766 66.684086 -9.480619 -4.356948 -14.494249 -11.296682 -20.237820 -8.925325 0.000009 -0.000003 0.000000 -0.000001 0.000000 
2.773426 74.400345 -3.616375 24.772341 -1.312006 5.957057 -0.000006 10.181586 0.131526 7.129115 1.845625 8.645425 -3.631852 2.372757 -6.731817 -3.302685 2.887074 -6.795197 0.000001 16.740395 -2.049038 -11.793700 -4.265212 0.694409 0.000001 9.617873 1.685009 -21.263911 -20.040820 -3.023251 0.000001 22.037354 7.501091 0.000005 0.000001 -0.000000 -4.569968 11.014900 -2.160883 0.153736 2.291149 9.152623 63.802791 33.984211 8.478105 0.000017 80.554780 -0.000010 48.879446 8.957495 -22.813759 -2.464788 -1.573977 2.681849 -7.648942 -9.554661 -38.098679 0.320190 -0.031668 0.116226 -0.976322 -14.421157 -19.433095 0.000003 -0.000008 -0.000001 -9.108283 -0.517876 2.259832 10.072254 7.308193 23.515945 0.391019 -1.850968 23.751278 0.583247 -2.269079 28.959401 -0.000001 0.000007 0.000000 -9.532511 -0.000048 -0.000028 -1.259032 -1.070239 28.688878 0.706291 -2.410674 32.431873 1.346715 -3.317472 44.700928 0.000003 -0.000010 0.000003 -9.103590 -0.043085 -1.865133 2.116840 -7.486568 26.619324 0.812070 -2.647614 34.224794 1.019892 -2.903140 38.364722 -0.000002 0.000001 -0.000001 -8.076683 -0.486717 -3.806277 -9.890733 -18.500274 22.380971 0.829816 -2.719622 36.669356 0.648180 -2.530620 31.807491 -0.000001 0.000002 0.000006 4.570444 11.014712 -2.160858 3.088995 25.545929 -21.426751 96.061618 -12.107895 54.177880 -0.000087 -54.479727 -0.000037 24.595885 -43.045375 56.907251 2.466136 -1.576226 2.681730 -3.373969 9.860984 28.805961 0.967600 0.848971 -0.466107 -13.325646 -13.272103 7.957205 -0.000000 0.000008 -0.000003 9.109313 -0.518042 2.259868 4.426743 2.519338 -14.434754 1.132929 3.469292 -36.141174 1.198657 3.545159 -37.289411 -0.000002 0.000002 0.000005 9.533408 0.000036 0.000044 0.738888 5.096762 -25.713338 1.056550 3.361272 -34.937568 2.046981 4.450183 -49.386560 0.000003 0.000001 0.000002 9.104538 -0.043015 -1.865069 1.651232 6.847163 -27.241455 1.080781 3.391355 -35.330677 1.874940 4.295240 -47.134473 -0.000000 0.000003 -0.000001 8.077817 -0.486872 -3.806270 -12.469198 12.843387 -21.474900 1.925740 4.113935 -45.799673 1.894025 4.108716 -45.452153 0.000001 0.000005 0.000001 -8.207787 -6.751678 -1.599557 -70.396793 8.908702 -39.593442 75.911385 8.973340 3.777983 -27.989992 10.884178 20.815941 -1.386214 0.000003 -0.000001 0.000000 0.000001 -0.000000 8.207788 -6.751704 -1.599550 -70.466126 -0.980653 43.710345 65.412189 -9.547594 -4.519226 -9.782338 -11.272029 -18.511496 -6.139840 -0.000014 -0.000010 -0.000000 0.000000 0.000001 
2.873500 74.879120 -3.785965 26.864107 -1.709155 5.171373 -0.000005 10.181569 0.131518 5.512036 1.823341 9.028392 -4.292449 2.037477 -5.280448 -4.074041 2.640685 -5.306561 0.000000 16.740387 -2.049030 -12.460566 -2.157984 2.330274 0.000003 9.617908 1.685010 -16.969861 -6.105462 -5.762842 0.000002 22.037338 7.501092 0.000001 0.000001 -0.000000 -4.569971 11.014907 -2.160882 -0.237825 1.363589 8.731050 64.137648 32.057486 8.598918 0.000131 82.526942 -0.000183 50.478831 11.042338 -19.990750 -2.464791 -1.573978 2.681846 -7.671817 -9.529554 -38.147990 0.353567 -0.100096 0.096822 -0.950843 -14.490099 -19.456146 0.000001 -0.000005 -0.000001 -9.108291 -0.517892 2.259831 10.069633 7.313159 23.449812 0.394752 -1.859449 23.865145 0.587723 -2.277199 29.073458 -0.000001 0.000003 -0.000005 -9.532500 -0.000047 -0.000025 -1.259457 -1.069322 28.687973 0.711227 -2.418494 32.545455 1.353201 -3.324047 44.814671 -0.000002 0.000004 -0.000002 -9.103594 -0.043067 -1.865132 2.115487 -7.478779 26.657257 0.817267 -2.655212 34.338206 1.025105 -2.909625 38.467004 0.000004 -0.000002 0.000009 -8.076687 -0.486719 -3.806282 -9.885682 -18.480738 22.458446 0.837801 -2.731094 36.841176 0.655007 -2.542110 31.971760 -0.000000 0.000007 -0.000007 4.570452 11.014713 -2.160854 2.670817 26.223775 -19.402151 99.287298 -16.269400 52.155898 -0.000079 -53.101613 -0.000043 26.992020 -42.353146 60.253497 2.466150 -1.576197 2.681736 -3.327049 9.931273 28.726085 0.984634 0.883099 -0.456336 -13.305244 -13.241017 7.976471 0.000002 0.000002 -0.000001 9.109304 -0.518033 2.259873 4.426696 2.518566 -14.434782 1.139636 3.478402 -36.252049 1.205539 3.554182 -37.400490 -0.000006 -0.000007 0.000005 9.533406 0.000034 0.000046 0.739146 5.097256 -25.713297 1.063046 3.370535 -35.048385 2.055618 4.457526 -49.497640 0.000002 -0.000003 0.000008 9.104548 -0.043033 -1.865073 1.655881 6.848933 -27.335211 1.087346 3.400570 -35.441462 1.883227 4.302890 -47.245105 0.000002 -0.000000 0.000004 8.077805 -0.486862 -3.806267 -12.460886 12.850648 -21.584233 1.936918 4.123974 -45.946689 1.905137 4.118865 -45.599535 0.000000 -0.000004 -0.000003 -8.207784 -6.751683 -1.599567 -71.851869 8.321433 -38.351977 74.453884 9.040681 4.297933 -27.112187 10.447756 20.410963 -1.441846 0.000004 -0.000004 -0.000000 0.000002 -0.000000 8.207791 -6.751709 -1.599555 -73.580412 -0.758105 44.582182 63.536093 -9.465799 -4.744417 -10.190673 -9.590446 -18.052823 -0.400166 -0.000005 -0.000002 -0.000001 0.000001 -0.000000 
3.162359 74.730331 -3.683917 28.495095 -2.667287 3.744913 -0.000005 10.181588 0.131520 3.500064 1.760824 10.647033 -4.109116 1.819322 -4.512862 -3.939360 2.506157 -4.473797 -0.000000 16.740387 -2.049036 -13.422828 -0.597697 4.517879 0.000001 9.617888 1.685003 -12.963533 5.936313 -8.081011 0.000002 22.037354 7.501094 -0.000000 -0.000000 -0.000000 -4.569968 11.014914 -2.160883 -0.695180 0.344022 8.446582 63.484949 30.650785 8.530905 0.000170 84.385000 -0.000189 51.551386 13.060883 -16.894886 -2.464784 -1.573974 2.681853 -7.694787 -9.503956 -38.197433 0.387550 -0.169815 0.077113 -0.925520 -14.558757 -19.479143 0.000000 0.000004 0.000003 -9.108294 -0.517882 2.259841 10.067066 7.318099 23.383679 0.398496 -1.867949 23.979148 0.592255 -2.285307 29.187622 -0.000000 -0.000006 0.000004 -9.532521 -0.000041 -0.000021 -1.259822 -1.068478 28.687129 0.716130 -2.426359 32.659601 1.359750 -3.330629 44.928885 0.000001 0.000000 0.000007 -9.103601 -0.043063 -1.865130 2.114077 -7.470924 26.695434 0.822536 -2.662835 34.451823 1.030330 -2.916130 38.569624 0.000002 0.000007 0.000000 -8.076692 -0.486699 -3.806277 -9.880684 -18.461153 22.535997 0.845870 -2.742587 37.013785 0.661878 -2.553615 32.136515 0.000001 0.000003 -0.000001 4.570451 11.014727 -2.160858 2.356684 25.615294 -18.072844 101.525059 -20.689485 49.418574 -0.000068 -49.462987 -0.000026 28.199170 -43.532877 62.875136 2.466140 -1.576209 2.681740 -3.280006 10.002230 28.645825 1.001794 0.917433 -0.446558 -13.285599 -13.210943 7.995303 0.000000 0.000002 0.000001 9.109297 -0.518034 2.259879 4.426647 2.517828 -14.434797 1.146404 3.487587 -36.363507 1.212477 3.563204 -37.511734 -0.000001 0.000000 -0.000002 9.533409 0.000032 0.000048 0.739363 5.097705 -25.713287 1.069587 3.379856 -35.159768 2.064293 4.464910 -49.609197 -0.000001 -0.000005 0.000008 9.104537 -0.043030 -1.865074 1.660544 6.850674 -27.429406 1.093956 3.409814 -35.552528 1.891565 4.310572 -47.356236 -0.000003 -0.000005 0.000005 8.077793 -0.486874 -3.806262 -12.452571 12.857939 -21.694141 1.948125 4.134012 -46.094239 1.916320 4.129038 -45.747600 -0.000004 -0.000006 -0.000005 -8.207784 -6.751667 -1.599566 -72.980127 7.659442 -36.935050 73.771466 9.054334 5.025523 -26.755946 10.325150 20.303707 -1.454408 -0.000001 -0.000010 0.000000 0.000000 -0.000000 8.207788 -6.751702 -1.599555 -74.949647 -0.401310 46.622209 60.956372 -9.312160 -6.264066 -13.228971 -10.907972 -19.398460 0.876879 0.000006 -0.000006 -0.000000 -0.000000 0.000000 
3.582504 74.141167 -3.568693 27.716453 -3.526872 2.309252 -0.000003 10.181591 0.131522 2.992149 1.329458 12.984015 -2.747784 1.116984 -4.697003 -2.631273 1.749961 -4.664253 -0.000001 16.740379 -2.049035 -14.875385 0.573690 6.339408 -0.000002 9.617903 1.685012 -11.330169 15.200062 -7.809015 0.000002 22.037369 7.501090 0.000001 0.000002 0.000000 -4.569973 11.014914 -2.160886 -1.148605 -0.822083 7.986131 60.993480 32.337589 7.263998 0.000035 83.856971 -0.000021 51.786382 15.425209 -14.325159 -2.464783 -1.573993 2.681847 -7.717610 -9.478459 -38.247079 0.421207 -0.239147 0.057554 -0.899880 -14.628037 -19.502065 0.000006 -0.000010 -0.000003 -9.108286 -0.517860 2.259835 10.064521 7.323063 23.317132 0.402267 -1.876458 24.093748 0.596813 -2.293427 29.302201 -0.000001 -0.000003 0.000000 -9.532516 -0.000044 -0.000028 -1.260174 -1.067744 28.686279 0.721110 -2.434255 32.774232 1.366358 -3.337203 45.043393 -0.000001 0.000004 0.000002 -9.103580 -0.043072 -1.865134 2.112663 -7.463064 26.733751 0.827778 -2.670467 34.565794 1.035579 -2.922629 38.672623 -0.000002 -0.000003 -0.000000 -8.076683 -0.486710 -3.806284 -9.875770 -18.441506 22.614032 0.853985 -2.754088 37.186815 0.668799 -2.565122 32.301477 0.000002 0.000006 0.000000 4.570445 11.014709 -2.160856 1.763025 23.238414 -15.745469 99.849388 -27.602789 44.374359 -0.000030 -45.544579 -0.000007 29.005686 -44.603102 63.277536 2.466134 -1.576190 2.681731 -3.232877 10.073125 28.564985 1.019179 0.951990 -0.436822 -13.265499 -13.179961 8.014523 0.000004 0.000005 -0.000007 9.109306 -0.518044 2.259867 4.426599 2.517205 -14.434813 1.153199 3.496748 -36.475259 1.219449 3.572253 -37.623725 -0.000006 0.000005 -0.000002 9.533409 0.000029 0.000039 0.739567 5.098133 -25.713272 1.076166 3.389172 -35.271527 2.073025 4.472305 -49.721373 0.000000 0.000012 0.000002 9.104536 -0.043032 -1.865081 1.665231 6.852461 -27.524149 1.100584 3.419080 -35.663997 1.899977 4.318281 -47.467783 -0.000002 0.000005 0.000006 8.077785 -0.486878 -3.806273 -12.444150 12.865249 -21.804443 1.959421 4.144108 -46.242450 1.927562 4.139208 -45.895951 -0.000003 -0.000001 -0.000002 -8.207780 -6.751675 -1.599563 -72.158749 7.139062 -36.160176 74.142441 8.998648 5.373443 -27.077025 10.379870 20.653246 -1.379965 0.000003 0.000017 0.000000 0.000001 -0.000000 8.207786 -6.751714 -1.599552 -73.607282 -0.417197 48.459786 59.927219 -9.099653 -6.774999 -16.288143 -11.655593 -24.174080 2.825337 -0.000004 0.000002 -0.000000 -0.000000 -0.000000 
4.038438 73.089211 -3.999971 22.938948 -3.951669 1.710134 -0.000006 10.181594 0.131522 7.300352 0.610654 14.560322 -1.581923 -0.079187 -5.519104 -1.623552 0.228809 -5.586265 0.000002 16.740377 -2.049032 -15.987811 1.547573 7.366514 0.000005 9.617905 1.685014 -11.708741 21.960142 -5.581148 0.000003 22.037338 7.501097 0.000000 -0.000000 -0.000001 -4.569970 11.014910 -2.160879 -1.574412 -2.218304 7.355692 57.365161 37.696101 5.599744 -0.000007 80.863327 0.000024 52.376650 17.923458 -12.331609 -2.464793 -1.573994 2.681847 -7.740619 -9.453073 -38.296854 0.454965 -0.308536 0.038033 -0.874105 -14.697794 -19.525139 0.000004 0.000002 0.000000 -9.108280 -0.517873 2.259832 10.061950 7.328054 23.250526 0.406087 -1.884996 24.208542 0.601389 -2.301595 29.417300 0.000002 0.000001 -0.000002 -9.532511 -0.000051 -0.000023 -1.260484 -1.067087 28.685534 0.726122 -2.442150 32.889085 1.372981 -3.343812 45.158561 0.000001 -0.000003 0.000006 -9.103585 -0.043095 -1.865131 2.111225 -7.455171 26.772190 0.833083 -2.678097 34.680152 1.040870 -2.929169 38.775988 -0.000000 -0.000001 -0.000006 -8.076687 -0.486719 -3.806280 -9.870907 -18.421801 22.692211 0.862156 -2.765586 37.360267 0.675776 -2.576651 32.467137 0.000003 0.000007 -0.000007 4.570447 11.014729 -2.160852 0.969508 19.427250 -11.840284 91.233214 -33.688050 34.392543 -0.000063 -47.544851 -0.000027 30.312209 -41.121618 61.732459 2.466136 -1.576199 2.681740 -3.185214 10.144557 28.483871 1.036420 0.986402 -0.427251 -13.245331 -13.148856 8.033548 -0.000004 0.000005 -0.000005 9.109304 -0.518045 2.259877 4.426573 2.516631 -14.434811 1.160034 3.505932 -36.587462 1.226469 3.581333 -37.735965 0.000001 -0.000005 0.000006 9.533404 0.000034 0.000047 0.739743 5.098542 -25.713258 1.082821 3.398524 -35.383788 2.081806 4.479715 -49.834033 0.000004 0.000002 0.000006 9.104528 -0.043042 -1.865069 1.669912 6.854248 -27.618982 1.107296 3.428359 -35.776189 1.908405 4.325950 -47.579678 -0.000002 0.000001 0.000001 8.077798 -0.486869 -3.806265 -12.435724 12.872553 -21.915106 1.970791 4.154184 -46.391280 1.938905 4.149413 -46.045293 -0.000004 0.000007 0.000006 -8.207783 -6.751674 -1.599572 -68.572422 7.669494 -36.247472 76.329153 8.987113 4.675766 -28.199319 10.395912 20.893899 -0.904215 -0.000007 -0.000004 -0.000000 0.000001 -0.000000 8.207787 -6.751689 -1.599563 -70.346113 -1.229773 49.419957 62.935945 -9.001341 -5.869652 -17.789054 -11.968187 -26.395369 3.788674 -0.000017 -0.000005 -0.000000 0.000001 -0.000000 
4.411816 71.541855 -5.281271 14.540146 -4.105326 2.576807 -0.000003 10.181588 0.131516 17.736051 0.011581 14.584571 -1.997775 -1.180939 -6.629872 -2.263840 -1.482705 -6.710258 -0.000000 16.740395 -2.049039 -15.496388 2.455916 7.647031 0.000007 9.617908 1.685009 -13.760060 26.545057 -3.732294 0.000003 22.037354 7.501095 -0.000002 -0.000001 -0.000001 -4.569969 11.014911 -2.160886 -2.040482 -3.757722 6.904827 54.402853 43.390477 4.588092 0.000084 79.121144 -0.000101 53.565287 18.667296 -10.325541 -2.464779 -1.573992 2.681847 -7.763791 -9.427618 -38.346847 0.488727 -0.377906 0.018522 -0.848310 -14.767866 -19.548309 0.000003 -0.000003 -0.000003 -9.108280 -0.517859 2.259833 10.059386 7.333076 23.183540 0.409907 -1.893580 24.323878 0.606027 -2.309772 29.532819 -0.000000 -0.000004 0.000006 -9.532499 -0.000044 -0.000027 -1.260759 -1.066496 28.684817 0.731162 -2.450059 33.004345 1.379615 -3.350406 45.273564 0.000001 -0.000007 0.000003 -9.103589 -0.043072 -1.865136 2.109760 -7.447236 26.810735 0.838430 -2.685753 34.794859 1.046184 -2.935703 38.879551 0.000001 -0.000004 0.000004 -8.076674 -0.486721 -3.806276 -9.866153 -18.402043 22.770587 0.870400 -2.777095 37.534290 0.682799 -2.588172 32.633018 0.000001 -0.000003 -0.000006 4.570446 11.014723 -2.160859 0.328630 15.352821 -7.607181 79.177561 -35.641443 21.138541 -0.000074 -53.079135 -0.000041 32.534530 -37.051515 59.704070 2.466140 -1.576221 2.681731 -3.137574 10.216208 28.402443 1.053692 1.020975 -0.417620 -13.225541 -13.117938 8.052396 0.000006 0.000007 0.000000 9.109303 -0.518045 2.259869 4.426539 2.516072 -14.434842 1.166949 3.515164 -36.700188 1.233523 3.590445 -37.848749 0.000004 -0.000005 -0.000002 9.533415 0.000017 0.000040 0.739923 5.098869 -25.713261 1.089490 3.407896 -35.496411 2.090628 4.487115 -49.946933 0.000004 0.000001 0.000003 9.104543 -0.043026 -1.865077 1.674620 6.856031 -27.714384 1.114013 3.437653 -35.888423 1.916896 4.333682 -47.692161 -0.000002 0.000002 -0.000002 8.077797 -0.486871 -3.806271 -12.427370 12.879888 -22.026131 1.982259 4.164286 -46.540793 1.950291 4.159597 -46.194967 0.000002 -0.000002 -0.000003 -8.207787 -6.751668 -1.599566 -62.775292 9.835109 -37.466999 80.156819 8.983516 3.076224 -29.427672 10.868349 21.202688 -0.806054 0.000008 -0.000004 0.000000 0.000000 -0.000000 8.207781 -6.751699 -1.599557 -64.360524 -1.265584 48.932879 66.871350 -8.999189 -4.623953 -18.966117 -12.395218 -26.899566 3.815117 0.000009 0.000011 -0.000000 0.000001 0.000000 
4.700744 69.602264 -6.444739 7.089302 -4.872044 4.674365 -0.000002 10.181596 0.131522 27.374667 -0.581850 13.064622 -2.927855 -1.365678 -7.552923 -3.302470 -2.243871 -7.547492 0.000001 16.740393 -2.049039 -13.589237 3.244096 7.114323 -0.000000 9.617876 1.685010 -16.465822 28.627719 -2.703025 0.000002 22.037369 7.501097 0.000002 0.000004 0.000000 -4.569969 11.014924 -2.160886 -2.596430 -5.284877 6.793579 53.190402 46.296764 4.468992 0.000070 80.508546 -0.000103 54.393765 16.591622 -7.899044 -2.464791 -1.573972 2.681847 -7.786907 -9.402031 -38.396861 0.522619 -0.447680 -0.001041 -0.822472 -14.837968 -19.571422 0.000004 -0.000003 0.000004 -9.108288 -0.517866 2.259831 10.056848 7.338097 23.116516 0.413794 -1.902139 24.439416 0.610665 -2.317959 29.648427 -0.000001 0.000004 0.000001 -9.532507 -0.000052 -0.000026 -1.260958 -1.065950 28.684165 0.736211 -2.457961 33.119785 1.386283 -3.356999 45.389192 0.000004 0.000003 0.000001 -9.103580 -0.043070 -1.865129 2.108305 -7.439281 26.849327 0.843805 -2.693415 34.909940 1.051508 -2.942245 38.983233 -0.000002 -0.000005 -0.000001 -8.076686 -0.486706 -3.806280 -9.861459 -18.382189 22.849165 0.878679 -2.788630 37.708703 0.689870 -2.599687 32.799166 0.000003 -0.000000 -0.000007 4.570450 11.014729 -2.160854 -0.100521 12.583420 -4.533341 69.931889 -34.130821 11.821750 -0.000106 -58.637905 -0.000056 33.881389 -35.370671 56.090217 2.466129 -1.576232 2.681733 -3.089705 10.288258 28.320561 1.070918 1.055212 -0.407889 -13.205324 -13.086434 8.071782 -0.000002 0.000002 0.000000 9.109304 -0.518047 2.259871 4.426512 2.515575 -14.434843 1.173861 3.524386 -36.813115 1.240637 3.599541 -37.961840 0.000000 -0.000003 -0.000002 9.533408 0.000020 0.000041 0.740076 5.099172 -25.713238 1.096220 3.417298 -35.609458 2.099502 4.494524 -50.060140 0.000002 -0.000001 0.000008 9.104525 -0.043052 -1.865073 1.679320 6.857779 -27.809969 1.120790 3.446990 -36.001166 1.925425 4.341405 -47.804917 -0.000002 0.000001 0.000001 8.077793 -0.486891 -3.806265 -12.418960 12.887204 -22.137563 1.993733 4.174373 -46.690483 1.961740 4.169807 -46.345176 0.000000 0.000004 0.000008 -8.207780 -6.751667 -1.599558 -58.044983 13.346226 -39.354669 84.113752 8.879797 1.522051 -30.543093 11.977536 22.083885 -0.809159 0.000003 0.000003 -0.000000 0.000001 -0.000000 8.207789 -6.751702 -1.599556 -58.481316 -0.667056 48.052034 70.553402 -9.014921 -4.196213 -20.035405 -12.565188 -27.270065 3.841638 0.000004 0.000006 0.000000 0.000000 -0.000000 
4.797600 68.281334 -6.322889 6.634068 -6.525682 6.379844 -0.000003 10.181606 0.131521 26.749918 -1.117529 10.629769 -3.241634 -0.873902 -7.688192 -3.524663 -1.702041 -7.755089 -0.000000 16.740410 -2.049037 -11.606803 3.885019 6.320728 0.000001 9.617913 1.685004 -16.724236 29.432129 -1.849946 0.000001 22.037369 7.501093 0.000003 -0.000001 0.000000 -4.569970 11.014918 -2.160883 -3.109651 -7.099512 6.629716 56.421522 48.827650 2.263845 0.000131 79.862028 -0.000131 54.512631 15.000854 -7.209460 -2.464801 -1.573984 2.681849 -7.809958 -9.376387 -38.447060 0.556595 -0.517614 -0.020622 -0.796647 -14.908199 -19.594710 0.000002 -0.000006 0.000002 -9.108294 -0.517861 2.259837 10.054273 7.343176 23.049098 0.417695 -1.910733 24.555433 0.615325 -2.326156 29.764445 -0.000001 -0.000001 0.000000 -9.532510 -0.000052 -0.000021 -1.261163 -1.065521 28.683543 0.741294 -2.465889 33.235711 1.392996 -3.363610 45.505097 -0.000001 0.000008 -0.000000 -9.103588 -0.043067 -1.865131 2.106801 -7.431365 26.887981 0.849173 -2.701086 35.025278 1.056879 -2.948792 39.087284 0.000001 -0.000004 -0.000010 -8.076694 -0.486712 -3.806280 -9.856873 -18.362284 22.927932 0.887011 -2.800134 37.883306 0.696990 -2.611217 32.965720 0.000003 -0.000001 0.000003 4.570448 11.014709 -2.160851 -0.249066 13.224346 -5.246657 68.567525 -31.277072 11.531661 -0.000108 -61.261558 -0.000063 32.407216 -35.027884 51.888076 2.466135 -1.576215 2.681739 -3.041707 10.359130 28.238020 1.088653 1.090605 -0.397897 -13.183790 -13.052983 8.092169 -0.000001 0.000006 -0.000001 9.109307 -0.518045 2.259874 4.426504 2.515126 -14.434855 1.180825 3.533653 -36.926564 1.247778 3.608643 -38.075112 0.000001 -0.000002 0.000006 9.533414 0.000008 0.000041 0.740221 5.099473 -25.713234 1.102983 3.426700 -35.722876 2.108381 4.501933 -50.173617 -0.000001 0.000001 -0.000003 9.104532 -0.043030 -1.865074 1.684048 6.859564 -27.905824 1.127600 3.456334 -36.114513 1.933984 4.349117 -47.917728 0.000000 0.000007 -0.000009 8.077792 -0.486876 -3.806266 -12.410570 12.894613 -22.249404 2.005305 4.184453 -46.840806 1.973233 4.179994 -46.495679 -0.000000 0.000003 0.000009 -8.207787 -6.751670 -1.599568 -58.889638 16.426526 -39.508690 86.096987 8.651610 0.820161 -31.219760 12.794957 23.222939 -0.814165 -0.000003 -0.000002 -0.000000 0.000000 0.000000 8.207785 -6.751691 -1.599556 -57.953540 0.375006 49.450204 72.571819 -9.001683 -5.300293 -21.046169 -13.242673 -27.303324 3.868157 -0.000008 -0.000001 0.000000 0.000001 0.000000 
5.108834 67.659119 -5.297019 12.055821 -7.797217 6.684358 -0.000004 10.181593 0.131517 18.191637 -0.912441 9.381958 -3.447567 -0.600525 -7.363955 -3.589880 -0.841105 -7.507865 0.000002 16.740368 -2.049032 -10.311697 4.420782 5.772891 0.000001 9.617900 1.685010 -14.401812 30.262618 -1.113700 0.000001 22.037354 7.501101 0.000002 0.000001 -0.000000 -4.569970 11.014897 -2.160879 -3.567789 -9.143995 6.303269 63.383739 50.850523 -2.381770 0.000012 77.670084 0.000015 53.990286 15.280185 -7.661632 -2.464787 -1.573976 2.681851 -7.833101 -9.350859 -38.497371 0.590554 -0.587613 -0.040180 -0.770765 -14.978473 -19.617867 0.000001 0.000006 0.000003 -9.108283 -0.517877 2.259834 10.051723 7.348268 22.981785 0.421607 -1.919341 24.671430 0.620060 -2.334346 29.880575 -0.000001 0.000002 -0.000000 -9.532510 -0.000050 -0.000026 -1.261339 -1.065130 28.682994 0.746418 -2.473823 33.351571 1.399749 -3.370208 45.621296 0.000002 -0.000008 0.000002 -9.103593 -0.043066 -1.865134 2.105318 -7.423419 26.926752 0.854593 -2.708745 35.140603 1.062259 -2.955334 39.191646 -0.000003 0.000008 -0.000009 -8.076689 -0.486704 -3.806284 -9.852346 -18.342311 23.006930 0.895403 -2.811636 38.058159 0.704133 -2.622770 33.132565 0.000001 0.000006 -0.000003 4.570448 11.014707 -2.160851 0.096076 16.492897 -9.638288 72.284937 -25.700607 16.370032 -0.000114 -63.921282 -0.000049 29.838218 -33.393157 48.697596 2.466136 -1.576201 2.681739 -2.993445 10.431505 28.155556 1.106159 1.125476 -0.388104 -13.163842 -13.022329 8.111154 -0.000003 0.000005 -0.000007 9.109315 -0.518044 2.259876 4.426482 2.514718 -14.434891 1.187830 3.542888 -37.040075 1.254956 3.617791 -38.188780 -0.000004 -0.000000 0.000000 9.533414 0.000022 0.000044 0.740333 5.099710 -25.713241 1.109773 3.436112 -35.836507 2.117347 4.509369 -50.287630 0.000001 0.000002 -0.000000 9.104540 -0.043033 -1.865070 1.688753 6.861342 -28.002085 1.134437 3.465669 -36.227665 1.942605 4.356879 -48.031352 -0.000001 0.000001 0.000002 8.077783 -0.486878 -3.806265 -12.402197 12.901987 -22.361327 2.016939 4.194534 -46.991510 1.984844 4.190199 -46.646941 -0.000001 0.000004 -0.000001 -8.207781 -6.751669 -1.599563 -64.236440 17.498748 -38.255603 85.923411 8.807319 1.200111 -31.229049 12.934103 23.978579 -0.821887 0.000003 -0.000005 -0.000000 0.000000 -0.000000 8.207790 -6.751698 -1.599563 -62.844366 0.504853 52.601076 73.653741 -8.940795 -6.891702 -21.978471 -14.613279 -27.010649 3.894683 -0.000004 0.000001 -0.000000 -0.000000 0.000000 
5.989966 67.232613 -4.557875 17.264109 -8.008006 5.611088 -0.000004 10.181588 0.131522 11.427172 -0.331747 10.546453 -4.405475 -0.602872 -7.309419 -4.490859 -0.325614 -7.435244 -0.000001 16.740381 -2.049038 -9.822517 4.696046 5.372330 0.000001 9.617902 1.685015 -12.244304 30.539374 -0.184998 0.000003 22.037338 7.501093 0.000002 0.000001 -0.000000 -4.569971 11.014915 -2.160883 -4.063234 -11.159566 6.122098 69.532166 50.507825 -6.011363 0.000043 77.886266 -0.000048 53.211740 15.918207 -7.036819 -2.464779 -1.573998 2.681849 -7.856368 -9.325140 -38.547679 0.624513 -0.657498 -0.059686 -0.744643 -15.049337 -19.641112 0.000001 -0.000002 -0.000002 -9.108286 -0.517875 2.259839 10.049210 7.353411 22.914267 0.425536 -1.927952 24.787778 0.624781 -2.342541 29.996873 -0.000000 0.000004 -0.000002 -9.532513 -0.000045 -0.000021 -1.261480 -1.064787 28.682529 0.751548 -2.481759 33.467951 1.406509 -3.376816 45.737573 -0.000000 -0.000012 0.000002 -9.103586 -0.043069 -1.865129 2.103798 -7.415444 26.965696 0.860010 -2.716414 35.256043 1.067680 -2.961894 39.296196 -0.000001 -0.000002 0.000001 -8.076672 -0.486707 -3.806276 -9.847871 -18.322392 23.086019 0.903812 -2.823119 38.233340 0.711341 -2.634267 33.299532 0.000002 -0.000006 -0.000000 4.570451 11.014731 -2.160856 0.582576 18.758445 -13.137882 75.220962 -20.042219 19.028567 -0.000129 -67.869090 -0.000105 29.376541 -30.959994 47.091217 2.466144 -1.576207 2.681733 -2.945114 10.503765 28.072716 1.123507 1.159963 -0.378328 -13.142620 -12.989757 8.131088 0.000005 0.000003 -0.000006 9.109301 -0.518040 2.259868 4.426482 2.514369 -14.434901 1.194868 3.552177 -37.154108 1.262178 3.626923 -38.302895 -0.000003 0.000008 0.000010 9.533406 0.000029 0.000040 0.740442 5.099943 -25.713258 1.116598 3.445524 -35.950246 2.126343 4.516795 -50.401940 0.000002 -0.000000 0.000002 9.104548 -0.043034 -1.865077 1.693507 6.863124 -28.098442 1.141338 3.475019 -36.341432 1.951238 4.364603 -48.145016 0.000001 0.000000 -0.000001 8.077793 -0.486867 -3.806273 -12.393807 12.909398 -22.473776 2.028598 4.204619 -47.142403 1.996506 4.200423 -46.798711 -0.000002 0.000004 0.000000 -8.207782 -6.751669 -1.599566 -68.708643 16.751502 -37.643222 84.685166 8.874683 2.078659 -30.717861 13.080101 24.735120 -0.829948 -0.000005 -0.000003 0.000000 0.000001 -0.000000 8.207796 -6.751699 -1.599555 -68.277740 -1.237155 54.185906 75.252094 -8.854995 -7.170357 -23.025191 -15.060934 -26.783023 3.921246 0.000002 0.000004 0.000000 0.000001 0.000000 
6.952745 67.249084 -4.530222 19.833450 -7.704831 4.399124 -0.000005 10.181589 0.131516 8.856362 -0.115590 11.423589 -5.331898 -0.850710 -7.229444 -5.390387 -0.360826 -7.351896 0.000000 16.740400 -2.049033 -10.104361 4.816705 5.178509 0.000001 9.617875 1.685011 -12.210629 30.507108 0.860036 -0.000000 22.037354 7.501096 -0.000001 -0.000001 0.000000 -4.569970 11.014903 -2.160885 -4.520230 -13.245056 5.790629 74.583104 51.101211 -10.301548 -0.000055 76.958760 0.000055 52.334678 17.378353 -7.162095 -2.464799 -1.573966 2.681844 -7.879689 -9.299472 -38.598092 0.658752 -0.728167 -0.079314 -0.718916 -15.119435 -19.664125 -0.000004 0.000009 0.000002 -9.108292 -0.517862 2.259831 10.046705 7.358531 22.846803 0.429494 -1.936536 24.903898 0.629525 -2.350759 30.113580 -0.000000 0.000001 -0.000001 -9.532516 -0.000041 -0.000026 -1.261595 -1.064516 28.682133 0.756714 -2.489684 33.584228 1.413289 -3.383410 45.853929 0.000002 -0.000004 0.000003 -9.103604 -0.043069 -1.865135 2.102274 -7.407454 27.004644 0.865471 -2.724087 35.371794 1.073093 -2.968429 39.400588 0.000002 0.000003 0.000003 -8.076680 -0.486716 -3.806281 -9.843489 -18.302474 23.165147 0.912290 -2.834618 38.408691 0.718565 -2.645757 33.466506 0.000001 -0.000005 -0.000011 4.570447 11.014721 -2.160855 0.519931 17.804995 -12.973993 74.858047 -19.016198 16.106906 -0.000165 -70.743268 -0.000096 31.417644 -29.018274 45.270487 2.466140 -1.576212 2.681738 -2.896667 10.576418 27.989697 1.141416 1.195485 -0.368240 -13.123514 -12.960129 8.149397 0.000001 0.000005 -0.000007 9.109308 -0.518043 2.259874 4.426469 2.514045 -14.434913 1.201943 3.561477 -37.268490 1.269415 3.636039 -38.416887 0.000003 0.000001 -0.000000 9.533420 0.000030 0.000046 0.740534 5.100123 -25.713255 1.123462 3.454976 -36.064611 2.135357 4.524208 -50.516366 -0.000001 0.000001 0.000009 9.104534 -0.043031 -1.865075 1.698229 6.864890 -28.195048 1.148256 3.484398 -36.455445 1.959900 4.372336 -48.258780 -0.000002 -0.000000 0.000000 8.077800 -0.486875 -3.806263 -12.385419 12.916759 -22.586368 2.040316 4.214701 -47.293852 2.008164 4.210572 -46.950068 -0.000002 0.000002 -0.000003 -8.207781 -6.751673 -1.599571 -70.416293 15.735458 -37.235073 83.116552 8.914083 2.375869 -29.897094 12.378398 25.361358 -0.837146 -0.000005 -0.000002 0.000000 0.000001 -0.000000 8.207784 -6.751706 -1.599561 -71.191205 -3.168098 53.120953 76.481371 -8.799908 -6.163631 -23.847884 -13.601325 -26.737501 3.947790 0.000002 0.000012 -0.000000 0.000001 -0.000000 
7.522013 67.786934 -5.092897 19.524977 -7.763732 4.129720 -0.000006 10.181595 0.131525 9.165587 -0.540170 8.986974 -4.768505 -1.268181 -5.939588 -4.806346 -0.914462 -6.101191 -0.000000 16.740379 -2.049039 -11.062920 5.098002 4.865617 0.000000 9.617862 1.685012 -14.800914 30.778601 1.574802 0.000003 22.037338 7.501096 0.000000 0.000002 -0.000000 -4.569969 11.014927 -2.160883 -4.914447 -15.421771 5.225770 78.694400 53.987413 -16.884767 0.000049 72.311103 -0.000077 52.226273 20.760380 -9.364294 -2.464796 -1.573990 2.681852 -7.903067 -9.273736 -38.648526 0.692899 -0.798673 -0.098870 -0.692837 -15.190339 -19.687330 0.000001 0.000006 0.000003 -9.108294 -0.517864 2.259834 10.044203 7.363681 22.779036 0.433483 -1.945147 25.020706 0.634296 -2.358948 30.230048 0.000001 -0.000003 0.000001 -9.532515 -0.000035 -0.000022 -1.261695 -1.064294 28.681802 0.761909 -2.497622 33.700857 1.420109 -3.389999 45.970499 0.000001 0.000008 0.000006 -9.103600 -0.043067 -1.865130 2.100733 -7.399529 27.043562 0.870963 -2.731743 35.487651 1.078528 -2.974963 39.505353 0.000001 0.000006 0.000006 -8.076690 -0.486712 -3.806279 -9.839159 -18.282653 23.244230 0.920811 -2.846067 38.584340 0.725854 -2.657263 33.633679 0.000001 0.000004 -0.000001 4.570446 11.014728 -2.160854 0.141739 13.581357 -9.943955 69.278438 -23.928070 6.737421 -0.000158 -70.480333 -0.000112 35.232336 -28.419326 42.232446 2.466142 -1.576206 2.681737 -2.848065 10.648828 27.906252 1.158949 1.230311 -0.358274 -13.102880 -12.927591 8.169102 -0.000001 0.000003 -0.000003 9.109310 -0.518030 2.259874 4.426464 2.513741 -14.434935 1.209046 3.570730 -37.382728 1.276681 3.645193 -38.531423 0.000001 0.000005 0.000011 9.533409 0.000027 0.000042 0.740616 5.100274 -25.713263 1.130365 3.464410 -36.179003 2.144405 4.531626 -50.631048 -0.000001 -0.000002 0.000007 9.104529 -0.043030 -1.865076 1.702962 6.866651 -28.291818 1.155191 3.493766 -36.569584 1.968643 4.380070 -48.372984 0.000001 0.000004 -0.000008 8.077791 -0.486871 -3.806263 -12.377059 12.924128 -22.699077 2.052082 4.224767 -47.445356 2.019933 4.220769 -47.102583 -0.000001 -0.000002 -0.000005 -8.207788 -6.751667 -1.599563 -69.634059 15.790769 -35.934861 81.869318 8.952932 1.553383 -29.096992 10.531026 25.508620 -0.841841 0.000009 -0.000004 0.000000 -0.000000 -0.000000 8.207775 -6.751703 -1.599556 -70.643014 -3.668955 50.818653 76.596917 -8.806542 -4.797886 -24.171193 -10.978035 -26.829661 3.974388 -0.000008 -0.000004 -0.000000 -0.000001 -0.000000 
7.939488 68.423454 -6.016605 15.868553 -8.241702 4.264001 -0.000007 10.181581 0.131516 12.698520 -1.333028 3.679696 -2.806618 -1.652335 -3.040280 -2.910929 -1.531701 -3.204617 0.000001 16.740387 -2.049038 -12.204891 5.544070 4.120183 -0.000001 9.617880 1.685013 -18.374969 31.151960 1.623248 0.000002 22.037354 7.501100 -0.000002 0.000001 0.000000 -4.569969 11.014918 -2.160884 -5.346666 -17.526858 4.899298 79.167186 56.601429 -22.248327 0.000035 66.850142 -0.000014 53.437624 25.459052 -12.248825 -2.464795 -1.573979 2.681852 -7.926527 -9.247875 -38.698902 0.727105 -0.869294 -0.118409 -0.667050 -15.260842 -19.710556 0.000003 0.000001 0.000002 -9.108276 -0.517865 2.259838 10.041723 7.368854 22.711330 0.437491 -1.953755 25.137268 0.639096 -2.367148 30.346886 -0.000000 0.000003 0.000007 -9.532526 -0.000047 -0.000023 -1.261773 -1.064098 28.681552 0.767106 -2.505551 33.817342 1.426933 -3.396582 46.087333 -0.000000 0.000006 -0.000006 -9.103597 -0.043067 -1.865129 2.099205 -7.391581 27.082446 0.876448 -2.739416 35.603754 1.083991 -2.981510 39.609978 -0.000001 0.000005 -0.000004 -8.076694 -0.486716 -3.806272 -9.834882 -18.262865 23.323301 0.929373 -2.857514 38.760101 0.733167 -2.668731 33.801015 -0.000005 -0.000004 -0.000003 4.570447 11.014719 -2.160855 0.102765 7.792107 -6.461776 57.353973 -30.278440 -7.864892 -0.000158 -67.782285 -0.000123 40.112639 -29.591935 39.062979 2.466129 -1.576209 2.681736 -2.799412 10.721558 27.822709 1.176698 1.265515 -0.348174 -13.082918 -12.896394 8.188340 0.000004 0.000004 -0.000001 9.109303 -0.518044 2.259868 4.426454 2.513531 -14.434929 1.216195 3.580013 -37.497465 1.284007 3.654344 -38.646047 0.000002 0.000003 0.000001 9.533392 0.000047 0.000043 0.740673 5.100447 -25.713267 1.137294 3.473821 -36.293484 2.153515 4.539053 -50.746137 -0.000003 -0.000000 0.000001 9.104527 -0.043023 -1.865072 1.707691 6.868445 -28.388739 1.162178 3.503121 -36.683870 1.977384 4.387818 -48.487540 0.000000 -0.000001 0.000003 8.077788 -0.486869 -3.806263 -12.368679 12.931526 -22.812072 2.063905 4.234797 -47.597280 2.031700 4.230934 -47.254947 -0.000004 0.000008 0.000001 -8.207787 -6.751670 -1.599566 -66.092892 16.421016 -34.674350 81.220156 8.893103 0.165875 -28.488345 8.975608 25.285022 -0.845240 -0.000007 -0.000010 -0.000000 0.000000 0.000000 8.207788 -6.751704 -1.599554 -66.615047 -3.248259 48.376447 76.449201 -8.848973 -3.407859 -24.253650 -8.340195 -26.984337 4.000948 0.000004 0.000009 0.000000 0.000000 -0.000000 
8.526932 69.395340 -7.099499 9.811894 -8.819115 3.660118 -0.000004 10.181582 0.131519 19.201899 -2.179144 -1.432856 -1.003780 -1.969012 0.160808 -1.204768 -1.859227 0.023908 0.000001 16.740416 -2.049037 -12.889666 5.881056 3.529127 0.000001 9.617883 1.685015 -21.106885 31.586476 1.212031 0.000002 22.037354 7.501094 -0.000002 -0.000000 0.000000 -4.569972 11.014939 -2.160890 -5.813624 -19.543507 4.808443 76.942272 58.684815 -25.276331 -0.000009 61.736816 -0.000015 54.807364 30.846391 -15.397367 -2.464789 -1.573982 2.681847 -7.949952 -9.222269 -38.749381 0.761379 -0.940041 -0.137979 -0.641195 -15.331485 -19.733600 0.000005 -0.000009 0.000002 -9.108285 -0.517880 2.259835 10.039319 7.374038 22.643540 0.441535 -1.962364 25.254158 0.643885 -2.375321 30.463371 -0.000003 -0.000000 0.000006 -9.532516 -0.000037 -0.000022 -1.261828 -1.063966 28.681399 0.772355 -2.513463 33.934176 1.433748 -3.403148 46.203959 0.000000 0.000006 0.000004 -9.103601 -0.043071 -1.865130 2.097681 -7.383640 27.121409 0.881954 -2.747065 35.719594 1.089479 -2.988046 39.715043 0.000002 0.000010 -0.000004 -8.076681 -0.486713 -3.806277 -9.830661 -18.243145 23.402475 0.937957 -2.868954 38.935862 0.740514 -2.680174 33.968030 0.000003 -0.000006 0.000001 4.570447 11.014721 -2.160855 0.419085 1.903745 -4.449838 43.383886 -31.253450 -23.256065 -0.000094 -65.557809 -0.000052 44.538096 -31.650202 36.889575 2.466131 -1.576201 2.681738 -2.750580 10.794313 27.738921 1.194338 1.300602 -0.338093 -13.062651 -12.864908 8.208040 0.000003 0.000010 -0.000005 9.109303 -0.518040 2.259872 4.426453 2.513273 -14.434942 1.223364 3.589307 -37.612284 1.291345 3.663473 -38.760757 0.000004 -0.000007 -0.000006 9.533413 0.000031 0.000046 0.740742 5.100512 -25.713285 1.144250 3.483287 -36.408375 2.162595 4.546432 -50.860932 0.000002 -0.000007 0.000000 9.104532 -0.043036 -1.865075 1.712438 6.870188 -28.485758 1.169175 3.512496 -36.798522 1.986150 4.395519 -48.601902 0.000003 -0.000005 -0.000001 8.077804 -0.486866 -3.806260 -12.360318 12.938889 -22.925192 2.075801 4.244823 -47.749501 2.043515 4.241053 -47.407322 0.000000 -0.000007 -0.000001 -8.207782 -6.751672 -1.599561 -60.178379 15.918034 -34.377063 79.893966 8.531822 -0.740573 -27.610574 9.233750 25.142666 -0.848444 -0.000000 -0.000002 0.000000 -0.000000 -0.000000 8.207791 -6.751702 -1.599554 -60.509705 -2.537419 46.458882 76.060256 -8.884871 -2.051604 -24.210046 -6.296982 -26.877655 4.027509 0.000009 0.000003 0.000000 -0.000000 0.000000 
9.191440 70.986679 -8.013913 3.765207 -9.614065 1.310285 -0.000005 10.181574 0.131519 25.488401 -2.668197 -4.137613 0.552503 -2.047812 2.602214 0.303703 -1.727699 2.494264 0.000003 16.740376 -2.049037 -13.229314 5.992811 3.302925 0.000001 9.617883 1.685012 -23.609193 31.903428 1.233745 0.000002 22.037384 7.501093 0.000000 0.000001 -0.000000 -4.569969 11.014911 -2.160882 -6.298870 -21.455887 4.852939 74.227559 61.407403 -27.064507 -0.000003 55.565720 -0.000001 56.415723 37.652975 -19.559869 -2.464793 -1.574000 2.681849 -7.973438 -9.196705 -38.799880 0.795293 -1.010245 -0.157335 -0.615076 -15.402669 -19.756852 -0.000001 -0.000001 0.000002 -9.108291 -0.517876 2.259835 10.036934 7.379228 22.575700 0.445566 -1.970959 25.370825 0.648740 -2.383555 30.580704 -0.000002 -0.000002 -0.000002 -9.532518 -0.000065 -0.000026 -1.261883 -1.063853 28.681327 0.777583 -2.521385 34.050887 1.440629 -3.409721 46.320813 0.000001 0.000003 -0.000004 -9.103594 -0.043076 -1.865131 2.096088 -7.375666 27.160548 0.887484 -2.754695 35.835523 1.094943 -2.994571 39.819730 -0.000003 -0.000001 -0.000008 -8.076685 -0.486727 -3.806280 -9.826559 -18.223467 23.481627 0.946611 -2.880363 39.111661 0.747868 -2.691583 34.135038 0.000001 0.000003 -0.000010 4.570450 11.014713 -2.160855 0.803105 -2.968624 -3.171341 32.522666 -28.228584 -35.331643 -0.000114 -64.063561 -0.000078 47.609769 -33.324640 36.568676 2.466142 -1.576197 2.681739 -2.701732 10.866607 27.654748 1.212102 1.335940 -0.327970 -13.041527 -12.831966 8.228126 -0.000000 0.000004 0.000002 9.109302 -0.518048 2.259871 4.426445 2.513089 -14.434956 1.230543 3.598562 -37.727048 1.298719 3.672634 -38.875900 0.000000 0.000001 0.000001 9.533414 0.000027 0.000043 0.740778 5.100622 -25.713275 1.151217 3.492727 -36.523228 2.171749 4.553831 -50.976191 0.000002 0.000001 0.000011 9.104546 -0.043034 -1.865072 1.717157 6.871988 -28.582993 1.176223 3.521855 -36.913091 1.994926 4.403228 -48.716485 0.000003 0.000004 0.000001 8.077797 -0.486876 -3.806263 -12.351945 12.946268 -23.038307 2.087702 4.254832 -47.901947 2.055351 4.251168 -47.559867 0.000001 -0.000006 -0.000003 -8.207791 -6.751678 -1.599568 -53.866109 13.405861 -33.624297 77.072148 8.347551 -0.572981 -26.103004 10.443425 24.389081 -0.847680 0.000003 0.000002 -0.000000 0.000000 -0.000000 8.207792 -6.751714 -1.599559 -54.781928 -1.764286 46.909855 74.908973 -8.824344 -0.920125 -24.019506 -5.755228 -26.457248 4.054090 -0.000002 0.000005 -0.000000 -0.000000 -0.000000 
9.860801 72.870834 -8.379999 0.519832 -10.467575 -2.769059 -0.000005 10.181597 0.131521 27.667662 -2.305121 -4.299678 2.490383 -1.883569 4.451936 2.247929 -1.309140 4.349414 0.000000 16.740385 -2.049038 -13.563018 6.124558 2.828451 0.000002 9.617894 1.685007 -26.189648 31.997281 1.905332 0.000002 22.037369 7.501086 -0.000002 -0.000001 0.000000 -4.569968 11.014912 -2.160890 -6.803088 -23.215516 4.995810 71.723728 64.151240 -28.215003 0.000016 48.894507 -0.000001 59.378748 45.033138 -24.777659 -2.464798 -1.573987 2.681849 -7.996937 -9.171181 -38.850440 0.829368 -1.080796 -0.176722 -0.589241 -15.473536 -19.780189 0.000002 -0.000003 0.000005 -9.108285 -0.517862 2.259834 10.034566 7.384426 22.507748 0.449628 -1.979572 25.487892 0.653583 -2.391701 30.697315 -0.000000 -0.000003 0.000001 -9.532508 -0.000045 -0.000026 -1.261918 -1.063806 28.681344 0.782859 -2.529275 34.167591 1.447499 -3.416271 46.437794 0.000004 -0.000001 0.000005 -9.103586 -0.043069 -1.865132 2.094530 -7.367758 27.199420 0.893040 -2.762327 35.951664 1.100417 -3.001065 39.924344 0.000000 -0.000005 -0.000008 -8.076680 -0.486701 -3.806280 -9.822494 -18.203791 23.560674 0.955264 -2.891703 39.287286 0.755291 -2.702987 34.302293 -0.000004 0.000006 0.000001 4.570446 11.014729 -2.160861 1.072482 -5.185486 -2.560902 24.888311 -26.568196 -43.160553 -0.000102 -61.485383 -0.000059 49.559918 -34.308522 37.992398 2.466142 -1.576209 2.681733 -2.652806 10.939422 27.570574 1.229575 1.370610 -0.317980 -13.020744 -12.799359 8.247844 0.000001 0.000009 -0.000001 9.109310 -0.518044 2.259869 4.426440 2.512941 -14.434951 1.237758 3.607820 -37.841850 1.306098 3.681771 -38.990948 -0.000002 -0.000004 -0.000000 9.533410 0.000025 0.000040 0.740803 5.100699 -25.713284 1.158240 3.502152 -36.638204 2.180868 4.561194 -51.091273 0.000001 -0.000001 -0.000003 9.104531 -0.043028 -1.865077 1.721899 6.873766 -28.680323 1.183269 3.531185 -37.027593 2.003744 4.410920 -48.831082 -0.000000 -0.000003 0.000002 8.077806 -0.486868 -3.806272 -12.343573 12.953621 -23.151456 2.099637 4.264812 -48.054445 2.067247 4.261262 -47.712423 -0.000001 0.000002 -0.000002 -8.207783 -6.751670 -1.599568 -49.899538 9.437368 -31.745282 73.361826 8.581227 1.272120 -24.013690 11.780159 21.317280 -0.832218 -0.000002 -0.000007 -0.000000 0.000000 -0.000001 8.207781 -6.751710 -1.599556 -52.113975 -1.682667 49.732612 73.331704 -8.630631 0.211488 -23.773624 -6.424374 -26.100366 4.080663 -0.000001 0.000000 -0.000000 0.000001 -0.000000 
10.713071 74.660820 -8.387514 1.104869 -10.752165 -7.143329 -0.000004 10.181577 0.131523 26.076124 -1.458847 -2.008103 3.458395 -1.687591 5.319125 3.252011 -1.111804 5.207544 0.000003 16.740391 -2.049039 -13.471192 6.222757 2.214383 0.000001 9.617888 1.685013 -27.546844 31.695728 2.636246 0.000000 22.037338 7.501098 0.000001 -0.000002 0.000000 -4.569967 11.014906 -2.160890 -7.262178 -24.994037 5.085075 72.054650 64.847899 -29.970621 -0.000012 44.846558 0.000007 61.597132 49.579565 -28.764037 -2.464769 -1.573971 2.681848 -8.020438 -9.145523 -38.900765 0.863233 -1.150911 -0.195994 -0.563427 -15.544565 -19.803536 0.000002 -0.000009 0.000001 -9.108275 -0.517877 2.259837 10.032178 7.389615 22.440153 0.453723 -1.988130 25.604368 0.658432 -2.399860 30.814026 0.000003 -0.000000 -0.000000 -9.532498 -0.000049 -0.000026 -1.261953 -1.063751 28.681467 0.788120 -2.537186 34.284295 1.454376 -3.422780 46.554361 0.000003 -0.000010 0.000006 -9.103601 -0.043067 -1.865128 2.092927 -7.359805 27.238509 0.898583 -2.769930 36.067473 1.105936 -3.007566 40.029153 -0.000001 -0.000009 -0.000004 -8.076670 -0.486708 -3.806284 -9.818551 -18.184139 23.639792 0.963963 -2.903033 39.462890 0.762718 -2.714338 34.469021 0.000001 0.000005 0.000000 4.570449 11.014685 -2.160858 1.131110 -6.009593 -2.885082 21.396083 -26.432156 -47.426894 -0.000117 -59.079231 -0.000084 51.707445 -34.541913 39.785415 2.466143 -1.576210 2.681738 -2.603867 11.012403 27.486404 1.247189 1.405693 -0.307908 -13.000715 -12.768123 8.266878 0.000001 0.000003 0.000002 9.109314 -0.518027 2.259871 4.426448 2.512814 -14.434971 1.244984 3.617065 -37.956703 1.313542 3.690886 -39.106111 -0.000001 -0.000002 -0.000001 9.533416 0.000028 0.000043 0.740828 5.100756 -25.713302 1.165263 3.511564 -36.753186 2.190063 4.568547 -51.206512 -0.000005 -0.000007 0.000007 9.104540 -0.043029 -1.865077 1.726623 6.875538 -28.777622 1.190330 3.540531 -37.142183 2.012592 4.418612 -48.945877 0.000001 -0.000001 0.000004 8.077812 -0.486865 -3.806271 -12.335184 12.960963 -23.264787 2.111623 4.274779 -48.206895 2.079153 4.271298 -47.864996 -0.000002 -0.000003 -0.000004 -8.207776 -6.751673 -1.599568 -49.062543 5.163505 -30.500561 68.571425 9.189056 4.667544 -18.810578 15.079466 19.894912 -2.317297 -0.000005 -0.000007 -0.000000 -0.000000 0.000000 8.207793 -6.751707 -1.599550 -53.077103 -3.124480 51.944514 71.855830 -8.546988 1.676846 -23.522577 -6.500093 -25.903556 4.107229 -0.000000 0.000008 -0.000000 -0.000000 -0.000000 
11.414506 76.011688 -8.421587 4.182299 -10.636835 -9.923092 -0.000009 10.181598 0.131523 23.586120 -0.808742 0.901906 2.799685 -1.519320 4.884389 2.609057 -1.129360 4.776432 0.000002 16.740370 -2.049043 -13.266422 6.142065 1.933891 0.000003 9.617899 1.685008 -28.332089 31.016900 3.515589 0.000002 22.037354 7.501093 -0.000000 0.000002 -0.000000 -4.569970 11.014893 -2.160883 -7.647076 -26.881321 5.095045 77.070823 63.870014 -33.645276 0.000013 43.253467 -0.000003 61.848770 50.844598 -31.098350 -2.464808 -1.573979 2.681848 -8.043881 -9.119698 -38.951090 0.897588 -1.222278 -0.215462 -0.537966 -15.614803 -19.826786 -0.000005 0.000001 -0.000002 -9.108293 -0.517862 2.259835 10.029781 7.394805 22.372447 0.457810 -1.996679 25.720889 0.663310 -2.408045 30.931044 0.000001 -0.000004 -0.000003 -9.532521 -0.000047 -0.000021 -1.261978 -1.063754 28.681706 0.793409 -2.545067 34.400955 1.461258 -3.429312 46.670894 0.000003 -0.000003 0.000007 -9.103600 -0.043066 -1.865132 2.091323 -7.351842 27.277590 0.904165 -2.777519 36.183200 1.111449 -3.014037 40.133638 -0.000004 -0.000001 0.000004 -8.076678 -0.486708 -3.806271 -9.814664 -18.164482 23.718821 0.972677 -2.914336 39.638323 0.770197 -2.725675 34.635824 -0.000000 -0.000000 0.000002 4.570446 11.014728 -2.160859 1.212509 -6.439343 -3.088999 22.043010 -26.917962 -48.344574 -0.000114 -58.574849 -0.000099 53.571902 -34.086926 40.590107 2.466140 -1.576194 2.681735 -2.554875 11.085021 27.401974 1.264977 1.441111 -0.297762 -12.980411 -12.736360 8.286152 0.000003 -0.000001 -0.000003 9.109313 -0.518047 2.259872 4.426436 2.512694 -14.434988 1.252236 3.626311 -38.071758 1.320969 3.700009 -39.221210 0.000001 -0.000002 -0.000003 9.533409 0.000014 0.000047 0.740842 5.100785 -25.713325 1.172333 3.520968 -36.868255 2.199236 4.575892 -51.321683 0.000003 0.000005 -0.000000 9.104539 -0.043031 -1.865072 1.731340 6.877269 -28.874976 1.197421 3.549844 -37.256776 2.021435 4.426285 -49.060689 0.000004 -0.000002 0.000009 8.077799 -0.486868 -3.806264 -12.326790 12.968265 -23.378155 2.123594 4.284697 -48.359317 2.091116 4.281338 -48.017900 0.000001 0.000002 -0.000003 -8.207789 -6.751668 -1.599567 -50.041494 2.216948 -30.335124 63.902219 9.631969 8.055010 -14.048609 18.999025 19.824074 -5.121623 -0.000007 -0.000007 -0.000000 -0.000001 -0.000000 8.207786 -6.751711 -1.599561 -55.904050 -5.114508 52.021801 70.514450 -8.533662 2.956483 -23.169316 -5.594334 -25.818959 4.133773 -0.000004 -0.000004 -0.000000 0.000000 0.000000 
11.239308 76.790070 -8.599680 7.804075 -10.812179 -9.766825 -0.000003 10.181592 0.131525 21.413160 -0.770295 0.883820 1.934039 -1.246594 4.034471 1.737451 -0.940892 3.917625 0.000002 16.740398 -2.049037 -14.071871 6.026637 1.849123 0.000001 9.617899 1.684995 -28.768518 30.109427 4.624447 0.000003 22.037384 7.501096 -0.000000 -0.000000 0.000001 -4.569970 11.014896 -2.160883 -7.982841 -28.777472 5.079669 84.358498 62.967999 -38.623617 0.000022 42.656942 -0.000025 62.263513 49.960648 -33.723345 -2.464792 -1.573972 2.681850 -8.067248 -9.094157 -39.001497 0.931395 -1.292480 -0.234628 -0.512220 -15.685661 -19.850055 -0.000002 0.000004 -0.000001 -9.108280 -0.517878 2.259842 10.027395 7.400011 22.304848 0.461896 -2.005230 25.837369 0.668220 -2.416162 31.047615 -0.000001 0.000006 0.000001 -9.532514 -0.000047 -0.000024 -1.262013 -1.063751 28.682037 0.798716 -2.552910 34.517430 1.468167 -3.435792 46.787759 0.000000 -0.000004 -0.000007 -9.103608 -0.043086 -1.865135 2.089702 -7.343930 27.316373 0.909744 -2.785098 36.299163 1.116956 -3.020507 40.238130 0.000004 0.000007 -0.000002 -8.076689 -0.486710 -3.806286 -9.810897 -18.144894 23.797801 0.981413 -2.925587 39.813466 0.777671 -2.736965 34.802276 0.000002 -0.000007 -0.000001 4.570448 11.014717 -2.160858 1.337632 -5.108016 -3.133476 25.105998 -28.092715 -45.504824 -0.000103 -60.654354 -0.000076 53.746827 -33.065362 39.460192 2.466134 -1.576208 2.681734 -2.505870 11.158041 27.317601 1.282632 1.476299 -0.287664 -12.960664 -12.705573 8.304969 -0.000000 0.000001 -0.000011 9.109307 -0.518041 2.259873 4.426441 2.512590 -14.434987 1.259514 3.635539 -38.186826 1.328413 3.709086 -39.336251 0.000003 -0.000003 -0.000005 9.533402 0.000026 0.000041 0.740850 5.100779 -25.713337 1.179371 3.530352 -36.983084 2.208449 4.583214 -51.437188 -0.000002 -0.000000 -0.000003 9.104536 -0.043055 -1.865074 1.736061 6.879008 -28.972146 1.204534 3.559173 -37.371623 2.030289 4.433932 -49.175354 0.000004 -0.000001 0.000001 8.077805 -0.486878 -3.806271 -12.318329 12.975495 -23.491466 2.135638 4.294567 -48.511716 2.103098 4.291335 -48.170899 0.000001 0.000000 -0.000000 -8.207780 -6.751658 -1.599564 -52.443395 2.190439 -30.477858 63.051054 9.644628 8.760804 -14.883592 19.853697 19.991749 -1.625245 0.000002 -0.000001 -0.000000 0.000001 -0.000000 8.207788 -6.751693 -1.599555 -58.610304 -5.509403 51.104756 68.811007 -8.667051 3.034453 -22.625910 -4.571657 -25.790267 4.160294 -0.000005 0.000004 -0.000000 -0.000001 -0.000000 
10.333520 77.115036 -8.834931 11.569406 -11.093264 -7.295945 -0.000007 10.181593 0.131524 19.199792 -1.176166 -2.149356 0.776800 -0.983792 3.495716 0.558727 -0.642279 3.369514 0.000002 16.740393 -2.049034 -14.671683 5.970712 1.661111 0.000004 9.617913 1.685014 -28.194394 29.111759 5.448446 0.000004 22.037338 7.501092 -0.000001 0.000000 0.000000 -4.569968 11.014910 -2.160873 -8.274392 -30.643343 5.044253 92.378718 61.521618 -43.724416 0.000002 42.553899 0.000012 62.626783 48.015923 -36.505643 -2.464788 -1.573963 2.681849 -8.090583 -9.068602 -39.051852 0.965366 -1.363060 -0.253834 -0.486433 -15.756444 -19.873033 0.000006 -0.000003 -0.000003 -9.108276 -0.517864 2.259833 10.025045 7.405242 22.237006 0.466036 -2.013802 25.954260 0.673076 -2.424245 31.163752 -0.000000 -0.000003 0.000004 -9.532514 -0.000049 -0.000023 -1.262035 -1.063751 28.682474 0.804037 -2.560758 34.634072 1.475069 -3.442253 46.903855 -0.000000 0.000007 0.000012 -9.103592 -0.043087 -1.865128 2.088052 -7.335966 27.355408 0.915323 -2.792656 36.414440 1.122476 -3.026947 40.342543 0.000005 0.000002 0.000006 -8.076687 -0.486710 -3.806279 -9.807195 -18.125311 23.876755 0.990173 -2.936808 39.988244 0.785176 -2.748198 34.968550 0.000000 -0.000002 0.000004 4.570448 11.014717 -2.160843 1.239485 -2.529921 -3.801859 31.617219 -29.260390 -38.779499 -0.000145 -64.833310 -0.000104 51.457153 -30.879449 37.256401 2.466139 -1.576215 2.681736 -2.456852 11.230604 27.233006 1.300292 1.511541 -0.277527 -12.940105 -12.673377 8.324436 0.000001 0.000002 -0.000006 9.109312 -0.518045 2.259868 4.426424 2.512512 -14.434990 1.266821 3.644726 -38.301843 1.335872 3.718165 -39.451299 0.000002 -0.000005 -0.000010 9.533422 0.000025 0.000042 0.740842 5.100773 -25.713352 1.186454 3.539728 -37.098131 2.217653 4.590524 -51.552407 -0.000001 0.000009 0.000001 9.104514 -0.043030 -1.865077 1.740750 6.880788 -29.069456 1.211694 3.568471 -37.486380 2.039164 4.441547 -49.290077 0.000002 0.000004 0.000003 8.077801 -0.486866 -3.806268 -12.309606 12.982590 -23.604934 2.147692 4.304431 -48.664049 2.115120 4.301314 -48.323930 -0.000003 0.000002 -0.000002 -8.207785 -6.751664 -1.599561 -55.824751 4.073746 -31.130028 65.231073 9.631596 7.719994 -16.235916 19.724519 19.130718 -1.100819 -0.000008 -0.000003 -0.000001 0.000001 -0.000000 8.207783 -6.751692 -1.599558 -61.188762 -4.268499 50.436576 66.824010 -8.839078 1.551398 -22.229097 -4.359083 -25.609832 4.186819 -0.000005 -0.000002 -0.000000 0.000001 -0.000000 
9.226547 76.715149 -8.805821 16.611466 -10.733010 -4.215391 -0.000005 10.181595 0.131525 15.018128 -1.538453 -5.169528 -1.062456 -0.906332 2.757050 -1.293790 -0.584774 2.641716 0.000001 16.740385 -2.049041 -13.919142 5.906068 1.449757 0.000001 9.617867 1.685021 -26.960794 28.181610 6.206965 0.000003 22.037369 7.501095 -0.000002 -0.000000 0.000001 -4.569971 11.014922 -2.160886 -8.531202 -32.448128 5.020856 101.276406 59.429093 -48.156826 0.000002 41.678921 0.000005 62.380254 46.791095 -39.054349 -2.464784 -1.573971 2.681850 -8.113804 -9.043298 -39.102116 0.999112 -1.433071 -0.272864 -0.460585 -15.827350 -19.895928 -0.000000 -0.000008 -0.000004 -9.108277 -0.517865 2.259838 10.022697 7.410427 22.169566 0.470169 -2.022295 26.070287 0.678019 -2.432363 31.280470 -0.000001 -0.000003 -0.000008 -9.532516 -0.000051 -0.000026 -1.262055 -1.063800 28.683062 0.809348 -2.568583 34.750274 1.481979 -3.448697 47.020252 0.000003 -0.000007 0.000002 -9.103609 -0.043068 -1.865130 2.086407 -7.328050 27.394309 0.920930 -2.800180 36.529771 1.128000 -3.033382 40.446946 0.000001 0.000001 0.000002 -8.076682 -0.486710 -3.806272 -9.803595 -18.105752 23.955536 0.998966 -2.947962 40.162769 0.792682 -2.759414 35.134537 -0.000000 -0.000006 0.000000 4.570447 11.014730 -2.160859 0.887319 0.746759 -4.718506 43.392342 -29.677531 -27.823353 -0.000201 -70.652317 -0.000150 46.958657 -26.278909 36.025283 2.466139 -1.576224 2.681738 -2.407771 11.303284 27.148380 1.318171 1.547250 -0.267280 -12.920522 -12.642812 8.343185 -0.000000 0.000012 -0.000007 9.109315 -0.518030 2.259870 4.426426 2.512452 -14.435019 1.274116 3.653962 -38.416962 1.343351 3.727186 -39.566012 0.000003 -0.000005 0.000002 9.533414 0.000029 0.000043 0.740839 5.100773 -25.713367 1.193561 3.549068 -37.213056 2.226916 4.597824 -51.667782 0.000003 0.000006 -0.000007 9.104536 -0.043029 -1.865077 1.745457 6.882516 -29.166660 1.218811 3.577753 -37.601083 2.048067 4.449164 -49.404684 0.000001 -0.000005 -0.000000 8.077795 -0.486869 -3.806264 -12.300822 12.989671 -23.718411 2.159739 4.314228 -48.816328 2.127139 4.311256 -48.476759 -0.000004 -0.000006 0.000002 -8.207782 -6.751669 -1.599562 -60.095809 5.622217 -32.103528 67.951237 9.641915 6.838071 -16.146454 18.865532 17.704004 -5.489301 0.000007 0.000004 -0.000000 0.000000 0.000000 8.207779 -6.751701 -1.599559 -65.569522 -3.127345 50.690293 65.614451 -8.816496 -1.159374 -22.546152 -5.651174 -25.261513 4.213324 0.000002 -0.000003 -0.000000 -0.000001 -0.000000 
8.068277 75.476837 -8.314917 22.468344 -9.385912 -1.418414 -0.000005 10.181588 0.131524 8.526765 -1.606948 -7.213642 -2.551737 -1.078934 1.720296 -2.759200 -0.770108 1.630662 -0.000002 16.740379 -2.049038 -12.909938 5.815644 1.173601 0.000003 9.617867 1.685015 -25.203748 27.241600 7.328399 0.000004 22.037369 7.501098 0.000005 0.000002 0.000001 -4.569972 11.014909 -2.160886 -8.776981 -34.120330 5.061118 109.907805 57.934190 -51.749683 0.000005 38.827856 0.000001 62.522151 47.457654 -42.582968 -2.464793 -1.573983 2.681848 -8.137026 -9.017706 -39.152171 1.033038 -1.503582 -0.292004 -0.435000 -15.897494 -19.918568 0.000005 -0.000007 -0.000001 -9.108279 -0.517871 2.259836 10.020388 7.415626 22.102185 0.474300 -2.030771 26.186322 0.682925 -2.440421 31.396542 0.000003 0.000002 -0.000002 -9.532500 -0.000043 -0.000028 -1.262095 -1.063812 28.683731 0.814658 -2.576381 34.866285 1.488889 -3.455137 47.136413 0.000000 -0.000004 -0.000005 -9.103597 -0.043085 -1.865133 2.084780 -7.320179 27.432975 0.926513 -2.807703 36.645068 1.133532 -3.039775 40.550908 -0.000003 -0.000002 -0.000001 -8.076673 -0.486715 -3.806284 -9.800081 -18.086223 24.034210 1.007734 -2.959060 40.337000 0.800225 -2.770580 35.299896 0.000004 -0.000005 -0.000007 4.570443 11.014733 -2.160853 0.547055 4.044026 -5.625875 56.441699 -27.628105 -15.278565 -0.000208 -76.992338 -0.000155 41.808411 -20.602067 36.144992 2.466136 -1.576205 2.681736 -2.358714 11.375824 27.063621 1.335777 1.582393 -0.257174 -12.900037 -12.610693 8.362744 0.000006 0.000008 0.000005 9.109307 -0.518045 2.259877 4.426395 2.512392 -14.435028 1.281464 3.663138 -38.532014 1.350819 3.736241 -39.681026 -0.000003 0.000006 0.000000 9.533403 0.000031 0.000047 0.740825 5.100726 -25.713398 1.200664 3.558408 -37.327902 2.236155 4.605107 -51.783134 -0.000001 0.000005 0.000001 9.104540 -0.043029 -1.865075 1.750127 6.884269 -29.263788 1.226015 3.587022 -37.715929 2.056962 4.456754 -49.519319 0.000001 0.000006 -0.000006 8.077799 -0.486868 -3.806260 -12.292072 12.996704 -23.831800 2.171813 4.324028 -48.968628 2.139215 4.321161 -48.629731 0.000000 0.000009 0.000002 -8.207787 -6.751660 -1.599562 -65.052047 5.683928 -33.177914 70.804207 9.475391 5.934584 -20.735083 13.091592 17.112023 -4.903932 -0.000044 0.063233 -0.000000 0.000000 -0.000000 8.207788 -6.751696 -1.599547 -71.288624 -2.662575 51.327697 65.309217 -8.777555 -4.109659 -22.721551 -7.769251 -25.034064 4.239790 0.000003 0.000003 0.000001 -0.000001 -0.000000 
7.068293 74.143318 -7.731743 26.725873 -7.708522 0.647944 -0.000004 10.181587 0.131517 3.277974 -1.547598 -8.635540 -3.655458 -1.509932 0.955526 -3.826506 -1.172029 0.864749 -0.000001 16.740387 -2.049039 -12.176527 5.828382 0.758302 0.000003 9.617905 1.685011 -23.526462 26.696431 7.965989 0.000002 22.037369 7.501094 -0.000002 -0.000000 0.000000 -4.569969 11.014900 -2.160885 -8.970329 -35.703543 5.024335 115.859420 56.255784 -54.211908 -0.000012 37.203316 -0.000011 61.966994 48.084812 -44.547990 -2.464800 -1.573984 2.681844 -8.160182 -8.992245 -39.202236 1.066847 -1.573830 -0.310990 -0.409338 -15.967954 -19.941202 0.000001 -0.000004 -0.000002 -9.108303 -0.517858 2.259832 10.018128 7.420802 22.034972 0.478445 -2.039231 26.302010 0.687845 -2.448485 31.512625 0.000002 -0.000012 0.000002 -9.532510 -0.000062 -0.000033 -1.262126 -1.063868 28.684541 0.820011 -2.584137 34.982132 1.495789 -3.461535 47.252382 0.000000 0.000001 0.000007 -9.103601 -0.043085 -1.865139 2.083137 -7.312303 27.471735 0.932116 -2.815175 36.759894 1.139039 -3.046171 40.654850 0.000002 0.000002 -0.000012 -8.076689 -0.486712 -3.806286 -9.796650 -18.066774 24.112673 1.016548 -2.970140 40.510719 0.807784 -2.781698 35.465262 0.000001 0.000001 0.000001 4.570446 11.014719 -2.160855 0.488891 5.000487 -6.122970 63.850453 -23.899645 -9.156114 -0.000275 -81.749475 -0.000250 38.857790 -16.872999 36.059950 2.466136 -1.576236 2.681732 -2.309655 11.448312 26.978865 1.353428 1.617619 -0.247092 -12.879787 -12.578924 8.382045 -0.000004 0.000001 -0.000011 9.109306 -0.518042 2.259871 4.426386 2.512344 -14.435036 1.288805 3.672297 -38.646942 1.358347 3.745240 -39.795841 -0.000003 -0.000005 0.000000 9.533412 0.000025 0.000045 0.740797 5.100679 -25.713410 1.207802 3.567719 -37.442728 2.245399 4.612335 -51.898393 0.000000 -0.000002 -0.000006 9.104527 -0.043051 -1.865073 1.754806 6.885979 -29.360955 1.233174 3.596273 -37.830434 2.065896 4.464335 -49.634138 0.000004 0.000001 0.000006 8.077789 -0.486870 -3.806263 -12.283353 13.003738 -23.945122 2.183945 4.333771 -49.120825 2.151316 4.331042 -48.782601 -0.000002 0.000003 -0.000003 -8.207776 -6.751677 -1.599568 -68.998940 5.505483 -34.775710 72.850477 9.250164 5.414364 -26.867229 7.758666 17.215490 -1.124856 0.000008 0.000009 0.000000 -0.000002 0.000000 8.207788 -6.751706 -1.599559 -75.417446 -2.405816 51.166426 65.075058 -8.782920 -5.867656 -21.684744 -9.200407 -25.069596 4.266237 -0.000012 0.000007 -0.000000 0.000001 -0.000000 
6.396039 72.964249 -7.750166 28.221635 -6.690723 1.838387 -0.000004 10.181596 0.131522 2.206417 -1.759733 -8.748602 -4.794169 -2.061671 0.342434 -4.946237 -1.745782 0.221345 0.000002 16.740412 -2.049040 -11.837561 6.054557 0.357203 0.000002 9.617865 1.685007 -23.578156 27.020998 7.621053 0.000001 22.037354 7.501100 -0.000002 -0.000002 0.000002 -4.569968 11.014934 -2.160889 -9.069973 -37.232362 4.770613 118.632968 53.502661 -56.534668 -0.000007 40.708921 -0.000021 59.489882 46.013666 -41.596788 -2.464795 -1.573988 2.681844 -8.183232 -8.967103 -39.252144 1.100328 -1.643502 -0.329805 -0.383805 -16.038239 -19.963844 0.000005 -0.000006 -0.000005 -9.108287 -0.517863 2.259832 10.015886 7.426008 21.967722 0.482625 -2.047684 26.417874 0.692765 -2.456493 31.628229 -0.000000 -0.000001 -0.000011 -9.532504 -0.000049 -0.000030 -1.262195 -1.064008 28.686398 0.825344 -2.591881 35.097719 1.502731 -3.467909 47.368222 0.000001 0.000004 0.000007 -9.103585 -0.043078 -1.865133 2.081489 -7.304513 27.510351 0.937713 -2.822623 36.874504 1.144570 -3.052523 40.758389 0.000000 -0.000005 0.000008 -8.076687 -0.486715 -3.806290 -9.793332 -18.047397 24.190978 1.025363 -2.981118 40.683947 0.815343 -2.792752 35.630006 -0.000001 0.000007 0.000001 4.570444 11.014741 -2.160862 0.488893 5.012926 -6.568520 66.470779 -20.710484 -8.427204 -0.000732 -84.814038 -0.000803 38.938796 -15.012713 35.521772 2.466132 -1.576207 2.681733 -2.260595 11.520524 26.893993 1.371160 1.652967 -0.236977 -12.859347 -12.546842 8.401379 0.000003 0.000008 -0.000010 9.109304 -0.518045 2.259864 4.426361 2.512308 -14.435038 1.296149 3.681440 -38.761788 1.365867 3.754238 -39.910633 -0.000005 -0.000001 -0.000001 9.533409 0.000031 0.000037 0.740780 5.100623 -25.713424 1.214942 3.576987 -37.557448 2.254668 4.619568 -52.013506 -0.000001 0.000001 -0.000002 9.104546 -0.043036 -1.865077 1.759471 6.887728 -29.457998 1.240376 3.605480 -37.945010 2.074816 4.471877 -49.748690 -0.000002 0.000001 0.000008 8.077790 -0.486869 -3.806267 -12.274623 13.010756 -24.058377 2.196067 4.343480 -49.273039 2.163426 4.340881 -48.935375 -0.000002 -0.000002 -0.000005 -8.207789 -6.751660 -1.599571 -71.124638 6.902795 -35.884059 74.827741 9.113740 5.016895 -28.221860 7.199893 19.348644 -0.879736 0.000002 -0.000000 0.000000 -0.000002 -0.000000 8.207783 -6.751695 -1.599551 -77.122917 -2.608267 50.338119 65.464727 -8.801877 -5.916419 -20.525804 -9.425343 -25.517435 4.292677 -0.000005 0.000002 -0.000000 0.000001 0.000000 
5.771208 71.386642 -8.277757 27.057636 -6.837861 2.636001 -0.000005 10.181587 0.131517 3.895531 -1.831653 -7.954216 -4.392681 -1.977563 -0.190216 -4.563919 -1.638553 -0.312290 0.000002 16.740389 -2.049031 -12.567399 6.259737 0.080992 0.000003 9.617880 1.685015 -25.348220 27.422033 6.925967 0.000004 22.037354 7.501097 -0.000003 -0.000001 0.000001 -4.569971 11.014895 -2.160885 -9.162811 -38.562650 4.564196 118.756554 52.478908 -58.948330 0.000017 45.214435 -0.000029 58.297714 42.617874 -38.191078 -2.464789 -1.573981 2.681849 -8.206364 -8.941520 -39.301755 1.134120 -1.713855 -0.348696 -0.358458 -16.107937 -19.986163 -0.000000 -0.000009 0.000001 -9.108286 -0.517857 2.259832 10.013691 7.431149 21.900769 0.486779 -2.056085 26.533106 0.697723 -2.464475 31.743700 0.000001 -0.000008 0.000004 -9.532508 -0.000050 -0.000024 -1.262278 -1.064199 28.688833 0.830677 -2.599586 35.213074 1.509623 -3.474251 47.483397 0.000003 0.000003 -0.000006 -9.103594 -0.043072 -1.865132 2.079830 -7.296721 27.548796 0.943309 -2.830053 36.988971 1.150087 -3.058846 40.861736 0.000004 -0.000001 -0.000002 -8.076689 -0.486712 -3.806282 -9.790106 -18.028050 24.269071 1.034178 -2.992065 40.856785 0.822906 -2.803753 35.794143 0.000001 -0.000003 -0.000002 4.570445 11.014690 -2.160849 0.488770 4.235773 -6.983730 64.337486 -19.065180 -9.587155 -0.000868 -86.113994 -0.000837 40.484543 -14.542002 34.487801 2.466149 -1.576220 2.681735 -2.211528 11.593012 26.809158 1.388729 1.688090 -0.226906 -12.839320 -12.515358 8.420413 0.000003 0.000001 -0.000005 9.109314 -0.518047 2.259870 4.426328 2.512275 -14.435048 1.303530 3.690566 -38.876586 1.373415 3.763195 -40.025373 0.000000 -0.000007 0.000005 9.533421 0.000034 0.000040 0.740733 5.100549 -25.713453 1.222107 3.586304 -37.672141 2.263945 4.626752 -52.128537 0.000000 0.000001 -0.000011 9.104548 -0.043030 -1.865074 1.764131 6.889430 -29.555014 1.247589 3.614700 -38.059460 2.083761 4.479406 -49.863198 0.000003 -0.000001 -0.000005 8.077800 -0.486879 -3.806265 -12.265954 13.017745 -24.171662 2.208187 4.353131 -49.424932 2.175543 4.350664 -49.087914 0.000002 0.000011 -0.000002 -8.207783 -6.751673 -1.599559 -71.565377 9.242307 -35.382839 78.330310 9.056931 3.981992 -29.853814 6.848010 20.215775 -0.886326 -0.000009 -0.000002 0.000000 0.000000 0.000000 8.207780 -6.751698 -1.599555 -76.536798 -3.453836 50.042361 67.353219 -8.797380 -5.019579 -20.641580 -8.882453 -26.712735 4.319087 0.000006 0.000009 0.000000 -0.000001 0.000000 
5.045700 69.987717 -8.805834 23.072569 -8.161577 3.337058 -0.000006 10.181588 0.131521 7.340730 -1.570603 -7.013161 -2.429250 -1.050587 -0.677721 -2.644394 -0.679257 -0.782565 -0.000002 16.740398 -2.049040 -13.599115 6.408527 -0.103638 -0.000002 9.617889 1.685009 -26.334802 27.600241 6.294049 0.000002 22.037338 7.501097 -0.000005 -0.000002 0.000000 -4.569970 11.014906 -2.160884 -9.268722 -39.668564 4.472022 117.722627 53.127161 -61.533243 -0.000019 47.988861 0.000028 57.113919 39.022554 -35.882693 -2.464791 -1.573991 2.681847 -8.229330 -8.916634 -39.351438 1.167233 -1.782772 -0.367277 -0.332989 -16.178229 -20.008720 0.000002 -0.000002 0.000000 -9.108294 -0.517857 2.259839 10.011560 7.436332 21.833921 0.490951 -2.064460 26.648039 0.702664 -2.472452 31.858970 -0.000001 0.000007 0.000003 -9.532523 -0.000060 -0.000021 -1.262389 -1.064361 28.691432 0.836026 -2.607268 35.328119 1.516493 -3.480544 47.598390 -0.000000 -0.000001 -0.000001 -9.103598 -0.043089 -1.865130 2.078145 -7.288900 27.587279 0.948902 -2.837429 37.102773 1.155627 -3.065152 40.964766 0.000003 0.000001 -0.000007 -8.076680 -0.486709 -3.806276 -9.786981 -18.008743 24.346851 1.043023 -3.002929 41.029066 0.830474 -2.814708 35.957913 -0.000001 0.000004 0.000003 4.570446 11.014722 -2.160854 0.469380 2.896775 -7.323766 58.497626 -19.573966 -10.385393 -0.000613 -84.462966 -0.000607 40.854828 -16.638271 32.695573 2.466134 -1.576209 2.681743 -2.162476 11.665249 26.724264 1.406222 1.723050 -0.216896 -12.818907 -12.483303 8.439915 0.000006 0.000012 0.000004 9.109303 -0.518043 2.259877 4.426290 2.512253 -14.435065 1.310889 3.699639 -38.991142 1.380955 3.772149 -40.139867 -0.000003 -0.000001 0.000002 9.533428 0.000023 0.000049 0.740702 5.100472 -25.713477 1.229257 3.595557 -37.786703 2.273198 4.633919 -52.243291 -0.000003 -0.000001 -0.000000 9.104528 -0.043028 -1.865068 1.768755 6.891129 -29.651921 1.254800 3.623879 -38.173750 2.092686 4.486903 -49.977566 -0.000000 0.000005 -0.000008 8.077804 -0.486862 -3.806265 -12.257339 13.024703 -24.284722 2.220365 4.362750 -49.576809 2.187660 4.360410 -49.240343 -0.000001 -0.000000 0.000002 -8.207784 -6.751675 -1.599565 -69.661195 11.484279 -34.572618 81.826220 8.988458 3.117900 -31.187597 7.046323 20.915957 -0.893701 0.000009 -0.000001 0.000000 -0.000001 -0.000000 8.207780 -6.751703 -1.599549 -72.614111 -3.797026 50.432512 69.269811 -8.781263 -3.814949 -21.096737 -7.797445 -28.293577 4.345402 -0.000003 0.000001 -0.000000 -0.000000 0.000000 
4.375267 69.423279 -9.587334 16.169032 -10.056541 3.520040 -0.000005 10.181585 0.131517 14.703995 -1.791577 -5.232710 -1.216453 0.215275 -1.420275 -1.439656 0.378382 -1.608294 0.000001 16.740406 -2.049041 -13.869620 6.636176 -0.346752 0.000003 9.617891 1.685012 -26.275062 28.160614 5.321116 -0.000000 22.037354 7.501097 0.000000 -0.000000 0.000001 -4.569969 11.014928 -2.160884 -9.355238 -40.601885 4.403091 116.359895 54.434398 -63.623110 0.000013 49.941954 -0.000027 55.757508 36.404980 -33.919385 -2.464783 -1.573983 2.681846 -8.252309 -8.891789 -39.400981 1.200485 -1.851998 -0.385854 -0.307698 -16.248057 -20.031169 -0.000003 0.000003 0.000004 -9.108294 -0.517892 2.259836 10.009483 7.441482 21.767295 0.495126 -2.072816 26.762778 0.707582 -2.480349 31.973441 -0.000002 0.000002 -0.000001 -9.532515 -0.000061 -0.000025 -1.262397 -1.064767 28.694154 0.841354 -2.614914 35.442603 1.523412 -3.486830 47.713137 -0.000001 0.000001 0.000005 -9.103592 -0.043094 -1.865135 2.076439 -7.281101 27.625651 0.954510 -2.844756 37.216266 1.161112 -3.071412 41.067373 0.000002 0.000008 -0.000007 -8.076686 -0.486708 -3.806278 -9.783978 -17.989446 24.424545 1.051837 -3.013743 41.200504 0.838059 -2.825589 36.120953 0.000001 0.000001 0.000008 4.570448 11.014718 -2.160857 0.460333 1.393177 -7.524321 51.876127 -21.110539 -11.530884 -0.000293 -80.150959 -0.000280 40.148159 -21.494296 31.492004 2.466140 -1.576197 2.681736 -2.113539 11.735973 26.639181 1.423936 1.758485 -0.206787 -12.796958 -12.448738 8.460698 0.000009 0.000011 -0.000001 9.109314 -0.518044 2.259872 4.426316 2.512481 -14.435075 1.318256 3.708674 -39.105241 1.388493 3.781073 -40.254253 -0.000003 0.000006 0.000000 9.533416 0.000031 0.000042 0.740662 5.100400 -25.713492 1.236432 3.604754 -37.900945 2.282448 4.641052 -52.357734 -0.000005 0.000005 -0.000007 9.104530 -0.043015 -1.865072 1.773380 6.892834 -29.748578 1.262010 3.633013 -38.287606 2.101639 4.494383 -50.091631 -0.000000 0.000007 -0.000004 8.077802 -0.486874 -3.806267 -12.248676 13.031594 -24.397405 2.232484 4.372308 -49.728224 2.199780 4.370094 -49.392113 -0.000004 -0.000003 -0.000007 -8.207780 -6.751669 -1.599564 -65.004734 12.855239 -33.730022 84.411275 8.971027 2.126664 -31.918430 7.683329 20.449759 -0.896909 -0.000005 -0.000002 0.000000 -0.000001 -0.000000 8.207788 -6.751698 -1.599556 -65.422291 -2.976648 50.573767 69.898879 -8.820829 -2.178989 -20.595612 -6.454001 -29.652115 4.371715 -0.000014 0.000006 0.000000 -0.000001 -0.000000 
4.033382 69.441910 -10.545010 7.799054 -11.819349 2.648440 -0.000005 10.181591 0.131524 24.604305 -2.349880 -1.564777 -0.796995 1.069295 -2.834025 -0.930205 0.707503 -3.222148 0.000002 16.740393 -2.049035 -13.880626 6.886828 -0.462108 0.000001 9.617899 1.685013 -27.029775 29.309069 4.424377 0.000003 22.037369 7.501092 -0.000001 -0.000003 -0.000000 -4.569969 11.014905 -2.160874 -9.422954 -41.353780 4.354791 116.354485 57.097629 -66.773186 -0.000010 50.916444 0.000019 54.586121 35.733217 -31.040256 -2.464793 -1.573980 2.681846 -8.275230 -8.866815 -39.450189 1.233787 -1.921364 -0.404416 -0.282853 -16.317016 -20.053546 -0.000001 -0.000000 0.000000 -9.108292 -0.517862 2.259834 10.007482 7.446597 21.700898 0.499326 -2.081114 26.877221 0.712499 -2.488212 32.087447 0.000003 0.000008 0.000001 -9.532514 -0.000054 -0.000025 -1.262087 -1.065793 28.697296 0.846686 -2.622531 35.556974 1.530289 -3.493069 47.827409 0.000002 -0.000001 0.000002 -9.103592 -0.043074 -1.865130 2.074741 -7.273367 27.663718 0.960095 -2.852063 37.329514 1.166621 -3.077652 41.169689 -0.000003 0.000001 -0.000002 -8.076679 -0.486707 -3.806281 -9.781092 -17.970182 24.501893 1.060667 -3.024478 41.371419 0.845635 -2.836416 36.283382 0.000001 -0.000005 -0.000010 4.570448 11.014722 -2.160846 0.466125 0.033083 -7.609559 44.839389 -21.771788 -13.993233 -0.000173 -75.026493 -0.000183 39.611600 -27.936042 30.856780 2.466145 -1.576203 2.681733 -2.064710 11.807062 26.554549 1.441576 1.793694 -0.196719 -12.776160 -12.416057 8.480334 0.000001 0.000001 0.000004 9.109317 -0.518043 2.259870 4.426427 2.513091 -14.435053 1.325627 3.717675 -39.219015 1.396019 3.789919 -40.368064 0.000001 -0.000005 0.000002 9.533414 0.000023 0.000042 0.740623 5.100304 -25.713504 1.243578 3.613912 -38.014828 2.291688 4.648136 -52.471863 -0.000000 0.000001 -0.000000 9.104543 -0.043034 -1.865080 1.777964 6.894517 -29.844792 1.269219 3.642094 -38.401260 2.110537 4.501782 -50.205152 0.000001 0.000002 0.000003 8.077806 -0.486873 -3.806272 -12.240008 13.038405 -24.509705 2.244631 4.381815 -49.879041 2.211881 4.379706 -49.543546 0.000002 0.000012 -0.000000 -8.207786 -6.751681 -1.599562 -58.257019 13.458843 -33.096395 85.726838 8.810825 1.529488 -32.153611 8.523928 19.753368 -0.897360 -0.000006 0.000001 -0.000000 0.000001 -0.000000 8.207791 -6.751705 -1.599556 -56.532605 -1.752911 50.305610 69.026711 -8.963097 0.001880 -18.503894 -5.354715 -29.888064 4.395138 -0.000000 0.000010 0.000000 -0.000000 -0.000000 
3.867063 69.600845 -11.081351 1.310710 -13.175564 1.657010 -0.000006 10.181581 0.131520 31.256581 -2.535186 2.671991 0.218144 1.303022 -4.783929 0.184685 0.324203 -5.246305 0.000002 16.740396 -2.049036 -13.843614 6.995344 -0.228478 0.000001 9.617866 1.685008 -28.691323 30.624000 4.229336 0.000004 22.037338 7.501097 0.000002 -0.000000 -0.000000 -4.569969 11.014931 -2.160884 -9.490487 -41.887737 4.370180 118.940327 60.685288 -71.695130 -0.000000 50.278529 0.000005 53.835684 36.334373 -28.455331 -2.464797 -1.573998 2.681851 -8.298121 -8.841965 -39.499185 1.266707 -1.989942 -0.422762 -0.257812 -16.386466 -20.076071 0.000001 -0.000005 0.000007 -9.108285 -0.517863 2.259837 10.005551 7.451716 21.634889 0.503496 -2.089352 26.990696 0.717447 -2.496092 32.201719 -0.000002 -0.000003 -0.000000 -9.532516 -0.000046 -0.000021 -1.261690 -1.067030 28.700875 0.852009 -2.630097 35.670731 1.537158 -3.499274 47.941279 0.000002 -0.000007 0.000006 -9.103595 -0.043074 -1.865131 2.073045 -7.265619 27.701893 0.965675 -2.859346 37.442059 1.172118 -3.083861 41.271708 0.000004 -0.000011 -0.000010 -8.076685 -0.486709 -3.806280 -9.778336 -17.950958 24.578887 1.069492 -3.035173 41.541736 0.853214 -2.847162 36.445196 0.000000 -0.000001 0.000001 4.570446 11.014720 -2.160856 0.479178 -0.933410 -7.599648 37.925629 -21.851068 -16.289721 -0.000168 -69.827046 -0.000130 38.811423 -34.619732 29.610612 2.466135 -1.576198 2.681732 -2.016043 11.878776 26.470145 1.458913 1.828287 -0.186843 -12.756279 -12.384949 8.499160 -0.000003 0.000004 -0.000008 9.109311 -0.518042 2.259874 4.426555 2.513784 -14.435072 1.332966 3.726638 -39.332583 1.403546 3.798746 -40.481589 0.000001 0.000004 0.000004 9.533402 0.000034 0.000045 0.740578 5.100221 -25.713529 1.250757 3.623023 -38.128421 2.300910 4.655182 -52.585637 -0.000001 0.000007 -0.000004 9.104528 -0.043035 -1.865073 1.782535 6.896172 -29.940824 1.276419 3.651172 -38.514542 2.119455 4.509161 -50.318495 -0.000000 0.000020 -0.000001 8.077805 -0.486873 -3.806271 -12.231367 13.045153 -24.621652 2.256749 4.391269 -50.029763 2.223985 4.389270 -49.694404 -0.000001 0.000000 0.000000 -8.207780 -6.751670 -1.599569 -52.695449 13.638509 -32.912093 86.176586 8.384891 1.260022 -32.259748 9.764968 19.588781 -0.898429 -0.000001 -0.000003 0.000000 -0.000001 -0.000000 8.207787 -6.751703 -1.599556 -49.174644 -0.665583 49.587033 68.183470 -9.093345 2.031826 -17.236361 -3.981624 -29.851174 3.984769 -0.000007 0.000001 0.000000 -0.000000 0.000000 
3.505098 70.130936 -11.022380 -1.221531 -14.579747 1.788996 -0.000005 10.181606 0.131522 32.040315 -2.466779 5.624725 1.960612 1.371774 -6.851756 1.978275 -0.007626 -7.234748 0.000000 16.740377 -2.049034 -13.580632 6.804357 0.266027 0.000002 9.617886 1.685010 -29.424137 31.040683 4.397083 0.000002 22.037354 7.501094 0.000000 -0.000001 0.000000 -4.569970 11.014885 -2.160886 -9.554311 -42.207048 4.440236 123.112575 63.364601 -76.562807 0.000005 48.619817 -0.000012 53.157853 36.236688 -27.689488 -2.464790 -1.573987 2.681844 -8.320949 -8.817178 -39.548049 1.299833 -2.058961 -0.441151 -0.233087 -16.455148 -20.098183 0.000006 -0.000003 0.000002 -9.108301 -0.517863 2.259832 10.003630 7.456822 21.568949 0.507657 -2.097591 27.104043 0.722398 -2.503878 32.315319 0.000002 0.000003 0.000001 -9.532512 -0.000043 -0.000025 -1.261227 -1.068419 28.704556 0.857329 -2.637620 35.784109 1.543989 -3.505438 48.054684 -0.000000 0.000002 0.000011 -9.103594 -0.043066 -1.865133 2.071345 -7.257962 27.739702 0.971223 -2.866558 37.554320 1.177599 -3.090032 41.373188 -0.000001 -0.000005 0.000007 -8.076682 -0.486707 -3.806282 -9.775711 -17.931752 24.655487 1.078293 -3.045765 41.711149 0.860815 -2.857855 36.606440 -0.000000 0.000000 0.000002 4.570446 11.014696 -2.160859 0.489379 -1.301514 -7.525529 32.793770 -23.134030 -16.782019 -0.000117 -63.741286 -0.000082 37.159559 -40.948507 27.894815 2.466131 -1.576208 2.681738 -1.967491 11.950528 26.386033 1.476303 1.862907 -0.177024 -12.737250 -12.354999 8.517358 0.000007 0.000001 -0.000005 9.109306 -0.518047 2.259873 4.426694 2.514544 -14.435062 1.340328 3.735562 -39.445838 1.411076 3.807528 -40.595024 -0.000001 0.000003 0.000002 9.533413 0.000024 0.000048 0.740516 5.100115 -25.713541 1.257912 3.632122 -38.241621 2.310127 4.662171 -52.699069 0.000002 0.000001 -0.000003 9.104530 -0.043029 -1.865074 1.787079 6.897827 -30.036720 1.283646 3.660156 -38.627469 2.128309 4.516481 -50.431337 -0.000004 0.000003 0.000000 8.077800 -0.486867 -3.806268 -12.222807 13.051850 -24.733536 2.268867 4.400647 -50.179638 2.236035 4.398747 -49.844866 0.000000 -0.000000 0.000003 -8.207783 -6.751654 -1.599569 -50.489288 13.795683 -33.519652 85.689101 8.159451 1.682262 -32.020402 11.765294 19.492655 -0.903969 -0.000010 0.000001 0.000000 0.000002 -0.000000 8.207779 -6.751685 -1.599560 -44.867407 1.047669 48.828800 66.615566 -9.190846 2.978011 -16.573804 -2.492062 -29.818970 2.176374 0.000005 -0.000005 0.000000 0.000001 -0.000000 
2.792050 71.215195 -10.663300 -0.230623 -16.162478 3.167605 -0.000006 10.181591 0.131517 29.274467 -2.321637 6.848690 2.993249 1.596912 -8.393678 3.041422 0.171388 -8.707932 0.000002 16.740383 -2.049030 -13.268972 5.925960 0.733541 0.000001 9.617882 1.685012 -27.401020 28.032826 4.089507 0.000002 22.037338 7.501095 0.000002 -0.000002 -0.000000 -4.569971 11.014915 -2.160879 -9.592027 -42.350007 4.514220 126.333829 64.087638 -78.646801 0.000011 47.185409 0.000006 52.582560 35.506697 -28.442866 -2.464787 -1.573970 2.681844 -8.343682 -8.792561 -39.596604 1.332572 -2.127245 -0.459318 -0.208353 -16.523756 -20.120257 0.000002 -0.000009 0.000001 -9.108290 -0.517862 2.259830 10.001715 7.461855 21.503488 0.511845 -2.105761 27.216904 0.727282 -2.511617 32.427826 -0.000004 -0.000001 0.000006 -9.532504 -0.000038 -0.000029 -1.260703 -1.069999 28.708634 0.862653 -2.645097 35.897043 1.550816 -3.511554 48.167379 -0.000002 -0.000003 0.000006 -9.103596 -0.043068 -1.865137 2.069629 -7.250341 27.777433 0.976800 -2.873746 37.666113 1.183058 -3.096144 41.473933 0.000000 -0.000005 -0.000001 -8.076682 -0.486713 -3.806284 -9.773188 -17.912648 24.731581 1.087101 -3.056289 41.880022 0.868365 -2.868465 36.766539 -0.000000 -0.000003 -0.000000 4.570448 11.014737 -2.160849 0.516707 -1.282430 -7.403359 30.391292 -25.847925 -16.785688 -0.000100 -56.554837 -0.000053 35.610001 -46.916255 26.669059 2.466137 -1.576214 2.681738 -1.918992 12.021408 26.301873 1.493572 1.897387 -0.167197 -12.716976 -12.323081 8.536581 -0.000000 0.000007 -0.000007 9.109301 -0.518025 2.259876 4.426859 2.515375 -14.435070 1.347710 3.744439 -39.558874 1.418575 3.816272 -40.707852 -0.000003 0.000003 -0.000006 9.533410 0.000032 0.000049 0.740473 5.100022 -25.713572 1.265054 3.641157 -38.354456 2.319341 4.669186 -52.812477 0.000004 -0.000001 -0.000001 9.104530 -0.043028 -1.865068 1.791603 6.899484 -30.132076 1.290829 3.669136 -38.740058 2.137223 4.523799 -50.544247 -0.000001 -0.000000 -0.000002 8.077797 -0.486882 -3.806260 -12.214282 13.058536 -24.844726 2.280988 4.409984 -50.329530 2.248127 4.408200 -49.995065 -0.000000 0.000004 0.000010 -8.207783 -6.751667 -1.599563 -51.313787 13.808823 -34.017911 84.209764 8.032912 2.061319 -31.332175 13.756750 19.800715 -0.918194 -0.000021 -0.000012 -0.000000 -0.000000 -0.000001 8.207786 -6.751692 -1.599558 -43.279053 3.727329 48.212547 63.512222 -9.275100 2.827965 -15.322735 -1.182690 -29.758984 0.753585 0.000291 -0.169146 0.000000 -0.000000 -0.000000 
1.943545 72.626968 -10.351910 3.286191 -17.672920 4.608804 -0.000005 10.181583 0.131521 25.558955 -2.001575 6.730329 2.012981 1.833953 -8.435565 2.063970 0.710975 -8.754029 -0.000000 16.740404 -2.049036 -12.680166 4.028792 0.934276 0.000001 9.617891 1.685012 -24.755286 19.329249 3.882548 0.000002 22.037338 7.501097 -0.000002 0.000000 -0.000000 -4.569971 11.014922 -2.160885 -9.576875 -42.389783 4.536461 126.650080 62.739795 -76.596234 -0.000011 46.850986 -0.000002 52.925169 35.742626 -29.151715 -2.464804 -1.573995 2.681851 -8.366314 -8.768069 -39.644935 1.365078 -2.195061 -0.477335 -0.183851 -16.592022 -20.142323 0.000001 -0.000003 0.000000 -9.108295 -0.517860 2.259842 9.999857 7.466910 21.438183 0.516017 -2.113885 27.329209 0.732206 -2.519333 32.540384 -0.000002 0.000008 0.000007 -9.532509 -0.000048 -0.000019 -1.260134 -1.071677 28.713121 0.867956 -2.652533 36.009300 1.557642 -3.517638 48.280046 -0.000003 -0.000003 0.000014 -9.103592 -0.043080 -1.865125 2.067922 -7.242764 27.814991 0.982345 -2.880880 37.777168 1.188507 -3.102248 41.574716 -0.000002 -0.000004 -0.000000 -8.076685 -0.486723 -3.806275 -9.770779 -17.893697 24.807155 1.095912 -3.066757 42.048192 0.875943 -2.879024 36.926281 -0.000001 0.000004 0.000007 4.570446 11.014702 -2.160855 0.566822 -1.052664 -7.309201 31.037469 -28.374686 -18.847048 -0.000084 -50.162340 -0.000038 35.770404 -50.932813 27.442640 2.466141 -1.576201 2.681734 -1.870702 12.091661 26.217862 1.510834 1.931810 -0.157361 -12.696394 -12.290421 8.555947 -0.000002 0.000001 0.000004 9.109303 -0.518031 2.259869 4.427021 2.516254 -14.435043 1.355037 3.753285 -39.671378 1.426104 3.824967 -40.820349 0.000001 -0.000003 0.000004 9.533414 0.000029 0.000040 0.740439 5.099910 -25.713582 1.272202 3.650172 -38.466966 2.328513 4.676099 -52.925176 -0.000003 0.000001 -0.000001 9.104521 -0.043045 -1.865074 1.796115 6.901102 -30.227173 1.298014 3.678071 -38.852339 2.146073 4.531034 -50.656299 0.000002 0.000000 -0.000005 8.077793 -0.486869 -3.806268 -12.205772 13.065158 -24.955698 2.293053 4.419220 -50.478394 2.260170 4.417576 -50.144711 -0.000001 -0.000003 -0.000002 -8.207786 -6.751668 -1.599564 -54.157106 13.464173 -33.172818 81.934669 8.070338 2.556666 -30.138299 14.737919 19.871382 -0.933670 0.000012 0.000001 -0.000000 0.000000 -0.000000 8.207785 -6.751693 -1.599561 -44.462752 6.405783 48.655276 59.693347 -9.325864 2.008236 -13.830863 -0.462603 -29.667490 0.841084 0.000134 -0.115217 0.000000 -0.000001 -0.000000 
1.102669 74.083488 -10.133422 8.772182 -18.840665 5.518909 -0.000006 10.181576 0.131519 21.032388 -1.662603 5.429404 -0.352965 1.740089 -6.832325 -0.364257 1.148382 -7.137022 0.000002 16.740412 -2.049037 -11.775036 1.236938 1.072099 0.000001 9.617889 1.685014 -23.531935 5.853019 4.350910 0.000002 22.037338 7.501097 -0.000001 0.000000 0.000000 -4.569967 11.014926 -2.160881 -9.514417 -42.391210 4.541005 124.730893 60.414710 -71.841337 -0.000000 47.071178 -0.000011 55.328579 38.135494 -30.053628 -2.464796 -1.573976 2.681849 -8.388776 -8.743625 -39.693030 1.397584 -2.263132 -0.495331 -0.159562 -16.659646 -20.164224 0.000003 0.000000 -0.000001 -9.108292 -0.517864 2.259832 9.997993 7.471931 21.373317 0.520180 -2.121963 27.440852 0.737102 -2.527003 32.652242 -0.000004 -0.000002 -0.000005 -9.532525 -0.000048 -0.000029 -1.259547 -1.073398 28.717814 0.873235 -2.659935 36.121018 1.564441 -3.523663 48.391877 0.000001 -0.000005 0.000008 -9.103584 -0.043068 -1.865134 2.066226 -7.235214 27.852304 0.987886 -2.887978 37.887841 1.193930 -3.108296 41.674679 0.000001 -0.000011 -0.000002 -8.076697 -0.486713 -3.806284 -9.768446 -17.874791 24.882599 1.104700 -3.077142 42.215241 0.883491 -2.889470 37.084905 -0.000001 -0.000003 -0.000009 4.570447 11.014736 -2.160852 0.624929 -0.689904 -7.241647 34.079946 -28.916128 -23.063196 -0.000064 -47.710774 -0.000037 37.067116 -50.951473 29.435691 2.466147 -1.576216 2.681745 -1.822515 12.162258 26.134213 1.528073 1.966287 -0.147538 -12.677124 -12.260144 8.574198 0.000001 0.000006 -0.000005 9.109314 -0.518048 2.259875 4.427188 2.517205 -14.435055 1.362401 3.762068 -39.783427 1.433607 3.833626 -40.932589 -0.000004 -0.000002 0.000006 9.533417 0.000030 0.000046 0.740375 5.099833 -25.713620 1.279346 3.659131 -38.579169 2.337710 4.682992 -53.037594 0.000001 -0.000002 0.000001 9.104540 -0.043031 -1.865072 1.800601 6.902740 -30.322024 1.305190 3.686944 -38.964136 2.154897 4.538255 -50.768243 0.000003 0.000007 -0.000001 8.077802 -0.486867 -3.806259 -12.197302 13.071748 -25.066214 2.305113 4.428424 -50.627206 2.272219 4.426879 -50.293733 -0.000001 0.000006 -0.000007 -8.207788 -6.751681 -1.599572 -58.517359 12.501269 -30.768892 79.236178 8.333713 3.194667 -28.611365 14.307196 19.102881 -0.972106 0.000003 -0.000004 -0.000000 0.000001 -0.000000 8.207787 -6.751707 -1.599558 -48.614780 7.873470 50.617531 56.976168 -9.282713 0.080125 -14.816407 -1.601717 -29.500431 2.692253 0.000002 -0.000010 0.000000 0.000001 -0.000000 
0.515243 75.649689 -9.787709 15.136703 -18.923218 5.987825 -0.000006 10.181590 0.131522 15.377163 -1.439420 4.035519 -2.175077 0.876968 -4.657238 -2.292314 0.792001 -4.847874 0.000002 16.740404 -2.049037 -11.399368 -2.166103 1.506783 0.000000 9.617879 1.685000 -22.406845 -9.865124 4.583393 0.000002 22.037354 7.501092 0.000003 0.000003 -0.000001 -4.569967 11.014942 -2.160889 -9.440423 -42.297231 4.601609 122.384381 58.857694 -67.311719 0.000004 46.281871 0.000004 58.992159 42.275394 -31.660352 -2.464799 -1.573974 2.681843 -8.410953 -8.719410 -39.740879 1.429694 -2.330195 -0.513048 -0.135192 -16.727354 -20.185950 0.000003 -0.000007 0.000002 -9.108288 -0.517865 2.259835 9.995780 7.476755 21.308672 0.524331 -2.129998 27.552066 0.742017 -2.534612 32.763523 -0.000000 -0.000002 0.000005 -9.532513 -0.000053 -0.000023 -1.258968 -1.075183 28.722581 0.878517 -2.667275 36.232330 1.571187 -3.529646 48.502860 0.000002 0.000003 0.000007 -9.103592 -0.043077 -1.865132 2.064548 -7.227723 27.889493 0.993381 -2.895026 37.997845 1.199361 -3.114299 41.774233 -0.000002 0.000001 0.000009 -8.076685 -0.486704 -3.806283 -9.766122 -17.856044 24.957935 1.113439 -3.087378 42.381027 0.891016 -2.899852 37.242672 -0.000001 0.000006 0.000003 4.570447 11.014743 -2.160857 0.668865 -0.332873 -7.162122 36.496856 -28.835139 -28.471387 -0.000058 -46.863977 -0.000028 38.944547 -49.601117 31.314266 2.466132 -1.576205 2.681735 -1.774494 12.232383 26.050645 1.545252 2.000602 -0.137849 -12.657479 -12.229377 8.592813 0.000001 0.000003 -0.000007 9.109307 -0.518061 2.259868 4.427364 2.518186 -14.435053 1.369704 3.770814 -39.895152 1.441083 3.842219 -41.044116 -0.000003 0.000005 0.000003 9.533414 0.000015 0.000039 0.740334 5.099743 -25.713654 1.286493 3.668028 -38.690891 2.346817 4.689806 -53.149356 -0.000005 -0.000001 -0.000003 9.104530 -0.043050 -1.865078 1.805064 6.904359 -30.416492 1.312362 3.695781 -39.075543 2.163723 4.545413 -50.879455 -0.000001 0.000004 0.000001 8.077799 -0.486881 -3.806268 -12.188863 13.078265 -25.176479 2.317180 4.437566 -50.775199 2.284202 4.436114 -50.442016 -0.000004 0.000007 -0.000009 -8.207789 -6.751676 -1.599571 -62.862718 10.545238 -28.969370 75.689930 8.783878 4.364210 -26.974565 13.641395 18.139488 -1.277150 0.000006 0.000004 0.000000 0.000001 -0.000000 8.207782 -6.751709 -1.599556 -53.052545 7.994153 52.459883 53.556357 -9.373588 -2.036127 -16.190748 -4.484587 -26.600243 1.206768 0.000004 -0.000003 0.000000 0.000000 -0.000000 
0.463934 77.210915 -9.219818 20.383054 -17.672904 5.599071 -0.000006 10.181589 0.131522 10.042402 -1.286335 3.920977 -2.788734 -0.536356 -2.772931 -2.982444 -0.310076 -2.866732 0.000001 16.740383 -2.049038 -11.553257 -5.673492 2.136876 0.000001 9.617862 1.685008 -20.496872 -25.157151 4.102421 0.000002 22.037354 7.501094 -0.000003 -0.000001 -0.000002 -4.569970 11.014904 -2.160883 -9.367286 -42.091143 4.743541 120.143861 58.934178 -64.284019 0.000003 43.974476 -0.000001 62.204794 47.239549 -32.580931 -2.464792 -1.573979 2.681847 -8.432819 -8.695336 -39.788622 1.461785 -2.397424 -0.530738 -0.110842 -16.794610 -20.206910 0.000003 0.000000 0.000004 -9.108290 -0.517861 2.259831 9.993584 7.481558 21.244569 0.528486 -2.137969 27.662558 0.746892 -2.542179 32.874182 -0.000000 0.000009 0.000002 -9.532514 -0.000042 -0.000026 -1.258377 -1.077063 28.728155 0.883791 -2.674572 36.342897 1.577937 -3.535592 48.613520 0.000001 0.000000 0.000011 -9.103596 -0.043070 -1.865129 2.062841 -7.220320 27.926454 0.998897 -2.902002 38.107142 1.204752 -3.120277 41.873267 -0.000004 0.000004 0.000002 -8.076689 -0.486704 -3.806282 -9.763817 -17.837384 25.033335 1.122129 -3.097549 42.545276 0.898559 -2.910177 37.399678 -0.000001 0.000011 -0.000008 4.570447 11.014706 -2.160854 0.684580 -0.045933 -7.074888 35.870620 -30.371587 -34.396648 -0.000055 -43.460542 -0.000021 42.551409 -50.366611 34.491981 2.466134 -1.576198 2.681738 -1.726632 12.301704 25.967338 1.562365 2.034826 -0.128194 -12.637094 -12.197373 8.611573 0.000003 0.000001 -0.000003 9.109303 -0.518042 2.259870 4.427531 2.519188 -14.435033 1.377036 3.779485 -40.006337 1.448551 3.850786 -41.155472 -0.000004 0.000003 0.000002 9.533406 0.000036 0.000047 0.740277 5.099631 -25.713661 1.293577 3.676879 -38.801864 2.355957 4.696618 -53.261064 -0.000001 -0.000003 -0.000004 9.104539 -0.043033 -1.865074 1.809478 6.905955 -30.510520 1.319543 3.704544 -39.186455 2.172524 4.552538 -50.990456 -0.000003 0.000002 -0.000003 8.077801 -0.486873 -3.806270 -12.180519 13.084699 -25.286299 2.329156 4.446599 -50.922288 2.296223 4.445298 -50.590190 -0.000001 -0.000006 0.000006 -8.207785 -6.751680 -1.599565 -65.212515 7.900626 -28.995044 71.499513 9.064463 6.188734 -25.895505 13.703933 17.336845 -2.215262 -0.000002 -0.000000 0.000000 -0.000000 -0.000000 8.207780 -6.751709 -1.599551 -56.561493 6.952108 52.101328 50.532260 -9.404349 -2.276844 -16.645188 -4.858933 -24.471279 2.484079 -0.000001 -0.000002 -0.000000 -0.000000 0.000001 
