HIERARCHY
ROOT mixamorig:Hips
{
	OFFSET 0.000000 104.274902 0.000000
	CHANNELS 6 Xposition Yposition Zposition Xrotation Yrotation Zrotation
	JOINT mixamorig:Spine
	{
		OFFSET 0.000000 10.181549 0.131524
		CHANNELS 6 Xposition Yposition Zposition Xrotation Yrotation Zrotation
		JOINT mixamorig:Spine1
		{
			OFFSET 0.000000 9.893990 -1.470706
			CHANNELS 3 Xrotation Yrotation Zrotation
			JOINT mixamorig:Spine2
			{
				OFFSET 0.000000 9.220787 -1.370636
				CHANNELS 3 Xrotation Yrotation Zrotation
				JOINT mixamorig:Neck
				{
					OFFSET 0.000000 16.740372 -2.049023
					CHANNELS 6 Xposition Yposition Zposition Xrotation Yrotation Zrotation
					JOINT mixamorig:Head
					{
						OFFSET 0.000000 9.617859 1.684975
						CHANNELS 6 Xposition Yposition Zposition Xrotation Yrotation Zrotation
						JOINT mixamorig:HeadTop_End
						{
							OFFSET 0.000000 22.037369 7.501070
							CHANNELS 6 Xposition Yposition Zposition Xrotation Yrotation Zrotation
							End Site
							{
								OFFSET 0.000000 23.106567 -2.828246
							}
						}
					}
				}
				JOINT mixamorig:RightShoulder
				{
					OFFSET -4.570000 11.014862 -2.160841
					CHANNELS 6 Xposition Yposition Zposition Xrotation Yrotation Zrotation
					JOINT mixamorig:RightArm
					{
						OFFSET -10.592869 -0.524796 -2.232105
						CHANNELS 3 Xrotation Yrotation Zrotation
						JOINT mixamorig:RightForeArm
						{
							OFFSET -27.841499 0.000000 0.000000
							CHANNELS 3 Xrotation Yrotation Zrotation
							JOINT mixamorig:RightHand
							{
								OFFSET -28.328800 0.000000 0.000000
								CHANNELS 3 Xrotation Yrotation Zrotation
								JOINT mixamorig:RightHandThumb1
								{
									OFFSET -2.464798 -1.573990 2.681910
									CHANNELS 6 Xposition Yposition Zposition Xrotation Yrotation Zrotation
									JOINT mixamorig:RightHandThumb2
									{
										OFFSET -3.244789 -1.873367 1.873378
										CHANNELS 3 Xrotation Yrotation Zrotation
										JOINT mixamorig:RightHandThumb3
										{
											OFFSET -2.646255 -1.527817 1.527816
											CHANNELS 3 Xrotation Yrotation Zrotation
											JOINT mixamorig:RightHandThumb4
											{
												OFFSET -1.994583 -1.151581 1.151575
												CHANNELS 3 Xrotation Yrotation Zrotation
												End Site
												{
													OFFSET -1.860176 -1.142715 1.365483
												}
											}
										}
									}
								}
								JOINT mixamorig:RightHandIndex1
								{
									OFFSET -9.108299 -0.517883 2.259803
									CHANNELS 6 Xposition Yposition Zposition Xrotation Yrotation Zrotation
									JOINT mixamorig:RightHandIndex2
									{
										OFFSET -3.700005 0.000000 0.000000
										CHANNELS 3 Xrotation Yrotation Zrotation
										JOINT mixamorig:RightHandIndex3
										{
											OFFSET -2.849998 0.000000 0.000000
											CHANNELS 3 Xrotation Yrotation Zrotation
											JOINT mixamorig:RightHandIndex4
											{
												OFFSET -2.772202 0.000000 0.000000
												CHANNELS 3 Xrotation Yrotation Zrotation
												End Site
												{
													OFFSET -2.772202 0.000000 -0.000484
												}
											}
										}
									}
								}
								JOINT mixamorig:RightHandMiddle1
								{
									OFFSET -9.532501 0.000000 0.000000
									CHANNELS 6 Xposition Yposition Zposition Xrotation Yrotation Zrotation
									JOINT mixamorig:RightHandMiddle2
									{
										OFFSET -3.699997 0.000000 0.000000
										CHANNELS 3 Xrotation Yrotation Zrotation
										JOINT mixamorig:RightHandMiddle3
										{
											OFFSET -2.950005 0.000000 0.000000
											CHANNELS 3 Xrotation Yrotation Zrotation
											JOINT mixamorig:RightHandMiddle4
											{
												OFFSET -2.946602 0.000000 0.000000
												CHANNELS 3 Xrotation Yrotation Zrotation
												End Site
												{
													OFFSET -2.946594 0.000000 -0.000982
												}
											}
										}
									}
								}
								JOINT mixamorig:RightHandRing1
								{
									OFFSET -9.103600 -0.043106 -1.865100
									CHANNELS 6 Xposition Yposition Zposition Xrotation Yrotation Zrotation
									JOINT mixamorig:RightHandRing2
									{
										OFFSET -3.379303 0.000000 0.000000
										CHANNELS 3 Xrotation Yrotation Zrotation
										JOINT mixamorig:RightHandRing3
										{
											OFFSET -2.889702 0.000000 0.000000
											CHANNELS 3 Xrotation Yrotation Zrotation
											JOINT mixamorig:RightHandRing4
											{
												OFFSET -2.638794 0.000000 0.000000
												CHANNELS 3 Xrotation Yrotation Zrotation
												End Site
												{
													OFFSET -2.638794 0.000000 0.004219
												}
											}
										}
									}
								}
								JOINT mixamorig:RightHandPinky1
								{
									OFFSET -8.076698 -0.486725 -3.806297
									CHANNELS 6 Xposition Yposition Zposition Xrotation Yrotation Zrotation
									JOINT mixamorig:RightHandPinky2
									{
										OFFSET -3.600006 0.000000 0.000000
										CHANNELS 3 Xrotation Yrotation Zrotation
										JOINT mixamorig:RightHandPinky3
										{
											OFFSET -2.099998 0.000000 0.000000
											CHANNELS 3 Xrotation Yrotation Zrotation
											JOINT mixamorig:RightHandPinky4
											{
												OFFSET -2.115799 0.000000 0.000000
												CHANNELS 3 Xrotation Yrotation Zrotation
												End Site
												{
													OFFSET -2.115799 0.000000 0.000174
												}
											}
										}
									}
								}
							}
						}
					}
				}
				JOINT mixamorig:LeftShoulder
				{
					OFFSET 4.570400 11.014664 -2.160817
					CHANNELS 6 Xposition Yposition Zposition Xrotation Yrotation Zrotation
					JOINT mixamorig:LeftArm
					{
						OFFSET 10.592365 -0.524597 -2.232113
						CHANNELS 3 Xrotation Yrotation Zrotation
						JOINT mixamorig:LeftForeArm
						{
							OFFSET 27.841499 0.000000 0.000000
							CHANNELS 3 Xrotation Yrotation Zrotation
							JOINT mixamorig:LeftHand
							{
								OFFSET 28.328804 0.000000 0.000000
								CHANNELS 3 Xrotation Yrotation Zrotation
								JOINT mixamorig:LeftHandThumb1
								{
									OFFSET 2.466095 -1.576202 2.681697
									CHANNELS 6 Xposition Yposition Zposition Xrotation Yrotation Zrotation
									JOINT mixamorig:LeftHandThumb2
									{
										OFFSET 3.243317 -1.872528 1.872528
										CHANNELS 3 Xrotation Yrotation Zrotation
										JOINT mixamorig:LeftHandThumb3
										{
											OFFSET 2.647881 -1.528763 1.528755
											CHANNELS 3 Xrotation Yrotation Zrotation
											JOINT mixamorig:LeftHandThumb4
											{
												OFFSET 1.998924 -1.154068 1.154079
												CHANNELS 3 Xrotation Yrotation Zrotation
												End Site
												{
													OFFSET 1.884041 -1.149155 1.337651
												}
											}
										}
									}
								}
								JOINT mixamorig:LeftHandIndex1
								{
									OFFSET 9.109299 -0.518005 2.259899
									CHANNELS 6 Xposition Yposition Zposition Xrotation Yrotation Zrotation
									JOINT mixamorig:LeftHandIndex2
									{
										OFFSET 3.699997 0.000000 0.000000
										CHANNELS 3 Xrotation Yrotation Zrotation
										JOINT mixamorig:LeftHandIndex3
										{
											OFFSET 2.849998 0.000000 0.000000
											CHANNELS 3 Xrotation Yrotation Zrotation
											JOINT mixamorig:LeftHandIndex4
											{
												OFFSET 2.774902 0.000000 0.000000
												CHANNELS 3 Xrotation Yrotation Zrotation
												End Site
												{
													OFFSET 2.774902 0.000000 -0.000072
												}
											}
										}
									}
								}
								JOINT mixamorig:LeftHandMiddle1
								{
									OFFSET 9.533394 0.000000 0.000000
									CHANNELS 6 Xposition Yposition Zposition Xrotation Yrotation Zrotation
									JOINT mixamorig:LeftHandMiddle2
									{
										OFFSET 3.700005 0.000000 0.000000
										CHANNELS 3 Xrotation Yrotation Zrotation
										JOINT mixamorig:LeftHandMiddle3
										{
											OFFSET 2.949997 0.000000 0.000000
											CHANNELS 3 Xrotation Yrotation Zrotation
											JOINT mixamorig:LeftHandMiddle4
											{
												OFFSET 2.952904 0.000000 0.000000
												CHANNELS 3 Xrotation Yrotation Zrotation
												End Site
												{
													OFFSET 2.952896 0.000000 0.000165
												}
											}
										}
									}
								}
								JOINT mixamorig:LeftHandRing1
								{
									OFFSET 9.104500 -0.042999 -1.865100
									CHANNELS 6 Xposition Yposition Zposition Xrotation Yrotation Zrotation
									JOINT mixamorig:LeftHandRing2
									{
										OFFSET 3.149994 0.000000 0.000000
										CHANNELS 3 Xrotation Yrotation Zrotation
										JOINT mixamorig:LeftHandRing3
										{
											OFFSET 2.950005 0.000000 0.000000
											CHANNELS 3 Xrotation Yrotation Zrotation
											JOINT mixamorig:LeftHandRing4
											{
												OFFSET 2.644295 0.000000 0.000000
												CHANNELS 3 Xrotation Yrotation Zrotation
												End Site
												{
													OFFSET 2.644302 0.000000 0.000083
												}
											}
										}
									}
								}
								JOINT mixamorig:LeftHandPinky1
								{
									OFFSET 8.077797 -0.486893 -3.806301
									CHANNELS 6 Xposition Yposition Zposition Xrotation Yrotation Zrotation
									JOINT mixamorig:LeftHandPinky2
									{
										OFFSET 3.599998 0.000000 0.000000
										CHANNELS 3 Xrotation Yrotation Zrotation
										JOINT mixamorig:LeftHandPinky3
										{
											OFFSET 2.099998 0.000000 0.000000
											CHANNELS 3 Xrotation Yrotation Zrotation
											JOINT mixamorig:LeftHandPinky4
											{
												OFFSET 2.125504 0.000000 0.000000
												CHANNELS 3 Xrotation Yrotation Zrotation
												End Site
												{
													OFFSET 2.125504 0.000000 -0.001254
												}
											}
										}
									}
								}
							}
						}
					}
				}
			}
		}
	}
	JOINT mixamorig:RightUpLeg
	{
		OFFSET -8.207800 -6.751701 -1.599544
		CHANNELS 6 Xposition Yposition Zposition Xrotation Yrotation Zrotation
		JOINT mixamorig:RightLeg
		{
			OFFSET 0.000000 -44.370155 0.345934
			CHANNELS 3 Xrotation Yrotation Zrotation
			JOINT mixamorig:RightFoot
			{
				OFFSET 0.000000 -44.423664 -3.043536
				CHANNELS 3 Xrotation Yrotation Zrotation
				JOINT mixamorig:RightToeBase
				{
					OFFSET 0.000000 -8.728685 10.710592
					CHANNELS 3 Xrotation Yrotation Zrotation
					JOINT mixamorig:RightToe_End
					{
						OFFSET 0.000000 -0.000664 9.278099
						CHANNELS 3 Xrotation Yrotation Zrotation
						End Site
						{
							OFFSET 0.000000 -0.000664 9.278101
						}
					}
				}
			}
		}
	}
	JOINT mixamorig:LeftUpLeg
	{
		OFFSET 8.207800 -6.751701 -1.599544
		CHANNELS 6 Xposition Yposition Zposition Xrotation Yrotation Zrotation
		JOINT mixamorig:LeftLeg
		{
			OFFSET 0.000000 -44.370049 0.346940
			CHANNELS 3 Xrotation Yrotation Zrotation
			JOINT mixamorig:LeftFoot
			{
				OFFSET 0.000000 -44.423603 -3.044389
				CHANNELS 3 Xrotation Yrotation Zrotation
				JOINT mixamorig:LeftToeBase
				{
					OFFSET 0.000000 -8.728686 10.710592
					CHANNELS 3 Xrotation Yrotation Zrotation
					JOINT mixamorig:LeftToe_End
					{
						OFFSET 0.000000 -0.000680 9.278100
						CHANNELS 3 Xrotation Yrotation Zrotation
						End Site
						{
							OFFSET 0.000000 -0.000680 9.278100
						}
					}
				}
			}
		}
	}
}
MOTION
Frames: 250
Frame Time: 0.033333
0.176824 35.262024 -3.294273 -115.206672 5.478807 3.147014 0.000000 10.181547 0.131515 53.790916 -8.033160 -1.595030 14.452308 -2.540451 2.904999 14.513776 -1.532697 3.001468 0.000001 16.740374 -2.049021 8.082116 0.157414 1.364755 0.000002 9.617843 1.684975 28.114151 3.120509 6.425599 -0.000002 22.037369 7.501071 -0.000000 0.000000 0.000000 -4.570000 11.014843 -2.160838 0.566124 -0.020102 -1.614873 30.312103 -9.214772 94.146262 -0.000015 41.605927 0.000032 40.690343 -35.450502 -75.217397 -2.464798 -1.573998 2.681911 -11.630452 11.625079 -20.750863 6.358335 -14.447500 -2.112225 -5.504750 -5.510995 -14.718539 -0.000006 -0.000005 0.000003 -9.108286 -0.517875 2.259804 0.083669 -2.857260 7.080633 0.000001 0.000001 0.000001 0.000000 -0.000001 0.000001 0.000001 0.000002 0.000000 -9.532491 0.000021 0.000000 0.082272 -2.845911 6.940217 -0.000002 -0.004824 0.059167 0.000004 0.002916 -0.035754 -0.000001 -0.000000 0.000000 -9.103588 -0.043091 -1.865101 0.080017 -2.827106 6.707566 0.000002 0.000007 0.000002 -0.000000 -0.000000 0.000000 -0.000000 -0.000002 0.000001 -8.076694 -0.486695 -3.806296 0.061448 -2.635351 4.341903 0.000000 -0.004034 0.049524 -0.000001 0.002282 -0.028121 -0.000000 -0.000000 0.000000 4.570399 11.014660 -2.160812 5.816771 -2.815288 -0.615038 36.106350 6.688027 -105.633438 -0.000003 -34.433203 0.000013 19.018406 20.661710 91.424862 2.466087 -1.576211 2.681697 -12.207766 -9.611474 20.426739 5.987333 12.646053 1.346565 -7.335863 -0.421786 13.147336 -0.000004 0.000006 -0.000001 9.109292 -0.518009 2.259902 0.244411 3.013446 -8.367996 0.000001 0.004685 -0.045799 0.000004 -0.002898 0.028314 -0.000000 0.000000 0.000001 9.533404 0.000008 -0.000001 0.099858 3.029940 -8.213939 0.000002 0.000007 -0.000007 0.000007 -0.000004 0.000019 -0.000000 -0.000001 -0.000001 9.104499 -0.042998 -1.865098 0.087572 2.910555 -6.976604 0.000007 0.006804 -0.066394 0.000002 -0.003986 0.038885 0.000000 0.000000 0.000000 8.077799 -0.486893 -3.806302 0.049124 2.752117 -5.304214 -0.000002 -0.000004 0.000006 0.000001 0.000005 -0.000009 0.000001 0.000001 -0.000000 -8.207803 -6.751705 -1.599542 -48.154442 -3.591178 -48.319688 6.871172 -10.004106 -4.964610 -7.268822 -17.939569 11.176354 3.858994 0.000012 -0.000008 0.000000 0.000001 -0.000005 8.207797 -6.751697 -1.599549 -62.482072 3.501954 57.011876 22.280972 -3.620262 2.954166 29.401926 0.053793 -0.809369 0.145005 0.000009 0.000000 0.000001 0.000001 0.000001 
3.149992 35.226044 -5.022087 -116.242716 -6.947007 5.818482 -0.000001 10.181553 0.131525 57.124902 -6.298469 -7.058089 13.977250 -1.042071 2.337571 13.973040 -0.013524 2.266146 0.000001 16.740356 -2.049020 7.659125 -0.494105 2.569529 0.000004 9.617828 1.684959 25.215306 -2.702262 13.822618 0.000001 22.037384 7.501067 -0.000000 -0.000001 -0.000001 -4.570002 11.014849 -2.160839 3.388883 -1.278112 -0.481205 26.292841 -15.953544 92.759658 0.000002 43.482685 0.000015 43.989488 -35.515099 -75.433996 -2.464791 -1.574011 2.681912 -11.612987 11.699588 -20.742458 6.424473 -14.730869 -2.146110 -5.694121 -5.120900 -14.548581 -0.000000 -0.000003 0.000001 -9.108291 -0.517866 2.259803 0.079946 -2.826180 6.656989 0.000889 -0.091118 1.118640 0.000368 0.058734 -0.720915 -0.000000 0.000001 0.000000 -9.532497 0.000014 0.000001 0.078800 -2.816660 6.540353 0.000829 -0.087888 1.078945 0.000331 0.055614 -0.682866 -0.000001 0.000000 0.000000 -9.103593 -0.043089 -1.865100 0.076479 -2.796152 6.284459 0.000889 -0.091094 1.118230 0.000370 0.059023 -0.724463 0.000000 -0.000002 -0.000000 -8.076696 -0.486703 -3.806297 0.058630 -2.596161 3.811730 0.001208 -0.105912 1.300220 0.000423 0.062688 -0.769535 0.000000 -0.000000 0.000000 4.570398 11.014643 -2.160814 5.581003 -8.138868 -2.198543 42.687958 16.607542 -111.865952 0.000008 -41.127759 0.000002 40.478495 20.130241 75.504572 2.466092 -1.576214 2.681697 -33.410666 -6.434552 5.277871 6.412343 15.744214 1.501570 -7.915702 -6.529171 12.830847 -0.000003 0.000001 -0.000002 9.109288 -0.518006 2.259900 0.039513 2.418571 -8.329516 0.004326 0.225437 -2.200396 0.000096 0.033987 -0.331637 0.000000 0.000001 -0.000001 9.533381 0.000009 0.000001 -0.006793 2.290565 -8.244381 0.002908 0.184671 -1.802373 0.000237 0.053463 -0.521681 0.000001 -0.000000 -0.000001 9.104503 -0.043002 -1.865100 -0.006164 2.255953 -7.903542 0.001887 0.149010 -1.454275 0.000026 0.019214 -0.187438 -0.000000 0.000002 0.000000 8.077797 -0.486886 -3.806303 -0.178567 2.278446 -8.018330 0.000951 0.105837 -1.032869 0.000475 0.074742 -0.729405 -0.000000 0.000004 -0.000001 -8.207809 -6.751704 -1.599544 -42.525318 -10.641144 -44.593048 13.458635 -9.538611 -8.175574 -4.525496 -13.087434 11.737806 -5.316219 -0.000006 0.000004 -0.000002 0.000000 0.000002 8.207799 -6.751704 -1.599553 -68.462592 -2.752396 48.288823 38.538830 -2.764096 0.384777 18.839441 -1.529749 -3.262207 -0.697935 -0.000006 -0.000006 0.000001 -0.000001 0.000001 
6.354975 35.569489 -7.660843 -113.467972 -18.964287 8.290559 0.000000 10.181549 0.131531 59.676954 -4.661355 -10.121440 13.065129 0.371731 1.739171 13.025129 1.362240 1.499895 0.000001 16.740381 -2.049021 7.502404 -1.081124 3.090938 0.000002 9.617868 1.684973 24.488170 -7.827241 17.456546 0.000004 22.037384 7.501069 0.000001 0.000000 0.000000 -4.570002 11.014837 -2.160836 6.330235 -4.207010 1.137397 18.632730 -19.973869 88.519675 -0.000001 42.708504 0.000025 43.653351 -35.271073 -78.488852 -2.464801 -1.573995 2.681907 -11.390568 11.707301 -20.838576 6.384886 -14.514927 -2.125938 -5.509543 -5.539376 -14.768930 -0.000000 -0.000002 0.000005 -9.108294 -0.517868 2.259803 0.078858 -2.816547 6.499065 0.001798 -0.129326 1.587865 0.000868 0.090192 -1.107403 0.000000 0.000003 -0.000000 -9.532505 0.000015 0.000001 0.077714 -2.807145 6.384687 0.001656 -0.124547 1.529078 0.000816 0.087287 -1.071533 -0.000000 -0.000000 -0.000000 -9.103600 -0.043103 -1.865101 0.075590 -2.788086 6.144678 0.001770 -0.128704 1.580041 0.001015 0.097394 -1.195571 0.000000 -0.000002 0.000000 -8.076707 -0.486698 -3.806299 0.058056 -2.587668 3.659810 0.002377 -0.148728 1.825947 0.001223 0.106511 -1.307613 0.000000 -0.000001 0.000000 4.570399 11.014662 -2.160816 4.421592 -15.777015 -3.871132 43.627068 17.188748 -113.365697 -0.000004 -45.823736 -0.000004 40.284445 17.116273 55.856211 2.466075 -1.576213 2.681703 -28.512049 -7.532497 6.070451 6.968704 18.414031 1.687346 -7.228154 -3.474689 14.106837 0.000003 0.000005 0.000003 9.109298 -0.518019 2.259896 0.039788 1.847445 -2.249492 0.005063 0.243998 -2.381557 0.000171 0.044326 -0.432563 -0.000001 0.000001 0.000002 9.533394 0.000000 -0.000001 0.037818 1.544251 -1.712406 0.004858 0.238852 -2.331443 0.000487 0.075464 -0.736400 -0.000000 -0.000000 0.000002 9.104494 -0.042998 -1.865097 0.034988 1.558231 -1.901248 0.004215 0.222434 -2.171238 0.000485 0.075349 -0.735241 -0.000000 0.000001 0.000002 8.077785 -0.486894 -3.806303 -0.259857 1.786700 -3.862764 0.003725 0.209246 -2.042246 0.000589 0.083196 -0.811903 0.000000 0.000001 -0.000001 -8.207808 -6.751709 -1.599542 -35.976836 -17.531016 -41.409214 22.042303 -3.592691 -8.868267 -4.294228 2.422043 6.475819 -10.424078 -0.000015 -0.000023 0.000002 -0.000001 0.000000 8.207799 -6.751704 -1.599554 -70.708686 -4.757538 37.357341 41.646255 -0.266864 0.505957 12.984100 -0.892980 -2.848409 -0.045274 -0.000003 -0.000009 -0.000002 0.000000 0.000001 
9.147808 36.131577 -11.567474 -105.254465 -29.782411 12.026926 -0.000002 10.181561 0.131532 60.285053 -3.844065 -10.811687 11.913874 1.429887 1.462239 11.871162 2.431604 1.076431 0.000002 16.740372 -2.049022 7.487197 -1.549746 2.832079 -0.000001 9.617847 1.684973 23.583474 -12.317675 16.610861 0.000010 22.037384 7.501064 -0.000000 -0.000000 -0.000001 -4.570000 11.014860 -2.160840 8.516819 -5.730903 3.513045 8.268657 -22.062631 80.526851 0.000002 40.727950 0.000023 40.291610 -35.107265 -83.850879 -2.464807 -1.573988 2.681906 -11.468379 11.592631 -20.830067 6.229278 -13.976378 -2.048825 -5.061598 -6.451965 -15.141720 -0.000003 0.000004 -0.000004 -9.108291 -0.517867 2.259802 0.077646 -2.805487 6.323469 0.002700 -0.158762 1.949303 0.000974 0.095204 -1.168682 0.000000 0.000002 0.000000 -9.532494 0.000001 0.000000 0.076479 -2.796146 6.210787 0.002502 -0.152938 1.877810 0.000861 0.089746 -1.101891 -0.000000 0.000000 -0.000000 -9.103596 -0.043097 -1.865102 0.074307 -2.776211 5.957673 0.002702 -0.158794 1.949610 0.001014 0.097461 -1.196437 0.000000 0.000002 -0.000001 -8.076703 -0.486695 -3.806299 0.056943 -2.570367 3.399325 0.003659 -0.184338 2.263602 0.001245 0.107831 -1.323865 -0.000000 -0.000001 0.000000 4.570399 11.014668 -2.160816 1.706205 -23.670768 -8.238209 47.739785 31.938931 -110.120456 -0.000004 -70.365258 -0.000014 21.758607 17.938831 27.300734 2.466091 -1.576216 2.681698 -11.331881 -8.221621 11.536162 7.220589 18.661701 1.727658 -6.284628 4.094370 15.375613 -0.000001 0.000004 -0.000002 9.109303 -0.518013 2.259898 0.152166 3.033089 -17.391711 0.032806 0.619778 -6.059384 0.016708 0.442834 -4.325418 0.000000 0.000003 -0.000003 9.533393 0.000011 0.000001 -0.018263 3.077185 -18.647364 0.040992 0.692681 -6.775309 0.020979 0.495991 -4.845880 -0.000000 0.000004 -0.000003 9.104507 -0.042996 -1.865100 -0.008206 3.183915 -19.842318 0.047762 0.747466 -7.314111 0.053847 0.793505 -7.767366 0.000000 0.000002 0.000001 8.077806 -0.486890 -3.806300 -0.080161 3.543930 -20.522772 0.056670 0.813973 -7.968972 0.042593 0.706041 -6.906695 -0.000000 0.000004 -0.000001 -8.207807 -6.751700 -1.599539 -33.333167 -17.864479 -38.354142 39.405817 -4.179781 -8.010369 -9.119374 8.948757 3.097180 -6.434442 -0.000017 -0.000000 0.000000 -0.000002 -0.000000 8.207794 -6.751697 -1.599547 -69.321332 -6.005369 28.199959 33.970349 3.569465 3.265686 18.147555 -0.438917 -2.727699 0.553322 -0.000011 0.000014 0.000001 -0.000000 0.000002 
11.036533 37.478485 -16.630531 -90.715827 -37.983222 18.847297 -0.000000 10.181561 0.131529 58.630569 -3.941642 -10.035469 11.097888 1.946898 1.840269 11.070539 3.099684 1.351584 0.000000 16.740356 -2.049019 7.279231 -1.877950 2.131331 -0.000000 9.617849 1.684975 20.478476 -16.779164 13.412482 0.000002 22.037369 7.501065 0.000002 0.000001 0.000001 -4.569997 11.014853 -2.160841 8.927252 -3.344673 6.734811 -3.357309 -23.085544 68.597803 -0.000011 38.995985 0.000033 35.660107 -34.569343 -90.016340 -2.464800 -1.574008 2.681919 -12.351582 11.616770 -20.409536 6.252241 -14.637988 -2.092168 -5.439664 -5.587531 -14.664985 -0.000000 -0.000005 0.000003 -9.108298 -0.517867 2.259802 0.075831 -2.788876 6.079156 0.003114 -0.170539 2.094045 0.000133 0.035095 -0.430931 -0.000000 0.000001 0.000000 -9.532504 0.000019 0.000001 0.074761 -2.780547 5.979798 0.002736 -0.159817 1.962333 0.000020 0.012190 -0.149654 0.000000 0.000001 0.000001 -9.103596 -0.043102 -1.865103 0.072985 -2.763816 5.764015 0.001615 -0.122628 1.505514 0.000582 -0.073633 0.903979 -0.000000 0.000003 0.000001 -8.076695 -0.486697 -3.806299 0.055362 -2.563325 3.264090 0.000727 -0.081878 1.005117 0.001779 -0.128698 1.579934 0.000000 0.000001 0.000000 4.570396 11.014651 -2.160816 -0.379439 -26.406365 -13.746433 29.728043 48.593309 -89.550166 0.000074 -78.104654 0.000063 11.837874 8.615356 -11.579756 2.466100 -1.576225 2.681694 -0.213170 -5.909258 12.032119 7.138346 17.570836 1.599760 -5.701639 10.029402 16.155440 -0.000004 0.000002 0.000001 9.109298 -0.518016 2.259893 0.210474 3.208608 -20.649984 0.171261 1.407668 -13.874127 0.130876 1.232705 -12.121129 0.000001 0.000001 -0.000002 9.533403 -0.000000 -0.000000 0.058362 3.558909 -23.378175 0.210490 1.557925 -15.390643 0.141785 1.282439 -12.618065 -0.000001 -0.000000 -0.000000 9.104515 -0.043004 -1.865102 0.111819 3.815460 -26.097393 0.260583 1.729513 -17.136330 0.380053 2.077625 -20.732146 0.000001 -0.000001 0.000000 8.077806 -0.486892 -3.806302 0.123679 4.704841 -28.580940 0.303316 1.862468 -18.500315 0.350146 1.996836 -19.890469 0.000002 0.000004 0.000002 -8.207805 -6.751702 -1.599536 -35.747086 -16.344180 -34.246753 56.719335 -8.686124 -6.795811 -15.591167 3.947841 7.132099 0.893272 -0.000001 -0.000000 0.000001 -0.000001 -0.000000 8.207796 -6.751702 -1.599551 -67.866604 -7.775497 24.538530 25.474234 2.449666 5.990721 22.793646 -0.993882 -5.795179 -0.306850 -0.000000 0.000001 -0.000000 0.000003 -0.000001 
11.588974 40.226616 -22.633148 -70.750685 -41.358780 28.672735 0.000001 10.181540 0.131526 55.603423 -4.059683 -8.048492 11.090467 2.048202 2.875950 11.071111 3.440242 2.318650 0.000007 16.740353 -2.049021 6.613278 -2.101979 1.404355 0.000007 9.617842 1.684982 15.130968 -21.847251 10.690408 -0.000000 22.037384 7.501073 -0.000001 0.000000 0.000000 -4.569995 11.014854 -2.160844 7.188708 3.191426 12.172013 -15.151293 -23.057226 51.975714 -0.000015 39.335473 0.000045 33.509571 -31.125421 -90.176249 -2.464803 -1.573982 2.681905 -10.289331 5.253981 -24.115858 5.849921 -8.562381 -1.614183 -5.720734 -4.969696 -14.202227 0.000004 -0.000008 0.000005 -9.108295 -0.517881 2.259802 2.484699 -7.012373 2.077223 0.000000 -0.000000 -0.000000 0.000000 -0.000000 -0.000000 -0.000000 0.000000 -0.000000 -9.532492 0.000023 -0.000000 0.161199 -7.063650 1.181897 0.000003 0.000002 0.000011 -0.000009 -0.000018 0.000183 -0.000001 0.000000 0.000000 -9.103590 -0.043092 -1.865100 -0.467243 -6.528968 -6.714796 0.176675 -1.271855 15.815445 0.017565 0.404610 -4.973003 -0.000001 0.000001 0.000000 -8.076704 -0.486705 -3.806298 -1.064212 -6.192661 -14.052404 0.286321 -1.609306 20.174854 0.009193 0.292881 -3.597754 -0.000000 -0.000001 -0.000000 4.570405 11.014650 -2.160817 3.492640 -22.188073 -17.389484 -8.011612 50.381442 -55.291655 0.000057 -93.653628 0.000120 20.552808 10.248829 -15.948275 2.466092 -1.576224 2.681696 -1.388092 -5.455532 9.923560 7.474256 20.476064 1.468327 -5.438541 11.219515 17.511671 0.000001 0.000002 -0.000001 9.109292 -0.518007 2.259898 0.256315 3.451714 -20.197307 0.486247 2.338847 -23.487566 0.314146 1.894458 -18.830338 0.000003 -0.000002 -0.000002 9.533403 0.000010 0.000002 0.055574 3.550210 -23.337054 0.555123 2.491203 -25.122083 0.322371 1.918442 -19.078042 -0.000005 0.000000 0.000000 9.104503 -0.042998 -1.865097 0.134019 3.873063 -26.353921 0.681842 2.745005 -27.895787 0.890542 3.106935 -31.982777 0.000002 0.000000 0.000000 8.077802 -0.486887 -3.806301 0.142295 4.889350 -29.576874 0.839889 3.024409 -31.035601 0.853495 3.046870 -31.292426 -0.000002 -0.000001 -0.000000 -8.207798 -6.751709 -1.599537 -37.619442 -20.721723 -27.508886 70.774529 -2.444544 -6.918074 1.680843 7.279155 6.036914 3.921695 0.000002 -0.000029 0.000002 0.000002 0.000000 8.207802 -6.751702 -1.599550 -72.025677 -11.609801 24.858945 31.511768 0.994038 7.357187 19.092950 -0.947789 -8.450138 -1.877798 0.000002 -0.000020 0.000001 0.000000 -0.000001 
11.221191 43.646851 -27.843342 -49.667472 -38.416536 38.832586 -0.000002 10.181565 0.131524 52.544362 -4.541113 -4.775442 11.780284 2.021782 4.194221 11.753565 3.599931 3.560561 -0.000004 16.740366 -2.049030 5.533501 -2.235024 0.652223 -0.000007 9.617860 1.684966 8.409102 -27.136316 8.708450 0.000001 22.037384 7.501081 -0.000000 -0.000001 -0.000001 -4.569995 11.014843 -2.160844 4.394373 12.638366 17.917405 -26.576725 -20.692893 33.468654 0.000006 39.612707 0.000026 29.542925 -27.284471 -91.132851 -2.464802 -1.573987 2.681912 -9.761076 -7.630376 -28.292375 4.888027 2.102401 -0.633504 -15.620497 11.677234 -5.493327 0.000002 -0.000003 -0.000002 -9.108295 -0.517876 2.259803 3.736269 -9.772623 -0.262216 -0.000000 -0.000000 -0.000000 -0.000001 -0.000006 -0.000004 -0.000000 -0.000002 -0.000000 -9.532492 0.000015 -0.000001 -0.159029 -9.705512 -1.895164 -0.000000 -0.000000 -0.000000 0.000002 -0.000054 0.000694 -0.000001 -0.000001 0.000000 -9.103586 -0.043076 -1.865098 -1.146392 -9.218525 -9.616807 0.131088 -1.098311 13.611872 0.002702 0.158787 -1.949598 0.000001 -0.000001 -0.000001 -8.076694 -0.486690 -3.806296 -2.438534 -8.858241 -18.292322 0.230366 -1.448006 18.077325 0.002688 -0.158506 1.946094 0.000000 -0.000000 0.000001 4.570397 11.014660 -2.160823 14.544085 -15.610239 -20.275225 -43.255267 30.628836 -34.438668 0.000053 -98.186934 0.000071 16.528781 0.115035 12.648154 2.466081 -1.576238 2.681692 -8.374166 -6.791732 11.706307 8.550538 27.262377 1.038565 -4.488653 10.840071 20.694814 0.000001 0.000000 0.000003 9.109301 -0.518013 2.259894 0.422115 4.213757 -19.804793 0.687681 2.756008 -28.017492 0.457460 2.271485 -22.771958 -0.000001 0.000002 -0.000001 9.533405 -0.000006 -0.000003 0.027725 3.400457 -21.857012 0.757923 2.883982 -29.445140 0.449656 2.252843 -22.574424 -0.000002 0.000001 0.000001 9.104506 -0.043009 -1.865104 0.088000 3.630159 -23.428213 0.929868 3.168942 -32.701344 1.217136 3.576367 -37.581255 0.000001 0.000002 0.000002 8.077800 -0.486888 -3.806307 0.052879 4.199657 -25.194044 1.211851 3.569504 -37.496588 1.175346 3.521509 -36.906231 0.000001 -0.000001 0.000001 -8.207801 -6.751716 -1.599538 -42.666126 -22.448913 -21.578774 87.415445 -7.912736 -7.585255 -6.832490 4.435690 15.831637 -0.815683 0.000001 -0.000012 0.000001 -0.000000 0.000000 8.207802 -6.751698 -1.599547 -79.193366 -16.845214 25.082434 46.995615 -4.609202 8.018771 9.196629 0.004268 -11.312798 -1.909129 0.000009 -0.000024 0.000001 0.000002 -0.000001 
10.212467 47.588726 -33.222286 -31.358607 -30.754125 45.160070 0.000000 10.181558 0.131529 50.808428 -5.156817 -0.116657 12.713379 1.981121 5.217065 12.680207 3.615375 4.470048 -0.000001 16.740356 -2.049020 4.240767 -2.164526 -0.358785 0.000003 9.617844 1.684984 0.253285 -30.541553 6.271917 0.000001 22.037384 7.501081 -0.000000 0.000000 0.000002 -4.569993 11.014868 -2.160843 2.825440 23.296640 19.113972 -35.699500 -16.862866 19.543886 -0.000008 39.611006 0.000030 24.279673 -22.859016 -91.366553 -2.464797 -1.573995 2.681916 -8.126130 -10.592151 -30.080426 5.192986 2.245643 -0.710604 -19.246899 16.028828 -3.440648 0.000002 -0.000009 -0.000007 -9.108299 -0.517872 2.259808 4.133667 -12.052596 -3.730669 -0.000000 0.000000 -0.000000 -0.000000 0.000000 -0.000000 -0.000000 -0.000001 0.000000 -9.532502 0.000017 0.000006 -0.894824 -11.664593 -6.030946 -0.000001 0.000000 -0.000000 0.000004 -0.000094 0.001228 -0.000000 -0.000000 0.000000 -9.103591 -0.043097 -1.865096 -1.114506 -11.804920 -7.212082 0.000002 -0.000006 0.000013 0.000000 -0.001253 0.015331 0.000001 -0.000002 -0.000001 -8.076698 -0.486702 -3.806293 -3.187188 -11.251438 -18.185094 0.082450 -0.873423 10.786182 0.002887 -0.164268 2.016917 -0.000001 -0.000002 -0.000000 4.570403 11.014660 -2.160817 26.422706 -12.165480 -23.371912 -55.849193 5.787588 -32.234555 0.000028 -101.067778 0.000041 9.841740 -10.216716 28.123598 2.466083 -1.576224 2.681698 -12.994059 -9.039190 15.569666 9.592167 32.906472 -0.244778 -3.152741 10.317270 24.155903 0.000001 0.000004 0.000001 9.109290 -0.518016 2.259900 0.685819 5.090790 -20.180318 0.694351 2.768498 -28.155997 0.470100 2.301353 -23.088787 -0.000001 0.000001 -0.000001 9.533398 0.000011 0.000004 0.076217 3.480521 -21.055209 0.733228 2.839864 -28.950979 0.458438 2.273824 -22.796656 -0.000001 0.000001 0.000004 9.104507 -0.043003 -1.865100 0.070822 3.465963 -21.045775 0.903631 3.127759 -32.223606 1.217261 3.576520 -37.583253 -0.000001 -0.000000 0.000003 8.077807 -0.486892 -3.806302 0.097183 3.588607 -20.884254 1.228784 3.591420 -37.767753 1.204523 3.559953 -37.378712 -0.000000 -0.000000 0.000002 -8.207801 -6.751702 -1.599541 -41.048204 -24.417904 -14.477602 93.797683 -6.455836 -7.715875 -3.546012 7.514782 4.912246 -10.087829 -0.000006 0.000023 0.000000 -0.000001 -0.000001 8.207797 -6.751701 -1.599550 -84.304670 -22.078909 25.395953 63.129656 -3.968429 7.483673 -6.439514 1.668707 -19.756250 0.925021 -0.000028 -0.000005 -0.000000 -0.000003 0.000001 
8.443283 52.088226 -38.196495 -15.718388 -21.308129 47.607358 -0.000002 10.181550 0.131518 51.073054 -6.504190 4.398515 13.602999 1.837917 5.470908 13.576938 3.407172 4.596794 -0.000001 16.740393 -2.049024 2.748192 -1.756208 -1.480079 0.000004 9.617834 1.684976 -9.160878 -29.682588 4.018192 -0.000002 22.037384 7.501072 -0.000001 0.000001 0.000002 -4.570003 11.014869 -2.160845 3.624826 33.492123 13.231114 -41.245631 -13.722846 12.970811 -0.000005 40.775516 0.000034 17.441889 -19.037042 -91.556370 -2.464821 -1.574020 2.681915 -6.963432 -10.458776 -31.773377 5.250097 2.273402 -0.728863 -18.384462 14.217599 -5.766179 -0.000001 0.000002 -0.000001 -9.108297 -0.517889 2.259806 3.636525 -12.396127 -8.404345 -0.000000 -0.000000 0.000000 -0.000000 -0.000000 0.000000 0.000000 -0.000001 -0.000000 -9.532497 0.000006 0.000002 -1.737811 -11.521443 -10.938656 0.000004 0.000005 0.000000 -0.000002 -0.000154 0.001699 -0.000001 0.000000 0.000000 -9.103601 -0.043101 -1.865098 -1.971719 -11.655359 -12.083978 0.000009 -0.000006 0.000014 -0.000002 -0.000260 0.003145 0.000000 -0.000001 -0.000000 -8.076694 -0.486719 -3.806293 -3.105864 -11.802510 -15.459771 -0.000001 -0.000004 -0.000001 -0.000003 0.000067 -0.000839 0.000001 -0.000001 0.000000 4.570392 11.014668 -2.160823 33.563495 -13.127182 -23.384360 -61.605847 -8.920657 -28.766971 0.000032 -104.519865 0.000031 10.955364 -11.910949 31.876145 2.466097 -1.576231 2.681692 -13.659017 -9.968203 17.601401 9.928671 34.163377 -2.175391 -2.039917 8.715899 25.840960 -0.000001 0.000002 0.000001 9.109303 -0.518035 2.259902 0.849761 5.529028 -20.014426 0.634409 2.653574 -26.888737 0.386946 2.095746 -20.921389 -0.000001 -0.000002 -0.000000 9.533404 0.000006 -0.000001 0.257514 3.941911 -20.667541 0.624170 2.633303 -26.666443 0.384553 2.089481 -20.856032 0.000000 -0.000000 -0.000000 9.104511 -0.043018 -1.865100 0.132920 3.592960 -20.238252 0.766786 2.899611 -29.620956 1.033511 3.324581 -34.530879 0.000001 -0.000000 -0.000000 8.077803 -0.486899 -3.806304 0.113823 3.505407 -19.448212 1.076613 3.386275 -35.267395 1.085447 3.398731 -35.416990 -0.000000 0.000000 -0.000000 -8.207804 -6.751709 -1.599541 -43.925001 -24.328029 -12.476833 100.181725 -4.643999 -7.685013 -3.659363 12.842888 8.817808 -20.718073 -0.000001 -0.000009 -0.000001 -0.000001 -0.000001 8.207796 -6.751709 -1.599548 -84.207141 -24.812406 27.182017 70.524183 -1.337599 5.443599 -15.920152 2.729406 -21.807104 5.319991 0.000004 -0.000001 0.000002 -0.000003 -0.000001 
6.284790 56.892372 -42.077904 -0.942358 -11.820707 46.740289 0.000005 10.181553 0.131531 52.327749 -8.083233 7.200449 14.278039 1.542244 4.954627 14.262569 2.941689 4.009682 -0.000006 16.740370 -2.049022 0.839901 -1.081168 -2.127790 -0.000001 9.617851 1.684980 -18.433017 -24.615985 3.747978 0.000001 22.037369 7.501081 0.000001 0.000001 0.000003 -4.570002 11.014854 -2.160843 5.409267 41.009935 2.773431 -43.311073 -10.641405 12.510143 0.000007 42.093418 0.000037 9.879029 -15.540308 -91.663181 -2.464801 -1.574002 2.681908 -6.792443 -8.170902 -33.886286 5.095226 2.194945 -0.667123 -14.766942 7.843312 -10.405362 0.000005 0.000000 -0.000001 -9.108297 -0.517873 2.259803 2.214632 -11.595038 -14.046932 0.000003 0.000005 -0.000000 0.000000 0.000001 -0.000000 0.000000 0.000000 -0.000000 -9.532502 0.000023 -0.000000 -2.424787 -10.363389 -16.288248 -0.000004 0.000001 0.000004 -0.000007 -0.000167 0.002039 -0.000000 0.000002 0.000000 -9.103596 -0.043087 -1.865102 -2.624171 -10.488437 -17.217555 -0.000003 0.000010 -0.000010 -0.000002 -0.000194 0.002283 -0.000000 -0.000002 -0.000000 -8.076694 -0.486705 -3.806297 -3.386741 -10.626422 -20.147583 0.000002 0.000006 0.000002 -0.000003 -0.000001 -0.000057 -0.000000 0.000000 -0.000000 4.570393 11.014653 -2.160821 36.876246 -16.566192 -18.337695 -69.636654 -21.250202 -26.924018 0.000055 -100.974218 0.000062 10.925692 -1.586483 14.445425 2.466100 -1.576229 2.681698 -13.122650 -9.616061 17.747073 9.684306 32.294432 -4.138744 -1.116219 5.594758 25.668119 -0.000002 0.000004 0.000001 9.109292 -0.518018 2.259898 0.821403 5.484738 -19.279486 0.544413 2.468274 -24.874847 0.288807 1.818503 -18.048184 0.000001 0.000004 -0.000000 9.533407 0.000005 -0.000001 0.504732 4.600172 -20.236823 0.490395 2.348342 -23.589062 0.289976 1.822106 -18.085139 -0.000001 -0.000002 0.000001 9.104497 -0.042999 -1.865099 0.314825 4.081347 -19.911086 0.597457 2.579492 -26.079199 0.802262 2.961068 -30.314934 0.000001 -0.000004 0.000001 8.077800 -0.486894 -3.806301 0.052285 3.330041 -19.436191 0.886294 3.100113 -31.904220 0.902428 3.125818 -32.201145 -0.000000 0.000001 0.000003 -8.207799 -6.751714 -1.599529 -50.500554 -20.558302 -16.356123 107.638324 -5.720171 -7.181126 -6.227104 17.664869 20.446062 -36.250761 0.000017 -0.000005 -0.000000 -0.000001 0.000001 8.207809 -6.751702 -1.599546 -78.641179 -22.599214 30.096477 73.532451 0.896804 3.317851 -23.068018 4.540931 -21.697151 8.799236 -0.000009 0.000036 -0.000002 -0.000001 0.000001 
4.267288 61.877892 -44.101612 14.574314 -2.818054 42.674236 -0.000000 10.181538 0.131515 52.588181 -8.669002 7.612193 14.339875 1.145905 4.133710 14.317948 2.278069 3.245057 -0.000005 16.740358 -2.049016 -1.460499 -0.354376 -2.182996 -0.000001 9.617836 1.684997 -26.561368 -18.036573 5.348453 -0.000002 22.037384 7.501069 0.000001 -0.000000 0.000005 -4.570006 11.014852 -2.160836 5.590993 44.392405 -5.169044 -43.776677 -5.105635 14.401855 -0.000017 42.866441 0.000032 2.594413 -13.331704 -91.213317 -2.464803 -1.573979 2.681911 -9.601761 -5.872486 -37.381547 4.929405 2.109886 -0.597704 -12.825371 3.539430 -12.955878 0.000004 -0.000004 0.000003 -9.108292 -0.517864 2.259803 -1.567008 -10.482252 -20.451229 -0.000005 -0.000012 0.000012 0.000005 0.000013 -0.000012 0.000000 0.000000 0.000000 -9.532495 0.000009 0.000003 -3.222949 -9.920200 -21.553825 0.000005 -0.000001 -0.000001 0.000002 -0.000224 0.002841 0.000000 -0.000002 -0.000000 -9.103600 -0.043088 -1.865098 -3.353810 -10.121869 -21.850593 -0.000003 -0.000005 0.000016 0.000003 -0.000255 0.003216 0.000000 -0.000000 -0.000000 -8.076702 -0.486701 -3.806299 -4.021137 -10.233853 -24.032483 -0.000002 0.000003 0.000006 0.000003 -0.000003 -0.000045 0.000001 0.000000 0.000001 4.570394 11.014668 -2.160818 39.160948 -20.559778 -11.226333 -77.574502 -24.283343 -27.998404 -0.000010 -100.894687 0.000008 18.580235 7.136446 9.225396 2.466100 -1.576217 2.681696 -12.985205 -9.290539 17.585558 9.406175 30.173368 -5.782740 -0.133882 1.957452 24.913873 0.000001 0.000003 -0.000006 9.109313 -0.518010 2.259900 0.775664 5.385702 -18.853562 0.427551 2.198969 -22.005442 0.198533 1.513769 -14.943940 0.000001 -0.000001 0.000001 9.533399 0.000003 -0.000000 0.760539 5.304540 -19.939451 0.342979 1.977009 -19.684446 0.198495 1.513650 -14.942617 0.000001 -0.000000 0.000001 9.104499 -0.043004 -1.865100 0.680557 5.110486 -19.346665 0.418140 2.175540 -21.758575 0.556176 2.493451 -25.146241 -0.000000 -0.000001 0.000002 8.077811 -0.486894 -3.806302 -0.066957 2.967999 -19.128489 0.680497 2.742468 -27.867778 0.673529 2.729284 -27.721720 -0.000001 0.000000 0.000001 -8.207805 -6.751711 -1.599549 -56.751526 -15.523417 -20.467676 112.677904 -0.652108 -6.534566 -10.323311 19.577771 27.174777 -53.655511 -0.000012 -0.000013 0.000000 -0.000000 0.000001 8.207798 -6.751710 -1.599552 -70.591815 -17.455255 33.707441 68.533968 4.121533 2.483666 -21.935596 5.132660 -16.532907 9.812415 -0.000001 -0.000021 -0.000001 0.000001 0.000001 
2.653721 66.235313 -44.486118 31.004039 4.401674 36.088370 0.000004 10.181553 0.131522 51.782536 -8.469216 5.880024 13.312083 0.616951 3.453593 13.265231 1.421936 2.769803 0.000001 16.740337 -2.049025 -3.540887 0.389476 -2.574859 -0.000003 9.617851 1.684984 -33.100893 -12.113936 7.707104 -0.000002 22.037384 7.501075 0.000001 -0.000001 0.000001 -4.570002 11.014855 -2.160842 5.564030 45.287989 -8.344381 -44.658089 1.752906 15.146009 -0.000010 45.133873 0.000041 -4.227439 -10.277029 -91.962459 -2.464795 -1.573986 2.681912 -11.685455 -4.875095 -38.545254 4.864619 2.073373 -0.558159 -12.655008 2.391670 -13.628955 0.000002 -0.000002 0.000003 -9.108296 -0.517892 2.259798 -3.194196 -10.028285 -22.317874 -0.000002 -0.000001 0.000004 0.000001 0.000004 -0.000012 -0.000000 -0.000000 -0.000000 -9.532502 -0.000000 -0.000003 -3.493696 -10.032750 -22.768856 -0.000002 -0.000000 0.000004 -0.000003 -0.000359 0.004409 0.000000 0.000001 -0.000000 -9.103601 -0.043111 -1.865105 -3.558683 -10.287425 -22.586797 0.000001 -0.000005 0.000008 0.000001 -0.000425 0.005176 -0.000000 0.000001 0.000000 -8.076695 -0.486692 -3.806301 -4.408745 -10.288598 -24.248353 -0.000002 0.000001 0.000003 0.000001 -0.000000 -0.000003 -0.000000 0.000000 0.000000 4.570397 11.014666 -2.160837 41.520314 -24.558309 -6.382041 -82.761115 -31.442892 -30.353248 -0.005529 -89.851979 -0.005183 35.728737 5.361174 20.745964 2.466101 -1.576216 2.681696 -12.996884 -9.447586 17.557080 9.338971 29.162726 -6.859532 0.985138 -0.624174 24.574717 0.000001 0.000002 -0.000001 9.109297 -0.518014 2.259896 0.826364 5.594680 -18.357887 0.300161 1.852970 -18.402604 0.116238 1.162551 -11.421548 -0.000000 0.000001 0.000001 9.533391 0.000002 0.000000 1.040044 6.116812 -19.418583 0.201336 1.524273 -15.050059 0.116177 1.162251 -11.418406 0.000001 0.000001 -0.000001 9.104504 -0.043008 -1.865103 1.197675 6.626719 -18.878887 0.250003 1.694820 -16.782135 0.313185 1.891651 -18.801308 -0.000002 -0.000001 -0.000002 8.077806 -0.486896 -3.806303 0.077696 3.369309 -18.606028 0.461766 2.281728 -22.880439 0.432671 2.211529 -22.137932 -0.000001 -0.000002 0.000000 -8.207796 -6.751716 -1.599536 -58.456427 -8.364706 -26.057481 110.223715 8.852128 -6.584531 -12.357115 25.290645 17.550666 -56.850048 -0.000006 -0.000010 0.000000 0.000001 -0.000002 8.207808 -6.751705 -1.599550 -62.148936 -10.301832 34.685849 55.817173 5.532823 3.293557 -15.186558 3.680234 -12.701289 8.682176 0.000010 0.000003 -0.000000 -0.000000 0.000001 
1.606945 70.333908 -42.922203 46.545373 6.866573 26.704860 -0.000003 10.181531 0.131530 51.775761 -7.685846 3.697507 11.287656 -0.138179 3.033279 11.221647 0.338490 2.657328 0.000001 16.740368 -2.049029 -4.742091 1.304956 -4.285312 0.000003 9.617856 1.684999 -38.257184 -6.356829 10.150704 -0.000003 22.037384 7.501072 -0.000000 0.000001 0.000000 -4.570001 11.014843 -2.160848 10.005004 48.498257 -13.187587 -46.584127 6.183490 13.664418 -0.000001 47.476368 0.000015 -11.460657 -8.656332 -92.034613 -2.464816 -1.573987 2.681914 -15.562180 -2.946594 -39.808139 4.959202 2.117546 -0.580593 -13.074403 2.372011 -13.712771 -0.000001 0.000001 0.000005 -9.108296 -0.517876 2.259802 -3.245729 -9.608925 -23.864126 0.000000 -0.000003 -0.000003 -0.000000 -0.000001 0.000000 -0.000000 -0.000002 0.000000 -9.532496 0.000004 0.000002 -3.513433 -9.697253 -23.589103 -0.000002 0.000000 0.000000 -0.000002 -0.000317 0.003985 0.000000 0.000001 0.000000 -9.103594 -0.043102 -1.865098 -3.436183 -9.965972 -22.604378 0.000000 -0.000000 0.000000 -0.000002 -0.000306 0.003753 0.000000 0.000001 0.000000 -8.076694 -0.486704 -3.806297 -7.861478 -8.239667 -23.943667 0.000000 -0.000005 0.000016 -0.000001 0.000003 -0.000015 0.000000 -0.000000 0.000000 4.570399 11.014650 -2.160822 42.490559 -28.750691 -3.455527 -94.354077 -33.753169 -37.743755 0.000004 -72.277950 0.000001 49.342977 3.241483 33.796124 2.466092 -1.576229 2.681698 -13.191710 -10.064983 17.649356 9.213473 29.003565 -6.968931 1.881182 -2.147567 24.554913 0.000001 0.000001 0.000003 9.109310 -0.518018 2.259897 0.816136 5.736022 -15.527028 0.173863 1.418161 -13.979708 0.049722 0.762577 -7.462877 -0.000001 0.000000 0.000000 9.533394 0.000001 -0.000000 1.103835 6.624303 -16.911267 0.088814 1.017394 -9.979294 0.049870 0.763627 -7.473269 -0.000000 -0.000000 -0.000001 9.104506 -0.042984 -1.865099 1.525885 7.719670 -18.103083 0.110378 1.133150 -11.128583 0.125575 1.207809 -11.872490 -0.000001 -0.000000 0.000001 8.077801 -0.486893 -3.806301 0.466627 5.149592 -17.899187 0.243696 1.673804 -16.567855 0.232454 1.635555 -16.178575 0.000001 0.000000 -0.000000 -8.207794 -6.751708 -1.599536 -56.866926 -3.433658 -32.196538 92.392242 9.891599 -6.599568 -5.476205 30.111002 10.862366 -38.835609 0.000009 -0.000001 0.000002 -0.000001 -0.000002 8.207797 -6.751700 -1.599543 -53.396571 -4.271335 33.508399 40.136125 6.443315 5.279252 3.930016 -2.929326 -5.516386 7.762620 0.000014 0.000016 -0.000003 -0.000001 0.000002 
2.073622 73.837631 -39.853363 58.871436 2.628081 15.782931 0.000001 10.181561 0.131528 52.425780 -5.954105 1.876690 9.251486 -0.885498 2.834634 9.192689 -0.707568 2.771731 0.000002 16.740374 -2.049021 -5.010640 2.332432 -6.902330 0.000003 9.617840 1.684998 -42.435644 0.591266 11.815465 0.000001 22.037369 7.501070 -0.000000 -0.000000 -0.000000 -4.570001 11.014861 -2.160842 20.039708 54.718858 -23.958989 -48.043199 8.237137 10.950149 -0.000026 48.100470 0.000052 -18.052175 -6.383786 -91.930036 -2.464813 -1.573998 2.681902 -18.066503 -0.380548 -40.252402 5.072114 2.176100 -0.630112 -13.206344 1.990052 -13.643655 -0.000001 -0.000002 -0.000004 -9.108300 -0.517879 2.259799 -2.652351 -8.110767 -24.527949 -0.000001 0.000003 -0.000002 0.000001 -0.000003 0.000006 -0.000000 -0.000001 -0.000000 -9.532501 0.000015 -0.000003 -2.900178 -8.193854 -23.654460 0.000004 -0.000007 0.000007 -0.000004 -0.000157 0.001806 0.000000 -0.000003 0.000000 -9.103590 -0.043100 -1.865105 -2.714197 -8.358932 -22.045206 -0.000002 0.000003 0.000000 -0.000001 -0.000122 0.001416 -0.000000 -0.000002 0.000000 -8.076694 -0.486698 -3.806303 -9.921194 -5.252012 -22.869415 0.000007 0.000007 0.000012 0.000000 -0.000000 -0.000000 0.000001 -0.000001 -0.000000 4.570401 11.014647 -2.160831 40.317172 -33.479388 -0.244758 -99.701945 -24.156579 -40.589478 -0.000034 -64.896537 -0.000022 39.368893 13.489885 53.690413 2.466100 -1.576232 2.681699 -14.218313 -10.528266 18.977628 8.279403 26.419090 -5.939120 1.954661 -4.256391 24.153038 -0.000000 0.000004 -0.000001 9.109303 -0.518036 2.259903 0.590676 4.464730 -7.691942 0.063388 0.860453 -8.427411 0.012915 0.389316 -3.801651 -0.000001 -0.000001 -0.000004 9.533409 0.000006 0.000004 0.500504 5.254935 -10.384403 0.020312 0.488030 -4.767852 0.012874 0.388587 -3.794835 -0.000002 0.000001 0.000003 9.104500 -0.042998 -1.865097 0.892214 6.258471 -14.632350 0.026353 0.555834 -5.432264 0.029175 0.584682 -5.714933 -0.000001 -0.000001 -0.000001 8.077814 -0.486914 -3.806300 0.373223 5.731222 -15.013989 0.079248 0.961464 -9.425714 0.099452 1.076122 -10.561758 -0.000002 0.000000 0.000000 -8.207803 -6.751706 -1.599540 -53.616951 -0.381043 -37.484611 62.162726 8.094363 -6.021354 14.774491 23.041479 6.899073 -16.435967 -0.000008 -0.000001 0.000001 0.000000 -0.000000 8.207803 -6.751701 -1.599548 -44.685498 -0.319093 31.418122 29.643390 3.254315 7.579716 23.953714 -9.456956 -0.280743 8.472851 0.000007 0.000006 0.000001 0.000000 -0.000000 
4.107044 74.689468 -37.996620 66.947069 -7.066300 5.786277 0.000001 10.181538 0.131536 51.324606 -2.626382 -0.284565 8.263730 -1.042525 2.685058 8.238532 -1.147514 2.840783 0.000001 16.740360 -2.049022 -4.613170 3.104775 -8.872062 0.000002 9.617848 1.684991 -44.590610 8.298409 11.778055 0.000000 22.037384 7.501073 -0.000000 0.000000 -0.000001 -4.570005 11.014840 -2.160844 26.682429 59.054328 -31.101809 -45.455623 12.771960 8.892791 -0.000044 47.672395 0.000049 -23.710670 -5.577586 -91.155630 -2.464804 -1.573981 2.681914 -19.872719 2.647388 -40.044368 5.182060 2.240676 -0.708587 -12.898941 1.330502 -13.199220 -0.000001 -0.000003 0.000001 -9.108298 -0.517876 2.259803 -1.962849 -6.147127 -24.817737 0.000001 -0.000010 0.000016 -0.000000 0.000001 -0.000000 0.000001 0.000002 -0.000000 -9.532496 -0.000006 0.000000 -2.037253 -6.249159 -23.289499 -0.000005 0.000001 0.000003 0.000002 -0.000053 0.000718 -0.000000 0.000001 -0.000000 -9.103597 -0.043102 -1.865100 -1.764859 -6.237342 -20.948472 0.000001 0.000006 0.000002 -0.000001 -0.000052 0.000514 -0.000001 0.000003 -0.000000 -8.076691 -0.486710 -3.806301 -11.993248 -1.897347 -20.458341 0.000000 0.000001 0.000000 0.000681 0.079590 -0.976980 -0.000000 0.000003 0.000000 4.570400 11.014651 -2.160817 39.606457 -37.803516 5.878007 -104.181654 -9.573810 -39.228597 -0.000012 -56.951074 -0.000008 17.045172 6.763648 75.988348 2.466102 -1.576217 2.681699 -15.366551 -10.008879 22.422838 6.269630 17.992048 -4.581788 1.328683 -7.952259 22.988250 0.000001 0.000003 0.000003 9.109309 -0.518012 2.259898 0.674519 0.262774 1.204040 0.007149 0.289668 -2.827793 0.002539 0.172871 -1.687032 0.000000 -0.000001 -0.000001 9.533398 0.000000 -0.000002 -0.000377 0.562074 -2.043310 0.000086 0.032334 -0.315503 0.002695 0.177907 -1.736319 0.000001 -0.000005 -0.000002 9.104517 -0.042995 -1.865101 -0.064349 1.191289 -5.204553 0.001988 0.152658 -1.489871 0.002264 0.163066 -1.591589 0.000001 -0.000001 -0.000006 8.077805 -0.486890 -3.806301 -0.450666 1.540226 -7.740842 0.011591 0.368840 -3.601524 0.027543 0.568121 -5.552750 0.000000 -0.000000 0.000001 -8.207804 -6.751717 -1.599529 -51.910455 0.883719 -37.582839 33.805130 1.506924 -6.210306 12.127986 8.242659 11.132732 -5.245791 0.000002 0.000007 -0.000000 0.000003 0.000002 8.207796 -6.751708 -1.599536 -39.337344 0.759859 30.610562 30.230786 2.004358 9.283896 36.484982 -13.639604 3.092635 7.116357 0.000006 -0.000008 0.000002 0.000001 -0.000001 
6.893840 72.708038 -38.204468 69.968909 -19.593764 -4.084810 -0.000001 10.181545 0.131526 48.266652 3.047650 -2.433610 8.283526 -0.427565 1.998044 8.300772 -0.846081 2.254033 -0.000002 16.740366 -2.049019 -3.780718 3.444271 -9.220973 -0.000001 9.617855 1.684991 -42.672047 15.425251 10.474128 0.000000 22.037384 7.501076 0.000000 -0.000000 -0.000001 -4.570004 11.014857 -2.160845 19.056743 58.029834 -21.363315 -36.113864 19.707927 6.958292 -0.000028 53.477431 0.000042 -30.617665 -6.476271 -86.480905 -2.464803 -1.573991 2.681907 -13.730933 12.963851 -35.681342 5.241748 -6.642545 -1.316008 -7.689773 -7.436171 -14.399246 -0.000002 -0.000002 0.000003 -9.108285 -0.517878 2.259797 -1.098660 -3.952059 -28.021247 0.000645 -0.076899 0.944078 -0.000002 -0.008531 0.104804 0.000000 0.000001 -0.000000 -9.532497 -0.000005 -0.000006 -1.413501 -4.242010 -25.975088 0.000583 -0.073701 0.904734 0.000011 0.010460 -0.128360 0.000001 -0.000000 -0.000000 -9.103596 -0.043099 -1.865107 -1.330173 -4.720813 -22.517544 0.001495 -0.117958 1.448123 0.002957 -0.166206 2.040783 0.000001 0.000001 -0.000001 -8.076700 -0.486704 -3.806304 -6.007989 -3.684391 -18.306980 0.001393 -0.113978 1.399322 0.001505 -0.118657 1.456824 0.000001 0.000000 0.000000 4.570404 11.014658 -2.160823 49.239189 -37.387984 16.332302 -117.887043 0.012724 -38.687534 0.000004 -42.895087 0.000007 -2.052815 -15.542560 84.566266 2.466096 -1.576210 2.681700 -29.029366 -31.390481 11.383203 10.526993 55.766097 0.139503 -7.894136 -28.082560 12.438866 -0.000004 0.000002 -0.000001 9.109307 -0.518010 2.259902 2.387058 -3.323936 27.537347 2.429019 4.748968 -54.160043 0.129894 -1.228013 12.074114 0.000000 -0.000000 0.000002 9.533389 0.000020 0.000006 1.921342 -3.091808 23.617585 2.032915 4.436997 -49.216502 0.155740 -1.343154 13.226191 -0.000001 0.000001 -0.000000 9.104505 -0.042986 -1.865095 1.570279 -2.847534 19.640841 1.601680 4.025962 -43.376988 0.175851 -1.425955 14.058239 -0.000000 0.000000 0.000004 8.077797 -0.486895 -3.806300 -7.615323 -2.308770 16.266200 1.283526 3.660844 -38.633275 0.181726 -1.449198 14.292243 0.000000 -0.000001 0.000000 -8.207805 -6.751709 -1.599541 -54.564967 3.892893 -33.774626 19.679903 -4.514110 -7.187962 11.126811 -8.155723 23.705029 -3.105561 0.000007 0.000010 0.000001 -0.000000 0.000002 8.207803 -6.751696 -1.599549 -40.624452 -1.354174 30.220964 44.096487 0.123582 9.217007 37.404937 -19.155108 3.558373 0.152684 -0.000000 -0.000004 -0.000000 -0.000001 -0.000000 
9.488137 68.536781 -40.292732 65.776040 -31.442479 -15.122146 -0.000003 10.181559 0.131525 46.077129 8.108287 -3.627996 8.475767 0.277288 0.074617 8.514708 -0.534413 0.383465 -0.000005 16.740372 -2.049015 -3.092326 3.651548 -8.334872 0.000002 9.617847 1.684997 -36.644535 22.255161 9.629769 0.000000 22.037369 7.501071 0.000000 -0.000000 -0.000000 -4.570004 11.014865 -2.160840 10.935674 50.995668 -9.199948 -22.744055 25.179827 1.335337 -0.000003 63.649693 0.000043 -38.840444 -11.718224 -72.839132 -2.464799 -1.573977 2.681917 -12.968833 19.053614 -28.864731 6.611157 -16.614375 -2.285287 -4.771648 -13.568670 -16.101404 0.000000 0.000003 -0.000002 -9.108289 -0.517883 2.259804 -0.455077 -2.975849 -32.542225 0.008587 -0.282956 3.475744 0.002774 0.161094 -1.977985 0.000001 -0.000002 -0.000001 -9.532487 0.000012 -0.000001 -1.155009 -3.237942 -29.225095 0.006757 -0.251202 3.085235 0.002947 0.165730 -2.034837 0.000001 -0.000002 0.000001 -9.103599 -0.043087 -1.865102 -1.041618 -3.985068 -22.665795 0.015433 -0.379164 4.659653 0.053165 -0.702533 8.657366 0.000001 0.000001 0.000000 -8.076701 -0.486720 -3.806302 -1.735733 -4.221147 -15.092276 0.044854 -0.645501 7.949744 0.038168 -0.595637 7.332050 0.000000 -0.000000 -0.000003 4.570403 11.014661 -2.160818 62.631523 -30.123060 20.578431 -132.531871 11.336590 -42.870044 -0.000002 -51.862767 -0.000010 9.548079 -18.336968 84.315974 2.466082 -1.576223 2.681701 -20.248138 -16.079336 21.662275 6.441189 21.562885 -0.845793 -0.826313 -16.044159 20.003860 -0.000004 0.000003 -0.000002 9.109305 -0.518009 2.259904 1.943862 -3.525144 21.321103 0.560148 2.501896 -25.237631 0.160188 -1.361908 13.414427 0.000000 0.000001 -0.000001 9.533391 0.000007 0.000005 1.567906 -3.190994 17.844757 0.243779 1.674090 -16.570787 0.074403 -0.931616 9.130320 0.000000 -0.000001 -0.000000 9.104498 -0.042997 -1.865096 0.983706 -2.652949 11.594526 0.000000 -0.000001 0.000000 0.001136 -0.115378 1.125918 -0.000000 -0.000000 0.000000 8.077799 -0.486885 -3.806297 -0.633948 -3.137544 11.848567 0.000001 0.000001 0.000001 0.002327 -0.165098 1.611187 0.000000 -0.000001 -0.000000 -8.207805 -6.751706 -1.599541 -52.099539 2.708472 -32.626174 8.347779 -2.555189 -7.774043 21.344269 -16.245357 28.781044 -1.961145 0.000005 0.000017 -0.000001 -0.000002 -0.000001 8.207799 -6.751704 -1.599548 -43.405890 -1.684584 26.645273 57.903502 -4.552774 7.590245 27.371194 -26.962822 -1.571269 -4.466301 0.000002 -0.000005 -0.000001 0.000002 -0.000002 
11.192654 63.458534 -42.404091 53.305436 -39.533517 -29.220642 -0.000002 10.181551 0.131521 46.546247 9.855931 -3.132381 8.440923 0.241059 -2.955512 8.465042 -1.034243 -2.560639 -0.000004 16.740362 -2.049025 -3.229349 4.069305 -6.923696 0.000001 9.617831 1.684983 -28.594590 30.227702 9.474867 -0.000001 22.037384 7.501071 0.000001 0.000000 0.000000 -4.570003 11.014870 -2.160844 13.194249 45.997236 -8.960092 -14.623669 24.818669 -4.095824 -0.000042 70.603051 0.000108 -32.427044 -20.236322 -45.665306 -2.464791 -1.574003 2.681916 -10.378819 15.772538 -20.722715 7.179213 -20.970945 -2.650516 -3.610985 -16.552933 -17.065742 -0.000003 0.000001 0.000003 -9.108286 -0.517883 2.259809 -1.975406 -7.448634 -33.782566 0.048228 -0.669180 8.243477 0.000021 -0.010903 0.133834 0.000002 0.000001 0.000003 -9.532494 0.000001 0.000005 -3.223019 -7.157703 -28.801026 0.050260 -0.683116 8.416326 0.000009 -0.010575 0.129891 -0.000006 -0.000001 -0.000000 -9.103590 -0.043095 -1.865095 -0.759664 -4.679768 -15.169855 0.084652 -0.884831 10.928864 0.260908 -1.538458 19.250178 -0.000003 -0.000003 0.000001 -8.076696 -0.486709 -3.806292 -0.153145 -3.851305 -6.372522 0.239496 -1.475691 18.435596 0.200294 -1.352476 16.847452 0.000001 -0.000001 0.000001 4.570400 11.014662 -2.160835 63.455722 -24.544613 8.328094 -131.599891 15.875767 -52.090707 0.000032 -60.076254 0.000018 17.673845 -14.109621 84.601366 2.466097 -1.576222 2.681703 -18.616524 -15.015899 23.111441 5.596553 18.055130 -0.948255 0.749636 -12.825518 21.572318 -0.000004 0.000002 -0.000001 9.109303 -0.518024 2.259902 1.958033 -3.467878 21.823084 0.435524 2.218555 -22.211997 0.078811 -0.958619 9.397373 -0.000000 -0.000001 0.000000 9.533388 0.000005 0.000002 1.532470 -3.093648 17.795559 0.144271 1.293547 -12.729177 0.023527 -0.524978 5.129752 -0.000000 0.000000 -0.000000 9.104506 -0.043004 -1.865099 1.078563 -2.680960 12.887073 0.000000 -0.000001 -0.000012 -0.000005 -0.000001 -0.000012 -0.000000 -0.000001 0.000000 8.077798 -0.486886 -3.806300 -0.697498 -3.274575 13.382358 -0.000002 0.000002 -0.000016 0.000007 -0.007379 0.071929 0.000000 -0.000001 0.000000 -8.207807 -6.751708 -1.599545 -49.613941 1.514583 -32.250944 1.821398 -6.310456 -7.377356 27.690663 -19.313548 26.324562 -0.971604 0.000002 0.000007 0.000002 0.000002 0.000002 8.207803 -6.751696 -1.599545 -45.832707 1.154162 20.466269 65.559045 -6.390739 5.611625 15.490779 -29.947787 -8.480177 3.606101 -0.000015 -0.000029 0.000000 0.000001 -0.000001 
12.042572 58.092552 -42.912094 34.758481 -42.989791 -46.935380 0.000003 10.181545 0.131521 48.613305 8.388755 -2.069257 8.331968 -0.562635 -5.962920 8.318626 -2.279930 -5.441929 -0.000003 16.740345 -2.049018 -3.631974 4.566647 -5.132609 0.000002 9.617845 1.684982 -18.942751 39.170209 7.514442 0.000001 22.037384 7.501071 0.000001 -0.000000 0.000000 -4.570002 11.014869 -2.160834 19.961952 43.374228 -15.853313 -19.319118 18.809591 -3.206092 -0.000178 83.837396 0.000273 -26.425650 -14.984373 -18.335621 -2.464803 -1.573992 2.681908 -5.461001 9.271470 -13.452104 7.149197 -21.012635 -2.643460 -3.995445 -16.179147 -17.055104 -0.000002 -0.000001 0.000001 -9.108286 -0.517858 2.259805 0.768894 -2.699898 -8.453915 0.221197 -1.419657 17.711331 0.093882 -0.931365 11.511464 -0.000002 -0.000001 0.000002 -9.532489 0.000020 -0.000000 -0.008140 -2.885342 -4.195308 0.250620 -1.508669 18.862904 0.091831 -0.921151 11.383636 -0.000003 0.000001 0.000002 -9.103601 -0.043089 -1.865099 0.087735 -3.173676 2.913916 0.328054 -1.718639 21.612438 0.623473 -2.329674 29.960796 -0.000001 0.000002 0.000000 -8.076712 -0.486712 -3.806298 -0.214171 -4.069200 8.766836 0.575324 -2.244144 28.754270 0.538563 -2.175890 27.801517 -0.000001 -0.000000 0.000001 4.570395 11.014652 -2.160817 47.993000 -16.876313 -15.901532 -115.077991 14.086886 -60.777830 0.000016 -63.274538 0.000022 23.261934 -12.135010 87.323313 2.466091 -1.576221 2.681693 -17.217802 -16.303803 22.832909 5.455673 20.169670 -1.124395 1.214834 -11.654505 22.712681 -0.000001 0.000003 0.000003 9.109307 -0.518025 2.259890 1.937339 -3.292782 22.522899 0.615844 2.616699 -26.484967 0.103342 -1.096604 10.765379 -0.000000 -0.000002 -0.000001 9.533397 0.000020 -0.000009 1.613863 -2.996743 19.480406 0.345393 1.983699 -19.754002 0.069245 -0.898928 8.807341 0.000000 -0.000000 -0.000000 9.104499 -0.043004 -1.865102 0.923288 -2.335071 11.703039 0.000001 0.000000 -0.000000 -0.000002 0.000009 -0.000022 0.000001 -0.000001 0.000000 8.077791 -0.486884 -3.806305 -0.836756 -2.894666 12.164517 0.000006 -0.000003 -0.000007 0.000000 0.000000 -0.000000 0.000001 0.000001 -0.000000 -8.207805 -6.751712 -1.599539 -52.110696 3.490651 -29.880111 6.753695 -1.602429 -6.171025 24.307277 -16.831437 25.788494 -0.285451 0.000008 -0.000022 -0.000001 0.000000 -0.000000 8.207804 -6.751708 -1.599543 -49.082661 3.162268 17.279749 68.971284 -7.924730 4.721562 18.524182 -29.722408 -11.470471 17.374073 0.000004 0.000001 0.000001 0.000000 -0.000002 
11.611683 52.263527 -41.751244 13.361772 -40.920818 -67.124271 0.000007 10.181550 0.131538 50.109300 6.270595 -1.775864 8.237031 -1.505352 -7.883806 8.186999 -3.531512 -7.242470 -0.000000 16.740360 -2.049021 -2.689235 4.740163 -3.103057 0.000003 9.617855 1.684981 -5.677948 46.349838 1.183523 0.000000 22.037384 7.501076 -0.000001 0.000001 -0.000001 -4.570004 11.014856 -2.160846 23.436860 39.028381 -16.721818 -33.750082 6.868466 -1.577631 0.001154 92.206830 -0.001339 -44.378516 -2.629351 -8.847614 -2.464803 -1.573993 2.681911 -0.649656 5.492412 -6.764058 7.050283 -20.405769 -2.586096 -4.528363 -15.098297 -16.705603 -0.000003 -0.000001 0.000001 -9.108301 -0.517857 2.259804 0.748116 -3.039626 12.504030 0.656512 -2.386049 30.764238 0.511554 -2.123892 27.081215 -0.000001 -0.000005 0.000002 -9.532497 0.000011 -0.000001 0.142042 -3.273798 16.433640 0.687079 -2.436653 31.491062 0.508301 -2.117504 26.993002 -0.000002 0.000001 0.000001 -9.103600 -0.043103 -1.865102 0.203442 -3.551856 21.059555 0.737972 -2.517728 32.668074 0.932560 -2.797764 36.862616 -0.000001 0.000002 0.000003 -8.076708 -0.486703 -3.806298 -0.272338 -5.138876 25.580182 0.859585 -2.697805 35.340382 0.904101 -2.759463 36.275889 -0.000003 -0.000001 -0.000000 4.570398 11.014646 -2.160822 32.547791 0.340571 -35.345385 -92.482257 13.242317 -64.170966 -0.000016 -65.990358 -0.000017 25.770743 -11.506279 88.959157 2.466094 -1.576234 2.681705 -16.962406 -15.069971 23.986067 4.916004 17.271779 -1.864730 1.864776 -10.421134 24.009279 0.000001 0.000007 0.000004 9.109311 -0.518023 2.259902 2.041943 -3.465985 21.986796 0.426347 2.195976 -21.973922 0.058890 -0.829393 8.121078 0.000000 -0.000002 0.000000 9.533398 0.000020 0.000007 1.537918 -3.098316 17.851505 0.142353 1.285018 -12.643809 0.019111 -0.473258 4.623179 0.000000 0.000000 0.000000 9.104506 -0.042995 -1.865098 1.066223 -2.669109 12.746315 0.000000 0.000002 0.000000 0.000545 -0.080142 0.782082 0.000000 0.000000 0.000000 8.077795 -0.486888 -3.806296 -0.705500 -3.254171 13.169438 -0.000001 0.000003 -0.000020 0.000519 -0.077855 0.759773 0.000001 -0.000000 0.000000 -8.207800 -6.751712 -1.599535 -53.272689 3.314630 -25.871090 5.066924 -1.690779 -4.299585 23.096875 -12.166273 28.439788 0.902087 0.000001 -0.000026 -0.000000 0.000002 0.000000 8.207808 -6.751705 -1.599546 -52.409117 3.562089 17.290076 68.792880 -10.770051 4.850297 25.632165 -25.811510 -13.646159 24.512331 0.000001 0.000024 -0.000001 -0.000000 -0.000001 
8.792923 46.557175 -39.107052 -4.475612 -31.149177 -80.284960 -0.000001 10.181540 0.131523 49.923362 4.349478 -1.873029 8.090012 -2.194693 -8.562329 8.020545 -4.350770 -7.836425 0.000003 16.740379 -2.049022 0.039908 4.494188 -1.528045 0.000004 9.617847 1.684979 10.265202 48.694130 -8.124089 -0.000001 22.037369 7.501062 0.000001 0.000001 0.000000 -4.570004 11.014853 -2.160848 24.113249 35.283169 -11.624473 -38.813165 -1.807209 -2.046213 -0.000155 76.689303 0.000222 -55.376155 6.864324 0.904003 -2.464788 -1.574000 2.681905 1.572671 4.453562 -2.735582 6.960502 -19.540090 -2.522254 -4.413856 -15.002434 -16.648316 0.000003 -0.000004 -0.000000 -9.108293 -0.517861 2.259797 0.799978 -3.614782 24.532759 1.075590 -2.978756 39.700584 0.966904 -2.842966 37.560901 0.000001 0.000001 -0.000000 -9.532496 0.000017 -0.000005 0.271518 -3.870033 28.232133 1.016230 -2.905885 38.544212 0.967906 -2.844240 37.580807 0.000000 0.000003 0.000003 -9.103602 -0.043103 -1.865104 0.397903 -4.173745 31.820321 1.000529 -2.886062 38.233193 1.034486 -2.928632 38.903088 -0.000002 0.000003 0.000002 -8.076705 -0.486716 -3.806304 0.107353 -5.750644 36.160913 0.963461 -2.838500 37.491397 1.067593 -2.969085 39.545904 0.000003 0.000002 -0.000001 4.570402 11.014679 -2.160820 25.283540 11.489346 -39.863959 -75.959135 24.138411 -60.348813 0.000038 -68.130468 0.000040 29.558859 -11.935221 90.603771 2.466100 -1.576214 2.681700 -17.814706 -15.430692 23.607340 5.042656 18.297539 -1.917825 1.735143 -11.741880 24.649017 -0.000003 0.000002 -0.000001 9.109311 -0.518003 2.259897 2.017095 -3.494923 22.333240 0.437732 2.223954 -22.268852 0.064527 -0.867982 8.501700 0.000000 -0.000001 -0.000000 9.533399 0.000019 -0.000005 1.575555 -3.123160 18.271255 0.152120 1.327785 -13.072274 0.022120 -0.509092 4.974189 -0.000001 -0.000000 -0.000000 9.104498 -0.043005 -1.865102 1.101157 -2.695912 13.167351 0.000003 0.000001 -0.000011 -0.000005 0.000010 -0.000012 -0.000000 0.000000 -0.000000 8.077796 -0.486888 -3.806304 -0.689916 -3.295193 13.592882 0.000007 -0.000001 -0.000008 0.000167 -0.044800 0.437293 0.000000 0.000000 0.000000 -8.207807 -6.751710 -1.599541 -53.223450 2.300268 -25.539319 0.026960 -5.062103 -2.571040 21.866321 -12.149475 25.553973 2.371429 -0.000011 -0.000020 0.000000 0.000002 0.000000 8.207800 -6.751708 -1.599556 -53.480163 5.442707 17.510305 64.383672 -8.509163 4.549624 32.636587 -20.443613 -6.315679 25.671961 0.000002 -0.000021 -0.000001 0.000000 -0.000000 
4.089111 42.101921 -35.014923 -16.546908 -17.582666 -81.554398 -0.000001 10.181554 0.131536 48.427865 2.094987 -0.945938 8.023246 -2.786929 -8.402041 7.956243 -4.922636 -7.622109 -0.000002 16.740360 -2.049023 3.094868 4.127029 -0.979653 0.000004 9.617845 1.684970 23.617414 46.473792 -15.681703 0.000002 22.037384 7.501069 0.000000 0.000000 0.000000 -4.570005 11.014855 -2.160848 26.005723 30.101392 -13.219275 -39.903874 -8.257206 2.835240 -0.000053 61.716292 0.000099 -38.185590 14.082633 -13.923769 -2.464813 -1.573998 2.681908 1.100788 4.764936 -2.402200 6.971796 -19.500801 -2.525482 -4.313524 -14.626106 -16.618231 -0.000001 -0.000003 -0.000000 -9.108309 -0.517856 2.259804 0.943060 -3.883915 26.449995 1.136681 -3.050760 40.862157 1.035269 -2.929579 38.918230 0.000000 0.000003 -0.000001 -9.532513 0.000013 0.000002 0.412435 -4.160113 29.929274 0.991685 -2.874826 38.057312 1.030763 -2.923992 38.829929 -0.000000 -0.000003 0.000001 -9.103606 -0.043102 -1.865102 0.544966 -4.432012 33.346319 0.987060 -2.868913 37.965019 0.945130 -2.814418 37.119268 -0.000004 0.000004 -0.000001 -8.076725 -0.486722 -3.806295 0.289033 -5.627357 37.256336 0.954410 -2.826614 37.307699 0.983681 -2.864605 37.897510 -0.000001 0.000003 0.000000 4.570385 11.014649 -2.160816 23.806568 4.842835 -34.631737 -76.427966 46.569353 -47.375643 0.000024 -67.577052 0.000039 32.127185 -12.451003 91.367229 2.466092 -1.576207 2.681700 -18.417342 -16.539817 23.681809 5.234728 20.133615 -1.848306 1.680151 -13.126472 25.287816 -0.000000 0.000003 0.000001 9.109291 -0.518023 2.259897 2.120085 -3.553514 23.496868 0.455513 2.266861 -22.722777 0.058411 -0.826031 8.087920 -0.000000 0.000000 0.000001 9.533387 0.000012 -0.000007 1.690174 -3.196973 19.539773 0.172991 1.414643 -13.944354 0.021252 -0.499006 4.875449 0.000000 -0.000000 0.000000 9.104497 -0.043003 -1.865103 1.168481 -2.739362 14.001895 0.000000 -0.000000 0.000000 0.000009 0.000003 -0.000035 -0.000001 -0.000003 -0.000000 8.077797 -0.486897 -3.806305 -0.644827 -3.400504 14.692060 0.000002 0.000001 -0.000008 0.000003 0.000001 0.000002 0.000000 -0.000001 -0.000000 -8.207802 -6.751707 -1.599547 -60.496686 5.617890 -29.257686 11.854865 -0.955039 -1.821939 14.280622 -14.704970 25.583293 3.062993 -0.000009 0.000022 0.000000 0.000001 -0.000001 8.207798 -6.751705 -1.599536 -55.377914 9.720936 16.680869 61.650326 -16.265988 2.816965 41.848432 -13.347728 20.337978 26.979252 0.000002 0.000006 0.000000 0.000001 0.000006 
-0.282219 38.726364 -30.221144 -25.996631 -5.889178 -79.930576 0.000000 10.181564 0.131528 46.790416 -0.966015 1.365721 8.349695 -3.539907 -7.646970 8.304942 -5.542376 -6.827002 0.000006 16.740368 -2.049019 5.071353 3.929670 -1.239084 0.000001 9.617852 1.684974 31.838705 42.731029 -19.972540 0.000001 22.037369 7.501069 0.000000 -0.000001 -0.000000 -4.570002 11.014865 -2.160840 26.896617 24.143342 -15.876483 -40.925394 -17.411786 9.987381 -0.000033 58.395399 0.000066 -16.521785 5.033951 -35.780462 -2.464801 -1.573992 2.681920 -0.631817 5.252549 -4.819496 6.860060 -18.570668 -2.453520 -4.328986 -13.769578 -16.477621 0.000002 0.000000 0.000001 -9.108307 -0.517865 2.259812 0.755880 -3.680007 23.491386 0.910652 -2.768374 36.412114 0.821530 -2.643394 34.523509 0.000003 0.000000 0.000000 -9.532524 0.000029 0.000008 0.295799 -3.879125 26.643255 0.761435 -2.553920 33.198568 0.810484 -2.627254 34.283161 -0.000003 0.000001 0.000001 -9.103608 -0.043104 -1.865098 0.379534 -4.102163 29.887658 0.772287 -2.570391 33.440961 0.788800 -2.595209 33.807473 -0.000001 0.000000 0.000000 -8.076725 -0.486703 -3.806292 -0.015314 -5.122084 33.047314 0.792875 -2.601282 33.897409 0.820872 -2.642421 34.509394 -0.000001 0.000002 -0.000000 4.570405 11.014656 -2.160818 25.947711 -1.501901 -32.369288 -84.161857 63.519120 -32.732343 0.000008 -63.311298 -0.000003 31.030697 -13.403725 92.522781 2.466091 -1.576214 2.681705 -18.409170 -17.771596 24.266585 5.353410 21.726316 -1.866911 1.808603 -13.866821 26.017143 0.000001 0.000002 0.000001 9.109311 -0.518002 2.259903 2.263464 -3.611408 24.855630 0.462873 2.284346 -22.908355 0.043614 -0.714166 6.986655 0.000000 -0.000001 -0.000000 9.533392 -0.000008 0.000003 1.816657 -3.272124 20.940173 0.188292 1.474905 -14.551482 0.016498 -0.439776 4.295502 -0.000000 0.000001 0.000001 9.104501 -0.042981 -1.865095 1.250445 -2.790406 15.015500 0.000000 0.000006 -0.000010 -0.000002 0.000011 -0.000070 -0.000001 -0.000001 0.000000 8.077796 -0.486896 -3.806301 -0.591679 -3.511176 15.862445 0.000000 0.000000 0.000000 0.000000 0.000000 0.000000 0.000001 0.000000 0.000000 -8.207801 -6.751702 -1.599545 -58.316203 3.734686 -32.183551 -0.026354 -1.168410 -1.842748 18.531823 -14.355538 22.660636 2.946311 -0.000020 0.000033 0.000001 0.000001 0.000001 8.207800 -6.751698 -1.599552 -58.106434 11.146974 23.147439 54.226559 -18.962302 0.622741 46.896058 -13.044369 23.124299 28.610686 -0.000005 0.000028 -0.000001 0.000002 -0.000000 
-3.545158 36.777382 -25.610006 -34.017142 2.627476 -77.456558 0.000001 10.181550 0.131524 46.199205 -4.074459 3.844131 9.201291 -4.361234 -6.295349 9.193376 -6.124377 -5.451471 0.000003 16.740355 -2.049023 6.019117 3.919940 -1.731370 -0.000003 9.617847 1.684969 35.505980 39.553178 -21.760406 0.000003 22.037369 7.501077 -0.000000 -0.000002 -0.000002 -4.569997 11.014853 -2.160848 23.960606 21.721733 -10.025859 -28.868700 -25.461717 18.267843 -0.000100 58.186047 0.000123 -6.380674 -9.021045 -50.191686 -2.464796 -1.574000 2.681913 -3.090192 6.494384 -8.415194 6.821491 -18.313359 -2.430305 -4.657171 -12.119964 -16.118037 0.000002 -0.000004 0.000003 -9.108309 -0.517873 2.259801 0.637892 -3.424133 18.672458 0.633340 -2.346725 30.203274 0.562450 -2.220545 28.423805 -0.000001 -0.000001 -0.000002 -9.532509 0.000007 -0.000001 0.218121 -3.596191 21.380697 0.534973 -2.169049 27.706490 0.552202 -2.201527 28.158177 -0.000001 0.000001 0.000000 -9.103596 -0.043093 -1.865103 0.278196 -3.792835 24.187541 0.537392 -2.173649 27.770198 0.586612 -2.264586 29.041452 -0.000001 0.000000 -0.000001 -8.076705 -0.486721 -3.806298 -0.101829 -4.627736 26.370332 0.593080 -2.276173 29.204482 0.612094 -2.309881 29.680338 0.000000 0.000002 -0.000000 4.570404 11.014657 -2.160821 23.848253 2.551987 -37.954702 -74.945945 66.276590 -32.226011 0.000000 -56.428892 0.000001 29.170249 -14.556441 92.701472 2.466094 -1.576222 2.681699 -16.264871 -20.056818 25.400787 5.522441 24.151580 -1.790444 1.419187 -15.283725 26.252812 -0.000003 0.000003 -0.000004 9.109306 -0.518021 2.259900 3.267519 -5.001164 27.119655 0.413897 2.164878 -21.646497 0.010738 -0.354864 3.464963 -0.000001 -0.000000 -0.000001 9.533394 0.000003 -0.000000 2.370151 -4.582379 21.374807 0.070849 0.909427 -8.911022 0.000655 0.087686 -0.855794 0.000000 0.000001 -0.000000 9.104505 -0.042991 -1.865099 1.908848 -4.288151 17.620401 0.000000 -0.000000 -0.000000 0.000002 0.000024 -0.000220 0.000000 0.000001 -0.000000 8.077798 -0.486899 -3.806303 1.267802 -4.756113 19.046104 0.000000 -0.000001 -0.000000 0.000000 -0.000001 -0.000000 0.000000 0.000001 -0.000000 -8.207802 -6.751711 -1.599549 -63.164674 6.680113 -34.643925 6.246496 -4.915300 -1.871352 13.144935 -14.651220 22.261287 2.471725 0.000011 -0.000003 0.000002 -0.000001 0.000001 8.207793 -6.751709 -1.599555 -61.155349 11.144247 32.962916 44.316193 -12.756568 -0.346682 52.094707 -10.815599 14.580198 29.057633 -0.000013 -0.000004 -0.000002 0.000002 0.000003 
-5.536026 35.832512 -22.115959 -42.348734 13.716685 -72.869792 0.000003 10.181541 0.131532 46.863386 -6.294838 5.621561 10.422853 -4.832674 -4.440366 10.455981 -6.248683 -3.617925 -0.000000 16.740376 -2.049025 6.643395 3.874257 -2.164812 -0.000004 9.617846 1.684968 35.593827 36.460875 -20.893154 0.000004 22.037369 7.501075 0.000000 0.000000 0.000002 -4.570000 11.014856 -2.160847 19.893773 30.962627 -7.142693 -11.156842 -37.295992 32.197857 -0.000030 54.041034 0.000054 1.715090 -30.086717 -43.995274 -2.464788 -1.573992 2.681909 -6.075017 8.788376 -12.368725 6.797988 -18.118053 -2.414343 -4.974078 -10.420336 -15.733062 0.000002 -0.000007 0.000001 -9.108285 -0.517869 2.259797 0.217944 -2.571070 11.584949 0.480783 -2.062654 26.238853 0.296638 -1.637121 20.539222 0.000001 0.000004 0.000001 -9.532499 0.000014 -0.000005 -0.000993 -2.648056 13.840511 0.435757 -1.968747 24.959031 0.293399 -1.628424 20.425203 0.000001 0.000003 0.000002 -9.103598 -0.043100 -1.865103 0.008089 -2.799045 16.033954 0.442966 -1.984137 25.167871 0.308609 -1.668695 20.953936 0.000000 0.000000 -0.000001 -8.076698 -0.486688 -3.806302 -0.586325 -3.503528 16.829088 0.546919 -2.191642 28.020460 0.318610 -1.694586 21.295056 -0.000000 -0.000004 -0.000001 4.570398 11.014656 -2.160818 17.817611 12.647033 -39.475635 -46.943002 71.271952 -46.290917 -0.000014 -57.691548 -0.000008 33.988381 -8.355671 92.865035 2.466097 -1.576214 2.681703 -16.201760 -20.591864 24.067206 5.889008 27.004611 -1.498398 1.010588 -16.285420 26.136547 -0.000003 0.000002 0.000001 9.109306 -0.517997 2.259908 2.621608 -4.167887 26.143765 0.651203 2.686411 -27.249257 0.070559 -0.907400 8.890955 -0.000000 -0.000000 -0.000000 9.533398 0.000007 0.000007 2.190342 -3.861370 22.710449 0.318419 1.906973 -18.959434 0.027876 -0.571366 5.584421 0.000000 -0.000000 -0.000000 9.104506 -0.042986 -1.865090 1.388264 -3.245108 15.183026 0.000000 0.000000 0.000000 -0.000004 0.000026 -0.000214 0.000000 -0.000003 -0.000000 8.077803 -0.486902 -3.806294 1.132023 -3.537145 16.730313 0.000000 0.000004 -0.000016 -0.000001 -0.000003 0.000016 -0.000001 0.000000 -0.000000 -8.207799 -6.751705 -1.599540 -62.445134 5.946871 -39.000370 7.528329 -5.472098 -1.767126 10.376890 -15.022485 22.463140 2.089519 -0.000026 -0.000014 0.000003 -0.000001 -0.000002 8.207801 -6.751697 -1.599545 -59.482253 13.140922 42.436870 31.662708 -11.855993 -0.294075 55.812601 -5.546123 9.244072 23.688103 -0.800789 9.544046 0.000002 0.000001 0.000000 
-7.031670 35.539307 -18.774143 -52.804210 23.243451 -64.805327 0.000001 10.181551 0.131525 47.967251 -6.599964 6.639322 11.696500 -4.695389 -2.356286 11.763543 -5.670958 -1.624736 0.000000 16.740345 -2.049024 7.271635 3.554966 -2.496036 -0.000004 9.617851 1.684969 33.963303 31.727438 -17.780599 0.000001 22.037384 7.501072 -0.000006 0.000003 0.000000 -4.569999 11.014863 -2.160840 11.212567 35.788839 3.765208 8.651359 -33.076704 47.892921 -0.000001 31.682529 0.000022 0.871231 -30.400066 -32.121338 -2.464806 -1.573989 2.681911 -8.620979 9.745576 -16.004788 6.632695 -16.705184 -2.301644 -5.018944 -9.256216 -15.513287 0.000001 0.000000 0.000001 -9.108296 -0.517879 2.259798 0.339108 -2.743836 7.307923 0.145671 -1.156900 14.353202 0.202592 -1.360020 16.944137 0.000000 0.000001 0.000001 -9.532498 -0.000003 -0.000001 0.080874 -2.858297 9.117260 0.149930 -1.173408 14.562634 0.199102 -1.348521 16.796545 0.000000 0.000001 0.000004 -9.103588 -0.043094 -1.865106 0.101077 -3.001191 10.830576 0.149442 -1.171504 14.538391 0.202725 -1.360467 16.949850 0.000000 -0.000002 0.000001 -8.076701 -0.486710 -3.806302 -0.177641 -3.548117 11.457645 0.200970 -1.354705 16.875767 0.215714 -1.402352 17.488566 -0.000000 0.000001 0.000002 4.570407 11.014650 -2.160817 16.964668 28.302166 -36.850633 -6.526107 63.682034 -76.089448 -0.000000 -58.357812 -0.000003 42.796097 -0.037771 90.020609 2.466094 -1.576214 2.681702 -15.894668 -20.545050 24.169468 6.088709 28.144240 -1.288891 0.784986 -16.468957 25.794662 -0.000003 0.000008 0.000003 9.109300 -0.518015 2.259906 2.035430 -3.046119 25.726884 0.707992 2.793812 -28.437166 0.099423 -1.075802 10.558691 0.000001 -0.000002 0.000000 9.533392 -0.000005 0.000004 1.781109 -2.822403 23.262839 0.419366 2.178591 -21.790730 0.045415 -0.728755 7.129985 0.000000 0.000000 0.000000 9.104507 -0.042993 -1.865098 1.038094 -2.075110 14.717073 0.000005 0.000001 -0.000007 0.000002 0.000006 -0.000074 0.000000 -0.000002 -0.000000 8.077799 -0.486892 -3.806297 1.097524 -2.229239 16.456263 -0.000001 -0.000000 -0.000000 0.000000 -0.000002 -0.000002 -0.000000 0.000000 -0.000000 -8.207801 -6.751711 -1.599540 -59.146556 3.004508 -43.465220 3.718788 -6.745567 -1.920815 7.963762 -17.448075 21.305629 2.270872 0.000007 0.000010 -0.000000 0.000001 0.000001 8.207802 -6.751707 -1.599541 -61.237878 10.597131 52.331543 30.461834 -11.076529 0.106321 52.907356 -1.887311 5.960529 17.020756 -2.363109 15.763264 0.000001 0.000000 -0.000002 
-8.102364 36.028564 -15.382977 -65.255750 26.713444 -51.985963 0.000001 10.181548 0.131525 48.810495 -6.402881 7.204521 12.739256 -4.280519 -0.317243 12.828617 -4.761080 0.280740 -0.000001 16.740334 -2.049023 7.846590 2.993639 -2.653086 -0.000001 9.617855 1.684966 33.209196 25.370902 -14.784042 -0.000003 22.037369 7.501075 0.000001 0.000003 0.000001 -4.570001 11.014839 -2.160841 3.992611 29.292137 22.252531 18.735158 -33.717953 53.421324 -0.000014 38.571700 0.000038 20.751373 -12.434575 -16.155178 -2.464805 -1.573990 2.681912 -10.700499 10.482852 -18.905626 6.323288 -14.150858 -2.087157 -4.855270 -8.552980 -15.446073 0.000001 -0.000003 -0.000002 -9.108297 -0.517863 2.259808 0.192299 -2.102362 1.767752 0.068181 -0.794795 9.804974 0.057758 -0.731996 9.023418 0.000001 -0.000002 0.000002 -9.532501 -0.000002 0.000006 0.036474 -2.211300 3.268138 0.079355 -0.856935 10.580281 0.060264 -0.747539 9.216708 -0.000000 0.000003 -0.000001 -9.103590 -0.043103 -1.865096 0.032972 -2.254345 4.285686 0.083370 -0.878208 10.845944 0.057425 -0.729821 8.996472 0.000002 0.000002 -0.000002 -8.076695 -0.486695 -3.806295 -0.259702 -2.513218 3.467792 0.130847 -1.097388 13.599950 0.062041 -0.758380 9.351676 0.000000 0.000000 0.000003 4.570395 11.014638 -2.160815 16.037178 40.319375 -28.986305 7.911698 44.552972 -82.392053 -0.000008 -47.683453 0.000004 44.990005 7.283747 87.790887 2.466096 -1.576212 2.681699 -16.856770 -20.789976 24.545656 6.210884 28.176566 -1.119057 0.868844 -15.971296 25.144631 -0.000004 0.000003 0.000003 9.109311 -0.518011 2.259897 1.819012 -2.563532 25.939844 0.725669 2.826171 -28.797799 0.092396 -1.037353 10.177225 -0.000000 -0.000001 0.000000 9.533394 0.000013 0.000004 1.602191 -2.363254 23.689490 0.476348 2.315950 -23.243967 0.049148 -0.758013 7.418081 0.000000 0.000000 -0.000000 9.104506 -0.042997 -1.865099 1.107493 -1.819432 17.604871 0.039799 0.682506 -6.675394 0.000425 -0.070675 0.689736 -0.000000 -0.000000 0.000000 8.077796 -0.486895 -3.806302 0.047680 -1.924969 15.867556 0.000000 -0.000001 -0.000000 0.000005 -0.000001 0.000003 -0.000000 -0.000001 -0.000000 -8.207807 -6.751700 -1.599547 -58.914391 3.267853 -46.001447 2.476585 -7.984399 -2.253610 3.533539 -21.573883 19.192608 2.631645 0.000011 0.000005 -0.000000 -0.000001 0.000002 8.207806 -6.751697 -1.599543 -61.650558 10.776641 56.122056 25.897618 -10.560912 0.804001 51.212355 -1.662943 3.419624 20.492760 0.000005 0.000001 0.000000 0.000001 0.000002 
-8.296677 36.391571 -12.059723 -78.552653 26.205626 -38.253820 0.000001 10.181547 0.131522 49.617650 -7.370956 7.276482 13.498431 -4.139069 1.424935 13.599481 -4.134030 1.903678 -0.000004 16.740362 -2.049025 8.249249 2.433341 -2.461972 0.000002 9.617836 1.684975 33.592540 19.614666 -13.139202 0.000002 22.037354 7.501067 0.000000 0.000001 -0.000001 -4.569998 11.014854 -2.160841 2.445561 22.905808 33.365952 17.743213 -18.638941 53.813281 -0.000017 34.254140 0.000046 15.202382 -14.827695 -41.626400 -2.464798 -1.573992 2.681907 -11.653083 11.582023 -19.839166 6.431719 -15.047393 -2.163541 -5.316368 -6.756618 -14.994816 0.000002 -0.000001 0.000001 -9.108294 -0.517883 2.259799 0.170856 -2.458819 1.745214 0.005389 -0.224012 2.751048 0.015310 -0.377801 4.642747 -0.000000 0.000000 0.000001 -9.532496 -0.000002 -0.000005 0.054526 -2.529446 2.681663 0.009830 -0.302783 3.719435 0.016548 -0.392671 4.826102 0.000000 -0.000000 0.000003 -9.103595 -0.043088 -1.865106 0.052893 -2.496438 2.998205 0.010010 -0.305622 3.754262 0.016422 -0.391233 4.808363 -0.000001 -0.000001 0.000001 -8.076699 -0.486707 -3.806300 -0.095360 -2.529394 1.032252 0.022397 -0.456668 5.614889 0.017776 -0.407023 5.002754 -0.000001 -0.000001 0.000001 4.570392 11.014653 -2.160817 10.436787 42.590054 -19.088169 17.924088 27.560286 -83.923224 0.000002 -37.449968 -0.000013 37.141858 13.197636 85.901677 2.466095 -1.576207 2.681693 -17.425493 -22.320655 25.015349 6.397837 28.513919 -0.759254 0.435637 -15.558295 23.523006 0.000000 -0.000002 0.000001 9.109302 -0.517998 2.259898 2.513621 -3.705497 27.273205 0.752639 2.874635 -29.340116 0.051747 -0.777678 7.611523 0.000000 -0.000000 0.000000 9.533399 0.000020 0.000001 2.126880 -3.451056 24.264836 0.473799 2.309986 -23.180665 0.026758 -0.559901 5.472035 -0.000000 -0.000001 0.000000 9.104505 -0.042991 -1.865098 1.316352 -2.781648 16.041469 0.006559 0.277498 -2.709026 0.003597 0.205525 -2.005861 0.000000 -0.000000 0.000000 8.077801 -0.486891 -3.806301 -0.761816 -3.400685 15.550949 -0.000001 -0.000001 -0.000004 0.000002 -0.000001 0.000004 0.000001 0.000000 -0.000000 -8.207806 -6.751712 -1.599540 -59.334837 4.818771 -47.728716 6.416001 -8.498039 -2.604515 -1.824194 -25.007698 18.522997 2.650011 0.000005 0.000001 0.000000 -0.000000 -0.000000 8.207802 -6.751709 -1.599544 -64.306518 8.274066 57.235158 25.628164 -9.962828 1.942649 48.559059 -5.780713 -4.647506 16.619380 0.000007 -0.000013 0.000003 -0.000001 -0.000000 
-6.968975 36.300034 -8.624855 -93.037442 23.448410 -24.104965 0.000002 10.181552 0.131523 50.899881 -9.055543 6.272070 14.058595 -4.201908 2.574341 14.159520 -3.784186 2.958815 -0.000003 16.740339 -2.049024 8.399217 1.922802 -1.717237 -0.000002 9.617836 1.684976 33.031147 15.361842 -10.673683 -0.000000 22.037369 7.501065 0.000003 0.000001 -0.000001 -4.570000 11.014858 -2.160848 2.703139 18.882881 30.959680 3.654220 -7.336760 59.891859 -0.000000 13.197489 0.000003 31.967222 -11.485511 -70.558962 -2.464806 -1.573999 2.681908 -11.685033 11.539033 -20.140988 6.359065 -14.462234 -2.113124 -5.424721 -5.923707 -14.817790 -0.000002 -0.000002 -0.000004 -9.108301 -0.517867 2.259801 0.117497 -2.660986 4.263635 0.000001 0.000007 -0.000002 -0.000003 0.000004 -0.000014 -0.000002 0.000001 0.000000 -9.532503 0.000011 -0.000003 0.066403 -2.696124 4.778768 -0.000001 0.000001 0.000003 0.000001 0.000000 0.000001 0.000001 0.000000 0.000000 -9.103593 -0.043091 -1.865101 0.059820 -2.614694 4.482413 -0.000000 0.000002 0.000001 -0.000000 0.000002 0.000001 -0.000002 0.000001 0.000001 -8.076707 -0.486706 -3.806300 -0.018758 -2.385305 1.466947 -0.000001 0.000000 0.000004 0.002046 -0.138203 1.696821 0.000000 0.000001 0.000001 4.570393 11.014650 -2.160815 4.256017 32.517018 -10.251331 31.708016 18.967191 -91.045336 0.000001 -37.012559 0.000004 28.442846 18.701529 83.153059 2.466098 -1.576214 2.681700 -15.858504 -21.155483 26.179779 6.446808 26.201263 -0.253181 -0.796660 -13.101354 20.898639 -0.000004 0.000006 0.000001 9.109307 -0.518016 2.259900 2.226420 -3.219647 26.009821 0.661652 2.706581 -27.471502 0.035237 -0.642243 6.280050 -0.000000 -0.000002 -0.000001 9.533386 0.000014 0.000000 1.846551 -2.984455 23.179038 0.406097 2.145153 -21.439243 0.011642 -0.369412 3.607185 0.000000 0.000001 0.000000 9.104506 -0.042998 -1.865095 1.016823 -2.191896 13.797758 0.000000 -0.000001 -0.000000 -0.000002 0.000023 -0.000268 0.000000 -0.000002 -0.000000 8.077793 -0.486884 -3.806299 -0.729175 -2.892741 15.206830 0.000003 -0.000001 -0.000007 -0.000001 -0.000005 0.000009 -0.000000 0.000001 -0.000000 -8.207802 -6.751703 -1.599537 -55.983079 2.584600 -48.119338 9.961019 -9.091822 -3.060496 -5.701671 -25.771057 15.936252 2.443248 0.000006 0.000012 0.000000 -0.000000 0.000000 8.207795 -6.751699 -1.599540 -65.516554 6.700862 58.601302 24.221249 -9.809408 1.877835 41.948584 -1.721196 4.048636 13.718751 -0.000001 -0.000005 -0.000001 0.000000 -0.000001 
-4.103245 35.744972 -5.791100 -106.813736 16.724143 -9.381463 0.000000 10.181545 0.131526 52.412129 -9.795605 3.298377 14.402130 -3.816873 3.003489 14.489765 -3.075679 3.273367 -0.000001 16.740356 -2.049025 8.303739 1.227906 -0.376928 0.000000 9.617834 1.684984 30.511340 10.629397 -4.351327 -0.000000 22.037399 7.501070 0.000001 -0.000000 -0.000000 -4.570003 11.014844 -2.160843 3.683363 12.037677 18.256515 16.905697 -15.437349 74.808671 -0.000021 35.824404 0.000053 40.955539 -29.123288 -70.342117 -2.464801 -1.573977 2.681914 -11.523510 11.536945 -20.322629 6.349270 -14.390234 -2.106609 -5.510248 -5.472990 -14.710050 0.000001 0.000003 -0.000002 -9.108291 -0.517861 2.259803 0.085201 -2.791226 6.266159 0.000024 -0.013234 0.162357 0.000727 0.082504 -1.012777 -0.000001 -0.000002 -0.000000 -9.532503 0.000009 -0.000001 0.074164 -2.774867 6.160262 -0.000003 -0.000000 0.000002 0.000812 0.087284 -1.071584 -0.000001 -0.000003 -0.000000 -9.103602 -0.043090 -1.865101 0.068087 -2.714727 5.664680 -0.000000 -0.000000 -0.000000 0.000768 0.084909 -1.042309 0.000000 -0.000002 0.000000 -8.076697 -0.486702 -3.806300 0.038421 -2.460788 2.711025 0.000049 -0.020963 0.257202 0.000914 0.092349 -1.133671 0.000000 0.000001 0.000000 4.570398 11.014653 -2.160818 1.584572 12.461981 -5.150843 40.631535 14.734557 -101.018382 0.000033 -36.825880 0.000036 22.049961 20.900529 86.300547 2.466099 -1.576219 2.681697 -14.784535 -17.395652 23.887881 6.543967 22.325583 0.627503 -3.598906 -8.437511 17.060788 -0.000000 0.000005 0.000006 9.109308 -0.518020 2.259897 0.811050 -1.045105 16.120578 0.698252 2.775750 -28.236577 0.125504 -1.207332 11.867861 -0.000000 0.000000 -0.000000 9.533403 0.000008 -0.000000 0.716553 -0.882811 14.620180 0.525066 2.426151 -24.421789 0.089615 -1.021763 10.022681 -0.000000 0.000000 0.000000 9.104502 -0.043002 -1.865098 0.610419 -0.698815 12.738830 0.257960 1.721017 -17.049406 0.042884 -0.708226 6.928171 -0.000000 -0.000001 0.000000 8.077798 -0.486887 -3.806302 -0.585144 -0.291551 7.001509 -0.000002 -0.000000 -0.000003 -0.000000 0.000000 0.000000 0.000001 0.000001 0.000000 -8.207801 -6.751716 -1.599537 -51.034081 -1.478425 -47.633411 8.136961 -8.165221 -3.880271 -6.583207 -22.975512 12.735217 2.572765 -0.000004 -0.000005 -0.000000 0.000000 0.000001 8.207802 -6.751710 -1.599545 -64.399750 6.064968 59.382102 25.486494 -4.987104 1.147283 36.294683 -1.071028 1.198508 8.878227 0.000010 0.000018 0.000000 0.000002 0.000000 
0.176823 35.262039 -3.294281 -115.206672 5.478802 3.147014 0.000000 10.181547 0.131523 53.790912 -8.033161 -1.595025 14.452294 -2.540451 2.904999 14.513778 -1.532698 3.001468 0.000000 16.740374 -2.049019 8.082123 0.157414 1.364754 0.000000 9.617843 1.684967 28.114155 3.120509 6.425601 0.000001 22.037384 7.501075 -0.000000 0.000000 0.000000 -4.570001 11.014858 -2.160839 0.566137 -0.020113 -1.614849 30.312103 -9.214755 94.146235 -0.000003 41.605933 0.000011 40.690323 -35.450512 -75.217376 -2.464808 -1.573992 2.681913 -11.630453 11.625162 -20.750857 6.358357 -14.447667 -2.112241 -5.504768 -5.510924 -14.718511 0.000002 -0.000004 0.000003 -9.108294 -0.517870 2.259800 0.083329 -2.854491 7.046420 0.000011 -0.007202 0.088408 0.000001 0.004412 -0.054199 0.000001 0.000002 0.000001 -9.532492 0.000012 -0.000001 0.082086 -2.844314 6.920395 0.000004 -0.008861 0.108735 0.000008 0.005344 -0.065526 0.000000 0.000001 0.000000 -9.103596 -0.043089 -1.865102 0.079705 -2.824400 6.674078 0.000006 -0.006796 0.083420 -0.000001 0.003655 -0.044840 -0.000000 0.000000 0.000000 -8.076706 -0.486721 -3.806301 0.060636 -2.632567 4.306780 0.000009 -0.010634 0.130552 0.000002 0.006031 -0.074011 -0.000000 0.000001 -0.000000 4.570399 11.014660 -2.160813 5.816769 -2.815286 -0.615037 36.106330 6.688025 -105.633452 -0.000005 -34.433183 0.000013 19.018418 20.661724 91.424869 2.466090 -1.576211 2.681698 -12.388627 -9.936137 20.816846 5.987296 12.645730 1.346538 -7.335785 -0.421671 13.147353 0.000003 0.000007 0.000004 9.109295 -0.518020 2.259899 0.287416 3.189500 -8.363680 -0.000004 0.001662 -0.016208 0.000005 -0.001022 0.010024 0.000000 0.000000 0.000000 9.533402 0.000010 -0.000000 0.124656 3.201690 -8.197509 0.000005 -0.000006 0.000006 0.000001 0.000005 -0.000002 0.000000 -0.000000 0.000001 9.104498 -0.043001 -1.865101 0.108202 3.079164 -6.987591 0.000005 -0.000012 0.000002 0.000002 -0.000000 0.000004 -0.000001 0.000000 0.000001 8.077798 -0.486890 -3.806301 0.089442 2.906232 -5.290077 0.000003 -0.000002 -0.000010 0.000000 -0.000005 0.000025 0.000000 -0.000001 -0.000000 -8.207796 -6.751703 -1.599540 -48.154476 -3.591112 -48.319695 6.871318 -10.004109 -4.964634 -7.268881 -17.939577 11.176369 3.859004 -0.000003 -0.000003 0.000001 0.000000 -0.000002 8.207800 -6.751705 -1.599550 -62.482092 3.501898 57.011859 22.281131 -3.620238 2.954213 29.401833 0.053813 -0.809343 0.145027 -0.000014 -0.000029 -0.000001 -0.000001 0.000000 
0.176823 35.262039 -3.294281 -115.206672 5.478802 3.147014 0.000000 10.181547 0.131523 53.790912 -8.033161 -1.595025 14.452294 -2.540451 2.904999 14.513778 -1.532698 3.001468 0.000000 16.740374 -2.049019 8.082123 0.157414 1.364754 0.000000 9.617843 1.684967 28.114155 3.120509 6.425601 0.000001 22.037384 7.501075 -0.000000 0.000000 0.000000 -4.570001 11.014858 -2.160839 0.566137 -0.020113 -1.614849 30.312103 -9.214755 94.146235 -0.000003 41.605933 0.000011 40.690323 -35.450512 -75.217376 -2.464808 -1.573992 2.681913 -11.630453 11.625162 -20.750857 6.358357 -14.447667 -2.112241 -5.504768 -5.510924 -14.718511 0.000002 -0.000004 0.000003 -9.108294 -0.517870 2.259800 0.083329 -2.854491 7.046420 0.000011 -0.007202 0.088408 0.000001 0.004412 -0.054199 0.000001 0.000002 0.000001 -9.532492 0.000012 -0.000001 0.082086 -2.844314 6.920395 0.000004 -0.008861 0.108735 0.000008 0.005344 -0.065526 0.000000 0.000001 0.000000 -9.103596 -0.043089 -1.865102 0.079705 -2.824400 6.674078 0.000006 -0.006796 0.083420 -0.000001 0.003655 -0.044840 -0.000000 0.000000 0.000000 -8.076706 -0.486721 -3.806301 0.060636 -2.632567 4.306780 0.000009 -0.010634 0.130552 0.000002 0.006031 -0.074011 -0.000000 0.000001 -0.000000 4.570399 11.014660 -2.160813 5.816769 -2.815286 -0.615037 36.106330 6.688025 -105.633452 -0.000005 -34.433183 0.000013 19.018418 20.661724 91.424869 2.466090 -1.576211 2.681698 -12.388627 -9.936137 20.816846 5.987296 12.645730 1.346538 -7.335785 -0.421671 13.147353 0.000003 0.000007 0.000004 9.109295 -0.518020 2.259899 0.287416 3.189500 -8.363680 -0.000004 0.001662 -0.016208 0.000005 -0.001022 0.010024 0.000000 0.000000 0.000000 9.533402 0.000010 -0.000000 0.124656 3.201690 -8.197509 0.000005 -0.000006 0.000006 0.000001 0.000005 -0.000002 0.000000 -0.000000 0.000001 9.104498 -0.043001 -1.865101 0.108202 3.079164 -6.987591 0.000005 -0.000012 0.000002 0.000002 -0.000000 0.000004 -0.000001 0.000000 0.000001 8.077798 -0.486890 -3.806301 0.089442 2.906232 -5.290077 0.000003 -0.000002 -0.000010 0.000000 -0.000005 0.000025 0.000000 -0.000001 -0.000000 -8.207796 -6.751703 -1.599540 -48.154476 -3.591112 -48.319695 6.871318 -10.004109 -4.964634 -7.268881 -17.939577 11.176369 3.859004 -0.000003 -0.000003 0.000001 0.000000 -0.000002 8.207800 -6.751705 -1.599550 -62.482092 3.501898 57.011859 22.281131 -3.620238 2.954213 29.401833 0.053813 -0.809343 0.145027 -0.000014 -0.000029 -0.000001 -0.000001 0.000000 
0.176823 35.262039 -3.294281 -115.206672 5.478802 3.147014 0.000000 10.181547 0.131523 53.790912 -8.033161 -1.595025 14.452294 -2.540451 2.904999 14.513778 -1.532698 3.001468 0.000000 16.740374 -2.049019 8.082123 0.157414 1.364754 0.000000 9.617843 1.684967 28.114155 3.120509 6.425601 0.000001 22.037384 7.501075 -0.000000 0.000000 0.000000 -4.570001 11.014858 -2.160839 0.566137 -0.020113 -1.614849 30.312103 -9.214755 94.146235 -0.000003 41.605933 0.000011 40.690323 -35.450512 -75.217376 -2.464808 -1.573992 2.681913 -11.630453 11.625162 -20.750857 6.358357 -14.447667 -2.112241 -5.504768 -5.510924 -14.718511 0.000002 -0.000004 0.000003 -9.108294 -0.517870 2.259800 0.083329 -2.854491 7.046420 0.000011 -0.007202 0.088408 0.000001 0.004412 -0.054199 0.000001 0.000002 0.000001 -9.532492 0.000012 -0.000001 0.082086 -2.844314 6.920395 0.000004 -0.008861 0.108735 0.000008 0.005344 -0.065526 0.000000 0.000001 0.000000 -9.103596 -0.043089 -1.865102 0.079705 -2.824400 6.674078 0.000006 -0.006796 0.083420 -0.000001 0.003655 -0.044840 -0.000000 0.000000 0.000000 -8.076706 -0.486721 -3.806301 0.060636 -2.632567 4.306780 0.000009 -0.010634 0.130552 0.000002 0.006031 -0.074011 -0.000000 0.000001 -0.000000 4.570399 11.014660 -2.160813 5.816769 -2.815286 -0.615037 36.106330 6.688025 -105.633452 -0.000005 -34.433183 0.000013 19.018418 20.661724 91.424869 2.466090 -1.576211 2.681698 -12.388627 -9.936137 20.816846 5.987296 12.645730 1.346538 -7.335785 -0.421671 13.147353 0.000003 0.000007 0.000004 9.109295 -0.518020 2.259899 0.287416 3.189500 -8.363680 -0.000004 0.001662 -0.016208 0.000005 -0.001022 0.010024 0.000000 0.000000 0.000000 9.533402 0.000010 -0.000000 0.124656 3.201690 -8.197509 0.000005 -0.000006 0.000006 0.000001 0.000005 -0.000002 0.000000 -0.000000 0.000001 9.104498 -0.043001 -1.865101 0.108202 3.079164 -6.987591 0.000005 -0.000012 0.000002 0.000002 -0.000000 0.000004 -0.000001 0.000000 0.000001 8.077798 -0.486890 -3.806301 0.089442 2.906232 -5.290077 0.000003 -0.000002 -0.000010 0.000000 -0.000005 0.000025 0.000000 -0.000001 -0.000000 -8.207796 -6.751703 -1.599540 -48.154476 -3.591112 -48.319695 6.871318 -10.004109 -4.964634 -7.268881 -17.939577 11.176369 3.859004 -0.000003 -0.000003 0.000001 0.000000 -0.000002 8.207800 -6.751705 -1.599550 -62.482092 3.501898 57.011859 22.281131 -3.620238 2.954213 29.401833 0.053813 -0.809343 0.145027 -0.000014 -0.000029 -0.000001 -0.000001 0.000000 
0.176823 35.262039 -3.294281 -115.206672 5.478802 3.147014 0.000000 10.181547 0.131523 53.790912 -8.033161 -1.595025 14.452294 -2.540451 2.904999 14.513778 -1.532698 3.001468 0.000000 16.740374 -2.049019 8.082123 0.157414 1.364754 0.000000 9.617843 1.684967 28.114155 3.120509 6.425601 0.000001 22.037384 7.501075 -0.000000 0.000000 0.000000 -4.570001 11.014858 -2.160839 0.566137 -0.020113 -1.614849 30.312103 -9.214755 94.146235 -0.000003 41.605933 0.000011 40.690323 -35.450512 -75.217376 -2.464808 -1.573992 2.681913 -11.630453 11.625162 -20.750857 6.358357 -14.447667 -2.112241 -5.504768 -5.510924 -14.718511 0.000002 -0.000004 0.000003 -9.108294 -0.517870 2.259800 0.083329 -2.854491 7.046420 0.000011 -0.007202 0.088408 0.000001 0.004412 -0.054199 0.000001 0.000002 0.000001 -9.532492 0.000012 -0.000001 0.082086 -2.844314 6.920395 0.000004 -0.008861 0.108735 0.000008 0.005344 -0.065526 0.000000 0.000001 0.000000 -9.103596 -0.043089 -1.865102 0.079705 -2.824400 6.674078 0.000006 -0.006796 0.083420 -0.000001 0.003655 -0.044840 -0.000000 0.000000 0.000000 -8.076706 -0.486721 -3.806301 0.060636 -2.632567 4.306780 0.000009 -0.010634 0.130552 0.000002 0.006031 -0.074011 -0.000000 0.000001 -0.000000 4.570399 11.014660 -2.160813 5.816769 -2.815286 -0.615037 36.106330 6.688025 -105.633452 -0.000005 -34.433183 0.000013 19.018418 20.661724 91.424869 2.466090 -1.576211 2.681698 -12.388627 -9.936137 20.816846 5.987296 12.645730 1.346538 -7.335785 -0.421671 13.147353 0.000003 0.000007 0.000004 9.109295 -0.518020 2.259899 0.287416 3.189500 -8.363680 -0.000004 0.001662 -0.016208 0.000005 -0.001022 0.010024 0.000000 0.000000 0.000000 9.533402 0.000010 -0.000000 0.124656 3.201690 -8.197509 0.000005 -0.000006 0.000006 0.000001 0.000005 -0.000002 0.000000 -0.000000 0.000001 9.104498 -0.043001 -1.865101 0.108202 3.079164 -6.987591 0.000005 -0.000012 0.000002 0.000002 -0.000000 0.000004 -0.000001 0.000000 0.000001 8.077798 -0.486890 -3.806301 0.089442 2.906232 -5.290077 0.000003 -0.000002 -0.000010 0.000000 -0.000005 0.000025 0.000000 -0.000001 -0.000000 -8.207796 -6.751703 -1.599540 -48.154476 -3.591112 -48.319695 6.871318 -10.004109 -4.964634 -7.268881 -17.939577 11.176369 3.859004 -0.000003 -0.000003 0.000001 0.000000 -0.000002 8.207800 -6.751705 -1.599550 -62.482092 3.501898 57.011859 22.281131 -3.620238 2.954213 29.401833 0.053813 -0.809343 0.145027 -0.000014 -0.000029 -0.000001 -0.000001 0.000000 
0.176823 35.262039 -3.294281 -115.206672 5.478802 3.147014 0.000000 10.181547 0.131523 53.790912 -8.033161 -1.595025 14.452294 -2.540451 2.904999 14.513778 -1.532698 3.001468 0.000000 16.740374 -2.049019 8.082123 0.157414 1.364754 0.000000 9.617843 1.684967 28.114155 3.120509 6.425601 0.000001 22.037384 7.501075 -0.000000 0.000000 0.000000 -4.570001 11.014858 -2.160839 0.566137 -0.020113 -1.614849 30.312103 -9.214755 94.146235 -0.000003 41.605933 0.000011 40.690323 -35.450512 -75.217376 -2.464808 -1.573992 2.681913 -11.630453 11.625162 -20.750857 6.358357 -14.447667 -2.112241 -5.504768 -5.510924 -14.718511 0.000002 -0.000004 0.000003 -9.108294 -0.517870 2.259800 0.083329 -2.854491 7.046420 0.000011 -0.007202 0.088408 0.000001 0.004412 -0.054199 0.000001 0.000002 0.000001 -9.532492 0.000012 -0.000001 0.082086 -2.844314 6.920395 0.000004 -0.008861 0.108735 0.000008 0.005344 -0.065526 0.000000 0.000001 0.000000 -9.103596 -0.043089 -1.865102 0.079705 -2.824400 6.674078 0.000006 -0.006796 0.083420 -0.000001 0.003655 -0.044840 -0.000000 0.000000 0.000000 -8.076706 -0.486721 -3.806301 0.060636 -2.632567 4.306780 0.000009 -0.010634 0.130552 0.000002 0.006031 -0.074011 -0.000000 0.000001 -0.000000 4.570399 11.014660 -2.160813 5.816769 -2.815286 -0.615037 36.106330 6.688025 -105.633452 -0.000005 -34.433183 0.000013 19.018418 20.661724 91.424869 2.466090 -1.576211 2.681698 -12.388627 -9.936137 20.816846 5.987296 12.645730 1.346538 -7.335785 -0.421671 13.147353 0.000003 0.000007 0.000004 9.109295 -0.518020 2.259899 0.287416 3.189500 -8.363680 -0.000004 0.001662 -0.016208 0.000005 -0.001022 0.010024 0.000000 0.000000 0.000000 9.533402 0.000010 -0.000000 0.124656 3.201690 -8.197509 0.000005 -0.000006 0.000006 0.000001 0.000005 -0.000002 0.000000 -0.000000 0.000001 9.104498 -0.043001 -1.865101 0.108202 3.079164 -6.987591 0.000005 -0.000012 0.000002 0.000002 -0.000000 0.000004 -0.000001 0.000000 0.000001 8.077798 -0.486890 -3.806301 0.089442 2.906232 -5.290077 0.000003 -0.000002 -0.000010 0.000000 -0.000005 0.000025 0.000000 -0.000001 -0.000000 -8.207796 -6.751703 -1.599540 -48.154476 -3.591112 -48.319695 6.871318 -10.004109 -4.964634 -7.268881 -17.939577 11.176369 3.859004 -0.000003 -0.000003 0.000001 0.000000 -0.000002 8.207800 -6.751705 -1.599550 -62.482092 3.501898 57.011859 22.281131 -3.620238 2.954213 29.401833 0.053813 -0.809343 0.145027 -0.000014 -0.000029 -0.000001 -0.000001 0.000000 
0.176823 35.262039 -3.294281 -115.206672 5.478802 3.147014 0.000000 10.181547 0.131523 53.790912 -8.033161 -1.595025 14.452294 -2.540451 2.904999 14.513778 -1.532698 3.001468 0.000000 16.740374 -2.049019 8.082123 0.157414 1.364754 0.000000 9.617843 1.684967 28.114155 3.120509 6.425601 0.000001 22.037384 7.501075 -0.000000 0.000000 0.000000 -4.570001 11.014858 -2.160839 0.566137 -0.020113 -1.614849 30.312103 -9.214755 94.146235 -0.000003 41.605933 0.000011 40.690323 -35.450512 -75.217376 -2.464808 -1.573992 2.681913 -11.630453 11.625162 -20.750857 6.358357 -14.447667 -2.112241 -5.504768 -5.510924 -14.718511 0.000002 -0.000004 0.000003 -9.108294 -0.517870 2.259800 0.083329 -2.854491 7.046420 0.000011 -0.007202 0.088408 0.000001 0.004412 -0.054199 0.000001 0.000002 0.000001 -9.532492 0.000012 -0.000001 0.082086 -2.844314 6.920395 0.000004 -0.008861 0.108735 0.000008 0.005344 -0.065526 0.000000 0.000001 0.000000 -9.103596 -0.043089 -1.865102 0.079705 -2.824400 6.674078 0.000006 -0.006796 0.083420 -0.000001 0.003655 -0.044840 -0.000000 0.000000 0.000000 -8.076706 -0.486721 -3.806301 0.060636 -2.632567 4.306780 0.000009 -0.010634 0.130552 0.000002 0.006031 -0.074011 -0.000000 0.000001 -0.000000 4.570399 11.014660 -2.160813 5.816769 -2.815286 -0.615037 36.106330 6.688025 -105.633452 -0.000005 -34.433183 0.000013 19.018418 20.661724 91.424869 2.466090 -1.576211 2.681698 -12.388627 -9.936137 20.816846 5.987296 12.645730 1.346538 -7.335785 -0.421671 13.147353 0.000003 0.000007 0.000004 9.109295 -0.518020 2.259899 0.287416 3.189500 -8.363680 -0.000004 0.001662 -0.016208 0.000005 -0.001022 0.010024 0.000000 0.000000 0.000000 9.533402 0.000010 -0.000000 0.124656 3.201690 -8.197509 0.000005 -0.000006 0.000006 0.000001 0.000005 -0.000002 0.000000 -0.000000 0.000001 9.104498 -0.043001 -1.865101 0.108202 3.079164 -6.987591 0.000005 -0.000012 0.000002 0.000002 -0.000000 0.000004 -0.000001 0.000000 0.000001 8.077798 -0.486890 -3.806301 0.089442 2.906232 -5.290077 0.000003 -0.000002 -0.000010 0.000000 -0.000005 0.000025 0.000000 -0.000001 -0.000000 -8.207796 -6.751703 -1.599540 -48.154476 -3.591112 -48.319695 6.871318 -10.004109 -4.964634 -7.268881 -17.939577 11.176369 3.859004 -0.000003 -0.000003 0.000001 0.000000 -0.000002 8.207800 -6.751705 -1.599550 -62.482092 3.501898 57.011859 22.281131 -3.620238 2.954213 29.401833 0.053813 -0.809343 0.145027 -0.000014 -0.000029 -0.000001 -0.000001 0.000000 
0.176823 35.262039 -3.294281 -115.206672 5.478802 3.147014 0.000000 10.181547 0.131523 53.790912 -8.033161 -1.595025 14.452294 -2.540451 2.904999 14.513778 -1.532698 3.001468 0.000000 16.740374 -2.049019 8.082123 0.157414 1.364754 0.000000 9.617843 1.684967 28.114155 3.120509 6.425601 0.000001 22.037384 7.501075 -0.000000 0.000000 0.000000 -4.570001 11.014858 -2.160839 0.566137 -0.020113 -1.614849 30.312103 -9.214755 94.146235 -0.000003 41.605933 0.000011 40.690323 -35.450512 -75.217376 -2.464808 -1.573992 2.681913 -11.630453 11.625162 -20.750857 6.358357 -14.447667 -2.112241 -5.504768 -5.510924 -14.718511 0.000002 -0.000004 0.000003 -9.108294 -0.517870 2.259800 0.083329 -2.854491 7.046420 0.000011 -0.007202 0.088408 0.000001 0.004412 -0.054199 0.000001 0.000002 0.000001 -9.532492 0.000012 -0.000001 0.082086 -2.844314 6.920395 0.000004 -0.008861 0.108735 0.000008 0.005344 -0.065526 0.000000 0.000001 0.000000 -9.103596 -0.043089 -1.865102 0.079705 -2.824400 6.674078 0.000006 -0.006796 0.083420 -0.000001 0.003655 -0.044840 -0.000000 0.000000 0.000000 -8.076706 -0.486721 -3.806301 0.060636 -2.632567 4.306780 0.000009 -0.010634 0.130552 0.000002 0.006031 -0.074011 -0.000000 0.000001 -0.000000 4.570399 11.014660 -2.160813 5.816769 -2.815286 -0.615037 36.106330 6.688025 -105.633452 -0.000005 -34.433183 0.000013 19.018418 20.661724 91.424869 2.466090 -1.576211 2.681698 -12.388627 -9.936137 20.816846 5.987296 12.645730 1.346538 -7.335785 -0.421671 13.147353 0.000003 0.000007 0.000004 9.109295 -0.518020 2.259899 0.287416 3.189500 -8.363680 -0.000004 0.001662 -0.016208 0.000005 -0.001022 0.010024 0.000000 0.000000 0.000000 9.533402 0.000010 -0.000000 0.124656 3.201690 -8.197509 0.000005 -0.000006 0.000006 0.000001 0.000005 -0.000002 0.000000 -0.000000 0.000001 9.104498 -0.043001 -1.865101 0.108202 3.079164 -6.987591 0.000005 -0.000012 0.000002 0.000002 -0.000000 0.000004 -0.000001 0.000000 0.000001 8.077798 -0.486890 -3.806301 0.089442 2.906232 -5.290077 0.000003 -0.000002 -0.000010 0.000000 -0.000005 0.000025 0.000000 -0.000001 -0.000000 -8.207796 -6.751703 -1.599540 -48.154476 -3.591112 -48.319695 6.871318 -10.004109 -4.964634 -7.268881 -17.939577 11.176369 3.859004 -0.000003 -0.000003 0.000001 0.000000 -0.000002 8.207800 -6.751705 -1.599550 -62.482092 3.501898 57.011859 22.281131 -3.620238 2.954213 29.401833 0.053813 -0.809343 0.145027 -0.000014 -0.000029 -0.000001 -0.000001 0.000000 
0.176823 35.262039 -3.294281 -115.206672 5.478802 3.147014 0.000000 10.181547 0.131523 53.790912 -8.033161 -1.595025 14.452294 -2.540451 2.904999 14.513778 -1.532698 3.001468 0.000000 16.740374 -2.049019 8.082123 0.157414 1.364754 0.000000 9.617843 1.684967 28.114155 3.120509 6.425601 0.000001 22.037384 7.501075 -0.000000 0.000000 0.000000 -4.570001 11.014858 -2.160839 0.566137 -0.020113 -1.614849 30.312103 -9.214755 94.146235 -0.000003 41.605933 0.000011 40.690323 -35.450512 -75.217376 -2.464808 -1.573992 2.681913 -11.630453 11.625162 -20.750857 6.358357 -14.447667 -2.112241 -5.504768 -5.510924 -14.718511 0.000002 -0.000004 0.000003 -9.108294 -0.517870 2.259800 0.083329 -2.854491 7.046420 0.000011 -0.007202 0.088408 0.000001 0.004412 -0.054199 0.000001 0.000002 0.000001 -9.532492 0.000012 -0.000001 0.082086 -2.844314 6.920395 0.000004 -0.008861 0.108735 0.000008 0.005344 -0.065526 0.000000 0.000001 0.000000 -9.103596 -0.043089 -1.865102 0.079705 -2.824400 6.674078 0.000006 -0.006796 0.083420 -0.000001 0.003655 -0.044840 -0.000000 0.000000 0.000000 -8.076706 -0.486721 -3.806301 0.060636 -2.632567 4.306780 0.000009 -0.010634 0.130552 0.000002 0.006031 -0.074011 -0.000000 0.000001 -0.000000 4.570399 11.014660 -2.160813 5.816769 -2.815286 -0.615037 36.106330 6.688025 -105.633452 -0.000005 -34.433183 0.000013 19.018418 20.661724 91.424869 2.466090 -1.576211 2.681698 -12.388627 -9.936137 20.816846 5.987296 12.645730 1.346538 -7.335785 -0.421671 13.147353 0.000003 0.000007 0.000004 9.109295 -0.518020 2.259899 0.287416 3.189500 -8.363680 -0.000004 0.001662 -0.016208 0.000005 -0.001022 0.010024 0.000000 0.000000 0.000000 9.533402 0.000010 -0.000000 0.124656 3.201690 -8.197509 0.000005 -0.000006 0.000006 0.000001 0.000005 -0.000002 0.000000 -0.000000 0.000001 9.104498 -0.043001 -1.865101 0.108202 3.079164 -6.987591 0.000005 -0.000012 0.000002 0.000002 -0.000000 0.000004 -0.000001 0.000000 0.000001 8.077798 -0.486890 -3.806301 0.089442 2.906232 -5.290077 0.000003 -0.000002 -0.000010 0.000000 -0.000005 0.000025 0.000000 -0.000001 -0.000000 -8.207796 -6.751703 -1.599540 -48.154476 -3.591112 -48.319695 6.871318 -10.004109 -4.964634 -7.268881 -17.939577 11.176369 3.859004 -0.000003 -0.000003 0.000001 0.000000 -0.000002 8.207800 -6.751705 -1.599550 -62.482092 3.501898 57.011859 22.281131 -3.620238 2.954213 29.401833 0.053813 -0.809343 0.145027 -0.000014 -0.000029 -0.000001 -0.000001 0.000000 
0.176823 35.262039 -3.294281 -115.206672 5.478802 3.147014 0.000000 10.181547 0.131523 53.790912 -8.033161 -1.595025 14.452294 -2.540451 2.904999 14.513778 -1.532698 3.001468 0.000000 16.740374 -2.049019 8.082123 0.157414 1.364754 0.000000 9.617843 1.684967 28.114155 3.120509 6.425601 0.000001 22.037384 7.501075 -0.000000 0.000000 0.000000 -4.570001 11.014858 -2.160839 0.566137 -0.020113 -1.614849 30.312103 -9.214755 94.146235 -0.000003 41.605933 0.000011 40.690323 -35.450512 -75.217376 -2.464808 -1.573992 2.681913 -11.630453 11.625162 -20.750857 6.358357 -14.447667 -2.112241 -5.504768 -5.510924 -14.718511 0.000002 -0.000004 0.000003 -9.108294 -0.517870 2.259800 0.083329 -2.854491 7.046420 0.000011 -0.007202 0.088408 0.000001 0.004412 -0.054199 0.000001 0.000002 0.000001 -9.532492 0.000012 -0.000001 0.082086 -2.844314 6.920395 0.000004 -0.008861 0.108735 0.000008 0.005344 -0.065526 0.000000 0.000001 0.000000 -9.103596 -0.043089 -1.865102 0.079705 -2.824400 6.674078 0.000006 -0.006796 0.083420 -0.000001 0.003655 -0.044840 -0.000000 0.000000 0.000000 -8.076706 -0.486721 -3.806301 0.060636 -2.632567 4.306780 0.000009 -0.010634 0.130552 0.000002 0.006031 -0.074011 -0.000000 0.000001 -0.000000 4.570399 11.014660 -2.160813 5.816769 -2.815286 -0.615037 36.106330 6.688025 -105.633452 -0.000005 -34.433183 0.000013 19.018418 20.661724 91.424869 2.466090 -1.576211 2.681698 -12.388627 -9.936137 20.816846 5.987296 12.645730 1.346538 -7.335785 -0.421671 13.147353 0.000003 0.000007 0.000004 9.109295 -0.518020 2.259899 0.287416 3.189500 -8.363680 -0.000004 0.001662 -0.016208 0.000005 -0.001022 0.010024 0.000000 0.000000 0.000000 9.533402 0.000010 -0.000000 0.124656 3.201690 -8.197509 0.000005 -0.000006 0.000006 0.000001 0.000005 -0.000002 0.000000 -0.000000 0.000001 9.104498 -0.043001 -1.865101 0.108202 3.079164 -6.987591 0.000005 -0.000012 0.000002 0.000002 -0.000000 0.000004 -0.000001 0.000000 0.000001 8.077798 -0.486890 -3.806301 0.089442 2.906232 -5.290077 0.000003 -0.000002 -0.000010 0.000000 -0.000005 0.000025 0.000000 -0.000001 -0.000000 -8.207796 -6.751703 -1.599540 -48.154476 -3.591112 -48.319695 6.871318 -10.004109 -4.964634 -7.268881 -17.939577 11.176369 3.859004 -0.000003 -0.000003 0.000001 0.000000 -0.000002 8.207800 -6.751705 -1.599550 -62.482092 3.501898 57.011859 22.281131 -3.620238 2.954213 29.401833 0.053813 -0.809343 0.145027 -0.000014 -0.000029 -0.000001 -0.000001 0.000000 
0.176823 35.262039 -3.294281 -115.206672 5.478802 3.147014 0.000000 10.181547 0.131523 53.790912 -8.033161 -1.595025 14.452294 -2.540451 2.904999 14.513778 -1.532698 3.001468 0.000000 16.740374 -2.049019 8.082123 0.157414 1.364754 0.000000 9.617843 1.684967 28.114155 3.120509 6.425601 0.000001 22.037384 7.501075 -0.000000 0.000000 0.000000 -4.570001 11.014858 -2.160839 0.566137 -0.020113 -1.614849 30.312103 -9.214755 94.146235 -0.000003 41.605933 0.000011 40.690323 -35.450512 -75.217376 -2.464808 -1.573992 2.681913 -11.630453 11.625162 -20.750857 6.358357 -14.447667 -2.112241 -5.504768 -5.510924 -14.718511 0.000002 -0.000004 0.000003 -9.108294 -0.517870 2.259800 0.083329 -2.854491 7.046420 0.000011 -0.007202 0.088408 0.000001 0.004412 -0.054199 0.000001 0.000002 0.000001 -9.532492 0.000012 -0.000001 0.082086 -2.844314 6.920395 0.000004 -0.008861 0.108735 0.000008 0.005344 -0.065526 0.000000 0.000001 0.000000 -9.103596 -0.043089 -1.865102 0.079705 -2.824400 6.674078 0.000006 -0.006796 0.083420 -0.000001 0.003655 -0.044840 -0.000000 0.000000 0.000000 -8.076706 -0.486721 -3.806301 0.060636 -2.632567 4.306780 0.000009 -0.010634 0.130552 0.000002 0.006031 -0.074011 -0.000000 0.000001 -0.000000 4.570399 11.014660 -2.160813 5.816769 -2.815286 -0.615037 36.106330 6.688025 -105.633452 -0.000005 -34.433183 0.000013 19.018418 20.661724 91.424869 2.466090 -1.576211 2.681698 -12.388627 -9.936137 20.816846 5.987296 12.645730 1.346538 -7.335785 -0.421671 13.147353 0.000003 0.000007 0.000004 9.109295 -0.518020 2.259899 0.287416 3.189500 -8.363680 -0.000004 0.001662 -0.016208 0.000005 -0.001022 0.010024 0.000000 0.000000 0.000000 9.533402 0.000010 -0.000000 0.124656 3.201690 -8.197509 0.000005 -0.000006 0.000006 0.000001 0.000005 -0.000002 0.000000 -0.000000 0.000001 9.104498 -0.043001 -1.865101 0.108202 3.079164 -6.987591 0.000005 -0.000012 0.000002 0.000002 -0.000000 0.000004 -0.000001 0.000000 0.000001 8.077798 -0.486890 -3.806301 0.089442 2.906232 -5.290077 0.000003 -0.000002 -0.000010 0.000000 -0.000005 0.000025 0.000000 -0.000001 -0.000000 -8.207796 -6.751703 -1.599540 -48.154476 -3.591112 -48.319695 6.871318 -10.004109 -4.964634 -7.268881 -17.939577 11.176369 3.859004 -0.000003 -0.000003 0.000001 0.000000 -0.000002 8.207800 -6.751705 -1.599550 -62.482092 3.501898 57.011859 22.281131 -3.620238 2.954213 29.401833 0.053813 -0.809343 0.145027 -0.000014 -0.000029 -0.000001 -0.000001 0.000000 
0.176823 35.262039 -3.294281 -115.206672 5.478802 3.147014 0.000000 10.181547 0.131523 53.790912 -8.033161 -1.595025 14.452294 -2.540451 2.904999 14.513778 -1.532698 3.001468 0.000000 16.740374 -2.049019 8.082123 0.157414 1.364754 0.000000 9.617843 1.684967 28.114155 3.120509 6.425601 0.000001 22.037384 7.501075 -0.000000 0.000000 0.000000 -4.570001 11.014858 -2.160839 0.566137 -0.020113 -1.614849 30.312103 -9.214755 94.146235 -0.000003 41.605933 0.000011 40.690323 -35.450512 -75.217376 -2.464808 -1.573992 2.681913 -11.630453 11.625162 -20.750857 6.358357 -14.447667 -2.112241 -5.504768 -5.510924 -14.718511 0.000002 -0.000004 0.000003 -9.108294 -0.517870 2.259800 0.083329 -2.854491 7.046420 0.000011 -0.007202 0.088408 0.000001 0.004412 -0.054199 0.000001 0.000002 0.000001 -9.532492 0.000012 -0.000001 0.082086 -2.844314 6.920395 0.000004 -0.008861 0.108735 0.000008 0.005344 -0.065526 0.000000 0.000001 0.000000 -9.103596 -0.043089 -1.865102 0.079705 -2.824400 6.674078 0.000006 -0.006796 0.083420 -0.000001 0.003655 -0.044840 -0.000000 0.000000 0.000000 -8.076706 -0.486721 -3.806301 0.060636 -2.632567 4.306780 0.000009 -0.010634 0.130552 0.000002 0.006031 -0.074011 -0.000000 0.000001 -0.000000 4.570399 11.014660 -2.160813 5.816769 -2.815286 -0.615037 36.106330 6.688025 -105.633452 -0.000005 -34.433183 0.000013 19.018418 20.661724 91.424869 2.466090 -1.576211 2.681698 -12.388627 -9.936137 20.816846 5.987296 12.645730 1.346538 -7.335785 -0.421671 13.147353 0.000003 0.000007 0.000004 9.109295 -0.518020 2.259899 0.287416 3.189500 -8.363680 -0.000004 0.001662 -0.016208 0.000005 -0.001022 0.010024 0.000000 0.000000 0.000000 9.533402 0.000010 -0.000000 0.124656 3.201690 -8.197509 0.000005 -0.000006 0.000006 0.000001 0.000005 -0.000002 0.000000 -0.000000 0.000001 9.104498 -0.043001 -1.865101 0.108202 3.079164 -6.987591 0.000005 -0.000012 0.000002 0.000002 -0.000000 0.000004 -0.000001 0.000000 0.000001 8.077798 -0.486890 -3.806301 0.089442 2.906232 -5.290077 0.000003 -0.000002 -0.000010 0.000000 -0.000005 0.000025 0.000000 -0.000001 -0.000000 -8.207796 -6.751703 -1.599540 -48.154476 -3.591112 -48.319695 6.871318 -10.004109 -4.964634 -7.268881 -17.939577 11.176369 3.859004 -0.000003 -0.000003 0.000001 0.000000 -0.000002 8.207800 -6.751705 -1.599550 -62.482092 3.501898 57.011859 22.281131 -3.620238 2.954213 29.401833 0.053813 -0.809343 0.145027 -0.000014 -0.000029 -0.000001 -0.000001 0.000000 
0.176823 35.262039 -3.294281 -115.206672 5.478802 3.147014 0.000000 10.181547 0.131523 53.790912 -8.033161 -1.595025 14.452294 -2.540451 2.904999 14.513778 -1.532698 3.001468 0.000000 16.740374 -2.049019 8.082123 0.157414 1.364754 0.000000 9.617843 1.684967 28.114155 3.120509 6.425601 0.000001 22.037384 7.501075 -0.000000 0.000000 0.000000 -4.570001 11.014858 -2.160839 0.566137 -0.020113 -1.614849 30.312103 -9.214755 94.146235 -0.000003 41.605933 0.000011 40.690323 -35.450512 -75.217376 -2.464808 -1.573992 2.681913 -11.630453 11.625162 -20.750857 6.358357 -14.447667 -2.112241 -5.504768 -5.510924 -14.718511 0.000002 -0.000004 0.000003 -9.108294 -0.517870 2.259800 0.083329 -2.854491 7.046420 0.000011 -0.007202 0.088408 0.000001 0.004412 -0.054199 0.000001 0.000002 0.000001 -9.532492 0.000012 -0.000001 0.082086 -2.844314 6.920395 0.000004 -0.008861 0.108735 0.000008 0.005344 -0.065526 0.000000 0.000001 0.000000 -9.103596 -0.043089 -1.865102 0.079705 -2.824400 6.674078 0.000006 -0.006796 0.083420 -0.000001 0.003655 -0.044840 -0.000000 0.000000 0.000000 -8.076706 -0.486721 -3.806301 0.060636 -2.632567 4.306780 0.000009 -0.010634 0.130552 0.000002 0.006031 -0.074011 -0.000000 0.000001 -0.000000 4.570399 11.014660 -2.160813 5.816769 -2.815286 -0.615037 36.106330 6.688025 -105.633452 -0.000005 -34.433183 0.000013 19.018418 20.661724 91.424869 2.466090 -1.576211 2.681698 -12.388627 -9.936137 20.816846 5.987296 12.645730 1.346538 -7.335785 -0.421671 13.147353 0.000003 0.000007 0.000004 9.109295 -0.518020 2.259899 0.287416 3.189500 -8.363680 -0.000004 0.001662 -0.016208 0.000005 -0.001022 0.010024 0.000000 0.000000 0.000000 9.533402 0.000010 -0.000000 0.124656 3.201690 -8.197509 0.000005 -0.000006 0.000006 0.000001 0.000005 -0.000002 0.000000 -0.000000 0.000001 9.104498 -0.043001 -1.865101 0.108202 3.079164 -6.987591 0.000005 -0.000012 0.000002 0.000002 -0.000000 0.000004 -0.000001 0.000000 0.000001 8.077798 -0.486890 -3.806301 0.089442 2.906232 -5.290077 0.000003 -0.000002 -0.000010 0.000000 -0.000005 0.000025 0.000000 -0.000001 -0.000000 -8.207796 -6.751703 -1.599540 -48.154476 -3.591112 -48.319695 6.871318 -10.004109 -4.964634 -7.268881 -17.939577 11.176369 3.859004 -0.000003 -0.000003 0.000001 0.000000 -0.000002 8.207800 -6.751705 -1.599550 -62.482092 3.501898 57.011859 22.281131 -3.620238 2.954213 29.401833 0.053813 -0.809343 0.145027 -0.000014 -0.000029 -0.000001 -0.000001 0.000000 
0.176823 35.262039 -3.294281 -115.206672 5.478802 3.147014 0.000000 10.181547 0.131523 53.790912 -8.033161 -1.595025 14.452294 -2.540451 2.904999 14.513778 -1.532698 3.001468 0.000000 16.740374 -2.049019 8.082123 0.157414 1.364754 0.000000 9.617843 1.684967 28.114155 3.120509 6.425601 0.000001 22.037384 7.501075 -0.000000 0.000000 0.000000 -4.570001 11.014858 -2.160839 0.566137 -0.020113 -1.614849 30.312103 -9.214755 94.146235 -0.000003 41.605933 0.000011 40.690323 -35.450512 -75.217376 -2.464808 -1.573992 2.681913 -11.630453 11.625162 -20.750857 6.358357 -14.447667 -2.112241 -5.504768 -5.510924 -14.718511 0.000002 -0.000004 0.000003 -9.108294 -0.517870 2.259800 0.083329 -2.854491 7.046420 0.000011 -0.007202 0.088408 0.000001 0.004412 -0.054199 0.000001 0.000002 0.000001 -9.532492 0.000012 -0.000001 0.082086 -2.844314 6.920395 0.000004 -0.008861 0.108735 0.000008 0.005344 -0.065526 0.000000 0.000001 0.000000 -9.103596 -0.043089 -1.865102 0.079705 -2.824400 6.674078 0.000006 -0.006796 0.083420 -0.000001 0.003655 -0.044840 -0.000000 0.000000 0.000000 -8.076706 -0.486721 -3.806301 0.060636 -2.632567 4.306780 0.000009 -0.010634 0.130552 0.000002 0.006031 -0.074011 -0.000000 0.000001 -0.000000 4.570399 11.014660 -2.160813 5.816769 -2.815286 -0.615037 36.106330 6.688025 -105.633452 -0.000005 -34.433183 0.000013 19.018418 20.661724 91.424869 2.466090 -1.576211 2.681698 -12.388627 -9.936137 20.816846 5.987296 12.645730 1.346538 -7.335785 -0.421671 13.147353 0.000003 0.000007 0.000004 9.109295 -0.518020 2.259899 0.287416 3.189500 -8.363680 -0.000004 0.001662 -0.016208 0.000005 -0.001022 0.010024 0.000000 0.000000 0.000000 9.533402 0.000010 -0.000000 0.124656 3.201690 -8.197509 0.000005 -0.000006 0.000006 0.000001 0.000005 -0.000002 0.000000 -0.000000 0.000001 9.104498 -0.043001 -1.865101 0.108202 3.079164 -6.987591 0.000005 -0.000012 0.000002 0.000002 -0.000000 0.000004 -0.000001 0.000000 0.000001 8.077798 -0.486890 -3.806301 0.089442 2.906232 -5.290077 0.000003 -0.000002 -0.000010 0.000000 -0.000005 0.000025 0.000000 -0.000001 -0.000000 -8.207796 -6.751703 -1.599540 -48.154476 -3.591112 -48.319695 6.871318 -10.004109 -4.964634 -7.268881 -17.939577 11.176369 3.859004 -0.000003 -0.000003 0.000001 0.000000 -0.000002 8.207800 -6.751705 -1.599550 -62.482092 3.501898 57.011859 22.281131 -3.620238 2.954213 29.401833 0.053813 -0.809343 0.145027 -0.000014 -0.000029 -0.000001 -0.000001 0.000000 
0.176823 35.262039 -3.294281 -115.206672 5.478802 3.147014 0.000000 10.181547 0.131523 53.790912 -8.033161 -1.595025 14.452294 -2.540451 2.904999 14.513778 -1.532698 3.001468 0.000000 16.740374 -2.049019 8.082123 0.157414 1.364754 0.000000 9.617843 1.684967 28.114155 3.120509 6.425601 0.000001 22.037384 7.501075 -0.000000 0.000000 0.000000 -4.570001 11.014858 -2.160839 0.566137 -0.020113 -1.614849 30.312103 -9.214755 94.146235 -0.000003 41.605933 0.000011 40.690323 -35.450512 -75.217376 -2.464808 -1.573992 2.681913 -11.630453 11.625162 -20.750857 6.358357 -14.447667 -2.112241 -5.504768 -5.510924 -14.718511 0.000002 -0.000004 0.000003 -9.108294 -0.517870 2.259800 0.083329 -2.854491 7.046420 0.000011 -0.007202 0.088408 0.000001 0.004412 -0.054199 0.000001 0.000002 0.000001 -9.532492 0.000012 -0.000001 0.082086 -2.844314 6.920395 0.000004 -0.008861 0.108735 0.000008 0.005344 -0.065526 0.000000 0.000001 0.000000 -9.103596 -0.043089 -1.865102 0.079705 -2.824400 6.674078 0.000006 -0.006796 0.083420 -0.000001 0.003655 -0.044840 -0.000000 0.000000 0.000000 -8.076706 -0.486721 -3.806301 0.060636 -2.632567 4.306780 0.000009 -0.010634 0.130552 0.000002 0.006031 -0.074011 -0.000000 0.000001 -0.000000 4.570399 11.014660 -2.160813 5.816769 -2.815286 -0.615037 36.106330 6.688025 -105.633452 -0.000005 -34.433183 0.000013 19.018418 20.661724 91.424869 2.466090 -1.576211 2.681698 -12.388627 -9.936137 20.816846 5.987296 12.645730 1.346538 -7.335785 -0.421671 13.147353 0.000003 0.000007 0.000004 9.109295 -0.518020 2.259899 0.287416 3.189500 -8.363680 -0.000004 0.001662 -0.016208 0.000005 -0.001022 0.010024 0.000000 0.000000 0.000000 9.533402 0.000010 -0.000000 0.124656 3.201690 -8.197509 0.000005 -0.000006 0.000006 0.000001 0.000005 -0.000002 0.000000 -0.000000 0.000001 9.104498 -0.043001 -1.865101 0.108202 3.079164 -6.987591 0.000005 -0.000012 0.000002 0.000002 -0.000000 0.000004 -0.000001 0.000000 0.000001 8.077798 -0.486890 -3.806301 0.089442 2.906232 -5.290077 0.000003 -0.000002 -0.000010 0.000000 -0.000005 0.000025 0.000000 -0.000001 -0.000000 -8.207796 -6.751703 -1.599540 -48.154476 -3.591112 -48.319695 6.871318 -10.004109 -4.964634 -7.268881 -17.939577 11.176369 3.859004 -0.000003 -0.000003 0.000001 0.000000 -0.000002 8.207800 -6.751705 -1.599550 -62.482092 3.501898 57.011859 22.281131 -3.620238 2.954213 29.401833 0.053813 -0.809343 0.145027 -0.000014 -0.000029 -0.000001 -0.000001 0.000000 
0.176823 35.262039 -3.294281 -115.206672 5.478802 3.147014 0.000000 10.181547 0.131523 53.790912 -8.033161 -1.595025 14.452294 -2.540451 2.904999 14.513778 -1.532698 3.001468 0.000000 16.740374 -2.049019 8.082123 0.157414 1.364754 0.000000 9.617843 1.684967 28.114155 3.120509 6.425601 0.000001 22.037384 7.501075 -0.000000 0.000000 0.000000 -4.570001 11.014858 -2.160839 0.566137 -0.020113 -1.614849 30.312103 -9.214755 94.146235 -0.000003 41.605933 0.000011 40.690323 -35.450512 -75.217376 -2.464808 -1.573992 2.681913 -11.630453 11.625162 -20.750857 6.358357 -14.447667 -2.112241 -5.504768 -5.510924 -14.718511 0.000002 -0.000004 0.000003 -9.108294 -0.517870 2.259800 0.083329 -2.854491 7.046420 0.000011 -0.007202 0.088408 0.000001 0.004412 -0.054199 0.000001 0.000002 0.000001 -9.532492 0.000012 -0.000001 0.082086 -2.844314 6.920395 0.000004 -0.008861 0.108735 0.000008 0.005344 -0.065526 0.000000 0.000001 0.000000 -9.103596 -0.043089 -1.865102 0.079705 -2.824400 6.674078 0.000006 -0.006796 0.083420 -0.000001 0.003655 -0.044840 -0.000000 0.000000 0.000000 -8.076706 -0.486721 -3.806301 0.060636 -2.632567 4.306780 0.000009 -0.010634 0.130552 0.000002 0.006031 -0.074011 -0.000000 0.000001 -0.000000 4.570399 11.014660 -2.160813 5.816769 -2.815286 -0.615037 36.106330 6.688025 -105.633452 -0.000005 -34.433183 0.000013 19.018418 20.661724 91.424869 2.466090 -1.576211 2.681698 -12.388627 -9.936137 20.816846 5.987296 12.645730 1.346538 -7.335785 -0.421671 13.147353 0.000003 0.000007 0.000004 9.109295 -0.518020 2.259899 0.287416 3.189500 -8.363680 -0.000004 0.001662 -0.016208 0.000005 -0.001022 0.010024 0.000000 0.000000 0.000000 9.533402 0.000010 -0.000000 0.124656 3.201690 -8.197509 0.000005 -0.000006 0.000006 0.000001 0.000005 -0.000002 0.000000 -0.000000 0.000001 9.104498 -0.043001 -1.865101 0.108202 3.079164 -6.987591 0.000005 -0.000012 0.000002 0.000002 -0.000000 0.000004 -0.000001 0.000000 0.000001 8.077798 -0.486890 -3.806301 0.089442 2.906232 -5.290077 0.000003 -0.000002 -0.000010 0.000000 -0.000005 0.000025 0.000000 -0.000001 -0.000000 -8.207796 -6.751703 -1.599540 -48.154476 -3.591112 -48.319695 6.871318 -10.004109 -4.964634 -7.268881 -17.939577 11.176369 3.859004 -0.000003 -0.000003 0.000001 0.000000 -0.000002 8.207800 -6.751705 -1.599550 -62.482092 3.501898 57.011859 22.281131 -3.620238 2.954213 29.401833 0.053813 -0.809343 0.145027 -0.000014 -0.000029 -0.000001 -0.000001 0.000000 
0.176823 35.262039 -3.294281 -115.206672 5.478802 3.147014 0.000000 10.181547 0.131523 53.790912 -8.033161 -1.595025 14.452294 -2.540451 2.904999 14.513778 -1.532698 3.001468 0.000000 16.740374 -2.049019 8.082123 0.157414 1.364754 0.000000 9.617843 1.684967 28.114155 3.120509 6.425601 0.000001 22.037384 7.501075 -0.000000 0.000000 0.000000 -4.570001 11.014858 -2.160839 0.566137 -0.020113 -1.614849 30.312103 -9.214755 94.146235 -0.000003 41.605933 0.000011 40.690323 -35.450512 -75.217376 -2.464808 -1.573992 2.681913 -11.630453 11.625162 -20.750857 6.358357 -14.447667 -2.112241 -5.504768 -5.510924 -14.718511 0.000002 -0.000004 0.000003 -9.108294 -0.517870 2.259800 0.083329 -2.854491 7.046420 0.000011 -0.007202 0.088408 0.000001 0.004412 -0.054199 0.000001 0.000002 0.000001 -9.532492 0.000012 -0.000001 0.082086 -2.844314 6.920395 0.000004 -0.008861 0.108735 0.000008 0.005344 -0.065526 0.000000 0.000001 0.000000 -9.103596 -0.043089 -1.865102 0.079705 -2.824400 6.674078 0.000006 -0.006796 0.083420 -0.000001 0.003655 -0.044840 -0.000000 0.000000 0.000000 -8.076706 -0.486721 -3.806301 0.060636 -2.632567 4.306780 0.000009 -0.010634 0.130552 0.000002 0.006031 -0.074011 -0.000000 0.000001 -0.000000 4.570399 11.014660 -2.160813 5.816769 -2.815286 -0.615037 36.106330 6.688025 -105.633452 -0.000005 -34.433183 0.000013 19.018418 20.661724 91.424869 2.466090 -1.576211 2.681698 -12.388627 -9.936137 20.816846 5.987296 12.645730 1.346538 -7.335785 -0.421671 13.147353 0.000003 0.000007 0.000004 9.109295 -0.518020 2.259899 0.287416 3.189500 -8.363680 -0.000004 0.001662 -0.016208 0.000005 -0.001022 0.010024 0.000000 0.000000 0.000000 9.533402 0.000010 -0.000000 0.124656 3.201690 -8.197509 0.000005 -0.000006 0.000006 0.000001 0.000005 -0.000002 0.000000 -0.000000 0.000001 9.104498 -0.043001 -1.865101 0.108202 3.079164 -6.987591 0.000005 -0.000012 0.000002 0.000002 -0.000000 0.000004 -0.000001 0.000000 0.000001 8.077798 -0.486890 -3.806301 0.089442 2.906232 -5.290077 0.000003 -0.000002 -0.000010 0.000000 -0.000005 0.000025 0.000000 -0.000001 -0.000000 -8.207796 -6.751703 -1.599540 -48.154476 -3.591112 -48.319695 6.871318 -10.004109 -4.964634 -7.268881 -17.939577 11.176369 3.859004 -0.000003 -0.000003 0.000001 0.000000 -0.000002 8.207800 -6.751705 -1.599550 -62.482092 3.501898 57.011859 22.281131 -3.620238 2.954213 29.401833 0.053813 -0.809343 0.145027 -0.000014 -0.000029 -0.000001 -0.000001 0.000000 
0.176823 35.262039 -3.294281 -115.206672 5.478802 3.147014 0.000000 10.181547 0.131523 53.790912 -8.033161 -1.595025 14.452294 -2.540451 2.904999 14.513778 -1.532698 3.001468 0.000000 16.740374 -2.049019 8.082123 0.157414 1.364754 0.000000 9.617843 1.684967 28.114155 3.120509 6.425601 0.000001 22.037384 7.501075 -0.000000 0.000000 0.000000 -4.570001 11.014858 -2.160839 0.566137 -0.020113 -1.614849 30.312103 -9.214755 94.146235 -0.000003 41.605933 0.000011 40.690323 -35.450512 -75.217376 -2.464808 -1.573992 2.681913 -11.630453 11.625162 -20.750857 6.358357 -14.447667 -2.112241 -5.504768 -5.510924 -14.718511 0.000002 -0.000004 0.000003 -9.108294 -0.517870 2.259800 0.083329 -2.854491 7.046420 0.000011 -0.007202 0.088408 0.000001 0.004412 -0.054199 0.000001 0.000002 0.000001 -9.532492 0.000012 -0.000001 0.082086 -2.844314 6.920395 0.000004 -0.008861 0.108735 0.000008 0.005344 -0.065526 0.000000 0.000001 0.000000 -9.103596 -0.043089 -1.865102 0.079705 -2.824400 6.674078 0.000006 -0.006796 0.083420 -0.000001 0.003655 -0.044840 -0.000000 0.000000 0.000000 -8.076706 -0.486721 -3.806301 0.060636 -2.632567 4.306780 0.000009 -0.010634 0.130552 0.000002 0.006031 -0.074011 -0.000000 0.000001 -0.000000 4.570399 11.014660 -2.160813 5.816769 -2.815286 -0.615037 36.106330 6.688025 -105.633452 -0.000005 -34.433183 0.000013 19.018418 20.661724 91.424869 2.466090 -1.576211 2.681698 -12.388627 -9.936137 20.816846 5.987296 12.645730 1.346538 -7.335785 -0.421671 13.147353 0.000003 0.000007 0.000004 9.109295 -0.518020 2.259899 0.287416 3.189500 -8.363680 -0.000004 0.001662 -0.016208 0.000005 -0.001022 0.010024 0.000000 0.000000 0.000000 9.533402 0.000010 -0.000000 0.124656 3.201690 -8.197509 0.000005 -0.000006 0.000006 0.000001 0.000005 -0.000002 0.000000 -0.000000 0.000001 9.104498 -0.043001 -1.865101 0.108202 3.079164 -6.987591 0.000005 -0.000012 0.000002 0.000002 -0.000000 0.000004 -0.000001 0.000000 0.000001 8.077798 -0.486890 -3.806301 0.089442 2.906232 -5.290077 0.000003 -0.000002 -0.000010 0.000000 -0.000005 0.000025 0.000000 -0.000001 -0.000000 -8.207796 -6.751703 -1.599540 -48.154476 -3.591112 -48.319695 6.871318 -10.004109 -4.964634 -7.268881 -17.939577 11.176369 3.859004 -0.000003 -0.000003 0.000001 0.000000 -0.000002 8.207800 -6.751705 -1.599550 -62.482092 3.501898 57.011859 22.281131 -3.620238 2.954213 29.401833 0.053813 -0.809343 0.145027 -0.000014 -0.000029 -0.000001 -0.000001 0.000000 
0.176823 35.262039 -3.294281 -115.206672 5.478802 3.147014 0.000000 10.181547 0.131523 53.790912 -8.033161 -1.595025 14.452294 -2.540451 2.904999 14.513778 -1.532698 3.001468 0.000000 16.740374 -2.049019 8.082123 0.157414 1.364754 0.000000 9.617843 1.684967 28.114155 3.120509 6.425601 0.000001 22.037384 7.501075 -0.000000 0.000000 0.000000 -4.570001 11.014858 -2.160839 0.566137 -0.020113 -1.614849 30.312103 -9.214755 94.146235 -0.000003 41.605933 0.000011 40.690323 -35.450512 -75.217376 -2.464808 -1.573992 2.681913 -11.630453 11.625162 -20.750857 6.358357 -14.447667 -2.112241 -5.504768 -5.510924 -14.718511 0.000002 -0.000004 0.000003 -9.108294 -0.517870 2.259800 0.083329 -2.854491 7.046420 0.000011 -0.007202 0.088408 0.000001 0.004412 -0.054199 0.000001 0.000002 0.000001 -9.532492 0.000012 -0.000001 0.082086 -2.844314 6.920395 0.000004 -0.008861 0.108735 0.000008 0.005344 -0.065526 0.000000 0.000001 0.000000 -9.103596 -0.043089 -1.865102 0.079705 -2.824400 6.674078 0.000006 -0.006796 0.083420 -0.000001 0.003655 -0.044840 -0.000000 0.000000 0.000000 -8.076706 -0.486721 -3.806301 0.060636 -2.632567 4.306780 0.000009 -0.010634 0.130552 0.000002 0.006031 -0.074011 -0.000000 0.000001 -0.000000 4.570399 11.014660 -2.160813 5.816769 -2.815286 -0.615037 36.106330 6.688025 -105.633452 -0.000005 -34.433183 0.000013 19.018418 20.661724 91.424869 2.466090 -1.576211 2.681698 -12.388627 -9.936137 20.816846 5.987296 12.645730 1.346538 -7.335785 -0.421671 13.147353 0.000003 0.000007 0.000004 9.109295 -0.518020 2.259899 0.287416 3.189500 -8.363680 -0.000004 0.001662 -0.016208 0.000005 -0.001022 0.010024 0.000000 0.000000 0.000000 9.533402 0.000010 -0.000000 0.124656 3.201690 -8.197509 0.000005 -0.000006 0.000006 0.000001 0.000005 -0.000002 0.000000 -0.000000 0.000001 9.104498 -0.043001 -1.865101 0.108202 3.079164 -6.987591 0.000005 -0.000012 0.000002 0.000002 -0.000000 0.000004 -0.000001 0.000000 0.000001 8.077798 -0.486890 -3.806301 0.089442 2.906232 -5.290077 0.000003 -0.000002 -0.000010 0.000000 -0.000005 0.000025 0.000000 -0.000001 -0.000000 -8.207796 -6.751703 -1.599540 -48.154476 -3.591112 -48.319695 6.871318 -10.004109 -4.964634 -7.268881 -17.939577 11.176369 3.859004 -0.000003 -0.000003 0.000001 0.000000 -0.000002 8.207800 -6.751705 -1.599550 -62.482092 3.501898 57.011859 22.281131 -3.620238 2.954213 29.401833 0.053813 -0.809343 0.145027 -0.000014 -0.000029 -0.000001 -0.000001 0.000000 
0.176823 35.262039 -3.294281 -115.206672 5.478802 3.147014 0.000000 10.181547 0.131523 53.790912 -8.033161 -1.595025 14.452294 -2.540451 2.904999 14.513778 -1.532698 3.001468 0.000000 16.740374 -2.049019 8.082123 0.157414 1.364754 0.000000 9.617843 1.684967 28.114155 3.120509 6.425601 0.000001 22.037384 7.501075 -0.000000 0.000000 0.000000 -4.570001 11.014858 -2.160839 0.566137 -0.020113 -1.614849 30.312103 -9.214755 94.146235 -0.000003 41.605933 0.000011 40.690323 -35.450512 -75.217376 -2.464808 -1.573992 2.681913 -11.630453 11.625162 -20.750857 6.358357 -14.447667 -2.112241 -5.504768 -5.510924 -14.718511 0.000002 -0.000004 0.000003 -9.108294 -0.517870 2.259800 0.083329 -2.854491 7.046420 0.000011 -0.007202 0.088408 0.000001 0.004412 -0.054199 0.000001 0.000002 0.000001 -9.532492 0.000012 -0.000001 0.082086 -2.844314 6.920395 0.000004 -0.008861 0.108735 0.000008 0.005344 -0.065526 0.000000 0.000001 0.000000 -9.103596 -0.043089 -1.865102 0.079705 -2.824400 6.674078 0.000006 -0.006796 0.083420 -0.000001 0.003655 -0.044840 -0.000000 0.000000 0.000000 -8.076706 -0.486721 -3.806301 0.060636 -2.632567 4.306780 0.000009 -0.010634 0.130552 0.000002 0.006031 -0.074011 -0.000000 0.000001 -0.000000 4.570399 11.014660 -2.160813 5.816769 -2.815286 -0.615037 36.106330 6.688025 -105.633452 -0.000005 -34.433183 0.000013 19.018418 20.661724 91.424869 2.466090 -1.576211 2.681698 -12.388627 -9.936137 20.816846 5.987296 12.645730 1.346538 -7.335785 -0.421671 13.147353 0.000003 0.000007 0.000004 9.109295 -0.518020 2.259899 0.287416 3.189500 -8.363680 -0.000004 0.001662 -0.016208 0.000005 -0.001022 0.010024 0.000000 0.000000 0.000000 9.533402 0.000010 -0.000000 0.124656 3.201690 -8.197509 0.000005 -0.000006 0.000006 0.000001 0.000005 -0.000002 0.000000 -0.000000 0.000001 9.104498 -0.043001 -1.865101 0.108202 3.079164 -6.987591 0.000005 -0.000012 0.000002 0.000002 -0.000000 0.000004 -0.000001 0.000000 0.000001 8.077798 -0.486890 -3.806301 0.089442 2.906232 -5.290077 0.000003 -0.000002 -0.000010 0.000000 -0.000005 0.000025 0.000000 -0.000001 -0.000000 -8.207796 -6.751703 -1.599540 -48.154476 -3.591112 -48.319695 6.871318 -10.004109 -4.964634 -7.268881 -17.939577 11.176369 3.859004 -0.000003 -0.000003 0.000001 0.000000 -0.000002 8.207800 -6.751705 -1.599550 -62.482092 3.501898 57.011859 22.281131 -3.620238 2.954213 29.401833 0.053813 -0.809343 0.145027 -0.000014 -0.000029 -0.000001 -0.000001 0.000000 
0.176823 35.262039 -3.294281 -115.206672 5.478802 3.147014 0.000000 10.181547 0.131523 53.790912 -8.033161 -1.595025 14.452294 -2.540451 2.904999 14.513778 -1.532698 3.001468 0.000000 16.740374 -2.049019 8.082123 0.157414 1.364754 0.000000 9.617843 1.684967 28.114155 3.120509 6.425601 0.000001 22.037384 7.501075 -0.000000 0.000000 0.000000 -4.570001 11.014858 -2.160839 0.566137 -0.020113 -1.614849 30.312103 -9.214755 94.146235 -0.000003 41.605933 0.000011 40.690323 -35.450512 -75.217376 -2.464808 -1.573992 2.681913 -11.630453 11.625162 -20.750857 6.358357 -14.447667 -2.112241 -5.504768 -5.510924 -14.718511 0.000002 -0.000004 0.000003 -9.108294 -0.517870 2.259800 0.083329 -2.854491 7.046420 0.000011 -0.007202 0.088408 0.000001 0.004412 -0.054199 0.000001 0.000002 0.000001 -9.532492 0.000012 -0.000001 0.082086 -2.844314 6.920395 0.000004 -0.008861 0.108735 0.000008 0.005344 -0.065526 0.000000 0.000001 0.000000 -9.103596 -0.043089 -1.865102 0.079705 -2.824400 6.674078 0.000006 -0.006796 0.083420 -0.000001 0.003655 -0.044840 -0.000000 0.000000 0.000000 -8.076706 -0.486721 -3.806301 0.060636 -2.632567 4.306780 0.000009 -0.010634 0.130552 0.000002 0.006031 -0.074011 -0.000000 0.000001 -0.000000 4.570399 11.014660 -2.160813 5.816769 -2.815286 -0.615037 36.106330 6.688025 -105.633452 -0.000005 -34.433183 0.000013 19.018418 20.661724 91.424869 2.466090 -1.576211 2.681698 -12.388627 -9.936137 20.816846 5.987296 12.645730 1.346538 -7.335785 -0.421671 13.147353 0.000003 0.000007 0.000004 9.109295 -0.518020 2.259899 0.287416 3.189500 -8.363680 -0.000004 0.001662 -0.016208 0.000005 -0.001022 0.010024 0.000000 0.000000 0.000000 9.533402 0.000010 -0.000000 0.124656 3.201690 -8.197509 0.000005 -0.000006 0.000006 0.000001 0.000005 -0.000002 0.000000 -0.000000 0.000001 9.104498 -0.043001 -1.865101 0.108202 3.079164 -6.987591 0.000005 -0.000012 0.000002 0.000002 -0.000000 0.000004 -0.000001 0.000000 0.000001 8.077798 -0.486890 -3.806301 0.089442 2.906232 -5.290077 0.000003 -0.000002 -0.000010 0.000000 -0.000005 0.000025 0.000000 -0.000001 -0.000000 -8.207796 -6.751703 -1.599540 -48.154476 -3.591112 -48.319695 6.871318 -10.004109 -4.964634 -7.268881 -17.939577 11.176369 3.859004 -0.000003 -0.000003 0.000001 0.000000 -0.000002 8.207800 -6.751705 -1.599550 -62.482092 3.501898 57.011859 22.281131 -3.620238 2.954213 29.401833 0.053813 -0.809343 0.145027 -0.000014 -0.000029 -0.000001 -0.000001 0.000000 
0.176823 35.262039 -3.294281 -115.206672 5.478802 3.147014 0.000000 10.181547 0.131523 53.790912 -8.033161 -1.595025 14.452294 -2.540451 2.904999 14.513778 -1.532698 3.001468 0.000000 16.740374 -2.049019 8.082123 0.157414 1.364754 0.000000 9.617843 1.684967 28.114155 3.120509 6.425601 0.000001 22.037384 7.501075 -0.000000 0.000000 0.000000 -4.570001 11.014858 -2.160839 0.566137 -0.020113 -1.614849 30.312103 -9.214755 94.146235 -0.000003 41.605933 0.000011 40.690323 -35.450512 -75.217376 -2.464808 -1.573992 2.681913 -11.630453 11.625162 -20.750857 6.358357 -14.447667 -2.112241 -5.504768 -5.510924 -14.718511 0.000002 -0.000004 0.000003 -9.108294 -0.517870 2.259800 0.083329 -2.854491 7.046420 0.000011 -0.007202 0.088408 0.000001 0.004412 -0.054199 0.000001 0.000002 0.000001 -9.532492 0.000012 -0.000001 0.082086 -2.844314 6.920395 0.000004 -0.008861 0.108735 0.000008 0.005344 -0.065526 0.000000 0.000001 0.000000 -9.103596 -0.043089 -1.865102 0.079705 -2.824400 6.674078 0.000006 -0.006796 0.083420 -0.000001 0.003655 -0.044840 -0.000000 0.000000 0.000000 -8.076706 -0.486721 -3.806301 0.060636 -2.632567 4.306780 0.000009 -0.010634 0.130552 0.000002 0.006031 -0.074011 -0.000000 0.000001 -0.000000 4.570399 11.014660 -2.160813 5.816769 -2.815286 -0.615037 36.106330 6.688025 -105.633452 -0.000005 -34.433183 0.000013 19.018418 20.661724 91.424869 2.466090 -1.576211 2.681698 -12.388627 -9.936137 20.816846 5.987296 12.645730 1.346538 -7.335785 -0.421671 13.147353 0.000003 0.000007 0.000004 9.109295 -0.518020 2.259899 0.287416 3.189500 -8.363680 -0.000004 0.001662 -0.016208 0.000005 -0.001022 0.010024 0.000000 0.000000 0.000000 9.533402 0.000010 -0.000000 0.124656 3.201690 -8.197509 0.000005 -0.000006 0.000006 0.000001 0.000005 -0.000002 0.000000 -0.000000 0.000001 9.104498 -0.043001 -1.865101 0.108202 3.079164 -6.987591 0.000005 -0.000012 0.000002 0.000002 -0.000000 0.000004 -0.000001 0.000000 0.000001 8.077798 -0.486890 -3.806301 0.089442 2.906232 -5.290077 0.000003 -0.000002 -0.000010 0.000000 -0.000005 0.000025 0.000000 -0.000001 -0.000000 -8.207796 -6.751703 -1.599540 -48.154476 -3.591112 -48.319695 6.871318 -10.004109 -4.964634 -7.268881 -17.939577 11.176369 3.859004 -0.000003 -0.000003 0.000001 0.000000 -0.000002 8.207800 -6.751705 -1.599550 -62.482092 3.501898 57.011859 22.281131 -3.620238 2.954213 29.401833 0.053813 -0.809343 0.145027 -0.000014 -0.000029 -0.000001 -0.000001 0.000000 
0.176823 35.262039 -3.294281 -115.206672 5.478802 3.147014 0.000000 10.181547 0.131523 53.790912 -8.033161 -1.595025 14.452294 -2.540451 2.904999 14.513778 -1.532698 3.001468 0.000000 16.740374 -2.049019 8.082123 0.157414 1.364754 0.000000 9.617843 1.684967 28.114155 3.120509 6.425601 0.000001 22.037384 7.501075 -0.000000 0.000000 0.000000 -4.570001 11.014858 -2.160839 0.566137 -0.020113 -1.614849 30.312103 -9.214755 94.146235 -0.000003 41.605933 0.000011 40.690323 -35.450512 -75.217376 -2.464808 -1.573992 2.681913 -11.630453 11.625162 -20.750857 6.358357 -14.447667 -2.112241 -5.504768 -5.510924 -14.718511 0.000002 -0.000004 0.000003 -9.108294 -0.517870 2.259800 0.083329 -2.854491 7.046420 0.000011 -0.007202 0.088408 0.000001 0.004412 -0.054199 0.000001 0.000002 0.000001 -9.532492 0.000012 -0.000001 0.082086 -2.844314 6.920395 0.000004 -0.008861 0.108735 0.000008 0.005344 -0.065526 0.000000 0.000001 0.000000 -9.103596 -0.043089 -1.865102 0.079705 -2.824400 6.674078 0.000006 -0.006796 0.083420 -0.000001 0.003655 -0.044840 -0.000000 0.000000 0.000000 -8.076706 -0.486721 -3.806301 0.060636 -2.632567 4.306780 0.000009 -0.010634 0.130552 0.000002 0.006031 -0.074011 -0.000000 0.000001 -0.000000 4.570399 11.014660 -2.160813 5.816769 -2.815286 -0.615037 36.106330 6.688025 -105.633452 -0.000005 -34.433183 0.000013 19.018418 20.661724 91.424869 2.466090 -1.576211 2.681698 -12.388627 -9.936137 20.816846 5.987296 12.645730 1.346538 -7.335785 -0.421671 13.147353 0.000003 0.000007 0.000004 9.109295 -0.518020 2.259899 0.287416 3.189500 -8.363680 -0.000004 0.001662 -0.016208 0.000005 -0.001022 0.010024 0.000000 0.000000 0.000000 9.533402 0.000010 -0.000000 0.124656 3.201690 -8.197509 0.000005 -0.000006 0.000006 0.000001 0.000005 -0.000002 0.000000 -0.000000 0.000001 9.104498 -0.043001 -1.865101 0.108202 3.079164 -6.987591 0.000005 -0.000012 0.000002 0.000002 -0.000000 0.000004 -0.000001 0.000000 0.000001 8.077798 -0.486890 -3.806301 0.089442 2.906232 -5.290077 0.000003 -0.000002 -0.000010 0.000000 -0.000005 0.000025 0.000000 -0.000001 -0.000000 -8.207796 -6.751703 -1.599540 -48.154476 -3.591112 -48.319695 6.871318 -10.004109 -4.964634 -7.268881 -17.939577 11.176369 3.859004 -0.000003 -0.000003 0.000001 0.000000 -0.000002 8.207800 -6.751705 -1.599550 -62.482092 3.501898 57.011859 22.281131 -3.620238 2.954213 29.401833 0.053813 -0.809343 0.145027 -0.000014 -0.000029 -0.000001 -0.000001 0.000000 
0.176823 35.262039 -3.294281 -115.206672 5.478802 3.147014 0.000000 10.181547 0.131523 53.790912 -8.033161 -1.595025 14.452294 -2.540451 2.904999 14.513778 -1.532698 3.001468 0.000000 16.740374 -2.049019 8.082123 0.157414 1.364754 0.000000 9.617843 1.684967 28.114155 3.120509 6.425601 0.000001 22.037384 7.501075 -0.000000 0.000000 0.000000 -4.570001 11.014858 -2.160839 0.566137 -0.020113 -1.614849 30.312103 -9.214755 94.146235 -0.000003 41.605933 0.000011 40.690323 -35.450512 -75.217376 -2.464808 -1.573992 2.681913 -11.630453 11.625162 -20.750857 6.358357 -14.447667 -2.112241 -5.504768 -5.510924 -14.718511 0.000002 -0.000004 0.000003 -9.108294 -0.517870 2.259800 0.083329 -2.854491 7.046420 0.000011 -0.007202 0.088408 0.000001 0.004412 -0.054199 0.000001 0.000002 0.000001 -9.532492 0.000012 -0.000001 0.082086 -2.844314 6.920395 0.000004 -0.008861 0.108735 0.000008 0.005344 -0.065526 0.000000 0.000001 0.000000 -9.103596 -0.043089 -1.865102 0.079705 -2.824400 6.674078 0.000006 -0.006796 0.083420 -0.000001 0.003655 -0.044840 -0.000000 0.000000 0.000000 -8.076706 -0.486721 -3.806301 0.060636 -2.632567 4.306780 0.000009 -0.010634 0.130552 0.000002 0.006031 -0.074011 -0.000000 0.000001 -0.000000 4.570399 11.014660 -2.160813 5.816769 -2.815286 -0.615037 36.106330 6.688025 -105.633452 -0.000005 -34.433183 0.000013 19.018418 20.661724 91.424869 2.466090 -1.576211 2.681698 -12.388627 -9.936137 20.816846 5.987296 12.645730 1.346538 -7.335785 -0.421671 13.147353 0.000003 0.000007 0.000004 9.109295 -0.518020 2.259899 0.287416 3.189500 -8.363680 -0.000004 0.001662 -0.016208 0.000005 -0.001022 0.010024 0.000000 0.000000 0.000000 9.533402 0.000010 -0.000000 0.124656 3.201690 -8.197509 0.000005 -0.000006 0.000006 0.000001 0.000005 -0.000002 0.000000 -0.000000 0.000001 9.104498 -0.043001 -1.865101 0.108202 3.079164 -6.987591 0.000005 -0.000012 0.000002 0.000002 -0.000000 0.000004 -0.000001 0.000000 0.000001 8.077798 -0.486890 -3.806301 0.089442 2.906232 -5.290077 0.000003 -0.000002 -0.000010 0.000000 -0.000005 0.000025 0.000000 -0.000001 -0.000000 -8.207796 -6.751703 -1.599540 -48.154476 -3.591112 -48.319695 6.871318 -10.004109 -4.964634 -7.268881 -17.939577 11.176369 3.859004 -0.000003 -0.000003 0.000001 0.000000 -0.000002 8.207800 -6.751705 -1.599550 -62.482092 3.501898 57.011859 22.281131 -3.620238 2.954213 29.401833 0.053813 -0.809343 0.145027 -0.000014 -0.000029 -0.000001 -0.000001 0.000000 
0.176823 35.262039 -3.294281 -115.206672 5.478802 3.147014 0.000000 10.181547 0.131523 53.790912 -8.033161 -1.595025 14.452294 -2.540451 2.904999 14.513778 -1.532698 3.001468 0.000000 16.740374 -2.049019 8.082123 0.157414 1.364754 0.000000 9.617843 1.684967 28.114155 3.120509 6.425601 0.000001 22.037384 7.501075 -0.000000 0.000000 0.000000 -4.570001 11.014858 -2.160839 0.566137 -0.020113 -1.614849 30.312103 -9.214755 94.146235 -0.000003 41.605933 0.000011 40.690323 -35.450512 -75.217376 -2.464808 -1.573992 2.681913 -11.630453 11.625162 -20.750857 6.358357 -14.447667 -2.112241 -5.504768 -5.510924 -14.718511 0.000002 -0.000004 0.000003 -9.108294 -0.517870 2.259800 0.083329 -2.854491 7.046420 0.000011 -0.007202 0.088408 0.000001 0.004412 -0.054199 0.000001 0.000002 0.000001 -9.532492 0.000012 -0.000001 0.082086 -2.844314 6.920395 0.000004 -0.008861 0.108735 0.000008 0.005344 -0.065526 0.000000 0.000001 0.000000 -9.103596 -0.043089 -1.865102 0.079705 -2.824400 6.674078 0.000006 -0.006796 0.083420 -0.000001 0.003655 -0.044840 -0.000000 0.000000 0.000000 -8.076706 -0.486721 -3.806301 0.060636 -2.632567 4.306780 0.000009 -0.010634 0.130552 0.000002 0.006031 -0.074011 -0.000000 0.000001 -0.000000 4.570399 11.014660 -2.160813 5.816769 -2.815286 -0.615037 36.106330 6.688025 -105.633452 -0.000005 -34.433183 0.000013 19.018418 20.661724 91.424869 2.466090 -1.576211 2.681698 -12.388627 -9.936137 20.816846 5.987296 12.645730 1.346538 -7.335785 -0.421671 13.147353 0.000003 0.000007 0.000004 9.109295 -0.518020 2.259899 0.287416 3.189500 -8.363680 -0.000004 0.001662 -0.016208 0.000005 -0.001022 0.010024 0.000000 0.000000 0.000000 9.533402 0.000010 -0.000000 0.124656 3.201690 -8.197509 0.000005 -0.000006 0.000006 0.000001 0.000005 -0.000002 0.000000 -0.000000 0.000001 9.104498 -0.043001 -1.865101 0.108202 3.079164 -6.987591 0.000005 -0.000012 0.000002 0.000002 -0.000000 0.000004 -0.000001 0.000000 0.000001 8.077798 -0.486890 -3.806301 0.089442 2.906232 -5.290077 0.000003 -0.000002 -0.000010 0.000000 -0.000005 0.000025 0.000000 -0.000001 -0.000000 -8.207796 -6.751703 -1.599540 -48.154476 -3.591112 -48.319695 6.871318 -10.004109 -4.964634 -7.268881 -17.939577 11.176369 3.859004 -0.000003 -0.000003 0.000001 0.000000 -0.000002 8.207800 -6.751705 -1.599550 -62.482092 3.501898 57.011859 22.281131 -3.620238 2.954213 29.401833 0.053813 -0.809343 0.145027 -0.000014 -0.000029 -0.000001 -0.000001 0.000000 
0.176823 35.262039 -3.294281 -115.206672 5.478802 3.147014 0.000000 10.181547 0.131523 53.790912 -8.033161 -1.595025 14.452294 -2.540451 2.904999 14.513778 -1.532698 3.001468 0.000000 16.740374 -2.049019 8.082123 0.157414 1.364754 0.000000 9.617843 1.684967 28.114155 3.120509 6.425601 0.000001 22.037384 7.501075 -0.000000 0.000000 0.000000 -4.570001 11.014858 -2.160839 0.566137 -0.020113 -1.614849 30.312103 -9.214755 94.146235 -0.000003 41.605933 0.000011 40.690323 -35.450512 -75.217376 -2.464808 -1.573992 2.681913 -11.630453 11.625162 -20.750857 6.358357 -14.447667 -2.112241 -5.504768 -5.510924 -14.718511 0.000002 -0.000004 0.000003 -9.108294 -0.517870 2.259800 0.083329 -2.854491 7.046420 0.000011 -0.007202 0.088408 0.000001 0.004412 -0.054199 0.000001 0.000002 0.000001 -9.532492 0.000012 -0.000001 0.082086 -2.844314 6.920395 0.000004 -0.008861 0.108735 0.000008 0.005344 -0.065526 0.000000 0.000001 0.000000 -9.103596 -0.043089 -1.865102 0.079705 -2.824400 6.674078 0.000006 -0.006796 0.083420 -0.000001 0.003655 -0.044840 -0.000000 0.000000 0.000000 -8.076706 -0.486721 -3.806301 0.060636 -2.632567 4.306780 0.000009 -0.010634 0.130552 0.000002 0.006031 -0.074011 -0.000000 0.000001 -0.000000 4.570399 11.014660 -2.160813 5.816769 -2.815286 -0.615037 36.106330 6.688025 -105.633452 -0.000005 -34.433183 0.000013 19.018418 20.661724 91.424869 2.466090 -1.576211 2.681698 -12.388627 -9.936137 20.816846 5.987296 12.645730 1.346538 -7.335785 -0.421671 13.147353 0.000003 0.000007 0.000004 9.109295 -0.518020 2.259899 0.287416 3.189500 -8.363680 -0.000004 0.001662 -0.016208 0.000005 -0.001022 0.010024 0.000000 0.000000 0.000000 9.533402 0.000010 -0.000000 0.124656 3.201690 -8.197509 0.000005 -0.000006 0.000006 0.000001 0.000005 -0.000002 0.000000 -0.000000 0.000001 9.104498 -0.043001 -1.865101 0.108202 3.079164 -6.987591 0.000005 -0.000012 0.000002 0.000002 -0.000000 0.000004 -0.000001 0.000000 0.000001 8.077798 -0.486890 -3.806301 0.089442 2.906232 -5.290077 0.000003 -0.000002 -0.000010 0.000000 -0.000005 0.000025 0.000000 -0.000001 -0.000000 -8.207796 -6.751703 -1.599540 -48.154476 -3.591112 -48.319695 6.871318 -10.004109 -4.964634 -7.268881 -17.939577 11.176369 3.859004 -0.000003 -0.000003 0.000001 0.000000 -0.000002 8.207800 -6.751705 -1.599550 -62.482092 3.501898 57.011859 22.281131 -3.620238 2.954213 29.401833 0.053813 -0.809343 0.145027 -0.000014 -0.000029 -0.000001 -0.000001 0.000000 
0.176823 35.262039 -3.294281 -115.206672 5.478802 3.147014 0.000000 10.181547 0.131523 53.790912 -8.033161 -1.595025 14.452294 -2.540451 2.904999 14.513778 -1.532698 3.001468 0.000000 16.740374 -2.049019 8.082123 0.157414 1.364754 0.000000 9.617843 1.684967 28.114155 3.120509 6.425601 0.000001 22.037384 7.501075 -0.000000 0.000000 0.000000 -4.570001 11.014858 -2.160839 0.566137 -0.020113 -1.614849 30.312103 -9.214755 94.146235 -0.000003 41.605933 0.000011 40.690323 -35.450512 -75.217376 -2.464808 -1.573992 2.681913 -11.630453 11.625162 -20.750857 6.358357 -14.447667 -2.112241 -5.504768 -5.510924 -14.718511 0.000002 -0.000004 0.000003 -9.108294 -0.517870 2.259800 0.083329 -2.854491 7.046420 0.000011 -0.007202 0.088408 0.000001 0.004412 -0.054199 0.000001 0.000002 0.000001 -9.532492 0.000012 -0.000001 0.082086 -2.844314 6.920395 0.000004 -0.008861 0.108735 0.000008 0.005344 -0.065526 0.000000 0.000001 0.000000 -9.103596 -0.043089 -1.865102 0.079705 -2.824400 6.674078 0.000006 -0.006796 0.083420 -0.000001 0.003655 -0.044840 -0.000000 0.000000 0.000000 -8.076706 -0.486721 -3.806301 0.060636 -2.632567 4.306780 0.000009 -0.010634 0.130552 0.000002 0.006031 -0.074011 -0.000000 0.000001 -0.000000 4.570399 11.014660 -2.160813 5.816769 -2.815286 -0.615037 36.106330 6.688025 -105.633452 -0.000005 -34.433183 0.000013 19.018418 20.661724 91.424869 2.466090 -1.576211 2.681698 -12.388627 -9.936137 20.816846 5.987296 12.645730 1.346538 -7.335785 -0.421671 13.147353 0.000003 0.000007 0.000004 9.109295 -0.518020 2.259899 0.287416 3.189500 -8.363680 -0.000004 0.001662 -0.016208 0.000005 -0.001022 0.010024 0.000000 0.000000 0.000000 9.533402 0.000010 -0.000000 0.124656 3.201690 -8.197509 0.000005 -0.000006 0.000006 0.000001 0.000005 -0.000002 0.000000 -0.000000 0.000001 9.104498 -0.043001 -1.865101 0.108202 3.079164 -6.987591 0.000005 -0.000012 0.000002 0.000002 -0.000000 0.000004 -0.000001 0.000000 0.000001 8.077798 -0.486890 -3.806301 0.089442 2.906232 -5.290077 0.000003 -0.000002 -0.000010 0.000000 -0.000005 0.000025 0.000000 -0.000001 -0.000000 -8.207796 -6.751703 -1.599540 -48.154476 -3.591112 -48.319695 6.871318 -10.004109 -4.964634 -7.268881 -17.939577 11.176369 3.859004 -0.000003 -0.000003 0.000001 0.000000 -0.000002 8.207800 -6.751705 -1.599550 -62.482092 3.501898 57.011859 22.281131 -3.620238 2.954213 29.401833 0.053813 -0.809343 0.145027 -0.000014 -0.000029 -0.000001 -0.000001 0.000000 
0.176823 35.262039 -3.294281 -115.206672 5.478802 3.147014 0.000000 10.181547 0.131523 53.790912 -8.033161 -1.595025 14.452294 -2.540451 2.904999 14.513778 -1.532698 3.001468 0.000000 16.740374 -2.049019 8.082123 0.157414 1.364754 0.000000 9.617843 1.684967 28.114155 3.120509 6.425601 0.000001 22.037384 7.501075 -0.000000 0.000000 0.000000 -4.570001 11.014858 -2.160839 0.566137 -0.020113 -1.614849 30.312103 -9.214755 94.146235 -0.000003 41.605933 0.000011 40.690323 -35.450512 -75.217376 -2.464808 -1.573992 2.681913 -11.630453 11.625162 -20.750857 6.358357 -14.447667 -2.112241 -5.504768 -5.510924 -14.718511 0.000002 -0.000004 0.000003 -9.108294 -0.517870 2.259800 0.083329 -2.854491 7.046420 0.000011 -0.007202 0.088408 0.000001 0.004412 -0.054199 0.000001 0.000002 0.000001 -9.532492 0.000012 -0.000001 0.082086 -2.844314 6.920395 0.000004 -0.008861 0.108735 0.000008 0.005344 -0.065526 0.000000 0.000001 0.000000 -9.103596 -0.043089 -1.865102 0.079705 -2.824400 6.674078 0.000006 -0.006796 0.083420 -0.000001 0.003655 -0.044840 -0.000000 0.000000 0.000000 -8.076706 -0.486721 -3.806301 0.060636 -2.632567 4.306780 0.000009 -0.010634 0.130552 0.000002 0.006031 -0.074011 -0.000000 0.000001 -0.000000 4.570399 11.014660 -2.160813 5.816769 -2.815286 -0.615037 36.106330 6.688025 -105.633452 -0.000005 -34.433183 0.000013 19.018418 20.661724 91.424869 2.466090 -1.576211 2.681698 -12.388627 -9.936137 20.816846 5.987296 12.645730 1.346538 -7.335785 -0.421671 13.147353 0.000003 0.000007 0.000004 9.109295 -0.518020 2.259899 0.287416 3.189500 -8.363680 -0.000004 0.001662 -0.016208 0.000005 -0.001022 0.010024 0.000000 0.000000 0.000000 9.533402 0.000010 -0.000000 0.124656 3.201690 -8.197509 0.000005 -0.000006 0.000006 0.000001 0.000005 -0.000002 0.000000 -0.000000 0.000001 9.104498 -0.043001 -1.865101 0.108202 3.079164 -6.987591 0.000005 -0.000012 0.000002 0.000002 -0.000000 0.000004 -0.000001 0.000000 0.000001 8.077798 -0.486890 -3.806301 0.089442 2.906232 -5.290077 0.000003 -0.000002 -0.000010 0.000000 -0.000005 0.000025 0.000000 -0.000001 -0.000000 -8.207796 -6.751703 -1.599540 -48.154476 -3.591112 -48.319695 6.871318 -10.004109 -4.964634 -7.268881 -17.939577 11.176369 3.859004 -0.000003 -0.000003 0.000001 0.000000 -0.000002 8.207800 -6.751705 -1.599550 -62.482092 3.501898 57.011859 22.281131 -3.620238 2.954213 29.401833 0.053813 -0.809343 0.145027 -0.000014 -0.000029 -0.000001 -0.000001 0.000000 
0.176823 35.262039 -3.294281 -115.206672 5.478802 3.147014 0.000000 10.181547 0.131523 53.790912 -8.033161 -1.595025 14.452294 -2.540451 2.904999 14.513778 -1.532698 3.001468 0.000000 16.740374 -2.049019 8.082123 0.157414 1.364754 0.000000 9.617843 1.684967 28.114155 3.120509 6.425601 0.000001 22.037384 7.501075 -0.000000 0.000000 0.000000 -4.570001 11.014858 -2.160839 0.566137 -0.020113 -1.614849 30.312103 -9.214755 94.146235 -0.000003 41.605933 0.000011 40.690323 -35.450512 -75.217376 -2.464808 -1.573992 2.681913 -11.630453 11.625162 -20.750857 6.358357 -14.447667 -2.112241 -5.504768 -5.510924 -14.718511 0.000002 -0.000004 0.000003 -9.108294 -0.517870 2.259800 0.083329 -2.854491 7.046420 0.000011 -0.007202 0.088408 0.000001 0.004412 -0.054199 0.000001 0.000002 0.000001 -9.532492 0.000012 -0.000001 0.082086 -2.844314 6.920395 0.000004 -0.008861 0.108735 0.000008 0.005344 -0.065526 0.000000 0.000001 0.000000 -9.103596 -0.043089 -1.865102 0.079705 -2.824400 6.674078 0.000006 -0.006796 0.083420 -0.000001 0.003655 -0.044840 -0.000000 0.000000 0.000000 -8.076706 -0.486721 -3.806301 0.060636 -2.632567 4.306780 0.000009 -0.010634 0.130552 0.000002 0.006031 -0.074011 -0.000000 0.000001 -0.000000 4.570399 11.014660 -2.160813 5.816769 -2.815286 -0.615037 36.106330 6.688025 -105.633452 -0.000005 -34.433183 0.000013 19.018418 20.661724 91.424869 2.466090 -1.576211 2.681698 -12.388627 -9.936137 20.816846 5.987296 12.645730 1.346538 -7.335785 -0.421671 13.147353 0.000003 0.000007 0.000004 9.109295 -0.518020 2.259899 0.287416 3.189500 -8.363680 -0.000004 0.001662 -0.016208 0.000005 -0.001022 0.010024 0.000000 0.000000 0.000000 9.533402 0.000010 -0.000000 0.124656 3.201690 -8.197509 0.000005 -0.000006 0.000006 0.000001 0.000005 -0.000002 0.000000 -0.000000 0.000001 9.104498 -0.043001 -1.865101 0.108202 3.079164 -6.987591 0.000005 -0.000012 0.000002 0.000002 -0.000000 0.000004 -0.000001 0.000000 0.000001 8.077798 -0.486890 -3.806301 0.089442 2.906232 -5.290077 0.000003 -0.000002 -0.000010 0.000000 -0.000005 0.000025 0.000000 -0.000001 -0.000000 -8.207796 -6.751703 -1.599540 -48.154476 -3.591112 -48.319695 6.871318 -10.004109 -4.964634 -7.268881 -17.939577 11.176369 3.859004 -0.000003 -0.000003 0.000001 0.000000 -0.000002 8.207800 -6.751705 -1.599550 -62.482092 3.501898 57.011859 22.281131 -3.620238 2.954213 29.401833 0.053813 -0.809343 0.145027 -0.000014 -0.000029 -0.000001 -0.000001 0.000000 
0.176823 35.262039 -3.294281 -115.206672 5.478802 3.147014 0.000000 10.181547 0.131523 53.790912 -8.033161 -1.595025 14.452294 -2.540451 2.904999 14.513778 -1.532698 3.001468 0.000000 16.740374 -2.049019 8.082123 0.157414 1.364754 0.000000 9.617843 1.684967 28.114155 3.120509 6.425601 0.000001 22.037384 7.501075 -0.000000 0.000000 0.000000 -4.570001 11.014858 -2.160839 0.566137 -0.020113 -1.614849 30.312103 -9.214755 94.146235 -0.000003 41.605933 0.000011 40.690323 -35.450512 -75.217376 -2.464808 -1.573992 2.681913 -11.630453 11.625162 -20.750857 6.358357 -14.447667 -2.112241 -5.504768 -5.510924 -14.718511 0.000002 -0.000004 0.000003 -9.108294 -0.517870 2.259800 0.083329 -2.854491 7.046420 0.000011 -0.007202 0.088408 0.000001 0.004412 -0.054199 0.000001 0.000002 0.000001 -9.532492 0.000012 -0.000001 0.082086 -2.844314 6.920395 0.000004 -0.008861 0.108735 0.000008 0.005344 -0.065526 0.000000 0.000001 0.000000 -9.103596 -0.043089 -1.865102 0.079705 -2.824400 6.674078 0.000006 -0.006796 0.083420 -0.000001 0.003655 -0.044840 -0.000000 0.000000 0.000000 -8.076706 -0.486721 -3.806301 0.060636 -2.632567 4.306780 0.000009 -0.010634 0.130552 0.000002 0.006031 -0.074011 -0.000000 0.000001 -0.000000 4.570399 11.014660 -2.160813 5.816769 -2.815286 -0.615037 36.106330 6.688025 -105.633452 -0.000005 -34.433183 0.000013 19.018418 20.661724 91.424869 2.466090 -1.576211 2.681698 -12.388627 -9.936137 20.816846 5.987296 12.645730 1.346538 -7.335785 -0.421671 13.147353 0.000003 0.000007 0.000004 9.109295 -0.518020 2.259899 0.287416 3.189500 -8.363680 -0.000004 0.001662 -0.016208 0.000005 -0.001022 0.010024 0.000000 0.000000 0.000000 9.533402 0.000010 -0.000000 0.124656 3.201690 -8.197509 0.000005 -0.000006 0.000006 0.000001 0.000005 -0.000002 0.000000 -0.000000 0.000001 9.104498 -0.043001 -1.865101 0.108202 3.079164 -6.987591 0.000005 -0.000012 0.000002 0.000002 -0.000000 0.000004 -0.000001 0.000000 0.000001 8.077798 -0.486890 -3.806301 0.089442 2.906232 -5.290077 0.000003 -0.000002 -0.000010 0.000000 -0.000005 0.000025 0.000000 -0.000001 -0.000000 -8.207796 -6.751703 -1.599540 -48.154476 -3.591112 -48.319695 6.871318 -10.004109 -4.964634 -7.268881 -17.939577 11.176369 3.859004 -0.000003 -0.000003 0.000001 0.000000 -0.000002 8.207800 -6.751705 -1.599550 -62.482092 3.501898 57.011859 22.281131 -3.620238 2.954213 29.401833 0.053813 -0.809343 0.145027 -0.000014 -0.000029 -0.000001 -0.000001 0.000000 
0.176823 35.262039 -3.294281 -115.206672 5.478802 3.147014 0.000000 10.181547 0.131523 53.790912 -8.033161 -1.595025 14.452294 -2.540451 2.904999 14.513778 -1.532698 3.001468 0.000000 16.740374 -2.049019 8.082123 0.157414 1.364754 0.000000 9.617843 1.684967 28.114155 3.120509 6.425601 0.000001 22.037384 7.501075 -0.000000 0.000000 0.000000 -4.570001 11.014858 -2.160839 0.566137 -0.020113 -1.614849 30.312103 -9.214755 94.146235 -0.000003 41.605933 0.000011 40.690323 -35.450512 -75.217376 -2.464808 -1.573992 2.681913 -11.630453 11.625162 -20.750857 6.358357 -14.447667 -2.112241 -5.504768 -5.510924 -14.718511 0.000002 -0.000004 0.000003 -9.108294 -0.517870 2.259800 0.083329 -2.854491 7.046420 0.000011 -0.007202 0.088408 0.000001 0.004412 -0.054199 0.000001 0.000002 0.000001 -9.532492 0.000012 -0.000001 0.082086 -2.844314 6.920395 0.000004 -0.008861 0.108735 0.000008 0.005344 -0.065526 0.000000 0.000001 0.000000 -9.103596 -0.043089 -1.865102 0.079705 -2.824400 6.674078 0.000006 -0.006796 0.083420 -0.000001 0.003655 -0.044840 -0.000000 0.000000 0.000000 -8.076706 -0.486721 -3.806301 0.060636 -2.632567 4.306780 0.000009 -0.010634 0.130552 0.000002 0.006031 -0.074011 -0.000000 0.000001 -0.000000 4.570399 11.014660 -2.160813 5.816769 -2.815286 -0.615037 36.106330 6.688025 -105.633452 -0.000005 -34.433183 0.000013 19.018418 20.661724 91.424869 2.466090 -1.576211 2.681698 -12.388627 -9.936137 20.816846 5.987296 12.645730 1.346538 -7.335785 -0.421671 13.147353 0.000003 0.000007 0.000004 9.109295 -0.518020 2.259899 0.287416 3.189500 -8.363680 -0.000004 0.001662 -0.016208 0.000005 -0.001022 0.010024 0.000000 0.000000 0.000000 9.533402 0.000010 -0.000000 0.124656 3.201690 -8.197509 0.000005 -0.000006 0.000006 0.000001 0.000005 -0.000002 0.000000 -0.000000 0.000001 9.104498 -0.043001 -1.865101 0.108202 3.079164 -6.987591 0.000005 -0.000012 0.000002 0.000002 -0.000000 0.000004 -0.000001 0.000000 0.000001 8.077798 -0.486890 -3.806301 0.089442 2.906232 -5.290077 0.000003 -0.000002 -0.000010 0.000000 -0.000005 0.000025 0.000000 -0.000001 -0.000000 -8.207796 -6.751703 -1.599540 -48.154476 -3.591112 -48.319695 6.871318 -10.004109 -4.964634 -7.268881 -17.939577 11.176369 3.859004 -0.000003 -0.000003 0.000001 0.000000 -0.000002 8.207800 -6.751705 -1.599550 -62.482092 3.501898 57.011859 22.281131 -3.620238 2.954213 29.401833 0.053813 -0.809343 0.145027 -0.000014 -0.000029 -0.000001 -0.000001 0.000000 
0.176823 35.262039 -3.294281 -115.206672 5.478802 3.147014 0.000000 10.181547 0.131523 53.790912 -8.033161 -1.595025 14.452294 -2.540451 2.904999 14.513778 -1.532698 3.001468 0.000000 16.740374 -2.049019 8.082123 0.157414 1.364754 0.000000 9.617843 1.684967 28.114155 3.120509 6.425601 0.000001 22.037384 7.501075 -0.000000 0.000000 0.000000 -4.570001 11.014858 -2.160839 0.566137 -0.020113 -1.614849 30.312103 -9.214755 94.146235 -0.000003 41.605933 0.000011 40.690323 -35.450512 -75.217376 -2.464808 -1.573992 2.681913 -11.630453 11.625162 -20.750857 6.358357 -14.447667 -2.112241 -5.504768 -5.510924 -14.718511 0.000002 -0.000004 0.000003 -9.108294 -0.517870 2.259800 0.083329 -2.854491 7.046420 0.000011 -0.007202 0.088408 0.000001 0.004412 -0.054199 0.000001 0.000002 0.000001 -9.532492 0.000012 -0.000001 0.082086 -2.844314 6.920395 0.000004 -0.008861 0.108735 0.000008 0.005344 -0.065526 0.000000 0.000001 0.000000 -9.103596 -0.043089 -1.865102 0.079705 -2.824400 6.674078 0.000006 -0.006796 0.083420 -0.000001 0.003655 -0.044840 -0.000000 0.000000 0.000000 -8.076706 -0.486721 -3.806301 0.060636 -2.632567 4.306780 0.000009 -0.010634 0.130552 0.000002 0.006031 -0.074011 -0.000000 0.000001 -0.000000 4.570399 11.014660 -2.160813 5.816769 -2.815286 -0.615037 36.106330 6.688025 -105.633452 -0.000005 -34.433183 0.000013 19.018418 20.661724 91.424869 2.466090 -1.576211 2.681698 -12.388627 -9.936137 20.816846 5.987296 12.645730 1.346538 -7.335785 -0.421671 13.147353 0.000003 0.000007 0.000004 9.109295 -0.518020 2.259899 0.287416 3.189500 -8.363680 -0.000004 0.001662 -0.016208 0.000005 -0.001022 0.010024 0.000000 0.000000 0.000000 9.533402 0.000010 -0.000000 0.124656 3.201690 -8.197509 0.000005 -0.000006 0.000006 0.000001 0.000005 -0.000002 0.000000 -0.000000 0.000001 9.104498 -0.043001 -1.865101 0.108202 3.079164 -6.987591 0.000005 -0.000012 0.000002 0.000002 -0.000000 0.000004 -0.000001 0.000000 0.000001 8.077798 -0.486890 -3.806301 0.089442 2.906232 -5.290077 0.000003 -0.000002 -0.000010 0.000000 -0.000005 0.000025 0.000000 -0.000001 -0.000000 -8.207796 -6.751703 -1.599540 -48.154476 -3.591112 -48.319695 6.871318 -10.004109 -4.964634 -7.268881 -17.939577 11.176369 3.859004 -0.000003 -0.000003 0.000001 0.000000 -0.000002 8.207800 -6.751705 -1.599550 -62.482092 3.501898 57.011859 22.281131 -3.620238 2.954213 29.401833 0.053813 -0.809343 0.145027 -0.000014 -0.000029 -0.000001 -0.000001 0.000000 
0.176823 35.262039 -3.294281 -115.206672 5.478802 3.147014 0.000000 10.181547 0.131523 53.790912 -8.033161 -1.595025 14.452294 -2.540451 2.904999 14.513778 -1.532698 3.001468 0.000000 16.740374 -2.049019 8.082123 0.157414 1.364754 0.000000 9.617843 1.684967 28.114155 3.120509 6.425601 0.000001 22.037384 7.501075 -0.000000 0.000000 0.000000 -4.570001 11.014858 -2.160839 0.566137 -0.020113 -1.614849 30.312103 -9.214755 94.146235 -0.000003 41.605933 0.000011 40.690323 -35.450512 -75.217376 -2.464808 -1.573992 2.681913 -11.630453 11.625162 -20.750857 6.358357 -14.447667 -2.112241 -5.504768 -5.510924 -14.718511 0.000002 -0.000004 0.000003 -9.108294 -0.517870 2.259800 0.083329 -2.854491 7.046420 0.000011 -0.007202 0.088408 0.000001 0.004412 -0.054199 0.000001 0.000002 0.000001 -9.532492 0.000012 -0.000001 0.082086 -2.844314 6.920395 0.000004 -0.008861 0.108735 0.000008 0.005344 -0.065526 0.000000 0.000001 0.000000 -9.103596 -0.043089 -1.865102 0.079705 -2.824400 6.674078 0.000006 -0.006796 0.083420 -0.000001 0.003655 -0.044840 -0.000000 0.000000 0.000000 -8.076706 -0.486721 -3.806301 0.060636 -2.632567 4.306780 0.000009 -0.010634 0.130552 0.000002 0.006031 -0.074011 -0.000000 0.000001 -0.000000 4.570399 11.014660 -2.160813 5.816769 -2.815286 -0.615037 36.106330 6.688025 -105.633452 -0.000005 -34.433183 0.000013 19.018418 20.661724 91.424869 2.466090 -1.576211 2.681698 -12.388627 -9.936137 20.816846 5.987296 12.645730 1.346538 -7.335785 -0.421671 13.147353 0.000003 0.000007 0.000004 9.109295 -0.518020 2.259899 0.287416 3.189500 -8.363680 -0.000004 0.001662 -0.016208 0.000005 -0.001022 0.010024 0.000000 0.000000 0.000000 9.533402 0.000010 -0.000000 0.124656 3.201690 -8.197509 0.000005 -0.000006 0.000006 0.000001 0.000005 -0.000002 0.000000 -0.000000 0.000001 9.104498 -0.043001 -1.865101 0.108202 3.079164 -6.987591 0.000005 -0.000012 0.000002 0.000002 -0.000000 0.000004 -0.000001 0.000000 0.000001 8.077798 -0.486890 -3.806301 0.089442 2.906232 -5.290077 0.000003 -0.000002 -0.000010 0.000000 -0.000005 0.000025 0.000000 -0.000001 -0.000000 -8.207796 -6.751703 -1.599540 -48.154476 -3.591112 -48.319695 6.871318 -10.004109 -4.964634 -7.268881 -17.939577 11.176369 3.859004 -0.000003 -0.000003 0.000001 0.000000 -0.000002 8.207800 -6.751705 -1.599550 -62.482092 3.501898 57.011859 22.281131 -3.620238 2.954213 29.401833 0.053813 -0.809343 0.145027 -0.000014 -0.000029 -0.000001 -0.000001 0.000000 
0.176823 35.262039 -3.294281 -115.206672 5.478802 3.147014 0.000000 10.181547 0.131523 53.790912 -8.033161 -1.595025 14.452294 -2.540451 2.904999 14.513778 -1.532698 3.001468 0.000000 16.740374 -2.049019 8.082123 0.157414 1.364754 0.000000 9.617843 1.684967 28.114155 3.120509 6.425601 0.000001 22.037384 7.501075 -0.000000 0.000000 0.000000 -4.570001 11.014858 -2.160839 0.566137 -0.020113 -1.614849 30.312103 -9.214755 94.146235 -0.000003 41.605933 0.000011 40.690323 -35.450512 -75.217376 -2.464808 -1.573992 2.681913 -11.630453 11.625162 -20.750857 6.358357 -14.447667 -2.112241 -5.504768 -5.510924 -14.718511 0.000002 -0.000004 0.000003 -9.108294 -0.517870 2.259800 0.083329 -2.854491 7.046420 0.000011 -0.007202 0.088408 0.000001 0.004412 -0.054199 0.000001 0.000002 0.000001 -9.532492 0.000012 -0.000001 0.082086 -2.844314 6.920395 0.000004 -0.008861 0.108735 0.000008 0.005344 -0.065526 0.000000 0.000001 0.000000 -9.103596 -0.043089 -1.865102 0.079705 -2.824400 6.674078 0.000006 -0.006796 0.083420 -0.000001 0.003655 -0.044840 -0.000000 0.000000 0.000000 -8.076706 -0.486721 -3.806301 0.060636 -2.632567 4.306780 0.000009 -0.010634 0.130552 0.000002 0.006031 -0.074011 -0.000000 0.000001 -0.000000 4.570399 11.014660 -2.160813 5.816769 -2.815286 -0.615037 36.106330 6.688025 -105.633452 -0.000005 -34.433183 0.000013 19.018418 20.661724 91.424869 2.466090 -1.576211 2.681698 -12.388627 -9.936137 20.816846 5.987296 12.645730 1.346538 -7.335785 -0.421671 13.147353 0.000003 0.000007 0.000004 9.109295 -0.518020 2.259899 0.287416 3.189500 -8.363680 -0.000004 0.001662 -0.016208 0.000005 -0.001022 0.010024 0.000000 0.000000 0.000000 9.533402 0.000010 -0.000000 0.124656 3.201690 -8.197509 0.000005 -0.000006 0.000006 0.000001 0.000005 -0.000002 0.000000 -0.000000 0.000001 9.104498 -0.043001 -1.865101 0.108202 3.079164 -6.987591 0.000005 -0.000012 0.000002 0.000002 -0.000000 0.000004 -0.000001 0.000000 0.000001 8.077798 -0.486890 -3.806301 0.089442 2.906232 -5.290077 0.000003 -0.000002 -0.000010 0.000000 -0.000005 0.000025 0.000000 -0.000001 -0.000000 -8.207796 -6.751703 -1.599540 -48.154476 -3.591112 -48.319695 6.871318 -10.004109 -4.964634 -7.268881 -17.939577 11.176369 3.859004 -0.000003 -0.000003 0.000001 0.000000 -0.000002 8.207800 -6.751705 -1.599550 -62.482092 3.501898 57.011859 22.281131 -3.620238 2.954213 29.401833 0.053813 -0.809343 0.145027 -0.000014 -0.000029 -0.000001 -0.000001 0.000000 
0.176823 35.262039 -3.294281 -115.206672 5.478802 3.147014 0.000000 10.181547 0.131523 53.790912 -8.033161 -1.595025 14.452294 -2.540451 2.904999 14.513778 -1.532698 3.001468 0.000000 16.740374 -2.049019 8.082123 0.157414 1.364754 0.000000 9.617843 1.684967 28.114155 3.120509 6.425601 0.000001 22.037384 7.501075 -0.000000 0.000000 0.000000 -4.570001 11.014858 -2.160839 0.566137 -0.020113 -1.614849 30.312103 -9.214755 94.146235 -0.000003 41.605933 0.000011 40.690323 -35.450512 -75.217376 -2.464808 -1.573992 2.681913 -11.630453 11.625162 -20.750857 6.358357 -14.447667 -2.112241 -5.504768 -5.510924 -14.718511 0.000002 -0.000004 0.000003 -9.108294 -0.517870 2.259800 0.083329 -2.854491 7.046420 0.000011 -0.007202 0.088408 0.000001 0.004412 -0.054199 0.000001 0.000002 0.000001 -9.532492 0.000012 -0.000001 0.082086 -2.844314 6.920395 0.000004 -0.008861 0.108735 0.000008 0.005344 -0.065526 0.000000 0.000001 0.000000 -9.103596 -0.043089 -1.865102 0.079705 -2.824400 6.674078 0.000006 -0.006796 0.083420 -0.000001 0.003655 -0.044840 -0.000000 0.000000 0.000000 -8.076706 -0.486721 -3.806301 0.060636 -2.632567 4.306780 0.000009 -0.010634 0.130552 0.000002 0.006031 -0.074011 -0.000000 0.000001 -0.000000 4.570399 11.014660 -2.160813 5.816769 -2.815286 -0.615037 36.106330 6.688025 -105.633452 -0.000005 -34.433183 0.000013 19.018418 20.661724 91.424869 2.466090 -1.576211 2.681698 -12.388627 -9.936137 20.816846 5.987296 12.645730 1.346538 -7.335785 -0.421671 13.147353 0.000003 0.000007 0.000004 9.109295 -0.518020 2.259899 0.287416 3.189500 -8.363680 -0.000004 0.001662 -0.016208 0.000005 -0.001022 0.010024 0.000000 0.000000 0.000000 9.533402 0.000010 -0.000000 0.124656 3.201690 -8.197509 0.000005 -0.000006 0.000006 0.000001 0.000005 -0.000002 0.000000 -0.000000 0.000001 9.104498 -0.043001 -1.865101 0.108202 3.079164 -6.987591 0.000005 -0.000012 0.000002 0.000002 -0.000000 0.000004 -0.000001 0.000000 0.000001 8.077798 -0.486890 -3.806301 0.089442 2.906232 -5.290077 0.000003 -0.000002 -0.000010 0.000000 -0.000005 0.000025 0.000000 -0.000001 -0.000000 -8.207796 -6.751703 -1.599540 -48.154476 -3.591112 -48.319695 6.871318 -10.004109 -4.964634 -7.268881 -17.939577 11.176369 3.859004 -0.000003 -0.000003 0.000001 0.000000 -0.000002 8.207800 -6.751705 -1.599550 -62.482092 3.501898 57.011859 22.281131 -3.620238 2.954213 29.401833 0.053813 -0.809343 0.145027 -0.000014 -0.000029 -0.000001 -0.000001 0.000000 
0.176823 35.262039 -3.294281 -115.206672 5.478802 3.147014 0.000000 10.181547 0.131523 53.790912 -8.033161 -1.595025 14.452294 -2.540451 2.904999 14.513778 -1.532698 3.001468 0.000000 16.740374 -2.049019 8.082123 0.157414 1.364754 0.000000 9.617843 1.684967 28.114155 3.120509 6.425601 0.000001 22.037384 7.501075 -0.000000 0.000000 0.000000 -4.570001 11.014858 -2.160839 0.566137 -0.020113 -1.614849 30.312103 -9.214755 94.146235 -0.000003 41.605933 0.000011 40.690323 -35.450512 -75.217376 -2.464808 -1.573992 2.681913 -11.630453 11.625162 -20.750857 6.358357 -14.447667 -2.112241 -5.504768 -5.510924 -14.718511 0.000002 -0.000004 0.000003 -9.108294 -0.517870 2.259800 0.083329 -2.854491 7.046420 0.000011 -0.007202 0.088408 0.000001 0.004412 -0.054199 0.000001 0.000002 0.000001 -9.532492 0.000012 -0.000001 0.082086 -2.844314 6.920395 0.000004 -0.008861 0.108735 0.000008 0.005344 -0.065526 0.000000 0.000001 0.000000 -9.103596 -0.043089 -1.865102 0.079705 -2.824400 6.674078 0.000006 -0.006796 0.083420 -0.000001 0.003655 -0.044840 -0.000000 0.000000 0.000000 -8.076706 -0.486721 -3.806301 0.060636 -2.632567 4.306780 0.000009 -0.010634 0.130552 0.000002 0.006031 -0.074011 -0.000000 0.000001 -0.000000 4.570399 11.014660 -2.160813 5.816769 -2.815286 -0.615037 36.106330 6.688025 -105.633452 -0.000005 -34.433183 0.000013 19.018418 20.661724 91.424869 2.466090 -1.576211 2.681698 -12.388627 -9.936137 20.816846 5.987296 12.645730 1.346538 -7.335785 -0.421671 13.147353 0.000003 0.000007 0.000004 9.109295 -0.518020 2.259899 0.287416 3.189500 -8.363680 -0.000004 0.001662 -0.016208 0.000005 -0.001022 0.010024 0.000000 0.000000 0.000000 9.533402 0.000010 -0.000000 0.124656 3.201690 -8.197509 0.000005 -0.000006 0.000006 0.000001 0.000005 -0.000002 0.000000 -0.000000 0.000001 9.104498 -0.043001 -1.865101 0.108202 3.079164 -6.987591 0.000005 -0.000012 0.000002 0.000002 -0.000000 0.000004 -0.000001 0.000000 0.000001 8.077798 -0.486890 -3.806301 0.089442 2.906232 -5.290077 0.000003 -0.000002 -0.000010 0.000000 -0.000005 0.000025 0.000000 -0.000001 -0.000000 -8.207796 -6.751703 -1.599540 -48.154476 -3.591112 -48.319695 6.871318 -10.004109 -4.964634 -7.268881 -17.939577 11.176369 3.859004 -0.000003 -0.000003 0.000001 0.000000 -0.000002 8.207800 -6.751705 -1.599550 -62.482092 3.501898 57.011859 22.281131 -3.620238 2.954213 29.401833 0.053813 -0.809343 0.145027 -0.000014 -0.000029 -0.000001 -0.000001 0.000000 
0.176823 35.262039 -3.294281 -115.206672 5.478802 3.147014 0.000000 10.181547 0.131523 53.790912 -8.033161 -1.595025 14.452294 -2.540451 2.904999 14.513778 -1.532698 3.001468 0.000000 16.740374 -2.049019 8.082123 0.157414 1.364754 0.000000 9.617843 1.684967 28.114155 3.120509 6.425601 0.000001 22.037384 7.501075 -0.000000 0.000000 0.000000 -4.570001 11.014858 -2.160839 0.566137 -0.020113 -1.614849 30.312103 -9.214755 94.146235 -0.000003 41.605933 0.000011 40.690323 -35.450512 -75.217376 -2.464808 -1.573992 2.681913 -11.630453 11.625162 -20.750857 6.358357 -14.447667 -2.112241 -5.504768 -5.510924 -14.718511 0.000002 -0.000004 0.000003 -9.108294 -0.517870 2.259800 0.083329 -2.854491 7.046420 0.000011 -0.007202 0.088408 0.000001 0.004412 -0.054199 0.000001 0.000002 0.000001 -9.532492 0.000012 -0.000001 0.082086 -2.844314 6.920395 0.000004 -0.008861 0.108735 0.000008 0.005344 -0.065526 0.000000 0.000001 0.000000 -9.103596 -0.043089 -1.865102 0.079705 -2.824400 6.674078 0.000006 -0.006796 0.083420 -0.000001 0.003655 -0.044840 -0.000000 0.000000 0.000000 -8.076706 -0.486721 -3.806301 0.060636 -2.632567 4.306780 0.000009 -0.010634 0.130552 0.000002 0.006031 -0.074011 -0.000000 0.000001 -0.000000 4.570399 11.014660 -2.160813 5.816769 -2.815286 -0.615037 36.106330 6.688025 -105.633452 -0.000005 -34.433183 0.000013 19.018418 20.661724 91.424869 2.466090 -1.576211 2.681698 -12.388627 -9.936137 20.816846 5.987296 12.645730 1.346538 -7.335785 -0.421671 13.147353 0.000003 0.000007 0.000004 9.109295 -0.518020 2.259899 0.287416 3.189500 -8.363680 -0.000004 0.001662 -0.016208 0.000005 -0.001022 0.010024 0.000000 0.000000 0.000000 9.533402 0.000010 -0.000000 0.124656 3.201690 -8.197509 0.000005 -0.000006 0.000006 0.000001 0.000005 -0.000002 0.000000 -0.000000 0.000001 9.104498 -0.043001 -1.865101 0.108202 3.079164 -6.987591 0.000005 -0.000012 0.000002 0.000002 -0.000000 0.000004 -0.000001 0.000000 0.000001 8.077798 -0.486890 -3.806301 0.089442 2.906232 -5.290077 0.000003 -0.000002 -0.000010 0.000000 -0.000005 0.000025 0.000000 -0.000001 -0.000000 -8.207796 -6.751703 -1.599540 -48.154476 -3.591112 -48.319695 6.871318 -10.004109 -4.964634 -7.268881 -17.939577 11.176369 3.859004 -0.000003 -0.000003 0.000001 0.000000 -0.000002 8.207800 -6.751705 -1.599550 -62.482092 3.501898 57.011859 22.281131 -3.620238 2.954213 29.401833 0.053813 -0.809343 0.145027 -0.000014 -0.000029 -0.000001 -0.000001 0.000000 
0.176823 35.262039 -3.294281 -115.206672 5.478802 3.147014 0.000000 10.181547 0.131523 53.790912 -8.033161 -1.595025 14.452294 -2.540451 2.904999 14.513778 -1.532698 3.001468 0.000000 16.740374 -2.049019 8.082123 0.157414 1.364754 0.000000 9.617843 1.684967 28.114155 3.120509 6.425601 0.000001 22.037384 7.501075 -0.000000 0.000000 0.000000 -4.570001 11.014858 -2.160839 0.566137 -0.020113 -1.614849 30.312103 -9.214755 94.146235 -0.000003 41.605933 0.000011 40.690323 -35.450512 -75.217376 -2.464808 -1.573992 2.681913 -11.630453 11.625162 -20.750857 6.358357 -14.447667 -2.112241 -5.504768 -5.510924 -14.718511 0.000002 -0.000004 0.000003 -9.108294 -0.517870 2.259800 0.083329 -2.854491 7.046420 0.000011 -0.007202 0.088408 0.000001 0.004412 -0.054199 0.000001 0.000002 0.000001 -9.532492 0.000012 -0.000001 0.082086 -2.844314 6.920395 0.000004 -0.008861 0.108735 0.000008 0.005344 -0.065526 0.000000 0.000001 0.000000 -9.103596 -0.043089 -1.865102 0.079705 -2.824400 6.674078 0.000006 -0.006796 0.083420 -0.000001 0.003655 -0.044840 -0.000000 0.000000 0.000000 -8.076706 -0.486721 -3.806301 0.060636 -2.632567 4.306780 0.000009 -0.010634 0.130552 0.000002 0.006031 -0.074011 -0.000000 0.000001 -0.000000 4.570399 11.014660 -2.160813 5.816769 -2.815286 -0.615037 36.106330 6.688025 -105.633452 -0.000005 -34.433183 0.000013 19.018418 20.661724 91.424869 2.466090 -1.576211 2.681698 -12.388627 -9.936137 20.816846 5.987296 12.645730 1.346538 -7.335785 -0.421671 13.147353 0.000003 0.000007 0.000004 9.109295 -0.518020 2.259899 0.287416 3.189500 -8.363680 -0.000004 0.001662 -0.016208 0.000005 -0.001022 0.010024 0.000000 0.000000 0.000000 9.533402 0.000010 -0.000000 0.124656 3.201690 -8.197509 0.000005 -0.000006 0.000006 0.000001 0.000005 -0.000002 0.000000 -0.000000 0.000001 9.104498 -0.043001 -1.865101 0.108202 3.079164 -6.987591 0.000005 -0.000012 0.000002 0.000002 -0.000000 0.000004 -0.000001 0.000000 0.000001 8.077798 -0.486890 -3.806301 0.089442 2.906232 -5.290077 0.000003 -0.000002 -0.000010 0.000000 -0.000005 0.000025 0.000000 -0.000001 -0.000000 -8.207796 -6.751703 -1.599540 -48.154476 -3.591112 -48.319695 6.871318 -10.004109 -4.964634 -7.268881 -17.939577 11.176369 3.859004 -0.000003 -0.000003 0.000001 0.000000 -0.000002 8.207800 -6.751705 -1.599550 -62.482092 3.501898 57.011859 22.281131 -3.620238 2.954213 29.401833 0.053813 -0.809343 0.145027 -0.000014 -0.000029 -0.000001 -0.000001 0.000000 
0.176823 35.262039 -3.294281 -115.206672 5.478802 3.147014 0.000000 10.181547 0.131523 53.790912 -8.033161 -1.595025 14.452294 -2.540451 2.904999 14.513778 -1.532698 3.001468 0.000000 16.740374 -2.049019 8.082123 0.157414 1.364754 0.000000 9.617843 1.684967 28.114155 3.120509 6.425601 0.000001 22.037384 7.501075 -0.000000 0.000000 0.000000 -4.570001 11.014858 -2.160839 0.566137 -0.020113 -1.614849 30.312103 -9.214755 94.146235 -0.000003 41.605933 0.000011 40.690323 -35.450512 -75.217376 -2.464808 -1.573992 2.681913 -11.630453 11.625162 -20.750857 6.358357 -14.447667 -2.112241 -5.504768 -5.510924 -14.718511 0.000002 -0.000004 0.000003 -9.108294 -0.517870 2.259800 0.083329 -2.854491 7.046420 0.000011 -0.007202 0.088408 0.000001 0.004412 -0.054199 0.000001 0.000002 0.000001 -9.532492 0.000012 -0.000001 0.082086 -2.844314 6.920395 0.000004 -0.008861 0.108735 0.000008 0.005344 -0.065526 0.000000 0.000001 0.000000 -9.103596 -0.043089 -1.865102 0.079705 -2.824400 6.674078 0.000006 -0.006796 0.083420 -0.000001 0.003655 -0.044840 -0.000000 0.000000 0.000000 -8.076706 -0.486721 -3.806301 0.060636 -2.632567 4.306780 0.000009 -0.010634 0.130552 0.000002 0.006031 -0.074011 -0.000000 0.000001 -0.000000 4.570399 11.014660 -2.160813 5.816769 -2.815286 -0.615037 36.106330 6.688025 -105.633452 -0.000005 -34.433183 0.000013 19.018418 20.661724 91.424869 2.466090 -1.576211 2.681698 -12.388627 -9.936137 20.816846 5.987296 12.645730 1.346538 -7.335785 -0.421671 13.147353 0.000003 0.000007 0.000004 9.109295 -0.518020 2.259899 0.287416 3.189500 -8.363680 -0.000004 0.001662 -0.016208 0.000005 -0.001022 0.010024 0.000000 0.000000 0.000000 9.533402 0.000010 -0.000000 0.124656 3.201690 -8.197509 0.000005 -0.000006 0.000006 0.000001 0.000005 -0.000002 0.000000 -0.000000 0.000001 9.104498 -0.043001 -1.865101 0.108202 3.079164 -6.987591 0.000005 -0.000012 0.000002 0.000002 -0.000000 0.000004 -0.000001 0.000000 0.000001 8.077798 -0.486890 -3.806301 0.089442 2.906232 -5.290077 0.000003 -0.000002 -0.000010 0.000000 -0.000005 0.000025 0.000000 -0.000001 -0.000000 -8.207796 -6.751703 -1.599540 -48.154476 -3.591112 -48.319695 6.871318 -10.004109 -4.964634 -7.268881 -17.939577 11.176369 3.859004 -0.000003 -0.000003 0.000001 0.000000 -0.000002 8.207800 -6.751705 -1.599550 -62.482092 3.501898 57.011859 22.281131 -3.620238 2.954213 29.401833 0.053813 -0.809343 0.145027 -0.000014 -0.000029 -0.000001 -0.000001 0.000000 
0.176823 35.262039 -3.294281 -115.206672 5.478802 3.147014 0.000000 10.181547 0.131523 53.790912 -8.033161 -1.595025 14.452294 -2.540451 2.904999 14.513778 -1.532698 3.001468 0.000000 16.740374 -2.049019 8.082123 0.157414 1.364754 0.000000 9.617843 1.684967 28.114155 3.120509 6.425601 0.000001 22.037384 7.501075 -0.000000 0.000000 0.000000 -4.570001 11.014858 -2.160839 0.566137 -0.020113 -1.614849 30.312103 -9.214755 94.146235 -0.000003 41.605933 0.000011 40.690323 -35.450512 -75.217376 -2.464808 -1.573992 2.681913 -11.630453 11.625162 -20.750857 6.358357 -14.447667 -2.112241 -5.504768 -5.510924 -14.718511 0.000002 -0.000004 0.000003 -9.108294 -0.517870 2.259800 0.083329 -2.854491 7.046420 0.000011 -0.007202 0.088408 0.000001 0.004412 -0.054199 0.000001 0.000002 0.000001 -9.532492 0.000012 -0.000001 0.082086 -2.844314 6.920395 0.000004 -0.008861 0.108735 0.000008 0.005344 -0.065526 0.000000 0.000001 0.000000 -9.103596 -0.043089 -1.865102 0.079705 -2.824400 6.674078 0.000006 -0.006796 0.083420 -0.000001 0.003655 -0.044840 -0.000000 0.000000 0.000000 -8.076706 -0.486721 -3.806301 0.060636 -2.632567 4.306780 0.000009 -0.010634 0.130552 0.000002 0.006031 -0.074011 -0.000000 0.000001 -0.000000 4.570399 11.014660 -2.160813 5.816769 -2.815286 -0.615037 36.106330 6.688025 -105.633452 -0.000005 -34.433183 0.000013 19.018418 20.661724 91.424869 2.466090 -1.576211 2.681698 -12.388627 -9.936137 20.816846 5.987296 12.645730 1.346538 -7.335785 -0.421671 13.147353 0.000003 0.000007 0.000004 9.109295 -0.518020 2.259899 0.287416 3.189500 -8.363680 -0.000004 0.001662 -0.016208 0.000005 -0.001022 0.010024 0.000000 0.000000 0.000000 9.533402 0.000010 -0.000000 0.124656 3.201690 -8.197509 0.000005 -0.000006 0.000006 0.000001 0.000005 -0.000002 0.000000 -0.000000 0.000001 9.104498 -0.043001 -1.865101 0.108202 3.079164 -6.987591 0.000005 -0.000012 0.000002 0.000002 -0.000000 0.000004 -0.000001 0.000000 0.000001 8.077798 -0.486890 -3.806301 0.089442 2.906232 -5.290077 0.000003 -0.000002 -0.000010 0.000000 -0.000005 0.000025 0.000000 -0.000001 -0.000000 -8.207796 -6.751703 -1.599540 -48.154476 -3.591112 -48.319695 6.871318 -10.004109 -4.964634 -7.268881 -17.939577 11.176369 3.859004 -0.000003 -0.000003 0.000001 0.000000 -0.000002 8.207800 -6.751705 -1.599550 -62.482092 3.501898 57.011859 22.281131 -3.620238 2.954213 29.401833 0.053813 -0.809343 0.145027 -0.000014 -0.000029 -0.000001 -0.000001 0.000000 
0.176823 35.262039 -3.294281 -115.206672 5.478802 3.147014 0.000000 10.181547 0.131523 53.790912 -8.033161 -1.595025 14.452294 -2.540451 2.904999 14.513778 -1.532698 3.001468 0.000000 16.740374 -2.049019 8.082123 0.157414 1.364754 0.000000 9.617843 1.684967 28.114155 3.120509 6.425601 0.000001 22.037384 7.501075 -0.000000 0.000000 0.000000 -4.570001 11.014858 -2.160839 0.566137 -0.020113 -1.614849 30.312103 -9.214755 94.146235 -0.000003 41.605933 0.000011 40.690323 -35.450512 -75.217376 -2.464808 -1.573992 2.681913 -11.630453 11.625162 -20.750857 6.358357 -14.447667 -2.112241 -5.504768 -5.510924 -14.718511 0.000002 -0.000004 0.000003 -9.108294 -0.517870 2.259800 0.083329 -2.854491 7.046420 0.000011 -0.007202 0.088408 0.000001 0.004412 -0.054199 0.000001 0.000002 0.000001 -9.532492 0.000012 -0.000001 0.082086 -2.844314 6.920395 0.000004 -0.008861 0.108735 0.000008 0.005344 -0.065526 0.000000 0.000001 0.000000 -9.103596 -0.043089 -1.865102 0.079705 -2.824400 6.674078 0.000006 -0.006796 0.083420 -0.000001 0.003655 -0.044840 -0.000000 0.000000 0.000000 -8.076706 -0.486721 -3.806301 0.060636 -2.632567 4.306780 0.000009 -0.010634 0.130552 0.000002 0.006031 -0.074011 -0.000000 0.000001 -0.000000 4.570399 11.014660 -2.160813 5.816769 -2.815286 -0.615037 36.106330 6.688025 -105.633452 -0.000005 -34.433183 0.000013 19.018418 20.661724 91.424869 2.466090 -1.576211 2.681698 -12.388627 -9.936137 20.816846 5.987296 12.645730 1.346538 -7.335785 -0.421671 13.147353 0.000003 0.000007 0.000004 9.109295 -0.518020 2.259899 0.287416 3.189500 -8.363680 -0.000004 0.001662 -0.016208 0.000005 -0.001022 0.010024 0.000000 0.000000 0.000000 9.533402 0.000010 -0.000000 0.124656 3.201690 -8.197509 0.000005 -0.000006 0.000006 0.000001 0.000005 -0.000002 0.000000 -0.000000 0.000001 9.104498 -0.043001 -1.865101 0.108202 3.079164 -6.987591 0.000005 -0.000012 0.000002 0.000002 -0.000000 0.000004 -0.000001 0.000000 0.000001 8.077798 -0.486890 -3.806301 0.089442 2.906232 -5.290077 0.000003 -0.000002 -0.000010 0.000000 -0.000005 0.000025 0.000000 -0.000001 -0.000000 -8.207796 -6.751703 -1.599540 -48.154476 -3.591112 -48.319695 6.871318 -10.004109 -4.964634 -7.268881 -17.939577 11.176369 3.859004 -0.000003 -0.000003 0.000001 0.000000 -0.000002 8.207800 -6.751705 -1.599550 -62.482092 3.501898 57.011859 22.281131 -3.620238 2.954213 29.401833 0.053813 -0.809343 0.145027 -0.000014 -0.000029 -0.000001 -0.000001 0.000000 
0.176823 35.262039 -3.294281 -115.206672 5.478802 3.147014 0.000000 10.181547 0.131523 53.790912 -8.033161 -1.595025 14.452294 -2.540451 2.904999 14.513778 -1.532698 3.001468 0.000000 16.740374 -2.049019 8.082123 0.157414 1.364754 0.000000 9.617843 1.684967 28.114155 3.120509 6.425601 0.000001 22.037384 7.501075 -0.000000 0.000000 0.000000 -4.570001 11.014858 -2.160839 0.566137 -0.020113 -1.614849 30.312103 -9.214755 94.146235 -0.000003 41.605933 0.000011 40.690323 -35.450512 -75.217376 -2.464808 -1.573992 2.681913 -11.630453 11.625162 -20.750857 6.358357 -14.447667 -2.112241 -5.504768 -5.510924 -14.718511 0.000002 -0.000004 0.000003 -9.108294 -0.517870 2.259800 0.083329 -2.854491 7.046420 0.000011 -0.007202 0.088408 0.000001 0.004412 -0.054199 0.000001 0.000002 0.000001 -9.532492 0.000012 -0.000001 0.082086 -2.844314 6.920395 0.000004 -0.008861 0.108735 0.000008 0.005344 -0.065526 0.000000 0.000001 0.000000 -9.103596 -0.043089 -1.865102 0.079705 -2.824400 6.674078 0.000006 -0.006796 0.083420 -0.000001 0.003655 -0.044840 -0.000000 0.000000 0.000000 -8.076706 -0.486721 -3.806301 0.060636 -2.632567 4.306780 0.000009 -0.010634 0.130552 0.000002 0.006031 -0.074011 -0.000000 0.000001 -0.000000 4.570399 11.014660 -2.160813 5.816769 -2.815286 -0.615037 36.106330 6.688025 -105.633452 -0.000005 -34.433183 0.000013 19.018418 20.661724 91.424869 2.466090 -1.576211 2.681698 -12.388627 -9.936137 20.816846 5.987296 12.645730 1.346538 -7.335785 -0.421671 13.147353 0.000003 0.000007 0.000004 9.109295 -0.518020 2.259899 0.287416 3.189500 -8.363680 -0.000004 0.001662 -0.016208 0.000005 -0.001022 0.010024 0.000000 0.000000 0.000000 9.533402 0.000010 -0.000000 0.124656 3.201690 -8.197509 0.000005 -0.000006 0.000006 0.000001 0.000005 -0.000002 0.000000 -0.000000 0.000001 9.104498 -0.043001 -1.865101 0.108202 3.079164 -6.987591 0.000005 -0.000012 0.000002 0.000002 -0.000000 0.000004 -0.000001 0.000000 0.000001 8.077798 -0.486890 -3.806301 0.089442 2.906232 -5.290077 0.000003 -0.000002 -0.000010 0.000000 -0.000005 0.000025 0.000000 -0.000001 -0.000000 -8.207796 -6.751703 -1.599540 -48.154476 -3.591112 -48.319695 6.871318 -10.004109 -4.964634 -7.268881 -17.939577 11.176369 3.859004 -0.000003 -0.000003 0.000001 0.000000 -0.000002 8.207800 -6.751705 -1.599550 -62.482092 3.501898 57.011859 22.281131 -3.620238 2.954213 29.401833 0.053813 -0.809343 0.145027 -0.000014 -0.000029 -0.000001 -0.000001 0.000000 
0.176823 35.262039 -3.294281 -115.206672 5.478802 3.147014 0.000000 10.181547 0.131523 53.790912 -8.033161 -1.595025 14.452294 -2.540451 2.904999 14.513778 -1.532698 3.001468 0.000000 16.740374 -2.049019 8.082123 0.157414 1.364754 0.000000 9.617843 1.684967 28.114155 3.120509 6.425601 0.000001 22.037384 7.501075 -0.000000 0.000000 0.000000 -4.570001 11.014858 -2.160839 0.566137 -0.020113 -1.614849 30.312103 -9.214755 94.146235 -0.000003 41.605933 0.000011 40.690323 -35.450512 -75.217376 -2.464808 -1.573992 2.681913 -11.630453 11.625162 -20.750857 6.358357 -14.447667 -2.112241 -5.504768 -5.510924 -14.718511 0.000002 -0.000004 0.000003 -9.108294 -0.517870 2.259800 0.083329 -2.854491 7.046420 0.000011 -0.007202 0.088408 0.000001 0.004412 -0.054199 0.000001 0.000002 0.000001 -9.532492 0.000012 -0.000001 0.082086 -2.844314 6.920395 0.000004 -0.008861 0.108735 0.000008 0.005344 -0.065526 0.000000 0.000001 0.000000 -9.103596 -0.043089 -1.865102 0.079705 -2.824400 6.674078 0.000006 -0.006796 0.083420 -0.000001 0.003655 -0.044840 -0.000000 0.000000 0.000000 -8.076706 -0.486721 -3.806301 0.060636 -2.632567 4.306780 0.000009 -0.010634 0.130552 0.000002 0.006031 -0.074011 -0.000000 0.000001 -0.000000 4.570399 11.014660 -2.160813 5.816769 -2.815286 -0.615037 36.106330 6.688025 -105.633452 -0.000005 -34.433183 0.000013 19.018418 20.661724 91.424869 2.466090 -1.576211 2.681698 -12.388627 -9.936137 20.816846 5.987296 12.645730 1.346538 -7.335785 -0.421671 13.147353 0.000003 0.000007 0.000004 9.109295 -0.518020 2.259899 0.287416 3.189500 -8.363680 -0.000004 0.001662 -0.016208 0.000005 -0.001022 0.010024 0.000000 0.000000 0.000000 9.533402 0.000010 -0.000000 0.124656 3.201690 -8.197509 0.000005 -0.000006 0.000006 0.000001 0.000005 -0.000002 0.000000 -0.000000 0.000001 9.104498 -0.043001 -1.865101 0.108202 3.079164 -6.987591 0.000005 -0.000012 0.000002 0.000002 -0.000000 0.000004 -0.000001 0.000000 0.000001 8.077798 -0.486890 -3.806301 0.089442 2.906232 -5.290077 0.000003 -0.000002 -0.000010 0.000000 -0.000005 0.000025 0.000000 -0.000001 -0.000000 -8.207796 -6.751703 -1.599540 -48.154476 -3.591112 -48.319695 6.871318 -10.004109 -4.964634 -7.268881 -17.939577 11.176369 3.859004 -0.000003 -0.000003 0.000001 0.000000 -0.000002 8.207800 -6.751705 -1.599550 -62.482092 3.501898 57.011859 22.281131 -3.620238 2.954213 29.401833 0.053813 -0.809343 0.145027 -0.000014 -0.000029 -0.000001 -0.000001 0.000000 
0.176823 35.262039 -3.294281 -115.206672 5.478802 3.147014 0.000000 10.181547 0.131523 53.790912 -8.033161 -1.595025 14.452294 -2.540451 2.904999 14.513778 -1.532698 3.001468 0.000000 16.740374 -2.049019 8.082123 0.157414 1.364754 0.000000 9.617843 1.684967 28.114155 3.120509 6.425601 0.000001 22.037384 7.501075 -0.000000 0.000000 0.000000 -4.570001 11.014858 -2.160839 0.566137 -0.020113 -1.614849 30.312103 -9.214755 94.146235 -0.000003 41.605933 0.000011 40.690323 -35.450512 -75.217376 -2.464808 -1.573992 2.681913 -11.630453 11.625162 -20.750857 6.358357 -14.447667 -2.112241 -5.504768 -5.510924 -14.718511 0.000002 -0.000004 0.000003 -9.108294 -0.517870 2.259800 0.083329 -2.854491 7.046420 0.000011 -0.007202 0.088408 0.000001 0.004412 -0.054199 0.000001 0.000002 0.000001 -9.532492 0.000012 -0.000001 0.082086 -2.844314 6.920395 0.000004 -0.008861 0.108735 0.000008 0.005344 -0.065526 0.000000 0.000001 0.000000 -9.103596 -0.043089 -1.865102 0.079705 -2.824400 6.674078 0.000006 -0.006796 0.083420 -0.000001 0.003655 -0.044840 -0.000000 0.000000 0.000000 -8.076706 -0.486721 -3.806301 0.060636 -2.632567 4.306780 0.000009 -0.010634 0.130552 0.000002 0.006031 -0.074011 -0.000000 0.000001 -0.000000 4.570399 11.014660 -2.160813 5.816769 -2.815286 -0.615037 36.106330 6.688025 -105.633452 -0.000005 -34.433183 0.000013 19.018418 20.661724 91.424869 2.466090 -1.576211 2.681698 -12.388627 -9.936137 20.816846 5.987296 12.645730 1.346538 -7.335785 -0.421671 13.147353 0.000003 0.000007 0.000004 9.109295 -0.518020 2.259899 0.287416 3.189500 -8.363680 -0.000004 0.001662 -0.016208 0.000005 -0.001022 0.010024 0.000000 0.000000 0.000000 9.533402 0.000010 -0.000000 0.124656 3.201690 -8.197509 0.000005 -0.000006 0.000006 0.000001 0.000005 -0.000002 0.000000 -0.000000 0.000001 9.104498 -0.043001 -1.865101 0.108202 3.079164 -6.987591 0.000005 -0.000012 0.000002 0.000002 -0.000000 0.000004 -0.000001 0.000000 0.000001 8.077798 -0.486890 -3.806301 0.089442 2.906232 -5.290077 0.000003 -0.000002 -0.000010 0.000000 -0.000005 0.000025 0.000000 -0.000001 -0.000000 -8.207796 -6.751703 -1.599540 -48.154476 -3.591112 -48.319695 6.871318 -10.004109 -4.964634 -7.268881 -17.939577 11.176369 3.859004 -0.000003 -0.000003 0.000001 0.000000 -0.000002 8.207800 -6.751705 -1.599550 -62.482092 3.501898 57.011859 22.281131 -3.620238 2.954213 29.401833 0.053813 -0.809343 0.145027 -0.000014 -0.000029 -0.000001 -0.000001 0.000000 
0.176823 35.262039 -3.294281 -115.206672 5.478802 3.147014 0.000000 10.181547 0.131523 53.790912 -8.033161 -1.595025 14.452294 -2.540451 2.904999 14.513778 -1.532698 3.001468 0.000000 16.740374 -2.049019 8.082123 0.157414 1.364754 0.000000 9.617843 1.684967 28.114155 3.120509 6.425601 0.000001 22.037384 7.501075 -0.000000 0.000000 0.000000 -4.570001 11.014858 -2.160839 0.566137 -0.020113 -1.614849 30.312103 -9.214755 94.146235 -0.000003 41.605933 0.000011 40.690323 -35.450512 -75.217376 -2.464808 -1.573992 2.681913 -11.630453 11.625162 -20.750857 6.358357 -14.447667 -2.112241 -5.504768 -5.510924 -14.718511 0.000002 -0.000004 0.000003 -9.108294 -0.517870 2.259800 0.083329 -2.854491 7.046420 0.000011 -0.007202 0.088408 0.000001 0.004412 -0.054199 0.000001 0.000002 0.000001 -9.532492 0.000012 -0.000001 0.082086 -2.844314 6.920395 0.000004 -0.008861 0.108735 0.000008 0.005344 -0.065526 0.000000 0.000001 0.000000 -9.103596 -0.043089 -1.865102 0.079705 -2.824400 6.674078 0.000006 -0.006796 0.083420 -0.000001 0.003655 -0.044840 -0.000000 0.000000 0.000000 -8.076706 -0.486721 -3.806301 0.060636 -2.632567 4.306780 0.000009 -0.010634 0.130552 0.000002 0.006031 -0.074011 -0.000000 0.000001 -0.000000 4.570399 11.014660 -2.160813 5.816769 -2.815286 -0.615037 36.106330 6.688025 -105.633452 -0.000005 -34.433183 0.000013 19.018418 20.661724 91.424869 2.466090 -1.576211 2.681698 -12.388627 -9.936137 20.816846 5.987296 12.645730 1.346538 -7.335785 -0.421671 13.147353 0.000003 0.000007 0.000004 9.109295 -0.518020 2.259899 0.287416 3.189500 -8.363680 -0.000004 0.001662 -0.016208 0.000005 -0.001022 0.010024 0.000000 0.000000 0.000000 9.533402 0.000010 -0.000000 0.124656 3.201690 -8.197509 0.000005 -0.000006 0.000006 0.000001 0.000005 -0.000002 0.000000 -0.000000 0.000001 9.104498 -0.043001 -1.865101 0.108202 3.079164 -6.987591 0.000005 -0.000012 0.000002 0.000002 -0.000000 0.000004 -0.000001 0.000000 0.000001 8.077798 -0.486890 -3.806301 0.089442 2.906232 -5.290077 0.000003 -0.000002 -0.000010 0.000000 -0.000005 0.000025 0.000000 -0.000001 -0.000000 -8.207796 -6.751703 -1.599540 -48.154476 -3.591112 -48.319695 6.871318 -10.004109 -4.964634 -7.268881 -17.939577 11.176369 3.859004 -0.000003 -0.000003 0.000001 0.000000 -0.000002 8.207800 -6.751705 -1.599550 -62.482092 3.501898 57.011859 22.281131 -3.620238 2.954213 29.401833 0.053813 -0.809343 0.145027 -0.000014 -0.000029 -0.000001 -0.000001 0.000000 
0.176823 35.262039 -3.294281 -115.206672 5.478802 3.147014 0.000000 10.181547 0.131523 53.790912 -8.033161 -1.595025 14.452294 -2.540451 2.904999 14.513778 -1.532698 3.001468 0.000000 16.740374 -2.049019 8.082123 0.157414 1.364754 0.000000 9.617843 1.684967 28.114155 3.120509 6.425601 0.000001 22.037384 7.501075 -0.000000 0.000000 0.000000 -4.570001 11.014858 -2.160839 0.566137 -0.020113 -1.614849 30.312103 -9.214755 94.146235 -0.000003 41.605933 0.000011 40.690323 -35.450512 -75.217376 -2.464808 -1.573992 2.681913 -11.630453 11.625162 -20.750857 6.358357 -14.447667 -2.112241 -5.504768 -5.510924 -14.718511 0.000002 -0.000004 0.000003 -9.108294 -0.517870 2.259800 0.083329 -2.854491 7.046420 0.000011 -0.007202 0.088408 0.000001 0.004412 -0.054199 0.000001 0.000002 0.000001 -9.532492 0.000012 -0.000001 0.082086 -2.844314 6.920395 0.000004 -0.008861 0.108735 0.000008 0.005344 -0.065526 0.000000 0.000001 0.000000 -9.103596 -0.043089 -1.865102 0.079705 -2.824400 6.674078 0.000006 -0.006796 0.083420 -0.000001 0.003655 -0.044840 -0.000000 0.000000 0.000000 -8.076706 -0.486721 -3.806301 0.060636 -2.632567 4.306780 0.000009 -0.010634 0.130552 0.000002 0.006031 -0.074011 -0.000000 0.000001 -0.000000 4.570399 11.014660 -2.160813 5.816769 -2.815286 -0.615037 36.106330 6.688025 -105.633452 -0.000005 -34.433183 0.000013 19.018418 20.661724 91.424869 2.466090 -1.576211 2.681698 -12.388627 -9.936137 20.816846 5.987296 12.645730 1.346538 -7.335785 -0.421671 13.147353 0.000003 0.000007 0.000004 9.109295 -0.518020 2.259899 0.287416 3.189500 -8.363680 -0.000004 0.001662 -0.016208 0.000005 -0.001022 0.010024 0.000000 0.000000 0.000000 9.533402 0.000010 -0.000000 0.124656 3.201690 -8.197509 0.000005 -0.000006 0.000006 0.000001 0.000005 -0.000002 0.000000 -0.000000 0.000001 9.104498 -0.043001 -1.865101 0.108202 3.079164 -6.987591 0.000005 -0.000012 0.000002 0.000002 -0.000000 0.000004 -0.000001 0.000000 0.000001 8.077798 -0.486890 -3.806301 0.089442 2.906232 -5.290077 0.000003 -0.000002 -0.000010 0.000000 -0.000005 0.000025 0.000000 -0.000001 -0.000000 -8.207796 -6.751703 -1.599540 -48.154476 -3.591112 -48.319695 6.871318 -10.004109 -4.964634 -7.268881 -17.939577 11.176369 3.859004 -0.000003 -0.000003 0.000001 0.000000 -0.000002 8.207800 -6.751705 -1.599550 -62.482092 3.501898 57.011859 22.281131 -3.620238 2.954213 29.401833 0.053813 -0.809343 0.145027 -0.000014 -0.000029 -0.000001 -0.000001 0.000000 
0.176823 35.262039 -3.294281 -115.206672 5.478802 3.147014 0.000000 10.181547 0.131523 53.790912 -8.033161 -1.595025 14.452294 -2.540451 2.904999 14.513778 -1.532698 3.001468 0.000000 16.740374 -2.049019 8.082123 0.157414 1.364754 0.000000 9.617843 1.684967 28.114155 3.120509 6.425601 0.000001 22.037384 7.501075 -0.000000 0.000000 0.000000 -4.570001 11.014858 -2.160839 0.566137 -0.020113 -1.614849 30.312103 -9.214755 94.146235 -0.000003 41.605933 0.000011 40.690323 -35.450512 -75.217376 -2.464808 -1.573992 2.681913 -11.630453 11.625162 -20.750857 6.358357 -14.447667 -2.112241 -5.504768 -5.510924 -14.718511 0.000002 -0.000004 0.000003 -9.108294 -0.517870 2.259800 0.083329 -2.854491 7.046420 0.000011 -0.007202 0.088408 0.000001 0.004412 -0.054199 0.000001 0.000002 0.000001 -9.532492 0.000012 -0.000001 0.082086 -2.844314 6.920395 0.000004 -0.008861 0.108735 0.000008 0.005344 -0.065526 0.000000 0.000001 0.000000 -9.103596 -0.043089 -1.865102 0.079705 -2.824400 6.674078 0.000006 -0.006796 0.083420 -0.000001 0.003655 -0.044840 -0.000000 0.000000 0.000000 -8.076706 -0.486721 -3.806301 0.060636 -2.632567 4.306780 0.000009 -0.010634 0.130552 0.000002 0.006031 -0.074011 -0.000000 0.000001 -0.000000 4.570399 11.014660 -2.160813 5.816769 -2.815286 -0.615037 36.106330 6.688025 -105.633452 -0.000005 -34.433183 0.000013 19.018418 20.661724 91.424869 2.466090 -1.576211 2.681698 -12.388627 -9.936137 20.816846 5.987296 12.645730 1.346538 -7.335785 -0.421671 13.147353 0.000003 0.000007 0.000004 9.109295 -0.518020 2.259899 0.287416 3.189500 -8.363680 -0.000004 0.001662 -0.016208 0.000005 -0.001022 0.010024 0.000000 0.000000 0.000000 9.533402 0.000010 -0.000000 0.124656 3.201690 -8.197509 0.000005 -0.000006 0.000006 0.000001 0.000005 -0.000002 0.000000 -0.000000 0.000001 9.104498 -0.043001 -1.865101 0.108202 3.079164 -6.987591 0.000005 -0.000012 0.000002 0.000002 -0.000000 0.000004 -0.000001 0.000000 0.000001 8.077798 -0.486890 -3.806301 0.089442 2.906232 -5.290077 0.000003 -0.000002 -0.000010 0.000000 -0.000005 0.000025 0.000000 -0.000001 -0.000000 -8.207796 -6.751703 -1.599540 -48.154476 -3.591112 -48.319695 6.871318 -10.004109 -4.964634 -7.268881 -17.939577 11.176369 3.859004 -0.000003 -0.000003 0.000001 0.000000 -0.000002 8.207800 -6.751705 -1.599550 -62.482092 3.501898 57.011859 22.281131 -3.620238 2.954213 29.401833 0.053813 -0.809343 0.145027 -0.000014 -0.000029 -0.000001 -0.000001 0.000000 
0.176823 35.262039 -3.294281 -115.206672 5.478802 3.147014 0.000000 10.181547 0.131523 53.790912 -8.033161 -1.595025 14.452294 -2.540451 2.904999 14.513778 -1.532698 3.001468 0.000000 16.740374 -2.049019 8.082123 0.157414 1.364754 0.000000 9.617843 1.684967 28.114155 3.120509 6.425601 0.000001 22.037384 7.501075 -0.000000 0.000000 0.000000 -4.570001 11.014858 -2.160839 0.566137 -0.020113 -1.614849 30.312103 -9.214755 94.146235 -0.000003 41.605933 0.000011 40.690323 -35.450512 -75.217376 -2.464808 -1.573992 2.681913 -11.630453 11.625162 -20.750857 6.358357 -14.447667 -2.112241 -5.504768 -5.510924 -14.718511 0.000002 -0.000004 0.000003 -9.108294 -0.517870 2.259800 0.083329 -2.854491 7.046420 0.000011 -0.007202 0.088408 0.000001 0.004412 -0.054199 0.000001 0.000002 0.000001 -9.532492 0.000012 -0.000001 0.082086 -2.844314 6.920395 0.000004 -0.008861 0.108735 0.000008 0.005344 -0.065526 0.000000 0.000001 0.000000 -9.103596 -0.043089 -1.865102 0.079705 -2.824400 6.674078 0.000006 -0.006796 0.083420 -0.000001 0.003655 -0.044840 -0.000000 0.000000 0.000000 -8.076706 -0.486721 -3.806301 0.060636 -2.632567 4.306780 0.000009 -0.010634 0.130552 0.000002 0.006031 -0.074011 -0.000000 0.000001 -0.000000 4.570399 11.014660 -2.160813 5.816769 -2.815286 -0.615037 36.106330 6.688025 -105.633452 -0.000005 -34.433183 0.000013 19.018418 20.661724 91.424869 2.466090 -1.576211 2.681698 -12.388627 -9.936137 20.816846 5.987296 12.645730 1.346538 -7.335785 -0.421671 13.147353 0.000003 0.000007 0.000004 9.109295 -0.518020 2.259899 0.287416 3.189500 -8.363680 -0.000004 0.001662 -0.016208 0.000005 -0.001022 0.010024 0.000000 0.000000 0.000000 9.533402 0.000010 -0.000000 0.124656 3.201690 -8.197509 0.000005 -0.000006 0.000006 0.000001 0.000005 -0.000002 0.000000 -0.000000 0.000001 9.104498 -0.043001 -1.865101 0.108202 3.079164 -6.987591 0.000005 -0.000012 0.000002 0.000002 -0.000000 0.000004 -0.000001 0.000000 0.000001 8.077798 -0.486890 -3.806301 0.089442 2.906232 -5.290077 0.000003 -0.000002 -0.000010 0.000000 -0.000005 0.000025 0.000000 -0.000001 -0.000000 -8.207796 -6.751703 -1.599540 -48.154476 -3.591112 -48.319695 6.871318 -10.004109 -4.964634 -7.268881 -17.939577 11.176369 3.859004 -0.000003 -0.000003 0.000001 0.000000 -0.000002 8.207800 -6.751705 -1.599550 -62.482092 3.501898 57.011859 22.281131 -3.620238 2.954213 29.401833 0.053813 -0.809343 0.145027 -0.000014 -0.000029 -0.000001 -0.000001 0.000000 
0.176823 35.262039 -3.294281 -115.206672 5.478802 3.147014 0.000000 10.181547 0.131523 53.790912 -8.033161 -1.595025 14.452294 -2.540451 2.904999 14.513778 -1.532698 3.001468 0.000000 16.740374 -2.049019 8.082123 0.157414 1.364754 0.000000 9.617843 1.684967 28.114155 3.120509 6.425601 0.000001 22.037384 7.501075 -0.000000 0.000000 0.000000 -4.570001 11.014858 -2.160839 0.566137 -0.020113 -1.614849 30.312103 -9.214755 94.146235 -0.000003 41.605933 0.000011 40.690323 -35.450512 -75.217376 -2.464808 -1.573992 2.681913 -11.630453 11.625162 -20.750857 6.358357 -14.447667 -2.112241 -5.504768 -5.510924 -14.718511 0.000002 -0.000004 0.000003 -9.108294 -0.517870 2.259800 0.083329 -2.854491 7.046420 0.000011 -0.007202 0.088408 0.000001 0.004412 -0.054199 0.000001 0.000002 0.000001 -9.532492 0.000012 -0.000001 0.082086 -2.844314 6.920395 0.000004 -0.008861 0.108735 0.000008 0.005344 -0.065526 0.000000 0.000001 0.000000 -9.103596 -0.043089 -1.865102 0.079705 -2.824400 6.674078 0.000006 -0.006796 0.083420 -0.000001 0.003655 -0.044840 -0.000000 0.000000 0.000000 -8.076706 -0.486721 -3.806301 0.060636 -2.632567 4.306780 0.000009 -0.010634 0.130552 0.000002 0.006031 -0.074011 -0.000000 0.000001 -0.000000 4.570399 11.014660 -2.160813 5.816769 -2.815286 -0.615037 36.106330 6.688025 -105.633452 -0.000005 -34.433183 0.000013 19.018418 20.661724 91.424869 2.466090 -1.576211 2.681698 -12.388627 -9.936137 20.816846 5.987296 12.645730 1.346538 -7.335785 -0.421671 13.147353 0.000003 0.000007 0.000004 9.109295 -0.518020 2.259899 0.287416 3.189500 -8.363680 -0.000004 0.001662 -0.016208 0.000005 -0.001022 0.010024 0.000000 0.000000 0.000000 9.533402 0.000010 -0.000000 0.124656 3.201690 -8.197509 0.000005 -0.000006 0.000006 0.000001 0.000005 -0.000002 0.000000 -0.000000 0.000001 9.104498 -0.043001 -1.865101 0.108202 3.079164 -6.987591 0.000005 -0.000012 0.000002 0.000002 -0.000000 0.000004 -0.000001 0.000000 0.000001 8.077798 -0.486890 -3.806301 0.089442 2.906232 -5.290077 0.000003 -0.000002 -0.000010 0.000000 -0.000005 0.000025 0.000000 -0.000001 -0.000000 -8.207796 -6.751703 -1.599540 -48.154476 -3.591112 -48.319695 6.871318 -10.004109 -4.964634 -7.268881 -17.939577 11.176369 3.859004 -0.000003 -0.000003 0.000001 0.000000 -0.000002 8.207800 -6.751705 -1.599550 -62.482092 3.501898 57.011859 22.281131 -3.620238 2.954213 29.401833 0.053813 -0.809343 0.145027 -0.000014 -0.000029 -0.000001 -0.000001 0.000000 
0.176823 35.262039 -3.294281 -115.206672 5.478802 3.147014 0.000000 10.181547 0.131523 53.790912 -8.033161 -1.595025 14.452294 -2.540451 2.904999 14.513778 -1.532698 3.001468 0.000000 16.740374 -2.049019 8.082123 0.157414 1.364754 0.000000 9.617843 1.684967 28.114155 3.120509 6.425601 0.000001 22.037384 7.501075 -0.000000 0.000000 0.000000 -4.570001 11.014858 -2.160839 0.566137 -0.020113 -1.614849 30.312103 -9.214755 94.146235 -0.000003 41.605933 0.000011 40.690323 -35.450512 -75.217376 -2.464808 -1.573992 2.681913 -11.630453 11.625162 -20.750857 6.358357 -14.447667 -2.112241 -5.504768 -5.510924 -14.718511 0.000002 -0.000004 0.000003 -9.108294 -0.517870 2.259800 0.083329 -2.854491 7.046420 0.000011 -0.007202 0.088408 0.000001 0.004412 -0.054199 0.000001 0.000002 0.000001 -9.532492 0.000012 -0.000001 0.082086 -2.844314 6.920395 0.000004 -0.008861 0.108735 0.000008 0.005344 -0.065526 0.000000 0.000001 0.000000 -9.103596 -0.043089 -1.865102 0.079705 -2.824400 6.674078 0.000006 -0.006796 0.083420 -0.000001 0.003655 -0.044840 -0.000000 0.000000 0.000000 -8.076706 -0.486721 -3.806301 0.060636 -2.632567 4.306780 0.000009 -0.010634 0.130552 0.000002 0.006031 -0.074011 -0.000000 0.000001 -0.000000 4.570399 11.014660 -2.160813 5.816769 -2.815286 -0.615037 36.106330 6.688025 -105.633452 -0.000005 -34.433183 0.000013 19.018418 20.661724 91.424869 2.466090 -1.576211 2.681698 -12.388627 -9.936137 20.816846 5.987296 12.645730 1.346538 -7.335785 -0.421671 13.147353 0.000003 0.000007 0.000004 9.109295 -0.518020 2.259899 0.287416 3.189500 -8.363680 -0.000004 0.001662 -0.016208 0.000005 -0.001022 0.010024 0.000000 0.000000 0.000000 9.533402 0.000010 -0.000000 0.124656 3.201690 -8.197509 0.000005 -0.000006 0.000006 0.000001 0.000005 -0.000002 0.000000 -0.000000 0.000001 9.104498 -0.043001 -1.865101 0.108202 3.079164 -6.987591 0.000005 -0.000012 0.000002 0.000002 -0.000000 0.000004 -0.000001 0.000000 0.000001 8.077798 -0.486890 -3.806301 0.089442 2.906232 -5.290077 0.000003 -0.000002 -0.000010 0.000000 -0.000005 0.000025 0.000000 -0.000001 -0.000000 -8.207796 -6.751703 -1.599540 -48.154476 -3.591112 -48.319695 6.871318 -10.004109 -4.964634 -7.268881 -17.939577 11.176369 3.859004 -0.000003 -0.000003 0.000001 0.000000 -0.000002 8.207800 -6.751705 -1.599550 -62.482092 3.501898 57.011859 22.281131 -3.620238 2.954213 29.401833 0.053813 -0.809343 0.145027 -0.000014 -0.000029 -0.000001 -0.000001 0.000000 
0.176823 35.262039 -3.294281 -115.206672 5.478802 3.147014 0.000000 10.181547 0.131523 53.790912 -8.033161 -1.595025 14.452294 -2.540451 2.904999 14.513778 -1.532698 3.001468 0.000000 16.740374 -2.049019 8.082123 0.157414 1.364754 0.000000 9.617843 1.684967 28.114155 3.120509 6.425601 0.000001 22.037384 7.501075 -0.000000 0.000000 0.000000 -4.570001 11.014858 -2.160839 0.566137 -0.020113 -1.614849 30.312103 -9.214755 94.146235 -0.000003 41.605933 0.000011 40.690323 -35.450512 -75.217376 -2.464808 -1.573992 2.681913 -11.630453 11.625162 -20.750857 6.358357 -14.447667 -2.112241 -5.504768 -5.510924 -14.718511 0.000002 -0.000004 0.000003 -9.108294 -0.517870 2.259800 0.083329 -2.854491 7.046420 0.000011 -0.007202 0.088408 0.000001 0.004412 -0.054199 0.000001 0.000002 0.000001 -9.532492 0.000012 -0.000001 0.082086 -2.844314 6.920395 0.000004 -0.008861 0.108735 0.000008 0.005344 -0.065526 0.000000 0.000001 0.000000 -9.103596 -0.043089 -1.865102 0.079705 -2.824400 6.674078 0.000006 -0.006796 0.083420 -0.000001 0.003655 -0.044840 -0.000000 0.000000 0.000000 -8.076706 -0.486721 -3.806301 0.060636 -2.632567 4.306780 0.000009 -0.010634 0.130552 0.000002 0.006031 -0.074011 -0.000000 0.000001 -0.000000 4.570399 11.014660 -2.160813 5.816769 -2.815286 -0.615037 36.106330 6.688025 -105.633452 -0.000005 -34.433183 0.000013 19.018418 20.661724 91.424869 2.466090 -1.576211 2.681698 -12.388627 -9.936137 20.816846 5.987296 12.645730 1.346538 -7.335785 -0.421671 13.147353 0.000003 0.000007 0.000004 9.109295 -0.518020 2.259899 0.287416 3.189500 -8.363680 -0.000004 0.001662 -0.016208 0.000005 -0.001022 0.010024 0.000000 0.000000 0.000000 9.533402 0.000010 -0.000000 0.124656 3.201690 -8.197509 0.000005 -0.000006 0.000006 0.000001 0.000005 -0.000002 0.000000 -0.000000 0.000001 9.104498 -0.043001 -1.865101 0.108202 3.079164 -6.987591 0.000005 -0.000012 0.000002 0.000002 -0.000000 0.000004 -0.000001 0.000000 0.000001 8.077798 -0.486890 -3.806301 0.089442 2.906232 -5.290077 0.000003 -0.000002 -0.000010 0.000000 -0.000005 0.000025 0.000000 -0.000001 -0.000000 -8.207796 -6.751703 -1.599540 -48.154476 -3.591112 -48.319695 6.871318 -10.004109 -4.964634 -7.268881 -17.939577 11.176369 3.859004 -0.000003 -0.000003 0.000001 0.000000 -0.000002 8.207800 -6.751705 -1.599550 -62.482092 3.501898 57.011859 22.281131 -3.620238 2.954213 29.401833 0.053813 -0.809343 0.145027 -0.000014 -0.000029 -0.000001 -0.000001 0.000000 
0.176823 35.262039 -3.294281 -115.206672 5.478802 3.147014 0.000000 10.181547 0.131523 53.790912 -8.033161 -1.595025 14.452294 -2.540451 2.904999 14.513778 -1.532698 3.001468 0.000000 16.740374 -2.049019 8.082123 0.157414 1.364754 0.000000 9.617843 1.684967 28.114155 3.120509 6.425601 0.000001 22.037384 7.501075 -0.000000 0.000000 0.000000 -4.570001 11.014858 -2.160839 0.566137 -0.020113 -1.614849 30.312103 -9.214755 94.146235 -0.000003 41.605933 0.000011 40.690323 -35.450512 -75.217376 -2.464808 -1.573992 2.681913 -11.630453 11.625162 -20.750857 6.358357 -14.447667 -2.112241 -5.504768 -5.510924 -14.718511 0.000002 -0.000004 0.000003 -9.108294 -0.517870 2.259800 0.083329 -2.854491 7.046420 0.000011 -0.007202 0.088408 0.000001 0.004412 -0.054199 0.000001 0.000002 0.000001 -9.532492 0.000012 -0.000001 0.082086 -2.844314 6.920395 0.000004 -0.008861 0.108735 0.000008 0.005344 -0.065526 0.000000 0.000001 0.000000 -9.103596 -0.043089 -1.865102 0.079705 -2.824400 6.674078 0.000006 -0.006796 0.083420 -0.000001 0.003655 -0.044840 -0.000000 0.000000 0.000000 -8.076706 -0.486721 -3.806301 0.060636 -2.632567 4.306780 0.000009 -0.010634 0.130552 0.000002 0.006031 -0.074011 -0.000000 0.000001 -0.000000 4.570399 11.014660 -2.160813 5.816769 -2.815286 -0.615037 36.106330 6.688025 -105.633452 -0.000005 -34.433183 0.000013 19.018418 20.661724 91.424869 2.466090 -1.576211 2.681698 -12.388627 -9.936137 20.816846 5.987296 12.645730 1.346538 -7.335785 -0.421671 13.147353 0.000003 0.000007 0.000004 9.109295 -0.518020 2.259899 0.287416 3.189500 -8.363680 -0.000004 0.001662 -0.016208 0.000005 -0.001022 0.010024 0.000000 0.000000 0.000000 9.533402 0.000010 -0.000000 0.124656 3.201690 -8.197509 0.000005 -0.000006 0.000006 0.000001 0.000005 -0.000002 0.000000 -0.000000 0.000001 9.104498 -0.043001 -1.865101 0.108202 3.079164 -6.987591 0.000005 -0.000012 0.000002 0.000002 -0.000000 0.000004 -0.000001 0.000000 0.000001 8.077798 -0.486890 -3.806301 0.089442 2.906232 -5.290077 0.000003 -0.000002 -0.000010 0.000000 -0.000005 0.000025 0.000000 -0.000001 -0.000000 -8.207796 -6.751703 -1.599540 -48.154476 -3.591112 -48.319695 6.871318 -10.004109 -4.964634 -7.268881 -17.939577 11.176369 3.859004 -0.000003 -0.000003 0.000001 0.000000 -0.000002 8.207800 -6.751705 -1.599550 -62.482092 3.501898 57.011859 22.281131 -3.620238 2.954213 29.401833 0.053813 -0.809343 0.145027 -0.000014 -0.000029 -0.000001 -0.000001 0.000000 
0.176823 35.262039 -3.294281 -115.206672 5.478802 3.147014 0.000000 10.181547 0.131523 53.790912 -8.033161 -1.595025 14.452294 -2.540451 2.904999 14.513778 -1.532698 3.001468 0.000000 16.740374 -2.049019 8.082123 0.157414 1.364754 0.000000 9.617843 1.684967 28.114155 3.120509 6.425601 0.000001 22.037384 7.501075 -0.000000 0.000000 0.000000 -4.570001 11.014858 -2.160839 0.566137 -0.020113 -1.614849 30.312103 -9.214755 94.146235 -0.000003 41.605933 0.000011 40.690323 -35.450512 -75.217376 -2.464808 -1.573992 2.681913 -11.630453 11.625162 -20.750857 6.358357 -14.447667 -2.112241 -5.504768 -5.510924 -14.718511 0.000002 -0.000004 0.000003 -9.108294 -0.517870 2.259800 0.083329 -2.854491 7.046420 0.000011 -0.007202 0.088408 0.000001 0.004412 -0.054199 0.000001 0.000002 0.000001 -9.532492 0.000012 -0.000001 0.082086 -2.844314 6.920395 0.000004 -0.008861 0.108735 0.000008 0.005344 -0.065526 0.000000 0.000001 0.000000 -9.103596 -0.043089 -1.865102 0.079705 -2.824400 6.674078 0.000006 -0.006796 0.083420 -0.000001 0.003655 -0.044840 -0.000000 0.000000 0.000000 -8.076706 -0.486721 -3.806301 0.060636 -2.632567 4.306780 0.000009 -0.010634 0.130552 0.000002 0.006031 -0.074011 -0.000000 0.000001 -0.000000 4.570399 11.014660 -2.160813 5.816769 -2.815286 -0.615037 36.106330 6.688025 -105.633452 -0.000005 -34.433183 0.000013 19.018418 20.661724 91.424869 2.466090 -1.576211 2.681698 -12.388627 -9.936137 20.816846 5.987296 12.645730 1.346538 -7.335785 -0.421671 13.147353 0.000003 0.000007 0.000004 9.109295 -0.518020 2.259899 0.287416 3.189500 -8.363680 -0.000004 0.001662 -0.016208 0.000005 -0.001022 0.010024 0.000000 0.000000 0.000000 9.533402 0.000010 -0.000000 0.124656 3.201690 -8.197509 0.000005 -0.000006 0.000006 0.000001 0.000005 -0.000002 0.000000 -0.000000 0.000001 9.104498 -0.043001 -1.865101 0.108202 3.079164 -6.987591 0.000005 -0.000012 0.000002 0.000002 -0.000000 0.000004 -0.000001 0.000000 0.000001 8.077798 -0.486890 -3.806301 0.089442 2.906232 -5.290077 0.000003 -0.000002 -0.000010 0.000000 -0.000005 0.000025 0.000000 -0.000001 -0.000000 -8.207796 -6.751703 -1.599540 -48.154476 -3.591112 -48.319695 6.871318 -10.004109 -4.964634 -7.268881 -17.939577 11.176369 3.859004 -0.000003 -0.000003 0.000001 0.000000 -0.000002 8.207800 -6.751705 -1.599550 -62.482092 3.501898 57.011859 22.281131 -3.620238 2.954213 29.401833 0.053813 -0.809343 0.145027 -0.000014 -0.000029 -0.000001 -0.000001 0.000000 
0.176823 35.262039 -3.294281 -115.206672 5.478802 3.147014 0.000000 10.181547 0.131523 53.790912 -8.033161 -1.595025 14.452294 -2.540451 2.904999 14.513778 -1.532698 3.001468 0.000000 16.740374 -2.049019 8.082123 0.157414 1.364754 0.000000 9.617843 1.684967 28.114155 3.120509 6.425601 0.000001 22.037384 7.501075 -0.000000 0.000000 0.000000 -4.570001 11.014858 -2.160839 0.566137 -0.020113 -1.614849 30.312103 -9.214755 94.146235 -0.000003 41.605933 0.000011 40.690323 -35.450512 -75.217376 -2.464808 -1.573992 2.681913 -11.630453 11.625162 -20.750857 6.358357 -14.447667 -2.112241 -5.504768 -5.510924 -14.718511 0.000002 -0.000004 0.000003 -9.108294 -0.517870 2.259800 0.083329 -2.854491 7.046420 0.000011 -0.007202 0.088408 0.000001 0.004412 -0.054199 0.000001 0.000002 0.000001 -9.532492 0.000012 -0.000001 0.082086 -2.844314 6.920395 0.000004 -0.008861 0.108735 0.000008 0.005344 -0.065526 0.000000 0.000001 0.000000 -9.103596 -0.043089 -1.865102 0.079705 -2.824400 6.674078 0.000006 -0.006796 0.083420 -0.000001 0.003655 -0.044840 -0.000000 0.000000 0.000000 -8.076706 -0.486721 -3.806301 0.060636 -2.632567 4.306780 0.000009 -0.010634 0.130552 0.000002 0.006031 -0.074011 -0.000000 0.000001 -0.000000 4.570399 11.014660 -2.160813 5.816769 -2.815286 -0.615037 36.106330 6.688025 -105.633452 -0.000005 -34.433183 0.000013 19.018418 20.661724 91.424869 2.466090 -1.576211 2.681698 -12.388627 -9.936137 20.816846 5.987296 12.645730 1.346538 -7.335785 -0.421671 13.147353 0.000003 0.000007 0.000004 9.109295 -0.518020 2.259899 0.287416 3.189500 -8.363680 -0.000004 0.001662 -0.016208 0.000005 -0.001022 0.010024 0.000000 0.000000 0.000000 9.533402 0.000010 -0.000000 0.124656 3.201690 -8.197509 0.000005 -0.000006 0.000006 0.000001 0.000005 -0.000002 0.000000 -0.000000 0.000001 9.104498 -0.043001 -1.865101 0.108202 3.079164 -6.987591 0.000005 -0.000012 0.000002 0.000002 -0.000000 0.000004 -0.000001 0.000000 0.000001 8.077798 -0.486890 -3.806301 0.089442 2.906232 -5.290077 0.000003 -0.000002 -0.000010 0.000000 -0.000005 0.000025 0.000000 -0.000001 -0.000000 -8.207796 -6.751703 -1.599540 -48.154476 -3.591112 -48.319695 6.871318 -10.004109 -4.964634 -7.268881 -17.939577 11.176369 3.859004 -0.000003 -0.000003 0.000001 0.000000 -0.000002 8.207800 -6.751705 -1.599550 -62.482092 3.501898 57.011859 22.281131 -3.620238 2.954213 29.401833 0.053813 -0.809343 0.145027 -0.000014 -0.000029 -0.000001 -0.000001 0.000000 
0.176823 35.262039 -3.294281 -115.206672 5.478802 3.147014 0.000000 10.181547 0.131523 53.790912 -8.033161 -1.595025 14.452294 -2.540451 2.904999 14.513778 -1.532698 3.001468 0.000000 16.740374 -2.049019 8.082123 0.157414 1.364754 0.000000 9.617843 1.684967 28.114155 3.120509 6.425601 0.000001 22.037384 7.501075 -0.000000 0.000000 0.000000 -4.570001 11.014858 -2.160839 0.566137 -0.020113 -1.614849 30.312103 -9.214755 94.146235 -0.000003 41.605933 0.000011 40.690323 -35.450512 -75.217376 -2.464808 -1.573992 2.681913 -11.630453 11.625162 -20.750857 6.358357 -14.447667 -2.112241 -5.504768 -5.510924 -14.718511 0.000002 -0.000004 0.000003 -9.108294 -0.517870 2.259800 0.083329 -2.854491 7.046420 0.000011 -0.007202 0.088408 0.000001 0.004412 -0.054199 0.000001 0.000002 0.000001 -9.532492 0.000012 -0.000001 0.082086 -2.844314 6.920395 0.000004 -0.008861 0.108735 0.000008 0.005344 -0.065526 0.000000 0.000001 0.000000 -9.103596 -0.043089 -1.865102 0.079705 -2.824400 6.674078 0.000006 -0.006796 0.083420 -0.000001 0.003655 -0.044840 -0.000000 0.000000 0.000000 -8.076706 -0.486721 -3.806301 0.060636 -2.632567 4.306780 0.000009 -0.010634 0.130552 0.000002 0.006031 -0.074011 -0.000000 0.000001 -0.000000 4.570399 11.014660 -2.160813 5.816769 -2.815286 -0.615037 36.106330 6.688025 -105.633452 -0.000005 -34.433183 0.000013 19.018418 20.661724 91.424869 2.466090 -1.576211 2.681698 -12.388627 -9.936137 20.816846 5.987296 12.645730 1.346538 -7.335785 -0.421671 13.147353 0.000003 0.000007 0.000004 9.109295 -0.518020 2.259899 0.287416 3.189500 -8.363680 -0.000004 0.001662 -0.016208 0.000005 -0.001022 0.010024 0.000000 0.000000 0.000000 9.533402 0.000010 -0.000000 0.124656 3.201690 -8.197509 0.000005 -0.000006 0.000006 0.000001 0.000005 -0.000002 0.000000 -0.000000 0.000001 9.104498 -0.043001 -1.865101 0.108202 3.079164 -6.987591 0.000005 -0.000012 0.000002 0.000002 -0.000000 0.000004 -0.000001 0.000000 0.000001 8.077798 -0.486890 -3.806301 0.089442 2.906232 -5.290077 0.000003 -0.000002 -0.000010 0.000000 -0.000005 0.000025 0.000000 -0.000001 -0.000000 -8.207796 -6.751703 -1.599540 -48.154476 -3.591112 -48.319695 6.871318 -10.004109 -4.964634 -7.268881 -17.939577 11.176369 3.859004 -0.000003 -0.000003 0.000001 0.000000 -0.000002 8.207800 -6.751705 -1.599550 -62.482092 3.501898 57.011859 22.281131 -3.620238 2.954213 29.401833 0.053813 -0.809343 0.145027 -0.000014 -0.000029 -0.000001 -0.000001 0.000000 
0.176823 35.262039 -3.294281 -115.206672 5.478802 3.147014 0.000000 10.181547 0.131523 53.790912 -8.033161 -1.595025 14.452294 -2.540451 2.904999 14.513778 -1.532698 3.001468 0.000000 16.740374 -2.049019 8.082123 0.157414 1.364754 0.000000 9.617843 1.684967 28.114155 3.120509 6.425601 0.000001 22.037384 7.501075 -0.000000 0.000000 0.000000 -4.570001 11.014858 -2.160839 0.566137 -0.020113 -1.614849 30.312103 -9.214755 94.146235 -0.000003 41.605933 0.000011 40.690323 -35.450512 -75.217376 -2.464808 -1.573992 2.681913 -11.630453 11.625162 -20.750857 6.358357 -14.447667 -2.112241 -5.504768 -5.510924 -14.718511 0.000002 -0.000004 0.000003 -9.108294 -0.517870 2.259800 0.083329 -2.854491 7.046420 0.000011 -0.007202 0.088408 0.000001 0.004412 -0.054199 0.000001 0.000002 0.000001 -9.532492 0.000012 -0.000001 0.082086 -2.844314 6.920395 0.000004 -0.008861 0.108735 0.000008 0.005344 -0.065526 0.000000 0.000001 0.000000 -9.103596 -0.043089 -1.865102 0.079705 -2.824400 6.674078 0.000006 -0.006796 0.083420 -0.000001 0.003655 -0.044840 -0.000000 0.000000 0.000000 -8.076706 -0.486721 -3.806301 0.060636 -2.632567 4.306780 0.000009 -0.010634 0.130552 0.000002 0.006031 -0.074011 -0.000000 0.000001 -0.000000 4.570399 11.014660 -2.160813 5.816769 -2.815286 -0.615037 36.106330 6.688025 -105.633452 -0.000005 -34.433183 0.000013 19.018418 20.661724 91.424869 2.466090 -1.576211 2.681698 -12.388627 -9.936137 20.816846 5.987296 12.645730 1.346538 -7.335785 -0.421671 13.147353 0.000003 0.000007 0.000004 9.109295 -0.518020 2.259899 0.287416 3.189500 -8.363680 -0.000004 0.001662 -0.016208 0.000005 -0.001022 0.010024 0.000000 0.000000 0.000000 9.533402 0.000010 -0.000000 0.124656 3.201690 -8.197509 0.000005 -0.000006 0.000006 0.000001 0.000005 -0.000002 0.000000 -0.000000 0.000001 9.104498 -0.043001 -1.865101 0.108202 3.079164 -6.987591 0.000005 -0.000012 0.000002 0.000002 -0.000000 0.000004 -0.000001 0.000000 0.000001 8.077798 -0.486890 -3.806301 0.089442 2.906232 -5.290077 0.000003 -0.000002 -0.000010 0.000000 -0.000005 0.000025 0.000000 -0.000001 -0.000000 -8.207796 -6.751703 -1.599540 -48.154476 -3.591112 -48.319695 6.871318 -10.004109 -4.964634 -7.268881 -17.939577 11.176369 3.859004 -0.000003 -0.000003 0.000001 0.000000 -0.000002 8.207800 -6.751705 -1.599550 -62.482092 3.501898 57.011859 22.281131 -3.620238 2.954213 29.401833 0.053813 -0.809343 0.145027 -0.000014 -0.000029 -0.000001 -0.000001 0.000000 
0.176823 35.262039 -3.294281 -115.206672 5.478802 3.147014 0.000000 10.181547 0.131523 53.790912 -8.033161 -1.595025 14.452294 -2.540451 2.904999 14.513778 -1.532698 3.001468 0.000000 16.740374 -2.049019 8.082123 0.157414 1.364754 0.000000 9.617843 1.684967 28.114155 3.120509 6.425601 0.000001 22.037384 7.501075 -0.000000 0.000000 0.000000 -4.570001 11.014858 -2.160839 0.566137 -0.020113 -1.614849 30.312103 -9.214755 94.146235 -0.000003 41.605933 0.000011 40.690323 -35.450512 -75.217376 -2.464808 -1.573992 2.681913 -11.630453 11.625162 -20.750857 6.358357 -14.447667 -2.112241 -5.504768 -5.510924 -14.718511 0.000002 -0.000004 0.000003 -9.108294 -0.517870 2.259800 0.083329 -2.854491 7.046420 0.000011 -0.007202 0.088408 0.000001 0.004412 -0.054199 0.000001 0.000002 0.000001 -9.532492 0.000012 -0.000001 0.082086 -2.844314 6.920395 0.000004 -0.008861 0.108735 0.000008 0.005344 -0.065526 0.000000 0.000001 0.000000 -9.103596 -0.043089 -1.865102 0.079705 -2.824400 6.674078 0.000006 -0.006796 0.083420 -0.000001 0.003655 -0.044840 -0.000000 0.000000 0.000000 -8.076706 -0.486721 -3.806301 0.060636 -2.632567 4.306780 0.000009 -0.010634 0.130552 0.000002 0.006031 -0.074011 -0.000000 0.000001 -0.000000 4.570399 11.014660 -2.160813 5.816769 -2.815286 -0.615037 36.106330 6.688025 -105.633452 -0.000005 -34.433183 0.000013 19.018418 20.661724 91.424869 2.466090 -1.576211 2.681698 -12.388627 -9.936137 20.816846 5.987296 12.645730 1.346538 -7.335785 -0.421671 13.147353 0.000003 0.000007 0.000004 9.109295 -0.518020 2.259899 0.287416 3.189500 -8.363680 -0.000004 0.001662 -0.016208 0.000005 -0.001022 0.010024 0.000000 0.000000 0.000000 9.533402 0.000010 -0.000000 0.124656 3.201690 -8.197509 0.000005 -0.000006 0.000006 0.000001 0.000005 -0.000002 0.000000 -0.000000 0.000001 9.104498 -0.043001 -1.865101 0.108202 3.079164 -6.987591 0.000005 -0.000012 0.000002 0.000002 -0.000000 0.000004 -0.000001 0.000000 0.000001 8.077798 -0.486890 -3.806301 0.089442 2.906232 -5.290077 0.000003 -0.000002 -0.000010 0.000000 -0.000005 0.000025 0.000000 -0.000001 -0.000000 -8.207796 -6.751703 -1.599540 -48.154476 -3.591112 -48.319695 6.871318 -10.004109 -4.964634 -7.268881 -17.939577 11.176369 3.859004 -0.000003 -0.000003 0.000001 0.000000 -0.000002 8.207800 -6.751705 -1.599550 -62.482092 3.501898 57.011859 22.281131 -3.620238 2.954213 29.401833 0.053813 -0.809343 0.145027 -0.000014 -0.000029 -0.000001 -0.000001 0.000000 
0.176823 35.262039 -3.294281 -115.206672 5.478802 3.147014 0.000000 10.181547 0.131523 53.790912 -8.033161 -1.595025 14.452294 -2.540451 2.904999 14.513778 -1.532698 3.001468 0.000000 16.740374 -2.049019 8.082123 0.157414 1.364754 0.000000 9.617843 1.684967 28.114155 3.120509 6.425601 0.000001 22.037384 7.501075 -0.000000 0.000000 0.000000 -4.570001 11.014858 -2.160839 0.566137 -0.020113 -1.614849 30.312103 -9.214755 94.146235 -0.000003 41.605933 0.000011 40.690323 -35.450512 -75.217376 -2.464808 -1.573992 2.681913 -11.630453 11.625162 -20.750857 6.358357 -14.447667 -2.112241 -5.504768 -5.510924 -14.718511 0.000002 -0.000004 0.000003 -9.108294 -0.517870 2.259800 0.083329 -2.854491 7.046420 0.000011 -0.007202 0.088408 0.000001 0.004412 -0.054199 0.000001 0.000002 0.000001 -9.532492 0.000012 -0.000001 0.082086 -2.844314 6.920395 0.000004 -0.008861 0.108735 0.000008 0.005344 -0.065526 0.000000 0.000001 0.000000 -9.103596 -0.043089 -1.865102 0.079705 -2.824400 6.674078 0.000006 -0.006796 0.083420 -0.000001 0.003655 -0.044840 -0.000000 0.000000 0.000000 -8.076706 -0.486721 -3.806301 0.060636 -2.632567 4.306780 0.000009 -0.010634 0.130552 0.000002 0.006031 -0.074011 -0.000000 0.000001 -0.000000 4.570399 11.014660 -2.160813 5.816769 -2.815286 -0.615037 36.106330 6.688025 -105.633452 -0.000005 -34.433183 0.000013 19.018418 20.661724 91.424869 2.466090 -1.576211 2.681698 -12.388627 -9.936137 20.816846 5.987296 12.645730 1.346538 -7.335785 -0.421671 13.147353 0.000003 0.000007 0.000004 9.109295 -0.518020 2.259899 0.287416 3.189500 -8.363680 -0.000004 0.001662 -0.016208 0.000005 -0.001022 0.010024 0.000000 0.000000 0.000000 9.533402 0.000010 -0.000000 0.124656 3.201690 -8.197509 0.000005 -0.000006 0.000006 0.000001 0.000005 -0.000002 0.000000 -0.000000 0.000001 9.104498 -0.043001 -1.865101 0.108202 3.079164 -6.987591 0.000005 -0.000012 0.000002 0.000002 -0.000000 0.000004 -0.000001 0.000000 0.000001 8.077798 -0.486890 -3.806301 0.089442 2.906232 -5.290077 0.000003 -0.000002 -0.000010 0.000000 -0.000005 0.000025 0.000000 -0.000001 -0.000000 -8.207796 -6.751703 -1.599540 -48.154476 -3.591112 -48.319695 6.871318 -10.004109 -4.964634 -7.268881 -17.939577 11.176369 3.859004 -0.000003 -0.000003 0.000001 0.000000 -0.000002 8.207800 -6.751705 -1.599550 -62.482092 3.501898 57.011859 22.281131 -3.620238 2.954213 29.401833 0.053813 -0.809343 0.145027 -0.000014 -0.000029 -0.000001 -0.000001 0.000000 
0.176823 35.262039 -3.294281 -115.206672 5.478802 3.147014 0.000000 10.181547 0.131523 53.790912 -8.033161 -1.595025 14.452294 -2.540451 2.904999 14.513778 -1.532698 3.001468 0.000000 16.740374 -2.049019 8.082123 0.157414 1.364754 0.000000 9.617843 1.684967 28.114155 3.120509 6.425601 0.000001 22.037384 7.501075 -0.000000 0.000000 0.000000 -4.570001 11.014858 -2.160839 0.566137 -0.020113 -1.614849 30.312103 -9.214755 94.146235 -0.000003 41.605933 0.000011 40.690323 -35.450512 -75.217376 -2.464808 -1.573992 2.681913 -11.630453 11.625162 -20.750857 6.358357 -14.447667 -2.112241 -5.504768 -5.510924 -14.718511 0.000002 -0.000004 0.000003 -9.108294 -0.517870 2.259800 0.083329 -2.854491 7.046420 0.000011 -0.007202 0.088408 0.000001 0.004412 -0.054199 0.000001 0.000002 0.000001 -9.532492 0.000012 -0.000001 0.082086 -2.844314 6.920395 0.000004 -0.008861 0.108735 0.000008 0.005344 -0.065526 0.000000 0.000001 0.000000 -9.103596 -0.043089 -1.865102 0.079705 -2.824400 6.674078 0.000006 -0.006796 0.083420 -0.000001 0.003655 -0.044840 -0.000000 0.000000 0.000000 -8.076706 -0.486721 -3.806301 0.060636 -2.632567 4.306780 0.000009 -0.010634 0.130552 0.000002 0.006031 -0.074011 -0.000000 0.000001 -0.000000 4.570399 11.014660 -2.160813 5.816769 -2.815286 -0.615037 36.106330 6.688025 -105.633452 -0.000005 -34.433183 0.000013 19.018418 20.661724 91.424869 2.466090 -1.576211 2.681698 -12.388627 -9.936137 20.816846 5.987296 12.645730 1.346538 -7.335785 -0.421671 13.147353 0.000003 0.000007 0.000004 9.109295 -0.518020 2.259899 0.287416 3.189500 -8.363680 -0.000004 0.001662 -0.016208 0.000005 -0.001022 0.010024 0.000000 0.000000 0.000000 9.533402 0.000010 -0.000000 0.124656 3.201690 -8.197509 0.000005 -0.000006 0.000006 0.000001 0.000005 -0.000002 0.000000 -0.000000 0.000001 9.104498 -0.043001 -1.865101 0.108202 3.079164 -6.987591 0.000005 -0.000012 0.000002 0.000002 -0.000000 0.000004 -0.000001 0.000000 0.000001 8.077798 -0.486890 -3.806301 0.089442 2.906232 -5.290077 0.000003 -0.000002 -0.000010 0.000000 -0.000005 0.000025 0.000000 -0.000001 -0.000000 -8.207796 -6.751703 -1.599540 -48.154476 -3.591112 -48.319695 6.871318 -10.004109 -4.964634 -7.268881 -17.939577 11.176369 3.859004 -0.000003 -0.000003 0.000001 0.000000 -0.000002 8.207800 -6.751705 -1.599550 -62.482092 3.501898 57.011859 22.281131 -3.620238 2.954213 29.401833 0.053813 -0.809343 0.145027 -0.000014 -0.000029 -0.000001 -0.000001 0.000000 
0.176823 35.262039 -3.294281 -115.206672 5.478802 3.147014 0.000000 10.181547 0.131523 53.790912 -8.033161 -1.595025 14.452294 -2.540451 2.904999 14.513778 -1.532698 3.001468 0.000000 16.740374 -2.049019 8.082123 0.157414 1.364754 0.000000 9.617843 1.684967 28.114155 3.120509 6.425601 0.000001 22.037384 7.501075 -0.000000 0.000000 0.000000 -4.570001 11.014858 -2.160839 0.566137 -0.020113 -1.614849 30.312103 -9.214755 94.146235 -0.000003 41.605933 0.000011 40.690323 -35.450512 -75.217376 -2.464808 -1.573992 2.681913 -11.630453 11.625162 -20.750857 6.358357 -14.447667 -2.112241 -5.504768 -5.510924 -14.718511 0.000002 -0.000004 0.000003 -9.108294 -0.517870 2.259800 0.083329 -2.854491 7.046420 0.000011 -0.007202 0.088408 0.000001 0.004412 -0.054199 0.000001 0.000002 0.000001 -9.532492 0.000012 -0.000001 0.082086 -2.844314 6.920395 0.000004 -0.008861 0.108735 0.000008 0.005344 -0.065526 0.000000 0.000001 0.000000 -9.103596 -0.043089 -1.865102 0.079705 -2.824400 6.674078 0.000006 -0.006796 0.083420 -0.000001 0.003655 -0.044840 -0.000000 0.000000 0.000000 -8.076706 -0.486721 -3.806301 0.060636 -2.632567 4.306780 0.000009 -0.010634 0.130552 0.000002 0.006031 -0.074011 -0.000000 0.000001 -0.000000 4.570399 11.014660 -2.160813 5.816769 -2.815286 -0.615037 36.106330 6.688025 -105.633452 -0.000005 -34.433183 0.000013 19.018418 20.661724 91.424869 2.466090 -1.576211 2.681698 -12.388627 -9.936137 20.816846 5.987296 12.645730 1.346538 -7.335785 -0.421671 13.147353 0.000003 0.000007 0.000004 9.109295 -0.518020 2.259899 0.287416 3.189500 -8.363680 -0.000004 0.001662 -0.016208 0.000005 -0.001022 0.010024 0.000000 0.000000 0.000000 9.533402 0.000010 -0.000000 0.124656 3.201690 -8.197509 0.000005 -0.000006 0.000006 0.000001 0.000005 -0.000002 0.000000 -0.000000 0.000001 9.104498 -0.043001 -1.865101 0.108202 3.079164 -6.987591 0.000005 -0.000012 0.000002 0.000002 -0.000000 0.000004 -0.000001 0.000000 0.000001 8.077798 -0.486890 -3.806301 0.089442 2.906232 -5.290077 0.000003 -0.000002 -0.000010 0.000000 -0.000005 0.000025 0.000000 -0.000001 -0.000000 -8.207796 -6.751703 -1.599540 -48.154476 -3.591112 -48.319695 6.871318 -10.004109 -4.964634 -7.268881 -17.939577 11.176369 3.859004 -0.000003 -0.000003 0.000001 0.000000 -0.000002 8.207800 -6.751705 -1.599550 -62.482092 3.501898 57.011859 22.281131 -3.620238 2.954213 29.401833 0.053813 -0.809343 0.145027 -0.000014 -0.000029 -0.000001 -0.000001 0.000000 
0.176823 35.262039 -3.294281 -115.206672 5.478802 3.147014 0.000000 10.181547 0.131523 53.790912 -8.033161 -1.595025 14.452294 -2.540451 2.904999 14.513778 -1.532698 3.001468 0.000000 16.740374 -2.049019 8.082123 0.157414 1.364754 0.000000 9.617843 1.684967 28.114155 3.120509 6.425601 0.000001 22.037384 7.501075 -0.000000 0.000000 0.000000 -4.570001 11.014858 -2.160839 0.566137 -0.020113 -1.614849 30.312103 -9.214755 94.146235 -0.000003 41.605933 0.000011 40.690323 -35.450512 -75.217376 -2.464808 -1.573992 2.681913 -11.630453 11.625162 -20.750857 6.358357 -14.447667 -2.112241 -5.504768 -5.510924 -14.718511 0.000002 -0.000004 0.000003 -9.108294 -0.517870 2.259800 0.083329 -2.854491 7.046420 0.000011 -0.007202 0.088408 0.000001 0.004412 -0.054199 0.000001 0.000002 0.000001 -9.532492 0.000012 -0.000001 0.082086 -2.844314 6.920395 0.000004 -0.008861 0.108735 0.000008 0.005344 -0.065526 0.000000 0.000001 0.000000 -9.103596 -0.043089 -1.865102 0.079705 -2.824400 6.674078 0.000006 -0.006796 0.083420 -0.000001 0.003655 -0.044840 -0.000000 0.000000 0.000000 -8.076706 -0.486721 -3.806301 0.060636 -2.632567 4.306780 0.000009 -0.010634 0.130552 0.000002 0.006031 -0.074011 -0.000000 0.000001 -0.000000 4.570399 11.014660 -2.160813 5.816769 -2.815286 -0.615037 36.106330 6.688025 -105.633452 -0.000005 -34.433183 0.000013 19.018418 20.661724 91.424869 2.466090 -1.576211 2.681698 -12.388627 -9.936137 20.816846 5.987296 12.645730 1.346538 -7.335785 -0.421671 13.147353 0.000003 0.000007 0.000004 9.109295 -0.518020 2.259899 0.287416 3.189500 -8.363680 -0.000004 0.001662 -0.016208 0.000005 -0.001022 0.010024 0.000000 0.000000 0.000000 9.533402 0.000010 -0.000000 0.124656 3.201690 -8.197509 0.000005 -0.000006 0.000006 0.000001 0.000005 -0.000002 0.000000 -0.000000 0.000001 9.104498 -0.043001 -1.865101 0.108202 3.079164 -6.987591 0.000005 -0.000012 0.000002 0.000002 -0.000000 0.000004 -0.000001 0.000000 0.000001 8.077798 -0.486890 -3.806301 0.089442 2.906232 -5.290077 0.000003 -0.000002 -0.000010 0.000000 -0.000005 0.000025 0.000000 -0.000001 -0.000000 -8.207796 -6.751703 -1.599540 -48.154476 -3.591112 -48.319695 6.871318 -10.004109 -4.964634 -7.268881 -17.939577 11.176369 3.859004 -0.000003 -0.000003 0.000001 0.000000 -0.000002 8.207800 -6.751705 -1.599550 -62.482092 3.501898 57.011859 22.281131 -3.620238 2.954213 29.401833 0.053813 -0.809343 0.145027 -0.000014 -0.000029 -0.000001 -0.000001 0.000000 
0.176823 35.262039 -3.294281 -115.206672 5.478802 3.147014 0.000000 10.181547 0.131523 53.790912 -8.033161 -1.595025 14.452294 -2.540451 2.904999 14.513778 -1.532698 3.001468 0.000000 16.740374 -2.049019 8.082123 0.157414 1.364754 0.000000 9.617843 1.684967 28.114155 3.120509 6.425601 0.000001 22.037384 7.501075 -0.000000 0.000000 0.000000 -4.570001 11.014858 -2.160839 0.566137 -0.020113 -1.614849 30.312103 -9.214755 94.146235 -0.000003 41.605933 0.000011 40.690323 -35.450512 -75.217376 -2.464808 -1.573992 2.681913 -11.630453 11.625162 -20.750857 6.358357 -14.447667 -2.112241 -5.504768 -5.510924 -14.718511 0.000002 -0.000004 0.000003 -9.108294 -0.517870 2.259800 0.083329 -2.854491 7.046420 0.000011 -0.007202 0.088408 0.000001 0.004412 -0.054199 0.000001 0.000002 0.000001 -9.532492 0.000012 -0.000001 0.082086 -2.844314 6.920395 0.000004 -0.008861 0.108735 0.000008 0.005344 -0.065526 0.000000 0.000001 0.000000 -9.103596 -0.043089 -1.865102 0.079705 -2.824400 6.674078 0.000006 -0.006796 0.083420 -0.000001 0.003655 -0.044840 -0.000000 0.000000 0.000000 -8.076706 -0.486721 -3.806301 0.060636 -2.632567 4.306780 0.000009 -0.010634 0.130552 0.000002 0.006031 -0.074011 -0.000000 0.000001 -0.000000 4.570399 11.014660 -2.160813 5.816769 -2.815286 -0.615037 36.106330 6.688025 -105.633452 -0.000005 -34.433183 0.000013 19.018418 20.661724 91.424869 2.466090 -1.576211 2.681698 -12.388627 -9.936137 20.816846 5.987296 12.645730 1.346538 -7.335785 -0.421671 13.147353 0.000003 0.000007 0.000004 9.109295 -0.518020 2.259899 0.287416 3.189500 -8.363680 -0.000004 0.001662 -0.016208 0.000005 -0.001022 0.010024 0.000000 0.000000 0.000000 9.533402 0.000010 -0.000000 0.124656 3.201690 -8.197509 0.000005 -0.000006 0.000006 0.000001 0.000005 -0.000002 0.000000 -0.000000 0.000001 9.104498 -0.043001 -1.865101 0.108202 3.079164 -6.987591 0.000005 -0.000012 0.000002 0.000002 -0.000000 0.000004 -0.000001 0.000000 0.000001 8.077798 -0.486890 -3.806301 0.089442 2.906232 -5.290077 0.000003 -0.000002 -0.000010 0.000000 -0.000005 0.000025 0.000000 -0.000001 -0.000000 -8.207796 -6.751703 -1.599540 -48.154476 -3.591112 -48.319695 6.871318 -10.004109 -4.964634 -7.268881 -17.939577 11.176369 3.859004 -0.000003 -0.000003 0.000001 0.000000 -0.000002 8.207800 -6.751705 -1.599550 -62.482092 3.501898 57.011859 22.281131 -3.620238 2.954213 29.401833 0.053813 -0.809343 0.145027 -0.000014 -0.000029 -0.000001 -0.000001 0.000000 
0.176823 35.262039 -3.294281 -115.206672 5.478802 3.147014 0.000000 10.181547 0.131523 53.790912 -8.033161 -1.595025 14.452294 -2.540451 2.904999 14.513778 -1.532698 3.001468 0.000000 16.740374 -2.049019 8.082123 0.157414 1.364754 0.000000 9.617843 1.684967 28.114155 3.120509 6.425601 0.000001 22.037384 7.501075 -0.000000 0.000000 0.000000 -4.570001 11.014858 -2.160839 0.566137 -0.020113 -1.614849 30.312103 -9.214755 94.146235 -0.000003 41.605933 0.000011 40.690323 -35.450512 -75.217376 -2.464808 -1.573992 2.681913 -11.630453 11.625162 -20.750857 6.358357 -14.447667 -2.112241 -5.504768 -5.510924 -14.718511 0.000002 -0.000004 0.000003 -9.108294 -0.517870 2.259800 0.083329 -2.854491 7.046420 0.000011 -0.007202 0.088408 0.000001 0.004412 -0.054199 0.000001 0.000002 0.000001 -9.532492 0.000012 -0.000001 0.082086 -2.844314 6.920395 0.000004 -0.008861 0.108735 0.000008 0.005344 -0.065526 0.000000 0.000001 0.000000 -9.103596 -0.043089 -1.865102 0.079705 -2.824400 6.674078 0.000006 -0.006796 0.083420 -0.000001 0.003655 -0.044840 -0.000000 0.000000 0.000000 -8.076706 -0.486721 -3.806301 0.060636 -2.632567 4.306780 0.000009 -0.010634 0.130552 0.000002 0.006031 -0.074011 -0.000000 0.000001 -0.000000 4.570399 11.014660 -2.160813 5.816769 -2.815286 -0.615037 36.106330 6.688025 -105.633452 -0.000005 -34.433183 0.000013 19.018418 20.661724 91.424869 2.466090 -1.576211 2.681698 -12.388627 -9.936137 20.816846 5.987296 12.645730 1.346538 -7.335785 -0.421671 13.147353 0.000003 0.000007 0.000004 9.109295 -0.518020 2.259899 0.287416 3.189500 -8.363680 -0.000004 0.001662 -0.016208 0.000005 -0.001022 0.010024 0.000000 0.000000 0.000000 9.533402 0.000010 -0.000000 0.124656 3.201690 -8.197509 0.000005 -0.000006 0.000006 0.000001 0.000005 -0.000002 0.000000 -0.000000 0.000001 9.104498 -0.043001 -1.865101 0.108202 3.079164 -6.987591 0.000005 -0.000012 0.000002 0.000002 -0.000000 0.000004 -0.000001 0.000000 0.000001 8.077798 -0.486890 -3.806301 0.089442 2.906232 -5.290077 0.000003 -0.000002 -0.000010 0.000000 -0.000005 0.000025 0.000000 -0.000001 -0.000000 -8.207796 -6.751703 -1.599540 -48.154476 -3.591112 -48.319695 6.871318 -10.004109 -4.964634 -7.268881 -17.939577 11.176369 3.859004 -0.000003 -0.000003 0.000001 0.000000 -0.000002 8.207800 -6.751705 -1.599550 -62.482092 3.501898 57.011859 22.281131 -3.620238 2.954213 29.401833 0.053813 -0.809343 0.145027 -0.000014 -0.000029 -0.000001 -0.000001 0.000000 
0.176823 35.262039 -3.294281 -115.206672 5.478802 3.147014 0.000000 10.181547 0.131523 53.790912 -8.033161 -1.595025 14.452294 -2.540451 2.904999 14.513778 -1.532698 3.001468 0.000000 16.740374 -2.049019 8.082123 0.157414 1.364754 0.000000 9.617843 1.684967 28.114155 3.120509 6.425601 0.000001 22.037384 7.501075 -0.000000 0.000000 0.000000 -4.570001 11.014858 -2.160839 0.566137 -0.020113 -1.614849 30.312103 -9.214755 94.146235 -0.000003 41.605933 0.000011 40.690323 -35.450512 -75.217376 -2.464808 -1.573992 2.681913 -11.630453 11.625162 -20.750857 6.358357 -14.447667 -2.112241 -5.504768 -5.510924 -14.718511 0.000002 -0.000004 0.000003 -9.108294 -0.517870 2.259800 0.083329 -2.854491 7.046420 0.000011 -0.007202 0.088408 0.000001 0.004412 -0.054199 0.000001 0.000002 0.000001 -9.532492 0.000012 -0.000001 0.082086 -2.844314 6.920395 0.000004 -0.008861 0.108735 0.000008 0.005344 -0.065526 0.000000 0.000001 0.000000 -9.103596 -0.043089 -1.865102 0.079705 -2.824400 6.674078 0.000006 -0.006796 0.083420 -0.000001 0.003655 -0.044840 -0.000000 0.000000 0.000000 -8.076706 -0.486721 -3.806301 0.060636 -2.632567 4.306780 0.000009 -0.010634 0.130552 0.000002 0.006031 -0.074011 -0.000000 0.000001 -0.000000 4.570399 11.014660 -2.160813 5.816769 -2.815286 -0.615037 36.106330 6.688025 -105.633452 -0.000005 -34.433183 0.000013 19.018418 20.661724 91.424869 2.466090 -1.576211 2.681698 -12.388627 -9.936137 20.816846 5.987296 12.645730 1.346538 -7.335785 -0.421671 13.147353 0.000003 0.000007 0.000004 9.109295 -0.518020 2.259899 0.287416 3.189500 -8.363680 -0.000004 0.001662 -0.016208 0.000005 -0.001022 0.010024 0.000000 0.000000 0.000000 9.533402 0.000010 -0.000000 0.124656 3.201690 -8.197509 0.000005 -0.000006 0.000006 0.000001 0.000005 -0.000002 0.000000 -0.000000 0.000001 9.104498 -0.043001 -1.865101 0.108202 3.079164 -6.987591 0.000005 -0.000012 0.000002 0.000002 -0.000000 0.000004 -0.000001 0.000000 0.000001 8.077798 -0.486890 -3.806301 0.089442 2.906232 -5.290077 0.000003 -0.000002 -0.000010 0.000000 -0.000005 0.000025 0.000000 -0.000001 -0.000000 -8.207796 -6.751703 -1.599540 -48.154476 -3.591112 -48.319695 6.871318 -10.004109 -4.964634 -7.268881 -17.939577 11.176369 3.859004 -0.000003 -0.000003 0.000001 0.000000 -0.000002 8.207800 -6.751705 -1.599550 -62.482092 3.501898 57.011859 22.281131 -3.620238 2.954213 29.401833 0.053813 -0.809343 0.145027 -0.000014 -0.000029 -0.000001 -0.000001 0.000000 
0.176823 35.262039 -3.294281 -115.206672 5.478802 3.147014 0.000000 10.181547 0.131523 53.790912 -8.033161 -1.595025 14.452294 -2.540451 2.904999 14.513778 -1.532698 3.001468 0.000000 16.740374 -2.049019 8.082123 0.157414 1.364754 0.000000 9.617843 1.684967 28.114155 3.120509 6.425601 0.000001 22.037384 7.501075 -0.000000 0.000000 0.000000 -4.570001 11.014858 -2.160839 0.566137 -0.020113 -1.614849 30.312103 -9.214755 94.146235 -0.000003 41.605933 0.000011 40.690323 -35.450512 -75.217376 -2.464808 -1.573992 2.681913 -11.630453 11.625162 -20.750857 6.358357 -14.447667 -2.112241 -5.504768 -5.510924 -14.718511 0.000002 -0.000004 0.000003 -9.108294 -0.517870 2.259800 0.083329 -2.854491 7.046420 0.000011 -0.007202 0.088408 0.000001 0.004412 -0.054199 0.000001 0.000002 0.000001 -9.532492 0.000012 -0.000001 0.082086 -2.844314 6.920395 0.000004 -0.008861 0.108735 0.000008 0.005344 -0.065526 0.000000 0.000001 0.000000 -9.103596 -0.043089 -1.865102 0.079705 -2.824400 6.674078 0.000006 -0.006796 0.083420 -0.000001 0.003655 -0.044840 -0.000000 0.000000 0.000000 -8.076706 -0.486721 -3.806301 0.060636 -2.632567 4.306780 0.000009 -0.010634 0.130552 0.000002 0.006031 -0.074011 -0.000000 0.000001 -0.000000 4.570399 11.014660 -2.160813 5.816769 -2.815286 -0.615037 36.106330 6.688025 -105.633452 -0.000005 -34.433183 0.000013 19.018418 20.661724 91.424869 2.466090 -1.576211 2.681698 -12.388627 -9.936137 20.816846 5.987296 12.645730 1.346538 -7.335785 -0.421671 13.147353 0.000003 0.000007 0.000004 9.109295 -0.518020 2.259899 0.287416 3.189500 -8.363680 -0.000004 0.001662 -0.016208 0.000005 -0.001022 0.010024 0.000000 0.000000 0.000000 9.533402 0.000010 -0.000000 0.124656 3.201690 -8.197509 0.000005 -0.000006 0.000006 0.000001 0.000005 -0.000002 0.000000 -0.000000 0.000001 9.104498 -0.043001 -1.865101 0.108202 3.079164 -6.987591 0.000005 -0.000012 0.000002 0.000002 -0.000000 0.000004 -0.000001 0.000000 0.000001 8.077798 -0.486890 -3.806301 0.089442 2.906232 -5.290077 0.000003 -0.000002 -0.000010 0.000000 -0.000005 0.000025 0.000000 -0.000001 -0.000000 -8.207796 -6.751703 -1.599540 -48.154476 -3.591112 -48.319695 6.871318 -10.004109 -4.964634 -7.268881 -17.939577 11.176369 3.859004 -0.000003 -0.000003 0.000001 0.000000 -0.000002 8.207800 -6.751705 -1.599550 -62.482092 3.501898 57.011859 22.281131 -3.620238 2.954213 29.401833 0.053813 -0.809343 0.145027 -0.000014 -0.000029 -0.000001 -0.000001 0.000000 
0.176823 35.262039 -3.294281 -115.206672 5.478802 3.147014 0.000000 10.181547 0.131523 53.790912 -8.033161 -1.595025 14.452294 -2.540451 2.904999 14.513778 -1.532698 3.001468 0.000000 16.740374 -2.049019 8.082123 0.157414 1.364754 0.000000 9.617843 1.684967 28.114155 3.120509 6.425601 0.000001 22.037384 7.501075 -0.000000 0.000000 0.000000 -4.570001 11.014858 -2.160839 0.566137 -0.020113 -1.614849 30.312103 -9.214755 94.146235 -0.000003 41.605933 0.000011 40.690323 -35.450512 -75.217376 -2.464808 -1.573992 2.681913 -11.630453 11.625162 -20.750857 6.358357 -14.447667 -2.112241 -5.504768 -5.510924 -14.718511 0.000002 -0.000004 0.000003 -9.108294 -0.517870 2.259800 0.083329 -2.854491 7.046420 0.000011 -0.007202 0.088408 0.000001 0.004412 -0.054199 0.000001 0.000002 0.000001 -9.532492 0.000012 -0.000001 0.082086 -2.844314 6.920395 0.000004 -0.008861 0.108735 0.000008 0.005344 -0.065526 0.000000 0.000001 0.000000 -9.103596 -0.043089 -1.865102 0.079705 -2.824400 6.674078 0.000006 -0.006796 0.083420 -0.000001 0.003655 -0.044840 -0.000000 0.000000 0.000000 -8.076706 -0.486721 -3.806301 0.060636 -2.632567 4.306780 0.000009 -0.010634 0.130552 0.000002 0.006031 -0.074011 -0.000000 0.000001 -0.000000 4.570399 11.014660 -2.160813 5.816769 -2.815286 -0.615037 36.106330 6.688025 -105.633452 -0.000005 -34.433183 0.000013 19.018418 20.661724 91.424869 2.466090 -1.576211 2.681698 -12.388627 -9.936137 20.816846 5.987296 12.645730 1.346538 -7.335785 -0.421671 13.147353 0.000003 0.000007 0.000004 9.109295 -0.518020 2.259899 0.287416 3.189500 -8.363680 -0.000004 0.001662 -0.016208 0.000005 -0.001022 0.010024 0.000000 0.000000 0.000000 9.533402 0.000010 -0.000000 0.124656 3.201690 -8.197509 0.000005 -0.000006 0.000006 0.000001 0.000005 -0.000002 0.000000 -0.000000 0.000001 9.104498 -0.043001 -1.865101 0.108202 3.079164 -6.987591 0.000005 -0.000012 0.000002 0.000002 -0.000000 0.000004 -0.000001 0.000000 0.000001 8.077798 -0.486890 -3.806301 0.089442 2.906232 -5.290077 0.000003 -0.000002 -0.000010 0.000000 -0.000005 0.000025 0.000000 -0.000001 -0.000000 -8.207796 -6.751703 -1.599540 -48.154476 -3.591112 -48.319695 6.871318 -10.004109 -4.964634 -7.268881 -17.939577 11.176369 3.859004 -0.000003 -0.000003 0.000001 0.000000 -0.000002 8.207800 -6.751705 -1.599550 -62.482092 3.501898 57.011859 22.281131 -3.620238 2.954213 29.401833 0.053813 -0.809343 0.145027 -0.000014 -0.000029 -0.000001 -0.000001 0.000000 
0.176823 35.262039 -3.294281 -115.206672 5.478802 3.147014 0.000000 10.181547 0.131523 53.790912 -8.033161 -1.595025 14.452294 -2.540451 2.904999 14.513778 -1.532698 3.001468 0.000000 16.740374 -2.049019 8.082123 0.157414 1.364754 0.000000 9.617843 1.684967 28.114155 3.120509 6.425601 0.000001 22.037384 7.501075 -0.000000 0.000000 0.000000 -4.570001 11.014858 -2.160839 0.566137 -0.020113 -1.614849 30.312103 -9.214755 94.146235 -0.000003 41.605933 0.000011 40.690323 -35.450512 -75.217376 -2.464808 -1.573992 2.681913 -11.630453 11.625162 -20.750857 6.358357 -14.447667 -2.112241 -5.504768 -5.510924 -14.718511 0.000002 -0.000004 0.000003 -9.108294 -0.517870 2.259800 0.083329 -2.854491 7.046420 0.000011 -0.007202 0.088408 0.000001 0.004412 -0.054199 0.000001 0.000002 0.000001 -9.532492 0.000012 -0.000001 0.082086 -2.844314 6.920395 0.000004 -0.008861 0.108735 0.000008 0.005344 -0.065526 0.000000 0.000001 0.000000 -9.103596 -0.043089 -1.865102 0.079705 -2.824400 6.674078 0.000006 -0.006796 0.083420 -0.000001 0.003655 -0.044840 -0.000000 0.000000 0.000000 -8.076706 -0.486721 -3.806301 0.060636 -2.632567 4.306780 0.000009 -0.010634 0.130552 0.000002 0.006031 -0.074011 -0.000000 0.000001 -0.000000 4.570399 11.014660 -2.160813 5.816769 -2.815286 -0.615037 36.106330 6.688025 -105.633452 -0.000005 -34.433183 0.000013 19.018418 20.661724 91.424869 2.466090 -1.576211 2.681698 -12.388627 -9.936137 20.816846 5.987296 12.645730 1.346538 -7.335785 -0.421671 13.147353 0.000003 0.000007 0.000004 9.109295 -0.518020 2.259899 0.287416 3.189500 -8.363680 -0.000004 0.001662 -0.016208 0.000005 -0.001022 0.010024 0.000000 0.000000 0.000000 9.533402 0.000010 -0.000000 0.124656 3.201690 -8.197509 0.000005 -0.000006 0.000006 0.000001 0.000005 -0.000002 0.000000 -0.000000 0.000001 9.104498 -0.043001 -1.865101 0.108202 3.079164 -6.987591 0.000005 -0.000012 0.000002 0.000002 -0.000000 0.000004 -0.000001 0.000000 0.000001 8.077798 -0.486890 -3.806301 0.089442 2.906232 -5.290077 0.000003 -0.000002 -0.000010 0.000000 -0.000005 0.000025 0.000000 -0.000001 -0.000000 -8.207796 -6.751703 -1.599540 -48.154476 -3.591112 -48.319695 6.871318 -10.004109 -4.964634 -7.268881 -17.939577 11.176369 3.859004 -0.000003 -0.000003 0.000001 0.000000 -0.000002 8.207800 -6.751705 -1.599550 -62.482092 3.501898 57.011859 22.281131 -3.620238 2.954213 29.401833 0.053813 -0.809343 0.145027 -0.000014 -0.000029 -0.000001 -0.000001 0.000000 
0.176823 35.262039 -3.294281 -115.206672 5.478802 3.147014 0.000000 10.181547 0.131523 53.790912 -8.033161 -1.595025 14.452294 -2.540451 2.904999 14.513778 -1.532698 3.001468 0.000000 16.740374 -2.049019 8.082123 0.157414 1.364754 0.000000 9.617843 1.684967 28.114155 3.120509 6.425601 0.000001 22.037384 7.501075 -0.000000 0.000000 0.000000 -4.570001 11.014858 -2.160839 0.566137 -0.020113 -1.614849 30.312103 -9.214755 94.146235 -0.000003 41.605933 0.000011 40.690323 -35.450512 -75.217376 -2.464808 -1.573992 2.681913 -11.630453 11.625162 -20.750857 6.358357 -14.447667 -2.112241 -5.504768 -5.510924 -14.718511 0.000002 -0.000004 0.000003 -9.108294 -0.517870 2.259800 0.083329 -2.854491 7.046420 0.000011 -0.007202 0.088408 0.000001 0.004412 -0.054199 0.000001 0.000002 0.000001 -9.532492 0.000012 -0.000001 0.082086 -2.844314 6.920395 0.000004 -0.008861 0.108735 0.000008 0.005344 -0.065526 0.000000 0.000001 0.000000 -9.103596 -0.043089 -1.865102 0.079705 -2.824400 6.674078 0.000006 -0.006796 0.083420 -0.000001 0.003655 -0.044840 -0.000000 0.000000 0.000000 -8.076706 -0.486721 -3.806301 0.060636 -2.632567 4.306780 0.000009 -0.010634 0.130552 0.000002 0.006031 -0.074011 -0.000000 0.000001 -0.000000 4.570399 11.014660 -2.160813 5.816769 -2.815286 -0.615037 36.106330 6.688025 -105.633452 -0.000005 -34.433183 0.000013 19.018418 20.661724 91.424869 2.466090 -1.576211 2.681698 -12.388627 -9.936137 20.816846 5.987296 12.645730 1.346538 -7.335785 -0.421671 13.147353 0.000003 0.000007 0.000004 9.109295 -0.518020 2.259899 0.287416 3.189500 -8.363680 -0.000004 0.001662 -0.016208 0.000005 -0.001022 0.010024 0.000000 0.000000 0.000000 9.533402 0.000010 -0.000000 0.124656 3.201690 -8.197509 0.000005 -0.000006 0.000006 0.000001 0.000005 -0.000002 0.000000 -0.000000 0.000001 9.104498 -0.043001 -1.865101 0.108202 3.079164 -6.987591 0.000005 -0.000012 0.000002 0.000002 -0.000000 0.000004 -0.000001 0.000000 0.000001 8.077798 -0.486890 -3.806301 0.089442 2.906232 -5.290077 0.000003 -0.000002 -0.000010 0.000000 -0.000005 0.000025 0.000000 -0.000001 -0.000000 -8.207796 -6.751703 -1.599540 -48.154476 -3.591112 -48.319695 6.871318 -10.004109 -4.964634 -7.268881 -17.939577 11.176369 3.859004 -0.000003 -0.000003 0.000001 0.000000 -0.000002 8.207800 -6.751705 -1.599550 -62.482092 3.501898 57.011859 22.281131 -3.620238 2.954213 29.401833 0.053813 -0.809343 0.145027 -0.000014 -0.000029 -0.000001 -0.000001 0.000000 
0.176823 35.262039 -3.294281 -115.206672 5.478802 3.147014 0.000000 10.181547 0.131523 53.790912 -8.033161 -1.595025 14.452294 -2.540451 2.904999 14.513778 -1.532698 3.001468 0.000000 16.740374 -2.049019 8.082123 0.157414 1.364754 0.000000 9.617843 1.684967 28.114155 3.120509 6.425601 0.000001 22.037384 7.501075 -0.000000 0.000000 0.000000 -4.570001 11.014858 -2.160839 0.566137 -0.020113 -1.614849 30.312103 -9.214755 94.146235 -0.000003 41.605933 0.000011 40.690323 -35.450512 -75.217376 -2.464808 -1.573992 2.681913 -11.630453 11.625162 -20.750857 6.358357 -14.447667 -2.112241 -5.504768 -5.510924 -14.718511 0.000002 -0.000004 0.000003 -9.108294 -0.517870 2.259800 0.083329 -2.854491 7.046420 0.000011 -0.007202 0.088408 0.000001 0.004412 -0.054199 0.000001 0.000002 0.000001 -9.532492 0.000012 -0.000001 0.082086 -2.844314 6.920395 0.000004 -0.008861 0.108735 0.000008 0.005344 -0.065526 0.000000 0.000001 0.000000 -9.103596 -0.043089 -1.865102 0.079705 -2.824400 6.674078 0.000006 -0.006796 0.083420 -0.000001 0.003655 -0.044840 -0.000000 0.000000 0.000000 -8.076706 -0.486721 -3.806301 0.060636 -2.632567 4.306780 0.000009 -0.010634 0.130552 0.000002 0.006031 -0.074011 -0.000000 0.000001 -0.000000 4.570399 11.014660 -2.160813 5.816769 -2.815286 -0.615037 36.106330 6.688025 -105.633452 -0.000005 -34.433183 0.000013 19.018418 20.661724 91.424869 2.466090 -1.576211 2.681698 -12.388627 -9.936137 20.816846 5.987296 12.645730 1.346538 -7.335785 -0.421671 13.147353 0.000003 0.000007 0.000004 9.109295 -0.518020 2.259899 0.287416 3.189500 -8.363680 -0.000004 0.001662 -0.016208 0.000005 -0.001022 0.010024 0.000000 0.000000 0.000000 9.533402 0.000010 -0.000000 0.124656 3.201690 -8.197509 0.000005 -0.000006 0.000006 0.000001 0.000005 -0.000002 0.000000 -0.000000 0.000001 9.104498 -0.043001 -1.865101 0.108202 3.079164 -6.987591 0.000005 -0.000012 0.000002 0.000002 -0.000000 0.000004 -0.000001 0.000000 0.000001 8.077798 -0.486890 -3.806301 0.089442 2.906232 -5.290077 0.000003 -0.000002 -0.000010 0.000000 -0.000005 0.000025 0.000000 -0.000001 -0.000000 -8.207796 -6.751703 -1.599540 -48.154476 -3.591112 -48.319695 6.871318 -10.004109 -4.964634 -7.268881 -17.939577 11.176369 3.859004 -0.000003 -0.000003 0.000001 0.000000 -0.000002 8.207800 -6.751705 -1.599550 -62.482092 3.501898 57.011859 22.281131 -3.620238 2.954213 29.401833 0.053813 -0.809343 0.145027 -0.000014 -0.000029 -0.000001 -0.000001 0.000000 
0.176823 35.262039 -3.294281 -115.206672 5.478802 3.147014 0.000000 10.181547 0.131523 53.790912 -8.033161 -1.595025 14.452294 -2.540451 2.904999 14.513778 -1.532698 3.001468 0.000000 16.740374 -2.049019 8.082123 0.157414 1.364754 0.000000 9.617843 1.684967 28.114155 3.120509 6.425601 0.000001 22.037384 7.501075 -0.000000 0.000000 0.000000 -4.570001 11.014858 -2.160839 0.566137 -0.020113 -1.614849 30.312103 -9.214755 94.146235 -0.000003 41.605933 0.000011 40.690323 -35.450512 -75.217376 -2.464808 -1.573992 2.681913 -11.630453 11.625162 -20.750857 6.358357 -14.447667 -2.112241 -5.504768 -5.510924 -14.718511 0.000002 -0.000004 0.000003 -9.108294 -0.517870 2.259800 0.083329 -2.854491 7.046420 0.000011 -0.007202 0.088408 0.000001 0.004412 -0.054199 0.000001 0.000002 0.000001 -9.532492 0.000012 -0.000001 0.082086 -2.844314 6.920395 0.000004 -0.008861 0.108735 0.000008 0.005344 -0.065526 0.000000 0.000001 0.000000 -9.103596 -0.043089 -1.865102 0.079705 -2.824400 6.674078 0.000006 -0.006796 0.083420 -0.000001 0.003655 -0.044840 -0.000000 0.000000 0.000000 -8.076706 -0.486721 -3.806301 0.060636 -2.632567 4.306780 0.000009 -0.010634 0.130552 0.000002 0.006031 -0.074011 -0.000000 0.000001 -0.000000 4.570399 11.014660 -2.160813 5.816769 -2.815286 -0.615037 36.106330 6.688025 -105.633452 -0.000005 -34.433183 0.000013 19.018418 20.661724 91.424869 2.466090 -1.576211 2.681698 -12.388627 -9.936137 20.816846 5.987296 12.645730 1.346538 -7.335785 -0.421671 13.147353 0.000003 0.000007 0.000004 9.109295 -0.518020 2.259899 0.287416 3.189500 -8.363680 -0.000004 0.001662 -0.016208 0.000005 -0.001022 0.010024 0.000000 0.000000 0.000000 9.533402 0.000010 -0.000000 0.124656 3.201690 -8.197509 0.000005 -0.000006 0.000006 0.000001 0.000005 -0.000002 0.000000 -0.000000 0.000001 9.104498 -0.043001 -1.865101 0.108202 3.079164 -6.987591 0.000005 -0.000012 0.000002 0.000002 -0.000000 0.000004 -0.000001 0.000000 0.000001 8.077798 -0.486890 -3.806301 0.089442 2.906232 -5.290077 0.000003 -0.000002 -0.000010 0.000000 -0.000005 0.000025 0.000000 -0.000001 -0.000000 -8.207796 -6.751703 -1.599540 -48.154476 -3.591112 -48.319695 6.871318 -10.004109 -4.964634 -7.268881 -17.939577 11.176369 3.859004 -0.000003 -0.000003 0.000001 0.000000 -0.000002 8.207800 -6.751705 -1.599550 -62.482092 3.501898 57.011859 22.281131 -3.620238 2.954213 29.401833 0.053813 -0.809343 0.145027 -0.000014 -0.000029 -0.000001 -0.000001 0.000000 
0.176823 35.262039 -3.294281 -115.206672 5.478802 3.147014 0.000000 10.181547 0.131523 53.790912 -8.033161 -1.595025 14.452294 -2.540451 2.904999 14.513778 -1.532698 3.001468 0.000000 16.740374 -2.049019 8.082123 0.157414 1.364754 0.000000 9.617843 1.684967 28.114155 3.120509 6.425601 0.000001 22.037384 7.501075 -0.000000 0.000000 0.000000 -4.570001 11.014858 -2.160839 0.566137 -0.020113 -1.614849 30.312103 -9.214755 94.146235 -0.000003 41.605933 0.000011 40.690323 -35.450512 -75.217376 -2.464808 -1.573992 2.681913 -11.630453 11.625162 -20.750857 6.358357 -14.447667 -2.112241 -5.504768 -5.510924 -14.718511 0.000002 -0.000004 0.000003 -9.108294 -0.517870 2.259800 0.083329 -2.854491 7.046420 0.000011 -0.007202 0.088408 0.000001 0.004412 -0.054199 0.000001 0.000002 0.000001 -9.532492 0.000012 -0.000001 0.082086 -2.844314 6.920395 0.000004 -0.008861 0.108735 0.000008 0.005344 -0.065526 0.000000 0.000001 0.000000 -9.103596 -0.043089 -1.865102 0.079705 -2.824400 6.674078 0.000006 -0.006796 0.083420 -0.000001 0.003655 -0.044840 -0.000000 0.000000 0.000000 -8.076706 -0.486721 -3.806301 0.060636 -2.632567 4.306780 0.000009 -0.010634 0.130552 0.000002 0.006031 -0.074011 -0.000000 0.000001 -0.000000 4.570399 11.014660 -2.160813 5.816769 -2.815286 -0.615037 36.106330 6.688025 -105.633452 -0.000005 -34.433183 0.000013 19.018418 20.661724 91.424869 2.466090 -1.576211 2.681698 -12.388627 -9.936137 20.816846 5.987296 12.645730 1.346538 -7.335785 -0.421671 13.147353 0.000003 0.000007 0.000004 9.109295 -0.518020 2.259899 0.287416 3.189500 -8.363680 -0.000004 0.001662 -0.016208 0.000005 -0.001022 0.010024 0.000000 0.000000 0.000000 9.533402 0.000010 -0.000000 0.124656 3.201690 -8.197509 0.000005 -0.000006 0.000006 0.000001 0.000005 -0.000002 0.000000 -0.000000 0.000001 9.104498 -0.043001 -1.865101 0.108202 3.079164 -6.987591 0.000005 -0.000012 0.000002 0.000002 -0.000000 0.000004 -0.000001 0.000000 0.000001 8.077798 -0.486890 -3.806301 0.089442 2.906232 -5.290077 0.000003 -0.000002 -0.000010 0.000000 -0.000005 0.000025 0.000000 -0.000001 -0.000000 -8.207796 -6.751703 -1.599540 -48.154476 -3.591112 -48.319695 6.871318 -10.004109 -4.964634 -7.268881 -17.939577 11.176369 3.859004 -0.000003 -0.000003 0.000001 0.000000 -0.000002 8.207800 -6.751705 -1.599550 -62.482092 3.501898 57.011859 22.281131 -3.620238 2.954213 29.401833 0.053813 -0.809343 0.145027 -0.000014 -0.000029 -0.000001 -0.000001 0.000000 
0.176823 35.262039 -3.294281 -115.206672 5.478802 3.147014 0.000000 10.181547 0.131523 53.790912 -8.033161 -1.595025 14.452294 -2.540451 2.904999 14.513778 -1.532698 3.001468 0.000000 16.740374 -2.049019 8.082123 0.157414 1.364754 0.000000 9.617843 1.684967 28.114155 3.120509 6.425601 0.000001 22.037384 7.501075 -0.000000 0.000000 0.000000 -4.570001 11.014858 -2.160839 0.566137 -0.020113 -1.614849 30.312103 -9.214755 94.146235 -0.000003 41.605933 0.000011 40.690323 -35.450512 -75.217376 -2.464808 -1.573992 2.681913 -11.630453 11.625162 -20.750857 6.358357 -14.447667 -2.112241 -5.504768 -5.510924 -14.718511 0.000002 -0.000004 0.000003 -9.108294 -0.517870 2.259800 0.083329 -2.854491 7.046420 0.000011 -0.007202 0.088408 0.000001 0.004412 -0.054199 0.000001 0.000002 0.000001 -9.532492 0.000012 -0.000001 0.082086 -2.844314 6.920395 0.000004 -0.008861 0.108735 0.000008 0.005344 -0.065526 0.000000 0.000001 0.000000 -9.103596 -0.043089 -1.865102 0.079705 -2.824400 6.674078 0.000006 -0.006796 0.083420 -0.000001 0.003655 -0.044840 -0.000000 0.000000 0.000000 -8.076706 -0.486721 -3.806301 0.060636 -2.632567 4.306780 0.000009 -0.010634 0.130552 0.000002 0.006031 -0.074011 -0.000000 0.000001 -0.000000 4.570399 11.014660 -2.160813 5.816769 -2.815286 -0.615037 36.106330 6.688025 -105.633452 -0.000005 -34.433183 0.000013 19.018418 20.661724 91.424869 2.466090 -1.576211 2.681698 -12.388627 -9.936137 20.816846 5.987296 12.645730 1.346538 -7.335785 -0.421671 13.147353 0.000003 0.000007 0.000004 9.109295 -0.518020 2.259899 0.287416 3.189500 -8.363680 -0.000004 0.001662 -0.016208 0.000005 -0.001022 0.010024 0.000000 0.000000 0.000000 9.533402 0.000010 -0.000000 0.124656 3.201690 -8.197509 0.000005 -0.000006 0.000006 0.000001 0.000005 -0.000002 0.000000 -0.000000 0.000001 9.104498 -0.043001 -1.865101 0.108202 3.079164 -6.987591 0.000005 -0.000012 0.000002 0.000002 -0.000000 0.000004 -0.000001 0.000000 0.000001 8.077798 -0.486890 -3.806301 0.089442 2.906232 -5.290077 0.000003 -0.000002 -0.000010 0.000000 -0.000005 0.000025 0.000000 -0.000001 -0.000000 -8.207796 -6.751703 -1.599540 -48.154476 -3.591112 -48.319695 6.871318 -10.004109 -4.964634 -7.268881 -17.939577 11.176369 3.859004 -0.000003 -0.000003 0.000001 0.000000 -0.000002 8.207800 -6.751705 -1.599550 -62.482092 3.501898 57.011859 22.281131 -3.620238 2.954213 29.401833 0.053813 -0.809343 0.145027 -0.000014 -0.000029 -0.000001 -0.000001 0.000000 
0.176823 35.262039 -3.294281 -115.206672 5.478802 3.147014 0.000000 10.181547 0.131523 53.790912 -8.033161 -1.595025 14.452294 -2.540451 2.904999 14.513778 -1.532698 3.001468 0.000000 16.740374 -2.049019 8.082123 0.157414 1.364754 0.000000 9.617843 1.684967 28.114155 3.120509 6.425601 0.000001 22.037384 7.501075 -0.000000 0.000000 0.000000 -4.570001 11.014858 -2.160839 0.566137 -0.020113 -1.614849 30.312103 -9.214755 94.146235 -0.000003 41.605933 0.000011 40.690323 -35.450512 -75.217376 -2.464808 -1.573992 2.681913 -11.630453 11.625162 -20.750857 6.358357 -14.447667 -2.112241 -5.504768 -5.510924 -14.718511 0.000002 -0.000004 0.000003 -9.108294 -0.517870 2.259800 0.083329 -2.854491 7.046420 0.000011 -0.007202 0.088408 0.000001 0.004412 -0.054199 0.000001 0.000002 0.000001 -9.532492 0.000012 -0.000001 0.082086 -2.844314 6.920395 0.000004 -0.008861 0.108735 0.000008 0.005344 -0.065526 0.000000 0.000001 0.000000 -9.103596 -0.043089 -1.865102 0.079705 -2.824400 6.674078 0.000006 -0.006796 0.083420 -0.000001 0.003655 -0.044840 -0.000000 0.000000 0.000000 -8.076706 -0.486721 -3.806301 0.060636 -2.632567 4.306780 0.000009 -0.010634 0.130552 0.000002 0.006031 -0.074011 -0.000000 0.000001 -0.000000 4.570399 11.014660 -2.160813 5.816769 -2.815286 -0.615037 36.106330 6.688025 -105.633452 -0.000005 -34.433183 0.000013 19.018418 20.661724 91.424869 2.466090 -1.576211 2.681698 -12.388627 -9.936137 20.816846 5.987296 12.645730 1.346538 -7.335785 -0.421671 13.147353 0.000003 0.000007 0.000004 9.109295 -0.518020 2.259899 0.287416 3.189500 -8.363680 -0.000004 0.001662 -0.016208 0.000005 -0.001022 0.010024 0.000000 0.000000 0.000000 9.533402 0.000010 -0.000000 0.124656 3.201690 -8.197509 0.000005 -0.000006 0.000006 0.000001 0.000005 -0.000002 0.000000 -0.000000 0.000001 9.104498 -0.043001 -1.865101 0.108202 3.079164 -6.987591 0.000005 -0.000012 0.000002 0.000002 -0.000000 0.000004 -0.000001 0.000000 0.000001 8.077798 -0.486890 -3.806301 0.089442 2.906232 -5.290077 0.000003 -0.000002 -0.000010 0.000000 -0.000005 0.000025 0.000000 -0.000001 -0.000000 -8.207796 -6.751703 -1.599540 -48.154476 -3.591112 -48.319695 6.871318 -10.004109 -4.964634 -7.268881 -17.939577 11.176369 3.859004 -0.000003 -0.000003 0.000001 0.000000 -0.000002 8.207800 -6.751705 -1.599550 -62.482092 3.501898 57.011859 22.281131 -3.620238 2.954213 29.401833 0.053813 -0.809343 0.145027 -0.000014 -0.000029 -0.000001 -0.000001 0.000000 
0.176823 35.262039 -3.294281 -115.206672 5.478802 3.147014 0.000000 10.181547 0.131523 53.790912 -8.033161 -1.595025 14.452294 -2.540451 2.904999 14.513778 -1.532698 3.001468 0.000000 16.740374 -2.049019 8.082123 0.157414 1.364754 0.000000 9.617843 1.684967 28.114155 3.120509 6.425601 0.000001 22.037384 7.501075 -0.000000 0.000000 0.000000 -4.570001 11.014858 -2.160839 0.566137 -0.020113 -1.614849 30.312103 -9.214755 94.146235 -0.000003 41.605933 0.000011 40.690323 -35.450512 -75.217376 -2.464808 -1.573992 2.681913 -11.630453 11.625162 -20.750857 6.358357 -14.447667 -2.112241 -5.504768 -5.510924 -14.718511 0.000002 -0.000004 0.000003 -9.108294 -0.517870 2.259800 0.083329 -2.854491 7.046420 0.000011 -0.007202 0.088408 0.000001 0.004412 -0.054199 0.000001 0.000002 0.000001 -9.532492 0.000012 -0.000001 0.082086 -2.844314 6.920395 0.000004 -0.008861 0.108735 0.000008 0.005344 -0.065526 0.000000 0.000001 0.000000 -9.103596 -0.043089 -1.865102 0.079705 -2.824400 6.674078 0.000006 -0.006796 0.083420 -0.000001 0.003655 -0.044840 -0.000000 0.000000 0.000000 -8.076706 -0.486721 -3.806301 0.060636 -2.632567 4.306780 0.000009 -0.010634 0.130552 0.000002 0.006031 -0.074011 -0.000000 0.000001 -0.000000 4.570399 11.014660 -2.160813 5.816769 -2.815286 -0.615037 36.106330 6.688025 -105.633452 -0.000005 -34.433183 0.000013 19.018418 20.661724 91.424869 2.466090 -1.576211 2.681698 -12.388627 -9.936137 20.816846 5.987296 12.645730 1.346538 -7.335785 -0.421671 13.147353 0.000003 0.000007 0.000004 9.109295 -0.518020 2.259899 0.287416 3.189500 -8.363680 -0.000004 0.001662 -0.016208 0.000005 -0.001022 0.010024 0.000000 0.000000 0.000000 9.533402 0.000010 -0.000000 0.124656 3.201690 -8.197509 0.000005 -0.000006 0.000006 0.000001 0.000005 -0.000002 0.000000 -0.000000 0.000001 9.104498 -0.043001 -1.865101 0.108202 3.079164 -6.987591 0.000005 -0.000012 0.000002 0.000002 -0.000000 0.000004 -0.000001 0.000000 0.000001 8.077798 -0.486890 -3.806301 0.089442 2.906232 -5.290077 0.000003 -0.000002 -0.000010 0.000000 -0.000005 0.000025 0.000000 -0.000001 -0.000000 -8.207796 -6.751703 -1.599540 -48.154476 -3.591112 -48.319695 6.871318 -10.004109 -4.964634 -7.268881 -17.939577 11.176369 3.859004 -0.000003 -0.000003 0.000001 0.000000 -0.000002 8.207800 -6.751705 -1.599550 -62.482092 3.501898 57.011859 22.281131 -3.620238 2.954213 29.401833 0.053813 -0.809343 0.145027 -0.000014 -0.000029 -0.000001 -0.000001 0.000000 
0.176823 35.262039 -3.294281 -115.206672 5.478802 3.147014 0.000000 10.181547 0.131523 53.790912 -8.033161 -1.595025 14.452294 -2.540451 2.904999 14.513778 -1.532698 3.001468 0.000000 16.740374 -2.049019 8.082123 0.157414 1.364754 0.000000 9.617843 1.684967 28.114155 3.120509 6.425601 0.000001 22.037384 7.501075 -0.000000 0.000000 0.000000 -4.570001 11.014858 -2.160839 0.566137 -0.020113 -1.614849 30.312103 -9.214755 94.146235 -0.000003 41.605933 0.000011 40.690323 -35.450512 -75.217376 -2.464808 -1.573992 2.681913 -11.630453 11.625162 -20.750857 6.358357 -14.447667 -2.112241 -5.504768 -5.510924 -14.718511 0.000002 -0.000004 0.000003 -9.108294 -0.517870 2.259800 0.083329 -2.854491 7.046420 0.000011 -0.007202 0.088408 0.000001 0.004412 -0.054199 0.000001 0.000002 0.000001 -9.532492 0.000012 -0.000001 0.082086 -2.844314 6.920395 0.000004 -0.008861 0.108735 0.000008 0.005344 -0.065526 0.000000 0.000001 0.000000 -9.103596 -0.043089 -1.865102 0.079705 -2.824400 6.674078 0.000006 -0.006796 0.083420 -0.000001 0.003655 -0.044840 -0.000000 0.000000 0.000000 -8.076706 -0.486721 -3.806301 0.060636 -2.632567 4.306780 0.000009 -0.010634 0.130552 0.000002 0.006031 -0.074011 -0.000000 0.000001 -0.000000 4.570399 11.014660 -2.160813 5.816769 -2.815286 -0.615037 36.106330 6.688025 -105.633452 -0.000005 -34.433183 0.000013 19.018418 20.661724 91.424869 2.466090 -1.576211 2.681698 -12.388627 -9.936137 20.816846 5.987296 12.645730 1.346538 -7.335785 -0.421671 13.147353 0.000003 0.000007 0.000004 9.109295 -0.518020 2.259899 0.287416 3.189500 -8.363680 -0.000004 0.001662 -0.016208 0.000005 -0.001022 0.010024 0.000000 0.000000 0.000000 9.533402 0.000010 -0.000000 0.124656 3.201690 -8.197509 0.000005 -0.000006 0.000006 0.000001 0.000005 -0.000002 0.000000 -0.000000 0.000001 9.104498 -0.043001 -1.865101 0.108202 3.079164 -6.987591 0.000005 -0.000012 0.000002 0.000002 -0.000000 0.000004 -0.000001 0.000000 0.000001 8.077798 -0.486890 -3.806301 0.089442 2.906232 -5.290077 0.000003 -0.000002 -0.000010 0.000000 -0.000005 0.000025 0.000000 -0.000001 -0.000000 -8.207796 -6.751703 -1.599540 -48.154476 -3.591112 -48.319695 6.871318 -10.004109 -4.964634 -7.268881 -17.939577 11.176369 3.859004 -0.000003 -0.000003 0.000001 0.000000 -0.000002 8.207800 -6.751705 -1.599550 -62.482092 3.501898 57.011859 22.281131 -3.620238 2.954213 29.401833 0.053813 -0.809343 0.145027 -0.000014 -0.000029 -0.000001 -0.000001 0.000000 
0.176823 35.262039 -3.294281 -115.206672 5.478802 3.147014 0.000000 10.181547 0.131523 53.790912 -8.033161 -1.595025 14.452294 -2.540451 2.904999 14.513778 -1.532698 3.001468 0.000000 16.740374 -2.049019 8.082123 0.157414 1.364754 0.000000 9.617843 1.684967 28.114155 3.120509 6.425601 0.000001 22.037384 7.501075 -0.000000 0.000000 0.000000 -4.570001 11.014858 -2.160839 0.566137 -0.020113 -1.614849 30.312103 -9.214755 94.146235 -0.000003 41.605933 0.000011 40.690323 -35.450512 -75.217376 -2.464808 -1.573992 2.681913 -11.630453 11.625162 -20.750857 6.358357 -14.447667 -2.112241 -5.504768 -5.510924 -14.718511 0.000002 -0.000004 0.000003 -9.108294 -0.517870 2.259800 0.083329 -2.854491 7.046420 0.000011 -0.007202 0.088408 0.000001 0.004412 -0.054199 0.000001 0.000002 0.000001 -9.532492 0.000012 -0.000001 0.082086 -2.844314 6.920395 0.000004 -0.008861 0.108735 0.000008 0.005344 -0.065526 0.000000 0.000001 0.000000 -9.103596 -0.043089 -1.865102 0.079705 -2.824400 6.674078 0.000006 -0.006796 0.083420 -0.000001 0.003655 -0.044840 -0.000000 0.000000 0.000000 -8.076706 -0.486721 -3.806301 0.060636 -2.632567 4.306780 0.000009 -0.010634 0.130552 0.000002 0.006031 -0.074011 -0.000000 0.000001 -0.000000 4.570399 11.014660 -2.160813 5.816769 -2.815286 -0.615037 36.106330 6.688025 -105.633452 -0.000005 -34.433183 0.000013 19.018418 20.661724 91.424869 2.466090 -1.576211 2.681698 -12.388627 -9.936137 20.816846 5.987296 12.645730 1.346538 -7.335785 -0.421671 13.147353 0.000003 0.000007 0.000004 9.109295 -0.518020 2.259899 0.287416 3.189500 -8.363680 -0.000004 0.001662 -0.016208 0.000005 -0.001022 0.010024 0.000000 0.000000 0.000000 9.533402 0.000010 -0.000000 0.124656 3.201690 -8.197509 0.000005 -0.000006 0.000006 0.000001 0.000005 -0.000002 0.000000 -0.000000 0.000001 9.104498 -0.043001 -1.865101 0.108202 3.079164 -6.987591 0.000005 -0.000012 0.000002 0.000002 -0.000000 0.000004 -0.000001 0.000000 0.000001 8.077798 -0.486890 -3.806301 0.089442 2.906232 -5.290077 0.000003 -0.000002 -0.000010 0.000000 -0.000005 0.000025 0.000000 -0.000001 -0.000000 -8.207796 -6.751703 -1.599540 -48.154476 -3.591112 -48.319695 6.871318 -10.004109 -4.964634 -7.268881 -17.939577 11.176369 3.859004 -0.000003 -0.000003 0.000001 0.000000 -0.000002 8.207800 -6.751705 -1.599550 -62.482092 3.501898 57.011859 22.281131 -3.620238 2.954213 29.401833 0.053813 -0.809343 0.145027 -0.000014 -0.000029 -0.000001 -0.000001 0.000000 
0.176823 35.262039 -3.294281 -115.206672 5.478802 3.147014 0.000000 10.181547 0.131523 53.790912 -8.033161 -1.595025 14.452294 -2.540451 2.904999 14.513778 -1.532698 3.001468 0.000000 16.740374 -2.049019 8.082123 0.157414 1.364754 0.000000 9.617843 1.684967 28.114155 3.120509 6.425601 0.000001 22.037384 7.501075 -0.000000 0.000000 0.000000 -4.570001 11.014858 -2.160839 0.566137 -0.020113 -1.614849 30.312103 -9.214755 94.146235 -0.000003 41.605933 0.000011 40.690323 -35.450512 -75.217376 -2.464808 -1.573992 2.681913 -11.630453 11.625162 -20.750857 6.358357 -14.447667 -2.112241 -5.504768 -5.510924 -14.718511 0.000002 -0.000004 0.000003 -9.108294 -0.517870 2.259800 0.083329 -2.854491 7.046420 0.000011 -0.007202 0.088408 0.000001 0.004412 -0.054199 0.000001 0.000002 0.000001 -9.532492 0.000012 -0.000001 0.082086 -2.844314 6.920395 0.000004 -0.008861 0.108735 0.000008 0.005344 -0.065526 0.000000 0.000001 0.000000 -9.103596 -0.043089 -1.865102 0.079705 -2.824400 6.674078 0.000006 -0.006796 0.083420 -0.000001 0.003655 -0.044840 -0.000000 0.000000 0.000000 -8.076706 -0.486721 -3.806301 0.060636 -2.632567 4.306780 0.000009 -0.010634 0.130552 0.000002 0.006031 -0.074011 -0.000000 0.000001 -0.000000 4.570399 11.014660 -2.160813 5.816769 -2.815286 -0.615037 36.106330 6.688025 -105.633452 -0.000005 -34.433183 0.000013 19.018418 20.661724 91.424869 2.466090 -1.576211 2.681698 -12.388627 -9.936137 20.816846 5.987296 12.645730 1.346538 -7.335785 -0.421671 13.147353 0.000003 0.000007 0.000004 9.109295 -0.518020 2.259899 0.287416 3.189500 -8.363680 -0.000004 0.001662 -0.016208 0.000005 -0.001022 0.010024 0.000000 0.000000 0.000000 9.533402 0.000010 -0.000000 0.124656 3.201690 -8.197509 0.000005 -0.000006 0.000006 0.000001 0.000005 -0.000002 0.000000 -0.000000 0.000001 9.104498 -0.043001 -1.865101 0.108202 3.079164 -6.987591 0.000005 -0.000012 0.000002 0.000002 -0.000000 0.000004 -0.000001 0.000000 0.000001 8.077798 -0.486890 -3.806301 0.089442 2.906232 -5.290077 0.000003 -0.000002 -0.000010 0.000000 -0.000005 0.000025 0.000000 -0.000001 -0.000000 -8.207796 -6.751703 -1.599540 -48.154476 -3.591112 -48.319695 6.871318 -10.004109 -4.964634 -7.268881 -17.939577 11.176369 3.859004 -0.000003 -0.000003 0.000001 0.000000 -0.000002 8.207800 -6.751705 -1.599550 -62.482092 3.501898 57.011859 22.281131 -3.620238 2.954213 29.401833 0.053813 -0.809343 0.145027 -0.000014 -0.000029 -0.000001 -0.000001 0.000000 
0.176823 35.262039 -3.294281 -115.206672 5.478802 3.147014 0.000000 10.181547 0.131523 53.790912 -8.033161 -1.595025 14.452294 -2.540451 2.904999 14.513778 -1.532698 3.001468 0.000000 16.740374 -2.049019 8.082123 0.157414 1.364754 0.000000 9.617843 1.684967 28.114155 3.120509 6.425601 0.000001 22.037384 7.501075 -0.000000 0.000000 0.000000 -4.570001 11.014858 -2.160839 0.566137 -0.020113 -1.614849 30.312103 -9.214755 94.146235 -0.000003 41.605933 0.000011 40.690323 -35.450512 -75.217376 -2.464808 -1.573992 2.681913 -11.630453 11.625162 -20.750857 6.358357 -14.447667 -2.112241 -5.504768 -5.510924 -14.718511 0.000002 -0.000004 0.000003 -9.108294 -0.517870 2.259800 0.083329 -2.854491 7.046420 0.000011 -0.007202 0.088408 0.000001 0.004412 -0.054199 0.000001 0.000002 0.000001 -9.532492 0.000012 -0.000001 0.082086 -2.844314 6.920395 0.000004 -0.008861 0.108735 0.000008 0.005344 -0.065526 0.000000 0.000001 0.000000 -9.103596 -0.043089 -1.865102 0.079705 -2.824400 6.674078 0.000006 -0.006796 0.083420 -0.000001 0.003655 -0.044840 -0.000000 0.000000 0.000000 -8.076706 -0.486721 -3.806301 0.060636 -2.632567 4.306780 0.000009 -0.010634 0.130552 0.000002 0.006031 -0.074011 -0.000000 0.000001 -0.000000 4.570399 11.014660 -2.160813 5.816769 -2.815286 -0.615037 36.106330 6.688025 -105.633452 -0.000005 -34.433183 0.000013 19.018418 20.661724 91.424869 2.466090 -1.576211 2.681698 -12.388627 -9.936137 20.816846 5.987296 12.645730 1.346538 -7.335785 -0.421671 13.147353 0.000003 0.000007 0.000004 9.109295 -0.518020 2.259899 0.287416 3.189500 -8.363680 -0.000004 0.001662 -0.016208 0.000005 -0.001022 0.010024 0.000000 0.000000 0.000000 9.533402 0.000010 -0.000000 0.124656 3.201690 -8.197509 0.000005 -0.000006 0.000006 0.000001 0.000005 -0.000002 0.000000 -0.000000 0.000001 9.104498 -0.043001 -1.865101 0.108202 3.079164 -6.987591 0.000005 -0.000012 0.000002 0.000002 -0.000000 0.000004 -0.000001 0.000000 0.000001 8.077798 -0.486890 -3.806301 0.089442 2.906232 -5.290077 0.000003 -0.000002 -0.000010 0.000000 -0.000005 0.000025 0.000000 -0.000001 -0.000000 -8.207796 -6.751703 -1.599540 -48.154476 -3.591112 -48.319695 6.871318 -10.004109 -4.964634 -7.268881 -17.939577 11.176369 3.859004 -0.000003 -0.000003 0.000001 0.000000 -0.000002 8.207800 -6.751705 -1.599550 -62.482092 3.501898 57.011859 22.281131 -3.620238 2.954213 29.401833 0.053813 -0.809343 0.145027 -0.000014 -0.000029 -0.000001 -0.000001 0.000000 
0.176823 35.262039 -3.294281 -115.206672 5.478802 3.147014 0.000000 10.181547 0.131523 53.790912 -8.033161 -1.595025 14.452294 -2.540451 2.904999 14.513778 -1.532698 3.001468 0.000000 16.740374 -2.049019 8.082123 0.157414 1.364754 0.000000 9.617843 1.684967 28.114155 3.120509 6.425601 0.000001 22.037384 7.501075 -0.000000 0.000000 0.000000 -4.570001 11.014858 -2.160839 0.566137 -0.020113 -1.614849 30.312103 -9.214755 94.146235 -0.000003 41.605933 0.000011 40.690323 -35.450512 -75.217376 -2.464808 -1.573992 2.681913 -11.630453 11.625162 -20.750857 6.358357 -14.447667 -2.112241 -5.504768 -5.510924 -14.718511 0.000002 -0.000004 0.000003 -9.108294 -0.517870 2.259800 0.083329 -2.854491 7.046420 0.000011 -0.007202 0.088408 0.000001 0.004412 -0.054199 0.000001 0.000002 0.000001 -9.532492 0.000012 -0.000001 0.082086 -2.844314 6.920395 0.000004 -0.008861 0.108735 0.000008 0.005344 -0.065526 0.000000 0.000001 0.000000 -9.103596 -0.043089 -1.865102 0.079705 -2.824400 6.674078 0.000006 -0.006796 0.083420 -0.000001 0.003655 -0.044840 -0.000000 0.000000 0.000000 -8.076706 -0.486721 -3.806301 0.060636 -2.632567 4.306780 0.000009 -0.010634 0.130552 0.000002 0.006031 -0.074011 -0.000000 0.000001 -0.000000 4.570399 11.014660 -2.160813 5.816769 -2.815286 -0.615037 36.106330 6.688025 -105.633452 -0.000005 -34.433183 0.000013 19.018418 20.661724 91.424869 2.466090 -1.576211 2.681698 -12.388627 -9.936137 20.816846 5.987296 12.645730 1.346538 -7.335785 -0.421671 13.147353 0.000003 0.000007 0.000004 9.109295 -0.518020 2.259899 0.287416 3.189500 -8.363680 -0.000004 0.001662 -0.016208 0.000005 -0.001022 0.010024 0.000000 0.000000 0.000000 9.533402 0.000010 -0.000000 0.124656 3.201690 -8.197509 0.000005 -0.000006 0.000006 0.000001 0.000005 -0.000002 0.000000 -0.000000 0.000001 9.104498 -0.043001 -1.865101 0.108202 3.079164 -6.987591 0.000005 -0.000012 0.000002 0.000002 -0.000000 0.000004 -0.000001 0.000000 0.000001 8.077798 -0.486890 -3.806301 0.089442 2.906232 -5.290077 0.000003 -0.000002 -0.000010 0.000000 -0.000005 0.000025 0.000000 -0.000001 -0.000000 -8.207796 -6.751703 -1.599540 -48.154476 -3.591112 -48.319695 6.871318 -10.004109 -4.964634 -7.268881 -17.939577 11.176369 3.859004 -0.000003 -0.000003 0.000001 0.000000 -0.000002 8.207800 -6.751705 -1.599550 -62.482092 3.501898 57.011859 22.281131 -3.620238 2.954213 29.401833 0.053813 -0.809343 0.145027 -0.000014 -0.000029 -0.000001 -0.000001 0.000000 
0.176823 35.262039 -3.294281 -115.206672 5.478802 3.147014 0.000000 10.181547 0.131523 53.790912 -8.033161 -1.595025 14.452294 -2.540451 2.904999 14.513778 -1.532698 3.001468 0.000000 16.740374 -2.049019 8.082123 0.157414 1.364754 0.000000 9.617843 1.684967 28.114155 3.120509 6.425601 0.000001 22.037384 7.501075 -0.000000 0.000000 0.000000 -4.570001 11.014858 -2.160839 0.566137 -0.020113 -1.614849 30.312103 -9.214755 94.146235 -0.000003 41.605933 0.000011 40.690323 -35.450512 -75.217376 -2.464808 -1.573992 2.681913 -11.630453 11.625162 -20.750857 6.358357 -14.447667 -2.112241 -5.504768 -5.510924 -14.718511 0.000002 -0.000004 0.000003 -9.108294 -0.517870 2.259800 0.083329 -2.854491 7.046420 0.000011 -0.007202 0.088408 0.000001 0.004412 -0.054199 0.000001 0.000002 0.000001 -9.532492 0.000012 -0.000001 0.082086 -2.844314 6.920395 0.000004 -0.008861 0.108735 0.000008 0.005344 -0.065526 0.000000 0.000001 0.000000 -9.103596 -0.043089 -1.865102 0.079705 -2.824400 6.674078 0.000006 -0.006796 0.083420 -0.000001 0.003655 -0.044840 -0.000000 0.000000 0.000000 -8.076706 -0.486721 -3.806301 0.060636 -2.632567 4.306780 0.000009 -0.010634 0.130552 0.000002 0.006031 -0.074011 -0.000000 0.000001 -0.000000 4.570399 11.014660 -2.160813 5.816769 -2.815286 -0.615037 36.106330 6.688025 -105.633452 -0.000005 -34.433183 0.000013 19.018418 20.661724 91.424869 2.466090 -1.576211 2.681698 -12.388627 -9.936137 20.816846 5.987296 12.645730 1.346538 -7.335785 -0.421671 13.147353 0.000003 0.000007 0.000004 9.109295 -0.518020 2.259899 0.287416 3.189500 -8.363680 -0.000004 0.001662 -0.016208 0.000005 -0.001022 0.010024 0.000000 0.000000 0.000000 9.533402 0.000010 -0.000000 0.124656 3.201690 -8.197509 0.000005 -0.000006 0.000006 0.000001 0.000005 -0.000002 0.000000 -0.000000 0.000001 9.104498 -0.043001 -1.865101 0.108202 3.079164 -6.987591 0.000005 -0.000012 0.000002 0.000002 -0.000000 0.000004 -0.000001 0.000000 0.000001 8.077798 -0.486890 -3.806301 0.089442 2.906232 -5.290077 0.000003 -0.000002 -0.000010 0.000000 -0.000005 0.000025 0.000000 -0.000001 -0.000000 -8.207796 -6.751703 -1.599540 -48.154476 -3.591112 -48.319695 6.871318 -10.004109 -4.964634 -7.268881 -17.939577 11.176369 3.859004 -0.000003 -0.000003 0.000001 0.000000 -0.000002 8.207800 -6.751705 -1.599550 -62.482092 3.501898 57.011859 22.281131 -3.620238 2.954213 29.401833 0.053813 -0.809343 0.145027 -0.000014 -0.000029 -0.000001 -0.000001 0.000000 
0.176823 35.262039 -3.294281 -115.206672 5.478802 3.147014 0.000000 10.181547 0.131523 53.790912 -8.033161 -1.595025 14.452294 -2.540451 2.904999 14.513778 -1.532698 3.001468 0.000000 16.740374 -2.049019 8.082123 0.157414 1.364754 0.000000 9.617843 1.684967 28.114155 3.120509 6.425601 0.000001 22.037384 7.501075 -0.000000 0.000000 0.000000 -4.570001 11.014858 -2.160839 0.566137 -0.020113 -1.614849 30.312103 -9.214755 94.146235 -0.000003 41.605933 0.000011 40.690323 -35.450512 -75.217376 -2.464808 -1.573992 2.681913 -11.630453 11.625162 -20.750857 6.358357 -14.447667 -2.112241 -5.504768 -5.510924 -14.718511 0.000002 -0.000004 0.000003 -9.108294 -0.517870 2.259800 0.083329 -2.854491 7.046420 0.000011 -0.007202 0.088408 0.000001 0.004412 -0.054199 0.000001 0.000002 0.000001 -9.532492 0.000012 -0.000001 0.082086 -2.844314 6.920395 0.000004 -0.008861 0.108735 0.000008 0.005344 -0.065526 0.000000 0.000001 0.000000 -9.103596 -0.043089 -1.865102 0.079705 -2.824400 6.674078 0.000006 -0.006796 0.083420 -0.000001 0.003655 -0.044840 -0.000000 0.000000 0.000000 -8.076706 -0.486721 -3.806301 0.060636 -2.632567 4.306780 0.000009 -0.010634 0.130552 0.000002 0.006031 -0.074011 -0.000000 0.000001 -0.000000 4.570399 11.014660 -2.160813 5.816769 -2.815286 -0.615037 36.106330 6.688025 -105.633452 -0.000005 -34.433183 0.000013 19.018418 20.661724 91.424869 2.466090 -1.576211 2.681698 -12.388627 -9.936137 20.816846 5.987296 12.645730 1.346538 -7.335785 -0.421671 13.147353 0.000003 0.000007 0.000004 9.109295 -0.518020 2.259899 0.287416 3.189500 -8.363680 -0.000004 0.001662 -0.016208 0.000005 -0.001022 0.010024 0.000000 0.000000 0.000000 9.533402 0.000010 -0.000000 0.124656 3.201690 -8.197509 0.000005 -0.000006 0.000006 0.000001 0.000005 -0.000002 0.000000 -0.000000 0.000001 9.104498 -0.043001 -1.865101 0.108202 3.079164 -6.987591 0.000005 -0.000012 0.000002 0.000002 -0.000000 0.000004 -0.000001 0.000000 0.000001 8.077798 -0.486890 -3.806301 0.089442 2.906232 -5.290077 0.000003 -0.000002 -0.000010 0.000000 -0.000005 0.000025 0.000000 -0.000001 -0.000000 -8.207796 -6.751703 -1.599540 -48.154476 -3.591112 -48.319695 6.871318 -10.004109 -4.964634 -7.268881 -17.939577 11.176369 3.859004 -0.000003 -0.000003 0.000001 0.000000 -0.000002 8.207800 -6.751705 -1.599550 -62.482092 3.501898 57.011859 22.281131 -3.620238 2.954213 29.401833 0.053813 -0.809343 0.145027 -0.000014 -0.000029 -0.000001 -0.000001 0.000000 
0.176823 35.262039 -3.294281 -115.206672 5.478802 3.147014 0.000000 10.181547 0.131523 53.790912 -8.033161 -1.595025 14.452294 -2.540451 2.904999 14.513778 -1.532698 3.001468 0.000000 16.740374 -2.049019 8.082123 0.157414 1.364754 0.000000 9.617843 1.684967 28.114155 3.120509 6.425601 0.000001 22.037384 7.501075 -0.000000 0.000000 0.000000 -4.570001 11.014858 -2.160839 0.566137 -0.020113 -1.614849 30.312103 -9.214755 94.146235 -0.000003 41.605933 0.000011 40.690323 -35.450512 -75.217376 -2.464808 -1.573992 2.681913 -11.630453 11.625162 -20.750857 6.358357 -14.447667 -2.112241 -5.504768 -5.510924 -14.718511 0.000002 -0.000004 0.000003 -9.108294 -0.517870 2.259800 0.083329 -2.854491 7.046420 0.000011 -0.007202 0.088408 0.000001 0.004412 -0.054199 0.000001 0.000002 0.000001 -9.532492 0.000012 -0.000001 0.082086 -2.844314 6.920395 0.000004 -0.008861 0.108735 0.000008 0.005344 -0.065526 0.000000 0.000001 0.000000 -9.103596 -0.043089 -1.865102 0.079705 -2.824400 6.674078 0.000006 -0.006796 0.083420 -0.000001 0.003655 -0.044840 -0.000000 0.000000 0.000000 -8.076706 -0.486721 -3.806301 0.060636 -2.632567 4.306780 0.000009 -0.010634 0.130552 0.000002 0.006031 -0.074011 -0.000000 0.000001 -0.000000 4.570399 11.014660 -2.160813 5.816769 -2.815286 -0.615037 36.106330 6.688025 -105.633452 -0.000005 -34.433183 0.000013 19.018418 20.661724 91.424869 2.466090 -1.576211 2.681698 -12.388627 -9.936137 20.816846 5.987296 12.645730 1.346538 -7.335785 -0.421671 13.147353 0.000003 0.000007 0.000004 9.109295 -0.518020 2.259899 0.287416 3.189500 -8.363680 -0.000004 0.001662 -0.016208 0.000005 -0.001022 0.010024 0.000000 0.000000 0.000000 9.533402 0.000010 -0.000000 0.124656 3.201690 -8.197509 0.000005 -0.000006 0.000006 0.000001 0.000005 -0.000002 0.000000 -0.000000 0.000001 9.104498 -0.043001 -1.865101 0.108202 3.079164 -6.987591 0.000005 -0.000012 0.000002 0.000002 -0.000000 0.000004 -0.000001 0.000000 0.000001 8.077798 -0.486890 -3.806301 0.089442 2.906232 -5.290077 0.000003 -0.000002 -0.000010 0.000000 -0.000005 0.000025 0.000000 -0.000001 -0.000000 -8.207796 -6.751703 -1.599540 -48.154476 -3.591112 -48.319695 6.871318 -10.004109 -4.964634 -7.268881 -17.939577 11.176369 3.859004 -0.000003 -0.000003 0.000001 0.000000 -0.000002 8.207800 -6.751705 -1.599550 -62.482092 3.501898 57.011859 22.281131 -3.620238 2.954213 29.401833 0.053813 -0.809343 0.145027 -0.000014 -0.000029 -0.000001 -0.000001 0.000000 
0.176823 35.262039 -3.294281 -115.206672 5.478802 3.147014 0.000000 10.181547 0.131523 53.790912 -8.033161 -1.595025 14.452294 -2.540451 2.904999 14.513778 -1.532698 3.001468 0.000000 16.740374 -2.049019 8.082123 0.157414 1.364754 0.000000 9.617843 1.684967 28.114155 3.120509 6.425601 0.000001 22.037384 7.501075 -0.000000 0.000000 0.000000 -4.570001 11.014858 -2.160839 0.566137 -0.020113 -1.614849 30.312103 -9.214755 94.146235 -0.000003 41.605933 0.000011 40.690323 -35.450512 -75.217376 -2.464808 -1.573992 2.681913 -11.630453 11.625162 -20.750857 6.358357 -14.447667 -2.112241 -5.504768 -5.510924 -14.718511 0.000002 -0.000004 0.000003 -9.108294 -0.517870 2.259800 0.083329 -2.854491 7.046420 0.000011 -0.007202 0.088408 0.000001 0.004412 -0.054199 0.000001 0.000002 0.000001 -9.532492 0.000012 -0.000001 0.082086 -2.844314 6.920395 0.000004 -0.008861 0.108735 0.000008 0.005344 -0.065526 0.000000 0.000001 0.000000 -9.103596 -0.043089 -1.865102 0.079705 -2.824400 6.674078 0.000006 -0.006796 0.083420 -0.000001 0.003655 -0.044840 -0.000000 0.000000 0.000000 -8.076706 -0.486721 -3.806301 0.060636 -2.632567 4.306780 0.000009 -0.010634 0.130552 0.000002 0.006031 -0.074011 -0.000000 0.000001 -0.000000 4.570399 11.014660 -2.160813 5.816769 -2.815286 -0.615037 36.106330 6.688025 -105.633452 -0.000005 -34.433183 0.000013 19.018418 20.661724 91.424869 2.466090 -1.576211 2.681698 -12.388627 -9.936137 20.816846 5.987296 12.645730 1.346538 -7.335785 -0.421671 13.147353 0.000003 0.000007 0.000004 9.109295 -0.518020 2.259899 0.287416 3.189500 -8.363680 -0.000004 0.001662 -0.016208 0.000005 -0.001022 0.010024 0.000000 0.000000 0.000000 9.533402 0.000010 -0.000000 0.124656 3.201690 -8.197509 0.000005 -0.000006 0.000006 0.000001 0.000005 -0.000002 0.000000 -0.000000 0.000001 9.104498 -0.043001 -1.865101 0.108202 3.079164 -6.987591 0.000005 -0.000012 0.000002 0.000002 -0.000000 0.000004 -0.000001 0.000000 0.000001 8.077798 -0.486890 -3.806301 0.089442 2.906232 -5.290077 0.000003 -0.000002 -0.000010 0.000000 -0.000005 0.000025 0.000000 -0.000001 -0.000000 -8.207796 -6.751703 -1.599540 -48.154476 -3.591112 -48.319695 6.871318 -10.004109 -4.964634 -7.268881 -17.939577 11.176369 3.859004 -0.000003 -0.000003 0.000001 0.000000 -0.000002 8.207800 -6.751705 -1.599550 -62.482092 3.501898 57.011859 22.281131 -3.620238 2.954213 29.401833 0.053813 -0.809343 0.145027 -0.000014 -0.000029 -0.000001 -0.000001 0.000000 
0.176823 35.262039 -3.294281 -115.206672 5.478802 3.147014 0.000000 10.181547 0.131523 53.790912 -8.033161 -1.595025 14.452294 -2.540451 2.904999 14.513778 -1.532698 3.001468 0.000000 16.740374 -2.049019 8.082123 0.157414 1.364754 0.000000 9.617843 1.684967 28.114155 3.120509 6.425601 0.000001 22.037384 7.501075 -0.000000 0.000000 0.000000 -4.570001 11.014858 -2.160839 0.566137 -0.020113 -1.614849 30.312103 -9.214755 94.146235 -0.000003 41.605933 0.000011 40.690323 -35.450512 -75.217376 -2.464808 -1.573992 2.681913 -11.630453 11.625162 -20.750857 6.358357 -14.447667 -2.112241 -5.504768 -5.510924 -14.718511 0.000002 -0.000004 0.000003 -9.108294 -0.517870 2.259800 0.083329 -2.854491 7.046420 0.000011 -0.007202 0.088408 0.000001 0.004412 -0.054199 0.000001 0.000002 0.000001 -9.532492 0.000012 -0.000001 0.082086 -2.844314 6.920395 0.000004 -0.008861 0.108735 0.000008 0.005344 -0.065526 0.000000 0.000001 0.000000 -9.103596 -0.043089 -1.865102 0.079705 -2.824400 6.674078 0.000006 -0.006796 0.083420 -0.000001 0.003655 -0.044840 -0.000000 0.000000 0.000000 -8.076706 -0.486721 -3.806301 0.060636 -2.632567 4.306780 0.000009 -0.010634 0.130552 0.000002 0.006031 -0.074011 -0.000000 0.000001 -0.000000 4.570399 11.014660 -2.160813 5.816769 -2.815286 -0.615037 36.106330 6.688025 -105.633452 -0.000005 -34.433183 0.000013 19.018418 20.661724 91.424869 2.466090 -1.576211 2.681698 -12.388627 -9.936137 20.816846 5.987296 12.645730 1.346538 -7.335785 -0.421671 13.147353 0.000003 0.000007 0.000004 9.109295 -0.518020 2.259899 0.287416 3.189500 -8.363680 -0.000004 0.001662 -0.016208 0.000005 -0.001022 0.010024 0.000000 0.000000 0.000000 9.533402 0.000010 -0.000000 0.124656 3.201690 -8.197509 0.000005 -0.000006 0.000006 0.000001 0.000005 -0.000002 0.000000 -0.000000 0.000001 9.104498 -0.043001 -1.865101 0.108202 3.079164 -6.987591 0.000005 -0.000012 0.000002 0.000002 -0.000000 0.000004 -0.000001 0.000000 0.000001 8.077798 -0.486890 -3.806301 0.089442 2.906232 -5.290077 0.000003 -0.000002 -0.000010 0.000000 -0.000005 0.000025 0.000000 -0.000001 -0.000000 -8.207796 -6.751703 -1.599540 -48.154476 -3.591112 -48.319695 6.871318 -10.004109 -4.964634 -7.268881 -17.939577 11.176369 3.859004 -0.000003 -0.000003 0.000001 0.000000 -0.000002 8.207800 -6.751705 -1.599550 -62.482092 3.501898 57.011859 22.281131 -3.620238 2.954213 29.401833 0.053813 -0.809343 0.145027 -0.000014 -0.000029 -0.000001 -0.000001 0.000000 
0.176823 35.262039 -3.294281 -115.206672 5.478802 3.147014 0.000000 10.181547 0.131523 53.790912 -8.033161 -1.595025 14.452294 -2.540451 2.904999 14.513778 -1.532698 3.001468 0.000000 16.740374 -2.049019 8.082123 0.157414 1.364754 0.000000 9.617843 1.684967 28.114155 3.120509 6.425601 0.000001 22.037384 7.501075 -0.000000 0.000000 0.000000 -4.570001 11.014858 -2.160839 0.566137 -0.020113 -1.614849 30.312103 -9.214755 94.146235 -0.000003 41.605933 0.000011 40.690323 -35.450512 -75.217376 -2.464808 -1.573992 2.681913 -11.630453 11.625162 -20.750857 6.358357 -14.447667 -2.112241 -5.504768 -5.510924 -14.718511 0.000002 -0.000004 0.000003 -9.108294 -0.517870 2.259800 0.083329 -2.854491 7.046420 0.000011 -0.007202 0.088408 0.000001 0.004412 -0.054199 0.000001 0.000002 0.000001 -9.532492 0.000012 -0.000001 0.082086 -2.844314 6.920395 0.000004 -0.008861 0.108735 0.000008 0.005344 -0.065526 0.000000 0.000001 0.000000 -9.103596 -0.043089 -1.865102 0.079705 -2.824400 6.674078 0.000006 -0.006796 0.083420 -0.000001 0.003655 -0.044840 -0.000000 0.000000 0.000000 -8.076706 -0.486721 -3.806301 0.060636 -2.632567 4.306780 0.000009 -0.010634 0.130552 0.000002 0.006031 -0.074011 -0.000000 0.000001 -0.000000 4.570399 11.014660 -2.160813 5.816769 -2.815286 -0.615037 36.106330 6.688025 -105.633452 -0.000005 -34.433183 0.000013 19.018418 20.661724 91.424869 2.466090 -1.576211 2.681698 -12.388627 -9.936137 20.816846 5.987296 12.645730 1.346538 -7.335785 -0.421671 13.147353 0.000003 0.000007 0.000004 9.109295 -0.518020 2.259899 0.287416 3.189500 -8.363680 -0.000004 0.001662 -0.016208 0.000005 -0.001022 0.010024 0.000000 0.000000 0.000000 9.533402 0.000010 -0.000000 0.124656 3.201690 -8.197509 0.000005 -0.000006 0.000006 0.000001 0.000005 -0.000002 0.000000 -0.000000 0.000001 9.104498 -0.043001 -1.865101 0.108202 3.079164 -6.987591 0.000005 -0.000012 0.000002 0.000002 -0.000000 0.000004 -0.000001 0.000000 0.000001 8.077798 -0.486890 -3.806301 0.089442 2.906232 -5.290077 0.000003 -0.000002 -0.000010 0.000000 -0.000005 0.000025 0.000000 -0.000001 -0.000000 -8.207796 -6.751703 -1.599540 -48.154476 -3.591112 -48.319695 6.871318 -10.004109 -4.964634 -7.268881 -17.939577 11.176369 3.859004 -0.000003 -0.000003 0.000001 0.000000 -0.000002 8.207800 -6.751705 -1.599550 -62.482092 3.501898 57.011859 22.281131 -3.620238 2.954213 29.401833 0.053813 -0.809343 0.145027 -0.000014 -0.000029 -0.000001 -0.000001 0.000000 
0.176823 35.262039 -3.294281 -115.206672 5.478802 3.147014 0.000000 10.181547 0.131523 53.790912 -8.033161 -1.595025 14.452294 -2.540451 2.904999 14.513778 -1.532698 3.001468 0.000000 16.740374 -2.049019 8.082123 0.157414 1.364754 0.000000 9.617843 1.684967 28.114155 3.120509 6.425601 0.000001 22.037384 7.501075 -0.000000 0.000000 0.000000 -4.570001 11.014858 -2.160839 0.566137 -0.020113 -1.614849 30.312103 -9.214755 94.146235 -0.000003 41.605933 0.000011 40.690323 -35.450512 -75.217376 -2.464808 -1.573992 2.681913 -11.630453 11.625162 -20.750857 6.358357 -14.447667 -2.112241 -5.504768 -5.510924 -14.718511 0.000002 -0.000004 0.000003 -9.108294 -0.517870 2.259800 0.083329 -2.854491 7.046420 0.000011 -0.007202 0.088408 0.000001 0.004412 -0.054199 0.000001 0.000002 0.000001 -9.532492 0.000012 -0.000001 0.082086 -2.844314 6.920395 0.000004 -0.008861 0.108735 0.000008 0.005344 -0.065526 0.000000 0.000001 0.000000 -9.103596 -0.043089 -1.865102 0.079705 -2.824400 6.674078 0.000006 -0.006796 0.083420 -0.000001 0.003655 -0.044840 -0.000000 0.000000 0.000000 -8.076706 -0.486721 -3.806301 0.060636 -2.632567 4.306780 0.000009 -0.010634 0.130552 0.000002 0.006031 -0.074011 -0.000000 0.000001 -0.000000 4.570399 11.014660 -2.160813 5.816769 -2.815286 -0.615037 36.106330 6.688025 -105.633452 -0.000005 -34.433183 0.000013 19.018418 20.661724 91.424869 2.466090 -1.576211 2.681698 -12.388627 -9.936137 20.816846 5.987296 12.645730 1.346538 -7.335785 -0.421671 13.147353 0.000003 0.000007 0.000004 9.109295 -0.518020 2.259899 0.287416 3.189500 -8.363680 -0.000004 0.001662 -0.016208 0.000005 -0.001022 0.010024 0.000000 0.000000 0.000000 9.533402 0.000010 -0.000000 0.124656 3.201690 -8.197509 0.000005 -0.000006 0.000006 0.000001 0.000005 -0.000002 0.000000 -0.000000 0.000001 9.104498 -0.043001 -1.865101 0.108202 3.079164 -6.987591 0.000005 -0.000012 0.000002 0.000002 -0.000000 0.000004 -0.000001 0.000000 0.000001 8.077798 -0.486890 -3.806301 0.089442 2.906232 -5.290077 0.000003 -0.000002 -0.000010 0.000000 -0.000005 0.000025 0.000000 -0.000001 -0.000000 -8.207796 -6.751703 -1.599540 -48.154476 -3.591112 -48.319695 6.871318 -10.004109 -4.964634 -7.268881 -17.939577 11.176369 3.859004 -0.000003 -0.000003 0.000001 0.000000 -0.000002 8.207800 -6.751705 -1.599550 -62.482092 3.501898 57.011859 22.281131 -3.620238 2.954213 29.401833 0.053813 -0.809343 0.145027 -0.000014 -0.000029 -0.000001 -0.000001 0.000000 
0.176823 35.262039 -3.294281 -115.206672 5.478802 3.147014 0.000000 10.181547 0.131523 53.790912 -8.033161 -1.595025 14.452294 -2.540451 2.904999 14.513778 -1.532698 3.001468 0.000000 16.740374 -2.049019 8.082123 0.157414 1.364754 0.000000 9.617843 1.684967 28.114155 3.120509 6.425601 0.000001 22.037384 7.501075 -0.000000 0.000000 0.000000 -4.570001 11.014858 -2.160839 0.566137 -0.020113 -1.614849 30.312103 -9.214755 94.146235 -0.000003 41.605933 0.000011 40.690323 -35.450512 -75.217376 -2.464808 -1.573992 2.681913 -11.630453 11.625162 -20.750857 6.358357 -14.447667 -2.112241 -5.504768 -5.510924 -14.718511 0.000002 -0.000004 0.000003 -9.108294 -0.517870 2.259800 0.083329 -2.854491 7.046420 0.000011 -0.007202 0.088408 0.000001 0.004412 -0.054199 0.000001 0.000002 0.000001 -9.532492 0.000012 -0.000001 0.082086 -2.844314 6.920395 0.000004 -0.008861 0.108735 0.000008 0.005344 -0.065526 0.000000 0.000001 0.000000 -9.103596 -0.043089 -1.865102 0.079705 -2.824400 6.674078 0.000006 -0.006796 0.083420 -0.000001 0.003655 -0.044840 -0.000000 0.000000 0.000000 -8.076706 -0.486721 -3.806301 0.060636 -2.632567 4.306780 0.000009 -0.010634 0.130552 0.000002 0.006031 -0.074011 -0.000000 0.000001 -0.000000 4.570399 11.014660 -2.160813 5.816769 -2.815286 -0.615037 36.106330 6.688025 -105.633452 -0.000005 -34.433183 0.000013 19.018418 20.661724 91.424869 2.466090 -1.576211 2.681698 -12.388627 -9.936137 20.816846 5.987296 12.645730 1.346538 -7.335785 -0.421671 13.147353 0.000003 0.000007 0.000004 9.109295 -0.518020 2.259899 0.287416 3.189500 -8.363680 -0.000004 0.001662 -0.016208 0.000005 -0.001022 0.010024 0.000000 0.000000 0.000000 9.533402 0.000010 -0.000000 0.124656 3.201690 -8.197509 0.000005 -0.000006 0.000006 0.000001 0.000005 -0.000002 0.000000 -0.000000 0.000001 9.104498 -0.043001 -1.865101 0.108202 3.079164 -6.987591 0.000005 -0.000012 0.000002 0.000002 -0.000000 0.000004 -0.000001 0.000000 0.000001 8.077798 -0.486890 -3.806301 0.089442 2.906232 -5.290077 0.000003 -0.000002 -0.000010 0.000000 -0.000005 0.000025 0.000000 -0.000001 -0.000000 -8.207796 -6.751703 -1.599540 -48.154476 -3.591112 -48.319695 6.871318 -10.004109 -4.964634 -7.268881 -17.939577 11.176369 3.859004 -0.000003 -0.000003 0.000001 0.000000 -0.000002 8.207800 -6.751705 -1.599550 -62.482092 3.501898 57.011859 22.281131 -3.620238 2.954213 29.401833 0.053813 -0.809343 0.145027 -0.000014 -0.000029 -0.000001 -0.000001 0.000000 
0.176823 35.262039 -3.294281 -115.206672 5.478802 3.147014 0.000000 10.181547 0.131523 53.790912 -8.033161 -1.595025 14.452294 -2.540451 2.904999 14.513778 -1.532698 3.001468 0.000000 16.740374 -2.049019 8.082123 0.157414 1.364754 0.000000 9.617843 1.684967 28.114155 3.120509 6.425601 0.000001 22.037384 7.501075 -0.000000 0.000000 0.000000 -4.570001 11.014858 -2.160839 0.566137 -0.020113 -1.614849 30.312103 -9.214755 94.146235 -0.000003 41.605933 0.000011 40.690323 -35.450512 -75.217376 -2.464808 -1.573992 2.681913 -11.630453 11.625162 -20.750857 6.358357 -14.447667 -2.112241 -5.504768 -5.510924 -14.718511 0.000002 -0.000004 0.000003 -9.108294 -0.517870 2.259800 0.083329 -2.854491 7.046420 0.000011 -0.007202 0.088408 0.000001 0.004412 -0.054199 0.000001 0.000002 0.000001 -9.532492 0.000012 -0.000001 0.082086 -2.844314 6.920395 0.000004 -0.008861 0.108735 0.000008 0.005344 -0.065526 0.000000 0.000001 0.000000 -9.103596 -0.043089 -1.865102 0.079705 -2.824400 6.674078 0.000006 -0.006796 0.083420 -0.000001 0.003655 -0.044840 -0.000000 0.000000 0.000000 -8.076706 -0.486721 -3.806301 0.060636 -2.632567 4.306780 0.000009 -0.010634 0.130552 0.000002 0.006031 -0.074011 -0.000000 0.000001 -0.000000 4.570399 11.014660 -2.160813 5.816769 -2.815286 -0.615037 36.106330 6.688025 -105.633452 -0.000005 -34.433183 0.000013 19.018418 20.661724 91.424869 2.466090 -1.576211 2.681698 -12.388627 -9.936137 20.816846 5.987296 12.645730 1.346538 -7.335785 -0.421671 13.147353 0.000003 0.000007 0.000004 9.109295 -0.518020 2.259899 0.287416 3.189500 -8.363680 -0.000004 0.001662 -0.016208 0.000005 -0.001022 0.010024 0.000000 0.000000 0.000000 9.533402 0.000010 -0.000000 0.124656 3.201690 -8.197509 0.000005 -0.000006 0.000006 0.000001 0.000005 -0.000002 0.000000 -0.000000 0.000001 9.104498 -0.043001 -1.865101 0.108202 3.079164 -6.987591 0.000005 -0.000012 0.000002 0.000002 -0.000000 0.000004 -0.000001 0.000000 0.000001 8.077798 -0.486890 -3.806301 0.089442 2.906232 -5.290077 0.000003 -0.000002 -0.000010 0.000000 -0.000005 0.000025 0.000000 -0.000001 -0.000000 -8.207796 -6.751703 -1.599540 -48.154476 -3.591112 -48.319695 6.871318 -10.004109 -4.964634 -7.268881 -17.939577 11.176369 3.859004 -0.000003 -0.000003 0.000001 0.000000 -0.000002 8.207800 -6.751705 -1.599550 -62.482092 3.501898 57.011859 22.281131 -3.620238 2.954213 29.401833 0.053813 -0.809343 0.145027 -0.000014 -0.000029 -0.000001 -0.000001 0.000000 
0.176823 35.262039 -3.294281 -115.206672 5.478802 3.147014 0.000000 10.181547 0.131523 53.790912 -8.033161 -1.595025 14.452294 -2.540451 2.904999 14.513778 -1.532698 3.001468 0.000000 16.740374 -2.049019 8.082123 0.157414 1.364754 0.000000 9.617843 1.684967 28.114155 3.120509 6.425601 0.000001 22.037384 7.501075 -0.000000 0.000000 0.000000 -4.570001 11.014858 -2.160839 0.566137 -0.020113 -1.614849 30.312103 -9.214755 94.146235 -0.000003 41.605933 0.000011 40.690323 -35.450512 -75.217376 -2.464808 -1.573992 2.681913 -11.630453 11.625162 -20.750857 6.358357 -14.447667 -2.112241 -5.504768 -5.510924 -14.718511 0.000002 -0.000004 0.000003 -9.108294 -0.517870 2.259800 0.083329 -2.854491 7.046420 0.000011 -0.007202 0.088408 0.000001 0.004412 -0.054199 0.000001 0.000002 0.000001 -9.532492 0.000012 -0.000001 0.082086 -2.844314 6.920395 0.000004 -0.008861 0.108735 0.000008 0.005344 -0.065526 0.000000 0.000001 0.000000 -9.103596 -0.043089 -1.865102 0.079705 -2.824400 6.674078 0.000006 -0.006796 0.083420 -0.000001 0.003655 -0.044840 -0.000000 0.000000 0.000000 -8.076706 -0.486721 -3.806301 0.060636 -2.632567 4.306780 0.000009 -0.010634 0.130552 0.000002 0.006031 -0.074011 -0.000000 0.000001 -0.000000 4.570399 11.014660 -2.160813 5.816769 -2.815286 -0.615037 36.106330 6.688025 -105.633452 -0.000005 -34.433183 0.000013 19.018418 20.661724 91.424869 2.466090 -1.576211 2.681698 -12.388627 -9.936137 20.816846 5.987296 12.645730 1.346538 -7.335785 -0.421671 13.147353 0.000003 0.000007 0.000004 9.109295 -0.518020 2.259899 0.287416 3.189500 -8.363680 -0.000004 0.001662 -0.016208 0.000005 -0.001022 0.010024 0.000000 0.000000 0.000000 9.533402 0.000010 -0.000000 0.124656 3.201690 -8.197509 0.000005 -0.000006 0.000006 0.000001 0.000005 -0.000002 0.000000 -0.000000 0.000001 9.104498 -0.043001 -1.865101 0.108202 3.079164 -6.987591 0.000005 -0.000012 0.000002 0.000002 -0.000000 0.000004 -0.000001 0.000000 0.000001 8.077798 -0.486890 -3.806301 0.089442 2.906232 -5.290077 0.000003 -0.000002 -0.000010 0.000000 -0.000005 0.000025 0.000000 -0.000001 -0.000000 -8.207796 -6.751703 -1.599540 -48.154476 -3.591112 -48.319695 6.871318 -10.004109 -4.964634 -7.268881 -17.939577 11.176369 3.859004 -0.000003 -0.000003 0.000001 0.000000 -0.000002 8.207800 -6.751705 -1.599550 -62.482092 3.501898 57.011859 22.281131 -3.620238 2.954213 29.401833 0.053813 -0.809343 0.145027 -0.000014 -0.000029 -0.000001 -0.000001 0.000000 
0.176823 35.262039 -3.294281 -115.206672 5.478802 3.147014 0.000000 10.181547 0.131523 53.790912 -8.033161 -1.595025 14.452294 -2.540451 2.904999 14.513778 -1.532698 3.001468 0.000000 16.740374 -2.049019 8.082123 0.157414 1.364754 0.000000 9.617843 1.684967 28.114155 3.120509 6.425601 0.000001 22.037384 7.501075 -0.000000 0.000000 0.000000 -4.570001 11.014858 -2.160839 0.566137 -0.020113 -1.614849 30.312103 -9.214755 94.146235 -0.000003 41.605933 0.000011 40.690323 -35.450512 -75.217376 -2.464808 -1.573992 2.681913 -11.630453 11.625162 -20.750857 6.358357 -14.447667 -2.112241 -5.504768 -5.510924 -14.718511 0.000002 -0.000004 0.000003 -9.108294 -0.517870 2.259800 0.083329 -2.854491 7.046420 0.000011 -0.007202 0.088408 0.000001 0.004412 -0.054199 0.000001 0.000002 0.000001 -9.532492 0.000012 -0.000001 0.082086 -2.844314 6.920395 0.000004 -0.008861 0.108735 0.000008 0.005344 -0.065526 0.000000 0.000001 0.000000 -9.103596 -0.043089 -1.865102 0.079705 -2.824400 6.674078 0.000006 -0.006796 0.083420 -0.000001 0.003655 -0.044840 -0.000000 0.000000 0.000000 -8.076706 -0.486721 -3.806301 0.060636 -2.632567 4.306780 0.000009 -0.010634 0.130552 0.000002 0.006031 -0.074011 -0.000000 0.000001 -0.000000 4.570399 11.014660 -2.160813 5.816769 -2.815286 -0.615037 36.106330 6.688025 -105.633452 -0.000005 -34.433183 0.000013 19.018418 20.661724 91.424869 2.466090 -1.576211 2.681698 -12.388627 -9.936137 20.816846 5.987296 12.645730 1.346538 -7.335785 -0.421671 13.147353 0.000003 0.000007 0.000004 9.109295 -0.518020 2.259899 0.287416 3.189500 -8.363680 -0.000004 0.001662 -0.016208 0.000005 -0.001022 0.010024 0.000000 0.000000 0.000000 9.533402 0.000010 -0.000000 0.124656 3.201690 -8.197509 0.000005 -0.000006 0.000006 0.000001 0.000005 -0.000002 0.000000 -0.000000 0.000001 9.104498 -0.043001 -1.865101 0.108202 3.079164 -6.987591 0.000005 -0.000012 0.000002 0.000002 -0.000000 0.000004 -0.000001 0.000000 0.000001 8.077798 -0.486890 -3.806301 0.089442 2.906232 -5.290077 0.000003 -0.000002 -0.000010 0.000000 -0.000005 0.000025 0.000000 -0.000001 -0.000000 -8.207796 -6.751703 -1.599540 -48.154476 -3.591112 -48.319695 6.871318 -10.004109 -4.964634 -7.268881 -17.939577 11.176369 3.859004 -0.000003 -0.000003 0.000001 0.000000 -0.000002 8.207800 -6.751705 -1.599550 -62.482092 3.501898 57.011859 22.281131 -3.620238 2.954213 29.401833 0.053813 -0.809343 0.145027 -0.000014 -0.000029 -0.000001 -0.000001 0.000000 
0.176823 35.262039 -3.294281 -115.206672 5.478802 3.147014 0.000000 10.181547 0.131523 53.790912 -8.033161 -1.595025 14.452294 -2.540451 2.904999 14.513778 -1.532698 3.001468 0.000000 16.740374 -2.049019 8.082123 0.157414 1.364754 0.000000 9.617843 1.684967 28.114155 3.120509 6.425601 0.000001 22.037384 7.501075 -0.000000 0.000000 0.000000 -4.570001 11.014858 -2.160839 0.566137 -0.020113 -1.614849 30.312103 -9.214755 94.146235 -0.000003 41.605933 0.000011 40.690323 -35.450512 -75.217376 -2.464808 -1.573992 2.681913 -11.630453 11.625162 -20.750857 6.358357 -14.447667 -2.112241 -5.504768 -5.510924 -14.718511 0.000002 -0.000004 0.000003 -9.108294 -0.517870 2.259800 0.083329 -2.854491 7.046420 0.000011 -0.007202 0.088408 0.000001 0.004412 -0.054199 0.000001 0.000002 0.000001 -9.532492 0.000012 -0.000001 0.082086 -2.844314 6.920395 0.000004 -0.008861 0.108735 0.000008 0.005344 -0.065526 0.000000 0.000001 0.000000 -9.103596 -0.043089 -1.865102 0.079705 -2.824400 6.674078 0.000006 -0.006796 0.083420 -0.000001 0.003655 -0.044840 -0.000000 0.000000 0.000000 -8.076706 -0.486721 -3.806301 0.060636 -2.632567 4.306780 0.000009 -0.010634 0.130552 0.000002 0.006031 -0.074011 -0.000000 0.000001 -0.000000 4.570399 11.014660 -2.160813 5.816769 -2.815286 -0.615037 36.106330 6.688025 -105.633452 -0.000005 -34.433183 0.000013 19.018418 20.661724 91.424869 2.466090 -1.576211 2.681698 -12.388627 -9.936137 20.816846 5.987296 12.645730 1.346538 -7.335785 -0.421671 13.147353 0.000003 0.000007 0.000004 9.109295 -0.518020 2.259899 0.287416 3.189500 -8.363680 -0.000004 0.001662 -0.016208 0.000005 -0.001022 0.010024 0.000000 0.000000 0.000000 9.533402 0.000010 -0.000000 0.124656 3.201690 -8.197509 0.000005 -0.000006 0.000006 0.000001 0.000005 -0.000002 0.000000 -0.000000 0.000001 9.104498 -0.043001 -1.865101 0.108202 3.079164 -6.987591 0.000005 -0.000012 0.000002 0.000002 -0.000000 0.000004 -0.000001 0.000000 0.000001 8.077798 -0.486890 -3.806301 0.089442 2.906232 -5.290077 0.000003 -0.000002 -0.000010 0.000000 -0.000005 0.000025 0.000000 -0.000001 -0.000000 -8.207796 -6.751703 -1.599540 -48.154476 -3.591112 -48.319695 6.871318 -10.004109 -4.964634 -7.268881 -17.939577 11.176369 3.859004 -0.000003 -0.000003 0.000001 0.000000 -0.000002 8.207800 -6.751705 -1.599550 -62.482092 3.501898 57.011859 22.281131 -3.620238 2.954213 29.401833 0.053813 -0.809343 0.145027 -0.000014 -0.000029 -0.000001 -0.000001 0.000000 
0.176823 35.262039 -3.294281 -115.206672 5.478802 3.147014 0.000000 10.181547 0.131523 53.790912 -8.033161 -1.595025 14.452294 -2.540451 2.904999 14.513778 -1.532698 3.001468 0.000000 16.740374 -2.049019 8.082123 0.157414 1.364754 0.000000 9.617843 1.684967 28.114155 3.120509 6.425601 0.000001 22.037384 7.501075 -0.000000 0.000000 0.000000 -4.570001 11.014858 -2.160839 0.566137 -0.020113 -1.614849 30.312103 -9.214755 94.146235 -0.000003 41.605933 0.000011 40.690323 -35.450512 -75.217376 -2.464808 -1.573992 2.681913 -11.630453 11.625162 -20.750857 6.358357 -14.447667 -2.112241 -5.504768 -5.510924 -14.718511 0.000002 -0.000004 0.000003 -9.108294 -0.517870 2.259800 0.083329 -2.854491 7.046420 0.000011 -0.007202 0.088408 0.000001 0.004412 -0.054199 0.000001 0.000002 0.000001 -9.532492 0.000012 -0.000001 0.082086 -2.844314 6.920395 0.000004 -0.008861 0.108735 0.000008 0.005344 -0.065526 0.000000 0.000001 0.000000 -9.103596 -0.043089 -1.865102 0.079705 -2.824400 6.674078 0.000006 -0.006796 0.083420 -0.000001 0.003655 -0.044840 -0.000000 0.000000 0.000000 -8.076706 -0.486721 -3.806301 0.060636 -2.632567 4.306780 0.000009 -0.010634 0.130552 0.000002 0.006031 -0.074011 -0.000000 0.000001 -0.000000 4.570399 11.014660 -2.160813 5.816769 -2.815286 -0.615037 36.106330 6.688025 -105.633452 -0.000005 -34.433183 0.000013 19.018418 20.661724 91.424869 2.466090 -1.576211 2.681698 -12.388627 -9.936137 20.816846 5.987296 12.645730 1.346538 -7.335785 -0.421671 13.147353 0.000003 0.000007 0.000004 9.109295 -0.518020 2.259899 0.287416 3.189500 -8.363680 -0.000004 0.001662 -0.016208 0.000005 -0.001022 0.010024 0.000000 0.000000 0.000000 9.533402 0.000010 -0.000000 0.124656 3.201690 -8.197509 0.000005 -0.000006 0.000006 0.000001 0.000005 -0.000002 0.000000 -0.000000 0.000001 9.104498 -0.043001 -1.865101 0.108202 3.079164 -6.987591 0.000005 -0.000012 0.000002 0.000002 -0.000000 0.000004 -0.000001 0.000000 0.000001 8.077798 -0.486890 -3.806301 0.089442 2.906232 -5.290077 0.000003 -0.000002 -0.000010 0.000000 -0.000005 0.000025 0.000000 -0.000001 -0.000000 -8.207796 -6.751703 -1.599540 -48.154476 -3.591112 -48.319695 6.871318 -10.004109 -4.964634 -7.268881 -17.939577 11.176369 3.859004 -0.000003 -0.000003 0.000001 0.000000 -0.000002 8.207800 -6.751705 -1.599550 -62.482092 3.501898 57.011859 22.281131 -3.620238 2.954213 29.401833 0.053813 -0.809343 0.145027 -0.000014 -0.000029 -0.000001 -0.000001 0.000000 
0.176823 35.262039 -3.294281 -115.206672 5.478802 3.147014 0.000000 10.181547 0.131523 53.790912 -8.033161 -1.595025 14.452294 -2.540451 2.904999 14.513778 -1.532698 3.001468 0.000000 16.740374 -2.049019 8.082123 0.157414 1.364754 0.000000 9.617843 1.684967 28.114155 3.120509 6.425601 0.000001 22.037384 7.501075 -0.000000 0.000000 0.000000 -4.570001 11.014858 -2.160839 0.566137 -0.020113 -1.614849 30.312103 -9.214755 94.146235 -0.000003 41.605933 0.000011 40.690323 -35.450512 -75.217376 -2.464808 -1.573992 2.681913 -11.630453 11.625162 -20.750857 6.358357 -14.447667 -2.112241 -5.504768 -5.510924 -14.718511 0.000002 -0.000004 0.000003 -9.108294 -0.517870 2.259800 0.083329 -2.854491 7.046420 0.000011 -0.007202 0.088408 0.000001 0.004412 -0.054199 0.000001 0.000002 0.000001 -9.532492 0.000012 -0.000001 0.082086 -2.844314 6.920395 0.000004 -0.008861 0.108735 0.000008 0.005344 -0.065526 0.000000 0.000001 0.000000 -9.103596 -0.043089 -1.865102 0.079705 -2.824400 6.674078 0.000006 -0.006796 0.083420 -0.000001 0.003655 -0.044840 -0.000000 0.000000 0.000000 -8.076706 -0.486721 -3.806301 0.060636 -2.632567 4.306780 0.000009 -0.010634 0.130552 0.000002 0.006031 -0.074011 -0.000000 0.000001 -0.000000 4.570399 11.014660 -2.160813 5.816769 -2.815286 -0.615037 36.106330 6.688025 -105.633452 -0.000005 -34.433183 0.000013 19.018418 20.661724 91.424869 2.466090 -1.576211 2.681698 -12.388627 -9.936137 20.816846 5.987296 12.645730 1.346538 -7.335785 -0.421671 13.147353 0.000003 0.000007 0.000004 9.109295 -0.518020 2.259899 0.287416 3.189500 -8.363680 -0.000004 0.001662 -0.016208 0.000005 -0.001022 0.010024 0.000000 0.000000 0.000000 9.533402 0.000010 -0.000000 0.124656 3.201690 -8.197509 0.000005 -0.000006 0.000006 0.000001 0.000005 -0.000002 0.000000 -0.000000 0.000001 9.104498 -0.043001 -1.865101 0.108202 3.079164 -6.987591 0.000005 -0.000012 0.000002 0.000002 -0.000000 0.000004 -0.000001 0.000000 0.000001 8.077798 -0.486890 -3.806301 0.089442 2.906232 -5.290077 0.000003 -0.000002 -0.000010 0.000000 -0.000005 0.000025 0.000000 -0.000001 -0.000000 -8.207796 -6.751703 -1.599540 -48.154476 -3.591112 -48.319695 6.871318 -10.004109 -4.964634 -7.268881 -17.939577 11.176369 3.859004 -0.000003 -0.000003 0.000001 0.000000 -0.000002 8.207800 -6.751705 -1.599550 -62.482092 3.501898 57.011859 22.281131 -3.620238 2.954213 29.401833 0.053813 -0.809343 0.145027 -0.000014 -0.000029 -0.000001 -0.000001 0.000000 
0.176823 35.262039 -3.294281 -115.206672 5.478802 3.147014 0.000000 10.181547 0.131523 53.790912 -8.033161 -1.595025 14.452294 -2.540451 2.904999 14.513778 -1.532698 3.001468 0.000000 16.740374 -2.049019 8.082123 0.157414 1.364754 0.000000 9.617843 1.684967 28.114155 3.120509 6.425601 0.000001 22.037384 7.501075 -0.000000 0.000000 0.000000 -4.570001 11.014858 -2.160839 0.566137 -0.020113 -1.614849 30.312103 -9.214755 94.146235 -0.000003 41.605933 0.000011 40.690323 -35.450512 -75.217376 -2.464808 -1.573992 2.681913 -11.630453 11.625162 -20.750857 6.358357 -14.447667 -2.112241 -5.504768 -5.510924 -14.718511 0.000002 -0.000004 0.000003 -9.108294 -0.517870 2.259800 0.083329 -2.854491 7.046420 0.000011 -0.007202 0.088408 0.000001 0.004412 -0.054199 0.000001 0.000002 0.000001 -9.532492 0.000012 -0.000001 0.082086 -2.844314 6.920395 0.000004 -0.008861 0.108735 0.000008 0.005344 -0.065526 0.000000 0.000001 0.000000 -9.103596 -0.043089 -1.865102 0.079705 -2.824400 6.674078 0.000006 -0.006796 0.083420 -0.000001 0.003655 -0.044840 -0.000000 0.000000 0.000000 -8.076706 -0.486721 -3.806301 0.060636 -2.632567 4.306780 0.000009 -0.010634 0.130552 0.000002 0.006031 -0.074011 -0.000000 0.000001 -0.000000 4.570399 11.014660 -2.160813 5.816769 -2.815286 -0.615037 36.106330 6.688025 -105.633452 -0.000005 -34.433183 0.000013 19.018418 20.661724 91.424869 2.466090 -1.576211 2.681698 -12.388627 -9.936137 20.816846 5.987296 12.645730 1.346538 -7.335785 -0.421671 13.147353 0.000003 0.000007 0.000004 9.109295 -0.518020 2.259899 0.287416 3.189500 -8.363680 -0.000004 0.001662 -0.016208 0.000005 -0.001022 0.010024 0.000000 0.000000 0.000000 9.533402 0.000010 -0.000000 0.124656 3.201690 -8.197509 0.000005 -0.000006 0.000006 0.000001 0.000005 -0.000002 0.000000 -0.000000 0.000001 9.104498 -0.043001 -1.865101 0.108202 3.079164 -6.987591 0.000005 -0.000012 0.000002 0.000002 -0.000000 0.000004 -0.000001 0.000000 0.000001 8.077798 -0.486890 -3.806301 0.089442 2.906232 -5.290077 0.000003 -0.000002 -0.000010 0.000000 -0.000005 0.000025 0.000000 -0.000001 -0.000000 -8.207796 -6.751703 -1.599540 -48.154476 -3.591112 -48.319695 6.871318 -10.004109 -4.964634 -7.268881 -17.939577 11.176369 3.859004 -0.000003 -0.000003 0.000001 0.000000 -0.000002 8.207800 -6.751705 -1.599550 -62.482092 3.501898 57.011859 22.281131 -3.620238 2.954213 29.401833 0.053813 -0.809343 0.145027 -0.000014 -0.000029 -0.000001 -0.000001 0.000000 
0.176823 35.262039 -3.294281 -115.206672 5.478802 3.147014 0.000000 10.181547 0.131523 53.790912 -8.033161 -1.595025 14.452294 -2.540451 2.904999 14.513778 -1.532698 3.001468 0.000000 16.740374 -2.049019 8.082123 0.157414 1.364754 0.000000 9.617843 1.684967 28.114155 3.120509 6.425601 0.000001 22.037384 7.501075 -0.000000 0.000000 0.000000 -4.570001 11.014858 -2.160839 0.566137 -0.020113 -1.614849 30.312103 -9.214755 94.146235 -0.000003 41.605933 0.000011 40.690323 -35.450512 -75.217376 -2.464808 -1.573992 2.681913 -11.630453 11.625162 -20.750857 6.358357 -14.447667 -2.112241 -5.504768 -5.510924 -14.718511 0.000002 -0.000004 0.000003 -9.108294 -0.517870 2.259800 0.083329 -2.854491 7.046420 0.000011 -0.007202 0.088408 0.000001 0.004412 -0.054199 0.000001 0.000002 0.000001 -9.532492 0.000012 -0.000001 0.082086 -2.844314 6.920395 0.000004 -0.008861 0.108735 0.000008 0.005344 -0.065526 0.000000 0.000001 0.000000 -9.103596 -0.043089 -1.865102 0.079705 -2.824400 6.674078 0.000006 -0.006796 0.083420 -0.000001 0.003655 -0.044840 -0.000000 0.000000 0.000000 -8.076706 -0.486721 -3.806301 0.060636 -2.632567 4.306780 0.000009 -0.010634 0.130552 0.000002 0.006031 -0.074011 -0.000000 0.000001 -0.000000 4.570399 11.014660 -2.160813 5.816769 -2.815286 -0.615037 36.106330 6.688025 -105.633452 -0.000005 -34.433183 0.000013 19.018418 20.661724 91.424869 2.466090 -1.576211 2.681698 -12.388627 -9.936137 20.816846 5.987296 12.645730 1.346538 -7.335785 -0.421671 13.147353 0.000003 0.000007 0.000004 9.109295 -0.518020 2.259899 0.287416 3.189500 -8.363680 -0.000004 0.001662 -0.016208 0.000005 -0.001022 0.010024 0.000000 0.000000 0.000000 9.533402 0.000010 -0.000000 0.124656 3.201690 -8.197509 0.000005 -0.000006 0.000006 0.000001 0.000005 -0.000002 0.000000 -0.000000 0.000001 9.104498 -0.043001 -1.865101 0.108202 3.079164 -6.987591 0.000005 -0.000012 0.000002 0.000002 -0.000000 0.000004 -0.000001 0.000000 0.000001 8.077798 -0.486890 -3.806301 0.089442 2.906232 -5.290077 0.000003 -0.000002 -0.000010 0.000000 -0.000005 0.000025 0.000000 -0.000001 -0.000000 -8.207796 -6.751703 -1.599540 -48.154476 -3.591112 -48.319695 6.871318 -10.004109 -4.964634 -7.268881 -17.939577 11.176369 3.859004 -0.000003 -0.000003 0.000001 0.000000 -0.000002 8.207800 -6.751705 -1.599550 -62.482092 3.501898 57.011859 22.281131 -3.620238 2.954213 29.401833 0.053813 -0.809343 0.145027 -0.000014 -0.000029 -0.000001 -0.000001 0.000000 
0.176823 35.262039 -3.294281 -115.206672 5.478802 3.147014 0.000000 10.181547 0.131523 53.790912 -8.033161 -1.595025 14.452294 -2.540451 2.904999 14.513778 -1.532698 3.001468 0.000000 16.740374 -2.049019 8.082123 0.157414 1.364754 0.000000 9.617843 1.684967 28.114155 3.120509 6.425601 0.000001 22.037384 7.501075 -0.000000 0.000000 0.000000 -4.570001 11.014858 -2.160839 0.566137 -0.020113 -1.614849 30.312103 -9.214755 94.146235 -0.000003 41.605933 0.000011 40.690323 -35.450512 -75.217376 -2.464808 -1.573992 2.681913 -11.630453 11.625162 -20.750857 6.358357 -14.447667 -2.112241 -5.504768 -5.510924 -14.718511 0.000002 -0.000004 0.000003 -9.108294 -0.517870 2.259800 0.083329 -2.854491 7.046420 0.000011 -0.007202 0.088408 0.000001 0.004412 -0.054199 0.000001 0.000002 0.000001 -9.532492 0.000012 -0.000001 0.082086 -2.844314 6.920395 0.000004 -0.008861 0.108735 0.000008 0.005344 -0.065526 0.000000 0.000001 0.000000 -9.103596 -0.043089 -1.865102 0.079705 -2.824400 6.674078 0.000006 -0.006796 0.083420 -0.000001 0.003655 -0.044840 -0.000000 0.000000 0.000000 -8.076706 -0.486721 -3.806301 0.060636 -2.632567 4.306780 0.000009 -0.010634 0.130552 0.000002 0.006031 -0.074011 -0.000000 0.000001 -0.000000 4.570399 11.014660 -2.160813 5.816769 -2.815286 -0.615037 36.106330 6.688025 -105.633452 -0.000005 -34.433183 0.000013 19.018418 20.661724 91.424869 2.466090 -1.576211 2.681698 -12.388627 -9.936137 20.816846 5.987296 12.645730 1.346538 -7.335785 -0.421671 13.147353 0.000003 0.000007 0.000004 9.109295 -0.518020 2.259899 0.287416 3.189500 -8.363680 -0.000004 0.001662 -0.016208 0.000005 -0.001022 0.010024 0.000000 0.000000 0.000000 9.533402 0.000010 -0.000000 0.124656 3.201690 -8.197509 0.000005 -0.000006 0.000006 0.000001 0.000005 -0.000002 0.000000 -0.000000 0.000001 9.104498 -0.043001 -1.865101 0.108202 3.079164 -6.987591 0.000005 -0.000012 0.000002 0.000002 -0.000000 0.000004 -0.000001 0.000000 0.000001 8.077798 -0.486890 -3.806301 0.089442 2.906232 -5.290077 0.000003 -0.000002 -0.000010 0.000000 -0.000005 0.000025 0.000000 -0.000001 -0.000000 -8.207796 -6.751703 -1.599540 -48.154476 -3.591112 -48.319695 6.871318 -10.004109 -4.964634 -7.268881 -17.939577 11.176369 3.859004 -0.000003 -0.000003 0.000001 0.000000 -0.000002 8.207800 -6.751705 -1.599550 -62.482092 3.501898 57.011859 22.281131 -3.620238 2.954213 29.401833 0.053813 -0.809343 0.145027 -0.000014 -0.000029 -0.000001 -0.000001 0.000000 
0.176823 35.262039 -3.294281 -115.206672 5.478802 3.147014 0.000000 10.181547 0.131523 53.790912 -8.033161 -1.595025 14.452294 -2.540451 2.904999 14.513778 -1.532698 3.001468 0.000000 16.740374 -2.049019 8.082123 0.157414 1.364754 0.000000 9.617843 1.684967 28.114155 3.120509 6.425601 0.000001 22.037384 7.501075 -0.000000 0.000000 0.000000 -4.570001 11.014858 -2.160839 0.566137 -0.020113 -1.614849 30.312103 -9.214755 94.146235 -0.000003 41.605933 0.000011 40.690323 -35.450512 -75.217376 -2.464808 -1.573992 2.681913 -11.630453 11.625162 -20.750857 6.358357 -14.447667 -2.112241 -5.504768 -5.510924 -14.718511 0.000002 -0.000004 0.000003 -9.108294 -0.517870 2.259800 0.083329 -2.854491 7.046420 0.000011 -0.007202 0.088408 0.000001 0.004412 -0.054199 0.000001 0.000002 0.000001 -9.532492 0.000012 -0.000001 0.082086 -2.844314 6.920395 0.000004 -0.008861 0.108735 0.000008 0.005344 -0.065526 0.000000 0.000001 0.000000 -9.103596 -0.043089 -1.865102 0.079705 -2.824400 6.674078 0.000006 -0.006796 0.083420 -0.000001 0.003655 -0.044840 -0.000000 0.000000 0.000000 -8.076706 -0.486721 -3.806301 0.060636 -2.632567 4.306780 0.000009 -0.010634 0.130552 0.000002 0.006031 -0.074011 -0.000000 0.000001 -0.000000 4.570399 11.014660 -2.160813 5.816769 -2.815286 -0.615037 36.106330 6.688025 -105.633452 -0.000005 -34.433183 0.000013 19.018418 20.661724 91.424869 2.466090 -1.576211 2.681698 -12.388627 -9.936137 20.816846 5.987296 12.645730 1.346538 -7.335785 -0.421671 13.147353 0.000003 0.000007 0.000004 9.109295 -0.518020 2.259899 0.287416 3.189500 -8.363680 -0.000004 0.001662 -0.016208 0.000005 -0.001022 0.010024 0.000000 0.000000 0.000000 9.533402 0.000010 -0.000000 0.124656 3.201690 -8.197509 0.000005 -0.000006 0.000006 0.000001 0.000005 -0.000002 0.000000 -0.000000 0.000001 9.104498 -0.043001 -1.865101 0.108202 3.079164 -6.987591 0.000005 -0.000012 0.000002 0.000002 -0.000000 0.000004 -0.000001 0.000000 0.000001 8.077798 -0.486890 -3.806301 0.089442 2.906232 -5.290077 0.000003 -0.000002 -0.000010 0.000000 -0.000005 0.000025 0.000000 -0.000001 -0.000000 -8.207796 -6.751703 -1.599540 -48.154476 -3.591112 -48.319695 6.871318 -10.004109 -4.964634 -7.268881 -17.939577 11.176369 3.859004 -0.000003 -0.000003 0.000001 0.000000 -0.000002 8.207800 -6.751705 -1.599550 -62.482092 3.501898 57.011859 22.281131 -3.620238 2.954213 29.401833 0.053813 -0.809343 0.145027 -0.000014 -0.000029 -0.000001 -0.000001 0.000000 
0.176823 35.262039 -3.294281 -115.206672 5.478802 3.147014 0.000000 10.181547 0.131523 53.790912 -8.033161 -1.595025 14.452294 -2.540451 2.904999 14.513778 -1.532698 3.001468 0.000000 16.740374 -2.049019 8.082123 0.157414 1.364754 0.000000 9.617843 1.684967 28.114155 3.120509 6.425601 0.000001 22.037384 7.501075 -0.000000 0.000000 0.000000 -4.570001 11.014858 -2.160839 0.566137 -0.020113 -1.614849 30.312103 -9.214755 94.146235 -0.000003 41.605933 0.000011 40.690323 -35.450512 -75.217376 -2.464808 -1.573992 2.681913 -11.630453 11.625162 -20.750857 6.358357 -14.447667 -2.112241 -5.504768 -5.510924 -14.718511 0.000002 -0.000004 0.000003 -9.108294 -0.517870 2.259800 0.083329 -2.854491 7.046420 0.000011 -0.007202 0.088408 0.000001 0.004412 -0.054199 0.000001 0.000002 0.000001 -9.532492 0.000012 -0.000001 0.082086 -2.844314 6.920395 0.000004 -0.008861 0.108735 0.000008 0.005344 -0.065526 0.000000 0.000001 0.000000 -9.103596 -0.043089 -1.865102 0.079705 -2.824400 6.674078 0.000006 -0.006796 0.083420 -0.000001 0.003655 -0.044840 -0.000000 0.000000 0.000000 -8.076706 -0.486721 -3.806301 0.060636 -2.632567 4.306780 0.000009 -0.010634 0.130552 0.000002 0.006031 -0.074011 -0.000000 0.000001 -0.000000 4.570399 11.014660 -2.160813 5.816769 -2.815286 -0.615037 36.106330 6.688025 -105.633452 -0.000005 -34.433183 0.000013 19.018418 20.661724 91.424869 2.466090 -1.576211 2.681698 -12.388627 -9.936137 20.816846 5.987296 12.645730 1.346538 -7.335785 -0.421671 13.147353 0.000003 0.000007 0.000004 9.109295 -0.518020 2.259899 0.287416 3.189500 -8.363680 -0.000004 0.001662 -0.016208 0.000005 -0.001022 0.010024 0.000000 0.000000 0.000000 9.533402 0.000010 -0.000000 0.124656 3.201690 -8.197509 0.000005 -0.000006 0.000006 0.000001 0.000005 -0.000002 0.000000 -0.000000 0.000001 9.104498 -0.043001 -1.865101 0.108202 3.079164 -6.987591 0.000005 -0.000012 0.000002 0.000002 -0.000000 0.000004 -0.000001 0.000000 0.000001 8.077798 -0.486890 -3.806301 0.089442 2.906232 -5.290077 0.000003 -0.000002 -0.000010 0.000000 -0.000005 0.000025 0.000000 -0.000001 -0.000000 -8.207796 -6.751703 -1.599540 -48.154476 -3.591112 -48.319695 6.871318 -10.004109 -4.964634 -7.268881 -17.939577 11.176369 3.859004 -0.000003 -0.000003 0.000001 0.000000 -0.000002 8.207800 -6.751705 -1.599550 -62.482092 3.501898 57.011859 22.281131 -3.620238 2.954213 29.401833 0.053813 -0.809343 0.145027 -0.000014 -0.000029 -0.000001 -0.000001 0.000000 
0.176823 35.262039 -3.294281 -115.206672 5.478802 3.147014 0.000000 10.181547 0.131523 53.790912 -8.033161 -1.595025 14.452294 -2.540451 2.904999 14.513778 -1.532698 3.001468 0.000000 16.740374 -2.049019 8.082123 0.157414 1.364754 0.000000 9.617843 1.684967 28.114155 3.120509 6.425601 0.000001 22.037384 7.501075 -0.000000 0.000000 0.000000 -4.570001 11.014858 -2.160839 0.566137 -0.020113 -1.614849 30.312103 -9.214755 94.146235 -0.000003 41.605933 0.000011 40.690323 -35.450512 -75.217376 -2.464808 -1.573992 2.681913 -11.630453 11.625162 -20.750857 6.358357 -14.447667 -2.112241 -5.504768 -5.510924 -14.718511 0.000002 -0.000004 0.000003 -9.108294 -0.517870 2.259800 0.083329 -2.854491 7.046420 0.000011 -0.007202 0.088408 0.000001 0.004412 -0.054199 0.000001 0.000002 0.000001 -9.532492 0.000012 -0.000001 0.082086 -2.844314 6.920395 0.000004 -0.008861 0.108735 0.000008 0.005344 -0.065526 0.000000 0.000001 0.000000 -9.103596 -0.043089 -1.865102 0.079705 -2.824400 6.674078 0.000006 -0.006796 0.083420 -0.000001 0.003655 -0.044840 -0.000000 0.000000 0.000000 -8.076706 -0.486721 -3.806301 0.060636 -2.632567 4.306780 0.000009 -0.010634 0.130552 0.000002 0.006031 -0.074011 -0.000000 0.000001 -0.000000 4.570399 11.014660 -2.160813 5.816769 -2.815286 -0.615037 36.106330 6.688025 -105.633452 -0.000005 -34.433183 0.000013 19.018418 20.661724 91.424869 2.466090 -1.576211 2.681698 -12.388627 -9.936137 20.816846 5.987296 12.645730 1.346538 -7.335785 -0.421671 13.147353 0.000003 0.000007 0.000004 9.109295 -0.518020 2.259899 0.287416 3.189500 -8.363680 -0.000004 0.001662 -0.016208 0.000005 -0.001022 0.010024 0.000000 0.000000 0.000000 9.533402 0.000010 -0.000000 0.124656 3.201690 -8.197509 0.000005 -0.000006 0.000006 0.000001 0.000005 -0.000002 0.000000 -0.000000 0.000001 9.104498 -0.043001 -1.865101 0.108202 3.079164 -6.987591 0.000005 -0.000012 0.000002 0.000002 -0.000000 0.000004 -0.000001 0.000000 0.000001 8.077798 -0.486890 -3.806301 0.089442 2.906232 -5.290077 0.000003 -0.000002 -0.000010 0.000000 -0.000005 0.000025 0.000000 -0.000001 -0.000000 -8.207796 -6.751703 -1.599540 -48.154476 -3.591112 -48.319695 6.871318 -10.004109 -4.964634 -7.268881 -17.939577 11.176369 3.859004 -0.000003 -0.000003 0.000001 0.000000 -0.000002 8.207800 -6.751705 -1.599550 -62.482092 3.501898 57.011859 22.281131 -3.620238 2.954213 29.401833 0.053813 -0.809343 0.145027 -0.000014 -0.000029 -0.000001 -0.000001 0.000000 
0.176823 35.262039 -3.294281 -115.206672 5.478802 3.147014 0.000000 10.181547 0.131523 53.790912 -8.033161 -1.595025 14.452294 -2.540451 2.904999 14.513778 -1.532698 3.001468 0.000000 16.740374 -2.049019 8.082123 0.157414 1.364754 0.000000 9.617843 1.684967 28.114155 3.120509 6.425601 0.000001 22.037384 7.501075 -0.000000 0.000000 0.000000 -4.570001 11.014858 -2.160839 0.566137 -0.020113 -1.614849 30.312103 -9.214755 94.146235 -0.000003 41.605933 0.000011 40.690323 -35.450512 -75.217376 -2.464808 -1.573992 2.681913 -11.630453 11.625162 -20.750857 6.358357 -14.447667 -2.112241 -5.504768 -5.510924 -14.718511 0.000002 -0.000004 0.000003 -9.108294 -0.517870 2.259800 0.083329 -2.854491 7.046420 0.000011 -0.007202 0.088408 0.000001 0.004412 -0.054199 0.000001 0.000002 0.000001 -9.532492 0.000012 -0.000001 0.082086 -2.844314 6.920395 0.000004 -0.008861 0.108735 0.000008 0.005344 -0.065526 0.000000 0.000001 0.000000 -9.103596 -0.043089 -1.865102 0.079705 -2.824400 6.674078 0.000006 -0.006796 0.083420 -0.000001 0.003655 -0.044840 -0.000000 0.000000 0.000000 -8.076706 -0.486721 -3.806301 0.060636 -2.632567 4.306780 0.000009 -0.010634 0.130552 0.000002 0.006031 -0.074011 -0.000000 0.000001 -0.000000 4.570399 11.014660 -2.160813 5.816769 -2.815286 -0.615037 36.106330 6.688025 -105.633452 -0.000005 -34.433183 0.000013 19.018418 20.661724 91.424869 2.466090 -1.576211 2.681698 -12.388627 -9.936137 20.816846 5.987296 12.645730 1.346538 -7.335785 -0.421671 13.147353 0.000003 0.000007 0.000004 9.109295 -0.518020 2.259899 0.287416 3.189500 -8.363680 -0.000004 0.001662 -0.016208 0.000005 -0.001022 0.010024 0.000000 0.000000 0.000000 9.533402 0.000010 -0.000000 0.124656 3.201690 -8.197509 0.000005 -0.000006 0.000006 0.000001 0.000005 -0.000002 0.000000 -0.000000 0.000001 9.104498 -0.043001 -1.865101 0.108202 3.079164 -6.987591 0.000005 -0.000012 0.000002 0.000002 -0.000000 0.000004 -0.000001 0.000000 0.000001 8.077798 -0.486890 -3.806301 0.089442 2.906232 -5.290077 0.000003 -0.000002 -0.000010 0.000000 -0.000005 0.000025 0.000000 -0.000001 -0.000000 -8.207796 -6.751703 -1.599540 -48.154476 -3.591112 -48.319695 6.871318 -10.004109 -4.964634 -7.268881 -17.939577 11.176369 3.859004 -0.000003 -0.000003 0.000001 0.000000 -0.000002 8.207800 -6.751705 -1.599550 -62.482092 3.501898 57.011859 22.281131 -3.620238 2.954213 29.401833 0.053813 -0.809343 0.145027 -0.000014 -0.000029 -0.000001 -0.000001 0.000000 
0.176823 35.262039 -3.294281 -115.206672 5.478802 3.147014 0.000000 10.181547 0.131523 53.790912 -8.033161 -1.595025 14.452294 -2.540451 2.904999 14.513778 -1.532698 3.001468 0.000000 16.740374 -2.049019 8.082123 0.157414 1.364754 0.000000 9.617843 1.684967 28.114155 3.120509 6.425601 0.000001 22.037384 7.501075 -0.000000 0.000000 0.000000 -4.570001 11.014858 -2.160839 0.566137 -0.020113 -1.614849 30.312103 -9.214755 94.146235 -0.000003 41.605933 0.000011 40.690323 -35.450512 -75.217376 -2.464808 -1.573992 2.681913 -11.630453 11.625162 -20.750857 6.358357 -14.447667 -2.112241 -5.504768 -5.510924 -14.718511 0.000002 -0.000004 0.000003 -9.108294 -0.517870 2.259800 0.083329 -2.854491 7.046420 0.000011 -0.007202 0.088408 0.000001 0.004412 -0.054199 0.000001 0.000002 0.000001 -9.532492 0.000012 -0.000001 0.082086 -2.844314 6.920395 0.000004 -0.008861 0.108735 0.000008 0.005344 -0.065526 0.000000 0.000001 0.000000 -9.103596 -0.043089 -1.865102 0.079705 -2.824400 6.674078 0.000006 -0.006796 0.083420 -0.000001 0.003655 -0.044840 -0.000000 0.000000 0.000000 -8.076706 -0.486721 -3.806301 0.060636 -2.632567 4.306780 0.000009 -0.010634 0.130552 0.000002 0.006031 -0.074011 -0.000000 0.000001 -0.000000 4.570399 11.014660 -2.160813 5.816769 -2.815286 -0.615037 36.106330 6.688025 -105.633452 -0.000005 -34.433183 0.000013 19.018418 20.661724 91.424869 2.466090 -1.576211 2.681698 -12.388627 -9.936137 20.816846 5.987296 12.645730 1.346538 -7.335785 -0.421671 13.147353 0.000003 0.000007 0.000004 9.109295 -0.518020 2.259899 0.287416 3.189500 -8.363680 -0.000004 0.001662 -0.016208 0.000005 -0.001022 0.010024 0.000000 0.000000 0.000000 9.533402 0.000010 -0.000000 0.124656 3.201690 -8.197509 0.000005 -0.000006 0.000006 0.000001 0.000005 -0.000002 0.000000 -0.000000 0.000001 9.104498 -0.043001 -1.865101 0.108202 3.079164 -6.987591 0.000005 -0.000012 0.000002 0.000002 -0.000000 0.000004 -0.000001 0.000000 0.000001 8.077798 -0.486890 -3.806301 0.089442 2.906232 -5.290077 0.000003 -0.000002 -0.000010 0.000000 -0.000005 0.000025 0.000000 -0.000001 -0.000000 -8.207796 -6.751703 -1.599540 -48.154476 -3.591112 -48.319695 6.871318 -10.004109 -4.964634 -7.268881 -17.939577 11.176369 3.859004 -0.000003 -0.000003 0.000001 0.000000 -0.000002 8.207800 -6.751705 -1.599550 -62.482092 3.501898 57.011859 22.281131 -3.620238 2.954213 29.401833 0.053813 -0.809343 0.145027 -0.000014 -0.000029 -0.000001 -0.000001 0.000000 
0.176823 35.262039 -3.294281 -115.206672 5.478802 3.147014 0.000000 10.181547 0.131523 53.790912 -8.033161 -1.595025 14.452294 -2.540451 2.904999 14.513778 -1.532698 3.001468 0.000000 16.740374 -2.049019 8.082123 0.157414 1.364754 0.000000 9.617843 1.684967 28.114155 3.120509 6.425601 0.000001 22.037384 7.501075 -0.000000 0.000000 0.000000 -4.570001 11.014858 -2.160839 0.566137 -0.020113 -1.614849 30.312103 -9.214755 94.146235 -0.000003 41.605933 0.000011 40.690323 -35.450512 -75.217376 -2.464808 -1.573992 2.681913 -11.630453 11.625162 -20.750857 6.358357 -14.447667 -2.112241 -5.504768 -5.510924 -14.718511 0.000002 -0.000004 0.000003 -9.108294 -0.517870 2.259800 0.083329 -2.854491 7.046420 0.000011 -0.007202 0.088408 0.000001 0.004412 -0.054199 0.000001 0.000002 0.000001 -9.532492 0.000012 -0.000001 0.082086 -2.844314 6.920395 0.000004 -0.008861 0.108735 0.000008 0.005344 -0.065526 0.000000 0.000001 0.000000 -9.103596 -0.043089 -1.865102 0.079705 -2.824400 6.674078 0.000006 -0.006796 0.083420 -0.000001 0.003655 -0.044840 -0.000000 0.000000 0.000000 -8.076706 -0.486721 -3.806301 0.060636 -2.632567 4.306780 0.000009 -0.010634 0.130552 0.000002 0.006031 -0.074011 -0.000000 0.000001 -0.000000 4.570399 11.014660 -2.160813 5.816769 -2.815286 -0.615037 36.106330 6.688025 -105.633452 -0.000005 -34.433183 0.000013 19.018418 20.661724 91.424869 2.466090 -1.576211 2.681698 -12.388627 -9.936137 20.816846 5.987296 12.645730 1.346538 -7.335785 -0.421671 13.147353 0.000003 0.000007 0.000004 9.109295 -0.518020 2.259899 0.287416 3.189500 -8.363680 -0.000004 0.001662 -0.016208 0.000005 -0.001022 0.010024 0.000000 0.000000 0.000000 9.533402 0.000010 -0.000000 0.124656 3.201690 -8.197509 0.000005 -0.000006 0.000006 0.000001 0.000005 -0.000002 0.000000 -0.000000 0.000001 9.104498 -0.043001 -1.865101 0.108202 3.079164 -6.987591 0.000005 -0.000012 0.000002 0.000002 -0.000000 0.000004 -0.000001 0.000000 0.000001 8.077798 -0.486890 -3.806301 0.089442 2.906232 -5.290077 0.000003 -0.000002 -0.000010 0.000000 -0.000005 0.000025 0.000000 -0.000001 -0.000000 -8.207796 -6.751703 -1.599540 -48.154476 -3.591112 -48.319695 6.871318 -10.004109 -4.964634 -7.268881 -17.939577 11.176369 3.859004 -0.000003 -0.000003 0.000001 0.000000 -0.000002 8.207800 -6.751705 -1.599550 -62.482092 3.501898 57.011859 22.281131 -3.620238 2.954213 29.401833 0.053813 -0.809343 0.145027 -0.000014 -0.000029 -0.000001 -0.000001 0.000000 
0.176823 35.262039 -3.294281 -115.206672 5.478802 3.147014 0.000000 10.181547 0.131523 53.790912 -8.033161 -1.595025 14.452294 -2.540451 2.904999 14.513778 -1.532698 3.001468 0.000000 16.740374 -2.049019 8.082123 0.157414 1.364754 0.000000 9.617843 1.684967 28.114155 3.120509 6.425601 0.000001 22.037384 7.501075 -0.000000 0.000000 0.000000 -4.570001 11.014858 -2.160839 0.566137 -0.020113 -1.614849 30.312103 -9.214755 94.146235 -0.000003 41.605933 0.000011 40.690323 -35.450512 -75.217376 -2.464808 -1.573992 2.681913 -11.630453 11.625162 -20.750857 6.358357 -14.447667 -2.112241 -5.504768 -5.510924 -14.718511 0.000002 -0.000004 0.000003 -9.108294 -0.517870 2.259800 0.083329 -2.854491 7.046420 0.000011 -0.007202 0.088408 0.000001 0.004412 -0.054199 0.000001 0.000002 0.000001 -9.532492 0.000012 -0.000001 0.082086 -2.844314 6.920395 0.000004 -0.008861 0.108735 0.000008 0.005344 -0.065526 0.000000 0.000001 0.000000 -9.103596 -0.043089 -1.865102 0.079705 -2.824400 6.674078 0.000006 -0.006796 0.083420 -0.000001 0.003655 -0.044840 -0.000000 0.000000 0.000000 -8.076706 -0.486721 -3.806301 0.060636 -2.632567 4.306780 0.000009 -0.010634 0.130552 0.000002 0.006031 -0.074011 -0.000000 0.000001 -0.000000 4.570399 11.014660 -2.160813 5.816769 -2.815286 -0.615037 36.106330 6.688025 -105.633452 -0.000005 -34.433183 0.000013 19.018418 20.661724 91.424869 2.466090 -1.576211 2.681698 -12.388627 -9.936137 20.816846 5.987296 12.645730 1.346538 -7.335785 -0.421671 13.147353 0.000003 0.000007 0.000004 9.109295 -0.518020 2.259899 0.287416 3.189500 -8.363680 -0.000004 0.001662 -0.016208 0.000005 -0.001022 0.010024 0.000000 0.000000 0.000000 9.533402 0.000010 -0.000000 0.124656 3.201690 -8.197509 0.000005 -0.000006 0.000006 0.000001 0.000005 -0.000002 0.000000 -0.000000 0.000001 9.104498 -0.043001 -1.865101 0.108202 3.079164 -6.987591 0.000005 -0.000012 0.000002 0.000002 -0.000000 0.000004 -0.000001 0.000000 0.000001 8.077798 -0.486890 -3.806301 0.089442 2.906232 -5.290077 0.000003 -0.000002 -0.000010 0.000000 -0.000005 0.000025 0.000000 -0.000001 -0.000000 -8.207796 -6.751703 -1.599540 -48.154476 -3.591112 -48.319695 6.871318 -10.004109 -4.964634 -7.268881 -17.939577 11.176369 3.859004 -0.000003 -0.000003 0.000001 0.000000 -0.000002 8.207800 -6.751705 -1.599550 -62.482092 3.501898 57.011859 22.281131 -3.620238 2.954213 29.401833 0.053813 -0.809343 0.145027 -0.000014 -0.000029 -0.000001 -0.000001 0.000000 
0.176823 35.262039 -3.294281 -115.206672 5.478802 3.147014 0.000000 10.181547 0.131523 53.790912 -8.033161 -1.595025 14.452294 -2.540451 2.904999 14.513778 -1.532698 3.001468 0.000000 16.740374 -2.049019 8.082123 0.157414 1.364754 0.000000 9.617843 1.684967 28.114155 3.120509 6.425601 0.000001 22.037384 7.501075 -0.000000 0.000000 0.000000 -4.570001 11.014858 -2.160839 0.566137 -0.020113 -1.614849 30.312103 -9.214755 94.146235 -0.000003 41.605933 0.000011 40.690323 -35.450512 -75.217376 -2.464808 -1.573992 2.681913 -11.630453 11.625162 -20.750857 6.358357 -14.447667 -2.112241 -5.504768 -5.510924 -14.718511 0.000002 -0.000004 0.000003 -9.108294 -0.517870 2.259800 0.083329 -2.854491 7.046420 0.000011 -0.007202 0.088408 0.000001 0.004412 -0.054199 0.000001 0.000002 0.000001 -9.532492 0.000012 -0.000001 0.082086 -2.844314 6.920395 0.000004 -0.008861 0.108735 0.000008 0.005344 -0.065526 0.000000 0.000001 0.000000 -9.103596 -0.043089 -1.865102 0.079705 -2.824400 6.674078 0.000006 -0.006796 0.083420 -0.000001 0.003655 -0.044840 -0.000000 0.000000 0.000000 -8.076706 -0.486721 -3.806301 0.060636 -2.632567 4.306780 0.000009 -0.010634 0.130552 0.000002 0.006031 -0.074011 -0.000000 0.000001 -0.000000 4.570399 11.014660 -2.160813 5.816769 -2.815286 -0.615037 36.106330 6.688025 -105.633452 -0.000005 -34.433183 0.000013 19.018418 20.661724 91.424869 2.466090 -1.576211 2.681698 -12.388627 -9.936137 20.816846 5.987296 12.645730 1.346538 -7.335785 -0.421671 13.147353 0.000003 0.000007 0.000004 9.109295 -0.518020 2.259899 0.287416 3.189500 -8.363680 -0.000004 0.001662 -0.016208 0.000005 -0.001022 0.010024 0.000000 0.000000 0.000000 9.533402 0.000010 -0.000000 0.124656 3.201690 -8.197509 0.000005 -0.000006 0.000006 0.000001 0.000005 -0.000002 0.000000 -0.000000 0.000001 9.104498 -0.043001 -1.865101 0.108202 3.079164 -6.987591 0.000005 -0.000012 0.000002 0.000002 -0.000000 0.000004 -0.000001 0.000000 0.000001 8.077798 -0.486890 -3.806301 0.089442 2.906232 -5.290077 0.000003 -0.000002 -0.000010 0.000000 -0.000005 0.000025 0.000000 -0.000001 -0.000000 -8.207796 -6.751703 -1.599540 -48.154476 -3.591112 -48.319695 6.871318 -10.004109 -4.964634 -7.268881 -17.939577 11.176369 3.859004 -0.000003 -0.000003 0.000001 0.000000 -0.000002 8.207800 -6.751705 -1.599550 -62.482092 3.501898 57.011859 22.281131 -3.620238 2.954213 29.401833 0.053813 -0.809343 0.145027 -0.000014 -0.000029 -0.000001 -0.000001 0.000000 
0.176823 35.262039 -3.294281 -115.206672 5.478802 3.147014 0.000000 10.181547 0.131523 53.790912 -8.033161 -1.595025 14.452294 -2.540451 2.904999 14.513778 -1.532698 3.001468 0.000000 16.740374 -2.049019 8.082123 0.157414 1.364754 0.000000 9.617843 1.684967 28.114155 3.120509 6.425601 0.000001 22.037384 7.501075 -0.000000 0.000000 0.000000 -4.570001 11.014858 -2.160839 0.566137 -0.020113 -1.614849 30.312103 -9.214755 94.146235 -0.000003 41.605933 0.000011 40.690323 -35.450512 -75.217376 -2.464808 -1.573992 2.681913 -11.630453 11.625162 -20.750857 6.358357 -14.447667 -2.112241 -5.504768 -5.510924 -14.718511 0.000002 -0.000004 0.000003 -9.108294 -0.517870 2.259800 0.083329 -2.854491 7.046420 0.000011 -0.007202 0.088408 0.000001 0.004412 -0.054199 0.000001 0.000002 0.000001 -9.532492 0.000012 -0.000001 0.082086 -2.844314 6.920395 0.000004 -0.008861 0.108735 0.000008 0.005344 -0.065526 0.000000 0.000001 0.000000 -9.103596 -0.043089 -1.865102 0.079705 -2.824400 6.674078 0.000006 -0.006796 0.083420 -0.000001 0.003655 -0.044840 -0.000000 0.000000 0.000000 -8.076706 -0.486721 -3.806301 0.060636 -2.632567 4.306780 0.000009 -0.010634 0.130552 0.000002 0.006031 -0.074011 -0.000000 0.000001 -0.000000 4.570399 11.014660 -2.160813 5.816769 -2.815286 -0.615037 36.106330 6.688025 -105.633452 -0.000005 -34.433183 0.000013 19.018418 20.661724 91.424869 2.466090 -1.576211 2.681698 -12.388627 -9.936137 20.816846 5.987296 12.645730 1.346538 -7.335785 -0.421671 13.147353 0.000003 0.000007 0.000004 9.109295 -0.518020 2.259899 0.287416 3.189500 -8.363680 -0.000004 0.001662 -0.016208 0.000005 -0.001022 0.010024 0.000000 0.000000 0.000000 9.533402 0.000010 -0.000000 0.124656 3.201690 -8.197509 0.000005 -0.000006 0.000006 0.000001 0.000005 -0.000002 0.000000 -0.000000 0.000001 9.104498 -0.043001 -1.865101 0.108202 3.079164 -6.987591 0.000005 -0.000012 0.000002 0.000002 -0.000000 0.000004 -0.000001 0.000000 0.000001 8.077798 -0.486890 -3.806301 0.089442 2.906232 -5.290077 0.000003 -0.000002 -0.000010 0.000000 -0.000005 0.000025 0.000000 -0.000001 -0.000000 -8.207796 -6.751703 -1.599540 -48.154476 -3.591112 -48.319695 6.871318 -10.004109 -4.964634 -7.268881 -17.939577 11.176369 3.859004 -0.000003 -0.000003 0.000001 0.000000 -0.000002 8.207800 -6.751705 -1.599550 -62.482092 3.501898 57.011859 22.281131 -3.620238 2.954213 29.401833 0.053813 -0.809343 0.145027 -0.000014 -0.000029 -0.000001 -0.000001 0.000000 
0.176823 35.262039 -3.294281 -115.206672 5.478802 3.147014 0.000000 10.181547 0.131523 53.790912 -8.033161 -1.595025 14.452294 -2.540451 2.904999 14.513778 -1.532698 3.001468 0.000000 16.740374 -2.049019 8.082123 0.157414 1.364754 0.000000 9.617843 1.684967 28.114155 3.120509 6.425601 0.000001 22.037384 7.501075 -0.000000 0.000000 0.000000 -4.570001 11.014858 -2.160839 0.566137 -0.020113 -1.614849 30.312103 -9.214755 94.146235 -0.000003 41.605933 0.000011 40.690323 -35.450512 -75.217376 -2.464808 -1.573992 2.681913 -11.630453 11.625162 -20.750857 6.358357 -14.447667 -2.112241 -5.504768 -5.510924 -14.718511 0.000002 -0.000004 0.000003 -9.108294 -0.517870 2.259800 0.083329 -2.854491 7.046420 0.000011 -0.007202 0.088408 0.000001 0.004412 -0.054199 0.000001 0.000002 0.000001 -9.532492 0.000012 -0.000001 0.082086 -2.844314 6.920395 0.000004 -0.008861 0.108735 0.000008 0.005344 -0.065526 0.000000 0.000001 0.000000 -9.103596 -0.043089 -1.865102 0.079705 -2.824400 6.674078 0.000006 -0.006796 0.083420 -0.000001 0.003655 -0.044840 -0.000000 0.000000 0.000000 -8.076706 -0.486721 -3.806301 0.060636 -2.632567 4.306780 0.000009 -0.010634 0.130552 0.000002 0.006031 -0.074011 -0.000000 0.000001 -0.000000 4.570399 11.014660 -2.160813 5.816769 -2.815286 -0.615037 36.106330 6.688025 -105.633452 -0.000005 -34.433183 0.000013 19.018418 20.661724 91.424869 2.466090 -1.576211 2.681698 -12.388627 -9.936137 20.816846 5.987296 12.645730 1.346538 -7.335785 -0.421671 13.147353 0.000003 0.000007 0.000004 9.109295 -0.518020 2.259899 0.287416 3.189500 -8.363680 -0.000004 0.001662 -0.016208 0.000005 -0.001022 0.010024 0.000000 0.000000 0.000000 9.533402 0.000010 -0.000000 0.124656 3.201690 -8.197509 0.000005 -0.000006 0.000006 0.000001 0.000005 -0.000002 0.000000 -0.000000 0.000001 9.104498 -0.043001 -1.865101 0.108202 3.079164 -6.987591 0.000005 -0.000012 0.000002 0.000002 -0.000000 0.000004 -0.000001 0.000000 0.000001 8.077798 -0.486890 -3.806301 0.089442 2.906232 -5.290077 0.000003 -0.000002 -0.000010 0.000000 -0.000005 0.000025 0.000000 -0.000001 -0.000000 -8.207796 -6.751703 -1.599540 -48.154476 -3.591112 -48.319695 6.871318 -10.004109 -4.964634 -7.268881 -17.939577 11.176369 3.859004 -0.000003 -0.000003 0.000001 0.000000 -0.000002 8.207800 -6.751705 -1.599550 -62.482092 3.501898 57.011859 22.281131 -3.620238 2.954213 29.401833 0.053813 -0.809343 0.145027 -0.000014 -0.000029 -0.000001 -0.000001 0.000000 
0.176823 35.262039 -3.294281 -115.206672 5.478802 3.147014 0.000000 10.181547 0.131523 53.790912 -8.033161 -1.595025 14.452294 -2.540451 2.904999 14.513778 -1.532698 3.001468 0.000000 16.740374 -2.049019 8.082123 0.157414 1.364754 0.000000 9.617843 1.684967 28.114155 3.120509 6.425601 0.000001 22.037384 7.501075 -0.000000 0.000000 0.000000 -4.570001 11.014858 -2.160839 0.566137 -0.020113 -1.614849 30.312103 -9.214755 94.146235 -0.000003 41.605933 0.000011 40.690323 -35.450512 -75.217376 -2.464808 -1.573992 2.681913 -11.630453 11.625162 -20.750857 6.358357 -14.447667 -2.112241 -5.504768 -5.510924 -14.718511 0.000002 -0.000004 0.000003 -9.108294 -0.517870 2.259800 0.083329 -2.854491 7.046420 0.000011 -0.007202 0.088408 0.000001 0.004412 -0.054199 0.000001 0.000002 0.000001 -9.532492 0.000012 -0.000001 0.082086 -2.844314 6.920395 0.000004 -0.008861 0.108735 0.000008 0.005344 -0.065526 0.000000 0.000001 0.000000 -9.103596 -0.043089 -1.865102 0.079705 -2.824400 6.674078 0.000006 -0.006796 0.083420 -0.000001 0.003655 -0.044840 -0.000000 0.000000 0.000000 -8.076706 -0.486721 -3.806301 0.060636 -2.632567 4.306780 0.000009 -0.010634 0.130552 0.000002 0.006031 -0.074011 -0.000000 0.000001 -0.000000 4.570399 11.014660 -2.160813 5.816769 -2.815286 -0.615037 36.106330 6.688025 -105.633452 -0.000005 -34.433183 0.000013 19.018418 20.661724 91.424869 2.466090 -1.576211 2.681698 -12.388627 -9.936137 20.816846 5.987296 12.645730 1.346538 -7.335785 -0.421671 13.147353 0.000003 0.000007 0.000004 9.109295 -0.518020 2.259899 0.287416 3.189500 -8.363680 -0.000004 0.001662 -0.016208 0.000005 -0.001022 0.010024 0.000000 0.000000 0.000000 9.533402 0.000010 -0.000000 0.124656 3.201690 -8.197509 0.000005 -0.000006 0.000006 0.000001 0.000005 -0.000002 0.000000 -0.000000 0.000001 9.104498 -0.043001 -1.865101 0.108202 3.079164 -6.987591 0.000005 -0.000012 0.000002 0.000002 -0.000000 0.000004 -0.000001 0.000000 0.000001 8.077798 -0.486890 -3.806301 0.089442 2.906232 -5.290077 0.000003 -0.000002 -0.000010 0.000000 -0.000005 0.000025 0.000000 -0.000001 -0.000000 -8.207796 -6.751703 -1.599540 -48.154476 -3.591112 -48.319695 6.871318 -10.004109 -4.964634 -7.268881 -17.939577 11.176369 3.859004 -0.000003 -0.000003 0.000001 0.000000 -0.000002 8.207800 -6.751705 -1.599550 -62.482092 3.501898 57.011859 22.281131 -3.620238 2.954213 29.401833 0.053813 -0.809343 0.145027 -0.000014 -0.000029 -0.000001 -0.000001 0.000000 
0.176823 35.262039 -3.294281 -115.206672 5.478802 3.147014 0.000000 10.181547 0.131523 53.790912 -8.033161 -1.595025 14.452294 -2.540451 2.904999 14.513778 -1.532698 3.001468 0.000000 16.740374 -2.049019 8.082123 0.157414 1.364754 0.000000 9.617843 1.684967 28.114155 3.120509 6.425601 0.000001 22.037384 7.501075 -0.000000 0.000000 0.000000 -4.570001 11.014858 -2.160839 0.566137 -0.020113 -1.614849 30.312103 -9.214755 94.146235 -0.000003 41.605933 0.000011 40.690323 -35.450512 -75.217376 -2.464808 -1.573992 2.681913 -11.630453 11.625162 -20.750857 6.358357 -14.447667 -2.112241 -5.504768 -5.510924 -14.718511 0.000002 -0.000004 0.000003 -9.108294 -0.517870 2.259800 0.083329 -2.854491 7.046420 0.000011 -0.007202 0.088408 0.000001 0.004412 -0.054199 0.000001 0.000002 0.000001 -9.532492 0.000012 -0.000001 0.082086 -2.844314 6.920395 0.000004 -0.008861 0.108735 0.000008 0.005344 -0.065526 0.000000 0.000001 0.000000 -9.103596 -0.043089 -1.865102 0.079705 -2.824400 6.674078 0.000006 -0.006796 0.083420 -0.000001 0.003655 -0.044840 -0.000000 0.000000 0.000000 -8.076706 -0.486721 -3.806301 0.060636 -2.632567 4.306780 0.000009 -0.010634 0.130552 0.000002 0.006031 -0.074011 -0.000000 0.000001 -0.000000 4.570399 11.014660 -2.160813 5.816769 -2.815286 -0.615037 36.106330 6.688025 -105.633452 -0.000005 -34.433183 0.000013 19.018418 20.661724 91.424869 2.466090 -1.576211 2.681698 -12.388627 -9.936137 20.816846 5.987296 12.645730 1.346538 -7.335785 -0.421671 13.147353 0.000003 0.000007 0.000004 9.109295 -0.518020 2.259899 0.287416 3.189500 -8.363680 -0.000004 0.001662 -0.016208 0.000005 -0.001022 0.010024 0.000000 0.000000 0.000000 9.533402 0.000010 -0.000000 0.124656 3.201690 -8.197509 0.000005 -0.000006 0.000006 0.000001 0.000005 -0.000002 0.000000 -0.000000 0.000001 9.104498 -0.043001 -1.865101 0.108202 3.079164 -6.987591 0.000005 -0.000012 0.000002 0.000002 -0.000000 0.000004 -0.000001 0.000000 0.000001 8.077798 -0.486890 -3.806301 0.089442 2.906232 -5.290077 0.000003 -0.000002 -0.000010 0.000000 -0.000005 0.000025 0.000000 -0.000001 -0.000000 -8.207796 -6.751703 -1.599540 -48.154476 -3.591112 -48.319695 6.871318 -10.004109 -4.964634 -7.268881 -17.939577 11.176369 3.859004 -0.000003 -0.000003 0.000001 0.000000 -0.000002 8.207800 -6.751705 -1.599550 -62.482092 3.501898 57.011859 22.281131 -3.620238 2.954213 29.401833 0.053813 -0.809343 0.145027 -0.000014 -0.000029 -0.000001 -0.000001 0.000000 
0.176823 35.262039 -3.294281 -115.206672 5.478802 3.147014 0.000000 10.181547 0.131523 53.790912 -8.033161 -1.595025 14.452294 -2.540451 2.904999 14.513778 -1.532698 3.001468 0.000000 16.740374 -2.049019 8.082123 0.157414 1.364754 0.000000 9.617843 1.684967 28.114155 3.120509 6.425601 0.000001 22.037384 7.501075 -0.000000 0.000000 0.000000 -4.570001 11.014858 -2.160839 0.566137 -0.020113 -1.614849 30.312103 -9.214755 94.146235 -0.000003 41.605933 0.000011 40.690323 -35.450512 -75.217376 -2.464808 -1.573992 2.681913 -11.630453 11.625162 -20.750857 6.358357 -14.447667 -2.112241 -5.504768 -5.510924 -14.718511 0.000002 -0.000004 0.000003 -9.108294 -0.517870 2.259800 0.083329 -2.854491 7.046420 0.000011 -0.007202 0.088408 0.000001 0.004412 -0.054199 0.000001 0.000002 0.000001 -9.532492 0.000012 -0.000001 0.082086 -2.844314 6.920395 0.000004 -0.008861 0.108735 0.000008 0.005344 -0.065526 0.000000 0.000001 0.000000 -9.103596 -0.043089 -1.865102 0.079705 -2.824400 6.674078 0.000006 -0.006796 0.083420 -0.000001 0.003655 -0.044840 -0.000000 0.000000 0.000000 -8.076706 -0.486721 -3.806301 0.060636 -2.632567 4.306780 0.000009 -0.010634 0.130552 0.000002 0.006031 -0.074011 -0.000000 0.000001 -0.000000 4.570399 11.014660 -2.160813 5.816769 -2.815286 -0.615037 36.106330 6.688025 -105.633452 -0.000005 -34.433183 0.000013 19.018418 20.661724 91.424869 2.466090 -1.576211 2.681698 -12.388627 -9.936137 20.816846 5.987296 12.645730 1.346538 -7.335785 -0.421671 13.147353 0.000003 0.000007 0.000004 9.109295 -0.518020 2.259899 0.287416 3.189500 -8.363680 -0.000004 0.001662 -0.016208 0.000005 -0.001022 0.010024 0.000000 0.000000 0.000000 9.533402 0.000010 -0.000000 0.124656 3.201690 -8.197509 0.000005 -0.000006 0.000006 0.000001 0.000005 -0.000002 0.000000 -0.000000 0.000001 9.104498 -0.043001 -1.865101 0.108202 3.079164 -6.987591 0.000005 -0.000012 0.000002 0.000002 -0.000000 0.000004 -0.000001 0.000000 0.000001 8.077798 -0.486890 -3.806301 0.089442 2.906232 -5.290077 0.000003 -0.000002 -0.000010 0.000000 -0.000005 0.000025 0.000000 -0.000001 -0.000000 -8.207796 -6.751703 -1.599540 -48.154476 -3.591112 -48.319695 6.871318 -10.004109 -4.964634 -7.268881 -17.939577 11.176369 3.859004 -0.000003 -0.000003 0.000001 0.000000 -0.000002 8.207800 -6.751705 -1.599550 -62.482092 3.501898 57.011859 22.281131 -3.620238 2.954213 29.401833 0.053813 -0.809343 0.145027 -0.000014 -0.000029 -0.000001 -0.000001 0.000000 
0.176823 35.262039 -3.294281 -115.206672 5.478802 3.147014 0.000000 10.181547 0.131523 53.790912 -8.033161 -1.595025 14.452294 -2.540451 2.904999 14.513778 -1.532698 3.001468 0.000000 16.740374 -2.049019 8.082123 0.157414 1.364754 0.000000 9.617843 1.684967 28.114155 3.120509 6.425601 0.000001 22.037384 7.501075 -0.000000 0.000000 0.000000 -4.570001 11.014858 -2.160839 0.566137 -0.020113 -1.614849 30.312103 -9.214755 94.146235 -0.000003 41.605933 0.000011 40.690323 -35.450512 -75.217376 -2.464808 -1.573992 2.681913 -11.630453 11.625162 -20.750857 6.358357 -14.447667 -2.112241 -5.504768 -5.510924 -14.718511 0.000002 -0.000004 0.000003 -9.108294 -0.517870 2.259800 0.083329 -2.854491 7.046420 0.000011 -0.007202 0.088408 0.000001 0.004412 -0.054199 0.000001 0.000002 0.000001 -9.532492 0.000012 -0.000001 0.082086 -2.844314 6.920395 0.000004 -0.008861 0.108735 0.000008 0.005344 -0.065526 0.000000 0.000001 0.000000 -9.103596 -0.043089 -1.865102 0.079705 -2.824400 6.674078 0.000006 -0.006796 0.083420 -0.000001 0.003655 -0.044840 -0.000000 0.000000 0.000000 -8.076706 -0.486721 -3.806301 0.060636 -2.632567 4.306780 0.000009 -0.010634 0.130552 0.000002 0.006031 -0.074011 -0.000000 0.000001 -0.000000 4.570399 11.014660 -2.160813 5.816769 -2.815286 -0.615037 36.106330 6.688025 -105.633452 -0.000005 -34.433183 0.000013 19.018418 20.661724 91.424869 2.466090 -1.576211 2.681698 -12.388627 -9.936137 20.816846 5.987296 12.645730 1.346538 -7.335785 -0.421671 13.147353 0.000003 0.000007 0.000004 9.109295 -0.518020 2.259899 0.287416 3.189500 -8.363680 -0.000004 0.001662 -0.016208 0.000005 -0.001022 0.010024 0.000000 0.000000 0.000000 9.533402 0.000010 -0.000000 0.124656 3.201690 -8.197509 0.000005 -0.000006 0.000006 0.000001 0.000005 -0.000002 0.000000 -0.000000 0.000001 9.104498 -0.043001 -1.865101 0.108202 3.079164 -6.987591 0.000005 -0.000012 0.000002 0.000002 -0.000000 0.000004 -0.000001 0.000000 0.000001 8.077798 -0.486890 -3.806301 0.089442 2.906232 -5.290077 0.000003 -0.000002 -0.000010 0.000000 -0.000005 0.000025 0.000000 -0.000001 -0.000000 -8.207796 -6.751703 -1.599540 -48.154476 -3.591112 -48.319695 6.871318 -10.004109 -4.964634 -7.268881 -17.939577 11.176369 3.859004 -0.000003 -0.000003 0.000001 0.000000 -0.000002 8.207800 -6.751705 -1.599550 -62.482092 3.501898 57.011859 22.281131 -3.620238 2.954213 29.401833 0.053813 -0.809343 0.145027 -0.000014 -0.000029 -0.000001 -0.000001 0.000000 
0.176823 35.262039 -3.294281 -115.206672 5.478802 3.147014 0.000000 10.181547 0.131523 53.790912 -8.033161 -1.595025 14.452294 -2.540451 2.904999 14.513778 -1.532698 3.001468 0.000000 16.740374 -2.049019 8.082123 0.157414 1.364754 0.000000 9.617843 1.684967 28.114155 3.120509 6.425601 0.000001 22.037384 7.501075 -0.000000 0.000000 0.000000 -4.570001 11.014858 -2.160839 0.566137 -0.020113 -1.614849 30.312103 -9.214755 94.146235 -0.000003 41.605933 0.000011 40.690323 -35.450512 -75.217376 -2.464808 -1.573992 2.681913 -11.630453 11.625162 -20.750857 6.358357 -14.447667 -2.112241 -5.504768 -5.510924 -14.718511 0.000002 -0.000004 0.000003 -9.108294 -0.517870 2.259800 0.083329 -2.854491 7.046420 0.000011 -0.007202 0.088408 0.000001 0.004412 -0.054199 0.000001 0.000002 0.000001 -9.532492 0.000012 -0.000001 0.082086 -2.844314 6.920395 0.000004 -0.008861 0.108735 0.000008 0.005344 -0.065526 0.000000 0.000001 0.000000 -9.103596 -0.043089 -1.865102 0.079705 -2.824400 6.674078 0.000006 -0.006796 0.083420 -0.000001 0.003655 -0.044840 -0.000000 0.000000 0.000000 -8.076706 -0.486721 -3.806301 0.060636 -2.632567 4.306780 0.000009 -0.010634 0.130552 0.000002 0.006031 -0.074011 -0.000000 0.000001 -0.000000 4.570399 11.014660 -2.160813 5.816769 -2.815286 -0.615037 36.106330 6.688025 -105.633452 -0.000005 -34.433183 0.000013 19.018418 20.661724 91.424869 2.466090 -1.576211 2.681698 -12.388627 -9.936137 20.816846 5.987296 12.645730 1.346538 -7.335785 -0.421671 13.147353 0.000003 0.000007 0.000004 9.109295 -0.518020 2.259899 0.287416 3.189500 -8.363680 -0.000004 0.001662 -0.016208 0.000005 -0.001022 0.010024 0.000000 0.000000 0.000000 9.533402 0.000010 -0.000000 0.124656 3.201690 -8.197509 0.000005 -0.000006 0.000006 0.000001 0.000005 -0.000002 0.000000 -0.000000 0.000001 9.104498 -0.043001 -1.865101 0.108202 3.079164 -6.987591 0.000005 -0.000012 0.000002 0.000002 -0.000000 0.000004 -0.000001 0.000000 0.000001 8.077798 -0.486890 -3.806301 0.089442 2.906232 -5.290077 0.000003 -0.000002 -0.000010 0.000000 -0.000005 0.000025 0.000000 -0.000001 -0.000000 -8.207796 -6.751703 -1.599540 -48.154476 -3.591112 -48.319695 6.871318 -10.004109 -4.964634 -7.268881 -17.939577 11.176369 3.859004 -0.000003 -0.000003 0.000001 0.000000 -0.000002 8.207800 -6.751705 -1.599550 -62.482092 3.501898 57.011859 22.281131 -3.620238 2.954213 29.401833 0.053813 -0.809343 0.145027 -0.000014 -0.000029 -0.000001 -0.000001 0.000000 
0.176823 35.262039 -3.294281 -115.206672 5.478802 3.147014 0.000000 10.181547 0.131523 53.790912 -8.033161 -1.595025 14.452294 -2.540451 2.904999 14.513778 -1.532698 3.001468 0.000000 16.740374 -2.049019 8.082123 0.157414 1.364754 0.000000 9.617843 1.684967 28.114155 3.120509 6.425601 0.000001 22.037384 7.501075 -0.000000 0.000000 0.000000 -4.570001 11.014858 -2.160839 0.566137 -0.020113 -1.614849 30.312103 -9.214755 94.146235 -0.000003 41.605933 0.000011 40.690323 -35.450512 -75.217376 -2.464808 -1.573992 2.681913 -11.630453 11.625162 -20.750857 6.358357 -14.447667 -2.112241 -5.504768 -5.510924 -14.718511 0.000002 -0.000004 0.000003 -9.108294 -0.517870 2.259800 0.083329 -2.854491 7.046420 0.000011 -0.007202 0.088408 0.000001 0.004412 -0.054199 0.000001 0.000002 0.000001 -9.532492 0.000012 -0.000001 0.082086 -2.844314 6.920395 0.000004 -0.008861 0.108735 0.000008 0.005344 -0.065526 0.000000 0.000001 0.000000 -9.103596 -0.043089 -1.865102 0.079705 -2.824400 6.674078 0.000006 -0.006796 0.083420 -0.000001 0.003655 -0.044840 -0.000000 0.000000 0.000000 -8.076706 -0.486721 -3.806301 0.060636 -2.632567 4.306780 0.000009 -0.010634 0.130552 0.000002 0.006031 -0.074011 -0.000000 0.000001 -0.000000 4.570399 11.014660 -2.160813 5.816769 -2.815286 -0.615037 36.106330 6.688025 -105.633452 -0.000005 -34.433183 0.000013 19.018418 20.661724 91.424869 2.466090 -1.576211 2.681698 -12.388627 -9.936137 20.816846 5.987296 12.645730 1.346538 -7.335785 -0.421671 13.147353 0.000003 0.000007 0.000004 9.109295 -0.518020 2.259899 0.287416 3.189500 -8.363680 -0.000004 0.001662 -0.016208 0.000005 -0.001022 0.010024 0.000000 0.000000 0.000000 9.533402 0.000010 -0.000000 0.124656 3.201690 -8.197509 0.000005 -0.000006 0.000006 0.000001 0.000005 -0.000002 0.000000 -0.000000 0.000001 9.104498 -0.043001 -1.865101 0.108202 3.079164 -6.987591 0.000005 -0.000012 0.000002 0.000002 -0.000000 0.000004 -0.000001 0.000000 0.000001 8.077798 -0.486890 -3.806301 0.089442 2.906232 -5.290077 0.000003 -0.000002 -0.000010 0.000000 -0.000005 0.000025 0.000000 -0.000001 -0.000000 -8.207796 -6.751703 -1.599540 -48.154476 -3.591112 -48.319695 6.871318 -10.004109 -4.964634 -7.268881 -17.939577 11.176369 3.859004 -0.000003 -0.000003 0.000001 0.000000 -0.000002 8.207800 -6.751705 -1.599550 -62.482092 3.501898 57.011859 22.281131 -3.620238 2.954213 29.401833 0.053813 -0.809343 0.145027 -0.000014 -0.000029 -0.000001 -0.000001 0.000000 
0.176823 35.262039 -3.294281 -115.206672 5.478802 3.147014 0.000000 10.181547 0.131523 53.790912 -8.033161 -1.595025 14.452294 -2.540451 2.904999 14.513778 -1.532698 3.001468 0.000000 16.740374 -2.049019 8.082123 0.157414 1.364754 0.000000 9.617843 1.684967 28.114155 3.120509 6.425601 0.000001 22.037384 7.501075 -0.000000 0.000000 0.000000 -4.570001 11.014858 -2.160839 0.566137 -0.020113 -1.614849 30.312103 -9.214755 94.146235 -0.000003 41.605933 0.000011 40.690323 -35.450512 -75.217376 -2.464808 -1.573992 2.681913 -11.630453 11.625162 -20.750857 6.358357 -14.447667 -2.112241 -5.504768 -5.510924 -14.718511 0.000002 -0.000004 0.000003 -9.108294 -0.517870 2.259800 0.083329 -2.854491 7.046420 0.000011 -0.007202 0.088408 0.000001 0.004412 -0.054199 0.000001 0.000002 0.000001 -9.532492 0.000012 -0.000001 0.082086 -2.844314 6.920395 0.000004 -0.008861 0.108735 0.000008 0.005344 -0.065526 0.000000 0.000001 0.000000 -9.103596 -0.043089 -1.865102 0.079705 -2.824400 6.674078 0.000006 -0.006796 0.083420 -0.000001 0.003655 -0.044840 -0.000000 0.000000 0.000000 -8.076706 -0.486721 -3.806301 0.060636 -2.632567 4.306780 0.000009 -0.010634 0.130552 0.000002 0.006031 -0.074011 -0.000000 0.000001 -0.000000 4.570399 11.014660 -2.160813 5.816769 -2.815286 -0.615037 36.106330 6.688025 -105.633452 -0.000005 -34.433183 0.000013 19.018418 20.661724 91.424869 2.466090 -1.576211 2.681698 -12.388627 -9.936137 20.816846 5.987296 12.645730 1.346538 -7.335785 -0.421671 13.147353 0.000003 0.000007 0.000004 9.109295 -0.518020 2.259899 0.287416 3.189500 -8.363680 -0.000004 0.001662 -0.016208 0.000005 -0.001022 0.010024 0.000000 0.000000 0.000000 9.533402 0.000010 -0.000000 0.124656 3.201690 -8.197509 0.000005 -0.000006 0.000006 0.000001 0.000005 -0.000002 0.000000 -0.000000 0.000001 9.104498 -0.043001 -1.865101 0.108202 3.079164 -6.987591 0.000005 -0.000012 0.000002 0.000002 -0.000000 0.000004 -0.000001 0.000000 0.000001 8.077798 -0.486890 -3.806301 0.089442 2.906232 -5.290077 0.000003 -0.000002 -0.000010 0.000000 -0.000005 0.000025 0.000000 -0.000001 -0.000000 -8.207796 -6.751703 -1.599540 -48.154476 -3.591112 -48.319695 6.871318 -10.004109 -4.964634 -7.268881 -17.939577 11.176369 3.859004 -0.000003 -0.000003 0.000001 0.000000 -0.000002 8.207800 -6.751705 -1.599550 -62.482092 3.501898 57.011859 22.281131 -3.620238 2.954213 29.401833 0.053813 -0.809343 0.145027 -0.000014 -0.000029 -0.000001 -0.000001 0.000000 
0.176823 35.262039 -3.294281 -115.206672 5.478802 3.147014 0.000000 10.181547 0.131523 53.790912 -8.033161 -1.595025 14.452294 -2.540451 2.904999 14.513778 -1.532698 3.001468 0.000000 16.740374 -2.049019 8.082123 0.157414 1.364754 0.000000 9.617843 1.684967 28.114155 3.120509 6.425601 0.000001 22.037384 7.501075 -0.000000 0.000000 0.000000 -4.570001 11.014858 -2.160839 0.566137 -0.020113 -1.614849 30.312103 -9.214755 94.146235 -0.000003 41.605933 0.000011 40.690323 -35.450512 -75.217376 -2.464808 -1.573992 2.681913 -11.630453 11.625162 -20.750857 6.358357 -14.447667 -2.112241 -5.504768 -5.510924 -14.718511 0.000002 -0.000004 0.000003 -9.108294 -0.517870 2.259800 0.083329 -2.854491 7.046420 0.000011 -0.007202 0.088408 0.000001 0.004412 -0.054199 0.000001 0.000002 0.000001 -9.532492 0.000012 -0.000001 0.082086 -2.844314 6.920395 0.000004 -0.008861 0.108735 0.000008 0.005344 -0.065526 0.000000 0.000001 0.000000 -9.103596 -0.043089 -1.865102 0.079705 -2.824400 6.674078 0.000006 -0.006796 0.083420 -0.000001 0.003655 -0.044840 -0.000000 0.000000 0.000000 -8.076706 -0.486721 -3.806301 0.060636 -2.632567 4.306780 0.000009 -0.010634 0.130552 0.000002 0.006031 -0.074011 -0.000000 0.000001 -0.000000 4.570399 11.014660 -2.160813 5.816769 -2.815286 -0.615037 36.106330 6.688025 -105.633452 -0.000005 -34.433183 0.000013 19.018418 20.661724 91.424869 2.466090 -1.576211 2.681698 -12.388627 -9.936137 20.816846 5.987296 12.645730 1.346538 -7.335785 -0.421671 13.147353 0.000003 0.000007 0.000004 9.109295 -0.518020 2.259899 0.287416 3.189500 -8.363680 -0.000004 0.001662 -0.016208 0.000005 -0.001022 0.010024 0.000000 0.000000 0.000000 9.533402 0.000010 -0.000000 0.124656 3.201690 -8.197509 0.000005 -0.000006 0.000006 0.000001 0.000005 -0.000002 0.000000 -0.000000 0.000001 9.104498 -0.043001 -1.865101 0.108202 3.079164 -6.987591 0.000005 -0.000012 0.000002 0.000002 -0.000000 0.000004 -0.000001 0.000000 0.000001 8.077798 -0.486890 -3.806301 0.089442 2.906232 -5.290077 0.000003 -0.000002 -0.000010 0.000000 -0.000005 0.000025 0.000000 -0.000001 -0.000000 -8.207796 -6.751703 -1.599540 -48.154476 -3.591112 -48.319695 6.871318 -10.004109 -4.964634 -7.268881 -17.939577 11.176369 3.859004 -0.000003 -0.000003 0.000001 0.000000 -0.000002 8.207800 -6.751705 -1.599550 -62.482092 3.501898 57.011859 22.281131 -3.620238 2.954213 29.401833 0.053813 -0.809343 0.145027 -0.000014 -0.000029 -0.000001 -0.000001 0.000000 
0.176823 35.262039 -3.294281 -115.206672 5.478802 3.147014 0.000000 10.181547 0.131523 53.790912 -8.033161 -1.595025 14.452294 -2.540451 2.904999 14.513778 -1.532698 3.001468 0.000000 16.740374 -2.049019 8.082123 0.157414 1.364754 0.000000 9.617843 1.684967 28.114155 3.120509 6.425601 0.000001 22.037384 7.501075 -0.000000 0.000000 0.000000 -4.570001 11.014858 -2.160839 0.566137 -0.020113 -1.614849 30.312103 -9.214755 94.146235 -0.000003 41.605933 0.000011 40.690323 -35.450512 -75.217376 -2.464808 -1.573992 2.681913 -11.630453 11.625162 -20.750857 6.358357 -14.447667 -2.112241 -5.504768 -5.510924 -14.718511 0.000002 -0.000004 0.000003 -9.108294 -0.517870 2.259800 0.083329 -2.854491 7.046420 0.000011 -0.007202 0.088408 0.000001 0.004412 -0.054199 0.000001 0.000002 0.000001 -9.532492 0.000012 -0.000001 0.082086 -2.844314 6.920395 0.000004 -0.008861 0.108735 0.000008 0.005344 -0.065526 0.000000 0.000001 0.000000 -9.103596 -0.043089 -1.865102 0.079705 -2.824400 6.674078 0.000006 -0.006796 0.083420 -0.000001 0.003655 -0.044840 -0.000000 0.000000 0.000000 -8.076706 -0.486721 -3.806301 0.060636 -2.632567 4.306780 0.000009 -0.010634 0.130552 0.000002 0.006031 -0.074011 -0.000000 0.000001 -0.000000 4.570399 11.014660 -2.160813 5.816769 -2.815286 -0.615037 36.106330 6.688025 -105.633452 -0.000005 -34.433183 0.000013 19.018418 20.661724 91.424869 2.466090 -1.576211 2.681698 -12.388627 -9.936137 20.816846 5.987296 12.645730 1.346538 -7.335785 -0.421671 13.147353 0.000003 0.000007 0.000004 9.109295 -0.518020 2.259899 0.287416 3.189500 -8.363680 -0.000004 0.001662 -0.016208 0.000005 -0.001022 0.010024 0.000000 0.000000 0.000000 9.533402 0.000010 -0.000000 0.124656 3.201690 -8.197509 0.000005 -0.000006 0.000006 0.000001 0.000005 -0.000002 0.000000 -0.000000 0.000001 9.104498 -0.043001 -1.865101 0.108202 3.079164 -6.987591 0.000005 -0.000012 0.000002 0.000002 -0.000000 0.000004 -0.000001 0.000000 0.000001 8.077798 -0.486890 -3.806301 0.089442 2.906232 -5.290077 0.000003 -0.000002 -0.000010 0.000000 -0.000005 0.000025 0.000000 -0.000001 -0.000000 -8.207796 -6.751703 -1.599540 -48.154476 -3.591112 -48.319695 6.871318 -10.004109 -4.964634 -7.268881 -17.939577 11.176369 3.859004 -0.000003 -0.000003 0.000001 0.000000 -0.000002 8.207800 -6.751705 -1.599550 -62.482092 3.501898 57.011859 22.281131 -3.620238 2.954213 29.401833 0.053813 -0.809343 0.145027 -0.000014 -0.000029 -0.000001 -0.000001 0.000000 
0.176823 35.262039 -3.294281 -115.206672 5.478802 3.147014 0.000000 10.181547 0.131523 53.790912 -8.033161 -1.595025 14.452294 -2.540451 2.904999 14.513778 -1.532698 3.001468 0.000000 16.740374 -2.049019 8.082123 0.157414 1.364754 0.000000 9.617843 1.684967 28.114155 3.120509 6.425601 0.000001 22.037384 7.501075 -0.000000 0.000000 0.000000 -4.570001 11.014858 -2.160839 0.566137 -0.020113 -1.614849 30.312103 -9.214755 94.146235 -0.000003 41.605933 0.000011 40.690323 -35.450512 -75.217376 -2.464808 -1.573992 2.681913 -11.630453 11.625162 -20.750857 6.358357 -14.447667 -2.112241 -5.504768 -5.510924 -14.718511 0.000002 -0.000004 0.000003 -9.108294 -0.517870 2.259800 0.083329 -2.854491 7.046420 0.000011 -0.007202 0.088408 0.000001 0.004412 -0.054199 0.000001 0.000002 0.000001 -9.532492 0.000012 -0.000001 0.082086 -2.844314 6.920395 0.000004 -0.008861 0.108735 0.000008 0.005344 -0.065526 0.000000 0.000001 0.000000 -9.103596 -0.043089 -1.865102 0.079705 -2.824400 6.674078 0.000006 -0.006796 0.083420 -0.000001 0.003655 -0.044840 -0.000000 0.000000 0.000000 -8.076706 -0.486721 -3.806301 0.060636 -2.632567 4.306780 0.000009 -0.010634 0.130552 0.000002 0.006031 -0.074011 -0.000000 0.000001 -0.000000 4.570399 11.014660 -2.160813 5.816769 -2.815286 -0.615037 36.106330 6.688025 -105.633452 -0.000005 -34.433183 0.000013 19.018418 20.661724 91.424869 2.466090 -1.576211 2.681698 -12.388627 -9.936137 20.816846 5.987296 12.645730 1.346538 -7.335785 -0.421671 13.147353 0.000003 0.000007 0.000004 9.109295 -0.518020 2.259899 0.287416 3.189500 -8.363680 -0.000004 0.001662 -0.016208 0.000005 -0.001022 0.010024 0.000000 0.000000 0.000000 9.533402 0.000010 -0.000000 0.124656 3.201690 -8.197509 0.000005 -0.000006 0.000006 0.000001 0.000005 -0.000002 0.000000 -0.000000 0.000001 9.104498 -0.043001 -1.865101 0.108202 3.079164 -6.987591 0.000005 -0.000012 0.000002 0.000002 -0.000000 0.000004 -0.000001 0.000000 0.000001 8.077798 -0.486890 -3.806301 0.089442 2.906232 -5.290077 0.000003 -0.000002 -0.000010 0.000000 -0.000005 0.000025 0.000000 -0.000001 -0.000000 -8.207796 -6.751703 -1.599540 -48.154476 -3.591112 -48.319695 6.871318 -10.004109 -4.964634 -7.268881 -17.939577 11.176369 3.859004 -0.000003 -0.000003 0.000001 0.000000 -0.000002 8.207800 -6.751705 -1.599550 -62.482092 3.501898 57.011859 22.281131 -3.620238 2.954213 29.401833 0.053813 -0.809343 0.145027 -0.000014 -0.000029 -0.000001 -0.000001 0.000000 
0.176823 35.262039 -3.294281 -115.206672 5.478802 3.147014 0.000000 10.181547 0.131523 53.790912 -8.033161 -1.595025 14.452294 -2.540451 2.904999 14.513778 -1.532698 3.001468 0.000000 16.740374 -2.049019 8.082123 0.157414 1.364754 0.000000 9.617843 1.684967 28.114155 3.120509 6.425601 0.000001 22.037384 7.501075 -0.000000 0.000000 0.000000 -4.570001 11.014858 -2.160839 0.566137 -0.020113 -1.614849 30.312103 -9.214755 94.146235 -0.000003 41.605933 0.000011 40.690323 -35.450512 -75.217376 -2.464808 -1.573992 2.681913 -11.630453 11.625162 -20.750857 6.358357 -14.447667 -2.112241 -5.504768 -5.510924 -14.718511 0.000002 -0.000004 0.000003 -9.108294 -0.517870 2.259800 0.083329 -2.854491 7.046420 0.000011 -0.007202 0.088408 0.000001 0.004412 -0.054199 0.000001 0.000002 0.000001 -9.532492 0.000012 -0.000001 0.082086 -2.844314 6.920395 0.000004 -0.008861 0.108735 0.000008 0.005344 -0.065526 0.000000 0.000001 0.000000 -9.103596 -0.043089 -1.865102 0.079705 -2.824400 6.674078 0.000006 -0.006796 0.083420 -0.000001 0.003655 -0.044840 -0.000000 0.000000 0.000000 -8.076706 -0.486721 -3.806301 0.060636 -2.632567 4.306780 0.000009 -0.010634 0.130552 0.000002 0.006031 -0.074011 -0.000000 0.000001 -0.000000 4.570399 11.014660 -2.160813 5.816769 -2.815286 -0.615037 36.106330 6.688025 -105.633452 -0.000005 -34.433183 0.000013 19.018418 20.661724 91.424869 2.466090 -1.576211 2.681698 -12.388627 -9.936137 20.816846 5.987296 12.645730 1.346538 -7.335785 -0.421671 13.147353 0.000003 0.000007 0.000004 9.109295 -0.518020 2.259899 0.287416 3.189500 -8.363680 -0.000004 0.001662 -0.016208 0.000005 -0.001022 0.010024 0.000000 0.000000 0.000000 9.533402 0.000010 -0.000000 0.124656 3.201690 -8.197509 0.000005 -0.000006 0.000006 0.000001 0.000005 -0.000002 0.000000 -0.000000 0.000001 9.104498 -0.043001 -1.865101 0.108202 3.079164 -6.987591 0.000005 -0.000012 0.000002 0.000002 -0.000000 0.000004 -0.000001 0.000000 0.000001 8.077798 -0.486890 -3.806301 0.089442 2.906232 -5.290077 0.000003 -0.000002 -0.000010 0.000000 -0.000005 0.000025 0.000000 -0.000001 -0.000000 -8.207796 -6.751703 -1.599540 -48.154476 -3.591112 -48.319695 6.871318 -10.004109 -4.964634 -7.268881 -17.939577 11.176369 3.859004 -0.000003 -0.000003 0.000001 0.000000 -0.000002 8.207800 -6.751705 -1.599550 -62.482092 3.501898 57.011859 22.281131 -3.620238 2.954213 29.401833 0.053813 -0.809343 0.145027 -0.000014 -0.000029 -0.000001 -0.000001 0.000000 
0.176823 35.262039 -3.294281 -115.206672 5.478802 3.147014 0.000000 10.181547 0.131523 53.790912 -8.033161 -1.595025 14.452294 -2.540451 2.904999 14.513778 -1.532698 3.001468 0.000000 16.740374 -2.049019 8.082123 0.157414 1.364754 0.000000 9.617843 1.684967 28.114155 3.120509 6.425601 0.000001 22.037384 7.501075 -0.000000 0.000000 0.000000 -4.570001 11.014858 -2.160839 0.566137 -0.020113 -1.614849 30.312103 -9.214755 94.146235 -0.000003 41.605933 0.000011 40.690323 -35.450512 -75.217376 -2.464808 -1.573992 2.681913 -11.630453 11.625162 -20.750857 6.358357 -14.447667 -2.112241 -5.504768 -5.510924 -14.718511 0.000002 -0.000004 0.000003 -9.108294 -0.517870 2.259800 0.083329 -2.854491 7.046420 0.000011 -0.007202 0.088408 0.000001 0.004412 -0.054199 0.000001 0.000002 0.000001 -9.532492 0.000012 -0.000001 0.082086 -2.844314 6.920395 0.000004 -0.008861 0.108735 0.000008 0.005344 -0.065526 0.000000 0.000001 0.000000 -9.103596 -0.043089 -1.865102 0.079705 -2.824400 6.674078 0.000006 -0.006796 0.083420 -0.000001 0.003655 -0.044840 -0.000000 0.000000 0.000000 -8.076706 -0.486721 -3.806301 0.060636 -2.632567 4.306780 0.000009 -0.010634 0.130552 0.000002 0.006031 -0.074011 -0.000000 0.000001 -0.000000 4.570399 11.014660 -2.160813 5.816769 -2.815286 -0.615037 36.106330 6.688025 -105.633452 -0.000005 -34.433183 0.000013 19.018418 20.661724 91.424869 2.466090 -1.576211 2.681698 -12.388627 -9.936137 20.816846 5.987296 12.645730 1.346538 -7.335785 -0.421671 13.147353 0.000003 0.000007 0.000004 9.109295 -0.518020 2.259899 0.287416 3.189500 -8.363680 -0.000004 0.001662 -0.016208 0.000005 -0.001022 0.010024 0.000000 0.000000 0.000000 9.533402 0.000010 -0.000000 0.124656 3.201690 -8.197509 0.000005 -0.000006 0.000006 0.000001 0.000005 -0.000002 0.000000 -0.000000 0.000001 9.104498 -0.043001 -1.865101 0.108202 3.079164 -6.987591 0.000005 -0.000012 0.000002 0.000002 -0.000000 0.000004 -0.000001 0.000000 0.000001 8.077798 -0.486890 -3.806301 0.089442 2.906232 -5.290077 0.000003 -0.000002 -0.000010 0.000000 -0.000005 0.000025 0.000000 -0.000001 -0.000000 -8.207796 -6.751703 -1.599540 -48.154476 -3.591112 -48.319695 6.871318 -10.004109 -4.964634 -7.268881 -17.939577 11.176369 3.859004 -0.000003 -0.000003 0.000001 0.000000 -0.000002 8.207800 -6.751705 -1.599550 -62.482092 3.501898 57.011859 22.281131 -3.620238 2.954213 29.401833 0.053813 -0.809343 0.145027 -0.000014 -0.000029 -0.000001 -0.000001 0.000000 
0.176823 35.262039 -3.294281 -115.206672 5.478802 3.147014 0.000000 10.181547 0.131523 53.790912 -8.033161 -1.595025 14.452294 -2.540451 2.904999 14.513778 -1.532698 3.001468 0.000000 16.740374 -2.049019 8.082123 0.157414 1.364754 0.000000 9.617843 1.684967 28.114155 3.120509 6.425601 0.000001 22.037384 7.501075 -0.000000 0.000000 0.000000 -4.570001 11.014858 -2.160839 0.566137 -0.020113 -1.614849 30.312103 -9.214755 94.146235 -0.000003 41.605933 0.000011 40.690323 -35.450512 -75.217376 -2.464808 -1.573992 2.681913 -11.630453 11.625162 -20.750857 6.358357 -14.447667 -2.112241 -5.504768 -5.510924 -14.718511 0.000002 -0.000004 0.000003 -9.108294 -0.517870 2.259800 0.083329 -2.854491 7.046420 0.000011 -0.007202 0.088408 0.000001 0.004412 -0.054199 0.000001 0.000002 0.000001 -9.532492 0.000012 -0.000001 0.082086 -2.844314 6.920395 0.000004 -0.008861 0.108735 0.000008 0.005344 -0.065526 0.000000 0.000001 0.000000 -9.103596 -0.043089 -1.865102 0.079705 -2.824400 6.674078 0.000006 -0.006796 0.083420 -0.000001 0.003655 -0.044840 -0.000000 0.000000 0.000000 -8.076706 -0.486721 -3.806301 0.060636 -2.632567 4.306780 0.000009 -0.010634 0.130552 0.000002 0.006031 -0.074011 -0.000000 0.000001 -0.000000 4.570399 11.014660 -2.160813 5.816769 -2.815286 -0.615037 36.106330 6.688025 -105.633452 -0.000005 -34.433183 0.000013 19.018418 20.661724 91.424869 2.466090 -1.576211 2.681698 -12.388627 -9.936137 20.816846 5.987296 12.645730 1.346538 -7.335785 -0.421671 13.147353 0.000003 0.000007 0.000004 9.109295 -0.518020 2.259899 0.287416 3.189500 -8.363680 -0.000004 0.001662 -0.016208 0.000005 -0.001022 0.010024 0.000000 0.000000 0.000000 9.533402 0.000010 -0.000000 0.124656 3.201690 -8.197509 0.000005 -0.000006 0.000006 0.000001 0.000005 -0.000002 0.000000 -0.000000 0.000001 9.104498 -0.043001 -1.865101 0.108202 3.079164 -6.987591 0.000005 -0.000012 0.000002 0.000002 -0.000000 0.000004 -0.000001 0.000000 0.000001 8.077798 -0.486890 -3.806301 0.089442 2.906232 -5.290077 0.000003 -0.000002 -0.000010 0.000000 -0.000005 0.000025 0.000000 -0.000001 -0.000000 -8.207796 -6.751703 -1.599540 -48.154476 -3.591112 -48.319695 6.871318 -10.004109 -4.964634 -7.268881 -17.939577 11.176369 3.859004 -0.000003 -0.000003 0.000001 0.000000 -0.000002 8.207800 -6.751705 -1.599550 -62.482092 3.501898 57.011859 22.281131 -3.620238 2.954213 29.401833 0.053813 -0.809343 0.145027 -0.000014 -0.000029 -0.000001 -0.000001 0.000000 
0.176823 35.262039 -3.294281 -115.206672 5.478802 3.147014 0.000000 10.181547 0.131523 53.790912 -8.033161 -1.595025 14.452294 -2.540451 2.904999 14.513778 -1.532698 3.001468 0.000000 16.740374 -2.049019 8.082123 0.157414 1.364754 0.000000 9.617843 1.684967 28.114155 3.120509 6.425601 0.000001 22.037384 7.501075 -0.000000 0.000000 0.000000 -4.570001 11.014858 -2.160839 0.566137 -0.020113 -1.614849 30.312103 -9.214755 94.146235 -0.000003 41.605933 0.000011 40.690323 -35.450512 -75.217376 -2.464808 -1.573992 2.681913 -11.630453 11.625162 -20.750857 6.358357 -14.447667 -2.112241 -5.504768 -5.510924 -14.718511 0.000002 -0.000004 0.000003 -9.108294 -0.517870 2.259800 0.083329 -2.854491 7.046420 0.000011 -0.007202 0.088408 0.000001 0.004412 -0.054199 0.000001 0.000002 0.000001 -9.532492 0.000012 -0.000001 0.082086 -2.844314 6.920395 0.000004 -0.008861 0.108735 0.000008 0.005344 -0.065526 0.000000 0.000001 0.000000 -9.103596 -0.043089 -1.865102 0.079705 -2.824400 6.674078 0.000006 -0.006796 0.083420 -0.000001 0.003655 -0.044840 -0.000000 0.000000 0.000000 -8.076706 -0.486721 -3.806301 0.060636 -2.632567 4.306780 0.000009 -0.010634 0.130552 0.000002 0.006031 -0.074011 -0.000000 0.000001 -0.000000 4.570399 11.014660 -2.160813 5.816769 -2.815286 -0.615037 36.106330 6.688025 -105.633452 -0.000005 -34.433183 0.000013 19.018418 20.661724 91.424869 2.466090 -1.576211 2.681698 -12.388627 -9.936137 20.816846 5.987296 12.645730 1.346538 -7.335785 -0.421671 13.147353 0.000003 0.000007 0.000004 9.109295 -0.518020 2.259899 0.287416 3.189500 -8.363680 -0.000004 0.001662 -0.016208 0.000005 -0.001022 0.010024 0.000000 0.000000 0.000000 9.533402 0.000010 -0.000000 0.124656 3.201690 -8.197509 0.000005 -0.000006 0.000006 0.000001 0.000005 -0.000002 0.000000 -0.000000 0.000001 9.104498 -0.043001 -1.865101 0.108202 3.079164 -6.987591 0.000005 -0.000012 0.000002 0.000002 -0.000000 0.000004 -0.000001 0.000000 0.000001 8.077798 -0.486890 -3.806301 0.089442 2.906232 -5.290077 0.000003 -0.000002 -0.000010 0.000000 -0.000005 0.000025 0.000000 -0.000001 -0.000000 -8.207796 -6.751703 -1.599540 -48.154476 -3.591112 -48.319695 6.871318 -10.004109 -4.964634 -7.268881 -17.939577 11.176369 3.859004 -0.000003 -0.000003 0.000001 0.000000 -0.000002 8.207800 -6.751705 -1.599550 -62.482092 3.501898 57.011859 22.281131 -3.620238 2.954213 29.401833 0.053813 -0.809343 0.145027 -0.000014 -0.000029 -0.000001 -0.000001 0.000000 
0.176823 35.262039 -3.294281 -115.206672 5.478802 3.147014 0.000000 10.181547 0.131523 53.790912 -8.033161 -1.595025 14.452294 -2.540451 2.904999 14.513778 -1.532698 3.001468 0.000000 16.740374 -2.049019 8.082123 0.157414 1.364754 0.000000 9.617843 1.684967 28.114155 3.120509 6.425601 0.000001 22.037384 7.501075 -0.000000 0.000000 0.000000 -4.570001 11.014858 -2.160839 0.566137 -0.020113 -1.614849 30.312103 -9.214755 94.146235 -0.000003 41.605933 0.000011 40.690323 -35.450512 -75.217376 -2.464808 -1.573992 2.681913 -11.630453 11.625162 -20.750857 6.358357 -14.447667 -2.112241 -5.504768 -5.510924 -14.718511 0.000002 -0.000004 0.000003 -9.108294 -0.517870 2.259800 0.083329 -2.854491 7.046420 0.000011 -0.007202 0.088408 0.000001 0.004412 -0.054199 0.000001 0.000002 0.000001 -9.532492 0.000012 -0.000001 0.082086 -2.844314 6.920395 0.000004 -0.008861 0.108735 0.000008 0.005344 -0.065526 0.000000 0.000001 0.000000 -9.103596 -0.043089 -1.865102 0.079705 -2.824400 6.674078 0.000006 -0.006796 0.083420 -0.000001 0.003655 -0.044840 -0.000000 0.000000 0.000000 -8.076706 -0.486721 -3.806301 0.060636 -2.632567 4.306780 0.000009 -0.010634 0.130552 0.000002 0.006031 -0.074011 -0.000000 0.000001 -0.000000 4.570399 11.014660 -2.160813 5.816769 -2.815286 -0.615037 36.106330 6.688025 -105.633452 -0.000005 -34.433183 0.000013 19.018418 20.661724 91.424869 2.466090 -1.576211 2.681698 -12.388627 -9.936137 20.816846 5.987296 12.645730 1.346538 -7.335785 -0.421671 13.147353 0.000003 0.000007 0.000004 9.109295 -0.518020 2.259899 0.287416 3.189500 -8.363680 -0.000004 0.001662 -0.016208 0.000005 -0.001022 0.010024 0.000000 0.000000 0.000000 9.533402 0.000010 -0.000000 0.124656 3.201690 -8.197509 0.000005 -0.000006 0.000006 0.000001 0.000005 -0.000002 0.000000 -0.000000 0.000001 9.104498 -0.043001 -1.865101 0.108202 3.079164 -6.987591 0.000005 -0.000012 0.000002 0.000002 -0.000000 0.000004 -0.000001 0.000000 0.000001 8.077798 -0.486890 -3.806301 0.089442 2.906232 -5.290077 0.000003 -0.000002 -0.000010 0.000000 -0.000005 0.000025 0.000000 -0.000001 -0.000000 -8.207796 -6.751703 -1.599540 -48.154476 -3.591112 -48.319695 6.871318 -10.004109 -4.964634 -7.268881 -17.939577 11.176369 3.859004 -0.000003 -0.000003 0.000001 0.000000 -0.000002 8.207800 -6.751705 -1.599550 -62.482092 3.501898 57.011859 22.281131 -3.620238 2.954213 29.401833 0.053813 -0.809343 0.145027 -0.000014 -0.000029 -0.000001 -0.000001 0.000000 
0.176823 35.262039 -3.294281 -115.206672 5.478802 3.147014 0.000000 10.181547 0.131523 53.790912 -8.033161 -1.595025 14.452294 -2.540451 2.904999 14.513778 -1.532698 3.001468 0.000000 16.740374 -2.049019 8.082123 0.157414 1.364754 0.000000 9.617843 1.684967 28.114155 3.120509 6.425601 0.000001 22.037384 7.501075 -0.000000 0.000000 0.000000 -4.570001 11.014858 -2.160839 0.566137 -0.020113 -1.614849 30.312103 -9.214755 94.146235 -0.000003 41.605933 0.000011 40.690323 -35.450512 -75.217376 -2.464808 -1.573992 2.681913 -11.630453 11.625162 -20.750857 6.358357 -14.447667 -2.112241 -5.504768 -5.510924 -14.718511 0.000002 -0.000004 0.000003 -9.108294 -0.517870 2.259800 0.083329 -2.854491 7.046420 0.000011 -0.007202 0.088408 0.000001 0.004412 -0.054199 0.000001 0.000002 0.000001 -9.532492 0.000012 -0.000001 0.082086 -2.844314 6.920395 0.000004 -0.008861 0.108735 0.000008 0.005344 -0.065526 0.000000 0.000001 0.000000 -9.103596 -0.043089 -1.865102 0.079705 -2.824400 6.674078 0.000006 -0.006796 0.083420 -0.000001 0.003655 -0.044840 -0.000000 0.000000 0.000000 -8.076706 -0.486721 -3.806301 0.060636 -2.632567 4.306780 0.000009 -0.010634 0.130552 0.000002 0.006031 -0.074011 -0.000000 0.000001 -0.000000 4.570399 11.014660 -2.160813 5.816769 -2.815286 -0.615037 36.106330 6.688025 -105.633452 -0.000005 -34.433183 0.000013 19.018418 20.661724 91.424869 2.466090 -1.576211 2.681698 -12.388627 -9.936137 20.816846 5.987296 12.645730 1.346538 -7.335785 -0.421671 13.147353 0.000003 0.000007 0.000004 9.109295 -0.518020 2.259899 0.287416 3.189500 -8.363680 -0.000004 0.001662 -0.016208 0.000005 -0.001022 0.010024 0.000000 0.000000 0.000000 9.533402 0.000010 -0.000000 0.124656 3.201690 -8.197509 0.000005 -0.000006 0.000006 0.000001 0.000005 -0.000002 0.000000 -0.000000 0.000001 9.104498 -0.043001 -1.865101 0.108202 3.079164 -6.987591 0.000005 -0.000012 0.000002 0.000002 -0.000000 0.000004 -0.000001 0.000000 0.000001 8.077798 -0.486890 -3.806301 0.089442 2.906232 -5.290077 0.000003 -0.000002 -0.000010 0.000000 -0.000005 0.000025 0.000000 -0.000001 -0.000000 -8.207796 -6.751703 -1.599540 -48.154476 -3.591112 -48.319695 6.871318 -10.004109 -4.964634 -7.268881 -17.939577 11.176369 3.859004 -0.000003 -0.000003 0.000001 0.000000 -0.000002 8.207800 -6.751705 -1.599550 -62.482092 3.501898 57.011859 22.281131 -3.620238 2.954213 29.401833 0.053813 -0.809343 0.145027 -0.000014 -0.000029 -0.000001 -0.000001 0.000000 
0.176823 35.262039 -3.294281 -115.206672 5.478802 3.147014 0.000000 10.181547 0.131523 53.790912 -8.033161 -1.595025 14.452294 -2.540451 2.904999 14.513778 -1.532698 3.001468 0.000000 16.740374 -2.049019 8.082123 0.157414 1.364754 0.000000 9.617843 1.684967 28.114155 3.120509 6.425601 0.000001 22.037384 7.501075 -0.000000 0.000000 0.000000 -4.570001 11.014858 -2.160839 0.566137 -0.020113 -1.614849 30.312103 -9.214755 94.146235 -0.000003 41.605933 0.000011 40.690323 -35.450512 -75.217376 -2.464808 -1.573992 2.681913 -11.630453 11.625162 -20.750857 6.358357 -14.447667 -2.112241 -5.504768 -5.510924 -14.718511 0.000002 -0.000004 0.000003 -9.108294 -0.517870 2.259800 0.083329 -2.854491 7.046420 0.000011 -0.007202 0.088408 0.000001 0.004412 -0.054199 0.000001 0.000002 0.000001 -9.532492 0.000012 -0.000001 0.082086 -2.844314 6.920395 0.000004 -0.008861 0.108735 0.000008 0.005344 -0.065526 0.000000 0.000001 0.000000 -9.103596 -0.043089 -1.865102 0.079705 -2.824400 6.674078 0.000006 -0.006796 0.083420 -0.000001 0.003655 -0.044840 -0.000000 0.000000 0.000000 -8.076706 -0.486721 -3.806301 0.060636 -2.632567 4.306780 0.000009 -0.010634 0.130552 0.000002 0.006031 -0.074011 -0.000000 0.000001 -0.000000 4.570399 11.014660 -2.160813 5.816769 -2.815286 -0.615037 36.106330 6.688025 -105.633452 -0.000005 -34.433183 0.000013 19.018418 20.661724 91.424869 2.466090 -1.576211 2.681698 -12.388627 -9.936137 20.816846 5.987296 12.645730 1.346538 -7.335785 -0.421671 13.147353 0.000003 0.000007 0.000004 9.109295 -0.518020 2.259899 0.287416 3.189500 -8.363680 -0.000004 0.001662 -0.016208 0.000005 -0.001022 0.010024 0.000000 0.000000 0.000000 9.533402 0.000010 -0.000000 0.124656 3.201690 -8.197509 0.000005 -0.000006 0.000006 0.000001 0.000005 -0.000002 0.000000 -0.000000 0.000001 9.104498 -0.043001 -1.865101 0.108202 3.079164 -6.987591 0.000005 -0.000012 0.000002 0.000002 -0.000000 0.000004 -0.000001 0.000000 0.000001 8.077798 -0.486890 -3.806301 0.089442 2.906232 -5.290077 0.000003 -0.000002 -0.000010 0.000000 -0.000005 0.000025 0.000000 -0.000001 -0.000000 -8.207796 -6.751703 -1.599540 -48.154476 -3.591112 -48.319695 6.871318 -10.004109 -4.964634 -7.268881 -17.939577 11.176369 3.859004 -0.000003 -0.000003 0.000001 0.000000 -0.000002 8.207800 -6.751705 -1.599550 -62.482092 3.501898 57.011859 22.281131 -3.620238 2.954213 29.401833 0.053813 -0.809343 0.145027 -0.000014 -0.000029 -0.000001 -0.000001 0.000000 
0.176823 35.262039 -3.294281 -115.206672 5.478802 3.147014 0.000000 10.181547 0.131523 53.790912 -8.033161 -1.595025 14.452294 -2.540451 2.904999 14.513778 -1.532698 3.001468 0.000000 16.740374 -2.049019 8.082123 0.157414 1.364754 0.000000 9.617843 1.684967 28.114155 3.120509 6.425601 0.000001 22.037384 7.501075 -0.000000 0.000000 0.000000 -4.570001 11.014858 -2.160839 0.566137 -0.020113 -1.614849 30.312103 -9.214755 94.146235 -0.000003 41.605933 0.000011 40.690323 -35.450512 -75.217376 -2.464808 -1.573992 2.681913 -11.630453 11.625162 -20.750857 6.358357 -14.447667 -2.112241 -5.504768 -5.510924 -14.718511 0.000002 -0.000004 0.000003 -9.108294 -0.517870 2.259800 0.083329 -2.854491 7.046420 0.000011 -0.007202 0.088408 0.000001 0.004412 -0.054199 0.000001 0.000002 0.000001 -9.532492 0.000012 -0.000001 0.082086 -2.844314 6.920395 0.000004 -0.008861 0.108735 0.000008 0.005344 -0.065526 0.000000 0.000001 0.000000 -9.103596 -0.043089 -1.865102 0.079705 -2.824400 6.674078 0.000006 -0.006796 0.083420 -0.000001 0.003655 -0.044840 -0.000000 0.000000 0.000000 -8.076706 -0.486721 -3.806301 0.060636 -2.632567 4.306780 0.000009 -0.010634 0.130552 0.000002 0.006031 -0.074011 -0.000000 0.000001 -0.000000 4.570399 11.014660 -2.160813 5.816769 -2.815286 -0.615037 36.106330 6.688025 -105.633452 -0.000005 -34.433183 0.000013 19.018418 20.661724 91.424869 2.466090 -1.576211 2.681698 -12.388627 -9.936137 20.816846 5.987296 12.645730 1.346538 -7.335785 -0.421671 13.147353 0.000003 0.000007 0.000004 9.109295 -0.518020 2.259899 0.287416 3.189500 -8.363680 -0.000004 0.001662 -0.016208 0.000005 -0.001022 0.010024 0.000000 0.000000 0.000000 9.533402 0.000010 -0.000000 0.124656 3.201690 -8.197509 0.000005 -0.000006 0.000006 0.000001 0.000005 -0.000002 0.000000 -0.000000 0.000001 9.104498 -0.043001 -1.865101 0.108202 3.079164 -6.987591 0.000005 -0.000012 0.000002 0.000002 -0.000000 0.000004 -0.000001 0.000000 0.000001 8.077798 -0.486890 -3.806301 0.089442 2.906232 -5.290077 0.000003 -0.000002 -0.000010 0.000000 -0.000005 0.000025 0.000000 -0.000001 -0.000000 -8.207796 -6.751703 -1.599540 -48.154476 -3.591112 -48.319695 6.871318 -10.004109 -4.964634 -7.268881 -17.939577 11.176369 3.859004 -0.000003 -0.000003 0.000001 0.000000 -0.000002 8.207800 -6.751705 -1.599550 -62.482092 3.501898 57.011859 22.281131 -3.620238 2.954213 29.401833 0.053813 -0.809343 0.145027 -0.000014 -0.000029 -0.000001 -0.000001 0.000000 
0.176823 35.262039 -3.294281 -115.206672 5.478802 3.147014 0.000000 10.181547 0.131523 53.790912 -8.033161 -1.595025 14.452294 -2.540451 2.904999 14.513778 -1.532698 3.001468 0.000000 16.740374 -2.049019 8.082123 0.157414 1.364754 0.000000 9.617843 1.684967 28.114155 3.120509 6.425601 0.000001 22.037384 7.501075 -0.000000 0.000000 0.000000 -4.570001 11.014858 -2.160839 0.566137 -0.020113 -1.614849 30.312103 -9.214755 94.146235 -0.000003 41.605933 0.000011 40.690323 -35.450512 -75.217376 -2.464808 -1.573992 2.681913 -11.630453 11.625162 -20.750857 6.358357 -14.447667 -2.112241 -5.504768 -5.510924 -14.718511 0.000002 -0.000004 0.000003 -9.108294 -0.517870 2.259800 0.083329 -2.854491 7.046420 0.000011 -0.007202 0.088408 0.000001 0.004412 -0.054199 0.000001 0.000002 0.000001 -9.532492 0.000012 -0.000001 0.082086 -2.844314 6.920395 0.000004 -0.008861 0.108735 0.000008 0.005344 -0.065526 0.000000 0.000001 0.000000 -9.103596 -0.043089 -1.865102 0.079705 -2.824400 6.674078 0.000006 -0.006796 0.083420 -0.000001 0.003655 -0.044840 -0.000000 0.000000 0.000000 -8.076706 -0.486721 -3.806301 0.060636 -2.632567 4.306780 0.000009 -0.010634 0.130552 0.000002 0.006031 -0.074011 -0.000000 0.000001 -0.000000 4.570399 11.014660 -2.160813 5.816769 -2.815286 -0.615037 36.106330 6.688025 -105.633452 -0.000005 -34.433183 0.000013 19.018418 20.661724 91.424869 2.466090 -1.576211 2.681698 -12.388627 -9.936137 20.816846 5.987296 12.645730 1.346538 -7.335785 -0.421671 13.147353 0.000003 0.000007 0.000004 9.109295 -0.518020 2.259899 0.287416 3.189500 -8.363680 -0.000004 0.001662 -0.016208 0.000005 -0.001022 0.010024 0.000000 0.000000 0.000000 9.533402 0.000010 -0.000000 0.124656 3.201690 -8.197509 0.000005 -0.000006 0.000006 0.000001 0.000005 -0.000002 0.000000 -0.000000 0.000001 9.104498 -0.043001 -1.865101 0.108202 3.079164 -6.987591 0.000005 -0.000012 0.000002 0.000002 -0.000000 0.000004 -0.000001 0.000000 0.000001 8.077798 -0.486890 -3.806301 0.089442 2.906232 -5.290077 0.000003 -0.000002 -0.000010 0.000000 -0.000005 0.000025 0.000000 -0.000001 -0.000000 -8.207796 -6.751703 -1.599540 -48.154476 -3.591112 -48.319695 6.871318 -10.004109 -4.964634 -7.268881 -17.939577 11.176369 3.859004 -0.000003 -0.000003 0.000001 0.000000 -0.000002 8.207800 -6.751705 -1.599550 -62.482092 3.501898 57.011859 22.281131 -3.620238 2.954213 29.401833 0.053813 -0.809343 0.145027 -0.000014 -0.000029 -0.000001 -0.000001 0.000000 
0.176823 35.262039 -3.294281 -115.206672 5.478802 3.147014 0.000000 10.181547 0.131523 53.790912 -8.033161 -1.595025 14.452294 -2.540451 2.904999 14.513778 -1.532698 3.001468 0.000000 16.740374 -2.049019 8.082123 0.157414 1.364754 0.000000 9.617843 1.684967 28.114155 3.120509 6.425601 0.000001 22.037384 7.501075 -0.000000 0.000000 0.000000 -4.570001 11.014858 -2.160839 0.566137 -0.020113 -1.614849 30.312103 -9.214755 94.146235 -0.000003 41.605933 0.000011 40.690323 -35.450512 -75.217376 -2.464808 -1.573992 2.681913 -11.630453 11.625162 -20.750857 6.358357 -14.447667 -2.112241 -5.504768 -5.510924 -14.718511 0.000002 -0.000004 0.000003 -9.108294 -0.517870 2.259800 0.083329 -2.854491 7.046420 0.000011 -0.007202 0.088408 0.000001 0.004412 -0.054199 0.000001 0.000002 0.000001 -9.532492 0.000012 -0.000001 0.082086 -2.844314 6.920395 0.000004 -0.008861 0.108735 0.000008 0.005344 -0.065526 0.000000 0.000001 0.000000 -9.103596 -0.043089 -1.865102 0.079705 -2.824400 6.674078 0.000006 -0.006796 0.083420 -0.000001 0.003655 -0.044840 -0.000000 0.000000 0.000000 -8.076706 -0.486721 -3.806301 0.060636 -2.632567 4.306780 0.000009 -0.010634 0.130552 0.000002 0.006031 -0.074011 -0.000000 0.000001 -0.000000 4.570399 11.014660 -2.160813 5.816769 -2.815286 -0.615037 36.106330 6.688025 -105.633452 -0.000005 -34.433183 0.000013 19.018418 20.661724 91.424869 2.466090 -1.576211 2.681698 -12.388627 -9.936137 20.816846 5.987296 12.645730 1.346538 -7.335785 -0.421671 13.147353 0.000003 0.000007 0.000004 9.109295 -0.518020 2.259899 0.287416 3.189500 -8.363680 -0.000004 0.001662 -0.016208 0.000005 -0.001022 0.010024 0.000000 0.000000 0.000000 9.533402 0.000010 -0.000000 0.124656 3.201690 -8.197509 0.000005 -0.000006 0.000006 0.000001 0.000005 -0.000002 0.000000 -0.000000 0.000001 9.104498 -0.043001 -1.865101 0.108202 3.079164 -6.987591 0.000005 -0.000012 0.000002 0.000002 -0.000000 0.000004 -0.000001 0.000000 0.000001 8.077798 -0.486890 -3.806301 0.089442 2.906232 -5.290077 0.000003 -0.000002 -0.000010 0.000000 -0.000005 0.000025 0.000000 -0.000001 -0.000000 -8.207796 -6.751703 -1.599540 -48.154476 -3.591112 -48.319695 6.871318 -10.004109 -4.964634 -7.268881 -17.939577 11.176369 3.859004 -0.000003 -0.000003 0.000001 0.000000 -0.000002 8.207800 -6.751705 -1.599550 -62.482092 3.501898 57.011859 22.281131 -3.620238 2.954213 29.401833 0.053813 -0.809343 0.145027 -0.000014 -0.000029 -0.000001 -0.000001 0.000000 
0.176823 35.262039 -3.294281 -115.206672 5.478802 3.147014 0.000000 10.181547 0.131523 53.790912 -8.033161 -1.595025 14.452294 -2.540451 2.904999 14.513778 -1.532698 3.001468 0.000000 16.740374 -2.049019 8.082123 0.157414 1.364754 0.000000 9.617843 1.684967 28.114155 3.120509 6.425601 0.000001 22.037384 7.501075 -0.000000 0.000000 0.000000 -4.570001 11.014858 -2.160839 0.566137 -0.020113 -1.614849 30.312103 -9.214755 94.146235 -0.000003 41.605933 0.000011 40.690323 -35.450512 -75.217376 -2.464808 -1.573992 2.681913 -11.630453 11.625162 -20.750857 6.358357 -14.447667 -2.112241 -5.504768 -5.510924 -14.718511 0.000002 -0.000004 0.000003 -9.108294 -0.517870 2.259800 0.083329 -2.854491 7.046420 0.000011 -0.007202 0.088408 0.000001 0.004412 -0.054199 0.000001 0.000002 0.000001 -9.532492 0.000012 -0.000001 0.082086 -2.844314 6.920395 0.000004 -0.008861 0.108735 0.000008 0.005344 -0.065526 0.000000 0.000001 0.000000 -9.103596 -0.043089 -1.865102 0.079705 -2.824400 6.674078 0.000006 -0.006796 0.083420 -0.000001 0.003655 -0.044840 -0.000000 0.000000 0.000000 -8.076706 -0.486721 -3.806301 0.060636 -2.632567 4.306780 0.000009 -0.010634 0.130552 0.000002 0.006031 -0.074011 -0.000000 0.000001 -0.000000 4.570399 11.014660 -2.160813 5.816769 -2.815286 -0.615037 36.106330 6.688025 -105.633452 -0.000005 -34.433183 0.000013 19.018418 20.661724 91.424869 2.466090 -1.576211 2.681698 -12.388627 -9.936137 20.816846 5.987296 12.645730 1.346538 -7.335785 -0.421671 13.147353 0.000003 0.000007 0.000004 9.109295 -0.518020 2.259899 0.287416 3.189500 -8.363680 -0.000004 0.001662 -0.016208 0.000005 -0.001022 0.010024 0.000000 0.000000 0.000000 9.533402 0.000010 -0.000000 0.124656 3.201690 -8.197509 0.000005 -0.000006 0.000006 0.000001 0.000005 -0.000002 0.000000 -0.000000 0.000001 9.104498 -0.043001 -1.865101 0.108202 3.079164 -6.987591 0.000005 -0.000012 0.000002 0.000002 -0.000000 0.000004 -0.000001 0.000000 0.000001 8.077798 -0.486890 -3.806301 0.089442 2.906232 -5.290077 0.000003 -0.000002 -0.000010 0.000000 -0.000005 0.000025 0.000000 -0.000001 -0.000000 -8.207796 -6.751703 -1.599540 -48.154476 -3.591112 -48.319695 6.871318 -10.004109 -4.964634 -7.268881 -17.939577 11.176369 3.859004 -0.000003 -0.000003 0.000001 0.000000 -0.000002 8.207800 -6.751705 -1.599550 -62.482092 3.501898 57.011859 22.281131 -3.620238 2.954213 29.401833 0.053813 -0.809343 0.145027 -0.000014 -0.000029 -0.000001 -0.000001 0.000000 
0.176823 35.262039 -3.294281 -115.206672 5.478802 3.147014 0.000000 10.181547 0.131523 53.790912 -8.033161 -1.595025 14.452294 -2.540451 2.904999 14.513778 -1.532698 3.001468 0.000000 16.740374 -2.049019 8.082123 0.157414 1.364754 0.000000 9.617843 1.684967 28.114155 3.120509 6.425601 0.000001 22.037384 7.501075 -0.000000 0.000000 0.000000 -4.570001 11.014858 -2.160839 0.566137 -0.020113 -1.614849 30.312103 -9.214755 94.146235 -0.000003 41.605933 0.000011 40.690323 -35.450512 -75.217376 -2.464808 -1.573992 2.681913 -11.630453 11.625162 -20.750857 6.358357 -14.447667 -2.112241 -5.504768 -5.510924 -14.718511 0.000002 -0.000004 0.000003 -9.108294 -0.517870 2.259800 0.083329 -2.854491 7.046420 0.000011 -0.007202 0.088408 0.000001 0.004412 -0.054199 0.000001 0.000002 0.000001 -9.532492 0.000012 -0.000001 0.082086 -2.844314 6.920395 0.000004 -0.008861 0.108735 0.000008 0.005344 -0.065526 0.000000 0.000001 0.000000 -9.103596 -0.043089 -1.865102 0.079705 -2.824400 6.674078 0.000006 -0.006796 0.083420 -0.000001 0.003655 -0.044840 -0.000000 0.000000 0.000000 -8.076706 -0.486721 -3.806301 0.060636 -2.632567 4.306780 0.000009 -0.010634 0.130552 0.000002 0.006031 -0.074011 -0.000000 0.000001 -0.000000 4.570399 11.014660 -2.160813 5.816769 -2.815286 -0.615037 36.106330 6.688025 -105.633452 -0.000005 -34.433183 0.000013 19.018418 20.661724 91.424869 2.466090 -1.576211 2.681698 -12.388627 -9.936137 20.816846 5.987296 12.645730 1.346538 -7.335785 -0.421671 13.147353 0.000003 0.000007 0.000004 9.109295 -0.518020 2.259899 0.287416 3.189500 -8.363680 -0.000004 0.001662 -0.016208 0.000005 -0.001022 0.010024 0.000000 0.000000 0.000000 9.533402 0.000010 -0.000000 0.124656 3.201690 -8.197509 0.000005 -0.000006 0.000006 0.000001 0.000005 -0.000002 0.000000 -0.000000 0.000001 9.104498 -0.043001 -1.865101 0.108202 3.079164 -6.987591 0.000005 -0.000012 0.000002 0.000002 -0.000000 0.000004 -0.000001 0.000000 0.000001 8.077798 -0.486890 -3.806301 0.089442 2.906232 -5.290077 0.000003 -0.000002 -0.000010 0.000000 -0.000005 0.000025 0.000000 -0.000001 -0.000000 -8.207796 -6.751703 -1.599540 -48.154476 -3.591112 -48.319695 6.871318 -10.004109 -4.964634 -7.268881 -17.939577 11.176369 3.859004 -0.000003 -0.000003 0.000001 0.000000 -0.000002 8.207800 -6.751705 -1.599550 -62.482092 3.501898 57.011859 22.281131 -3.620238 2.954213 29.401833 0.053813 -0.809343 0.145027 -0.000014 -0.000029 -0.000001 -0.000001 0.000000 
0.176823 35.262039 -3.294281 -115.206672 5.478802 3.147014 0.000000 10.181547 0.131523 53.790912 -8.033161 -1.595025 14.452294 -2.540451 2.904999 14.513778 -1.532698 3.001468 0.000000 16.740374 -2.049019 8.082123 0.157414 1.364754 0.000000 9.617843 1.684967 28.114155 3.120509 6.425601 0.000001 22.037384 7.501075 -0.000000 0.000000 0.000000 -4.570001 11.014858 -2.160839 0.566137 -0.020113 -1.614849 30.312103 -9.214755 94.146235 -0.000003 41.605933 0.000011 40.690323 -35.450512 -75.217376 -2.464808 -1.573992 2.681913 -11.630453 11.625162 -20.750857 6.358357 -14.447667 -2.112241 -5.504768 -5.510924 -14.718511 0.000002 -0.000004 0.000003 -9.108294 -0.517870 2.259800 0.083329 -2.854491 7.046420 0.000011 -0.007202 0.088408 0.000001 0.004412 -0.054199 0.000001 0.000002 0.000001 -9.532492 0.000012 -0.000001 0.082086 -2.844314 6.920395 0.000004 -0.008861 0.108735 0.000008 0.005344 -0.065526 0.000000 0.000001 0.000000 -9.103596 -0.043089 -1.865102 0.079705 -2.824400 6.674078 0.000006 -0.006796 0.083420 -0.000001 0.003655 -0.044840 -0.000000 0.000000 0.000000 -8.076706 -0.486721 -3.806301 0.060636 -2.632567 4.306780 0.000009 -0.010634 0.130552 0.000002 0.006031 -0.074011 -0.000000 0.000001 -0.000000 4.570399 11.014660 -2.160813 5.816769 -2.815286 -0.615037 36.106330 6.688025 -105.633452 -0.000005 -34.433183 0.000013 19.018418 20.661724 91.424869 2.466090 -1.576211 2.681698 -12.388627 -9.936137 20.816846 5.987296 12.645730 1.346538 -7.335785 -0.421671 13.147353 0.000003 0.000007 0.000004 9.109295 -0.518020 2.259899 0.287416 3.189500 -8.363680 -0.000004 0.001662 -0.016208 0.000005 -0.001022 0.010024 0.000000 0.000000 0.000000 9.533402 0.000010 -0.000000 0.124656 3.201690 -8.197509 0.000005 -0.000006 0.000006 0.000001 0.000005 -0.000002 0.000000 -0.000000 0.000001 9.104498 -0.043001 -1.865101 0.108202 3.079164 -6.987591 0.000005 -0.000012 0.000002 0.000002 -0.000000 0.000004 -0.000001 0.000000 0.000001 8.077798 -0.486890 -3.806301 0.089442 2.906232 -5.290077 0.000003 -0.000002 -0.000010 0.000000 -0.000005 0.000025 0.000000 -0.000001 -0.000000 -8.207796 -6.751703 -1.599540 -48.154476 -3.591112 -48.319695 6.871318 -10.004109 -4.964634 -7.268881 -17.939577 11.176369 3.859004 -0.000003 -0.000003 0.000001 0.000000 -0.000002 8.207800 -6.751705 -1.599550 -62.482092 3.501898 57.011859 22.281131 -3.620238 2.954213 29.401833 0.053813 -0.809343 0.145027 -0.000014 -0.000029 -0.000001 -0.000001 0.000000 
0.176823 35.262039 -3.294281 -115.206672 5.478802 3.147014 0.000000 10.181547 0.131523 53.790912 -8.033161 -1.595025 14.452294 -2.540451 2.904999 14.513778 -1.532698 3.001468 0.000000 16.740374 -2.049019 8.082123 0.157414 1.364754 0.000000 9.617843 1.684967 28.114155 3.120509 6.425601 0.000001 22.037384 7.501075 -0.000000 0.000000 0.000000 -4.570001 11.014858 -2.160839 0.566137 -0.020113 -1.614849 30.312103 -9.214755 94.146235 -0.000003 41.605933 0.000011 40.690323 -35.450512 -75.217376 -2.464808 -1.573992 2.681913 -11.630453 11.625162 -20.750857 6.358357 -14.447667 -2.112241 -5.504768 -5.510924 -14.718511 0.000002 -0.000004 0.000003 -9.108294 -0.517870 2.259800 0.083329 -2.854491 7.046420 0.000011 -0.007202 0.088408 0.000001 0.004412 -0.054199 0.000001 0.000002 0.000001 -9.532492 0.000012 -0.000001 0.082086 -2.844314 6.920395 0.000004 -0.008861 0.108735 0.000008 0.005344 -0.065526 0.000000 0.000001 0.000000 -9.103596 -0.043089 -1.865102 0.079705 -2.824400 6.674078 0.000006 -0.006796 0.083420 -0.000001 0.003655 -0.044840 -0.000000 0.000000 0.000000 -8.076706 -0.486721 -3.806301 0.060636 -2.632567 4.306780 0.000009 -0.010634 0.130552 0.000002 0.006031 -0.074011 -0.000000 0.000001 -0.000000 4.570399 11.014660 -2.160813 5.816769 -2.815286 -0.615037 36.106330 6.688025 -105.633452 -0.000005 -34.433183 0.000013 19.018418 20.661724 91.424869 2.466090 -1.576211 2.681698 -12.388627 -9.936137 20.816846 5.987296 12.645730 1.346538 -7.335785 -0.421671 13.147353 0.000003 0.000007 0.000004 9.109295 -0.518020 2.259899 0.287416 3.189500 -8.363680 -0.000004 0.001662 -0.016208 0.000005 -0.001022 0.010024 0.000000 0.000000 0.000000 9.533402 0.000010 -0.000000 0.124656 3.201690 -8.197509 0.000005 -0.000006 0.000006 0.000001 0.000005 -0.000002 0.000000 -0.000000 0.000001 9.104498 -0.043001 -1.865101 0.108202 3.079164 -6.987591 0.000005 -0.000012 0.000002 0.000002 -0.000000 0.000004 -0.000001 0.000000 0.000001 8.077798 -0.486890 -3.806301 0.089442 2.906232 -5.290077 0.000003 -0.000002 -0.000010 0.000000 -0.000005 0.000025 0.000000 -0.000001 -0.000000 -8.207796 -6.751703 -1.599540 -48.154476 -3.591112 -48.319695 6.871318 -10.004109 -4.964634 -7.268881 -17.939577 11.176369 3.859004 -0.000003 -0.000003 0.000001 0.000000 -0.000002 8.207800 -6.751705 -1.599550 -62.482092 3.501898 57.011859 22.281131 -3.620238 2.954213 29.401833 0.053813 -0.809343 0.145027 -0.000014 -0.000029 -0.000001 -0.000001 0.000000 
0.176823 35.262039 -3.294281 -115.206672 5.478802 3.147014 0.000000 10.181547 0.131523 53.790912 -8.033161 -1.595025 14.452294 -2.540451 2.904999 14.513778 -1.532698 3.001468 0.000000 16.740374 -2.049019 8.082123 0.157414 1.364754 0.000000 9.617843 1.684967 28.114155 3.120509 6.425601 0.000001 22.037384 7.501075 -0.000000 0.000000 0.000000 -4.570001 11.014858 -2.160839 0.566137 -0.020113 -1.614849 30.312103 -9.214755 94.146235 -0.000003 41.605933 0.000011 40.690323 -35.450512 -75.217376 -2.464808 -1.573992 2.681913 -11.630453 11.625162 -20.750857 6.358357 -14.447667 -2.112241 -5.504768 -5.510924 -14.718511 0.000002 -0.000004 0.000003 -9.108294 -0.517870 2.259800 0.083329 -2.854491 7.046420 0.000011 -0.007202 0.088408 0.000001 0.004412 -0.054199 0.000001 0.000002 0.000001 -9.532492 0.000012 -0.000001 0.082086 -2.844314 6.920395 0.000004 -0.008861 0.108735 0.000008 0.005344 -0.065526 0.000000 0.000001 0.000000 -9.103596 -0.043089 -1.865102 0.079705 -2.824400 6.674078 0.000006 -0.006796 0.083420 -0.000001 0.003655 -0.044840 -0.000000 0.000000 0.000000 -8.076706 -0.486721 -3.806301 0.060636 -2.632567 4.306780 0.000009 -0.010634 0.130552 0.000002 0.006031 -0.074011 -0.000000 0.000001 -0.000000 4.570399 11.014660 -2.160813 5.816769 -2.815286 -0.615037 36.106330 6.688025 -105.633452 -0.000005 -34.433183 0.000013 19.018418 20.661724 91.424869 2.466090 -1.576211 2.681698 -12.388627 -9.936137 20.816846 5.987296 12.645730 1.346538 -7.335785 -0.421671 13.147353 0.000003 0.000007 0.000004 9.109295 -0.518020 2.259899 0.287416 3.189500 -8.363680 -0.000004 0.001662 -0.016208 0.000005 -0.001022 0.010024 0.000000 0.000000 0.000000 9.533402 0.000010 -0.000000 0.124656 3.201690 -8.197509 0.000005 -0.000006 0.000006 0.000001 0.000005 -0.000002 0.000000 -0.000000 0.000001 9.104498 -0.043001 -1.865101 0.108202 3.079164 -6.987591 0.000005 -0.000012 0.000002 0.000002 -0.000000 0.000004 -0.000001 0.000000 0.000001 8.077798 -0.486890 -3.806301 0.089442 2.906232 -5.290077 0.000003 -0.000002 -0.000010 0.000000 -0.000005 0.000025 0.000000 -0.000001 -0.000000 -8.207796 -6.751703 -1.599540 -48.154476 -3.591112 -48.319695 6.871318 -10.004109 -4.964634 -7.268881 -17.939577 11.176369 3.859004 -0.000003 -0.000003 0.000001 0.000000 -0.000002 8.207800 -6.751705 -1.599550 -62.482092 3.501898 57.011859 22.281131 -3.620238 2.954213 29.401833 0.053813 -0.809343 0.145027 -0.000014 -0.000029 -0.000001 -0.000001 0.000000 
0.176823 35.262039 -3.294281 -115.206672 5.478802 3.147014 0.000000 10.181547 0.131523 53.790912 -8.033161 -1.595025 14.452294 -2.540451 2.904999 14.513778 -1.532698 3.001468 0.000000 16.740374 -2.049019 8.082123 0.157414 1.364754 0.000000 9.617843 1.684967 28.114155 3.120509 6.425601 0.000001 22.037384 7.501075 -0.000000 0.000000 0.000000 -4.570001 11.014858 -2.160839 0.566137 -0.020113 -1.614849 30.312103 -9.214755 94.146235 -0.000003 41.605933 0.000011 40.690323 -35.450512 -75.217376 -2.464808 -1.573992 2.681913 -11.630453 11.625162 -20.750857 6.358357 -14.447667 -2.112241 -5.504768 -5.510924 -14.718511 0.000002 -0.000004 0.000003 -9.108294 -0.517870 2.259800 0.083329 -2.854491 7.046420 0.000011 -0.007202 0.088408 0.000001 0.004412 -0.054199 0.000001 0.000002 0.000001 -9.532492 0.000012 -0.000001 0.082086 -2.844314 6.920395 0.000004 -0.008861 0.108735 0.000008 0.005344 -0.065526 0.000000 0.000001 0.000000 -9.103596 -0.043089 -1.865102 0.079705 -2.824400 6.674078 0.000006 -0.006796 0.083420 -0.000001 0.003655 -0.044840 -0.000000 0.000000 0.000000 -8.076706 -0.486721 -3.806301 0.060636 -2.632567 4.306780 0.000009 -0.010634 0.130552 0.000002 0.006031 -0.074011 -0.000000 0.000001 -0.000000 4.570399 11.014660 -2.160813 5.816769 -2.815286 -0.615037 36.106330 6.688025 -105.633452 -0.000005 -34.433183 0.000013 19.018418 20.661724 91.424869 2.466090 -1.576211 2.681698 -12.388627 -9.936137 20.816846 5.987296 12.645730 1.346538 -7.335785 -0.421671 13.147353 0.000003 0.000007 0.000004 9.109295 -0.518020 2.259899 0.287416 3.189500 -8.363680 -0.000004 0.001662 -0.016208 0.000005 -0.001022 0.010024 0.000000 0.000000 0.000000 9.533402 0.000010 -0.000000 0.124656 3.201690 -8.197509 0.000005 -0.000006 0.000006 0.000001 0.000005 -0.000002 0.000000 -0.000000 0.000001 9.104498 -0.043001 -1.865101 0.108202 3.079164 -6.987591 0.000005 -0.000012 0.000002 0.000002 -0.000000 0.000004 -0.000001 0.000000 0.000001 8.077798 -0.486890 -3.806301 0.089442 2.906232 -5.290077 0.000003 -0.000002 -0.000010 0.000000 -0.000005 0.000025 0.000000 -0.000001 -0.000000 -8.207796 -6.751703 -1.599540 -48.154476 -3.591112 -48.319695 6.871318 -10.004109 -4.964634 -7.268881 -17.939577 11.176369 3.859004 -0.000003 -0.000003 0.000001 0.000000 -0.000002 8.207800 -6.751705 -1.599550 -62.482092 3.501898 57.011859 22.281131 -3.620238 2.954213 29.401833 0.053813 -0.809343 0.145027 -0.000014 -0.000029 -0.000001 -0.000001 0.000000 
0.176823 35.262039 -3.294281 -115.206672 5.478802 3.147014 0.000000 10.181547 0.131523 53.790912 -8.033161 -1.595025 14.452294 -2.540451 2.904999 14.513778 -1.532698 3.001468 0.000000 16.740374 -2.049019 8.082123 0.157414 1.364754 0.000000 9.617843 1.684967 28.114155 3.120509 6.425601 0.000001 22.037384 7.501075 -0.000000 0.000000 0.000000 -4.570001 11.014858 -2.160839 0.566137 -0.020113 -1.614849 30.312103 -9.214755 94.146235 -0.000003 41.605933 0.000011 40.690323 -35.450512 -75.217376 -2.464808 -1.573992 2.681913 -11.630453 11.625162 -20.750857 6.358357 -14.447667 -2.112241 -5.504768 -5.510924 -14.718511 0.000002 -0.000004 0.000003 -9.108294 -0.517870 2.259800 0.083329 -2.854491 7.046420 0.000011 -0.007202 0.088408 0.000001 0.004412 -0.054199 0.000001 0.000002 0.000001 -9.532492 0.000012 -0.000001 0.082086 -2.844314 6.920395 0.000004 -0.008861 0.108735 0.000008 0.005344 -0.065526 0.000000 0.000001 0.000000 -9.103596 -0.043089 -1.865102 0.079705 -2.824400 6.674078 0.000006 -0.006796 0.083420 -0.000001 0.003655 -0.044840 -0.000000 0.000000 0.000000 -8.076706 -0.486721 -3.806301 0.060636 -2.632567 4.306780 0.000009 -0.010634 0.130552 0.000002 0.006031 -0.074011 -0.000000 0.000001 -0.000000 4.570399 11.014660 -2.160813 5.816769 -2.815286 -0.615037 36.106330 6.688025 -105.633452 -0.000005 -34.433183 0.000013 19.018418 20.661724 91.424869 2.466090 -1.576211 2.681698 -12.388627 -9.936137 20.816846 5.987296 12.645730 1.346538 -7.335785 -0.421671 13.147353 0.000003 0.000007 0.000004 9.109295 -0.518020 2.259899 0.287416 3.189500 -8.363680 -0.000004 0.001662 -0.016208 0.000005 -0.001022 0.010024 0.000000 0.000000 0.000000 9.533402 0.000010 -0.000000 0.124656 3.201690 -8.197509 0.000005 -0.000006 0.000006 0.000001 0.000005 -0.000002 0.000000 -0.000000 0.000001 9.104498 -0.043001 -1.865101 0.108202 3.079164 -6.987591 0.000005 -0.000012 0.000002 0.000002 -0.000000 0.000004 -0.000001 0.000000 0.000001 8.077798 -0.486890 -3.806301 0.089442 2.906232 -5.290077 0.000003 -0.000002 -0.000010 0.000000 -0.000005 0.000025 0.000000 -0.000001 -0.000000 -8.207796 -6.751703 -1.599540 -48.154476 -3.591112 -48.319695 6.871318 -10.004109 -4.964634 -7.268881 -17.939577 11.176369 3.859004 -0.000003 -0.000003 0.000001 0.000000 -0.000002 8.207800 -6.751705 -1.599550 -62.482092 3.501898 57.011859 22.281131 -3.620238 2.954213 29.401833 0.053813 -0.809343 0.145027 -0.000014 -0.000029 -0.000001 -0.000001 0.000000 
0.176823 35.262039 -3.294281 -115.206672 5.478802 3.147014 0.000000 10.181547 0.131523 53.790912 -8.033161 -1.595025 14.452294 -2.540451 2.904999 14.513778 -1.532698 3.001468 0.000000 16.740374 -2.049019 8.082123 0.157414 1.364754 0.000000 9.617843 1.684967 28.114155 3.120509 6.425601 0.000001 22.037384 7.501075 -0.000000 0.000000 0.000000 -4.570001 11.014858 -2.160839 0.566137 -0.020113 -1.614849 30.312103 -9.214755 94.146235 -0.000003 41.605933 0.000011 40.690323 -35.450512 -75.217376 -2.464808 -1.573992 2.681913 -11.630453 11.625162 -20.750857 6.358357 -14.447667 -2.112241 -5.504768 -5.510924 -14.718511 0.000002 -0.000004 0.000003 -9.108294 -0.517870 2.259800 0.083329 -2.854491 7.046420 0.000011 -0.007202 0.088408 0.000001 0.004412 -0.054199 0.000001 0.000002 0.000001 -9.532492 0.000012 -0.000001 0.082086 -2.844314 6.920395 0.000004 -0.008861 0.108735 0.000008 0.005344 -0.065526 0.000000 0.000001 0.000000 -9.103596 -0.043089 -1.865102 0.079705 -2.824400 6.674078 0.000006 -0.006796 0.083420 -0.000001 0.003655 -0.044840 -0.000000 0.000000 0.000000 -8.076706 -0.486721 -3.806301 0.060636 -2.632567 4.306780 0.000009 -0.010634 0.130552 0.000002 0.006031 -0.074011 -0.000000 0.000001 -0.000000 4.570399 11.014660 -2.160813 5.816769 -2.815286 -0.615037 36.106330 6.688025 -105.633452 -0.000005 -34.433183 0.000013 19.018418 20.661724 91.424869 2.466090 -1.576211 2.681698 -12.388627 -9.936137 20.816846 5.987296 12.645730 1.346538 -7.335785 -0.421671 13.147353 0.000003 0.000007 0.000004 9.109295 -0.518020 2.259899 0.287416 3.189500 -8.363680 -0.000004 0.001662 -0.016208 0.000005 -0.001022 0.010024 0.000000 0.000000 0.000000 9.533402 0.000010 -0.000000 0.124656 3.201690 -8.197509 0.000005 -0.000006 0.000006 0.000001 0.000005 -0.000002 0.000000 -0.000000 0.000001 9.104498 -0.043001 -1.865101 0.108202 3.079164 -6.987591 0.000005 -0.000012 0.000002 0.000002 -0.000000 0.000004 -0.000001 0.000000 0.000001 8.077798 -0.486890 -3.806301 0.089442 2.906232 -5.290077 0.000003 -0.000002 -0.000010 0.000000 -0.000005 0.000025 0.000000 -0.000001 -0.000000 -8.207796 -6.751703 -1.599540 -48.154476 -3.591112 -48.319695 6.871318 -10.004109 -4.964634 -7.268881 -17.939577 11.176369 3.859004 -0.000003 -0.000003 0.000001 0.000000 -0.000002 8.207800 -6.751705 -1.599550 -62.482092 3.501898 57.011859 22.281131 -3.620238 2.954213 29.401833 0.053813 -0.809343 0.145027 -0.000014 -0.000029 -0.000001 -0.000001 0.000000 
0.176823 35.262039 -3.294281 -115.206672 5.478802 3.147014 0.000000 10.181547 0.131523 53.790912 -8.033161 -1.595025 14.452294 -2.540451 2.904999 14.513778 -1.532698 3.001468 0.000000 16.740374 -2.049019 8.082123 0.157414 1.364754 0.000000 9.617843 1.684967 28.114155 3.120509 6.425601 0.000001 22.037384 7.501075 -0.000000 0.000000 0.000000 -4.570001 11.014858 -2.160839 0.566137 -0.020113 -1.614849 30.312103 -9.214755 94.146235 -0.000003 41.605933 0.000011 40.690323 -35.450512 -75.217376 -2.464808 -1.573992 2.681913 -11.630453 11.625162 -20.750857 6.358357 -14.447667 -2.112241 -5.504768 -5.510924 -14.718511 0.000002 -0.000004 0.000003 -9.108294 -0.517870 2.259800 0.083329 -2.854491 7.046420 0.000011 -0.007202 0.088408 0.000001 0.004412 -0.054199 0.000001 0.000002 0.000001 -9.532492 0.000012 -0.000001 0.082086 -2.844314 6.920395 0.000004 -0.008861 0.108735 0.000008 0.005344 -0.065526 0.000000 0.000001 0.000000 -9.103596 -0.043089 -1.865102 0.079705 -2.824400 6.674078 0.000006 -0.006796 0.083420 -0.000001 0.003655 -0.044840 -0.000000 0.000000 0.000000 -8.076706 -0.486721 -3.806301 0.060636 -2.632567 4.306780 0.000009 -0.010634 0.130552 0.000002 0.006031 -0.074011 -0.000000 0.000001 -0.000000 4.570399 11.014660 -2.160813 5.816769 -2.815286 -0.615037 36.106330 6.688025 -105.633452 -0.000005 -34.433183 0.000013 19.018418 20.661724 91.424869 2.466090 -1.576211 2.681698 -12.388627 -9.936137 20.816846 5.987296 12.645730 1.346538 -7.335785 -0.421671 13.147353 0.000003 0.000007 0.000004 9.109295 -0.518020 2.259899 0.287416 3.189500 -8.363680 -0.000004 0.001662 -0.016208 0.000005 -0.001022 0.010024 0.000000 0.000000 0.000000 9.533402 0.000010 -0.000000 0.124656 3.201690 -8.197509 0.000005 -0.000006 0.000006 0.000001 0.000005 -0.000002 0.000000 -0.000000 0.000001 9.104498 -0.043001 -1.865101 0.108202 3.079164 -6.987591 0.000005 -0.000012 0.000002 0.000002 -0.000000 0.000004 -0.000001 0.000000 0.000001 8.077798 -0.486890 -3.806301 0.089442 2.906232 -5.290077 0.000003 -0.000002 -0.000010 0.000000 -0.000005 0.000025 0.000000 -0.000001 -0.000000 -8.207796 -6.751703 -1.599540 -48.154476 -3.591112 -48.319695 6.871318 -10.004109 -4.964634 -7.268881 -17.939577 11.176369 3.859004 -0.000003 -0.000003 0.000001 0.000000 -0.000002 8.207800 -6.751705 -1.599550 -62.482092 3.501898 57.011859 22.281131 -3.620238 2.954213 29.401833 0.053813 -0.809343 0.145027 -0.000014 -0.000029 -0.000001 -0.000001 0.000000 
0.176823 35.262039 -3.294281 -115.206672 5.478802 3.147014 0.000000 10.181547 0.131523 53.790912 -8.033161 -1.595025 14.452294 -2.540451 2.904999 14.513778 -1.532698 3.001468 0.000000 16.740374 -2.049019 8.082123 0.157414 1.364754 0.000000 9.617843 1.684967 28.114155 3.120509 6.425601 0.000001 22.037384 7.501075 -0.000000 0.000000 0.000000 -4.570001 11.014858 -2.160839 0.566137 -0.020113 -1.614849 30.312103 -9.214755 94.146235 -0.000003 41.605933 0.000011 40.690323 -35.450512 -75.217376 -2.464808 -1.573992 2.681913 -11.630453 11.625162 -20.750857 6.358357 -14.447667 -2.112241 -5.504768 -5.510924 -14.718511 0.000002 -0.000004 0.000003 -9.108294 -0.517870 2.259800 0.083329 -2.854491 7.046420 0.000011 -0.007202 0.088408 0.000001 0.004412 -0.054199 0.000001 0.000002 0.000001 -9.532492 0.000012 -0.000001 0.082086 -2.844314 6.920395 0.000004 -0.008861 0.108735 0.000008 0.005344 -0.065526 0.000000 0.000001 0.000000 -9.103596 -0.043089 -1.865102 0.079705 -2.824400 6.674078 0.000006 -0.006796 0.083420 -0.000001 0.003655 -0.044840 -0.000000 0.000000 0.000000 -8.076706 -0.486721 -3.806301 0.060636 -2.632567 4.306780 0.000009 -0.010634 0.130552 0.000002 0.006031 -0.074011 -0.000000 0.000001 -0.000000 4.570399 11.014660 -2.160813 5.816769 -2.815286 -0.615037 36.106330 6.688025 -105.633452 -0.000005 -34.433183 0.000013 19.018418 20.661724 91.424869 2.466090 -1.576211 2.681698 -12.388627 -9.936137 20.816846 5.987296 12.645730 1.346538 -7.335785 -0.421671 13.147353 0.000003 0.000007 0.000004 9.109295 -0.518020 2.259899 0.287416 3.189500 -8.363680 -0.000004 0.001662 -0.016208 0.000005 -0.001022 0.010024 0.000000 0.000000 0.000000 9.533402 0.000010 -0.000000 0.124656 3.201690 -8.197509 0.000005 -0.000006 0.000006 0.000001 0.000005 -0.000002 0.000000 -0.000000 0.000001 9.104498 -0.043001 -1.865101 0.108202 3.079164 -6.987591 0.000005 -0.000012 0.000002 0.000002 -0.000000 0.000004 -0.000001 0.000000 0.000001 8.077798 -0.486890 -3.806301 0.089442 2.906232 -5.290077 0.000003 -0.000002 -0.000010 0.000000 -0.000005 0.000025 0.000000 -0.000001 -0.000000 -8.207796 -6.751703 -1.599540 -48.154476 -3.591112 -48.319695 6.871318 -10.004109 -4.964634 -7.268881 -17.939577 11.176369 3.859004 -0.000003 -0.000003 0.000001 0.000000 -0.000002 8.207800 -6.751705 -1.599550 -62.482092 3.501898 57.011859 22.281131 -3.620238 2.954213 29.401833 0.053813 -0.809343 0.145027 -0.000014 -0.000029 -0.000001 -0.000001 0.000000 
0.176823 35.262039 -3.294281 -115.206672 5.478802 3.147014 0.000000 10.181547 0.131523 53.790912 -8.033161 -1.595025 14.452294 -2.540451 2.904999 14.513778 -1.532698 3.001468 0.000000 16.740374 -2.049019 8.082123 0.157414 1.364754 0.000000 9.617843 1.684967 28.114155 3.120509 6.425601 0.000001 22.037384 7.501075 -0.000000 0.000000 0.000000 -4.570001 11.014858 -2.160839 0.566137 -0.020113 -1.614849 30.312103 -9.214755 94.146235 -0.000003 41.605933 0.000011 40.690323 -35.450512 -75.217376 -2.464808 -1.573992 2.681913 -11.630453 11.625162 -20.750857 6.358357 -14.447667 -2.112241 -5.504768 -5.510924 -14.718511 0.000002 -0.000004 0.000003 -9.108294 -0.517870 2.259800 0.083329 -2.854491 7.046420 0.000011 -0.007202 0.088408 0.000001 0.004412 -0.054199 0.000001 0.000002 0.000001 -9.532492 0.000012 -0.000001 0.082086 -2.844314 6.920395 0.000004 -0.008861 0.108735 0.000008 0.005344 -0.065526 0.000000 0.000001 0.000000 -9.103596 -0.043089 -1.865102 0.079705 -2.824400 6.674078 0.000006 -0.006796 0.083420 -0.000001 0.003655 -0.044840 -0.000000 0.000000 0.000000 -8.076706 -0.486721 -3.806301 0.060636 -2.632567 4.306780 0.000009 -0.010634 0.130552 0.000002 0.006031 -0.074011 -0.000000 0.000001 -0.000000 4.570399 11.014660 -2.160813 5.816769 -2.815286 -0.615037 36.106330 6.688025 -105.633452 -0.000005 -34.433183 0.000013 19.018418 20.661724 91.424869 2.466090 -1.576211 2.681698 -12.388627 -9.936137 20.816846 5.987296 12.645730 1.346538 -7.335785 -0.421671 13.147353 0.000003 0.000007 0.000004 9.109295 -0.518020 2.259899 0.287416 3.189500 -8.363680 -0.000004 0.001662 -0.016208 0.000005 -0.001022 0.010024 0.000000 0.000000 0.000000 9.533402 0.000010 -0.000000 0.124656 3.201690 -8.197509 0.000005 -0.000006 0.000006 0.000001 0.000005 -0.000002 0.000000 -0.000000 0.000001 9.104498 -0.043001 -1.865101 0.108202 3.079164 -6.987591 0.000005 -0.000012 0.000002 0.000002 -0.000000 0.000004 -0.000001 0.000000 0.000001 8.077798 -0.486890 -3.806301 0.089442 2.906232 -5.290077 0.000003 -0.000002 -0.000010 0.000000 -0.000005 0.000025 0.000000 -0.000001 -0.000000 -8.207796 -6.751703 -1.599540 -48.154476 -3.591112 -48.319695 6.871318 -10.004109 -4.964634 -7.268881 -17.939577 11.176369 3.859004 -0.000003 -0.000003 0.000001 0.000000 -0.000002 8.207800 -6.751705 -1.599550 -62.482092 3.501898 57.011859 22.281131 -3.620238 2.954213 29.401833 0.053813 -0.809343 0.145027 -0.000014 -0.000029 -0.000001 -0.000001 0.000000 
0.176823 35.262039 -3.294281 -115.206672 5.478802 3.147014 0.000000 10.181547 0.131523 53.790912 -8.033161 -1.595025 14.452294 -2.540451 2.904999 14.513778 -1.532698 3.001468 0.000000 16.740374 -2.049019 8.082123 0.157414 1.364754 0.000000 9.617843 1.684967 28.114155 3.120509 6.425601 0.000001 22.037384 7.501075 -0.000000 0.000000 0.000000 -4.570001 11.014858 -2.160839 0.566137 -0.020113 -1.614849 30.312103 -9.214755 94.146235 -0.000003 41.605933 0.000011 40.690323 -35.450512 -75.217376 -2.464808 -1.573992 2.681913 -11.630453 11.625162 -20.750857 6.358357 -14.447667 -2.112241 -5.504768 -5.510924 -14.718511 0.000002 -0.000004 0.000003 -9.108294 -0.517870 2.259800 0.083329 -2.854491 7.046420 0.000011 -0.007202 0.088408 0.000001 0.004412 -0.054199 0.000001 0.000002 0.000001 -9.532492 0.000012 -0.000001 0.082086 -2.844314 6.920395 0.000004 -0.008861 0.108735 0.000008 0.005344 -0.065526 0.000000 0.000001 0.000000 -9.103596 -0.043089 -1.865102 0.079705 -2.824400 6.674078 0.000006 -0.006796 0.083420 -0.000001 0.003655 -0.044840 -0.000000 0.000000 0.000000 -8.076706 -0.486721 -3.806301 0.060636 -2.632567 4.306780 0.000009 -0.010634 0.130552 0.000002 0.006031 -0.074011 -0.000000 0.000001 -0.000000 4.570399 11.014660 -2.160813 5.816769 -2.815286 -0.615037 36.106330 6.688025 -105.633452 -0.000005 -34.433183 0.000013 19.018418 20.661724 91.424869 2.466090 -1.576211 2.681698 -12.388627 -9.936137 20.816846 5.987296 12.645730 1.346538 -7.335785 -0.421671 13.147353 0.000003 0.000007 0.000004 9.109295 -0.518020 2.259899 0.287416 3.189500 -8.363680 -0.000004 0.001662 -0.016208 0.000005 -0.001022 0.010024 0.000000 0.000000 0.000000 9.533402 0.000010 -0.000000 0.124656 3.201690 -8.197509 0.000005 -0.000006 0.000006 0.000001 0.000005 -0.000002 0.000000 -0.000000 0.000001 9.104498 -0.043001 -1.865101 0.108202 3.079164 -6.987591 0.000005 -0.000012 0.000002 0.000002 -0.000000 0.000004 -0.000001 0.000000 0.000001 8.077798 -0.486890 -3.806301 0.089442 2.906232 -5.290077 0.000003 -0.000002 -0.000010 0.000000 -0.000005 0.000025 0.000000 -0.000001 -0.000000 -8.207796 -6.751703 -1.599540 -48.154476 -3.591112 -48.319695 6.871318 -10.004109 -4.964634 -7.268881 -17.939577 11.176369 3.859004 -0.000003 -0.000003 0.000001 0.000000 -0.000002 8.207800 -6.751705 -1.599550 -62.482092 3.501898 57.011859 22.281131 -3.620238 2.954213 29.401833 0.053813 -0.809343 0.145027 -0.000014 -0.000029 -0.000001 -0.000001 0.000000 
0.176823 35.262039 -3.294281 -115.206672 5.478802 3.147014 0.000000 10.181547 0.131523 53.790912 -8.033161 -1.595025 14.452294 -2.540451 2.904999 14.513778 -1.532698 3.001468 0.000000 16.740374 -2.049019 8.082123 0.157414 1.364754 0.000000 9.617843 1.684967 28.114155 3.120509 6.425601 0.000001 22.037384 7.501075 -0.000000 0.000000 0.000000 -4.570001 11.014858 -2.160839 0.566137 -0.020113 -1.614849 30.312103 -9.214755 94.146235 -0.000003 41.605933 0.000011 40.690323 -35.450512 -75.217376 -2.464808 -1.573992 2.681913 -11.630453 11.625162 -20.750857 6.358357 -14.447667 -2.112241 -5.504768 -5.510924 -14.718511 0.000002 -0.000004 0.000003 -9.108294 -0.517870 2.259800 0.083329 -2.854491 7.046420 0.000011 -0.007202 0.088408 0.000001 0.004412 -0.054199 0.000001 0.000002 0.000001 -9.532492 0.000012 -0.000001 0.082086 -2.844314 6.920395 0.000004 -0.008861 0.108735 0.000008 0.005344 -0.065526 0.000000 0.000001 0.000000 -9.103596 -0.043089 -1.865102 0.079705 -2.824400 6.674078 0.000006 -0.006796 0.083420 -0.000001 0.003655 -0.044840 -0.000000 0.000000 0.000000 -8.076706 -0.486721 -3.806301 0.060636 -2.632567 4.306780 0.000009 -0.010634 0.130552 0.000002 0.006031 -0.074011 -0.000000 0.000001 -0.000000 4.570399 11.014660 -2.160813 5.816769 -2.815286 -0.615037 36.106330 6.688025 -105.633452 -0.000005 -34.433183 0.000013 19.018418 20.661724 91.424869 2.466090 -1.576211 2.681698 -12.388627 -9.936137 20.816846 5.987296 12.645730 1.346538 -7.335785 -0.421671 13.147353 0.000003 0.000007 0.000004 9.109295 -0.518020 2.259899 0.287416 3.189500 -8.363680 -0.000004 0.001662 -0.016208 0.000005 -0.001022 0.010024 0.000000 0.000000 0.000000 9.533402 0.000010 -0.000000 0.124656 3.201690 -8.197509 0.000005 -0.000006 0.000006 0.000001 0.000005 -0.000002 0.000000 -0.000000 0.000001 9.104498 -0.043001 -1.865101 0.108202 3.079164 -6.987591 0.000005 -0.000012 0.000002 0.000002 -0.000000 0.000004 -0.000001 0.000000 0.000001 8.077798 -0.486890 -3.806301 0.089442 2.906232 -5.290077 0.000003 -0.000002 -0.000010 0.000000 -0.000005 0.000025 0.000000 -0.000001 -0.000000 -8.207796 -6.751703 -1.599540 -48.154476 -3.591112 -48.319695 6.871318 -10.004109 -4.964634 -7.268881 -17.939577 11.176369 3.859004 -0.000003 -0.000003 0.000001 0.000000 -0.000002 8.207800 -6.751705 -1.599550 -62.482092 3.501898 57.011859 22.281131 -3.620238 2.954213 29.401833 0.053813 -0.809343 0.145027 -0.000014 -0.000029 -0.000001 -0.000001 0.000000 
0.176823 35.262039 -3.294281 -115.206672 5.478802 3.147014 0.000000 10.181547 0.131523 53.790912 -8.033161 -1.595025 14.452294 -2.540451 2.904999 14.513778 -1.532698 3.001468 0.000000 16.740374 -2.049019 8.082123 0.157414 1.364754 0.000000 9.617843 1.684967 28.114155 3.120509 6.425601 0.000001 22.037384 7.501075 -0.000000 0.000000 0.000000 -4.570001 11.014858 -2.160839 0.566137 -0.020113 -1.614849 30.312103 -9.214755 94.146235 -0.000003 41.605933 0.000011 40.690323 -35.450512 -75.217376 -2.464808 -1.573992 2.681913 -11.630453 11.625162 -20.750857 6.358357 -14.447667 -2.112241 -5.504768 -5.510924 -14.718511 0.000002 -0.000004 0.000003 -9.108294 -0.517870 2.259800 0.083329 -2.854491 7.046420 0.000011 -0.007202 0.088408 0.000001 0.004412 -0.054199 0.000001 0.000002 0.000001 -9.532492 0.000012 -0.000001 0.082086 -2.844314 6.920395 0.000004 -0.008861 0.108735 0.000008 0.005344 -0.065526 0.000000 0.000001 0.000000 -9.103596 -0.043089 -1.865102 0.079705 -2.824400 6.674078 0.000006 -0.006796 0.083420 -0.000001 0.003655 -0.044840 -0.000000 0.000000 0.000000 -8.076706 -0.486721 -3.806301 0.060636 -2.632567 4.306780 0.000009 -0.010634 0.130552 0.000002 0.006031 -0.074011 -0.000000 0.000001 -0.000000 4.570399 11.014660 -2.160813 5.816769 -2.815286 -0.615037 36.106330 6.688025 -105.633452 -0.000005 -34.433183 0.000013 19.018418 20.661724 91.424869 2.466090 -1.576211 2.681698 -12.388627 -9.936137 20.816846 5.987296 12.645730 1.346538 -7.335785 -0.421671 13.147353 0.000003 0.000007 0.000004 9.109295 -0.518020 2.259899 0.287416 3.189500 -8.363680 -0.000004 0.001662 -0.016208 0.000005 -0.001022 0.010024 0.000000 0.000000 0.000000 9.533402 0.000010 -0.000000 0.124656 3.201690 -8.197509 0.000005 -0.000006 0.000006 0.000001 0.000005 -0.000002 0.000000 -0.000000 0.000001 9.104498 -0.043001 -1.865101 0.108202 3.079164 -6.987591 0.000005 -0.000012 0.000002 0.000002 -0.000000 0.000004 -0.000001 0.000000 0.000001 8.077798 -0.486890 -3.806301 0.089442 2.906232 -5.290077 0.000003 -0.000002 -0.000010 0.000000 -0.000005 0.000025 0.000000 -0.000001 -0.000000 -8.207796 -6.751703 -1.599540 -48.154476 -3.591112 -48.319695 6.871318 -10.004109 -4.964634 -7.268881 -17.939577 11.176369 3.859004 -0.000003 -0.000003 0.000001 0.000000 -0.000002 8.207800 -6.751705 -1.599550 -62.482092 3.501898 57.011859 22.281131 -3.620238 2.954213 29.401833 0.053813 -0.809343 0.145027 -0.000014 -0.000029 -0.000001 -0.000001 0.000000 
0.176823 35.262039 -3.294281 -115.206672 5.478802 3.147014 0.000000 10.181547 0.131523 53.790912 -8.033161 -1.595025 14.452294 -2.540451 2.904999 14.513778 -1.532698 3.001468 0.000000 16.740374 -2.049019 8.082123 0.157414 1.364754 0.000000 9.617843 1.684967 28.114155 3.120509 6.425601 0.000001 22.037384 7.501075 -0.000000 0.000000 0.000000 -4.570001 11.014858 -2.160839 0.566137 -0.020113 -1.614849 30.312103 -9.214755 94.146235 -0.000003 41.605933 0.000011 40.690323 -35.450512 -75.217376 -2.464808 -1.573992 2.681913 -11.630453 11.625162 -20.750857 6.358357 -14.447667 -2.112241 -5.504768 -5.510924 -14.718511 0.000002 -0.000004 0.000003 -9.108294 -0.517870 2.259800 0.083329 -2.854491 7.046420 0.000011 -0.007202 0.088408 0.000001 0.004412 -0.054199 0.000001 0.000002 0.000001 -9.532492 0.000012 -0.000001 0.082086 -2.844314 6.920395 0.000004 -0.008861 0.108735 0.000008 0.005344 -0.065526 0.000000 0.000001 0.000000 -9.103596 -0.043089 -1.865102 0.079705 -2.824400 6.674078 0.000006 -0.006796 0.083420 -0.000001 0.003655 -0.044840 -0.000000 0.000000 0.000000 -8.076706 -0.486721 -3.806301 0.060636 -2.632567 4.306780 0.000009 -0.010634 0.130552 0.000002 0.006031 -0.074011 -0.000000 0.000001 -0.000000 4.570399 11.014660 -2.160813 5.816769 -2.815286 -0.615037 36.106330 6.688025 -105.633452 -0.000005 -34.433183 0.000013 19.018418 20.661724 91.424869 2.466090 -1.576211 2.681698 -12.388627 -9.936137 20.816846 5.987296 12.645730 1.346538 -7.335785 -0.421671 13.147353 0.000003 0.000007 0.000004 9.109295 -0.518020 2.259899 0.287416 3.189500 -8.363680 -0.000004 0.001662 -0.016208 0.000005 -0.001022 0.010024 0.000000 0.000000 0.000000 9.533402 0.000010 -0.000000 0.124656 3.201690 -8.197509 0.000005 -0.000006 0.000006 0.000001 0.000005 -0.000002 0.000000 -0.000000 0.000001 9.104498 -0.043001 -1.865101 0.108202 3.079164 -6.987591 0.000005 -0.000012 0.000002 0.000002 -0.000000 0.000004 -0.000001 0.000000 0.000001 8.077798 -0.486890 -3.806301 0.089442 2.906232 -5.290077 0.000003 -0.000002 -0.000010 0.000000 -0.000005 0.000025 0.000000 -0.000001 -0.000000 -8.207796 -6.751703 -1.599540 -48.154476 -3.591112 -48.319695 6.871318 -10.004109 -4.964634 -7.268881 -17.939577 11.176369 3.859004 -0.000003 -0.000003 0.000001 0.000000 -0.000002 8.207800 -6.751705 -1.599550 -62.482092 3.501898 57.011859 22.281131 -3.620238 2.954213 29.401833 0.053813 -0.809343 0.145027 -0.000014 -0.000029 -0.000001 -0.000001 0.000000 
0.176823 35.262039 -3.294281 -115.206672 5.478802 3.147014 0.000000 10.181547 0.131523 53.790912 -8.033161 -1.595025 14.452294 -2.540451 2.904999 14.513778 -1.532698 3.001468 0.000000 16.740374 -2.049019 8.082123 0.157414 1.364754 0.000000 9.617843 1.684967 28.114155 3.120509 6.425601 0.000001 22.037384 7.501075 -0.000000 0.000000 0.000000 -4.570001 11.014858 -2.160839 0.566137 -0.020113 -1.614849 30.312103 -9.214755 94.146235 -0.000003 41.605933 0.000011 40.690323 -35.450512 -75.217376 -2.464808 -1.573992 2.681913 -11.630453 11.625162 -20.750857 6.358357 -14.447667 -2.112241 -5.504768 -5.510924 -14.718511 0.000002 -0.000004 0.000003 -9.108294 -0.517870 2.259800 0.083329 -2.854491 7.046420 0.000011 -0.007202 0.088408 0.000001 0.004412 -0.054199 0.000001 0.000002 0.000001 -9.532492 0.000012 -0.000001 0.082086 -2.844314 6.920395 0.000004 -0.008861 0.108735 0.000008 0.005344 -0.065526 0.000000 0.000001 0.000000 -9.103596 -0.043089 -1.865102 0.079705 -2.824400 6.674078 0.000006 -0.006796 0.083420 -0.000001 0.003655 -0.044840 -0.000000 0.000000 0.000000 -8.076706 -0.486721 -3.806301 0.060636 -2.632567 4.306780 0.000009 -0.010634 0.130552 0.000002 0.006031 -0.074011 -0.000000 0.000001 -0.000000 4.570399 11.014660 -2.160813 5.816769 -2.815286 -0.615037 36.106330 6.688025 -105.633452 -0.000005 -34.433183 0.000013 19.018418 20.661724 91.424869 2.466090 -1.576211 2.681698 -12.388627 -9.936137 20.816846 5.987296 12.645730 1.346538 -7.335785 -0.421671 13.147353 0.000003 0.000007 0.000004 9.109295 -0.518020 2.259899 0.287416 3.189500 -8.363680 -0.000004 0.001662 -0.016208 0.000005 -0.001022 0.010024 0.000000 0.000000 0.000000 9.533402 0.000010 -0.000000 0.124656 3.201690 -8.197509 0.000005 -0.000006 0.000006 0.000001 0.000005 -0.000002 0.000000 -0.000000 0.000001 9.104498 -0.043001 -1.865101 0.108202 3.079164 -6.987591 0.000005 -0.000012 0.000002 0.000002 -0.000000 0.000004 -0.000001 0.000000 0.000001 8.077798 -0.486890 -3.806301 0.089442 2.906232 -5.290077 0.000003 -0.000002 -0.000010 0.000000 -0.000005 0.000025 0.000000 -0.000001 -0.000000 -8.207796 -6.751703 -1.599540 -48.154476 -3.591112 -48.319695 6.871318 -10.004109 -4.964634 -7.268881 -17.939577 11.176369 3.859004 -0.000003 -0.000003 0.000001 0.000000 -0.000002 8.207800 -6.751705 -1.599550 -62.482092 3.501898 57.011859 22.281131 -3.620238 2.954213 29.401833 0.053813 -0.809343 0.145027 -0.000014 -0.000029 -0.000001 -0.000001 0.000000 
0.176823 35.262039 -3.294281 -115.206672 5.478802 3.147014 0.000000 10.181547 0.131523 53.790912 -8.033161 -1.595025 14.452294 -2.540451 2.904999 14.513778 -1.532698 3.001468 0.000000 16.740374 -2.049019 8.082123 0.157414 1.364754 0.000000 9.617843 1.684967 28.114155 3.120509 6.425601 0.000001 22.037384 7.501075 -0.000000 0.000000 0.000000 -4.570001 11.014858 -2.160839 0.566137 -0.020113 -1.614849 30.312103 -9.214755 94.146235 -0.000003 41.605933 0.000011 40.690323 -35.450512 -75.217376 -2.464808 -1.573992 2.681913 -11.630453 11.625162 -20.750857 6.358357 -14.447667 -2.112241 -5.504768 -5.510924 -14.718511 0.000002 -0.000004 0.000003 -9.108294 -0.517870 2.259800 0.083329 -2.854491 7.046420 0.000011 -0.007202 0.088408 0.000001 0.004412 -0.054199 0.000001 0.000002 0.000001 -9.532492 0.000012 -0.000001 0.082086 -2.844314 6.920395 0.000004 -0.008861 0.108735 0.000008 0.005344 -0.065526 0.000000 0.000001 0.000000 -9.103596 -0.043089 -1.865102 0.079705 -2.824400 6.674078 0.000006 -0.006796 0.083420 -0.000001 0.003655 -0.044840 -0.000000 0.000000 0.000000 -8.076706 -0.486721 -3.806301 0.060636 -2.632567 4.306780 0.000009 -0.010634 0.130552 0.000002 0.006031 -0.074011 -0.000000 0.000001 -0.000000 4.570399 11.014660 -2.160813 5.816769 -2.815286 -0.615037 36.106330 6.688025 -105.633452 -0.000005 -34.433183 0.000013 19.018418 20.661724 91.424869 2.466090 -1.576211 2.681698 -12.388627 -9.936137 20.816846 5.987296 12.645730 1.346538 -7.335785 -0.421671 13.147353 0.000003 0.000007 0.000004 9.109295 -0.518020 2.259899 0.287416 3.189500 -8.363680 -0.000004 0.001662 -0.016208 0.000005 -0.001022 0.010024 0.000000 0.000000 0.000000 9.533402 0.000010 -0.000000 0.124656 3.201690 -8.197509 0.000005 -0.000006 0.000006 0.000001 0.000005 -0.000002 0.000000 -0.000000 0.000001 9.104498 -0.043001 -1.865101 0.108202 3.079164 -6.987591 0.000005 -0.000012 0.000002 0.000002 -0.000000 0.000004 -0.000001 0.000000 0.000001 8.077798 -0.486890 -3.806301 0.089442 2.906232 -5.290077 0.000003 -0.000002 -0.000010 0.000000 -0.000005 0.000025 0.000000 -0.000001 -0.000000 -8.207796 -6.751703 -1.599540 -48.154476 -3.591112 -48.319695 6.871318 -10.004109 -4.964634 -7.268881 -17.939577 11.176369 3.859004 -0.000003 -0.000003 0.000001 0.000000 -0.000002 8.207800 -6.751705 -1.599550 -62.482092 3.501898 57.011859 22.281131 -3.620238 2.954213 29.401833 0.053813 -0.809343 0.145027 -0.000014 -0.000029 -0.000001 -0.000001 0.000000 
0.176823 35.262039 -3.294281 -115.206672 5.478802 3.147014 0.000000 10.181547 0.131523 53.790912 -8.033161 -1.595025 14.452294 -2.540451 2.904999 14.513778 -1.532698 3.001468 0.000000 16.740374 -2.049019 8.082123 0.157414 1.364754 0.000000 9.617843 1.684967 28.114155 3.120509 6.425601 0.000001 22.037384 7.501075 -0.000000 0.000000 0.000000 -4.570001 11.014858 -2.160839 0.566137 -0.020113 -1.614849 30.312103 -9.214755 94.146235 -0.000003 41.605933 0.000011 40.690323 -35.450512 -75.217376 -2.464808 -1.573992 2.681913 -11.630453 11.625162 -20.750857 6.358357 -14.447667 -2.112241 -5.504768 -5.510924 -14.718511 0.000002 -0.000004 0.000003 -9.108294 -0.517870 2.259800 0.083329 -2.854491 7.046420 0.000011 -0.007202 0.088408 0.000001 0.004412 -0.054199 0.000001 0.000002 0.000001 -9.532492 0.000012 -0.000001 0.082086 -2.844314 6.920395 0.000004 -0.008861 0.108735 0.000008 0.005344 -0.065526 0.000000 0.000001 0.000000 -9.103596 -0.043089 -1.865102 0.079705 -2.824400 6.674078 0.000006 -0.006796 0.083420 -0.000001 0.003655 -0.044840 -0.000000 0.000000 0.000000 -8.076706 -0.486721 -3.806301 0.060636 -2.632567 4.306780 0.000009 -0.010634 0.130552 0.000002 0.006031 -0.074011 -0.000000 0.000001 -0.000000 4.570399 11.014660 -2.160813 5.816769 -2.815286 -0.615037 36.106330 6.688025 -105.633452 -0.000005 -34.433183 0.000013 19.018418 20.661724 91.424869 2.466090 -1.576211 2.681698 -12.388627 -9.936137 20.816846 5.987296 12.645730 1.346538 -7.335785 -0.421671 13.147353 0.000003 0.000007 0.000004 9.109295 -0.518020 2.259899 0.287416 3.189500 -8.363680 -0.000004 0.001662 -0.016208 0.000005 -0.001022 0.010024 0.000000 0.000000 0.000000 9.533402 0.000010 -0.000000 0.124656 3.201690 -8.197509 0.000005 -0.000006 0.000006 0.000001 0.000005 -0.000002 0.000000 -0.000000 0.000001 9.104498 -0.043001 -1.865101 0.108202 3.079164 -6.987591 0.000005 -0.000012 0.000002 0.000002 -0.000000 0.000004 -0.000001 0.000000 0.000001 8.077798 -0.486890 -3.806301 0.089442 2.906232 -5.290077 0.000003 -0.000002 -0.000010 0.000000 -0.000005 0.000025 0.000000 -0.000001 -0.000000 -8.207796 -6.751703 -1.599540 -48.154476 -3.591112 -48.319695 6.871318 -10.004109 -4.964634 -7.268881 -17.939577 11.176369 3.859004 -0.000003 -0.000003 0.000001 0.000000 -0.000002 8.207800 -6.751705 -1.599550 -62.482092 3.501898 57.011859 22.281131 -3.620238 2.954213 29.401833 0.053813 -0.809343 0.145027 -0.000014 -0.000029 -0.000001 -0.000001 0.000000 
0.176823 35.262039 -3.294281 -115.206672 5.478802 3.147014 0.000000 10.181547 0.131523 53.790912 -8.033161 -1.595025 14.452294 -2.540451 2.904999 14.513778 -1.532698 3.001468 0.000000 16.740374 -2.049019 8.082123 0.157414 1.364754 0.000000 9.617843 1.684967 28.114155 3.120509 6.425601 0.000001 22.037384 7.501075 -0.000000 0.000000 0.000000 -4.570001 11.014858 -2.160839 0.566137 -0.020113 -1.614849 30.312103 -9.214755 94.146235 -0.000003 41.605933 0.000011 40.690323 -35.450512 -75.217376 -2.464808 -1.573992 2.681913 -11.630453 11.625162 -20.750857 6.358357 -14.447667 -2.112241 -5.504768 -5.510924 -14.718511 0.000002 -0.000004 0.000003 -9.108294 -0.517870 2.259800 0.083329 -2.854491 7.046420 0.000011 -0.007202 0.088408 0.000001 0.004412 -0.054199 0.000001 0.000002 0.000001 -9.532492 0.000012 -0.000001 0.082086 -2.844314 6.920395 0.000004 -0.008861 0.108735 0.000008 0.005344 -0.065526 0.000000 0.000001 0.000000 -9.103596 -0.043089 -1.865102 0.079705 -2.824400 6.674078 0.000006 -0.006796 0.083420 -0.000001 0.003655 -0.044840 -0.000000 0.000000 0.000000 -8.076706 -0.486721 -3.806301 0.060636 -2.632567 4.306780 0.000009 -0.010634 0.130552 0.000002 0.006031 -0.074011 -0.000000 0.000001 -0.000000 4.570399 11.014660 -2.160813 5.816769 -2.815286 -0.615037 36.106330 6.688025 -105.633452 -0.000005 -34.433183 0.000013 19.018418 20.661724 91.424869 2.466090 -1.576211 2.681698 -12.388627 -9.936137 20.816846 5.987296 12.645730 1.346538 -7.335785 -0.421671 13.147353 0.000003 0.000007 0.000004 9.109295 -0.518020 2.259899 0.287416 3.189500 -8.363680 -0.000004 0.001662 -0.016208 0.000005 -0.001022 0.010024 0.000000 0.000000 0.000000 9.533402 0.000010 -0.000000 0.124656 3.201690 -8.197509 0.000005 -0.000006 0.000006 0.000001 0.000005 -0.000002 0.000000 -0.000000 0.000001 9.104498 -0.043001 -1.865101 0.108202 3.079164 -6.987591 0.000005 -0.000012 0.000002 0.000002 -0.000000 0.000004 -0.000001 0.000000 0.000001 8.077798 -0.486890 -3.806301 0.089442 2.906232 -5.290077 0.000003 -0.000002 -0.000010 0.000000 -0.000005 0.000025 0.000000 -0.000001 -0.000000 -8.207796 -6.751703 -1.599540 -48.154476 -3.591112 -48.319695 6.871318 -10.004109 -4.964634 -7.268881 -17.939577 11.176369 3.859004 -0.000003 -0.000003 0.000001 0.000000 -0.000002 8.207800 -6.751705 -1.599550 -62.482092 3.501898 57.011859 22.281131 -3.620238 2.954213 29.401833 0.053813 -0.809343 0.145027 -0.000014 -0.000029 -0.000001 -0.000001 0.000000 
0.176823 35.262039 -3.294281 -115.206672 5.478802 3.147014 0.000000 10.181547 0.131523 53.790912 -8.033161 -1.595025 14.452294 -2.540451 2.904999 14.513778 -1.532698 3.001468 0.000000 16.740374 -2.049019 8.082123 0.157414 1.364754 0.000000 9.617843 1.684967 28.114155 3.120509 6.425601 0.000001 22.037384 7.501075 -0.000000 0.000000 0.000000 -4.570001 11.014858 -2.160839 0.566137 -0.020113 -1.614849 30.312103 -9.214755 94.146235 -0.000003 41.605933 0.000011 40.690323 -35.450512 -75.217376 -2.464808 -1.573992 2.681913 -11.630453 11.625162 -20.750857 6.358357 -14.447667 -2.112241 -5.504768 -5.510924 -14.718511 0.000002 -0.000004 0.000003 -9.108294 -0.517870 2.259800 0.083329 -2.854491 7.046420 0.000011 -0.007202 0.088408 0.000001 0.004412 -0.054199 0.000001 0.000002 0.000001 -9.532492 0.000012 -0.000001 0.082086 -2.844314 6.920395 0.000004 -0.008861 0.108735 0.000008 0.005344 -0.065526 0.000000 0.000001 0.000000 -9.103596 -0.043089 -1.865102 0.079705 -2.824400 6.674078 0.000006 -0.006796 0.083420 -0.000001 0.003655 -0.044840 -0.000000 0.000000 0.000000 -8.076706 -0.486721 -3.806301 0.060636 -2.632567 4.306780 0.000009 -0.010634 0.130552 0.000002 0.006031 -0.074011 -0.000000 0.000001 -0.000000 4.570399 11.014660 -2.160813 5.816769 -2.815286 -0.615037 36.106330 6.688025 -105.633452 -0.000005 -34.433183 0.000013 19.018418 20.661724 91.424869 2.466090 -1.576211 2.681698 -12.388627 -9.936137 20.816846 5.987296 12.645730 1.346538 -7.335785 -0.421671 13.147353 0.000003 0.000007 0.000004 9.109295 -0.518020 2.259899 0.287416 3.189500 -8.363680 -0.000004 0.001662 -0.016208 0.000005 -0.001022 0.010024 0.000000 0.000000 0.000000 9.533402 0.000010 -0.000000 0.124656 3.201690 -8.197509 0.000005 -0.000006 0.000006 0.000001 0.000005 -0.000002 0.000000 -0.000000 0.000001 9.104498 -0.043001 -1.865101 0.108202 3.079164 -6.987591 0.000005 -0.000012 0.000002 0.000002 -0.000000 0.000004 -0.000001 0.000000 0.000001 8.077798 -0.486890 -3.806301 0.089442 2.906232 -5.290077 0.000003 -0.000002 -0.000010 0.000000 -0.000005 0.000025 0.000000 -0.000001 -0.000000 -8.207796 -6.751703 -1.599540 -48.154476 -3.591112 -48.319695 6.871318 -10.004109 -4.964634 -7.268881 -17.939577 11.176369 3.859004 -0.000003 -0.000003 0.000001 0.000000 -0.000002 8.207800 -6.751705 -1.599550 -62.482092 3.501898 57.011859 22.281131 -3.620238 2.954213 29.401833 0.053813 -0.809343 0.145027 -0.000014 -0.000029 -0.000001 -0.000001 0.000000 
0.176823 35.262039 -3.294281 -115.206672 5.478802 3.147014 0.000000 10.181547 0.131523 53.790912 -8.033161 -1.595025 14.452294 -2.540451 2.904999 14.513778 -1.532698 3.001468 0.000000 16.740374 -2.049019 8.082123 0.157414 1.364754 0.000000 9.617843 1.684967 28.114155 3.120509 6.425601 0.000001 22.037384 7.501075 -0.000000 0.000000 0.000000 -4.570001 11.014858 -2.160839 0.566137 -0.020113 -1.614849 30.312103 -9.214755 94.146235 -0.000003 41.605933 0.000011 40.690323 -35.450512 -75.217376 -2.464808 -1.573992 2.681913 -11.630453 11.625162 -20.750857 6.358357 -14.447667 -2.112241 -5.504768 -5.510924 -14.718511 0.000002 -0.000004 0.000003 -9.108294 -0.517870 2.259800 0.083329 -2.854491 7.046420 0.000011 -0.007202 0.088408 0.000001 0.004412 -0.054199 0.000001 0.000002 0.000001 -9.532492 0.000012 -0.000001 0.082086 -2.844314 6.920395 0.000004 -0.008861 0.108735 0.000008 0.005344 -0.065526 0.000000 0.000001 0.000000 -9.103596 -0.043089 -1.865102 0.079705 -2.824400 6.674078 0.000006 -0.006796 0.083420 -0.000001 0.003655 -0.044840 -0.000000 0.000000 0.000000 -8.076706 -0.486721 -3.806301 0.060636 -2.632567 4.306780 0.000009 -0.010634 0.130552 0.000002 0.006031 -0.074011 -0.000000 0.000001 -0.000000 4.570399 11.014660 -2.160813 5.816769 -2.815286 -0.615037 36.106330 6.688025 -105.633452 -0.000005 -34.433183 0.000013 19.018418 20.661724 91.424869 2.466090 -1.576211 2.681698 -12.388627 -9.936137 20.816846 5.987296 12.645730 1.346538 -7.335785 -0.421671 13.147353 0.000003 0.000007 0.000004 9.109295 -0.518020 2.259899 0.287416 3.189500 -8.363680 -0.000004 0.001662 -0.016208 0.000005 -0.001022 0.010024 0.000000 0.000000 0.000000 9.533402 0.000010 -0.000000 0.124656 3.201690 -8.197509 0.000005 -0.000006 0.000006 0.000001 0.000005 -0.000002 0.000000 -0.000000 0.000001 9.104498 -0.043001 -1.865101 0.108202 3.079164 -6.987591 0.000005 -0.000012 0.000002 0.000002 -0.000000 0.000004 -0.000001 0.000000 0.000001 8.077798 -0.486890 -3.806301 0.089442 2.906232 -5.290077 0.000003 -0.000002 -0.000010 0.000000 -0.000005 0.000025 0.000000 -0.000001 -0.000000 -8.207796 -6.751703 -1.599540 -48.154476 -3.591112 -48.319695 6.871318 -10.004109 -4.964634 -7.268881 -17.939577 11.176369 3.859004 -0.000003 -0.000003 0.000001 0.000000 -0.000002 8.207800 -6.751705 -1.599550 -62.482092 3.501898 57.011859 22.281131 -3.620238 2.954213 29.401833 0.053813 -0.809343 0.145027 -0.000014 -0.000029 -0.000001 -0.000001 0.000000 
0.176823 35.262039 -3.294281 -115.206672 5.478802 3.147014 0.000000 10.181547 0.131523 53.790912 -8.033161 -1.595025 14.452294 -2.540451 2.904999 14.513778 -1.532698 3.001468 0.000000 16.740374 -2.049019 8.082123 0.157414 1.364754 0.000000 9.617843 1.684967 28.114155 3.120509 6.425601 0.000001 22.037384 7.501075 -0.000000 0.000000 0.000000 -4.570001 11.014858 -2.160839 0.566137 -0.020113 -1.614849 30.312103 -9.214755 94.146235 -0.000003 41.605933 0.000011 40.690323 -35.450512 -75.217376 -2.464808 -1.573992 2.681913 -11.630453 11.625162 -20.750857 6.358357 -14.447667 -2.112241 -5.504768 -5.510924 -14.718511 0.000002 -0.000004 0.000003 -9.108294 -0.517870 2.259800 0.083329 -2.854491 7.046420 0.000011 -0.007202 0.088408 0.000001 0.004412 -0.054199 0.000001 0.000002 0.000001 -9.532492 0.000012 -0.000001 0.082086 -2.844314 6.920395 0.000004 -0.008861 0.108735 0.000008 0.005344 -0.065526 0.000000 0.000001 0.000000 -9.103596 -0.043089 -1.865102 0.079705 -2.824400 6.674078 0.000006 -0.006796 0.083420 -0.000001 0.003655 -0.044840 -0.000000 0.000000 0.000000 -8.076706 -0.486721 -3.806301 0.060636 -2.632567 4.306780 0.000009 -0.010634 0.130552 0.000002 0.006031 -0.074011 -0.000000 0.000001 -0.000000 4.570399 11.014660 -2.160813 5.816769 -2.815286 -0.615037 36.106330 6.688025 -105.633452 -0.000005 -34.433183 0.000013 19.018418 20.661724 91.424869 2.466090 -1.576211 2.681698 -12.388627 -9.936137 20.816846 5.987296 12.645730 1.346538 -7.335785 -0.421671 13.147353 0.000003 0.000007 0.000004 9.109295 -0.518020 2.259899 0.287416 3.189500 -8.363680 -0.000004 0.001662 -0.016208 0.000005 -0.001022 0.010024 0.000000 0.000000 0.000000 9.533402 0.000010 -0.000000 0.124656 3.201690 -8.197509 0.000005 -0.000006 0.000006 0.000001 0.000005 -0.000002 0.000000 -0.000000 0.000001 9.104498 -0.043001 -1.865101 0.108202 3.079164 -6.987591 0.000005 -0.000012 0.000002 0.000002 -0.000000 0.000004 -0.000001 0.000000 0.000001 8.077798 -0.486890 -3.806301 0.089442 2.906232 -5.290077 0.000003 -0.000002 -0.000010 0.000000 -0.000005 0.000025 0.000000 -0.000001 -0.000000 -8.207796 -6.751703 -1.599540 -48.154476 -3.591112 -48.319695 6.871318 -10.004109 -4.964634 -7.268881 -17.939577 11.176369 3.859004 -0.000003 -0.000003 0.000001 0.000000 -0.000002 8.207800 -6.751705 -1.599550 -62.482092 3.501898 57.011859 22.281131 -3.620238 2.954213 29.401833 0.053813 -0.809343 0.145027 -0.000014 -0.000029 -0.000001 -0.000001 0.000000 
0.176823 35.262039 -3.294281 -115.206672 5.478802 3.147014 0.000000 10.181547 0.131523 53.790912 -8.033161 -1.595025 14.452294 -2.540451 2.904999 14.513778 -1.532698 3.001468 0.000000 16.740374 -2.049019 8.082123 0.157414 1.364754 0.000000 9.617843 1.684967 28.114155 3.120509 6.425601 0.000001 22.037384 7.501075 -0.000000 0.000000 0.000000 -4.570001 11.014858 -2.160839 0.566137 -0.020113 -1.614849 30.312103 -9.214755 94.146235 -0.000003 41.605933 0.000011 40.690323 -35.450512 -75.217376 -2.464808 -1.573992 2.681913 -11.630453 11.625162 -20.750857 6.358357 -14.447667 -2.112241 -5.504768 -5.510924 -14.718511 0.000002 -0.000004 0.000003 -9.108294 -0.517870 2.259800 0.083329 -2.854491 7.046420 0.000011 -0.007202 0.088408 0.000001 0.004412 -0.054199 0.000001 0.000002 0.000001 -9.532492 0.000012 -0.000001 0.082086 -2.844314 6.920395 0.000004 -0.008861 0.108735 0.000008 0.005344 -0.065526 0.000000 0.000001 0.000000 -9.103596 -0.043089 -1.865102 0.079705 -2.824400 6.674078 0.000006 -0.006796 0.083420 -0.000001 0.003655 -0.044840 -0.000000 0.000000 0.000000 -8.076706 -0.486721 -3.806301 0.060636 -2.632567 4.306780 0.000009 -0.010634 0.130552 0.000002 0.006031 -0.074011 -0.000000 0.000001 -0.000000 4.570399 11.014660 -2.160813 5.816769 -2.815286 -0.615037 36.106330 6.688025 -105.633452 -0.000005 -34.433183 0.000013 19.018418 20.661724 91.424869 2.466090 -1.576211 2.681698 -12.388627 -9.936137 20.816846 5.987296 12.645730 1.346538 -7.335785 -0.421671 13.147353 0.000003 0.000007 0.000004 9.109295 -0.518020 2.259899 0.287416 3.189500 -8.363680 -0.000004 0.001662 -0.016208 0.000005 -0.001022 0.010024 0.000000 0.000000 0.000000 9.533402 0.000010 -0.000000 0.124656 3.201690 -8.197509 0.000005 -0.000006 0.000006 0.000001 0.000005 -0.000002 0.000000 -0.000000 0.000001 9.104498 -0.043001 -1.865101 0.108202 3.079164 -6.987591 0.000005 -0.000012 0.000002 0.000002 -0.000000 0.000004 -0.000001 0.000000 0.000001 8.077798 -0.486890 -3.806301 0.089442 2.906232 -5.290077 0.000003 -0.000002 -0.000010 0.000000 -0.000005 0.000025 0.000000 -0.000001 -0.000000 -8.207796 -6.751703 -1.599540 -48.154476 -3.591112 -48.319695 6.871318 -10.004109 -4.964634 -7.268881 -17.939577 11.176369 3.859004 -0.000003 -0.000003 0.000001 0.000000 -0.000002 8.207800 -6.751705 -1.599550 -62.482092 3.501898 57.011859 22.281131 -3.620238 2.954213 29.401833 0.053813 -0.809343 0.145027 -0.000014 -0.000029 -0.000001 -0.000001 0.000000 
0.176823 35.262039 -3.294281 -115.206672 5.478802 3.147014 0.000000 10.181547 0.131523 53.790912 -8.033161 -1.595025 14.452294 -2.540451 2.904999 14.513778 -1.532698 3.001468 0.000000 16.740374 -2.049019 8.082123 0.157414 1.364754 0.000000 9.617843 1.684967 28.114155 3.120509 6.425601 0.000001 22.037384 7.501075 -0.000000 0.000000 0.000000 -4.570001 11.014858 -2.160839 0.566137 -0.020113 -1.614849 30.312103 -9.214755 94.146235 -0.000003 41.605933 0.000011 40.690323 -35.450512 -75.217376 -2.464808 -1.573992 2.681913 -11.630453 11.625162 -20.750857 6.358357 -14.447667 -2.112241 -5.504768 -5.510924 -14.718511 0.000002 -0.000004 0.000003 -9.108294 -0.517870 2.259800 0.083329 -2.854491 7.046420 0.000011 -0.007202 0.088408 0.000001 0.004412 -0.054199 0.000001 0.000002 0.000001 -9.532492 0.000012 -0.000001 0.082086 -2.844314 6.920395 0.000004 -0.008861 0.108735 0.000008 0.005344 -0.065526 0.000000 0.000001 0.000000 -9.103596 -0.043089 -1.865102 0.079705 -2.824400 6.674078 0.000006 -0.006796 0.083420 -0.000001 0.003655 -0.044840 -0.000000 0.000000 0.000000 -8.076706 -0.486721 -3.806301 0.060636 -2.632567 4.306780 0.000009 -0.010634 0.130552 0.000002 0.006031 -0.074011 -0.000000 0.000001 -0.000000 4.570399 11.014660 -2.160813 5.816769 -2.815286 -0.615037 36.106330 6.688025 -105.633452 -0.000005 -34.433183 0.000013 19.018418 20.661724 91.424869 2.466090 -1.576211 2.681698 -12.388627 -9.936137 20.816846 5.987296 12.645730 1.346538 -7.335785 -0.421671 13.147353 0.000003 0.000007 0.000004 9.109295 -0.518020 2.259899 0.287416 3.189500 -8.363680 -0.000004 0.001662 -0.016208 0.000005 -0.001022 0.010024 0.000000 0.000000 0.000000 9.533402 0.000010 -0.000000 0.124656 3.201690 -8.197509 0.000005 -0.000006 0.000006 0.000001 0.000005 -0.000002 0.000000 -0.000000 0.000001 9.104498 -0.043001 -1.865101 0.108202 3.079164 -6.987591 0.000005 -0.000012 0.000002 0.000002 -0.000000 0.000004 -0.000001 0.000000 0.000001 8.077798 -0.486890 -3.806301 0.089442 2.906232 -5.290077 0.000003 -0.000002 -0.000010 0.000000 -0.000005 0.000025 0.000000 -0.000001 -0.000000 -8.207796 -6.751703 -1.599540 -48.154476 -3.591112 -48.319695 6.871318 -10.004109 -4.964634 -7.268881 -17.939577 11.176369 3.859004 -0.000003 -0.000003 0.000001 0.000000 -0.000002 8.207800 -6.751705 -1.599550 -62.482092 3.501898 57.011859 22.281131 -3.620238 2.954213 29.401833 0.053813 -0.809343 0.145027 -0.000014 -0.000029 -0.000001 -0.000001 0.000000 
0.176823 35.262039 -3.294281 -115.206672 5.478802 3.147014 0.000000 10.181547 0.131523 53.790912 -8.033161 -1.595025 14.452294 -2.540451 2.904999 14.513778 -1.532698 3.001468 0.000000 16.740374 -2.049019 8.082123 0.157414 1.364754 0.000000 9.617843 1.684967 28.114155 3.120509 6.425601 0.000001 22.037384 7.501075 -0.000000 0.000000 0.000000 -4.570001 11.014858 -2.160839 0.566137 -0.020113 -1.614849 30.312103 -9.214755 94.146235 -0.000003 41.605933 0.000011 40.690323 -35.450512 -75.217376 -2.464808 -1.573992 2.681913 -11.630453 11.625162 -20.750857 6.358357 -14.447667 -2.112241 -5.504768 -5.510924 -14.718511 0.000002 -0.000004 0.000003 -9.108294 -0.517870 2.259800 0.083329 -2.854491 7.046420 0.000011 -0.007202 0.088408 0.000001 0.004412 -0.054199 0.000001 0.000002 0.000001 -9.532492 0.000012 -0.000001 0.082086 -2.844314 6.920395 0.000004 -0.008861 0.108735 0.000008 0.005344 -0.065526 0.000000 0.000001 0.000000 -9.103596 -0.043089 -1.865102 0.079705 -2.824400 6.674078 0.000006 -0.006796 0.083420 -0.000001 0.003655 -0.044840 -0.000000 0.000000 0.000000 -8.076706 -0.486721 -3.806301 0.060636 -2.632567 4.306780 0.000009 -0.010634 0.130552 0.000002 0.006031 -0.074011 -0.000000 0.000001 -0.000000 4.570399 11.014660 -2.160813 5.816769 -2.815286 -0.615037 36.106330 6.688025 -105.633452 -0.000005 -34.433183 0.000013 19.018418 20.661724 91.424869 2.466090 -1.576211 2.681698 -12.388627 -9.936137 20.816846 5.987296 12.645730 1.346538 -7.335785 -0.421671 13.147353 0.000003 0.000007 0.000004 9.109295 -0.518020 2.259899 0.287416 3.189500 -8.363680 -0.000004 0.001662 -0.016208 0.000005 -0.001022 0.010024 0.000000 0.000000 0.000000 9.533402 0.000010 -0.000000 0.124656 3.201690 -8.197509 0.000005 -0.000006 0.000006 0.000001 0.000005 -0.000002 0.000000 -0.000000 0.000001 9.104498 -0.043001 -1.865101 0.108202 3.079164 -6.987591 0.000005 -0.000012 0.000002 0.000002 -0.000000 0.000004 -0.000001 0.000000 0.000001 8.077798 -0.486890 -3.806301 0.089442 2.906232 -5.290077 0.000003 -0.000002 -0.000010 0.000000 -0.000005 0.000025 0.000000 -0.000001 -0.000000 -8.207796 -6.751703 -1.599540 -48.154476 -3.591112 -48.319695 6.871318 -10.004109 -4.964634 -7.268881 -17.939577 11.176369 3.859004 -0.000003 -0.000003 0.000001 0.000000 -0.000002 8.207800 -6.751705 -1.599550 -62.482092 3.501898 57.011859 22.281131 -3.620238 2.954213 29.401833 0.053813 -0.809343 0.145027 -0.000014 -0.000029 -0.000001 -0.000001 0.000000 
0.176823 35.262039 -3.294281 -115.206672 5.478802 3.147014 0.000000 10.181547 0.131523 53.790912 -8.033161 -1.595025 14.452294 -2.540451 2.904999 14.513778 -1.532698 3.001468 0.000000 16.740374 -2.049019 8.082123 0.157414 1.364754 0.000000 9.617843 1.684967 28.114155 3.120509 6.425601 0.000001 22.037384 7.501075 -0.000000 0.000000 0.000000 -4.570001 11.014858 -2.160839 0.566137 -0.020113 -1.614849 30.312103 -9.214755 94.146235 -0.000003 41.605933 0.000011 40.690323 -35.450512 -75.217376 -2.464808 -1.573992 2.681913 -11.630453 11.625162 -20.750857 6.358357 -14.447667 -2.112241 -5.504768 -5.510924 -14.718511 0.000002 -0.000004 0.000003 -9.108294 -0.517870 2.259800 0.083329 -2.854491 7.046420 0.000011 -0.007202 0.088408 0.000001 0.004412 -0.054199 0.000001 0.000002 0.000001 -9.532492 0.000012 -0.000001 0.082086 -2.844314 6.920395 0.000004 -0.008861 0.108735 0.000008 0.005344 -0.065526 0.000000 0.000001 0.000000 -9.103596 -0.043089 -1.865102 0.079705 -2.824400 6.674078 0.000006 -0.006796 0.083420 -0.000001 0.003655 -0.044840 -0.000000 0.000000 0.000000 -8.076706 -0.486721 -3.806301 0.060636 -2.632567 4.306780 0.000009 -0.010634 0.130552 0.000002 0.006031 -0.074011 -0.000000 0.000001 -0.000000 4.570399 11.014660 -2.160813 5.816769 -2.815286 -0.615037 36.106330 6.688025 -105.633452 -0.000005 -34.433183 0.000013 19.018418 20.661724 91.424869 2.466090 -1.576211 2.681698 -12.388627 -9.936137 20.816846 5.987296 12.645730 1.346538 -7.335785 -0.421671 13.147353 0.000003 0.000007 0.000004 9.109295 -0.518020 2.259899 0.287416 3.189500 -8.363680 -0.000004 0.001662 -0.016208 0.000005 -0.001022 0.010024 0.000000 0.000000 0.000000 9.533402 0.000010 -0.000000 0.124656 3.201690 -8.197509 0.000005 -0.000006 0.000006 0.000001 0.000005 -0.000002 0.000000 -0.000000 0.000001 9.104498 -0.043001 -1.865101 0.108202 3.079164 -6.987591 0.000005 -0.000012 0.000002 0.000002 -0.000000 0.000004 -0.000001 0.000000 0.000001 8.077798 -0.486890 -3.806301 0.089442 2.906232 -5.290077 0.000003 -0.000002 -0.000010 0.000000 -0.000005 0.000025 0.000000 -0.000001 -0.000000 -8.207796 -6.751703 -1.599540 -48.154476 -3.591112 -48.319695 6.871318 -10.004109 -4.964634 -7.268881 -17.939577 11.176369 3.859004 -0.000003 -0.000003 0.000001 0.000000 -0.000002 8.207800 -6.751705 -1.599550 -62.482092 3.501898 57.011859 22.281131 -3.620238 2.954213 29.401833 0.053813 -0.809343 0.145027 -0.000014 -0.000029 -0.000001 -0.000001 0.000000 
0.176823 35.262039 -3.294281 -115.206672 5.478802 3.147014 0.000000 10.181547 0.131523 53.790912 -8.033161 -1.595025 14.452294 -2.540451 2.904999 14.513778 -1.532698 3.001468 0.000000 16.740374 -2.049019 8.082123 0.157414 1.364754 0.000000 9.617843 1.684967 28.114155 3.120509 6.425601 0.000001 22.037384 7.501075 -0.000000 0.000000 0.000000 -4.570001 11.014858 -2.160839 0.566137 -0.020113 -1.614849 30.312103 -9.214755 94.146235 -0.000003 41.605933 0.000011 40.690323 -35.450512 -75.217376 -2.464808 -1.573992 2.681913 -11.630453 11.625162 -20.750857 6.358357 -14.447667 -2.112241 -5.504768 -5.510924 -14.718511 0.000002 -0.000004 0.000003 -9.108294 -0.517870 2.259800 0.083329 -2.854491 7.046420 0.000011 -0.007202 0.088408 0.000001 0.004412 -0.054199 0.000001 0.000002 0.000001 -9.532492 0.000012 -0.000001 0.082086 -2.844314 6.920395 0.000004 -0.008861 0.108735 0.000008 0.005344 -0.065526 0.000000 0.000001 0.000000 -9.103596 -0.043089 -1.865102 0.079705 -2.824400 6.674078 0.000006 -0.006796 0.083420 -0.000001 0.003655 -0.044840 -0.000000 0.000000 0.000000 -8.076706 -0.486721 -3.806301 0.060636 -2.632567 4.306780 0.000009 -0.010634 0.130552 0.000002 0.006031 -0.074011 -0.000000 0.000001 -0.000000 4.570399 11.014660 -2.160813 5.816769 -2.815286 -0.615037 36.106330 6.688025 -105.633452 -0.000005 -34.433183 0.000013 19.018418 20.661724 91.424869 2.466090 -1.576211 2.681698 -12.388627 -9.936137 20.816846 5.987296 12.645730 1.346538 -7.335785 -0.421671 13.147353 0.000003 0.000007 0.000004 9.109295 -0.518020 2.259899 0.287416 3.189500 -8.363680 -0.000004 0.001662 -0.016208 0.000005 -0.001022 0.010024 0.000000 0.000000 0.000000 9.533402 0.000010 -0.000000 0.124656 3.201690 -8.197509 0.000005 -0.000006 0.000006 0.000001 0.000005 -0.000002 0.000000 -0.000000 0.000001 9.104498 -0.043001 -1.865101 0.108202 3.079164 -6.987591 0.000005 -0.000012 0.000002 0.000002 -0.000000 0.000004 -0.000001 0.000000 0.000001 8.077798 -0.486890 -3.806301 0.089442 2.906232 -5.290077 0.000003 -0.000002 -0.000010 0.000000 -0.000005 0.000025 0.000000 -0.000001 -0.000000 -8.207796 -6.751703 -1.599540 -48.154476 -3.591112 -48.319695 6.871318 -10.004109 -4.964634 -7.268881 -17.939577 11.176369 3.859004 -0.000003 -0.000003 0.000001 0.000000 -0.000002 8.207800 -6.751705 -1.599550 -62.482092 3.501898 57.011859 22.281131 -3.620238 2.954213 29.401833 0.053813 -0.809343 0.145027 -0.000014 -0.000029 -0.000001 -0.000001 0.000000 
0.176823 35.262039 -3.294281 -115.206672 5.478802 3.147014 0.000000 10.181547 0.131523 53.790912 -8.033161 -1.595025 14.452294 -2.540451 2.904999 14.513778 -1.532698 3.001468 0.000000 16.740374 -2.049019 8.082123 0.157414 1.364754 0.000000 9.617843 1.684967 28.114155 3.120509 6.425601 0.000001 22.037384 7.501075 -0.000000 0.000000 0.000000 -4.570001 11.014858 -2.160839 0.566137 -0.020113 -1.614849 30.312103 -9.214755 94.146235 -0.000003 41.605933 0.000011 40.690323 -35.450512 -75.217376 -2.464808 -1.573992 2.681913 -11.630453 11.625162 -20.750857 6.358357 -14.447667 -2.112241 -5.504768 -5.510924 -14.718511 0.000002 -0.000004 0.000003 -9.108294 -0.517870 2.259800 0.083329 -2.854491 7.046420 0.000011 -0.007202 0.088408 0.000001 0.004412 -0.054199 0.000001 0.000002 0.000001 -9.532492 0.000012 -0.000001 0.082086 -2.844314 6.920395 0.000004 -0.008861 0.108735 0.000008 0.005344 -0.065526 0.000000 0.000001 0.000000 -9.103596 -0.043089 -1.865102 0.079705 -2.824400 6.674078 0.000006 -0.006796 0.083420 -0.000001 0.003655 -0.044840 -0.000000 0.000000 0.000000 -8.076706 -0.486721 -3.806301 0.060636 -2.632567 4.306780 0.000009 -0.010634 0.130552 0.000002 0.006031 -0.074011 -0.000000 0.000001 -0.000000 4.570399 11.014660 -2.160813 5.816769 -2.815286 -0.615037 36.106330 6.688025 -105.633452 -0.000005 -34.433183 0.000013 19.018418 20.661724 91.424869 2.466090 -1.576211 2.681698 -12.388627 -9.936137 20.816846 5.987296 12.645730 1.346538 -7.335785 -0.421671 13.147353 0.000003 0.000007 0.000004 9.109295 -0.518020 2.259899 0.287416 3.189500 -8.363680 -0.000004 0.001662 -0.016208 0.000005 -0.001022 0.010024 0.000000 0.000000 0.000000 9.533402 0.000010 -0.000000 0.124656 3.201690 -8.197509 0.000005 -0.000006 0.000006 0.000001 0.000005 -0.000002 0.000000 -0.000000 0.000001 9.104498 -0.043001 -1.865101 0.108202 3.079164 -6.987591 0.000005 -0.000012 0.000002 0.000002 -0.000000 0.000004 -0.000001 0.000000 0.000001 8.077798 -0.486890 -3.806301 0.089442 2.906232 -5.290077 0.000003 -0.000002 -0.000010 0.000000 -0.000005 0.000025 0.000000 -0.000001 -0.000000 -8.207796 -6.751703 -1.599540 -48.154476 -3.591112 -48.319695 6.871318 -10.004109 -4.964634 -7.268881 -17.939577 11.176369 3.859004 -0.000003 -0.000003 0.000001 0.000000 -0.000002 8.207800 -6.751705 -1.599550 -62.482092 3.501898 57.011859 22.281131 -3.620238 2.954213 29.401833 0.053813 -0.809343 0.145027 -0.000014 -0.000029 -0.000001 -0.000001 0.000000 
0.176823 35.262039 -3.294281 -115.206672 5.478802 3.147014 0.000000 10.181547 0.131523 53.790912 -8.033161 -1.595025 14.452294 -2.540451 2.904999 14.513778 -1.532698 3.001468 0.000000 16.740374 -2.049019 8.082123 0.157414 1.364754 0.000000 9.617843 1.684967 28.114155 3.120509 6.425601 0.000001 22.037384 7.501075 -0.000000 0.000000 0.000000 -4.570001 11.014858 -2.160839 0.566137 -0.020113 -1.614849 30.312103 -9.214755 94.146235 -0.000003 41.605933 0.000011 40.690323 -35.450512 -75.217376 -2.464808 -1.573992 2.681913 -11.630453 11.625162 -20.750857 6.358357 -14.447667 -2.112241 -5.504768 -5.510924 -14.718511 0.000002 -0.000004 0.000003 -9.108294 -0.517870 2.259800 0.083329 -2.854491 7.046420 0.000011 -0.007202 0.088408 0.000001 0.004412 -0.054199 0.000001 0.000002 0.000001 -9.532492 0.000012 -0.000001 0.082086 -2.844314 6.920395 0.000004 -0.008861 0.108735 0.000008 0.005344 -0.065526 0.000000 0.000001 0.000000 -9.103596 -0.043089 -1.865102 0.079705 -2.824400 6.674078 0.000006 -0.006796 0.083420 -0.000001 0.003655 -0.044840 -0.000000 0.000000 0.000000 -8.076706 -0.486721 -3.806301 0.060636 -2.632567 4.306780 0.000009 -0.010634 0.130552 0.000002 0.006031 -0.074011 -0.000000 0.000001 -0.000000 4.570399 11.014660 -2.160813 5.816769 -2.815286 -0.615037 36.106330 6.688025 -105.633452 -0.000005 -34.433183 0.000013 19.018418 20.661724 91.424869 2.466090 -1.576211 2.681698 -12.388627 -9.936137 20.816846 5.987296 12.645730 1.346538 -7.335785 -0.421671 13.147353 0.000003 0.000007 0.000004 9.109295 -0.518020 2.259899 0.287416 3.189500 -8.363680 -0.000004 0.001662 -0.016208 0.000005 -0.001022 0.010024 0.000000 0.000000 0.000000 9.533402 0.000010 -0.000000 0.124656 3.201690 -8.197509 0.000005 -0.000006 0.000006 0.000001 0.000005 -0.000002 0.000000 -0.000000 0.000001 9.104498 -0.043001 -1.865101 0.108202 3.079164 -6.987591 0.000005 -0.000012 0.000002 0.000002 -0.000000 0.000004 -0.000001 0.000000 0.000001 8.077798 -0.486890 -3.806301 0.089442 2.906232 -5.290077 0.000003 -0.000002 -0.000010 0.000000 -0.000005 0.000025 0.000000 -0.000001 -0.000000 -8.207796 -6.751703 -1.599540 -48.154476 -3.591112 -48.319695 6.871318 -10.004109 -4.964634 -7.268881 -17.939577 11.176369 3.859004 -0.000003 -0.000003 0.000001 0.000000 -0.000002 8.207800 -6.751705 -1.599550 -62.482092 3.501898 57.011859 22.281131 -3.620238 2.954213 29.401833 0.053813 -0.809343 0.145027 -0.000014 -0.000029 -0.000001 -0.000001 0.000000 
0.176823 35.262039 -3.294281 -115.206672 5.478802 3.147014 0.000000 10.181547 0.131523 53.790912 -8.033161 -1.595025 14.452294 -2.540451 2.904999 14.513778 -1.532698 3.001468 0.000000 16.740374 -2.049019 8.082123 0.157414 1.364754 0.000000 9.617843 1.684967 28.114155 3.120509 6.425601 0.000001 22.037384 7.501075 -0.000000 0.000000 0.000000 -4.570001 11.014858 -2.160839 0.566137 -0.020113 -1.614849 30.312103 -9.214755 94.146235 -0.000003 41.605933 0.000011 40.690323 -35.450512 -75.217376 -2.464808 -1.573992 2.681913 -11.630453 11.625162 -20.750857 6.358357 -14.447667 -2.112241 -5.504768 -5.510924 -14.718511 0.000002 -0.000004 0.000003 -9.108294 -0.517870 2.259800 0.083329 -2.854491 7.046420 0.000011 -0.007202 0.088408 0.000001 0.004412 -0.054199 0.000001 0.000002 0.000001 -9.532492 0.000012 -0.000001 0.082086 -2.844314 6.920395 0.000004 -0.008861 0.108735 0.000008 0.005344 -0.065526 0.000000 0.000001 0.000000 -9.103596 -0.043089 -1.865102 0.079705 -2.824400 6.674078 0.000006 -0.006796 0.083420 -0.000001 0.003655 -0.044840 -0.000000 0.000000 0.000000 -8.076706 -0.486721 -3.806301 0.060636 -2.632567 4.306780 0.000009 -0.010634 0.130552 0.000002 0.006031 -0.074011 -0.000000 0.000001 -0.000000 4.570399 11.014660 -2.160813 5.816769 -2.815286 -0.615037 36.106330 6.688025 -105.633452 -0.000005 -34.433183 0.000013 19.018418 20.661724 91.424869 2.466090 -1.576211 2.681698 -12.388627 -9.936137 20.816846 5.987296 12.645730 1.346538 -7.335785 -0.421671 13.147353 0.000003 0.000007 0.000004 9.109295 -0.518020 2.259899 0.287416 3.189500 -8.363680 -0.000004 0.001662 -0.016208 0.000005 -0.001022 0.010024 0.000000 0.000000 0.000000 9.533402 0.000010 -0.000000 0.124656 3.201690 -8.197509 0.000005 -0.000006 0.000006 0.000001 0.000005 -0.000002 0.000000 -0.000000 0.000001 9.104498 -0.043001 -1.865101 0.108202 3.079164 -6.987591 0.000005 -0.000012 0.000002 0.000002 -0.000000 0.000004 -0.000001 0.000000 0.000001 8.077798 -0.486890 -3.806301 0.089442 2.906232 -5.290077 0.000003 -0.000002 -0.000010 0.000000 -0.000005 0.000025 0.000000 -0.000001 -0.000000 -8.207796 -6.751703 -1.599540 -48.154476 -3.591112 -48.319695 6.871318 -10.004109 -4.964634 -7.268881 -17.939577 11.176369 3.859004 -0.000003 -0.000003 0.000001 0.000000 -0.000002 8.207800 -6.751705 -1.599550 -62.482092 3.501898 57.011859 22.281131 -3.620238 2.954213 29.401833 0.053813 -0.809343 0.145027 -0.000014 -0.000029 -0.000001 -0.000001 0.000000 
0.176823 35.262039 -3.294281 -115.206672 5.478802 3.147014 0.000000 10.181547 0.131523 53.790912 -8.033161 -1.595025 14.452294 -2.540451 2.904999 14.513778 -1.532698 3.001468 0.000000 16.740374 -2.049019 8.082123 0.157414 1.364754 0.000000 9.617843 1.684967 28.114155 3.120509 6.425601 0.000001 22.037384 7.501075 -0.000000 0.000000 0.000000 -4.570001 11.014858 -2.160839 0.566137 -0.020113 -1.614849 30.312103 -9.214755 94.146235 -0.000003 41.605933 0.000011 40.690323 -35.450512 -75.217376 -2.464808 -1.573992 2.681913 -11.630453 11.625162 -20.750857 6.358357 -14.447667 -2.112241 -5.504768 -5.510924 -14.718511 0.000002 -0.000004 0.000003 -9.108294 -0.517870 2.259800 0.083329 -2.854491 7.046420 0.000011 -0.007202 0.088408 0.000001 0.004412 -0.054199 0.000001 0.000002 0.000001 -9.532492 0.000012 -0.000001 0.082086 -2.844314 6.920395 0.000004 -0.008861 0.108735 0.000008 0.005344 -0.065526 0.000000 0.000001 0.000000 -9.103596 -0.043089 -1.865102 0.079705 -2.824400 6.674078 0.000006 -0.006796 0.083420 -0.000001 0.003655 -0.044840 -0.000000 0.000000 0.000000 -8.076706 -0.486721 -3.806301 0.060636 -2.632567 4.306780 0.000009 -0.010634 0.130552 0.000002 0.006031 -0.074011 -0.000000 0.000001 -0.000000 4.570399 11.014660 -2.160813 5.816769 -2.815286 -0.615037 36.106330 6.688025 -105.633452 -0.000005 -34.433183 0.000013 19.018418 20.661724 91.424869 2.466090 -1.576211 2.681698 -12.388627 -9.936137 20.816846 5.987296 12.645730 1.346538 -7.335785 -0.421671 13.147353 0.000003 0.000007 0.000004 9.109295 -0.518020 2.259899 0.287416 3.189500 -8.363680 -0.000004 0.001662 -0.016208 0.000005 -0.001022 0.010024 0.000000 0.000000 0.000000 9.533402 0.000010 -0.000000 0.124656 3.201690 -8.197509 0.000005 -0.000006 0.000006 0.000001 0.000005 -0.000002 0.000000 -0.000000 0.000001 9.104498 -0.043001 -1.865101 0.108202 3.079164 -6.987591 0.000005 -0.000012 0.000002 0.000002 -0.000000 0.000004 -0.000001 0.000000 0.000001 8.077798 -0.486890 -3.806301 0.089442 2.906232 -5.290077 0.000003 -0.000002 -0.000010 0.000000 -0.000005 0.000025 0.000000 -0.000001 -0.000000 -8.207796 -6.751703 -1.599540 -48.154476 -3.591112 -48.319695 6.871318 -10.004109 -4.964634 -7.268881 -17.939577 11.176369 3.859004 -0.000003 -0.000003 0.000001 0.000000 -0.000002 8.207800 -6.751705 -1.599550 -62.482092 3.501898 57.011859 22.281131 -3.620238 2.954213 29.401833 0.053813 -0.809343 0.145027 -0.000014 -0.000029 -0.000001 -0.000001 0.000000 
0.176823 35.262039 -3.294281 -115.206672 5.478802 3.147014 0.000000 10.181547 0.131523 53.790912 -8.033161 -1.595025 14.452294 -2.540451 2.904999 14.513778 -1.532698 3.001468 0.000000 16.740374 -2.049019 8.082123 0.157414 1.364754 0.000000 9.617843 1.684967 28.114155 3.120509 6.425601 0.000001 22.037384 7.501075 -0.000000 0.000000 0.000000 -4.570001 11.014858 -2.160839 0.566137 -0.020113 -1.614849 30.312103 -9.214755 94.146235 -0.000003 41.605933 0.000011 40.690323 -35.450512 -75.217376 -2.464808 -1.573992 2.681913 -11.630453 11.625162 -20.750857 6.358357 -14.447667 -2.112241 -5.504768 -5.510924 -14.718511 0.000002 -0.000004 0.000003 -9.108294 -0.517870 2.259800 0.083329 -2.854491 7.046420 0.000011 -0.007202 0.088408 0.000001 0.004412 -0.054199 0.000001 0.000002 0.000001 -9.532492 0.000012 -0.000001 0.082086 -2.844314 6.920395 0.000004 -0.008861 0.108735 0.000008 0.005344 -0.065526 0.000000 0.000001 0.000000 -9.103596 -0.043089 -1.865102 0.079705 -2.824400 6.674078 0.000006 -0.006796 0.083420 -0.000001 0.003655 -0.044840 -0.000000 0.000000 0.000000 -8.076706 -0.486721 -3.806301 0.060636 -2.632567 4.306780 0.000009 -0.010634 0.130552 0.000002 0.006031 -0.074011 -0.000000 0.000001 -0.000000 4.570399 11.014660 -2.160813 5.816769 -2.815286 -0.615037 36.106330 6.688025 -105.633452 -0.000005 -34.433183 0.000013 19.018418 20.661724 91.424869 2.466090 -1.576211 2.681698 -12.388627 -9.936137 20.816846 5.987296 12.645730 1.346538 -7.335785 -0.421671 13.147353 0.000003 0.000007 0.000004 9.109295 -0.518020 2.259899 0.287416 3.189500 -8.363680 -0.000004 0.001662 -0.016208 0.000005 -0.001022 0.010024 0.000000 0.000000 0.000000 9.533402 0.000010 -0.000000 0.124656 3.201690 -8.197509 0.000005 -0.000006 0.000006 0.000001 0.000005 -0.000002 0.000000 -0.000000 0.000001 9.104498 -0.043001 -1.865101 0.108202 3.079164 -6.987591 0.000005 -0.000012 0.000002 0.000002 -0.000000 0.000004 -0.000001 0.000000 0.000001 8.077798 -0.486890 -3.806301 0.089442 2.906232 -5.290077 0.000003 -0.000002 -0.000010 0.000000 -0.000005 0.000025 0.000000 -0.000001 -0.000000 -8.207796 -6.751703 -1.599540 -48.154476 -3.591112 -48.319695 6.871318 -10.004109 -4.964634 -7.268881 -17.939577 11.176369 3.859004 -0.000003 -0.000003 0.000001 0.000000 -0.000002 8.207800 -6.751705 -1.599550 -62.482092 3.501898 57.011859 22.281131 -3.620238 2.954213 29.401833 0.053813 -0.809343 0.145027 -0.000014 -0.000029 -0.000001 -0.000001 0.000000 
0.176823 35.262039 -3.294281 -115.206672 5.478802 3.147014 0.000000 10.181547 0.131523 53.790912 -8.033161 -1.595025 14.452294 -2.540451 2.904999 14.513778 -1.532698 3.001468 0.000000 16.740374 -2.049019 8.082123 0.157414 1.364754 0.000000 9.617843 1.684967 28.114155 3.120509 6.425601 0.000001 22.037384 7.501075 -0.000000 0.000000 0.000000 -4.570001 11.014858 -2.160839 0.566137 -0.020113 -1.614849 30.312103 -9.214755 94.146235 -0.000003 41.605933 0.000011 40.690323 -35.450512 -75.217376 -2.464808 -1.573992 2.681913 -11.630453 11.625162 -20.750857 6.358357 -14.447667 -2.112241 -5.504768 -5.510924 -14.718511 0.000002 -0.000004 0.000003 -9.108294 -0.517870 2.259800 0.083329 -2.854491 7.046420 0.000011 -0.007202 0.088408 0.000001 0.004412 -0.054199 0.000001 0.000002 0.000001 -9.532492 0.000012 -0.000001 0.082086 -2.844314 6.920395 0.000004 -0.008861 0.108735 0.000008 0.005344 -0.065526 0.000000 0.000001 0.000000 -9.103596 -0.043089 -1.865102 0.079705 -2.824400 6.674078 0.000006 -0.006796 0.083420 -0.000001 0.003655 -0.044840 -0.000000 0.000000 0.000000 -8.076706 -0.486721 -3.806301 0.060636 -2.632567 4.306780 0.000009 -0.010634 0.130552 0.000002 0.006031 -0.074011 -0.000000 0.000001 -0.000000 4.570399 11.014660 -2.160813 5.816769 -2.815286 -0.615037 36.106330 6.688025 -105.633452 -0.000005 -34.433183 0.000013 19.018418 20.661724 91.424869 2.466090 -1.576211 2.681698 -12.388627 -9.936137 20.816846 5.987296 12.645730 1.346538 -7.335785 -0.421671 13.147353 0.000003 0.000007 0.000004 9.109295 -0.518020 2.259899 0.287416 3.189500 -8.363680 -0.000004 0.001662 -0.016208 0.000005 -0.001022 0.010024 0.000000 0.000000 0.000000 9.533402 0.000010 -0.000000 0.124656 3.201690 -8.197509 0.000005 -0.000006 0.000006 0.000001 0.000005 -0.000002 0.000000 -0.000000 0.000001 9.104498 -0.043001 -1.865101 0.108202 3.079164 -6.987591 0.000005 -0.000012 0.000002 0.000002 -0.000000 0.000004 -0.000001 0.000000 0.000001 8.077798 -0.486890 -3.806301 0.089442 2.906232 -5.290077 0.000003 -0.000002 -0.000010 0.000000 -0.000005 0.000025 0.000000 -0.000001 -0.000000 -8.207796 -6.751703 -1.599540 -48.154476 -3.591112 -48.319695 6.871318 -10.004109 -4.964634 -7.268881 -17.939577 11.176369 3.859004 -0.000003 -0.000003 0.000001 0.000000 -0.000002 8.207800 -6.751705 -1.599550 -62.482092 3.501898 57.011859 22.281131 -3.620238 2.954213 29.401833 0.053813 -0.809343 0.145027 -0.000014 -0.000029 -0.000001 -0.000001 0.000000 
0.176823 35.262039 -3.294281 -115.206672 5.478802 3.147014 0.000000 10.181547 0.131523 53.790912 -8.033161 -1.595025 14.452294 -2.540451 2.904999 14.513778 -1.532698 3.001468 0.000000 16.740374 -2.049019 8.082123 0.157414 1.364754 0.000000 9.617843 1.684967 28.114155 3.120509 6.425601 0.000001 22.037384 7.501075 -0.000000 0.000000 0.000000 -4.570001 11.014858 -2.160839 0.566137 -0.020113 -1.614849 30.312103 -9.214755 94.146235 -0.000003 41.605933 0.000011 40.690323 -35.450512 -75.217376 -2.464808 -1.573992 2.681913 -11.630453 11.625162 -20.750857 6.358357 -14.447667 -2.112241 -5.504768 -5.510924 -14.718511 0.000002 -0.000004 0.000003 -9.108294 -0.517870 2.259800 0.083329 -2.854491 7.046420 0.000011 -0.007202 0.088408 0.000001 0.004412 -0.054199 0.000001 0.000002 0.000001 -9.532492 0.000012 -0.000001 0.082086 -2.844314 6.920395 0.000004 -0.008861 0.108735 0.000008 0.005344 -0.065526 0.000000 0.000001 0.000000 -9.103596 -0.043089 -1.865102 0.079705 -2.824400 6.674078 0.000006 -0.006796 0.083420 -0.000001 0.003655 -0.044840 -0.000000 0.000000 0.000000 -8.076706 -0.486721 -3.806301 0.060636 -2.632567 4.306780 0.000009 -0.010634 0.130552 0.000002 0.006031 -0.074011 -0.000000 0.000001 -0.000000 4.570399 11.014660 -2.160813 5.816769 -2.815286 -0.615037 36.106330 6.688025 -105.633452 -0.000005 -34.433183 0.000013 19.018418 20.661724 91.424869 2.466090 -1.576211 2.681698 -12.388627 -9.936137 20.816846 5.987296 12.645730 1.346538 -7.335785 -0.421671 13.147353 0.000003 0.000007 0.000004 9.109295 -0.518020 2.259899 0.287416 3.189500 -8.363680 -0.000004 0.001662 -0.016208 0.000005 -0.001022 0.010024 0.000000 0.000000 0.000000 9.533402 0.000010 -0.000000 0.124656 3.201690 -8.197509 0.000005 -0.000006 0.000006 0.000001 0.000005 -0.000002 0.000000 -0.000000 0.000001 9.104498 -0.043001 -1.865101 0.108202 3.079164 -6.987591 0.000005 -0.000012 0.000002 0.000002 -0.000000 0.000004 -0.000001 0.000000 0.000001 8.077798 -0.486890 -3.806301 0.089442 2.906232 -5.290077 0.000003 -0.000002 -0.000010 0.000000 -0.000005 0.000025 0.000000 -0.000001 -0.000000 -8.207796 -6.751703 -1.599540 -48.154476 -3.591112 -48.319695 6.871318 -10.004109 -4.964634 -7.268881 -17.939577 11.176369 3.859004 -0.000003 -0.000003 0.000001 0.000000 -0.000002 8.207800 -6.751705 -1.599550 -62.482092 3.501898 57.011859 22.281131 -3.620238 2.954213 29.401833 0.053813 -0.809343 0.145027 -0.000014 -0.000029 -0.000001 -0.000001 0.000000 
0.176823 35.262039 -3.294281 -115.206672 5.478802 3.147014 0.000000 10.181547 0.131523 53.790912 -8.033161 -1.595025 14.452294 -2.540451 2.904999 14.513778 -1.532698 3.001468 0.000000 16.740374 -2.049019 8.082123 0.157414 1.364754 0.000000 9.617843 1.684967 28.114155 3.120509 6.425601 0.000001 22.037384 7.501075 -0.000000 0.000000 0.000000 -4.570001 11.014858 -2.160839 0.566137 -0.020113 -1.614849 30.312103 -9.214755 94.146235 -0.000003 41.605933 0.000011 40.690323 -35.450512 -75.217376 -2.464808 -1.573992 2.681913 -11.630453 11.625162 -20.750857 6.358357 -14.447667 -2.112241 -5.504768 -5.510924 -14.718511 0.000002 -0.000004 0.000003 -9.108294 -0.517870 2.259800 0.083329 -2.854491 7.046420 0.000011 -0.007202 0.088408 0.000001 0.004412 -0.054199 0.000001 0.000002 0.000001 -9.532492 0.000012 -0.000001 0.082086 -2.844314 6.920395 0.000004 -0.008861 0.108735 0.000008 0.005344 -0.065526 0.000000 0.000001 0.000000 -9.103596 -0.043089 -1.865102 0.079705 -2.824400 6.674078 0.000006 -0.006796 0.083420 -0.000001 0.003655 -0.044840 -0.000000 0.000000 0.000000 -8.076706 -0.486721 -3.806301 0.060636 -2.632567 4.306780 0.000009 -0.010634 0.130552 0.000002 0.006031 -0.074011 -0.000000 0.000001 -0.000000 4.570399 11.014660 -2.160813 5.816769 -2.815286 -0.615037 36.106330 6.688025 -105.633452 -0.000005 -34.433183 0.000013 19.018418 20.661724 91.424869 2.466090 -1.576211 2.681698 -12.388627 -9.936137 20.816846 5.987296 12.645730 1.346538 -7.335785 -0.421671 13.147353 0.000003 0.000007 0.000004 9.109295 -0.518020 2.259899 0.287416 3.189500 -8.363680 -0.000004 0.001662 -0.016208 0.000005 -0.001022 0.010024 0.000000 0.000000 0.000000 9.533402 0.000010 -0.000000 0.124656 3.201690 -8.197509 0.000005 -0.000006 0.000006 0.000001 0.000005 -0.000002 0.000000 -0.000000 0.000001 9.104498 -0.043001 -1.865101 0.108202 3.079164 -6.987591 0.000005 -0.000012 0.000002 0.000002 -0.000000 0.000004 -0.000001 0.000000 0.000001 8.077798 -0.486890 -3.806301 0.089442 2.906232 -5.290077 0.000003 -0.000002 -0.000010 0.000000 -0.000005 0.000025 0.000000 -0.000001 -0.000000 -8.207796 -6.751703 -1.599540 -48.154476 -3.591112 -48.319695 6.871318 -10.004109 -4.964634 -7.268881 -17.939577 11.176369 3.859004 -0.000003 -0.000003 0.000001 0.000000 -0.000002 8.207800 -6.751705 -1.599550 -62.482092 3.501898 57.011859 22.281131 -3.620238 2.954213 29.401833 0.053813 -0.809343 0.145027 -0.000014 -0.000029 -0.000001 -0.000001 0.000000 
0.176823 35.262039 -3.294281 -115.206672 5.478802 3.147014 0.000000 10.181547 0.131523 53.790912 -8.033161 -1.595025 14.452294 -2.540451 2.904999 14.513778 -1.532698 3.001468 0.000000 16.740374 -2.049019 8.082123 0.157414 1.364754 0.000000 9.617843 1.684967 28.114155 3.120509 6.425601 0.000001 22.037384 7.501075 -0.000000 0.000000 0.000000 -4.570001 11.014858 -2.160839 0.566137 -0.020113 -1.614849 30.312103 -9.214755 94.146235 -0.000003 41.605933 0.000011 40.690323 -35.450512 -75.217376 -2.464808 -1.573992 2.681913 -11.630453 11.625162 -20.750857 6.358357 -14.447667 -2.112241 -5.504768 -5.510924 -14.718511 0.000002 -0.000004 0.000003 -9.108294 -0.517870 2.259800 0.083329 -2.854491 7.046420 0.000011 -0.007202 0.088408 0.000001 0.004412 -0.054199 0.000001 0.000002 0.000001 -9.532492 0.000012 -0.000001 0.082086 -2.844314 6.920395 0.000004 -0.008861 0.108735 0.000008 0.005344 -0.065526 0.000000 0.000001 0.000000 -9.103596 -0.043089 -1.865102 0.079705 -2.824400 6.674078 0.000006 -0.006796 0.083420 -0.000001 0.003655 -0.044840 -0.000000 0.000000 0.000000 -8.076706 -0.486721 -3.806301 0.060636 -2.632567 4.306780 0.000009 -0.010634 0.130552 0.000002 0.006031 -0.074011 -0.000000 0.000001 -0.000000 4.570399 11.014660 -2.160813 5.816769 -2.815286 -0.615037 36.106330 6.688025 -105.633452 -0.000005 -34.433183 0.000013 19.018418 20.661724 91.424869 2.466090 -1.576211 2.681698 -12.388627 -9.936137 20.816846 5.987296 12.645730 1.346538 -7.335785 -0.421671 13.147353 0.000003 0.000007 0.000004 9.109295 -0.518020 2.259899 0.287416 3.189500 -8.363680 -0.000004 0.001662 -0.016208 0.000005 -0.001022 0.010024 0.000000 0.000000 0.000000 9.533402 0.000010 -0.000000 0.124656 3.201690 -8.197509 0.000005 -0.000006 0.000006 0.000001 0.000005 -0.000002 0.000000 -0.000000 0.000001 9.104498 -0.043001 -1.865101 0.108202 3.079164 -6.987591 0.000005 -0.000012 0.000002 0.000002 -0.000000 0.000004 -0.000001 0.000000 0.000001 8.077798 -0.486890 -3.806301 0.089442 2.906232 -5.290077 0.000003 -0.000002 -0.000010 0.000000 -0.000005 0.000025 0.000000 -0.000001 -0.000000 -8.207796 -6.751703 -1.599540 -48.154476 -3.591112 -48.319695 6.871318 -10.004109 -4.964634 -7.268881 -17.939577 11.176369 3.859004 -0.000003 -0.000003 0.000001 0.000000 -0.000002 8.207800 -6.751705 -1.599550 -62.482092 3.501898 57.011859 22.281131 -3.620238 2.954213 29.401833 0.053813 -0.809343 0.145027 -0.000014 -0.000029 -0.000001 -0.000001 0.000000 
0.176823 35.262039 -3.294281 -115.206672 5.478802 3.147014 0.000000 10.181547 0.131523 53.790912 -8.033161 -1.595025 14.452294 -2.540451 2.904999 14.513778 -1.532698 3.001468 0.000000 16.740374 -2.049019 8.082123 0.157414 1.364754 0.000000 9.617843 1.684967 28.114155 3.120509 6.425601 0.000001 22.037384 7.501075 -0.000000 0.000000 0.000000 -4.570001 11.014858 -2.160839 0.566137 -0.020113 -1.614849 30.312103 -9.214755 94.146235 -0.000003 41.605933 0.000011 40.690323 -35.450512 -75.217376 -2.464808 -1.573992 2.681913 -11.630453 11.625162 -20.750857 6.358357 -14.447667 -2.112241 -5.504768 -5.510924 -14.718511 0.000002 -0.000004 0.000003 -9.108294 -0.517870 2.259800 0.083329 -2.854491 7.046420 0.000011 -0.007202 0.088408 0.000001 0.004412 -0.054199 0.000001 0.000002 0.000001 -9.532492 0.000012 -0.000001 0.082086 -2.844314 6.920395 0.000004 -0.008861 0.108735 0.000008 0.005344 -0.065526 0.000000 0.000001 0.000000 -9.103596 -0.043089 -1.865102 0.079705 -2.824400 6.674078 0.000006 -0.006796 0.083420 -0.000001 0.003655 -0.044840 -0.000000 0.000000 0.000000 -8.076706 -0.486721 -3.806301 0.060636 -2.632567 4.306780 0.000009 -0.010634 0.130552 0.000002 0.006031 -0.074011 -0.000000 0.000001 -0.000000 4.570399 11.014660 -2.160813 5.816769 -2.815286 -0.615037 36.106330 6.688025 -105.633452 -0.000005 -34.433183 0.000013 19.018418 20.661724 91.424869 2.466090 -1.576211 2.681698 -12.388627 -9.936137 20.816846 5.987296 12.645730 1.346538 -7.335785 -0.421671 13.147353 0.000003 0.000007 0.000004 9.109295 -0.518020 2.259899 0.287416 3.189500 -8.363680 -0.000004 0.001662 -0.016208 0.000005 -0.001022 0.010024 0.000000 0.000000 0.000000 9.533402 0.000010 -0.000000 0.124656 3.201690 -8.197509 0.000005 -0.000006 0.000006 0.000001 0.000005 -0.000002 0.000000 -0.000000 0.000001 9.104498 -0.043001 -1.865101 0.108202 3.079164 -6.987591 0.000005 -0.000012 0.000002 0.000002 -0.000000 0.000004 -0.000001 0.000000 0.000001 8.077798 -0.486890 -3.806301 0.089442 2.906232 -5.290077 0.000003 -0.000002 -0.000010 0.000000 -0.000005 0.000025 0.000000 -0.000001 -0.000000 -8.207796 -6.751703 -1.599540 -48.154476 -3.591112 -48.319695 6.871318 -10.004109 -4.964634 -7.268881 -17.939577 11.176369 3.859004 -0.000003 -0.000003 0.000001 0.000000 -0.000002 8.207800 -6.751705 -1.599550 -62.482092 3.501898 57.011859 22.281131 -3.620238 2.954213 29.401833 0.053813 -0.809343 0.145027 -0.000014 -0.000029 -0.000001 -0.000001 0.000000 
0.176823 35.262039 -3.294281 -115.206672 5.478802 3.147014 0.000000 10.181547 0.131523 53.790912 -8.033161 -1.595025 14.452294 -2.540451 2.904999 14.513778 -1.532698 3.001468 0.000000 16.740374 -2.049019 8.082123 0.157414 1.364754 0.000000 9.617843 1.684967 28.114155 3.120509 6.425601 0.000001 22.037384 7.501075 -0.000000 0.000000 0.000000 -4.570001 11.014858 -2.160839 0.566137 -0.020113 -1.614849 30.312103 -9.214755 94.146235 -0.000003 41.605933 0.000011 40.690323 -35.450512 -75.217376 -2.464808 -1.573992 2.681913 -11.630453 11.625162 -20.750857 6.358357 -14.447667 -2.112241 -5.504768 -5.510924 -14.718511 0.000002 -0.000004 0.000003 -9.108294 -0.517870 2.259800 0.083329 -2.854491 7.046420 0.000011 -0.007202 0.088408 0.000001 0.004412 -0.054199 0.000001 0.000002 0.000001 -9.532492 0.000012 -0.000001 0.082086 -2.844314 6.920395 0.000004 -0.008861 0.108735 0.000008 0.005344 -0.065526 0.000000 0.000001 0.000000 -9.103596 -0.043089 -1.865102 0.079705 -2.824400 6.674078 0.000006 -0.006796 0.083420 -0.000001 0.003655 -0.044840 -0.000000 0.000000 0.000000 -8.076706 -0.486721 -3.806301 0.060636 -2.632567 4.306780 0.000009 -0.010634 0.130552 0.000002 0.006031 -0.074011 -0.000000 0.000001 -0.000000 4.570399 11.014660 -2.160813 5.816769 -2.815286 -0.615037 36.106330 6.688025 -105.633452 -0.000005 -34.433183 0.000013 19.018418 20.661724 91.424869 2.466090 -1.576211 2.681698 -12.388627 -9.936137 20.816846 5.987296 12.645730 1.346538 -7.335785 -0.421671 13.147353 0.000003 0.000007 0.000004 9.109295 -0.518020 2.259899 0.287416 3.189500 -8.363680 -0.000004 0.001662 -0.016208 0.000005 -0.001022 0.010024 0.000000 0.000000 0.000000 9.533402 0.000010 -0.000000 0.124656 3.201690 -8.197509 0.000005 -0.000006 0.000006 0.000001 0.000005 -0.000002 0.000000 -0.000000 0.000001 9.104498 -0.043001 -1.865101 0.108202 3.079164 -6.987591 0.000005 -0.000012 0.000002 0.000002 -0.000000 0.000004 -0.000001 0.000000 0.000001 8.077798 -0.486890 -3.806301 0.089442 2.906232 -5.290077 0.000003 -0.000002 -0.000010 0.000000 -0.000005 0.000025 0.000000 -0.000001 -0.000000 -8.207796 -6.751703 -1.599540 -48.154476 -3.591112 -48.319695 6.871318 -10.004109 -4.964634 -7.268881 -17.939577 11.176369 3.859004 -0.000003 -0.000003 0.000001 0.000000 -0.000002 8.207800 -6.751705 -1.599550 -62.482092 3.501898 57.011859 22.281131 -3.620238 2.954213 29.401833 0.053813 -0.809343 0.145027 -0.000014 -0.000029 -0.000001 -0.000001 0.000000 
0.176823 35.262039 -3.294281 -115.206672 5.478802 3.147014 0.000000 10.181547 0.131523 53.790912 -8.033161 -1.595025 14.452294 -2.540451 2.904999 14.513778 -1.532698 3.001468 0.000000 16.740374 -2.049019 8.082123 0.157414 1.364754 0.000000 9.617843 1.684967 28.114155 3.120509 6.425601 0.000001 22.037384 7.501075 -0.000000 0.000000 0.000000 -4.570001 11.014858 -2.160839 0.566137 -0.020113 -1.614849 30.312103 -9.214755 94.146235 -0.000003 41.605933 0.000011 40.690323 -35.450512 -75.217376 -2.464808 -1.573992 2.681913 -11.630453 11.625162 -20.750857 6.358357 -14.447667 -2.112241 -5.504768 -5.510924 -14.718511 0.000002 -0.000004 0.000003 -9.108294 -0.517870 2.259800 0.083329 -2.854491 7.046420 0.000011 -0.007202 0.088408 0.000001 0.004412 -0.054199 0.000001 0.000002 0.000001 -9.532492 0.000012 -0.000001 0.082086 -2.844314 6.920395 0.000004 -0.008861 0.108735 0.000008 0.005344 -0.065526 0.000000 0.000001 0.000000 -9.103596 -0.043089 -1.865102 0.079705 -2.824400 6.674078 0.000006 -0.006796 0.083420 -0.000001 0.003655 -0.044840 -0.000000 0.000000 0.000000 -8.076706 -0.486721 -3.806301 0.060636 -2.632567 4.306780 0.000009 -0.010634 0.130552 0.000002 0.006031 -0.074011 -0.000000 0.000001 -0.000000 4.570399 11.014660 -2.160813 5.816769 -2.815286 -0.615037 36.106330 6.688025 -105.633452 -0.000005 -34.433183 0.000013 19.018418 20.661724 91.424869 2.466090 -1.576211 2.681698 -12.388627 -9.936137 20.816846 5.987296 12.645730 1.346538 -7.335785 -0.421671 13.147353 0.000003 0.000007 0.000004 9.109295 -0.518020 2.259899 0.287416 3.189500 -8.363680 -0.000004 0.001662 -0.016208 0.000005 -0.001022 0.010024 0.000000 0.000000 0.000000 9.533402 0.000010 -0.000000 0.124656 3.201690 -8.197509 0.000005 -0.000006 0.000006 0.000001 0.000005 -0.000002 0.000000 -0.000000 0.000001 9.104498 -0.043001 -1.865101 0.108202 3.079164 -6.987591 0.000005 -0.000012 0.000002 0.000002 -0.000000 0.000004 -0.000001 0.000000 0.000001 8.077798 -0.486890 -3.806301 0.089442 2.906232 -5.290077 0.000003 -0.000002 -0.000010 0.000000 -0.000005 0.000025 0.000000 -0.000001 -0.000000 -8.207796 -6.751703 -1.599540 -48.154476 -3.591112 -48.319695 6.871318 -10.004109 -4.964634 -7.268881 -17.939577 11.176369 3.859004 -0.000003 -0.000003 0.000001 0.000000 -0.000002 8.207800 -6.751705 -1.599550 -62.482092 3.501898 57.011859 22.281131 -3.620238 2.954213 29.401833 0.053813 -0.809343 0.145027 -0.000014 -0.000029 -0.000001 -0.000001 0.000000 
0.176823 35.262039 -3.294281 -115.206672 5.478802 3.147014 0.000000 10.181547 0.131523 53.790912 -8.033161 -1.595025 14.452294 -2.540451 2.904999 14.513778 -1.532698 3.001468 0.000000 16.740374 -2.049019 8.082123 0.157414 1.364754 0.000000 9.617843 1.684967 28.114155 3.120509 6.425601 0.000001 22.037384 7.501075 -0.000000 0.000000 0.000000 -4.570001 11.014858 -2.160839 0.566137 -0.020113 -1.614849 30.312103 -9.214755 94.146235 -0.000003 41.605933 0.000011 40.690323 -35.450512 -75.217376 -2.464808 -1.573992 2.681913 -11.630453 11.625162 -20.750857 6.358357 -14.447667 -2.112241 -5.504768 -5.510924 -14.718511 0.000002 -0.000004 0.000003 -9.108294 -0.517870 2.259800 0.083329 -2.854491 7.046420 0.000011 -0.007202 0.088408 0.000001 0.004412 -0.054199 0.000001 0.000002 0.000001 -9.532492 0.000012 -0.000001 0.082086 -2.844314 6.920395 0.000004 -0.008861 0.108735 0.000008 0.005344 -0.065526 0.000000 0.000001 0.000000 -9.103596 -0.043089 -1.865102 0.079705 -2.824400 6.674078 0.000006 -0.006796 0.083420 -0.000001 0.003655 -0.044840 -0.000000 0.000000 0.000000 -8.076706 -0.486721 -3.806301 0.060636 -2.632567 4.306780 0.000009 -0.010634 0.130552 0.000002 0.006031 -0.074011 -0.000000 0.000001 -0.000000 4.570399 11.014660 -2.160813 5.816769 -2.815286 -0.615037 36.106330 6.688025 -105.633452 -0.000005 -34.433183 0.000013 19.018418 20.661724 91.424869 2.466090 -1.576211 2.681698 -12.388627 -9.936137 20.816846 5.987296 12.645730 1.346538 -7.335785 -0.421671 13.147353 0.000003 0.000007 0.000004 9.109295 -0.518020 2.259899 0.287416 3.189500 -8.363680 -0.000004 0.001662 -0.016208 0.000005 -0.001022 0.010024 0.000000 0.000000 0.000000 9.533402 0.000010 -0.000000 0.124656 3.201690 -8.197509 0.000005 -0.000006 0.000006 0.000001 0.000005 -0.000002 0.000000 -0.000000 0.000001 9.104498 -0.043001 -1.865101 0.108202 3.079164 -6.987591 0.000005 -0.000012 0.000002 0.000002 -0.000000 0.000004 -0.000001 0.000000 0.000001 8.077798 -0.486890 -3.806301 0.089442 2.906232 -5.290077 0.000003 -0.000002 -0.000010 0.000000 -0.000005 0.000025 0.000000 -0.000001 -0.000000 -8.207796 -6.751703 -1.599540 -48.154476 -3.591112 -48.319695 6.871318 -10.004109 -4.964634 -7.268881 -17.939577 11.176369 3.859004 -0.000003 -0.000003 0.000001 0.000000 -0.000002 8.207800 -6.751705 -1.599550 -62.482092 3.501898 57.011859 22.281131 -3.620238 2.954213 29.401833 0.053813 -0.809343 0.145027 -0.000014 -0.000029 -0.000001 -0.000001 0.000000 
0.176823 35.262039 -3.294281 -115.206672 5.478802 3.147014 0.000000 10.181547 0.131523 53.790912 -8.033161 -1.595025 14.452294 -2.540451 2.904999 14.513778 -1.532698 3.001468 0.000000 16.740374 -2.049019 8.082123 0.157414 1.364754 0.000000 9.617843 1.684967 28.114155 3.120509 6.425601 0.000001 22.037384 7.501075 -0.000000 0.000000 0.000000 -4.570001 11.014858 -2.160839 0.566137 -0.020113 -1.614849 30.312103 -9.214755 94.146235 -0.000003 41.605933 0.000011 40.690323 -35.450512 -75.217376 -2.464808 -1.573992 2.681913 -11.630453 11.625162 -20.750857 6.358357 -14.447667 -2.112241 -5.504768 -5.510924 -14.718511 0.000002 -0.000004 0.000003 -9.108294 -0.517870 2.259800 0.083329 -2.854491 7.046420 0.000011 -0.007202 0.088408 0.000001 0.004412 -0.054199 0.000001 0.000002 0.000001 -9.532492 0.000012 -0.000001 0.082086 -2.844314 6.920395 0.000004 -0.008861 0.108735 0.000008 0.005344 -0.065526 0.000000 0.000001 0.000000 -9.103596 -0.043089 -1.865102 0.079705 -2.824400 6.674078 0.000006 -0.006796 0.083420 -0.000001 0.003655 -0.044840 -0.000000 0.000000 0.000000 -8.076706 -0.486721 -3.806301 0.060636 -2.632567 4.306780 0.000009 -0.010634 0.130552 0.000002 0.006031 -0.074011 -0.000000 0.000001 -0.000000 4.570399 11.014660 -2.160813 5.816769 -2.815286 -0.615037 36.106330 6.688025 -105.633452 -0.000005 -34.433183 0.000013 19.018418 20.661724 91.424869 2.466090 -1.576211 2.681698 -12.388627 -9.936137 20.816846 5.987296 12.645730 1.346538 -7.335785 -0.421671 13.147353 0.000003 0.000007 0.000004 9.109295 -0.518020 2.259899 0.287416 3.189500 -8.363680 -0.000004 0.001662 -0.016208 0.000005 -0.001022 0.010024 0.000000 0.000000 0.000000 9.533402 0.000010 -0.000000 0.124656 3.201690 -8.197509 0.000005 -0.000006 0.000006 0.000001 0.000005 -0.000002 0.000000 -0.000000 0.000001 9.104498 -0.043001 -1.865101 0.108202 3.079164 -6.987591 0.000005 -0.000012 0.000002 0.000002 -0.000000 0.000004 -0.000001 0.000000 0.000001 8.077798 -0.486890 -3.806301 0.089442 2.906232 -5.290077 0.000003 -0.000002 -0.000010 0.000000 -0.000005 0.000025 0.000000 -0.000001 -0.000000 -8.207796 -6.751703 -1.599540 -48.154476 -3.591112 -48.319695 6.871318 -10.004109 -4.964634 -7.268881 -17.939577 11.176369 3.859004 -0.000003 -0.000003 0.000001 0.000000 -0.000002 8.207800 -6.751705 -1.599550 -62.482092 3.501898 57.011859 22.281131 -3.620238 2.954213 29.401833 0.053813 -0.809343 0.145027 -0.000014 -0.000029 -0.000001 -0.000001 0.000000 
0.176823 35.262039 -3.294281 -115.206672 5.478802 3.147014 0.000000 10.181547 0.131523 53.790912 -8.033161 -1.595025 14.452294 -2.540451 2.904999 14.513778 -1.532698 3.001468 0.000000 16.740374 -2.049019 8.082123 0.157414 1.364754 0.000000 9.617843 1.684967 28.114155 3.120509 6.425601 0.000001 22.037384 7.501075 -0.000000 0.000000 0.000000 -4.570001 11.014858 -2.160839 0.566137 -0.020113 -1.614849 30.312103 -9.214755 94.146235 -0.000003 41.605933 0.000011 40.690323 -35.450512 -75.217376 -2.464808 -1.573992 2.681913 -11.630453 11.625162 -20.750857 6.358357 -14.447667 -2.112241 -5.504768 -5.510924 -14.718511 0.000002 -0.000004 0.000003 -9.108294 -0.517870 2.259800 0.083329 -2.854491 7.046420 0.000011 -0.007202 0.088408 0.000001 0.004412 -0.054199 0.000001 0.000002 0.000001 -9.532492 0.000012 -0.000001 0.082086 -2.844314 6.920395 0.000004 -0.008861 0.108735 0.000008 0.005344 -0.065526 0.000000 0.000001 0.000000 -9.103596 -0.043089 -1.865102 0.079705 -2.824400 6.674078 0.000006 -0.006796 0.083420 -0.000001 0.003655 -0.044840 -0.000000 0.000000 0.000000 -8.076706 -0.486721 -3.806301 0.060636 -2.632567 4.306780 0.000009 -0.010634 0.130552 0.000002 0.006031 -0.074011 -0.000000 0.000001 -0.000000 4.570399 11.014660 -2.160813 5.816769 -2.815286 -0.615037 36.106330 6.688025 -105.633452 -0.000005 -34.433183 0.000013 19.018418 20.661724 91.424869 2.466090 -1.576211 2.681698 -12.388627 -9.936137 20.816846 5.987296 12.645730 1.346538 -7.335785 -0.421671 13.147353 0.000003 0.000007 0.000004 9.109295 -0.518020 2.259899 0.287416 3.189500 -8.363680 -0.000004 0.001662 -0.016208 0.000005 -0.001022 0.010024 0.000000 0.000000 0.000000 9.533402 0.000010 -0.000000 0.124656 3.201690 -8.197509 0.000005 -0.000006 0.000006 0.000001 0.000005 -0.000002 0.000000 -0.000000 0.000001 9.104498 -0.043001 -1.865101 0.108202 3.079164 -6.987591 0.000005 -0.000012 0.000002 0.000002 -0.000000 0.000004 -0.000001 0.000000 0.000001 8.077798 -0.486890 -3.806301 0.089442 2.906232 -5.290077 0.000003 -0.000002 -0.000010 0.000000 -0.000005 0.000025 0.000000 -0.000001 -0.000000 -8.207796 -6.751703 -1.599540 -48.154476 -3.591112 -48.319695 6.871318 -10.004109 -4.964634 -7.268881 -17.939577 11.176369 3.859004 -0.000003 -0.000003 0.000001 0.000000 -0.000002 8.207800 -6.751705 -1.599550 -62.482092 3.501898 57.011859 22.281131 -3.620238 2.954213 29.401833 0.053813 -0.809343 0.145027 -0.000014 -0.000029 -0.000001 -0.000001 0.000000 
0.176823 35.262039 -3.294281 -115.206672 5.478802 3.147014 0.000000 10.181547 0.131523 53.790912 -8.033161 -1.595025 14.452294 -2.540451 2.904999 14.513778 -1.532698 3.001468 0.000000 16.740374 -2.049019 8.082123 0.157414 1.364754 0.000000 9.617843 1.684967 28.114155 3.120509 6.425601 0.000001 22.037384 7.501075 -0.000000 0.000000 0.000000 -4.570001 11.014858 -2.160839 0.566137 -0.020113 -1.614849 30.312103 -9.214755 94.146235 -0.000003 41.605933 0.000011 40.690323 -35.450512 -75.217376 -2.464808 -1.573992 2.681913 -11.630453 11.625162 -20.750857 6.358357 -14.447667 -2.112241 -5.504768 -5.510924 -14.718511 0.000002 -0.000004 0.000003 -9.108294 -0.517870 2.259800 0.083329 -2.854491 7.046420 0.000011 -0.007202 0.088408 0.000001 0.004412 -0.054199 0.000001 0.000002 0.000001 -9.532492 0.000012 -0.000001 0.082086 -2.844314 6.920395 0.000004 -0.008861 0.108735 0.000008 0.005344 -0.065526 0.000000 0.000001 0.000000 -9.103596 -0.043089 -1.865102 0.079705 -2.824400 6.674078 0.000006 -0.006796 0.083420 -0.000001 0.003655 -0.044840 -0.000000 0.000000 0.000000 -8.076706 -0.486721 -3.806301 0.060636 -2.632567 4.306780 0.000009 -0.010634 0.130552 0.000002 0.006031 -0.074011 -0.000000 0.000001 -0.000000 4.570399 11.014660 -2.160813 5.816769 -2.815286 -0.615037 36.106330 6.688025 -105.633452 -0.000005 -34.433183 0.000013 19.018418 20.661724 91.424869 2.466090 -1.576211 2.681698 -12.388627 -9.936137 20.816846 5.987296 12.645730 1.346538 -7.335785 -0.421671 13.147353 0.000003 0.000007 0.000004 9.109295 -0.518020 2.259899 0.287416 3.189500 -8.363680 -0.000004 0.001662 -0.016208 0.000005 -0.001022 0.010024 0.000000 0.000000 0.000000 9.533402 0.000010 -0.000000 0.124656 3.201690 -8.197509 0.000005 -0.000006 0.000006 0.000001 0.000005 -0.000002 0.000000 -0.000000 0.000001 9.104498 -0.043001 -1.865101 0.108202 3.079164 -6.987591 0.000005 -0.000012 0.000002 0.000002 -0.000000 0.000004 -0.000001 0.000000 0.000001 8.077798 -0.486890 -3.806301 0.089442 2.906232 -5.290077 0.000003 -0.000002 -0.000010 0.000000 -0.000005 0.000025 0.000000 -0.000001 -0.000000 -8.207796 -6.751703 -1.599540 -48.154476 -3.591112 -48.319695 6.871318 -10.004109 -4.964634 -7.268881 -17.939577 11.176369 3.859004 -0.000003 -0.000003 0.000001 0.000000 -0.000002 8.207800 -6.751705 -1.599550 -62.482092 3.501898 57.011859 22.281131 -3.620238 2.954213 29.401833 0.053813 -0.809343 0.145027 -0.000014 -0.000029 -0.000001 -0.000001 0.000000 
0.176823 35.262039 -3.294281 -115.206672 5.478802 3.147014 0.000000 10.181547 0.131523 53.790912 -8.033161 -1.595025 14.452294 -2.540451 2.904999 14.513778 -1.532698 3.001468 0.000000 16.740374 -2.049019 8.082123 0.157414 1.364754 0.000000 9.617843 1.684967 28.114155 3.120509 6.425601 0.000001 22.037384 7.501075 -0.000000 0.000000 0.000000 -4.570001 11.014858 -2.160839 0.566137 -0.020113 -1.614849 30.312103 -9.214755 94.146235 -0.000003 41.605933 0.000011 40.690323 -35.450512 -75.217376 -2.464808 -1.573992 2.681913 -11.630453 11.625162 -20.750857 6.358357 -14.447667 -2.112241 -5.504768 -5.510924 -14.718511 0.000002 -0.000004 0.000003 -9.108294 -0.517870 2.259800 0.083329 -2.854491 7.046420 0.000011 -0.007202 0.088408 0.000001 0.004412 -0.054199 0.000001 0.000002 0.000001 -9.532492 0.000012 -0.000001 0.082086 -2.844314 6.920395 0.000004 -0.008861 0.108735 0.000008 0.005344 -0.065526 0.000000 0.000001 0.000000 -9.103596 -0.043089 -1.865102 0.079705 -2.824400 6.674078 0.000006 -0.006796 0.083420 -0.000001 0.003655 -0.044840 -0.000000 0.000000 0.000000 -8.076706 -0.486721 -3.806301 0.060636 -2.632567 4.306780 0.000009 -0.010634 0.130552 0.000002 0.006031 -0.074011 -0.000000 0.000001 -0.000000 4.570399 11.014660 -2.160813 5.816769 -2.815286 -0.615037 36.106330 6.688025 -105.633452 -0.000005 -34.433183 0.000013 19.018418 20.661724 91.424869 2.466090 -1.576211 2.681698 -12.388627 -9.936137 20.816846 5.987296 12.645730 1.346538 -7.335785 -0.421671 13.147353 0.000003 0.000007 0.000004 9.109295 -0.518020 2.259899 0.287416 3.189500 -8.363680 -0.000004 0.001662 -0.016208 0.000005 -0.001022 0.010024 0.000000 0.000000 0.000000 9.533402 0.000010 -0.000000 0.124656 3.201690 -8.197509 0.000005 -0.000006 0.000006 0.000001 0.000005 -0.000002 0.000000 -0.000000 0.000001 9.104498 -0.043001 -1.865101 0.108202 3.079164 -6.987591 0.000005 -0.000012 0.000002 0.000002 -0.000000 0.000004 -0.000001 0.000000 0.000001 8.077798 -0.486890 -3.806301 0.089442 2.906232 -5.290077 0.000003 -0.000002 -0.000010 0.000000 -0.000005 0.000025 0.000000 -0.000001 -0.000000 -8.207796 -6.751703 -1.599540 -48.154476 -3.591112 -48.319695 6.871318 -10.004109 -4.964634 -7.268881 -17.939577 11.176369 3.859004 -0.000003 -0.000003 0.000001 0.000000 -0.000002 8.207800 -6.751705 -1.599550 -62.482092 3.501898 57.011859 22.281131 -3.620238 2.954213 29.401833 0.053813 -0.809343 0.145027 -0.000014 -0.000029 -0.000001 -0.000001 0.000000 
0.176823 35.262039 -3.294281 -115.206672 5.478802 3.147014 0.000000 10.181547 0.131523 53.790912 -8.033161 -1.595025 14.452294 -2.540451 2.904999 14.513778 -1.532698 3.001468 0.000000 16.740374 -2.049019 8.082123 0.157414 1.364754 0.000000 9.617843 1.684967 28.114155 3.120509 6.425601 0.000001 22.037384 7.501075 -0.000000 0.000000 0.000000 -4.570001 11.014858 -2.160839 0.566137 -0.020113 -1.614849 30.312103 -9.214755 94.146235 -0.000003 41.605933 0.000011 40.690323 -35.450512 -75.217376 -2.464808 -1.573992 2.681913 -11.630453 11.625162 -20.750857 6.358357 -14.447667 -2.112241 -5.504768 -5.510924 -14.718511 0.000002 -0.000004 0.000003 -9.108294 -0.517870 2.259800 0.083329 -2.854491 7.046420 0.000011 -0.007202 0.088408 0.000001 0.004412 -0.054199 0.000001 0.000002 0.000001 -9.532492 0.000012 -0.000001 0.082086 -2.844314 6.920395 0.000004 -0.008861 0.108735 0.000008 0.005344 -0.065526 0.000000 0.000001 0.000000 -9.103596 -0.043089 -1.865102 0.079705 -2.824400 6.674078 0.000006 -0.006796 0.083420 -0.000001 0.003655 -0.044840 -0.000000 0.000000 0.000000 -8.076706 -0.486721 -3.806301 0.060636 -2.632567 4.306780 0.000009 -0.010634 0.130552 0.000002 0.006031 -0.074011 -0.000000 0.000001 -0.000000 4.570399 11.014660 -2.160813 5.816769 -2.815286 -0.615037 36.106330 6.688025 -105.633452 -0.000005 -34.433183 0.000013 19.018418 20.661724 91.424869 2.466090 -1.576211 2.681698 -12.388627 -9.936137 20.816846 5.987296 12.645730 1.346538 -7.335785 -0.421671 13.147353 0.000003 0.000007 0.000004 9.109295 -0.518020 2.259899 0.287416 3.189500 -8.363680 -0.000004 0.001662 -0.016208 0.000005 -0.001022 0.010024 0.000000 0.000000 0.000000 9.533402 0.000010 -0.000000 0.124656 3.201690 -8.197509 0.000005 -0.000006 0.000006 0.000001 0.000005 -0.000002 0.000000 -0.000000 0.000001 9.104498 -0.043001 -1.865101 0.108202 3.079164 -6.987591 0.000005 -0.000012 0.000002 0.000002 -0.000000 0.000004 -0.000001 0.000000 0.000001 8.077798 -0.486890 -3.806301 0.089442 2.906232 -5.290077 0.000003 -0.000002 -0.000010 0.000000 -0.000005 0.000025 0.000000 -0.000001 -0.000000 -8.207796 -6.751703 -1.599540 -48.154476 -3.591112 -48.319695 6.871318 -10.004109 -4.964634 -7.268881 -17.939577 11.176369 3.859004 -0.000003 -0.000003 0.000001 0.000000 -0.000002 8.207800 -6.751705 -1.599550 -62.482092 3.501898 57.011859 22.281131 -3.620238 2.954213 29.401833 0.053813 -0.809343 0.145027 -0.000014 -0.000029 -0.000001 -0.000001 0.000000 
0.176823 35.262039 -3.294281 -115.206672 5.478802 3.147014 0.000000 10.181547 0.131523 53.790912 -8.033161 -1.595025 14.452294 -2.540451 2.904999 14.513778 -1.532698 3.001468 0.000000 16.740374 -2.049019 8.082123 0.157414 1.364754 0.000000 9.617843 1.684967 28.114155 3.120509 6.425601 0.000001 22.037384 7.501075 -0.000000 0.000000 0.000000 -4.570001 11.014858 -2.160839 0.566137 -0.020113 -1.614849 30.312103 -9.214755 94.146235 -0.000003 41.605933 0.000011 40.690323 -35.450512 -75.217376 -2.464808 -1.573992 2.681913 -11.630453 11.625162 -20.750857 6.358357 -14.447667 -2.112241 -5.504768 -5.510924 -14.718511 0.000002 -0.000004 0.000003 -9.108294 -0.517870 2.259800 0.083329 -2.854491 7.046420 0.000011 -0.007202 0.088408 0.000001 0.004412 -0.054199 0.000001 0.000002 0.000001 -9.532492 0.000012 -0.000001 0.082086 -2.844314 6.920395 0.000004 -0.008861 0.108735 0.000008 0.005344 -0.065526 0.000000 0.000001 0.000000 -9.103596 -0.043089 -1.865102 0.079705 -2.824400 6.674078 0.000006 -0.006796 0.083420 -0.000001 0.003655 -0.044840 -0.000000 0.000000 0.000000 -8.076706 -0.486721 -3.806301 0.060636 -2.632567 4.306780 0.000009 -0.010634 0.130552 0.000002 0.006031 -0.074011 -0.000000 0.000001 -0.000000 4.570399 11.014660 -2.160813 5.816769 -2.815286 -0.615037 36.106330 6.688025 -105.633452 -0.000005 -34.433183 0.000013 19.018418 20.661724 91.424869 2.466090 -1.576211 2.681698 -12.388627 -9.936137 20.816846 5.987296 12.645730 1.346538 -7.335785 -0.421671 13.147353 0.000003 0.000007 0.000004 9.109295 -0.518020 2.259899 0.287416 3.189500 -8.363680 -0.000004 0.001662 -0.016208 0.000005 -0.001022 0.010024 0.000000 0.000000 0.000000 9.533402 0.000010 -0.000000 0.124656 3.201690 -8.197509 0.000005 -0.000006 0.000006 0.000001 0.000005 -0.000002 0.000000 -0.000000 0.000001 9.104498 -0.043001 -1.865101 0.108202 3.079164 -6.987591 0.000005 -0.000012 0.000002 0.000002 -0.000000 0.000004 -0.000001 0.000000 0.000001 8.077798 -0.486890 -3.806301 0.089442 2.906232 -5.290077 0.000003 -0.000002 -0.000010 0.000000 -0.000005 0.000025 0.000000 -0.000001 -0.000000 -8.207796 -6.751703 -1.599540 -48.154476 -3.591112 -48.319695 6.871318 -10.004109 -4.964634 -7.268881 -17.939577 11.176369 3.859004 -0.000003 -0.000003 0.000001 0.000000 -0.000002 8.207800 -6.751705 -1.599550 -62.482092 3.501898 57.011859 22.281131 -3.620238 2.954213 29.401833 0.053813 -0.809343 0.145027 -0.000014 -0.000029 -0.000001 -0.000001 0.000000 
0.176823 35.262039 -3.294281 -115.206672 5.478802 3.147014 0.000000 10.181547 0.131523 53.790912 -8.033161 -1.595025 14.452294 -2.540451 2.904999 14.513778 -1.532698 3.001468 0.000000 16.740374 -2.049019 8.082123 0.157414 1.364754 0.000000 9.617843 1.684967 28.114155 3.120509 6.425601 0.000001 22.037384 7.501075 -0.000000 0.000000 0.000000 -4.570001 11.014858 -2.160839 0.566137 -0.020113 -1.614849 30.312103 -9.214755 94.146235 -0.000003 41.605933 0.000011 40.690323 -35.450512 -75.217376 -2.464808 -1.573992 2.681913 -11.630453 11.625162 -20.750857 6.358357 -14.447667 -2.112241 -5.504768 -5.510924 -14.718511 0.000002 -0.000004 0.000003 -9.108294 -0.517870 2.259800 0.083329 -2.854491 7.046420 0.000011 -0.007202 0.088408 0.000001 0.004412 -0.054199 0.000001 0.000002 0.000001 -9.532492 0.000012 -0.000001 0.082086 -2.844314 6.920395 0.000004 -0.008861 0.108735 0.000008 0.005344 -0.065526 0.000000 0.000001 0.000000 -9.103596 -0.043089 -1.865102 0.079705 -2.824400 6.674078 0.000006 -0.006796 0.083420 -0.000001 0.003655 -0.044840 -0.000000 0.000000 0.000000 -8.076706 -0.486721 -3.806301 0.060636 -2.632567 4.306780 0.000009 -0.010634 0.130552 0.000002 0.006031 -0.074011 -0.000000 0.000001 -0.000000 4.570399 11.014660 -2.160813 5.816769 -2.815286 -0.615037 36.106330 6.688025 -105.633452 -0.000005 -34.433183 0.000013 19.018418 20.661724 91.424869 2.466090 -1.576211 2.681698 -12.388627 -9.936137 20.816846 5.987296 12.645730 1.346538 -7.335785 -0.421671 13.147353 0.000003 0.000007 0.000004 9.109295 -0.518020 2.259899 0.287416 3.189500 -8.363680 -0.000004 0.001662 -0.016208 0.000005 -0.001022 0.010024 0.000000 0.000000 0.000000 9.533402 0.000010 -0.000000 0.124656 3.201690 -8.197509 0.000005 -0.000006 0.000006 0.000001 0.000005 -0.000002 0.000000 -0.000000 0.000001 9.104498 -0.043001 -1.865101 0.108202 3.079164 -6.987591 0.000005 -0.000012 0.000002 0.000002 -0.000000 0.000004 -0.000001 0.000000 0.000001 8.077798 -0.486890 -3.806301 0.089442 2.906232 -5.290077 0.000003 -0.000002 -0.000010 0.000000 -0.000005 0.000025 0.000000 -0.000001 -0.000000 -8.207796 -6.751703 -1.599540 -48.154476 -3.591112 -48.319695 6.871318 -10.004109 -4.964634 -7.268881 -17.939577 11.176369 3.859004 -0.000003 -0.000003 0.000001 0.000000 -0.000002 8.207800 -6.751705 -1.599550 -62.482092 3.501898 57.011859 22.281131 -3.620238 2.954213 29.401833 0.053813 -0.809343 0.145027 -0.000014 -0.000029 -0.000001 -0.000001 0.000000 
0.176823 35.262039 -3.294281 -115.206672 5.478802 3.147014 0.000000 10.181547 0.131523 53.790912 -8.033161 -1.595025 14.452294 -2.540451 2.904999 14.513778 -1.532698 3.001468 0.000000 16.740374 -2.049019 8.082123 0.157414 1.364754 0.000000 9.617843 1.684967 28.114155 3.120509 6.425601 0.000001 22.037384 7.501075 -0.000000 0.000000 0.000000 -4.570001 11.014858 -2.160839 0.566137 -0.020113 -1.614849 30.312103 -9.214755 94.146235 -0.000003 41.605933 0.000011 40.690323 -35.450512 -75.217376 -2.464808 -1.573992 2.681913 -11.630453 11.625162 -20.750857 6.358357 -14.447667 -2.112241 -5.504768 -5.510924 -14.718511 0.000002 -0.000004 0.000003 -9.108294 -0.517870 2.259800 0.083329 -2.854491 7.046420 0.000011 -0.007202 0.088408 0.000001 0.004412 -0.054199 0.000001 0.000002 0.000001 -9.532492 0.000012 -0.000001 0.082086 -2.844314 6.920395 0.000004 -0.008861 0.108735 0.000008 0.005344 -0.065526 0.000000 0.000001 0.000000 -9.103596 -0.043089 -1.865102 0.079705 -2.824400 6.674078 0.000006 -0.006796 0.083420 -0.000001 0.003655 -0.044840 -0.000000 0.000000 0.000000 -8.076706 -0.486721 -3.806301 0.060636 -2.632567 4.306780 0.000009 -0.010634 0.130552 0.000002 0.006031 -0.074011 -0.000000 0.000001 -0.000000 4.570399 11.014660 -2.160813 5.816769 -2.815286 -0.615037 36.106330 6.688025 -105.633452 -0.000005 -34.433183 0.000013 19.018418 20.661724 91.424869 2.466090 -1.576211 2.681698 -12.388627 -9.936137 20.816846 5.987296 12.645730 1.346538 -7.335785 -0.421671 13.147353 0.000003 0.000007 0.000004 9.109295 -0.518020 2.259899 0.287416 3.189500 -8.363680 -0.000004 0.001662 -0.016208 0.000005 -0.001022 0.010024 0.000000 0.000000 0.000000 9.533402 0.000010 -0.000000 0.124656 3.201690 -8.197509 0.000005 -0.000006 0.000006 0.000001 0.000005 -0.000002 0.000000 -0.000000 0.000001 9.104498 -0.043001 -1.865101 0.108202 3.079164 -6.987591 0.000005 -0.000012 0.000002 0.000002 -0.000000 0.000004 -0.000001 0.000000 0.000001 8.077798 -0.486890 -3.806301 0.089442 2.906232 -5.290077 0.000003 -0.000002 -0.000010 0.000000 -0.000005 0.000025 0.000000 -0.000001 -0.000000 -8.207796 -6.751703 -1.599540 -48.154476 -3.591112 -48.319695 6.871318 -10.004109 -4.964634 -7.268881 -17.939577 11.176369 3.859004 -0.000003 -0.000003 0.000001 0.000000 -0.000002 8.207800 -6.751705 -1.599550 -62.482092 3.501898 57.011859 22.281131 -3.620238 2.954213 29.401833 0.053813 -0.809343 0.145027 -0.000014 -0.000029 -0.000001 -0.000001 0.000000 
0.176823 35.262039 -3.294281 -115.206672 5.478802 3.147014 0.000000 10.181547 0.131523 53.790912 -8.033161 -1.595025 14.452294 -2.540451 2.904999 14.513778 -1.532698 3.001468 0.000000 16.740374 -2.049019 8.082123 0.157414 1.364754 0.000000 9.617843 1.684967 28.114155 3.120509 6.425601 0.000001 22.037384 7.501075 -0.000000 0.000000 0.000000 -4.570001 11.014858 -2.160839 0.566137 -0.020113 -1.614849 30.312103 -9.214755 94.146235 -0.000003 41.605933 0.000011 40.690323 -35.450512 -75.217376 -2.464808 -1.573992 2.681913 -11.630453 11.625162 -20.750857 6.358357 -14.447667 -2.112241 -5.504768 -5.510924 -14.718511 0.000002 -0.000004 0.000003 -9.108294 -0.517870 2.259800 0.083329 -2.854491 7.046420 0.000011 -0.007202 0.088408 0.000001 0.004412 -0.054199 0.000001 0.000002 0.000001 -9.532492 0.000012 -0.000001 0.082086 -2.844314 6.920395 0.000004 -0.008861 0.108735 0.000008 0.005344 -0.065526 0.000000 0.000001 0.000000 -9.103596 -0.043089 -1.865102 0.079705 -2.824400 6.674078 0.000006 -0.006796 0.083420 -0.000001 0.003655 -0.044840 -0.000000 0.000000 0.000000 -8.076706 -0.486721 -3.806301 0.060636 -2.632567 4.306780 0.000009 -0.010634 0.130552 0.000002 0.006031 -0.074011 -0.000000 0.000001 -0.000000 4.570399 11.014660 -2.160813 5.816769 -2.815286 -0.615037 36.106330 6.688025 -105.633452 -0.000005 -34.433183 0.000013 19.018418 20.661724 91.424869 2.466090 -1.576211 2.681698 -12.388627 -9.936137 20.816846 5.987296 12.645730 1.346538 -7.335785 -0.421671 13.147353 0.000003 0.000007 0.000004 9.109295 -0.518020 2.259899 0.287416 3.189500 -8.363680 -0.000004 0.001662 -0.016208 0.000005 -0.001022 0.010024 0.000000 0.000000 0.000000 9.533402 0.000010 -0.000000 0.124656 3.201690 -8.197509 0.000005 -0.000006 0.000006 0.000001 0.000005 -0.000002 0.000000 -0.000000 0.000001 9.104498 -0.043001 -1.865101 0.108202 3.079164 -6.987591 0.000005 -0.000012 0.000002 0.000002 -0.000000 0.000004 -0.000001 0.000000 0.000001 8.077798 -0.486890 -3.806301 0.089442 2.906232 -5.290077 0.000003 -0.000002 -0.000010 0.000000 -0.000005 0.000025 0.000000 -0.000001 -0.000000 -8.207796 -6.751703 -1.599540 -48.154476 -3.591112 -48.319695 6.871318 -10.004109 -4.964634 -7.268881 -17.939577 11.176369 3.859004 -0.000003 -0.000003 0.000001 0.000000 -0.000002 8.207800 -6.751705 -1.599550 -62.482092 3.501898 57.011859 22.281131 -3.620238 2.954213 29.401833 0.053813 -0.809343 0.145027 -0.000014 -0.000029 -0.000001 -0.000001 0.000000 
0.176823 35.262039 -3.294281 -115.206672 5.478802 3.147014 0.000000 10.181547 0.131523 53.790912 -8.033161 -1.595025 14.452294 -2.540451 2.904999 14.513778 -1.532698 3.001468 0.000000 16.740374 -2.049019 8.082123 0.157414 1.364754 0.000000 9.617843 1.684967 28.114155 3.120509 6.425601 0.000001 22.037384 7.501075 -0.000000 0.000000 0.000000 -4.570001 11.014858 -2.160839 0.566137 -0.020113 -1.614849 30.312103 -9.214755 94.146235 -0.000003 41.605933 0.000011 40.690323 -35.450512 -75.217376 -2.464808 -1.573992 2.681913 -11.630453 11.625162 -20.750857 6.358357 -14.447667 -2.112241 -5.504768 -5.510924 -14.718511 0.000002 -0.000004 0.000003 -9.108294 -0.517870 2.259800 0.083329 -2.854491 7.046420 0.000011 -0.007202 0.088408 0.000001 0.004412 -0.054199 0.000001 0.000002 0.000001 -9.532492 0.000012 -0.000001 0.082086 -2.844314 6.920395 0.000004 -0.008861 0.108735 0.000008 0.005344 -0.065526 0.000000 0.000001 0.000000 -9.103596 -0.043089 -1.865102 0.079705 -2.824400 6.674078 0.000006 -0.006796 0.083420 -0.000001 0.003655 -0.044840 -0.000000 0.000000 0.000000 -8.076706 -0.486721 -3.806301 0.060636 -2.632567 4.306780 0.000009 -0.010634 0.130552 0.000002 0.006031 -0.074011 -0.000000 0.000001 -0.000000 4.570399 11.014660 -2.160813 5.816769 -2.815286 -0.615037 36.106330 6.688025 -105.633452 -0.000005 -34.433183 0.000013 19.018418 20.661724 91.424869 2.466090 -1.576211 2.681698 -12.388627 -9.936137 20.816846 5.987296 12.645730 1.346538 -7.335785 -0.421671 13.147353 0.000003 0.000007 0.000004 9.109295 -0.518020 2.259899 0.287416 3.189500 -8.363680 -0.000004 0.001662 -0.016208 0.000005 -0.001022 0.010024 0.000000 0.000000 0.000000 9.533402 0.000010 -0.000000 0.124656 3.201690 -8.197509 0.000005 -0.000006 0.000006 0.000001 0.000005 -0.000002 0.000000 -0.000000 0.000001 9.104498 -0.043001 -1.865101 0.108202 3.079164 -6.987591 0.000005 -0.000012 0.000002 0.000002 -0.000000 0.000004 -0.000001 0.000000 0.000001 8.077798 -0.486890 -3.806301 0.089442 2.906232 -5.290077 0.000003 -0.000002 -0.000010 0.000000 -0.000005 0.000025 0.000000 -0.000001 -0.000000 -8.207796 -6.751703 -1.599540 -48.154476 -3.591112 -48.319695 6.871318 -10.004109 -4.964634 -7.268881 -17.939577 11.176369 3.859004 -0.000003 -0.000003 0.000001 0.000000 -0.000002 8.207800 -6.751705 -1.599550 -62.482092 3.501898 57.011859 22.281131 -3.620238 2.954213 29.401833 0.053813 -0.809343 0.145027 -0.000014 -0.000029 -0.000001 -0.000001 0.000000 
0.176823 35.262039 -3.294281 -115.206672 5.478802 3.147014 0.000000 10.181547 0.131523 53.790912 -8.033161 -1.595025 14.452294 -2.540451 2.904999 14.513778 -1.532698 3.001468 0.000000 16.740374 -2.049019 8.082123 0.157414 1.364754 0.000000 9.617843 1.684967 28.114155 3.120509 6.425601 0.000001 22.037384 7.501075 -0.000000 0.000000 0.000000 -4.570001 11.014858 -2.160839 0.566137 -0.020113 -1.614849 30.312103 -9.214755 94.146235 -0.000003 41.605933 0.000011 40.690323 -35.450512 -75.217376 -2.464808 -1.573992 2.681913 -11.630453 11.625162 -20.750857 6.358357 -14.447667 -2.112241 -5.504768 -5.510924 -14.718511 0.000002 -0.000004 0.000003 -9.108294 -0.517870 2.259800 0.083329 -2.854491 7.046420 0.000011 -0.007202 0.088408 0.000001 0.004412 -0.054199 0.000001 0.000002 0.000001 -9.532492 0.000012 -0.000001 0.082086 -2.844314 6.920395 0.000004 -0.008861 0.108735 0.000008 0.005344 -0.065526 0.000000 0.000001 0.000000 -9.103596 -0.043089 -1.865102 0.079705 -2.824400 6.674078 0.000006 -0.006796 0.083420 -0.000001 0.003655 -0.044840 -0.000000 0.000000 0.000000 -8.076706 -0.486721 -3.806301 0.060636 -2.632567 4.306780 0.000009 -0.010634 0.130552 0.000002 0.006031 -0.074011 -0.000000 0.000001 -0.000000 4.570399 11.014660 -2.160813 5.816769 -2.815286 -0.615037 36.106330 6.688025 -105.633452 -0.000005 -34.433183 0.000013 19.018418 20.661724 91.424869 2.466090 -1.576211 2.681698 -12.388627 -9.936137 20.816846 5.987296 12.645730 1.346538 -7.335785 -0.421671 13.147353 0.000003 0.000007 0.000004 9.109295 -0.518020 2.259899 0.287416 3.189500 -8.363680 -0.000004 0.001662 -0.016208 0.000005 -0.001022 0.010024 0.000000 0.000000 0.000000 9.533402 0.000010 -0.000000 0.124656 3.201690 -8.197509 0.000005 -0.000006 0.000006 0.000001 0.000005 -0.000002 0.000000 -0.000000 0.000001 9.104498 -0.043001 -1.865101 0.108202 3.079164 -6.987591 0.000005 -0.000012 0.000002 0.000002 -0.000000 0.000004 -0.000001 0.000000 0.000001 8.077798 -0.486890 -3.806301 0.089442 2.906232 -5.290077 0.000003 -0.000002 -0.000010 0.000000 -0.000005 0.000025 0.000000 -0.000001 -0.000000 -8.207796 -6.751703 -1.599540 -48.154476 -3.591112 -48.319695 6.871318 -10.004109 -4.964634 -7.268881 -17.939577 11.176369 3.859004 -0.000003 -0.000003 0.000001 0.000000 -0.000002 8.207800 -6.751705 -1.599550 -62.482092 3.501898 57.011859 22.281131 -3.620238 2.954213 29.401833 0.053813 -0.809343 0.145027 -0.000014 -0.000029 -0.000001 -0.000001 0.000000 
0.176823 35.262039 -3.294281 -115.206672 5.478802 3.147014 0.000000 10.181547 0.131523 53.790912 -8.033161 -1.595025 14.452294 -2.540451 2.904999 14.513778 -1.532698 3.001468 0.000000 16.740374 -2.049019 8.082123 0.157414 1.364754 0.000000 9.617843 1.684967 28.114155 3.120509 6.425601 0.000001 22.037384 7.501075 -0.000000 0.000000 0.000000 -4.570001 11.014858 -2.160839 0.566137 -0.020113 -1.614849 30.312103 -9.214755 94.146235 -0.000003 41.605933 0.000011 40.690323 -35.450512 -75.217376 -2.464808 -1.573992 2.681913 -11.630453 11.625162 -20.750857 6.358357 -14.447667 -2.112241 -5.504768 -5.510924 -14.718511 0.000002 -0.000004 0.000003 -9.108294 -0.517870 2.259800 0.083329 -2.854491 7.046420 0.000011 -0.007202 0.088408 0.000001 0.004412 -0.054199 0.000001 0.000002 0.000001 -9.532492 0.000012 -0.000001 0.082086 -2.844314 6.920395 0.000004 -0.008861 0.108735 0.000008 0.005344 -0.065526 0.000000 0.000001 0.000000 -9.103596 -0.043089 -1.865102 0.079705 -2.824400 6.674078 0.000006 -0.006796 0.083420 -0.000001 0.003655 -0.044840 -0.000000 0.000000 0.000000 -8.076706 -0.486721 -3.806301 0.060636 -2.632567 4.306780 0.000009 -0.010634 0.130552 0.000002 0.006031 -0.074011 -0.000000 0.000001 -0.000000 4.570399 11.014660 -2.160813 5.816769 -2.815286 -0.615037 36.106330 6.688025 -105.633452 -0.000005 -34.433183 0.000013 19.018418 20.661724 91.424869 2.466090 -1.576211 2.681698 -12.388627 -9.936137 20.816846 5.987296 12.645730 1.346538 -7.335785 -0.421671 13.147353 0.000003 0.000007 0.000004 9.109295 -0.518020 2.259899 0.287416 3.189500 -8.363680 -0.000004 0.001662 -0.016208 0.000005 -0.001022 0.010024 0.000000 0.000000 0.000000 9.533402 0.000010 -0.000000 0.124656 3.201690 -8.197509 0.000005 -0.000006 0.000006 0.000001 0.000005 -0.000002 0.000000 -0.000000 0.000001 9.104498 -0.043001 -1.865101 0.108202 3.079164 -6.987591 0.000005 -0.000012 0.000002 0.000002 -0.000000 0.000004 -0.000001 0.000000 0.000001 8.077798 -0.486890 -3.806301 0.089442 2.906232 -5.290077 0.000003 -0.000002 -0.000010 0.000000 -0.000005 0.000025 0.000000 -0.000001 -0.000000 -8.207796 -6.751703 -1.599540 -48.154476 -3.591112 -48.319695 6.871318 -10.004109 -4.964634 -7.268881 -17.939577 11.176369 3.859004 -0.000003 -0.000003 0.000001 0.000000 -0.000002 8.207800 -6.751705 -1.599550 -62.482092 3.501898 57.011859 22.281131 -3.620238 2.954213 29.401833 0.053813 -0.809343 0.145027 -0.000014 -0.000029 -0.000001 -0.000001 0.000000 
0.176823 35.262039 -3.294281 -115.206672 5.478802 3.147014 0.000000 10.181547 0.131523 53.790912 -8.033161 -1.595025 14.452294 -2.540451 2.904999 14.513778 -1.532698 3.001468 0.000000 16.740374 -2.049019 8.082123 0.157414 1.364754 0.000000 9.617843 1.684967 28.114155 3.120509 6.425601 0.000001 22.037384 7.501075 -0.000000 0.000000 0.000000 -4.570001 11.014858 -2.160839 0.566137 -0.020113 -1.614849 30.312103 -9.214755 94.146235 -0.000003 41.605933 0.000011 40.690323 -35.450512 -75.217376 -2.464808 -1.573992 2.681913 -11.630453 11.625162 -20.750857 6.358357 -14.447667 -2.112241 -5.504768 -5.510924 -14.718511 0.000002 -0.000004 0.000003 -9.108294 -0.517870 2.259800 0.083329 -2.854491 7.046420 0.000011 -0.007202 0.088408 0.000001 0.004412 -0.054199 0.000001 0.000002 0.000001 -9.532492 0.000012 -0.000001 0.082086 -2.844314 6.920395 0.000004 -0.008861 0.108735 0.000008 0.005344 -0.065526 0.000000 0.000001 0.000000 -9.103596 -0.043089 -1.865102 0.079705 -2.824400 6.674078 0.000006 -0.006796 0.083420 -0.000001 0.003655 -0.044840 -0.000000 0.000000 0.000000 -8.076706 -0.486721 -3.806301 0.060636 -2.632567 4.306780 0.000009 -0.010634 0.130552 0.000002 0.006031 -0.074011 -0.000000 0.000001 -0.000000 4.570399 11.014660 -2.160813 5.816769 -2.815286 -0.615037 36.106330 6.688025 -105.633452 -0.000005 -34.433183 0.000013 19.018418 20.661724 91.424869 2.466090 -1.576211 2.681698 -12.388627 -9.936137 20.816846 5.987296 12.645730 1.346538 -7.335785 -0.421671 13.147353 0.000003 0.000007 0.000004 9.109295 -0.518020 2.259899 0.287416 3.189500 -8.363680 -0.000004 0.001662 -0.016208 0.000005 -0.001022 0.010024 0.000000 0.000000 0.000000 9.533402 0.000010 -0.000000 0.124656 3.201690 -8.197509 0.000005 -0.000006 0.000006 0.000001 0.000005 -0.000002 0.000000 -0.000000 0.000001 9.104498 -0.043001 -1.865101 0.108202 3.079164 -6.987591 0.000005 -0.000012 0.000002 0.000002 -0.000000 0.000004 -0.000001 0.000000 0.000001 8.077798 -0.486890 -3.806301 0.089442 2.906232 -5.290077 0.000003 -0.000002 -0.000010 0.000000 -0.000005 0.000025 0.000000 -0.000001 -0.000000 -8.207796 -6.751703 -1.599540 -48.154476 -3.591112 -48.319695 6.871318 -10.004109 -4.964634 -7.268881 -17.939577 11.176369 3.859004 -0.000003 -0.000003 0.000001 0.000000 -0.000002 8.207800 -6.751705 -1.599550 -62.482092 3.501898 57.011859 22.281131 -3.620238 2.954213 29.401833 0.053813 -0.809343 0.145027 -0.000014 -0.000029 -0.000001 -0.000001 0.000000 
0.176823 35.262039 -3.294281 -115.206672 5.478802 3.147014 0.000000 10.181547 0.131523 53.790912 -8.033161 -1.595025 14.452294 -2.540451 2.904999 14.513778 -1.532698 3.001468 0.000000 16.740374 -2.049019 8.082123 0.157414 1.364754 0.000000 9.617843 1.684967 28.114155 3.120509 6.425601 0.000001 22.037384 7.501075 -0.000000 0.000000 0.000000 -4.570001 11.014858 -2.160839 0.566137 -0.020113 -1.614849 30.312103 -9.214755 94.146235 -0.000003 41.605933 0.000011 40.690323 -35.450512 -75.217376 -2.464808 -1.573992 2.681913 -11.630453 11.625162 -20.750857 6.358357 -14.447667 -2.112241 -5.504768 -5.510924 -14.718511 0.000002 -0.000004 0.000003 -9.108294 -0.517870 2.259800 0.083329 -2.854491 7.046420 0.000011 -0.007202 0.088408 0.000001 0.004412 -0.054199 0.000001 0.000002 0.000001 -9.532492 0.000012 -0.000001 0.082086 -2.844314 6.920395 0.000004 -0.008861 0.108735 0.000008 0.005344 -0.065526 0.000000 0.000001 0.000000 -9.103596 -0.043089 -1.865102 0.079705 -2.824400 6.674078 0.000006 -0.006796 0.083420 -0.000001 0.003655 -0.044840 -0.000000 0.000000 0.000000 -8.076706 -0.486721 -3.806301 0.060636 -2.632567 4.306780 0.000009 -0.010634 0.130552 0.000002 0.006031 -0.074011 -0.000000 0.000001 -0.000000 4.570399 11.014660 -2.160813 5.816769 -2.815286 -0.615037 36.106330 6.688025 -105.633452 -0.000005 -34.433183 0.000013 19.018418 20.661724 91.424869 2.466090 -1.576211 2.681698 -12.388627 -9.936137 20.816846 5.987296 12.645730 1.346538 -7.335785 -0.421671 13.147353 0.000003 0.000007 0.000004 9.109295 -0.518020 2.259899 0.287416 3.189500 -8.363680 -0.000004 0.001662 -0.016208 0.000005 -0.001022 0.010024 0.000000 0.000000 0.000000 9.533402 0.000010 -0.000000 0.124656 3.201690 -8.197509 0.000005 -0.000006 0.000006 0.000001 0.000005 -0.000002 0.000000 -0.000000 0.000001 9.104498 -0.043001 -1.865101 0.108202 3.079164 -6.987591 0.000005 -0.000012 0.000002 0.000002 -0.000000 0.000004 -0.000001 0.000000 0.000001 8.077798 -0.486890 -3.806301 0.089442 2.906232 -5.290077 0.000003 -0.000002 -0.000010 0.000000 -0.000005 0.000025 0.000000 -0.000001 -0.000000 -8.207796 -6.751703 -1.599540 -48.154476 -3.591112 -48.319695 6.871318 -10.004109 -4.964634 -7.268881 -17.939577 11.176369 3.859004 -0.000003 -0.000003 0.000001 0.000000 -0.000002 8.207800 -6.751705 -1.599550 -62.482092 3.501898 57.011859 22.281131 -3.620238 2.954213 29.401833 0.053813 -0.809343 0.145027 -0.000014 -0.000029 -0.000001 -0.000001 0.000000 
0.176823 35.262039 -3.294281 -115.206672 5.478802 3.147014 0.000000 10.181547 0.131523 53.790912 -8.033161 -1.595025 14.452294 -2.540451 2.904999 14.513778 -1.532698 3.001468 0.000000 16.740374 -2.049019 8.082123 0.157414 1.364754 0.000000 9.617843 1.684967 28.114155 3.120509 6.425601 0.000001 22.037384 7.501075 -0.000000 0.000000 0.000000 -4.570001 11.014858 -2.160839 0.566137 -0.020113 -1.614849 30.312103 -9.214755 94.146235 -0.000003 41.605933 0.000011 40.690323 -35.450512 -75.217376 -2.464808 -1.573992 2.681913 -11.630453 11.625162 -20.750857 6.358357 -14.447667 -2.112241 -5.504768 -5.510924 -14.718511 0.000002 -0.000004 0.000003 -9.108294 -0.517870 2.259800 0.083329 -2.854491 7.046420 0.000011 -0.007202 0.088408 0.000001 0.004412 -0.054199 0.000001 0.000002 0.000001 -9.532492 0.000012 -0.000001 0.082086 -2.844314 6.920395 0.000004 -0.008861 0.108735 0.000008 0.005344 -0.065526 0.000000 0.000001 0.000000 -9.103596 -0.043089 -1.865102 0.079705 -2.824400 6.674078 0.000006 -0.006796 0.083420 -0.000001 0.003655 -0.044840 -0.000000 0.000000 0.000000 -8.076706 -0.486721 -3.806301 0.060636 -2.632567 4.306780 0.000009 -0.010634 0.130552 0.000002 0.006031 -0.074011 -0.000000 0.000001 -0.000000 4.570399 11.014660 -2.160813 5.816769 -2.815286 -0.615037 36.106330 6.688025 -105.633452 -0.000005 -34.433183 0.000013 19.018418 20.661724 91.424869 2.466090 -1.576211 2.681698 -12.388627 -9.936137 20.816846 5.987296 12.645730 1.346538 -7.335785 -0.421671 13.147353 0.000003 0.000007 0.000004 9.109295 -0.518020 2.259899 0.287416 3.189500 -8.363680 -0.000004 0.001662 -0.016208 0.000005 -0.001022 0.010024 0.000000 0.000000 0.000000 9.533402 0.000010 -0.000000 0.124656 3.201690 -8.197509 0.000005 -0.000006 0.000006 0.000001 0.000005 -0.000002 0.000000 -0.000000 0.000001 9.104498 -0.043001 -1.865101 0.108202 3.079164 -6.987591 0.000005 -0.000012 0.000002 0.000002 -0.000000 0.000004 -0.000001 0.000000 0.000001 8.077798 -0.486890 -3.806301 0.089442 2.906232 -5.290077 0.000003 -0.000002 -0.000010 0.000000 -0.000005 0.000025 0.000000 -0.000001 -0.000000 -8.207796 -6.751703 -1.599540 -48.154476 -3.591112 -48.319695 6.871318 -10.004109 -4.964634 -7.268881 -17.939577 11.176369 3.859004 -0.000003 -0.000003 0.000001 0.000000 -0.000002 8.207800 -6.751705 -1.599550 -62.482092 3.501898 57.011859 22.281131 -3.620238 2.954213 29.401833 0.053813 -0.809343 0.145027 -0.000014 -0.000029 -0.000001 -0.000001 0.000000 
0.176823 35.262039 -3.294281 -115.206672 5.478802 3.147014 0.000000 10.181547 0.131523 53.790912 -8.033161 -1.595025 14.452294 -2.540451 2.904999 14.513778 -1.532698 3.001468 0.000000 16.740374 -2.049019 8.082123 0.157414 1.364754 0.000000 9.617843 1.684967 28.114155 3.120509 6.425601 0.000001 22.037384 7.501075 -0.000000 0.000000 0.000000 -4.570001 11.014858 -2.160839 0.566137 -0.020113 -1.614849 30.312103 -9.214755 94.146235 -0.000003 41.605933 0.000011 40.690323 -35.450512 -75.217376 -2.464808 -1.573992 2.681913 -11.630453 11.625162 -20.750857 6.358357 -14.447667 -2.112241 -5.504768 -5.510924 -14.718511 0.000002 -0.000004 0.000003 -9.108294 -0.517870 2.259800 0.083329 -2.854491 7.046420 0.000011 -0.007202 0.088408 0.000001 0.004412 -0.054199 0.000001 0.000002 0.000001 -9.532492 0.000012 -0.000001 0.082086 -2.844314 6.920395 0.000004 -0.008861 0.108735 0.000008 0.005344 -0.065526 0.000000 0.000001 0.000000 -9.103596 -0.043089 -1.865102 0.079705 -2.824400 6.674078 0.000006 -0.006796 0.083420 -0.000001 0.003655 -0.044840 -0.000000 0.000000 0.000000 -8.076706 -0.486721 -3.806301 0.060636 -2.632567 4.306780 0.000009 -0.010634 0.130552 0.000002 0.006031 -0.074011 -0.000000 0.000001 -0.000000 4.570399 11.014660 -2.160813 5.816769 -2.815286 -0.615037 36.106330 6.688025 -105.633452 -0.000005 -34.433183 0.000013 19.018418 20.661724 91.424869 2.466090 -1.576211 2.681698 -12.388627 -9.936137 20.816846 5.987296 12.645730 1.346538 -7.335785 -0.421671 13.147353 0.000003 0.000007 0.000004 9.109295 -0.518020 2.259899 0.287416 3.189500 -8.363680 -0.000004 0.001662 -0.016208 0.000005 -0.001022 0.010024 0.000000 0.000000 0.000000 9.533402 0.000010 -0.000000 0.124656 3.201690 -8.197509 0.000005 -0.000006 0.000006 0.000001 0.000005 -0.000002 0.000000 -0.000000 0.000001 9.104498 -0.043001 -1.865101 0.108202 3.079164 -6.987591 0.000005 -0.000012 0.000002 0.000002 -0.000000 0.000004 -0.000001 0.000000 0.000001 8.077798 -0.486890 -3.806301 0.089442 2.906232 -5.290077 0.000003 -0.000002 -0.000010 0.000000 -0.000005 0.000025 0.000000 -0.000001 -0.000000 -8.207796 -6.751703 -1.599540 -48.154476 -3.591112 -48.319695 6.871318 -10.004109 -4.964634 -7.268881 -17.939577 11.176369 3.859004 -0.000003 -0.000003 0.000001 0.000000 -0.000002 8.207800 -6.751705 -1.599550 -62.482092 3.501898 57.011859 22.281131 -3.620238 2.954213 29.401833 0.053813 -0.809343 0.145027 -0.000014 -0.000029 -0.000001 -0.000001 0.000000 
0.176823 35.262039 -3.294281 -115.206672 5.478802 3.147014 0.000000 10.181547 0.131523 53.790912 -8.033161 -1.595025 14.452294 -2.540451 2.904999 14.513778 -1.532698 3.001468 0.000000 16.740374 -2.049019 8.082123 0.157414 1.364754 0.000000 9.617843 1.684967 28.114155 3.120509 6.425601 0.000001 22.037384 7.501075 -0.000000 0.000000 0.000000 -4.570001 11.014858 -2.160839 0.566137 -0.020113 -1.614849 30.312103 -9.214755 94.146235 -0.000003 41.605933 0.000011 40.690323 -35.450512 -75.217376 -2.464808 -1.573992 2.681913 -11.630453 11.625162 -20.750857 6.358357 -14.447667 -2.112241 -5.504768 -5.510924 -14.718511 0.000002 -0.000004 0.000003 -9.108294 -0.517870 2.259800 0.083329 -2.854491 7.046420 0.000011 -0.007202 0.088408 0.000001 0.004412 -0.054199 0.000001 0.000002 0.000001 -9.532492 0.000012 -0.000001 0.082086 -2.844314 6.920395 0.000004 -0.008861 0.108735 0.000008 0.005344 -0.065526 0.000000 0.000001 0.000000 -9.103596 -0.043089 -1.865102 0.079705 -2.824400 6.674078 0.000006 -0.006796 0.083420 -0.000001 0.003655 -0.044840 -0.000000 0.000000 0.000000 -8.076706 -0.486721 -3.806301 0.060636 -2.632567 4.306780 0.000009 -0.010634 0.130552 0.000002 0.006031 -0.074011 -0.000000 0.000001 -0.000000 4.570399 11.014660 -2.160813 5.816769 -2.815286 -0.615037 36.106330 6.688025 -105.633452 -0.000005 -34.433183 0.000013 19.018418 20.661724 91.424869 2.466090 -1.576211 2.681698 -12.388627 -9.936137 20.816846 5.987296 12.645730 1.346538 -7.335785 -0.421671 13.147353 0.000003 0.000007 0.000004 9.109295 -0.518020 2.259899 0.287416 3.189500 -8.363680 -0.000004 0.001662 -0.016208 0.000005 -0.001022 0.010024 0.000000 0.000000 0.000000 9.533402 0.000010 -0.000000 0.124656 3.201690 -8.197509 0.000005 -0.000006 0.000006 0.000001 0.000005 -0.000002 0.000000 -0.000000 0.000001 9.104498 -0.043001 -1.865101 0.108202 3.079164 -6.987591 0.000005 -0.000012 0.000002 0.000002 -0.000000 0.000004 -0.000001 0.000000 0.000001 8.077798 -0.486890 -3.806301 0.089442 2.906232 -5.290077 0.000003 -0.000002 -0.000010 0.000000 -0.000005 0.000025 0.000000 -0.000001 -0.000000 -8.207796 -6.751703 -1.599540 -48.154476 -3.591112 -48.319695 6.871318 -10.004109 -4.964634 -7.268881 -17.939577 11.176369 3.859004 -0.000003 -0.000003 0.000001 0.000000 -0.000002 8.207800 -6.751705 -1.599550 -62.482092 3.501898 57.011859 22.281131 -3.620238 2.954213 29.401833 0.053813 -0.809343 0.145027 -0.000014 -0.000029 -0.000001 -0.000001 0.000000 
0.176823 35.262039 -3.294281 -115.206672 5.478802 3.147014 0.000000 10.181547 0.131523 53.790912 -8.033161 -1.595025 14.452294 -2.540451 2.904999 14.513778 -1.532698 3.001468 0.000000 16.740374 -2.049019 8.082123 0.157414 1.364754 0.000000 9.617843 1.684967 28.114155 3.120509 6.425601 0.000001 22.037384 7.501075 -0.000000 0.000000 0.000000 -4.570001 11.014858 -2.160839 0.566137 -0.020113 -1.614849 30.312103 -9.214755 94.146235 -0.000003 41.605933 0.000011 40.690323 -35.450512 -75.217376 -2.464808 -1.573992 2.681913 -11.630453 11.625162 -20.750857 6.358357 -14.447667 -2.112241 -5.504768 -5.510924 -14.718511 0.000002 -0.000004 0.000003 -9.108294 -0.517870 2.259800 0.083329 -2.854491 7.046420 0.000011 -0.007202 0.088408 0.000001 0.004412 -0.054199 0.000001 0.000002 0.000001 -9.532492 0.000012 -0.000001 0.082086 -2.844314 6.920395 0.000004 -0.008861 0.108735 0.000008 0.005344 -0.065526 0.000000 0.000001 0.000000 -9.103596 -0.043089 -1.865102 0.079705 -2.824400 6.674078 0.000006 -0.006796 0.083420 -0.000001 0.003655 -0.044840 -0.000000 0.000000 0.000000 -8.076706 -0.486721 -3.806301 0.060636 -2.632567 4.306780 0.000009 -0.010634 0.130552 0.000002 0.006031 -0.074011 -0.000000 0.000001 -0.000000 4.570399 11.014660 -2.160813 5.816769 -2.815286 -0.615037 36.106330 6.688025 -105.633452 -0.000005 -34.433183 0.000013 19.018418 20.661724 91.424869 2.466090 -1.576211 2.681698 -12.388627 -9.936137 20.816846 5.987296 12.645730 1.346538 -7.335785 -0.421671 13.147353 0.000003 0.000007 0.000004 9.109295 -0.518020 2.259899 0.287416 3.189500 -8.363680 -0.000004 0.001662 -0.016208 0.000005 -0.001022 0.010024 0.000000 0.000000 0.000000 9.533402 0.000010 -0.000000 0.124656 3.201690 -8.197509 0.000005 -0.000006 0.000006 0.000001 0.000005 -0.000002 0.000000 -0.000000 0.000001 9.104498 -0.043001 -1.865101 0.108202 3.079164 -6.987591 0.000005 -0.000012 0.000002 0.000002 -0.000000 0.000004 -0.000001 0.000000 0.000001 8.077798 -0.486890 -3.806301 0.089442 2.906232 -5.290077 0.000003 -0.000002 -0.000010 0.000000 -0.000005 0.000025 0.000000 -0.000001 -0.000000 -8.207796 -6.751703 -1.599540 -48.154476 -3.591112 -48.319695 6.871318 -10.004109 -4.964634 -7.268881 -17.939577 11.176369 3.859004 -0.000003 -0.000003 0.000001 0.000000 -0.000002 8.207800 -6.751705 -1.599550 -62.482092 3.501898 57.011859 22.281131 -3.620238 2.954213 29.401833 0.053813 -0.809343 0.145027 -0.000014 -0.000029 -0.000001 -0.000001 0.000000 
0.176823 35.262039 -3.294281 -115.206672 5.478802 3.147014 0.000000 10.181547 0.131523 53.790912 -8.033161 -1.595025 14.452294 -2.540451 2.904999 14.513778 -1.532698 3.001468 0.000000 16.740374 -2.049019 8.082123 0.157414 1.364754 0.000000 9.617843 1.684967 28.114155 3.120509 6.425601 0.000001 22.037384 7.501075 -0.000000 0.000000 0.000000 -4.570001 11.014858 -2.160839 0.566137 -0.020113 -1.614849 30.312103 -9.214755 94.146235 -0.000003 41.605933 0.000011 40.690323 -35.450512 -75.217376 -2.464808 -1.573992 2.681913 -11.630453 11.625162 -20.750857 6.358357 -14.447667 -2.112241 -5.504768 -5.510924 -14.718511 0.000002 -0.000004 0.000003 -9.108294 -0.517870 2.259800 0.083329 -2.854491 7.046420 0.000011 -0.007202 0.088408 0.000001 0.004412 -0.054199 0.000001 0.000002 0.000001 -9.532492 0.000012 -0.000001 0.082086 -2.844314 6.920395 0.000004 -0.008861 0.108735 0.000008 0.005344 -0.065526 0.000000 0.000001 0.000000 -9.103596 -0.043089 -1.865102 0.079705 -2.824400 6.674078 0.000006 -0.006796 0.083420 -0.000001 0.003655 -0.044840 -0.000000 0.000000 0.000000 -8.076706 -0.486721 -3.806301 0.060636 -2.632567 4.306780 0.000009 -0.010634 0.130552 0.000002 0.006031 -0.074011 -0.000000 0.000001 -0.000000 4.570399 11.014660 -2.160813 5.816769 -2.815286 -0.615037 36.106330 6.688025 -105.633452 -0.000005 -34.433183 0.000013 19.018418 20.661724 91.424869 2.466090 -1.576211 2.681698 -12.388627 -9.936137 20.816846 5.987296 12.645730 1.346538 -7.335785 -0.421671 13.147353 0.000003 0.000007 0.000004 9.109295 -0.518020 2.259899 0.287416 3.189500 -8.363680 -0.000004 0.001662 -0.016208 0.000005 -0.001022 0.010024 0.000000 0.000000 0.000000 9.533402 0.000010 -0.000000 0.124656 3.201690 -8.197509 0.000005 -0.000006 0.000006 0.000001 0.000005 -0.000002 0.000000 -0.000000 0.000001 9.104498 -0.043001 -1.865101 0.108202 3.079164 -6.987591 0.000005 -0.000012 0.000002 0.000002 -0.000000 0.000004 -0.000001 0.000000 0.000001 8.077798 -0.486890 -3.806301 0.089442 2.906232 -5.290077 0.000003 -0.000002 -0.000010 0.000000 -0.000005 0.000025 0.000000 -0.000001 -0.000000 -8.207796 -6.751703 -1.599540 -48.154476 -3.591112 -48.319695 6.871318 -10.004109 -4.964634 -7.268881 -17.939577 11.176369 3.859004 -0.000003 -0.000003 0.000001 0.000000 -0.000002 8.207800 -6.751705 -1.599550 -62.482092 3.501898 57.011859 22.281131 -3.620238 2.954213 29.401833 0.053813 -0.809343 0.145027 -0.000014 -0.000029 -0.000001 -0.000001 0.000000 
0.176823 35.262039 -3.294281 -115.206672 5.478802 3.147014 0.000000 10.181547 0.131523 53.790912 -8.033161 -1.595025 14.452294 -2.540451 2.904999 14.513778 -1.532698 3.001468 0.000000 16.740374 -2.049019 8.082123 0.157414 1.364754 0.000000 9.617843 1.684967 28.114155 3.120509 6.425601 0.000001 22.037384 7.501075 -0.000000 0.000000 0.000000 -4.570001 11.014858 -2.160839 0.566137 -0.020113 -1.614849 30.312103 -9.214755 94.146235 -0.000003 41.605933 0.000011 40.690323 -35.450512 -75.217376 -2.464808 -1.573992 2.681913 -11.630453 11.625162 -20.750857 6.358357 -14.447667 -2.112241 -5.504768 -5.510924 -14.718511 0.000002 -0.000004 0.000003 -9.108294 -0.517870 2.259800 0.083329 -2.854491 7.046420 0.000011 -0.007202 0.088408 0.000001 0.004412 -0.054199 0.000001 0.000002 0.000001 -9.532492 0.000012 -0.000001 0.082086 -2.844314 6.920395 0.000004 -0.008861 0.108735 0.000008 0.005344 -0.065526 0.000000 0.000001 0.000000 -9.103596 -0.043089 -1.865102 0.079705 -2.824400 6.674078 0.000006 -0.006796 0.083420 -0.000001 0.003655 -0.044840 -0.000000 0.000000 0.000000 -8.076706 -0.486721 -3.806301 0.060636 -2.632567 4.306780 0.000009 -0.010634 0.130552 0.000002 0.006031 -0.074011 -0.000000 0.000001 -0.000000 4.570399 11.014660 -2.160813 5.816769 -2.815286 -0.615037 36.106330 6.688025 -105.633452 -0.000005 -34.433183 0.000013 19.018418 20.661724 91.424869 2.466090 -1.576211 2.681698 -12.388627 -9.936137 20.816846 5.987296 12.645730 1.346538 -7.335785 -0.421671 13.147353 0.000003 0.000007 0.000004 9.109295 -0.518020 2.259899 0.287416 3.189500 -8.363680 -0.000004 0.001662 -0.016208 0.000005 -0.001022 0.010024 0.000000 0.000000 0.000000 9.533402 0.000010 -0.000000 0.124656 3.201690 -8.197509 0.000005 -0.000006 0.000006 0.000001 0.000005 -0.000002 0.000000 -0.000000 0.000001 9.104498 -0.043001 -1.865101 0.108202 3.079164 -6.987591 0.000005 -0.000012 0.000002 0.000002 -0.000000 0.000004 -0.000001 0.000000 0.000001 8.077798 -0.486890 -3.806301 0.089442 2.906232 -5.290077 0.000003 -0.000002 -0.000010 0.000000 -0.000005 0.000025 0.000000 -0.000001 -0.000000 -8.207796 -6.751703 -1.599540 -48.154476 -3.591112 -48.319695 6.871318 -10.004109 -4.964634 -7.268881 -17.939577 11.176369 3.859004 -0.000003 -0.000003 0.000001 0.000000 -0.000002 8.207800 -6.751705 -1.599550 -62.482092 3.501898 57.011859 22.281131 -3.620238 2.954213 29.401833 0.053813 -0.809343 0.145027 -0.000014 -0.000029 -0.000001 -0.000001 0.000000 
0.176823 35.262039 -3.294281 -115.206672 5.478802 3.147014 0.000000 10.181547 0.131523 53.790912 -8.033161 -1.595025 14.452294 -2.540451 2.904999 14.513778 -1.532698 3.001468 0.000000 16.740374 -2.049019 8.082123 0.157414 1.364754 0.000000 9.617843 1.684967 28.114155 3.120509 6.425601 0.000001 22.037384 7.501075 -0.000000 0.000000 0.000000 -4.570001 11.014858 -2.160839 0.566137 -0.020113 -1.614849 30.312103 -9.214755 94.146235 -0.000003 41.605933 0.000011 40.690323 -35.450512 -75.217376 -2.464808 -1.573992 2.681913 -11.630453 11.625162 -20.750857 6.358357 -14.447667 -2.112241 -5.504768 -5.510924 -14.718511 0.000002 -0.000004 0.000003 -9.108294 -0.517870 2.259800 0.083329 -2.854491 7.046420 0.000011 -0.007202 0.088408 0.000001 0.004412 -0.054199 0.000001 0.000002 0.000001 -9.532492 0.000012 -0.000001 0.082086 -2.844314 6.920395 0.000004 -0.008861 0.108735 0.000008 0.005344 -0.065526 0.000000 0.000001 0.000000 -9.103596 -0.043089 -1.865102 0.079705 -2.824400 6.674078 0.000006 -0.006796 0.083420 -0.000001 0.003655 -0.044840 -0.000000 0.000000 0.000000 -8.076706 -0.486721 -3.806301 0.060636 -2.632567 4.306780 0.000009 -0.010634 0.130552 0.000002 0.006031 -0.074011 -0.000000 0.000001 -0.000000 4.570399 11.014660 -2.160813 5.816769 -2.815286 -0.615037 36.106330 6.688025 -105.633452 -0.000005 -34.433183 0.000013 19.018418 20.661724 91.424869 2.466090 -1.576211 2.681698 -12.388627 -9.936137 20.816846 5.987296 12.645730 1.346538 -7.335785 -0.421671 13.147353 0.000003 0.000007 0.000004 9.109295 -0.518020 2.259899 0.287416 3.189500 -8.363680 -0.000004 0.001662 -0.016208 0.000005 -0.001022 0.010024 0.000000 0.000000 0.000000 9.533402 0.000010 -0.000000 0.124656 3.201690 -8.197509 0.000005 -0.000006 0.000006 0.000001 0.000005 -0.000002 0.000000 -0.000000 0.000001 9.104498 -0.043001 -1.865101 0.108202 3.079164 -6.987591 0.000005 -0.000012 0.000002 0.000002 -0.000000 0.000004 -0.000001 0.000000 0.000001 8.077798 -0.486890 -3.806301 0.089442 2.906232 -5.290077 0.000003 -0.000002 -0.000010 0.000000 -0.000005 0.000025 0.000000 -0.000001 -0.000000 -8.207796 -6.751703 -1.599540 -48.154476 -3.591112 -48.319695 6.871318 -10.004109 -4.964634 -7.268881 -17.939577 11.176369 3.859004 -0.000003 -0.000003 0.000001 0.000000 -0.000002 8.207800 -6.751705 -1.599550 -62.482092 3.501898 57.011859 22.281131 -3.620238 2.954213 29.401833 0.053813 -0.809343 0.145027 -0.000014 -0.000029 -0.000001 -0.000001 0.000000 
0.176823 35.262039 -3.294281 -115.206672 5.478802 3.147014 0.000000 10.181547 0.131523 53.790912 -8.033161 -1.595025 14.452294 -2.540451 2.904999 14.513778 -1.532698 3.001468 0.000000 16.740374 -2.049019 8.082123 0.157414 1.364754 0.000000 9.617843 1.684967 28.114155 3.120509 6.425601 0.000001 22.037384 7.501075 -0.000000 0.000000 0.000000 -4.570001 11.014858 -2.160839 0.566137 -0.020113 -1.614849 30.312103 -9.214755 94.146235 -0.000003 41.605933 0.000011 40.690323 -35.450512 -75.217376 -2.464808 -1.573992 2.681913 -11.630453 11.625162 -20.750857 6.358357 -14.447667 -2.112241 -5.504768 -5.510924 -14.718511 0.000002 -0.000004 0.000003 -9.108294 -0.517870 2.259800 0.083329 -2.854491 7.046420 0.000011 -0.007202 0.088408 0.000001 0.004412 -0.054199 0.000001 0.000002 0.000001 -9.532492 0.000012 -0.000001 0.082086 -2.844314 6.920395 0.000004 -0.008861 0.108735 0.000008 0.005344 -0.065526 0.000000 0.000001 0.000000 -9.103596 -0.043089 -1.865102 0.079705 -2.824400 6.674078 0.000006 -0.006796 0.083420 -0.000001 0.003655 -0.044840 -0.000000 0.000000 0.000000 -8.076706 -0.486721 -3.806301 0.060636 -2.632567 4.306780 0.000009 -0.010634 0.130552 0.000002 0.006031 -0.074011 -0.000000 0.000001 -0.000000 4.570399 11.014660 -2.160813 5.816769 -2.815286 -0.615037 36.106330 6.688025 -105.633452 -0.000005 -34.433183 0.000013 19.018418 20.661724 91.424869 2.466090 -1.576211 2.681698 -12.388627 -9.936137 20.816846 5.987296 12.645730 1.346538 -7.335785 -0.421671 13.147353 0.000003 0.000007 0.000004 9.109295 -0.518020 2.259899 0.287416 3.189500 -8.363680 -0.000004 0.001662 -0.016208 0.000005 -0.001022 0.010024 0.000000 0.000000 0.000000 9.533402 0.000010 -0.000000 0.124656 3.201690 -8.197509 0.000005 -0.000006 0.000006 0.000001 0.000005 -0.000002 0.000000 -0.000000 0.000001 9.104498 -0.043001 -1.865101 0.108202 3.079164 -6.987591 0.000005 -0.000012 0.000002 0.000002 -0.000000 0.000004 -0.000001 0.000000 0.000001 8.077798 -0.486890 -3.806301 0.089442 2.906232 -5.290077 0.000003 -0.000002 -0.000010 0.000000 -0.000005 0.000025 0.000000 -0.000001 -0.000000 -8.207796 -6.751703 -1.599540 -48.154476 -3.591112 -48.319695 6.871318 -10.004109 -4.964634 -7.268881 -17.939577 11.176369 3.859004 -0.000003 -0.000003 0.000001 0.000000 -0.000002 8.207800 -6.751705 -1.599550 -62.482092 3.501898 57.011859 22.281131 -3.620238 2.954213 29.401833 0.053813 -0.809343 0.145027 -0.000014 -0.000029 -0.000001 -0.000001 0.000000 
0.176823 35.262039 -3.294281 -115.206672 5.478802 3.147014 0.000000 10.181547 0.131523 53.790912 -8.033161 -1.595025 14.452294 -2.540451 2.904999 14.513778 -1.532698 3.001468 0.000000 16.740374 -2.049019 8.082123 0.157414 1.364754 0.000000 9.617843 1.684967 28.114155 3.120509 6.425601 0.000001 22.037384 7.501075 -0.000000 0.000000 0.000000 -4.570001 11.014858 -2.160839 0.566137 -0.020113 -1.614849 30.312103 -9.214755 94.146235 -0.000003 41.605933 0.000011 40.690323 -35.450512 -75.217376 -2.464808 -1.573992 2.681913 -11.630453 11.625162 -20.750857 6.358357 -14.447667 -2.112241 -5.504768 -5.510924 -14.718511 0.000002 -0.000004 0.000003 -9.108294 -0.517870 2.259800 0.083329 -2.854491 7.046420 0.000011 -0.007202 0.088408 0.000001 0.004412 -0.054199 0.000001 0.000002 0.000001 -9.532492 0.000012 -0.000001 0.082086 -2.844314 6.920395 0.000004 -0.008861 0.108735 0.000008 0.005344 -0.065526 0.000000 0.000001 0.000000 -9.103596 -0.043089 -1.865102 0.079705 -2.824400 6.674078 0.000006 -0.006796 0.083420 -0.000001 0.003655 -0.044840 -0.000000 0.000000 0.000000 -8.076706 -0.486721 -3.806301 0.060636 -2.632567 4.306780 0.000009 -0.010634 0.130552 0.000002 0.006031 -0.074011 -0.000000 0.000001 -0.000000 4.570399 11.014660 -2.160813 5.816769 -2.815286 -0.615037 36.106330 6.688025 -105.633452 -0.000005 -34.433183 0.000013 19.018418 20.661724 91.424869 2.466090 -1.576211 2.681698 -12.388627 -9.936137 20.816846 5.987296 12.645730 1.346538 -7.335785 -0.421671 13.147353 0.000003 0.000007 0.000004 9.109295 -0.518020 2.259899 0.287416 3.189500 -8.363680 -0.000004 0.001662 -0.016208 0.000005 -0.001022 0.010024 0.000000 0.000000 0.000000 9.533402 0.000010 -0.000000 0.124656 3.201690 -8.197509 0.000005 -0.000006 0.000006 0.000001 0.000005 -0.000002 0.000000 -0.000000 0.000001 9.104498 -0.043001 -1.865101 0.108202 3.079164 -6.987591 0.000005 -0.000012 0.000002 0.000002 -0.000000 0.000004 -0.000001 0.000000 0.000001 8.077798 -0.486890 -3.806301 0.089442 2.906232 -5.290077 0.000003 -0.000002 -0.000010 0.000000 -0.000005 0.000025 0.000000 -0.000001 -0.000000 -8.207796 -6.751703 -1.599540 -48.154476 -3.591112 -48.319695 6.871318 -10.004109 -4.964634 -7.268881 -17.939577 11.176369 3.859004 -0.000003 -0.000003 0.000001 0.000000 -0.000002 8.207800 -6.751705 -1.599550 -62.482092 3.501898 57.011859 22.281131 -3.620238 2.954213 29.401833 0.053813 -0.809343 0.145027 -0.000014 -0.000029 -0.000001 -0.000001 0.000000 
0.176823 35.262039 -3.294281 -115.206672 5.478802 3.147014 0.000000 10.181547 0.131523 53.790912 -8.033161 -1.595025 14.452294 -2.540451 2.904999 14.513778 -1.532698 3.001468 0.000000 16.740374 -2.049019 8.082123 0.157414 1.364754 0.000000 9.617843 1.684967 28.114155 3.120509 6.425601 0.000001 22.037384 7.501075 -0.000000 0.000000 0.000000 -4.570001 11.014858 -2.160839 0.566137 -0.020113 -1.614849 30.312103 -9.214755 94.146235 -0.000003 41.605933 0.000011 40.690323 -35.450512 -75.217376 -2.464808 -1.573992 2.681913 -11.630453 11.625162 -20.750857 6.358357 -14.447667 -2.112241 -5.504768 -5.510924 -14.718511 0.000002 -0.000004 0.000003 -9.108294 -0.517870 2.259800 0.083329 -2.854491 7.046420 0.000011 -0.007202 0.088408 0.000001 0.004412 -0.054199 0.000001 0.000002 0.000001 -9.532492 0.000012 -0.000001 0.082086 -2.844314 6.920395 0.000004 -0.008861 0.108735 0.000008 0.005344 -0.065526 0.000000 0.000001 0.000000 -9.103596 -0.043089 -1.865102 0.079705 -2.824400 6.674078 0.000006 -0.006796 0.083420 -0.000001 0.003655 -0.044840 -0.000000 0.000000 0.000000 -8.076706 -0.486721 -3.806301 0.060636 -2.632567 4.306780 0.000009 -0.010634 0.130552 0.000002 0.006031 -0.074011 -0.000000 0.000001 -0.000000 4.570399 11.014660 -2.160813 5.816769 -2.815286 -0.615037 36.106330 6.688025 -105.633452 -0.000005 -34.433183 0.000013 19.018418 20.661724 91.424869 2.466090 -1.576211 2.681698 -12.388627 -9.936137 20.816846 5.987296 12.645730 1.346538 -7.335785 -0.421671 13.147353 0.000003 0.000007 0.000004 9.109295 -0.518020 2.259899 0.287416 3.189500 -8.363680 -0.000004 0.001662 -0.016208 0.000005 -0.001022 0.010024 0.000000 0.000000 0.000000 9.533402 0.000010 -0.000000 0.124656 3.201690 -8.197509 0.000005 -0.000006 0.000006 0.000001 0.000005 -0.000002 0.000000 -0.000000 0.000001 9.104498 -0.043001 -1.865101 0.108202 3.079164 -6.987591 0.000005 -0.000012 0.000002 0.000002 -0.000000 0.000004 -0.000001 0.000000 0.000001 8.077798 -0.486890 -3.806301 0.089442 2.906232 -5.290077 0.000003 -0.000002 -0.000010 0.000000 -0.000005 0.000025 0.000000 -0.000001 -0.000000 -8.207796 -6.751703 -1.599540 -48.154476 -3.591112 -48.319695 6.871318 -10.004109 -4.964634 -7.268881 -17.939577 11.176369 3.859004 -0.000003 -0.000003 0.000001 0.000000 -0.000002 8.207800 -6.751705 -1.599550 -62.482092 3.501898 57.011859 22.281131 -3.620238 2.954213 29.401833 0.053813 -0.809343 0.145027 -0.000014 -0.000029 -0.000001 -0.000001 0.000000 
0.176823 35.262039 -3.294281 -115.206672 5.478802 3.147014 0.000000 10.181547 0.131523 53.790912 -8.033161 -1.595025 14.452294 -2.540451 2.904999 14.513778 -1.532698 3.001468 0.000000 16.740374 -2.049019 8.082123 0.157414 1.364754 0.000000 9.617843 1.684967 28.114155 3.120509 6.425601 0.000001 22.037384 7.501075 -0.000000 0.000000 0.000000 -4.570001 11.014858 -2.160839 0.566137 -0.020113 -1.614849 30.312103 -9.214755 94.146235 -0.000003 41.605933 0.000011 40.690323 -35.450512 -75.217376 -2.464808 -1.573992 2.681913 -11.630453 11.625162 -20.750857 6.358357 -14.447667 -2.112241 -5.504768 -5.510924 -14.718511 0.000002 -0.000004 0.000003 -9.108294 -0.517870 2.259800 0.083329 -2.854491 7.046420 0.000011 -0.007202 0.088408 0.000001 0.004412 -0.054199 0.000001 0.000002 0.000001 -9.532492 0.000012 -0.000001 0.082086 -2.844314 6.920395 0.000004 -0.008861 0.108735 0.000008 0.005344 -0.065526 0.000000 0.000001 0.000000 -9.103596 -0.043089 -1.865102 0.079705 -2.824400 6.674078 0.000006 -0.006796 0.083420 -0.000001 0.003655 -0.044840 -0.000000 0.000000 0.000000 -8.076706 -0.486721 -3.806301 0.060636 -2.632567 4.306780 0.000009 -0.010634 0.130552 0.000002 0.006031 -0.074011 -0.000000 0.000001 -0.000000 4.570399 11.014660 -2.160813 5.816769 -2.815286 -0.615037 36.106330 6.688025 -105.633452 -0.000005 -34.433183 0.000013 19.018418 20.661724 91.424869 2.466090 -1.576211 2.681698 -12.388627 -9.936137 20.816846 5.987296 12.645730 1.346538 -7.335785 -0.421671 13.147353 0.000003 0.000007 0.000004 9.109295 -0.518020 2.259899 0.287416 3.189500 -8.363680 -0.000004 0.001662 -0.016208 0.000005 -0.001022 0.010024 0.000000 0.000000 0.000000 9.533402 0.000010 -0.000000 0.124656 3.201690 -8.197509 0.000005 -0.000006 0.000006 0.000001 0.000005 -0.000002 0.000000 -0.000000 0.000001 9.104498 -0.043001 -1.865101 0.108202 3.079164 -6.987591 0.000005 -0.000012 0.000002 0.000002 -0.000000 0.000004 -0.000001 0.000000 0.000001 8.077798 -0.486890 -3.806301 0.089442 2.906232 -5.290077 0.000003 -0.000002 -0.000010 0.000000 -0.000005 0.000025 0.000000 -0.000001 -0.000000 -8.207796 -6.751703 -1.599540 -48.154476 -3.591112 -48.319695 6.871318 -10.004109 -4.964634 -7.268881 -17.939577 11.176369 3.859004 -0.000003 -0.000003 0.000001 0.000000 -0.000002 8.207800 -6.751705 -1.599550 -62.482092 3.501898 57.011859 22.281131 -3.620238 2.954213 29.401833 0.053813 -0.809343 0.145027 -0.000014 -0.000029 -0.000001 -0.000001 0.000000 
0.176823 35.262039 -3.294281 -115.206672 5.478802 3.147014 0.000000 10.181547 0.131523 53.790912 -8.033161 -1.595025 14.452294 -2.540451 2.904999 14.513778 -1.532698 3.001468 0.000000 16.740374 -2.049019 8.082123 0.157414 1.364754 0.000000 9.617843 1.684967 28.114155 3.120509 6.425601 0.000001 22.037384 7.501075 -0.000000 0.000000 0.000000 -4.570001 11.014858 -2.160839 0.566137 -0.020113 -1.614849 30.312103 -9.214755 94.146235 -0.000003 41.605933 0.000011 40.690323 -35.450512 -75.217376 -2.464808 -1.573992 2.681913 -11.630453 11.625162 -20.750857 6.358357 -14.447667 -2.112241 -5.504768 -5.510924 -14.718511 0.000002 -0.000004 0.000003 -9.108294 -0.517870 2.259800 0.083329 -2.854491 7.046420 0.000011 -0.007202 0.088408 0.000001 0.004412 -0.054199 0.000001 0.000002 0.000001 -9.532492 0.000012 -0.000001 0.082086 -2.844314 6.920395 0.000004 -0.008861 0.108735 0.000008 0.005344 -0.065526 0.000000 0.000001 0.000000 -9.103596 -0.043089 -1.865102 0.079705 -2.824400 6.674078 0.000006 -0.006796 0.083420 -0.000001 0.003655 -0.044840 -0.000000 0.000000 0.000000 -8.076706 -0.486721 -3.806301 0.060636 -2.632567 4.306780 0.000009 -0.010634 0.130552 0.000002 0.006031 -0.074011 -0.000000 0.000001 -0.000000 4.570399 11.014660 -2.160813 5.816769 -2.815286 -0.615037 36.106330 6.688025 -105.633452 -0.000005 -34.433183 0.000013 19.018418 20.661724 91.424869 2.466090 -1.576211 2.681698 -12.388627 -9.936137 20.816846 5.987296 12.645730 1.346538 -7.335785 -0.421671 13.147353 0.000003 0.000007 0.000004 9.109295 -0.518020 2.259899 0.287416 3.189500 -8.363680 -0.000004 0.001662 -0.016208 0.000005 -0.001022 0.010024 0.000000 0.000000 0.000000 9.533402 0.000010 -0.000000 0.124656 3.201690 -8.197509 0.000005 -0.000006 0.000006 0.000001 0.000005 -0.000002 0.000000 -0.000000 0.000001 9.104498 -0.043001 -1.865101 0.108202 3.079164 -6.987591 0.000005 -0.000012 0.000002 0.000002 -0.000000 0.000004 -0.000001 0.000000 0.000001 8.077798 -0.486890 -3.806301 0.089442 2.906232 -5.290077 0.000003 -0.000002 -0.000010 0.000000 -0.000005 0.000025 0.000000 -0.000001 -0.000000 -8.207796 -6.751703 -1.599540 -48.154476 -3.591112 -48.319695 6.871318 -10.004109 -4.964634 -7.268881 -17.939577 11.176369 3.859004 -0.000003 -0.000003 0.000001 0.000000 -0.000002 8.207800 -6.751705 -1.599550 -62.482092 3.501898 57.011859 22.281131 -3.620238 2.954213 29.401833 0.053813 -0.809343 0.145027 -0.000014 -0.000029 -0.000001 -0.000001 0.000000 
0.176823 35.262039 -3.294281 -115.206672 5.478802 3.147014 0.000000 10.181547 0.131523 53.790912 -8.033161 -1.595025 14.452294 -2.540451 2.904999 14.513778 -1.532698 3.001468 0.000000 16.740374 -2.049019 8.082123 0.157414 1.364754 0.000000 9.617843 1.684967 28.114155 3.120509 6.425601 0.000001 22.037384 7.501075 -0.000000 0.000000 0.000000 -4.570001 11.014858 -2.160839 0.566137 -0.020113 -1.614849 30.312103 -9.214755 94.146235 -0.000003 41.605933 0.000011 40.690323 -35.450512 -75.217376 -2.464808 -1.573992 2.681913 -11.630453 11.625162 -20.750857 6.358357 -14.447667 -2.112241 -5.504768 -5.510924 -14.718511 0.000002 -0.000004 0.000003 -9.108294 -0.517870 2.259800 0.083329 -2.854491 7.046420 0.000011 -0.007202 0.088408 0.000001 0.004412 -0.054199 0.000001 0.000002 0.000001 -9.532492 0.000012 -0.000001 0.082086 -2.844314 6.920395 0.000004 -0.008861 0.108735 0.000008 0.005344 -0.065526 0.000000 0.000001 0.000000 -9.103596 -0.043089 -1.865102 0.079705 -2.824400 6.674078 0.000006 -0.006796 0.083420 -0.000001 0.003655 -0.044840 -0.000000 0.000000 0.000000 -8.076706 -0.486721 -3.806301 0.060636 -2.632567 4.306780 0.000009 -0.010634 0.130552 0.000002 0.006031 -0.074011 -0.000000 0.000001 -0.000000 4.570399 11.014660 -2.160813 5.816769 -2.815286 -0.615037 36.106330 6.688025 -105.633452 -0.000005 -34.433183 0.000013 19.018418 20.661724 91.424869 2.466090 -1.576211 2.681698 -12.388627 -9.936137 20.816846 5.987296 12.645730 1.346538 -7.335785 -0.421671 13.147353 0.000003 0.000007 0.000004 9.109295 -0.518020 2.259899 0.287416 3.189500 -8.363680 -0.000004 0.001662 -0.016208 0.000005 -0.001022 0.010024 0.000000 0.000000 0.000000 9.533402 0.000010 -0.000000 0.124656 3.201690 -8.197509 0.000005 -0.000006 0.000006 0.000001 0.000005 -0.000002 0.000000 -0.000000 0.000001 9.104498 -0.043001 -1.865101 0.108202 3.079164 -6.987591 0.000005 -0.000012 0.000002 0.000002 -0.000000 0.000004 -0.000001 0.000000 0.000001 8.077798 -0.486890 -3.806301 0.089442 2.906232 -5.290077 0.000003 -0.000002 -0.000010 0.000000 -0.000005 0.000025 0.000000 -0.000001 -0.000000 -8.207796 -6.751703 -1.599540 -48.154476 -3.591112 -48.319695 6.871318 -10.004109 -4.964634 -7.268881 -17.939577 11.176369 3.859004 -0.000003 -0.000003 0.000001 0.000000 -0.000002 8.207800 -6.751705 -1.599550 -62.482092 3.501898 57.011859 22.281131 -3.620238 2.954213 29.401833 0.053813 -0.809343 0.145027 -0.000014 -0.000029 -0.000001 -0.000001 0.000000 
0.176823 35.262039 -3.294281 -115.206672 5.478802 3.147014 0.000000 10.181547 0.131523 53.790912 -8.033161 -1.595025 14.452294 -2.540451 2.904999 14.513778 -1.532698 3.001468 0.000000 16.740374 -2.049019 8.082123 0.157414 1.364754 0.000000 9.617843 1.684967 28.114155 3.120509 6.425601 0.000001 22.037384 7.501075 -0.000000 0.000000 0.000000 -4.570001 11.014858 -2.160839 0.566137 -0.020113 -1.614849 30.312103 -9.214755 94.146235 -0.000003 41.605933 0.000011 40.690323 -35.450512 -75.217376 -2.464808 -1.573992 2.681913 -11.630453 11.625162 -20.750857 6.358357 -14.447667 -2.112241 -5.504768 -5.510924 -14.718511 0.000002 -0.000004 0.000003 -9.108294 -0.517870 2.259800 0.083329 -2.854491 7.046420 0.000011 -0.007202 0.088408 0.000001 0.004412 -0.054199 0.000001 0.000002 0.000001 -9.532492 0.000012 -0.000001 0.082086 -2.844314 6.920395 0.000004 -0.008861 0.108735 0.000008 0.005344 -0.065526 0.000000 0.000001 0.000000 -9.103596 -0.043089 -1.865102 0.079705 -2.824400 6.674078 0.000006 -0.006796 0.083420 -0.000001 0.003655 -0.044840 -0.000000 0.000000 0.000000 -8.076706 -0.486721 -3.806301 0.060636 -2.632567 4.306780 0.000009 -0.010634 0.130552 0.000002 0.006031 -0.074011 -0.000000 0.000001 -0.000000 4.570399 11.014660 -2.160813 5.816769 -2.815286 -0.615037 36.106330 6.688025 -105.633452 -0.000005 -34.433183 0.000013 19.018418 20.661724 91.424869 2.466090 -1.576211 2.681698 -12.388627 -9.936137 20.816846 5.987296 12.645730 1.346538 -7.335785 -0.421671 13.147353 0.000003 0.000007 0.000004 9.109295 -0.518020 2.259899 0.287416 3.189500 -8.363680 -0.000004 0.001662 -0.016208 0.000005 -0.001022 0.010024 0.000000 0.000000 0.000000 9.533402 0.000010 -0.000000 0.124656 3.201690 -8.197509 0.000005 -0.000006 0.000006 0.000001 0.000005 -0.000002 0.000000 -0.000000 0.000001 9.104498 -0.043001 -1.865101 0.108202 3.079164 -6.987591 0.000005 -0.000012 0.000002 0.000002 -0.000000 0.000004 -0.000001 0.000000 0.000001 8.077798 -0.486890 -3.806301 0.089442 2.906232 -5.290077 0.000003 -0.000002 -0.000010 0.000000 -0.000005 0.000025 0.000000 -0.000001 -0.000000 -8.207796 -6.751703 -1.599540 -48.154476 -3.591112 -48.319695 6.871318 -10.004109 -4.964634 -7.268881 -17.939577 11.176369 3.859004 -0.000003 -0.000003 0.000001 0.000000 -0.000002 8.207800 -6.751705 -1.599550 -62.482092 3.501898 57.011859 22.281131 -3.620238 2.954213 29.401833 0.053813 -0.809343 0.145027 -0.000014 -0.000029 -0.000001 -0.000001 0.000000 
0.176823 35.262039 -3.294281 -115.206672 5.478802 3.147014 0.000000 10.181547 0.131523 53.790912 -8.033161 -1.595025 14.452294 -2.540451 2.904999 14.513778 -1.532698 3.001468 0.000000 16.740374 -2.049019 8.082123 0.157414 1.364754 0.000000 9.617843 1.684967 28.114155 3.120509 6.425601 0.000001 22.037384 7.501075 -0.000000 0.000000 0.000000 -4.570001 11.014858 -2.160839 0.566137 -0.020113 -1.614849 30.312103 -9.214755 94.146235 -0.000003 41.605933 0.000011 40.690323 -35.450512 -75.217376 -2.464808 -1.573992 2.681913 -11.630453 11.625162 -20.750857 6.358357 -14.447667 -2.112241 -5.504768 -5.510924 -14.718511 0.000002 -0.000004 0.000003 -9.108294 -0.517870 2.259800 0.083329 -2.854491 7.046420 0.000011 -0.007202 0.088408 0.000001 0.004412 -0.054199 0.000001 0.000002 0.000001 -9.532492 0.000012 -0.000001 0.082086 -2.844314 6.920395 0.000004 -0.008861 0.108735 0.000008 0.005344 -0.065526 0.000000 0.000001 0.000000 -9.103596 -0.043089 -1.865102 0.079705 -2.824400 6.674078 0.000006 -0.006796 0.083420 -0.000001 0.003655 -0.044840 -0.000000 0.000000 0.000000 -8.076706 -0.486721 -3.806301 0.060636 -2.632567 4.306780 0.000009 -0.010634 0.130552 0.000002 0.006031 -0.074011 -0.000000 0.000001 -0.000000 4.570399 11.014660 -2.160813 5.816769 -2.815286 -0.615037 36.106330 6.688025 -105.633452 -0.000005 -34.433183 0.000013 19.018418 20.661724 91.424869 2.466090 -1.576211 2.681698 -12.388627 -9.936137 20.816846 5.987296 12.645730 1.346538 -7.335785 -0.421671 13.147353 0.000003 0.000007 0.000004 9.109295 -0.518020 2.259899 0.287416 3.189500 -8.363680 -0.000004 0.001662 -0.016208 0.000005 -0.001022 0.010024 0.000000 0.000000 0.000000 9.533402 0.000010 -0.000000 0.124656 3.201690 -8.197509 0.000005 -0.000006 0.000006 0.000001 0.000005 -0.000002 0.000000 -0.000000 0.000001 9.104498 -0.043001 -1.865101 0.108202 3.079164 -6.987591 0.000005 -0.000012 0.000002 0.000002 -0.000000 0.000004 -0.000001 0.000000 0.000001 8.077798 -0.486890 -3.806301 0.089442 2.906232 -5.290077 0.000003 -0.000002 -0.000010 0.000000 -0.000005 0.000025 0.000000 -0.000001 -0.000000 -8.207796 -6.751703 -1.599540 -48.154476 -3.591112 -48.319695 6.871318 -10.004109 -4.964634 -7.268881 -17.939577 11.176369 3.859004 -0.000003 -0.000003 0.000001 0.000000 -0.000002 8.207800 -6.751705 -1.599550 -62.482092 3.501898 57.011859 22.281131 -3.620238 2.954213 29.401833 0.053813 -0.809343 0.145027 -0.000014 -0.000029 -0.000001 -0.000001 0.000000 
0.176823 35.262039 -3.294281 -115.206672 5.478802 3.147014 0.000000 10.181547 0.131523 53.790912 -8.033161 -1.595025 14.452294 -2.540451 2.904999 14.513778 -1.532698 3.001468 0.000000 16.740374 -2.049019 8.082123 0.157414 1.364754 0.000000 9.617843 1.684967 28.114155 3.120509 6.425601 0.000001 22.037384 7.501075 -0.000000 0.000000 0.000000 -4.570001 11.014858 -2.160839 0.566137 -0.020113 -1.614849 30.312103 -9.214755 94.146235 -0.000003 41.605933 0.000011 40.690323 -35.450512 -75.217376 -2.464808 -1.573992 2.681913 -11.630453 11.625162 -20.750857 6.358357 -14.447667 -2.112241 -5.504768 -5.510924 -14.718511 0.000002 -0.000004 0.000003 -9.108294 -0.517870 2.259800 0.083329 -2.854491 7.046420 0.000011 -0.007202 0.088408 0.000001 0.004412 -0.054199 0.000001 0.000002 0.000001 -9.532492 0.000012 -0.000001 0.082086 -2.844314 6.920395 0.000004 -0.008861 0.108735 0.000008 0.005344 -0.065526 0.000000 0.000001 0.000000 -9.103596 -0.043089 -1.865102 0.079705 -2.824400 6.674078 0.000006 -0.006796 0.083420 -0.000001 0.003655 -0.044840 -0.000000 0.000000 0.000000 -8.076706 -0.486721 -3.806301 0.060636 -2.632567 4.306780 0.000009 -0.010634 0.130552 0.000002 0.006031 -0.074011 -0.000000 0.000001 -0.000000 4.570399 11.014660 -2.160813 5.816769 -2.815286 -0.615037 36.106330 6.688025 -105.633452 -0.000005 -34.433183 0.000013 19.018418 20.661724 91.424869 2.466090 -1.576211 2.681698 -12.388627 -9.936137 20.816846 5.987296 12.645730 1.346538 -7.335785 -0.421671 13.147353 0.000003 0.000007 0.000004 9.109295 -0.518020 2.259899 0.287416 3.189500 -8.363680 -0.000004 0.001662 -0.016208 0.000005 -0.001022 0.010024 0.000000 0.000000 0.000000 9.533402 0.000010 -0.000000 0.124656 3.201690 -8.197509 0.000005 -0.000006 0.000006 0.000001 0.000005 -0.000002 0.000000 -0.000000 0.000001 9.104498 -0.043001 -1.865101 0.108202 3.079164 -6.987591 0.000005 -0.000012 0.000002 0.000002 -0.000000 0.000004 -0.000001 0.000000 0.000001 8.077798 -0.486890 -3.806301 0.089442 2.906232 -5.290077 0.000003 -0.000002 -0.000010 0.000000 -0.000005 0.000025 0.000000 -0.000001 -0.000000 -8.207796 -6.751703 -1.599540 -48.154476 -3.591112 -48.319695 6.871318 -10.004109 -4.964634 -7.268881 -17.939577 11.176369 3.859004 -0.000003 -0.000003 0.000001 0.000000 -0.000002 8.207800 -6.751705 -1.599550 -62.482092 3.501898 57.011859 22.281131 -3.620238 2.954213 29.401833 0.053813 -0.809343 0.145027 -0.000014 -0.000029 -0.000001 -0.000001 0.000000 
0.176823 35.262039 -3.294281 -115.206672 5.478802 3.147014 0.000000 10.181547 0.131523 53.790912 -8.033161 -1.595025 14.452294 -2.540451 2.904999 14.513778 -1.532698 3.001468 0.000000 16.740374 -2.049019 8.082123 0.157414 1.364754 0.000000 9.617843 1.684967 28.114155 3.120509 6.425601 0.000001 22.037384 7.501075 -0.000000 0.000000 0.000000 -4.570001 11.014858 -2.160839 0.566137 -0.020113 -1.614849 30.312103 -9.214755 94.146235 -0.000003 41.605933 0.000011 40.690323 -35.450512 -75.217376 -2.464808 -1.573992 2.681913 -11.630453 11.625162 -20.750857 6.358357 -14.447667 -2.112241 -5.504768 -5.510924 -14.718511 0.000002 -0.000004 0.000003 -9.108294 -0.517870 2.259800 0.083329 -2.854491 7.046420 0.000011 -0.007202 0.088408 0.000001 0.004412 -0.054199 0.000001 0.000002 0.000001 -9.532492 0.000012 -0.000001 0.082086 -2.844314 6.920395 0.000004 -0.008861 0.108735 0.000008 0.005344 -0.065526 0.000000 0.000001 0.000000 -9.103596 -0.043089 -1.865102 0.079705 -2.824400 6.674078 0.000006 -0.006796 0.083420 -0.000001 0.003655 -0.044840 -0.000000 0.000000 0.000000 -8.076706 -0.486721 -3.806301 0.060636 -2.632567 4.306780 0.000009 -0.010634 0.130552 0.000002 0.006031 -0.074011 -0.000000 0.000001 -0.000000 4.570399 11.014660 -2.160813 5.816769 -2.815286 -0.615037 36.106330 6.688025 -105.633452 -0.000005 -34.433183 0.000013 19.018418 20.661724 91.424869 2.466090 -1.576211 2.681698 -12.388627 -9.936137 20.816846 5.987296 12.645730 1.346538 -7.335785 -0.421671 13.147353 0.000003 0.000007 0.000004 9.109295 -0.518020 2.259899 0.287416 3.189500 -8.363680 -0.000004 0.001662 -0.016208 0.000005 -0.001022 0.010024 0.000000 0.000000 0.000000 9.533402 0.000010 -0.000000 0.124656 3.201690 -8.197509 0.000005 -0.000006 0.000006 0.000001 0.000005 -0.000002 0.000000 -0.000000 0.000001 9.104498 -0.043001 -1.865101 0.108202 3.079164 -6.987591 0.000005 -0.000012 0.000002 0.000002 -0.000000 0.000004 -0.000001 0.000000 0.000001 8.077798 -0.486890 -3.806301 0.089442 2.906232 -5.290077 0.000003 -0.000002 -0.000010 0.000000 -0.000005 0.000025 0.000000 -0.000001 -0.000000 -8.207796 -6.751703 -1.599540 -48.154476 -3.591112 -48.319695 6.871318 -10.004109 -4.964634 -7.268881 -17.939577 11.176369 3.859004 -0.000003 -0.000003 0.000001 0.000000 -0.000002 8.207800 -6.751705 -1.599550 -62.482092 3.501898 57.011859 22.281131 -3.620238 2.954213 29.401833 0.053813 -0.809343 0.145027 -0.000014 -0.000029 -0.000001 -0.000001 0.000000 
0.176823 35.262039 -3.294281 -115.206672 5.478802 3.147014 0.000000 10.181547 0.131523 53.790912 -8.033161 -1.595025 14.452294 -2.540451 2.904999 14.513778 -1.532698 3.001468 0.000000 16.740374 -2.049019 8.082123 0.157414 1.364754 0.000000 9.617843 1.684967 28.114155 3.120509 6.425601 0.000001 22.037384 7.501075 -0.000000 0.000000 0.000000 -4.570001 11.014858 -2.160839 0.566137 -0.020113 -1.614849 30.312103 -9.214755 94.146235 -0.000003 41.605933 0.000011 40.690323 -35.450512 -75.217376 -2.464808 -1.573992 2.681913 -11.630453 11.625162 -20.750857 6.358357 -14.447667 -2.112241 -5.504768 -5.510924 -14.718511 0.000002 -0.000004 0.000003 -9.108294 -0.517870 2.259800 0.083329 -2.854491 7.046420 0.000011 -0.007202 0.088408 0.000001 0.004412 -0.054199 0.000001 0.000002 0.000001 -9.532492 0.000012 -0.000001 0.082086 -2.844314 6.920395 0.000004 -0.008861 0.108735 0.000008 0.005344 -0.065526 0.000000 0.000001 0.000000 -9.103596 -0.043089 -1.865102 0.079705 -2.824400 6.674078 0.000006 -0.006796 0.083420 -0.000001 0.003655 -0.044840 -0.000000 0.000000 0.000000 -8.076706 -0.486721 -3.806301 0.060636 -2.632567 4.306780 0.000009 -0.010634 0.130552 0.000002 0.006031 -0.074011 -0.000000 0.000001 -0.000000 4.570399 11.014660 -2.160813 5.816769 -2.815286 -0.615037 36.106330 6.688025 -105.633452 -0.000005 -34.433183 0.000013 19.018418 20.661724 91.424869 2.466090 -1.576211 2.681698 -12.388627 -9.936137 20.816846 5.987296 12.645730 1.346538 -7.335785 -0.421671 13.147353 0.000003 0.000007 0.000004 9.109295 -0.518020 2.259899 0.287416 3.189500 -8.363680 -0.000004 0.001662 -0.016208 0.000005 -0.001022 0.010024 0.000000 0.000000 0.000000 9.533402 0.000010 -0.000000 0.124656 3.201690 -8.197509 0.000005 -0.000006 0.000006 0.000001 0.000005 -0.000002 0.000000 -0.000000 0.000001 9.104498 -0.043001 -1.865101 0.108202 3.079164 -6.987591 0.000005 -0.000012 0.000002 0.000002 -0.000000 0.000004 -0.000001 0.000000 0.000001 8.077798 -0.486890 -3.806301 0.089442 2.906232 -5.290077 0.000003 -0.000002 -0.000010 0.000000 -0.000005 0.000025 0.000000 -0.000001 -0.000000 -8.207796 -6.751703 -1.599540 -48.154476 -3.591112 -48.319695 6.871318 -10.004109 -4.964634 -7.268881 -17.939577 11.176369 3.859004 -0.000003 -0.000003 0.000001 0.000000 -0.000002 8.207800 -6.751705 -1.599550 -62.482092 3.501898 57.011859 22.281131 -3.620238 2.954213 29.401833 0.053813 -0.809343 0.145027 -0.000014 -0.000029 -0.000001 -0.000001 0.000000 
0.176823 35.262039 -3.294281 -115.206672 5.478802 3.147014 0.000000 10.181547 0.131523 53.790912 -8.033161 -1.595025 14.452294 -2.540451 2.904999 14.513778 -1.532698 3.001468 0.000000 16.740374 -2.049019 8.082123 0.157414 1.364754 0.000000 9.617843 1.684967 28.114155 3.120509 6.425601 0.000001 22.037384 7.501075 -0.000000 0.000000 0.000000 -4.570001 11.014858 -2.160839 0.566137 -0.020113 -1.614849 30.312103 -9.214755 94.146235 -0.000003 41.605933 0.000011 40.690323 -35.450512 -75.217376 -2.464808 -1.573992 2.681913 -11.630453 11.625162 -20.750857 6.358357 -14.447667 -2.112241 -5.504768 -5.510924 -14.718511 0.000002 -0.000004 0.000003 -9.108294 -0.517870 2.259800 0.083329 -2.854491 7.046420 0.000011 -0.007202 0.088408 0.000001 0.004412 -0.054199 0.000001 0.000002 0.000001 -9.532492 0.000012 -0.000001 0.082086 -2.844314 6.920395 0.000004 -0.008861 0.108735 0.000008 0.005344 -0.065526 0.000000 0.000001 0.000000 -9.103596 -0.043089 -1.865102 0.079705 -2.824400 6.674078 0.000006 -0.006796 0.083420 -0.000001 0.003655 -0.044840 -0.000000 0.000000 0.000000 -8.076706 -0.486721 -3.806301 0.060636 -2.632567 4.306780 0.000009 -0.010634 0.130552 0.000002 0.006031 -0.074011 -0.000000 0.000001 -0.000000 4.570399 11.014660 -2.160813 5.816769 -2.815286 -0.615037 36.106330 6.688025 -105.633452 -0.000005 -34.433183 0.000013 19.018418 20.661724 91.424869 2.466090 -1.576211 2.681698 -12.388627 -9.936137 20.816846 5.987296 12.645730 1.346538 -7.335785 -0.421671 13.147353 0.000003 0.000007 0.000004 9.109295 -0.518020 2.259899 0.287416 3.189500 -8.363680 -0.000004 0.001662 -0.016208 0.000005 -0.001022 0.010024 0.000000 0.000000 0.000000 9.533402 0.000010 -0.000000 0.124656 3.201690 -8.197509 0.000005 -0.000006 0.000006 0.000001 0.000005 -0.000002 0.000000 -0.000000 0.000001 9.104498 -0.043001 -1.865101 0.108202 3.079164 -6.987591 0.000005 -0.000012 0.000002 0.000002 -0.000000 0.000004 -0.000001 0.000000 0.000001 8.077798 -0.486890 -3.806301 0.089442 2.906232 -5.290077 0.000003 -0.000002 -0.000010 0.000000 -0.000005 0.000025 0.000000 -0.000001 -0.000000 -8.207796 -6.751703 -1.599540 -48.154476 -3.591112 -48.319695 6.871318 -10.004109 -4.964634 -7.268881 -17.939577 11.176369 3.859004 -0.000003 -0.000003 0.000001 0.000000 -0.000002 8.207800 -6.751705 -1.599550 -62.482092 3.501898 57.011859 22.281131 -3.620238 2.954213 29.401833 0.053813 -0.809343 0.145027 -0.000014 -0.000029 -0.000001 -0.000001 0.000000 
0.176823 35.262039 -3.294281 -115.206672 5.478802 3.147014 0.000000 10.181547 0.131523 53.790912 -8.033161 -1.595025 14.452294 -2.540451 2.904999 14.513778 -1.532698 3.001468 0.000000 16.740374 -2.049019 8.082123 0.157414 1.364754 0.000000 9.617843 1.684967 28.114155 3.120509 6.425601 0.000001 22.037384 7.501075 -0.000000 0.000000 0.000000 -4.570001 11.014858 -2.160839 0.566137 -0.020113 -1.614849 30.312103 -9.214755 94.146235 -0.000003 41.605933 0.000011 40.690323 -35.450512 -75.217376 -2.464808 -1.573992 2.681913 -11.630453 11.625162 -20.750857 6.358357 -14.447667 -2.112241 -5.504768 -5.510924 -14.718511 0.000002 -0.000004 0.000003 -9.108294 -0.517870 2.259800 0.083329 -2.854491 7.046420 0.000011 -0.007202 0.088408 0.000001 0.004412 -0.054199 0.000001 0.000002 0.000001 -9.532492 0.000012 -0.000001 0.082086 -2.844314 6.920395 0.000004 -0.008861 0.108735 0.000008 0.005344 -0.065526 0.000000 0.000001 0.000000 -9.103596 -0.043089 -1.865102 0.079705 -2.824400 6.674078 0.000006 -0.006796 0.083420 -0.000001 0.003655 -0.044840 -0.000000 0.000000 0.000000 -8.076706 -0.486721 -3.806301 0.060636 -2.632567 4.306780 0.000009 -0.010634 0.130552 0.000002 0.006031 -0.074011 -0.000000 0.000001 -0.000000 4.570399 11.014660 -2.160813 5.816769 -2.815286 -0.615037 36.106330 6.688025 -105.633452 -0.000005 -34.433183 0.000013 19.018418 20.661724 91.424869 2.466090 -1.576211 2.681698 -12.388627 -9.936137 20.816846 5.987296 12.645730 1.346538 -7.335785 -0.421671 13.147353 0.000003 0.000007 0.000004 9.109295 -0.518020 2.259899 0.287416 3.189500 -8.363680 -0.000004 0.001662 -0.016208 0.000005 -0.001022 0.010024 0.000000 0.000000 0.000000 9.533402 0.000010 -0.000000 0.124656 3.201690 -8.197509 0.000005 -0.000006 0.000006 0.000001 0.000005 -0.000002 0.000000 -0.000000 0.000001 9.104498 -0.043001 -1.865101 0.108202 3.079164 -6.987591 0.000005 -0.000012 0.000002 0.000002 -0.000000 0.000004 -0.000001 0.000000 0.000001 8.077798 -0.486890 -3.806301 0.089442 2.906232 -5.290077 0.000003 -0.000002 -0.000010 0.000000 -0.000005 0.000025 0.000000 -0.000001 -0.000000 -8.207796 -6.751703 -1.599540 -48.154476 -3.591112 -48.319695 6.871318 -10.004109 -4.964634 -7.268881 -17.939577 11.176369 3.859004 -0.000003 -0.000003 0.000001 0.000000 -0.000002 8.207800 -6.751705 -1.599550 -62.482092 3.501898 57.011859 22.281131 -3.620238 2.954213 29.401833 0.053813 -0.809343 0.145027 -0.000014 -0.000029 -0.000001 -0.000001 0.000000 
0.176823 35.262039 -3.294281 -115.206672 5.478802 3.147014 0.000000 10.181547 0.131523 53.790912 -8.033161 -1.595025 14.452294 -2.540451 2.904999 14.513778 -1.532698 3.001468 0.000000 16.740374 -2.049019 8.082123 0.157414 1.364754 0.000000 9.617843 1.684967 28.114155 3.120509 6.425601 0.000001 22.037384 7.501075 -0.000000 0.000000 0.000000 -4.570001 11.014858 -2.160839 0.566137 -0.020113 -1.614849 30.312103 -9.214755 94.146235 -0.000003 41.605933 0.000011 40.690323 -35.450512 -75.217376 -2.464808 -1.573992 2.681913 -11.630453 11.625162 -20.750857 6.358357 -14.447667 -2.112241 -5.504768 -5.510924 -14.718511 0.000002 -0.000004 0.000003 -9.108294 -0.517870 2.259800 0.083329 -2.854491 7.046420 0.000011 -0.007202 0.088408 0.000001 0.004412 -0.054199 0.000001 0.000002 0.000001 -9.532492 0.000012 -0.000001 0.082086 -2.844314 6.920395 0.000004 -0.008861 0.108735 0.000008 0.005344 -0.065526 0.000000 0.000001 0.000000 -9.103596 -0.043089 -1.865102 0.079705 -2.824400 6.674078 0.000006 -0.006796 0.083420 -0.000001 0.003655 -0.044840 -0.000000 0.000000 0.000000 -8.076706 -0.486721 -3.806301 0.060636 -2.632567 4.306780 0.000009 -0.010634 0.130552 0.000002 0.006031 -0.074011 -0.000000 0.000001 -0.000000 4.570399 11.014660 -2.160813 5.816769 -2.815286 -0.615037 36.106330 6.688025 -105.633452 -0.000005 -34.433183 0.000013 19.018418 20.661724 91.424869 2.466090 -1.576211 2.681698 -12.388627 -9.936137 20.816846 5.987296 12.645730 1.346538 -7.335785 -0.421671 13.147353 0.000003 0.000007 0.000004 9.109295 -0.518020 2.259899 0.287416 3.189500 -8.363680 -0.000004 0.001662 -0.016208 0.000005 -0.001022 0.010024 0.000000 0.000000 0.000000 9.533402 0.000010 -0.000000 0.124656 3.201690 -8.197509 0.000005 -0.000006 0.000006 0.000001 0.000005 -0.000002 0.000000 -0.000000 0.000001 9.104498 -0.043001 -1.865101 0.108202 3.079164 -6.987591 0.000005 -0.000012 0.000002 0.000002 -0.000000 0.000004 -0.000001 0.000000 0.000001 8.077798 -0.486890 -3.806301 0.089442 2.906232 -5.290077 0.000003 -0.000002 -0.000010 0.000000 -0.000005 0.000025 0.000000 -0.000001 -0.000000 -8.207796 -6.751703 -1.599540 -48.154476 -3.591112 -48.319695 6.871318 -10.004109 -4.964634 -7.268881 -17.939577 11.176369 3.859004 -0.000003 -0.000003 0.000001 0.000000 -0.000002 8.207800 -6.751705 -1.599550 -62.482092 3.501898 57.011859 22.281131 -3.620238 2.954213 29.401833 0.053813 -0.809343 0.145027 -0.000014 -0.000029 -0.000001 -0.000001 0.000000 
0.176823 35.262039 -3.294281 -115.206672 5.478802 3.147014 0.000000 10.181547 0.131523 53.790912 -8.033161 -1.595025 14.452294 -2.540451 2.904999 14.513778 -1.532698 3.001468 0.000000 16.740374 -2.049019 8.082123 0.157414 1.364754 0.000000 9.617843 1.684967 28.114155 3.120509 6.425601 0.000001 22.037384 7.501075 -0.000000 0.000000 0.000000 -4.570001 11.014858 -2.160839 0.566137 -0.020113 -1.614849 30.312103 -9.214755 94.146235 -0.000003 41.605933 0.000011 40.690323 -35.450512 -75.217376 -2.464808 -1.573992 2.681913 -11.630453 11.625162 -20.750857 6.358357 -14.447667 -2.112241 -5.504768 -5.510924 -14.718511 0.000002 -0.000004 0.000003 -9.108294 -0.517870 2.259800 0.083329 -2.854491 7.046420 0.000011 -0.007202 0.088408 0.000001 0.004412 -0.054199 0.000001 0.000002 0.000001 -9.532492 0.000012 -0.000001 0.082086 -2.844314 6.920395 0.000004 -0.008861 0.108735 0.000008 0.005344 -0.065526 0.000000 0.000001 0.000000 -9.103596 -0.043089 -1.865102 0.079705 -2.824400 6.674078 0.000006 -0.006796 0.083420 -0.000001 0.003655 -0.044840 -0.000000 0.000000 0.000000 -8.076706 -0.486721 -3.806301 0.060636 -2.632567 4.306780 0.000009 -0.010634 0.130552 0.000002 0.006031 -0.074011 -0.000000 0.000001 -0.000000 4.570399 11.014660 -2.160813 5.816769 -2.815286 -0.615037 36.106330 6.688025 -105.633452 -0.000005 -34.433183 0.000013 19.018418 20.661724 91.424869 2.466090 -1.576211 2.681698 -12.388627 -9.936137 20.816846 5.987296 12.645730 1.346538 -7.335785 -0.421671 13.147353 0.000003 0.000007 0.000004 9.109295 -0.518020 2.259899 0.287416 3.189500 -8.363680 -0.000004 0.001662 -0.016208 0.000005 -0.001022 0.010024 0.000000 0.000000 0.000000 9.533402 0.000010 -0.000000 0.124656 3.201690 -8.197509 0.000005 -0.000006 0.000006 0.000001 0.000005 -0.000002 0.000000 -0.000000 0.000001 9.104498 -0.043001 -1.865101 0.108202 3.079164 -6.987591 0.000005 -0.000012 0.000002 0.000002 -0.000000 0.000004 -0.000001 0.000000 0.000001 8.077798 -0.486890 -3.806301 0.089442 2.906232 -5.290077 0.000003 -0.000002 -0.000010 0.000000 -0.000005 0.000025 0.000000 -0.000001 -0.000000 -8.207796 -6.751703 -1.599540 -48.154476 -3.591112 -48.319695 6.871318 -10.004109 -4.964634 -7.268881 -17.939577 11.176369 3.859004 -0.000003 -0.000003 0.000001 0.000000 -0.000002 8.207800 -6.751705 -1.599550 -62.482092 3.501898 57.011859 22.281131 -3.620238 2.954213 29.401833 0.053813 -0.809343 0.145027 -0.000014 -0.000029 -0.000001 -0.000001 0.000000 
0.176823 35.262039 -3.294281 -115.206672 5.478802 3.147014 0.000000 10.181547 0.131523 53.790912 -8.033161 -1.595025 14.452294 -2.540451 2.904999 14.513778 -1.532698 3.001468 0.000000 16.740374 -2.049019 8.082123 0.157414 1.364754 0.000000 9.617843 1.684967 28.114155 3.120509 6.425601 0.000001 22.037384 7.501075 -0.000000 0.000000 0.000000 -4.570001 11.014858 -2.160839 0.566137 -0.020113 -1.614849 30.312103 -9.214755 94.146235 -0.000003 41.605933 0.000011 40.690323 -35.450512 -75.217376 -2.464808 -1.573992 2.681913 -11.630453 11.625162 -20.750857 6.358357 -14.447667 -2.112241 -5.504768 -5.510924 -14.718511 0.000002 -0.000004 0.000003 -9.108294 -0.517870 2.259800 0.083329 -2.854491 7.046420 0.000011 -0.007202 0.088408 0.000001 0.004412 -0.054199 0.000001 0.000002 0.000001 -9.532492 0.000012 -0.000001 0.082086 -2.844314 6.920395 0.000004 -0.008861 0.108735 0.000008 0.005344 -0.065526 0.000000 0.000001 0.000000 -9.103596 -0.043089 -1.865102 0.079705 -2.824400 6.674078 0.000006 -0.006796 0.083420 -0.000001 0.003655 -0.044840 -0.000000 0.000000 0.000000 -8.076706 -0.486721 -3.806301 0.060636 -2.632567 4.306780 0.000009 -0.010634 0.130552 0.000002 0.006031 -0.074011 -0.000000 0.000001 -0.000000 4.570399 11.014660 -2.160813 5.816769 -2.815286 -0.615037 36.106330 6.688025 -105.633452 -0.000005 -34.433183 0.000013 19.018418 20.661724 91.424869 2.466090 -1.576211 2.681698 -12.388627 -9.936137 20.816846 5.987296 12.645730 1.346538 -7.335785 -0.421671 13.147353 0.000003 0.000007 0.000004 9.109295 -0.518020 2.259899 0.287416 3.189500 -8.363680 -0.000004 0.001662 -0.016208 0.000005 -0.001022 0.010024 0.000000 0.000000 0.000000 9.533402 0.000010 -0.000000 0.124656 3.201690 -8.197509 0.000005 -0.000006 0.000006 0.000001 0.000005 -0.000002 0.000000 -0.000000 0.000001 9.104498 -0.043001 -1.865101 0.108202 3.079164 -6.987591 0.000005 -0.000012 0.000002 0.000002 -0.000000 0.000004 -0.000001 0.000000 0.000001 8.077798 -0.486890 -3.806301 0.089442 2.906232 -5.290077 0.000003 -0.000002 -0.000010 0.000000 -0.000005 0.000025 0.000000 -0.000001 -0.000000 -8.207796 -6.751703 -1.599540 -48.154476 -3.591112 -48.319695 6.871318 -10.004109 -4.964634 -7.268881 -17.939577 11.176369 3.859004 -0.000003 -0.000003 0.000001 0.000000 -0.000002 8.207800 -6.751705 -1.599550 -62.482092 3.501898 57.011859 22.281131 -3.620238 2.954213 29.401833 0.053813 -0.809343 0.145027 -0.000014 -0.000029 -0.000001 -0.000001 0.000000 
0.176823 35.262039 -3.294281 -115.206672 5.478802 3.147014 0.000000 10.181547 0.131523 53.790912 -8.033161 -1.595025 14.452294 -2.540451 2.904999 14.513778 -1.532698 3.001468 0.000000 16.740374 -2.049019 8.082123 0.157414 1.364754 0.000000 9.617843 1.684967 28.114155 3.120509 6.425601 0.000001 22.037384 7.501075 -0.000000 0.000000 0.000000 -4.570001 11.014858 -2.160839 0.566137 -0.020113 -1.614849 30.312103 -9.214755 94.146235 -0.000003 41.605933 0.000011 40.690323 -35.450512 -75.217376 -2.464808 -1.573992 2.681913 -11.630453 11.625162 -20.750857 6.358357 -14.447667 -2.112241 -5.504768 -5.510924 -14.718511 0.000002 -0.000004 0.000003 -9.108294 -0.517870 2.259800 0.083329 -2.854491 7.046420 0.000011 -0.007202 0.088408 0.000001 0.004412 -0.054199 0.000001 0.000002 0.000001 -9.532492 0.000012 -0.000001 0.082086 -2.844314 6.920395 0.000004 -0.008861 0.108735 0.000008 0.005344 -0.065526 0.000000 0.000001 0.000000 -9.103596 -0.043089 -1.865102 0.079705 -2.824400 6.674078 0.000006 -0.006796 0.083420 -0.000001 0.003655 -0.044840 -0.000000 0.000000 0.000000 -8.076706 -0.486721 -3.806301 0.060636 -2.632567 4.306780 0.000009 -0.010634 0.130552 0.000002 0.006031 -0.074011 -0.000000 0.000001 -0.000000 4.570399 11.014660 -2.160813 5.816769 -2.815286 -0.615037 36.106330 6.688025 -105.633452 -0.000005 -34.433183 0.000013 19.018418 20.661724 91.424869 2.466090 -1.576211 2.681698 -12.388627 -9.936137 20.816846 5.987296 12.645730 1.346538 -7.335785 -0.421671 13.147353 0.000003 0.000007 0.000004 9.109295 -0.518020 2.259899 0.287416 3.189500 -8.363680 -0.000004 0.001662 -0.016208 0.000005 -0.001022 0.010024 0.000000 0.000000 0.000000 9.533402 0.000010 -0.000000 0.124656 3.201690 -8.197509 0.000005 -0.000006 0.000006 0.000001 0.000005 -0.000002 0.000000 -0.000000 0.000001 9.104498 -0.043001 -1.865101 0.108202 3.079164 -6.987591 0.000005 -0.000012 0.000002 0.000002 -0.000000 0.000004 -0.000001 0.000000 0.000001 8.077798 -0.486890 -3.806301 0.089442 2.906232 -5.290077 0.000003 -0.000002 -0.000010 0.000000 -0.000005 0.000025 0.000000 -0.000001 -0.000000 -8.207796 -6.751703 -1.599540 -48.154476 -3.591112 -48.319695 6.871318 -10.004109 -4.964634 -7.268881 -17.939577 11.176369 3.859004 -0.000003 -0.000003 0.000001 0.000000 -0.000002 8.207800 -6.751705 -1.599550 -62.482092 3.501898 57.011859 22.281131 -3.620238 2.954213 29.401833 0.053813 -0.809343 0.145027 -0.000014 -0.000029 -0.000001 -0.000001 0.000000 
0.176823 35.262039 -3.294281 -115.206672 5.478802 3.147014 0.000000 10.181547 0.131523 53.790912 -8.033161 -1.595025 14.452294 -2.540451 2.904999 14.513778 -1.532698 3.001468 0.000000 16.740374 -2.049019 8.082123 0.157414 1.364754 0.000000 9.617843 1.684967 28.114155 3.120509 6.425601 0.000001 22.037384 7.501075 -0.000000 0.000000 0.000000 -4.570001 11.014858 -2.160839 0.566137 -0.020113 -1.614849 30.312103 -9.214755 94.146235 -0.000003 41.605933 0.000011 40.690323 -35.450512 -75.217376 -2.464808 -1.573992 2.681913 -11.630453 11.625162 -20.750857 6.358357 -14.447667 -2.112241 -5.504768 -5.510924 -14.718511 0.000002 -0.000004 0.000003 -9.108294 -0.517870 2.259800 0.083329 -2.854491 7.046420 0.000011 -0.007202 0.088408 0.000001 0.004412 -0.054199 0.000001 0.000002 0.000001 -9.532492 0.000012 -0.000001 0.082086 -2.844314 6.920395 0.000004 -0.008861 0.108735 0.000008 0.005344 -0.065526 0.000000 0.000001 0.000000 -9.103596 -0.043089 -1.865102 0.079705 -2.824400 6.674078 0.000006 -0.006796 0.083420 -0.000001 0.003655 -0.044840 -0.000000 0.000000 0.000000 -8.076706 -0.486721 -3.806301 0.060636 -2.632567 4.306780 0.000009 -0.010634 0.130552 0.000002 0.006031 -0.074011 -0.000000 0.000001 -0.000000 4.570399 11.014660 -2.160813 5.816769 -2.815286 -0.615037 36.106330 6.688025 -105.633452 -0.000005 -34.433183 0.000013 19.018418 20.661724 91.424869 2.466090 -1.576211 2.681698 -12.388627 -9.936137 20.816846 5.987296 12.645730 1.346538 -7.335785 -0.421671 13.147353 0.000003 0.000007 0.000004 9.109295 -0.518020 2.259899 0.287416 3.189500 -8.363680 -0.000004 0.001662 -0.016208 0.000005 -0.001022 0.010024 0.000000 0.000000 0.000000 9.533402 0.000010 -0.000000 0.124656 3.201690 -8.197509 0.000005 -0.000006 0.000006 0.000001 0.000005 -0.000002 0.000000 -0.000000 0.000001 9.104498 -0.043001 -1.865101 0.108202 3.079164 -6.987591 0.000005 -0.000012 0.000002 0.000002 -0.000000 0.000004 -0.000001 0.000000 0.000001 8.077798 -0.486890 -3.806301 0.089442 2.906232 -5.290077 0.000003 -0.000002 -0.000010 0.000000 -0.000005 0.000025 0.000000 -0.000001 -0.000000 -8.207796 -6.751703 -1.599540 -48.154476 -3.591112 -48.319695 6.871318 -10.004109 -4.964634 -7.268881 -17.939577 11.176369 3.859004 -0.000003 -0.000003 0.000001 0.000000 -0.000002 8.207800 -6.751705 -1.599550 -62.482092 3.501898 57.011859 22.281131 -3.620238 2.954213 29.401833 0.053813 -0.809343 0.145027 -0.000014 -0.000029 -0.000001 -0.000001 0.000000 
0.176823 35.262039 -3.294281 -115.206672 5.478802 3.147014 0.000000 10.181547 0.131523 53.790912 -8.033161 -1.595025 14.452294 -2.540451 2.904999 14.513778 -1.532698 3.001468 0.000000 16.740374 -2.049019 8.082123 0.157414 1.364754 0.000000 9.617843 1.684967 28.114155 3.120509 6.425601 0.000001 22.037384 7.501075 -0.000000 0.000000 0.000000 -4.570001 11.014858 -2.160839 0.566137 -0.020113 -1.614849 30.312103 -9.214755 94.146235 -0.000003 41.605933 0.000011 40.690323 -35.450512 -75.217376 -2.464808 -1.573992 2.681913 -11.630453 11.625162 -20.750857 6.358357 -14.447667 -2.112241 -5.504768 -5.510924 -14.718511 0.000002 -0.000004 0.000003 -9.108294 -0.517870 2.259800 0.083329 -2.854491 7.046420 0.000011 -0.007202 0.088408 0.000001 0.004412 -0.054199 0.000001 0.000002 0.000001 -9.532492 0.000012 -0.000001 0.082086 -2.844314 6.920395 0.000004 -0.008861 0.108735 0.000008 0.005344 -0.065526 0.000000 0.000001 0.000000 -9.103596 -0.043089 -1.865102 0.079705 -2.824400 6.674078 0.000006 -0.006796 0.083420 -0.000001 0.003655 -0.044840 -0.000000 0.000000 0.000000 -8.076706 -0.486721 -3.806301 0.060636 -2.632567 4.306780 0.000009 -0.010634 0.130552 0.000002 0.006031 -0.074011 -0.000000 0.000001 -0.000000 4.570399 11.014660 -2.160813 5.816769 -2.815286 -0.615037 36.106330 6.688025 -105.633452 -0.000005 -34.433183 0.000013 19.018418 20.661724 91.424869 2.466090 -1.576211 2.681698 -12.388627 -9.936137 20.816846 5.987296 12.645730 1.346538 -7.335785 -0.421671 13.147353 0.000003 0.000007 0.000004 9.109295 -0.518020 2.259899 0.287416 3.189500 -8.363680 -0.000004 0.001662 -0.016208 0.000005 -0.001022 0.010024 0.000000 0.000000 0.000000 9.533402 0.000010 -0.000000 0.124656 3.201690 -8.197509 0.000005 -0.000006 0.000006 0.000001 0.000005 -0.000002 0.000000 -0.000000 0.000001 9.104498 -0.043001 -1.865101 0.108202 3.079164 -6.987591 0.000005 -0.000012 0.000002 0.000002 -0.000000 0.000004 -0.000001 0.000000 0.000001 8.077798 -0.486890 -3.806301 0.089442 2.906232 -5.290077 0.000003 -0.000002 -0.000010 0.000000 -0.000005 0.000025 0.000000 -0.000001 -0.000000 -8.207796 -6.751703 -1.599540 -48.154476 -3.591112 -48.319695 6.871318 -10.004109 -4.964634 -7.268881 -17.939577 11.176369 3.859004 -0.000003 -0.000003 0.000001 0.000000 -0.000002 8.207800 -6.751705 -1.599550 -62.482092 3.501898 57.011859 22.281131 -3.620238 2.954213 29.401833 0.053813 -0.809343 0.145027 -0.000014 -0.000029 -0.000001 -0.000001 0.000000 
0.176823 35.262039 -3.294281 -115.206672 5.478802 3.147014 0.000000 10.181547 0.131523 53.790912 -8.033161 -1.595025 14.452294 -2.540451 2.904999 14.513778 -1.532698 3.001468 0.000000 16.740374 -2.049019 8.082123 0.157414 1.364754 0.000000 9.617843 1.684967 28.114155 3.120509 6.425601 0.000001 22.037384 7.501075 -0.000000 0.000000 0.000000 -4.570001 11.014858 -2.160839 0.566137 -0.020113 -1.614849 30.312103 -9.214755 94.146235 -0.000003 41.605933 0.000011 40.690323 -35.450512 -75.217376 -2.464808 -1.573992 2.681913 -11.630453 11.625162 -20.750857 6.358357 -14.447667 -2.112241 -5.504768 -5.510924 -14.718511 0.000002 -0.000004 0.000003 -9.108294 -0.517870 2.259800 0.083329 -2.854491 7.046420 0.000011 -0.007202 0.088408 0.000001 0.004412 -0.054199 0.000001 0.000002 0.000001 -9.532492 0.000012 -0.000001 0.082086 -2.844314 6.920395 0.000004 -0.008861 0.108735 0.000008 0.005344 -0.065526 0.000000 0.000001 0.000000 -9.103596 -0.043089 -1.865102 0.079705 -2.824400 6.674078 0.000006 -0.006796 0.083420 -0.000001 0.003655 -0.044840 -0.000000 0.000000 0.000000 -8.076706 -0.486721 -3.806301 0.060636 -2.632567 4.306780 0.000009 -0.010634 0.130552 0.000002 0.006031 -0.074011 -0.000000 0.000001 -0.000000 4.570399 11.014660 -2.160813 5.816769 -2.815286 -0.615037 36.106330 6.688025 -105.633452 -0.000005 -34.433183 0.000013 19.018418 20.661724 91.424869 2.466090 -1.576211 2.681698 -12.388627 -9.936137 20.816846 5.987296 12.645730 1.346538 -7.335785 -0.421671 13.147353 0.000003 0.000007 0.000004 9.109295 -0.518020 2.259899 0.287416 3.189500 -8.363680 -0.000004 0.001662 -0.016208 0.000005 -0.001022 0.010024 0.000000 0.000000 0.000000 9.533402 0.000010 -0.000000 0.124656 3.201690 -8.197509 0.000005 -0.000006 0.000006 0.000001 0.000005 -0.000002 0.000000 -0.000000 0.000001 9.104498 -0.043001 -1.865101 0.108202 3.079164 -6.987591 0.000005 -0.000012 0.000002 0.000002 -0.000000 0.000004 -0.000001 0.000000 0.000001 8.077798 -0.486890 -3.806301 0.089442 2.906232 -5.290077 0.000003 -0.000002 -0.000010 0.000000 -0.000005 0.000025 0.000000 -0.000001 -0.000000 -8.207796 -6.751703 -1.599540 -48.154476 -3.591112 -48.319695 6.871318 -10.004109 -4.964634 -7.268881 -17.939577 11.176369 3.859004 -0.000003 -0.000003 0.000001 0.000000 -0.000002 8.207800 -6.751705 -1.599550 -62.482092 3.501898 57.011859 22.281131 -3.620238 2.954213 29.401833 0.053813 -0.809343 0.145027 -0.000014 -0.000029 -0.000001 -0.000001 0.000000 
0.176823 35.262039 -3.294281 -115.206672 5.478802 3.147014 0.000000 10.181547 0.131523 53.790912 -8.033161 -1.595025 14.452294 -2.540451 2.904999 14.513778 -1.532698 3.001468 0.000000 16.740374 -2.049019 8.082123 0.157414 1.364754 0.000000 9.617843 1.684967 28.114155 3.120509 6.425601 0.000001 22.037384 7.501075 -0.000000 0.000000 0.000000 -4.570001 11.014858 -2.160839 0.566137 -0.020113 -1.614849 30.312103 -9.214755 94.146235 -0.000003 41.605933 0.000011 40.690323 -35.450512 -75.217376 -2.464808 -1.573992 2.681913 -11.630453 11.625162 -20.750857 6.358357 -14.447667 -2.112241 -5.504768 -5.510924 -14.718511 0.000002 -0.000004 0.000003 -9.108294 -0.517870 2.259800 0.083329 -2.854491 7.046420 0.000011 -0.007202 0.088408 0.000001 0.004412 -0.054199 0.000001 0.000002 0.000001 -9.532492 0.000012 -0.000001 0.082086 -2.844314 6.920395 0.000004 -0.008861 0.108735 0.000008 0.005344 -0.065526 0.000000 0.000001 0.000000 -9.103596 -0.043089 -1.865102 0.079705 -2.824400 6.674078 0.000006 -0.006796 0.083420 -0.000001 0.003655 -0.044840 -0.000000 0.000000 0.000000 -8.076706 -0.486721 -3.806301 0.060636 -2.632567 4.306780 0.000009 -0.010634 0.130552 0.000002 0.006031 -0.074011 -0.000000 0.000001 -0.000000 4.570399 11.014660 -2.160813 5.816769 -2.815286 -0.615037 36.106330 6.688025 -105.633452 -0.000005 -34.433183 0.000013 19.018418 20.661724 91.424869 2.466090 -1.576211 2.681698 -12.388627 -9.936137 20.816846 5.987296 12.645730 1.346538 -7.335785 -0.421671 13.147353 0.000003 0.000007 0.000004 9.109295 -0.518020 2.259899 0.287416 3.189500 -8.363680 -0.000004 0.001662 -0.016208 0.000005 -0.001022 0.010024 0.000000 0.000000 0.000000 9.533402 0.000010 -0.000000 0.124656 3.201690 -8.197509 0.000005 -0.000006 0.000006 0.000001 0.000005 -0.000002 0.000000 -0.000000 0.000001 9.104498 -0.043001 -1.865101 0.108202 3.079164 -6.987591 0.000005 -0.000012 0.000002 0.000002 -0.000000 0.000004 -0.000001 0.000000 0.000001 8.077798 -0.486890 -3.806301 0.089442 2.906232 -5.290077 0.000003 -0.000002 -0.000010 0.000000 -0.000005 0.000025 0.000000 -0.000001 -0.000000 -8.207796 -6.751703 -1.599540 -48.154476 -3.591112 -48.319695 6.871318 -10.004109 -4.964634 -7.268881 -17.939577 11.176369 3.859004 -0.000003 -0.000003 0.000001 0.000000 -0.000002 8.207800 -6.751705 -1.599550 -62.482092 3.501898 57.011859 22.281131 -3.620238 2.954213 29.401833 0.053813 -0.809343 0.145027 -0.000014 -0.000029 -0.000001 -0.000001 0.000000 
0.176823 35.262039 -3.294281 -115.206672 5.478802 3.147014 0.000000 10.181547 0.131523 53.790912 -8.033161 -1.595025 14.452294 -2.540451 2.904999 14.513778 -1.532698 3.001468 0.000000 16.740374 -2.049019 8.082123 0.157414 1.364754 0.000000 9.617843 1.684967 28.114155 3.120509 6.425601 0.000001 22.037384 7.501075 -0.000000 0.000000 0.000000 -4.570001 11.014858 -2.160839 0.566137 -0.020113 -1.614849 30.312103 -9.214755 94.146235 -0.000003 41.605933 0.000011 40.690323 -35.450512 -75.217376 -2.464808 -1.573992 2.681913 -11.630453 11.625162 -20.750857 6.358357 -14.447667 -2.112241 -5.504768 -5.510924 -14.718511 0.000002 -0.000004 0.000003 -9.108294 -0.517870 2.259800 0.083329 -2.854491 7.046420 0.000011 -0.007202 0.088408 0.000001 0.004412 -0.054199 0.000001 0.000002 0.000001 -9.532492 0.000012 -0.000001 0.082086 -2.844314 6.920395 0.000004 -0.008861 0.108735 0.000008 0.005344 -0.065526 0.000000 0.000001 0.000000 -9.103596 -0.043089 -1.865102 0.079705 -2.824400 6.674078 0.000006 -0.006796 0.083420 -0.000001 0.003655 -0.044840 -0.000000 0.000000 0.000000 -8.076706 -0.486721 -3.806301 0.060636 -2.632567 4.306780 0.000009 -0.010634 0.130552 0.000002 0.006031 -0.074011 -0.000000 0.000001 -0.000000 4.570399 11.014660 -2.160813 5.816769 -2.815286 -0.615037 36.106330 6.688025 -105.633452 -0.000005 -34.433183 0.000013 19.018418 20.661724 91.424869 2.466090 -1.576211 2.681698 -12.388627 -9.936137 20.816846 5.987296 12.645730 1.346538 -7.335785 -0.421671 13.147353 0.000003 0.000007 0.000004 9.109295 -0.518020 2.259899 0.287416 3.189500 -8.363680 -0.000004 0.001662 -0.016208 0.000005 -0.001022 0.010024 0.000000 0.000000 0.000000 9.533402 0.000010 -0.000000 0.124656 3.201690 -8.197509 0.000005 -0.000006 0.000006 0.000001 0.000005 -0.000002 0.000000 -0.000000 0.000001 9.104498 -0.043001 -1.865101 0.108202 3.079164 -6.987591 0.000005 -0.000012 0.000002 0.000002 -0.000000 0.000004 -0.000001 0.000000 0.000001 8.077798 -0.486890 -3.806301 0.089442 2.906232 -5.290077 0.000003 -0.000002 -0.000010 0.000000 -0.000005 0.000025 0.000000 -0.000001 -0.000000 -8.207796 -6.751703 -1.599540 -48.154476 -3.591112 -48.319695 6.871318 -10.004109 -4.964634 -7.268881 -17.939577 11.176369 3.859004 -0.000003 -0.000003 0.000001 0.000000 -0.000002 8.207800 -6.751705 -1.599550 -62.482092 3.501898 57.011859 22.281131 -3.620238 2.954213 29.401833 0.053813 -0.809343 0.145027 -0.000014 -0.000029 -0.000001 -0.000001 0.000000 
0.176823 35.262039 -3.294281 -115.206672 5.478802 3.147014 0.000000 10.181547 0.131523 53.790912 -8.033161 -1.595025 14.452294 -2.540451 2.904999 14.513778 -1.532698 3.001468 0.000000 16.740374 -2.049019 8.082123 0.157414 1.364754 0.000000 9.617843 1.684967 28.114155 3.120509 6.425601 0.000001 22.037384 7.501075 -0.000000 0.000000 0.000000 -4.570001 11.014858 -2.160839 0.566137 -0.020113 -1.614849 30.312103 -9.214755 94.146235 -0.000003 41.605933 0.000011 40.690323 -35.450512 -75.217376 -2.464808 -1.573992 2.681913 -11.630453 11.625162 -20.750857 6.358357 -14.447667 -2.112241 -5.504768 -5.510924 -14.718511 0.000002 -0.000004 0.000003 -9.108294 -0.517870 2.259800 0.083329 -2.854491 7.046420 0.000011 -0.007202 0.088408 0.000001 0.004412 -0.054199 0.000001 0.000002 0.000001 -9.532492 0.000012 -0.000001 0.082086 -2.844314 6.920395 0.000004 -0.008861 0.108735 0.000008 0.005344 -0.065526 0.000000 0.000001 0.000000 -9.103596 -0.043089 -1.865102 0.079705 -2.824400 6.674078 0.000006 -0.006796 0.083420 -0.000001 0.003655 -0.044840 -0.000000 0.000000 0.000000 -8.076706 -0.486721 -3.806301 0.060636 -2.632567 4.306780 0.000009 -0.010634 0.130552 0.000002 0.006031 -0.074011 -0.000000 0.000001 -0.000000 4.570399 11.014660 -2.160813 5.816769 -2.815286 -0.615037 36.106330 6.688025 -105.633452 -0.000005 -34.433183 0.000013 19.018418 20.661724 91.424869 2.466090 -1.576211 2.681698 -12.388627 -9.936137 20.816846 5.987296 12.645730 1.346538 -7.335785 -0.421671 13.147353 0.000003 0.000007 0.000004 9.109295 -0.518020 2.259899 0.287416 3.189500 -8.363680 -0.000004 0.001662 -0.016208 0.000005 -0.001022 0.010024 0.000000 0.000000 0.000000 9.533402 0.000010 -0.000000 0.124656 3.201690 -8.197509 0.000005 -0.000006 0.000006 0.000001 0.000005 -0.000002 0.000000 -0.000000 0.000001 9.104498 -0.043001 -1.865101 0.108202 3.079164 -6.987591 0.000005 -0.000012 0.000002 0.000002 -0.000000 0.000004 -0.000001 0.000000 0.000001 8.077798 -0.486890 -3.806301 0.089442 2.906232 -5.290077 0.000003 -0.000002 -0.000010 0.000000 -0.000005 0.000025 0.000000 -0.000001 -0.000000 -8.207796 -6.751703 -1.599540 -48.154476 -3.591112 -48.319695 6.871318 -10.004109 -4.964634 -7.268881 -17.939577 11.176369 3.859004 -0.000003 -0.000003 0.000001 0.000000 -0.000002 8.207800 -6.751705 -1.599550 -62.482092 3.501898 57.011859 22.281131 -3.620238 2.954213 29.401833 0.053813 -0.809343 0.145027 -0.000014 -0.000029 -0.000001 -0.000001 0.000000 
0.176823 35.262039 -3.294281 -115.206672 5.478802 3.147014 0.000000 10.181547 0.131523 53.790912 -8.033161 -1.595025 14.452294 -2.540451 2.904999 14.513778 -1.532698 3.001468 0.000000 16.740374 -2.049019 8.082123 0.157414 1.364754 0.000000 9.617843 1.684967 28.114155 3.120509 6.425601 0.000001 22.037384 7.501075 -0.000000 0.000000 0.000000 -4.570001 11.014858 -2.160839 0.566137 -0.020113 -1.614849 30.312103 -9.214755 94.146235 -0.000003 41.605933 0.000011 40.690323 -35.450512 -75.217376 -2.464808 -1.573992 2.681913 -11.630453 11.625162 -20.750857 6.358357 -14.447667 -2.112241 -5.504768 -5.510924 -14.718511 0.000002 -0.000004 0.000003 -9.108294 -0.517870 2.259800 0.083329 -2.854491 7.046420 0.000011 -0.007202 0.088408 0.000001 0.004412 -0.054199 0.000001 0.000002 0.000001 -9.532492 0.000012 -0.000001 0.082086 -2.844314 6.920395 0.000004 -0.008861 0.108735 0.000008 0.005344 -0.065526 0.000000 0.000001 0.000000 -9.103596 -0.043089 -1.865102 0.079705 -2.824400 6.674078 0.000006 -0.006796 0.083420 -0.000001 0.003655 -0.044840 -0.000000 0.000000 0.000000 -8.076706 -0.486721 -3.806301 0.060636 -2.632567 4.306780 0.000009 -0.010634 0.130552 0.000002 0.006031 -0.074011 -0.000000 0.000001 -0.000000 4.570399 11.014660 -2.160813 5.816769 -2.815286 -0.615037 36.106330 6.688025 -105.633452 -0.000005 -34.433183 0.000013 19.018418 20.661724 91.424869 2.466090 -1.576211 2.681698 -12.388627 -9.936137 20.816846 5.987296 12.645730 1.346538 -7.335785 -0.421671 13.147353 0.000003 0.000007 0.000004 9.109295 -0.518020 2.259899 0.287416 3.189500 -8.363680 -0.000004 0.001662 -0.016208 0.000005 -0.001022 0.010024 0.000000 0.000000 0.000000 9.533402 0.000010 -0.000000 0.124656 3.201690 -8.197509 0.000005 -0.000006 0.000006 0.000001 0.000005 -0.000002 0.000000 -0.000000 0.000001 9.104498 -0.043001 -1.865101 0.108202 3.079164 -6.987591 0.000005 -0.000012 0.000002 0.000002 -0.000000 0.000004 -0.000001 0.000000 0.000001 8.077798 -0.486890 -3.806301 0.089442 2.906232 -5.290077 0.000003 -0.000002 -0.000010 0.000000 -0.000005 0.000025 0.000000 -0.000001 -0.000000 -8.207796 -6.751703 -1.599540 -48.154476 -3.591112 -48.319695 6.871318 -10.004109 -4.964634 -7.268881 -17.939577 11.176369 3.859004 -0.000003 -0.000003 0.000001 0.000000 -0.000002 8.207800 -6.751705 -1.599550 -62.482092 3.501898 57.011859 22.281131 -3.620238 2.954213 29.401833 0.053813 -0.809343 0.145027 -0.000014 -0.000029 -0.000001 -0.000001 0.000000 
0.176823 35.262039 -3.294281 -115.206672 5.478802 3.147014 0.000000 10.181547 0.131523 53.790912 -8.033161 -1.595025 14.452294 -2.540451 2.904999 14.513778 -1.532698 3.001468 0.000000 16.740374 -2.049019 8.082123 0.157414 1.364754 0.000000 9.617843 1.684967 28.114155 3.120509 6.425601 0.000001 22.037384 7.501075 -0.000000 0.000000 0.000000 -4.570001 11.014858 -2.160839 0.566137 -0.020113 -1.614849 30.312103 -9.214755 94.146235 -0.000003 41.605933 0.000011 40.690323 -35.450512 -75.217376 -2.464808 -1.573992 2.681913 -11.630453 11.625162 -20.750857 6.358357 -14.447667 -2.112241 -5.504768 -5.510924 -14.718511 0.000002 -0.000004 0.000003 -9.108294 -0.517870 2.259800 0.083329 -2.854491 7.046420 0.000011 -0.007202 0.088408 0.000001 0.004412 -0.054199 0.000001 0.000002 0.000001 -9.532492 0.000012 -0.000001 0.082086 -2.844314 6.920395 0.000004 -0.008861 0.108735 0.000008 0.005344 -0.065526 0.000000 0.000001 0.000000 -9.103596 -0.043089 -1.865102 0.079705 -2.824400 6.674078 0.000006 -0.006796 0.083420 -0.000001 0.003655 -0.044840 -0.000000 0.000000 0.000000 -8.076706 -0.486721 -3.806301 0.060636 -2.632567 4.306780 0.000009 -0.010634 0.130552 0.000002 0.006031 -0.074011 -0.000000 0.000001 -0.000000 4.570399 11.014660 -2.160813 5.816769 -2.815286 -0.615037 36.106330 6.688025 -105.633452 -0.000005 -34.433183 0.000013 19.018418 20.661724 91.424869 2.466090 -1.576211 2.681698 -12.388627 -9.936137 20.816846 5.987296 12.645730 1.346538 -7.335785 -0.421671 13.147353 0.000003 0.000007 0.000004 9.109295 -0.518020 2.259899 0.287416 3.189500 -8.363680 -0.000004 0.001662 -0.016208 0.000005 -0.001022 0.010024 0.000000 0.000000 0.000000 9.533402 0.000010 -0.000000 0.124656 3.201690 -8.197509 0.000005 -0.000006 0.000006 0.000001 0.000005 -0.000002 0.000000 -0.000000 0.000001 9.104498 -0.043001 -1.865101 0.108202 3.079164 -6.987591 0.000005 -0.000012 0.000002 0.000002 -0.000000 0.000004 -0.000001 0.000000 0.000001 8.077798 -0.486890 -3.806301 0.089442 2.906232 -5.290077 0.000003 -0.000002 -0.000010 0.000000 -0.000005 0.000025 0.000000 -0.000001 -0.000000 -8.207796 -6.751703 -1.599540 -48.154476 -3.591112 -48.319695 6.871318 -10.004109 -4.964634 -7.268881 -17.939577 11.176369 3.859004 -0.000003 -0.000003 0.000001 0.000000 -0.000002 8.207800 -6.751705 -1.599550 -62.482092 3.501898 57.011859 22.281131 -3.620238 2.954213 29.401833 0.053813 -0.809343 0.145027 -0.000014 -0.000029 -0.000001 -0.000001 0.000000 
0.176823 35.262039 -3.294281 -115.206672 5.478802 3.147014 0.000000 10.181547 0.131523 53.790912 -8.033161 -1.595025 14.452294 -2.540451 2.904999 14.513778 -1.532698 3.001468 0.000000 16.740374 -2.049019 8.082123 0.157414 1.364754 0.000000 9.617843 1.684967 28.114155 3.120509 6.425601 0.000001 22.037384 7.501075 -0.000000 0.000000 0.000000 -4.570001 11.014858 -2.160839 0.566137 -0.020113 -1.614849 30.312103 -9.214755 94.146235 -0.000003 41.605933 0.000011 40.690323 -35.450512 -75.217376 -2.464808 -1.573992 2.681913 -11.630453 11.625162 -20.750857 6.358357 -14.447667 -2.112241 -5.504768 -5.510924 -14.718511 0.000002 -0.000004 0.000003 -9.108294 -0.517870 2.259800 0.083329 -2.854491 7.046420 0.000011 -0.007202 0.088408 0.000001 0.004412 -0.054199 0.000001 0.000002 0.000001 -9.532492 0.000012 -0.000001 0.082086 -2.844314 6.920395 0.000004 -0.008861 0.108735 0.000008 0.005344 -0.065526 0.000000 0.000001 0.000000 -9.103596 -0.043089 -1.865102 0.079705 -2.824400 6.674078 0.000006 -0.006796 0.083420 -0.000001 0.003655 -0.044840 -0.000000 0.000000 0.000000 -8.076706 -0.486721 -3.806301 0.060636 -2.632567 4.306780 0.000009 -0.010634 0.130552 0.000002 0.006031 -0.074011 -0.000000 0.000001 -0.000000 4.570399 11.014660 -2.160813 5.816769 -2.815286 -0.615037 36.106330 6.688025 -105.633452 -0.000005 -34.433183 0.000013 19.018418 20.661724 91.424869 2.466090 -1.576211 2.681698 -12.388627 -9.936137 20.816846 5.987296 12.645730 1.346538 -7.335785 -0.421671 13.147353 0.000003 0.000007 0.000004 9.109295 -0.518020 2.259899 0.287416 3.189500 -8.363680 -0.000004 0.001662 -0.016208 0.000005 -0.001022 0.010024 0.000000 0.000000 0.000000 9.533402 0.000010 -0.000000 0.124656 3.201690 -8.197509 0.000005 -0.000006 0.000006 0.000001 0.000005 -0.000002 0.000000 -0.000000 0.000001 9.104498 -0.043001 -1.865101 0.108202 3.079164 -6.987591 0.000005 -0.000012 0.000002 0.000002 -0.000000 0.000004 -0.000001 0.000000 0.000001 8.077798 -0.486890 -3.806301 0.089442 2.906232 -5.290077 0.000003 -0.000002 -0.000010 0.000000 -0.000005 0.000025 0.000000 -0.000001 -0.000000 -8.207796 -6.751703 -1.599540 -48.154476 -3.591112 -48.319695 6.871318 -10.004109 -4.964634 -7.268881 -17.939577 11.176369 3.859004 -0.000003 -0.000003 0.000001 0.000000 -0.000002 8.207800 -6.751705 -1.599550 -62.482092 3.501898 57.011859 22.281131 -3.620238 2.954213 29.401833 0.053813 -0.809343 0.145027 -0.000014 -0.000029 -0.000001 -0.000001 0.000000 
0.176823 35.262039 -3.294281 -115.206672 5.478802 3.147014 0.000000 10.181547 0.131523 53.790912 -8.033161 -1.595025 14.452294 -2.540451 2.904999 14.513778 -1.532698 3.001468 0.000000 16.740374 -2.049019 8.082123 0.157414 1.364754 0.000000 9.617843 1.684967 28.114155 3.120509 6.425601 0.000001 22.037384 7.501075 -0.000000 0.000000 0.000000 -4.570001 11.014858 -2.160839 0.566137 -0.020113 -1.614849 30.312103 -9.214755 94.146235 -0.000003 41.605933 0.000011 40.690323 -35.450512 -75.217376 -2.464808 -1.573992 2.681913 -11.630453 11.625162 -20.750857 6.358357 -14.447667 -2.112241 -5.504768 -5.510924 -14.718511 0.000002 -0.000004 0.000003 -9.108294 -0.517870 2.259800 0.083329 -2.854491 7.046420 0.000011 -0.007202 0.088408 0.000001 0.004412 -0.054199 0.000001 0.000002 0.000001 -9.532492 0.000012 -0.000001 0.082086 -2.844314 6.920395 0.000004 -0.008861 0.108735 0.000008 0.005344 -0.065526 0.000000 0.000001 0.000000 -9.103596 -0.043089 -1.865102 0.079705 -2.824400 6.674078 0.000006 -0.006796 0.083420 -0.000001 0.003655 -0.044840 -0.000000 0.000000 0.000000 -8.076706 -0.486721 -3.806301 0.060636 -2.632567 4.306780 0.000009 -0.010634 0.130552 0.000002 0.006031 -0.074011 -0.000000 0.000001 -0.000000 4.570399 11.014660 -2.160813 5.816769 -2.815286 -0.615037 36.106330 6.688025 -105.633452 -0.000005 -34.433183 0.000013 19.018418 20.661724 91.424869 2.466090 -1.576211 2.681698 -12.388627 -9.936137 20.816846 5.987296 12.645730 1.346538 -7.335785 -0.421671 13.147353 0.000003 0.000007 0.000004 9.109295 -0.518020 2.259899 0.287416 3.189500 -8.363680 -0.000004 0.001662 -0.016208 0.000005 -0.001022 0.010024 0.000000 0.000000 0.000000 9.533402 0.000010 -0.000000 0.124656 3.201690 -8.197509 0.000005 -0.000006 0.000006 0.000001 0.000005 -0.000002 0.000000 -0.000000 0.000001 9.104498 -0.043001 -1.865101 0.108202 3.079164 -6.987591 0.000005 -0.000012 0.000002 0.000002 -0.000000 0.000004 -0.000001 0.000000 0.000001 8.077798 -0.486890 -3.806301 0.089442 2.906232 -5.290077 0.000003 -0.000002 -0.000010 0.000000 -0.000005 0.000025 0.000000 -0.000001 -0.000000 -8.207796 -6.751703 -1.599540 -48.154476 -3.591112 -48.319695 6.871318 -10.004109 -4.964634 -7.268881 -17.939577 11.176369 3.859004 -0.000003 -0.000003 0.000001 0.000000 -0.000002 8.207800 -6.751705 -1.599550 -62.482092 3.501898 57.011859 22.281131 -3.620238 2.954213 29.401833 0.053813 -0.809343 0.145027 -0.000014 -0.000029 -0.000001 -0.000001 0.000000 
0.176823 35.262039 -3.294281 -115.206672 5.478802 3.147014 0.000000 10.181547 0.131523 53.790912 -8.033161 -1.595025 14.452294 -2.540451 2.904999 14.513778 -1.532698 3.001468 0.000000 16.740374 -2.049019 8.082123 0.157414 1.364754 0.000000 9.617843 1.684967 28.114155 3.120509 6.425601 0.000001 22.037384 7.501075 -0.000000 0.000000 0.000000 -4.570001 11.014858 -2.160839 0.566137 -0.020113 -1.614849 30.312103 -9.214755 94.146235 -0.000003 41.605933 0.000011 40.690323 -35.450512 -75.217376 -2.464808 -1.573992 2.681913 -11.630453 11.625162 -20.750857 6.358357 -14.447667 -2.112241 -5.504768 -5.510924 -14.718511 0.000002 -0.000004 0.000003 -9.108294 -0.517870 2.259800 0.083329 -2.854491 7.046420 0.000011 -0.007202 0.088408 0.000001 0.004412 -0.054199 0.000001 0.000002 0.000001 -9.532492 0.000012 -0.000001 0.082086 -2.844314 6.920395 0.000004 -0.008861 0.108735 0.000008 0.005344 -0.065526 0.000000 0.000001 0.000000 -9.103596 -0.043089 -1.865102 0.079705 -2.824400 6.674078 0.000006 -0.006796 0.083420 -0.000001 0.003655 -0.044840 -0.000000 0.000000 0.000000 -8.076706 -0.486721 -3.806301 0.060636 -2.632567 4.306780 0.000009 -0.010634 0.130552 0.000002 0.006031 -0.074011 -0.000000 0.000001 -0.000000 4.570399 11.014660 -2.160813 5.816769 -2.815286 -0.615037 36.106330 6.688025 -105.633452 -0.000005 -34.433183 0.000013 19.018418 20.661724 91.424869 2.466090 -1.576211 2.681698 -12.388627 -9.936137 20.816846 5.987296 12.645730 1.346538 -7.335785 -0.421671 13.147353 0.000003 0.000007 0.000004 9.109295 -0.518020 2.259899 0.287416 3.189500 -8.363680 -0.000004 0.001662 -0.016208 0.000005 -0.001022 0.010024 0.000000 0.000000 0.000000 9.533402 0.000010 -0.000000 0.124656 3.201690 -8.197509 0.000005 -0.000006 0.000006 0.000001 0.000005 -0.000002 0.000000 -0.000000 0.000001 9.104498 -0.043001 -1.865101 0.108202 3.079164 -6.987591 0.000005 -0.000012 0.000002 0.000002 -0.000000 0.000004 -0.000001 0.000000 0.000001 8.077798 -0.486890 -3.806301 0.089442 2.906232 -5.290077 0.000003 -0.000002 -0.000010 0.000000 -0.000005 0.000025 0.000000 -0.000001 -0.000000 -8.207796 -6.751703 -1.599540 -48.154476 -3.591112 -48.319695 6.871318 -10.004109 -4.964634 -7.268881 -17.939577 11.176369 3.859004 -0.000003 -0.000003 0.000001 0.000000 -0.000002 8.207800 -6.751705 -1.599550 -62.482092 3.501898 57.011859 22.281131 -3.620238 2.954213 29.401833 0.053813 -0.809343 0.145027 -0.000014 -0.000029 -0.000001 -0.000001 0.000000 
0.176823 35.262039 -3.294281 -115.206672 5.478802 3.147014 0.000000 10.181547 0.131523 53.790912 -8.033161 -1.595025 14.452294 -2.540451 2.904999 14.513778 -1.532698 3.001468 0.000000 16.740374 -2.049019 8.082123 0.157414 1.364754 0.000000 9.617843 1.684967 28.114155 3.120509 6.425601 0.000001 22.037384 7.501075 -0.000000 0.000000 0.000000 -4.570001 11.014858 -2.160839 0.566137 -0.020113 -1.614849 30.312103 -9.214755 94.146235 -0.000003 41.605933 0.000011 40.690323 -35.450512 -75.217376 -2.464808 -1.573992 2.681913 -11.630453 11.625162 -20.750857 6.358357 -14.447667 -2.112241 -5.504768 -5.510924 -14.718511 0.000002 -0.000004 0.000003 -9.108294 -0.517870 2.259800 0.083329 -2.854491 7.046420 0.000011 -0.007202 0.088408 0.000001 0.004412 -0.054199 0.000001 0.000002 0.000001 -9.532492 0.000012 -0.000001 0.082086 -2.844314 6.920395 0.000004 -0.008861 0.108735 0.000008 0.005344 -0.065526 0.000000 0.000001 0.000000 -9.103596 -0.043089 -1.865102 0.079705 -2.824400 6.674078 0.000006 -0.006796 0.083420 -0.000001 0.003655 -0.044840 -0.000000 0.000000 0.000000 -8.076706 -0.486721 -3.806301 0.060636 -2.632567 4.306780 0.000009 -0.010634 0.130552 0.000002 0.006031 -0.074011 -0.000000 0.000001 -0.000000 4.570399 11.014660 -2.160813 5.816769 -2.815286 -0.615037 36.106330 6.688025 -105.633452 -0.000005 -34.433183 0.000013 19.018418 20.661724 91.424869 2.466090 -1.576211 2.681698 -12.388627 -9.936137 20.816846 5.987296 12.645730 1.346538 -7.335785 -0.421671 13.147353 0.000003 0.000007 0.000004 9.109295 -0.518020 2.259899 0.287416 3.189500 -8.363680 -0.000004 0.001662 -0.016208 0.000005 -0.001022 0.010024 0.000000 0.000000 0.000000 9.533402 0.000010 -0.000000 0.124656 3.201690 -8.197509 0.000005 -0.000006 0.000006 0.000001 0.000005 -0.000002 0.000000 -0.000000 0.000001 9.104498 -0.043001 -1.865101 0.108202 3.079164 -6.987591 0.000005 -0.000012 0.000002 0.000002 -0.000000 0.000004 -0.000001 0.000000 0.000001 8.077798 -0.486890 -3.806301 0.089442 2.906232 -5.290077 0.000003 -0.000002 -0.000010 0.000000 -0.000005 0.000025 0.000000 -0.000001 -0.000000 -8.207796 -6.751703 -1.599540 -48.154476 -3.591112 -48.319695 6.871318 -10.004109 -4.964634 -7.268881 -17.939577 11.176369 3.859004 -0.000003 -0.000003 0.000001 0.000000 -0.000002 8.207800 -6.751705 -1.599550 -62.482092 3.501898 57.011859 22.281131 -3.620238 2.954213 29.401833 0.053813 -0.809343 0.145027 -0.000014 -0.000029 -0.000001 -0.000001 0.000000 
0.176823 35.262039 -3.294281 -115.206672 5.478802 3.147014 0.000000 10.181547 0.131523 53.790912 -8.033161 -1.595025 14.452294 -2.540451 2.904999 14.513778 -1.532698 3.001468 0.000000 16.740374 -2.049019 8.082123 0.157414 1.364754 0.000000 9.617843 1.684967 28.114155 3.120509 6.425601 0.000001 22.037384 7.501075 -0.000000 0.000000 0.000000 -4.570001 11.014858 -2.160839 0.566137 -0.020113 -1.614849 30.312103 -9.214755 94.146235 -0.000003 41.605933 0.000011 40.690323 -35.450512 -75.217376 -2.464808 -1.573992 2.681913 -11.630453 11.625162 -20.750857 6.358357 -14.447667 -2.112241 -5.504768 -5.510924 -14.718511 0.000002 -0.000004 0.000003 -9.108294 -0.517870 2.259800 0.083329 -2.854491 7.046420 0.000011 -0.007202 0.088408 0.000001 0.004412 -0.054199 0.000001 0.000002 0.000001 -9.532492 0.000012 -0.000001 0.082086 -2.844314 6.920395 0.000004 -0.008861 0.108735 0.000008 0.005344 -0.065526 0.000000 0.000001 0.000000 -9.103596 -0.043089 -1.865102 0.079705 -2.824400 6.674078 0.000006 -0.006796 0.083420 -0.000001 0.003655 -0.044840 -0.000000 0.000000 0.000000 -8.076706 -0.486721 -3.806301 0.060636 -2.632567 4.306780 0.000009 -0.010634 0.130552 0.000002 0.006031 -0.074011 -0.000000 0.000001 -0.000000 4.570399 11.014660 -2.160813 5.816769 -2.815286 -0.615037 36.106330 6.688025 -105.633452 -0.000005 -34.433183 0.000013 19.018418 20.661724 91.424869 2.466090 -1.576211 2.681698 -12.388627 -9.936137 20.816846 5.987296 12.645730 1.346538 -7.335785 -0.421671 13.147353 0.000003 0.000007 0.000004 9.109295 -0.518020 2.259899 0.287416 3.189500 -8.363680 -0.000004 0.001662 -0.016208 0.000005 -0.001022 0.010024 0.000000 0.000000 0.000000 9.533402 0.000010 -0.000000 0.124656 3.201690 -8.197509 0.000005 -0.000006 0.000006 0.000001 0.000005 -0.000002 0.000000 -0.000000 0.000001 9.104498 -0.043001 -1.865101 0.108202 3.079164 -6.987591 0.000005 -0.000012 0.000002 0.000002 -0.000000 0.000004 -0.000001 0.000000 0.000001 8.077798 -0.486890 -3.806301 0.089442 2.906232 -5.290077 0.000003 -0.000002 -0.000010 0.000000 -0.000005 0.000025 0.000000 -0.000001 -0.000000 -8.207796 -6.751703 -1.599540 -48.154476 -3.591112 -48.319695 6.871318 -10.004109 -4.964634 -7.268881 -17.939577 11.176369 3.859004 -0.000003 -0.000003 0.000001 0.000000 -0.000002 8.207800 -6.751705 -1.599550 -62.482092 3.501898 57.011859 22.281131 -3.620238 2.954213 29.401833 0.053813 -0.809343 0.145027 -0.000014 -0.000029 -0.000001 -0.000001 0.000000 
0.176823 35.262039 -3.294281 -115.206672 5.478802 3.147014 0.000000 10.181547 0.131523 53.790912 -8.033161 -1.595025 14.452294 -2.540451 2.904999 14.513778 -1.532698 3.001468 0.000000 16.740374 -2.049019 8.082123 0.157414 1.364754 0.000000 9.617843 1.684967 28.114155 3.120509 6.425601 0.000001 22.037384 7.501075 -0.000000 0.000000 0.000000 -4.570001 11.014858 -2.160839 0.566137 -0.020113 -1.614849 30.312103 -9.214755 94.146235 -0.000003 41.605933 0.000011 40.690323 -35.450512 -75.217376 -2.464808 -1.573992 2.681913 -11.630453 11.625162 -20.750857 6.358357 -14.447667 -2.112241 -5.504768 -5.510924 -14.718511 0.000002 -0.000004 0.000003 -9.108294 -0.517870 2.259800 0.083329 -2.854491 7.046420 0.000011 -0.007202 0.088408 0.000001 0.004412 -0.054199 0.000001 0.000002 0.000001 -9.532492 0.000012 -0.000001 0.082086 -2.844314 6.920395 0.000004 -0.008861 0.108735 0.000008 0.005344 -0.065526 0.000000 0.000001 0.000000 -9.103596 -0.043089 -1.865102 0.079705 -2.824400 6.674078 0.000006 -0.006796 0.083420 -0.000001 0.003655 -0.044840 -0.000000 0.000000 0.000000 -8.076706 -0.486721 -3.806301 0.060636 -2.632567 4.306780 0.000009 -0.010634 0.130552 0.000002 0.006031 -0.074011 -0.000000 0.000001 -0.000000 4.570399 11.014660 -2.160813 5.816769 -2.815286 -0.615037 36.106330 6.688025 -105.633452 -0.000005 -34.433183 0.000013 19.018418 20.661724 91.424869 2.466090 -1.576211 2.681698 -12.388627 -9.936137 20.816846 5.987296 12.645730 1.346538 -7.335785 -0.421671 13.147353 0.000003 0.000007 0.000004 9.109295 -0.518020 2.259899 0.287416 3.189500 -8.363680 -0.000004 0.001662 -0.016208 0.000005 -0.001022 0.010024 0.000000 0.000000 0.000000 9.533402 0.000010 -0.000000 0.124656 3.201690 -8.197509 0.000005 -0.000006 0.000006 0.000001 0.000005 -0.000002 0.000000 -0.000000 0.000001 9.104498 -0.043001 -1.865101 0.108202 3.079164 -6.987591 0.000005 -0.000012 0.000002 0.000002 -0.000000 0.000004 -0.000001 0.000000 0.000001 8.077798 -0.486890 -3.806301 0.089442 2.906232 -5.290077 0.000003 -0.000002 -0.000010 0.000000 -0.000005 0.000025 0.000000 -0.000001 -0.000000 -8.207796 -6.751703 -1.599540 -48.154476 -3.591112 -48.319695 6.871318 -10.004109 -4.964634 -7.268881 -17.939577 11.176369 3.859004 -0.000003 -0.000003 0.000001 0.000000 -0.000002 8.207800 -6.751705 -1.599550 -62.482092 3.501898 57.011859 22.281131 -3.620238 2.954213 29.401833 0.053813 -0.809343 0.145027 -0.000014 -0.000029 -0.000001 -0.000001 0.000000 
0.176823 35.262039 -3.294281 -115.206672 5.478802 3.147014 0.000000 10.181547 0.131523 53.790912 -8.033161 -1.595025 14.452294 -2.540451 2.904999 14.513778 -1.532698 3.001468 0.000000 16.740374 -2.049019 8.082123 0.157414 1.364754 0.000000 9.617843 1.684967 28.114155 3.120509 6.425601 0.000001 22.037384 7.501075 -0.000000 0.000000 0.000000 -4.570001 11.014858 -2.160839 0.566137 -0.020113 -1.614849 30.312103 -9.214755 94.146235 -0.000003 41.605933 0.000011 40.690323 -35.450512 -75.217376 -2.464808 -1.573992 2.681913 -11.630453 11.625162 -20.750857 6.358357 -14.447667 -2.112241 -5.504768 -5.510924 -14.718511 0.000002 -0.000004 0.000003 -9.108294 -0.517870 2.259800 0.083329 -2.854491 7.046420 0.000011 -0.007202 0.088408 0.000001 0.004412 -0.054199 0.000001 0.000002 0.000001 -9.532492 0.000012 -0.000001 0.082086 -2.844314 6.920395 0.000004 -0.008861 0.108735 0.000008 0.005344 -0.065526 0.000000 0.000001 0.000000 -9.103596 -0.043089 -1.865102 0.079705 -2.824400 6.674078 0.000006 -0.006796 0.083420 -0.000001 0.003655 -0.044840 -0.000000 0.000000 0.000000 -8.076706 -0.486721 -3.806301 0.060636 -2.632567 4.306780 0.000009 -0.010634 0.130552 0.000002 0.006031 -0.074011 -0.000000 0.000001 -0.000000 4.570399 11.014660 -2.160813 5.816769 -2.815286 -0.615037 36.106330 6.688025 -105.633452 -0.000005 -34.433183 0.000013 19.018418 20.661724 91.424869 2.466090 -1.576211 2.681698 -12.388627 -9.936137 20.816846 5.987296 12.645730 1.346538 -7.335785 -0.421671 13.147353 0.000003 0.000007 0.000004 9.109295 -0.518020 2.259899 0.287416 3.189500 -8.363680 -0.000004 0.001662 -0.016208 0.000005 -0.001022 0.010024 0.000000 0.000000 0.000000 9.533402 0.000010 -0.000000 0.124656 3.201690 -8.197509 0.000005 -0.000006 0.000006 0.000001 0.000005 -0.000002 0.000000 -0.000000 0.000001 9.104498 -0.043001 -1.865101 0.108202 3.079164 -6.987591 0.000005 -0.000012 0.000002 0.000002 -0.000000 0.000004 -0.000001 0.000000 0.000001 8.077798 -0.486890 -3.806301 0.089442 2.906232 -5.290077 0.000003 -0.000002 -0.000010 0.000000 -0.000005 0.000025 0.000000 -0.000001 -0.000000 -8.207796 -6.751703 -1.599540 -48.154476 -3.591112 -48.319695 6.871318 -10.004109 -4.964634 -7.268881 -17.939577 11.176369 3.859004 -0.000003 -0.000003 0.000001 0.000000 -0.000002 8.207800 -6.751705 -1.599550 -62.482092 3.501898 57.011859 22.281131 -3.620238 2.954213 29.401833 0.053813 -0.809343 0.145027 -0.000014 -0.000029 -0.000001 -0.000001 0.000000 
0.176823 35.262039 -3.294281 -115.206672 5.478802 3.147014 0.000000 10.181547 0.131523 53.790912 -8.033161 -1.595025 14.452294 -2.540451 2.904999 14.513778 -1.532698 3.001468 0.000000 16.740374 -2.049019 8.082123 0.157414 1.364754 0.000000 9.617843 1.684967 28.114155 3.120509 6.425601 0.000001 22.037384 7.501075 -0.000000 0.000000 0.000000 -4.570001 11.014858 -2.160839 0.566137 -0.020113 -1.614849 30.312103 -9.214755 94.146235 -0.000003 41.605933 0.000011 40.690323 -35.450512 -75.217376 -2.464808 -1.573992 2.681913 -11.630453 11.625162 -20.750857 6.358357 -14.447667 -2.112241 -5.504768 -5.510924 -14.718511 0.000002 -0.000004 0.000003 -9.108294 -0.517870 2.259800 0.083329 -2.854491 7.046420 0.000011 -0.007202 0.088408 0.000001 0.004412 -0.054199 0.000001 0.000002 0.000001 -9.532492 0.000012 -0.000001 0.082086 -2.844314 6.920395 0.000004 -0.008861 0.108735 0.000008 0.005344 -0.065526 0.000000 0.000001 0.000000 -9.103596 -0.043089 -1.865102 0.079705 -2.824400 6.674078 0.000006 -0.006796 0.083420 -0.000001 0.003655 -0.044840 -0.000000 0.000000 0.000000 -8.076706 -0.486721 -3.806301 0.060636 -2.632567 4.306780 0.000009 -0.010634 0.130552 0.000002 0.006031 -0.074011 -0.000000 0.000001 -0.000000 4.570399 11.014660 -2.160813 5.816769 -2.815286 -0.615037 36.106330 6.688025 -105.633452 -0.000005 -34.433183 0.000013 19.018418 20.661724 91.424869 2.466090 -1.576211 2.681698 -12.388627 -9.936137 20.816846 5.987296 12.645730 1.346538 -7.335785 -0.421671 13.147353 0.000003 0.000007 0.000004 9.109295 -0.518020 2.259899 0.287416 3.189500 -8.363680 -0.000004 0.001662 -0.016208 0.000005 -0.001022 0.010024 0.000000 0.000000 0.000000 9.533402 0.000010 -0.000000 0.124656 3.201690 -8.197509 0.000005 -0.000006 0.000006 0.000001 0.000005 -0.000002 0.000000 -0.000000 0.000001 9.104498 -0.043001 -1.865101 0.108202 3.079164 -6.987591 0.000005 -0.000012 0.000002 0.000002 -0.000000 0.000004 -0.000001 0.000000 0.000001 8.077798 -0.486890 -3.806301 0.089442 2.906232 -5.290077 0.000003 -0.000002 -0.000010 0.000000 -0.000005 0.000025 0.000000 -0.000001 -0.000000 -8.207796 -6.751703 -1.599540 -48.154476 -3.591112 -48.319695 6.871318 -10.004109 -4.964634 -7.268881 -17.939577 11.176369 3.859004 -0.000003 -0.000003 0.000001 0.000000 -0.000002 8.207800 -6.751705 -1.599550 -62.482092 3.501898 57.011859 22.281131 -3.620238 2.954213 29.401833 0.053813 -0.809343 0.145027 -0.000014 -0.000029 -0.000001 -0.000001 0.000000 
0.176823 35.262039 -3.294281 -115.206672 5.478802 3.147014 0.000000 10.181547 0.131523 53.790912 -8.033161 -1.595025 14.452294 -2.540451 2.904999 14.513778 -1.532698 3.001468 0.000000 16.740374 -2.049019 8.082123 0.157414 1.364754 0.000000 9.617843 1.684967 28.114155 3.120509 6.425601 0.000001 22.037384 7.501075 -0.000000 0.000000 0.000000 -4.570001 11.014858 -2.160839 0.566137 -0.020113 -1.614849 30.312103 -9.214755 94.146235 -0.000003 41.605933 0.000011 40.690323 -35.450512 -75.217376 -2.464808 -1.573992 2.681913 -11.630453 11.625162 -20.750857 6.358357 -14.447667 -2.112241 -5.504768 -5.510924 -14.718511 0.000002 -0.000004 0.000003 -9.108294 -0.517870 2.259800 0.083329 -2.854491 7.046420 0.000011 -0.007202 0.088408 0.000001 0.004412 -0.054199 0.000001 0.000002 0.000001 -9.532492 0.000012 -0.000001 0.082086 -2.844314 6.920395 0.000004 -0.008861 0.108735 0.000008 0.005344 -0.065526 0.000000 0.000001 0.000000 -9.103596 -0.043089 -1.865102 0.079705 -2.824400 6.674078 0.000006 -0.006796 0.083420 -0.000001 0.003655 -0.044840 -0.000000 0.000000 0.000000 -8.076706 -0.486721 -3.806301 0.060636 -2.632567 4.306780 0.000009 -0.010634 0.130552 0.000002 0.006031 -0.074011 -0.000000 0.000001 -0.000000 4.570399 11.014660 -2.160813 5.816769 -2.815286 -0.615037 36.106330 6.688025 -105.633452 -0.000005 -34.433183 0.000013 19.018418 20.661724 91.424869 2.466090 -1.576211 2.681698 -12.388627 -9.936137 20.816846 5.987296 12.645730 1.346538 -7.335785 -0.421671 13.147353 0.000003 0.000007 0.000004 9.109295 -0.518020 2.259899 0.287416 3.189500 -8.363680 -0.000004 0.001662 -0.016208 0.000005 -0.001022 0.010024 0.000000 0.000000 0.000000 9.533402 0.000010 -0.000000 0.124656 3.201690 -8.197509 0.000005 -0.000006 0.000006 0.000001 0.000005 -0.000002 0.000000 -0.000000 0.000001 9.104498 -0.043001 -1.865101 0.108202 3.079164 -6.987591 0.000005 -0.000012 0.000002 0.000002 -0.000000 0.000004 -0.000001 0.000000 0.000001 8.077798 -0.486890 -3.806301 0.089442 2.906232 -5.290077 0.000003 -0.000002 -0.000010 0.000000 -0.000005 0.000025 0.000000 -0.000001 -0.000000 -8.207796 -6.751703 -1.599540 -48.154476 -3.591112 -48.319695 6.871318 -10.004109 -4.964634 -7.268881 -17.939577 11.176369 3.859004 -0.000003 -0.000003 0.000001 0.000000 -0.000002 8.207800 -6.751705 -1.599550 -62.482092 3.501898 57.011859 22.281131 -3.620238 2.954213 29.401833 0.053813 -0.809343 0.145027 -0.000014 -0.000029 -0.000001 -0.000001 0.000000 
