HIERARCHY
ROOT Hips
{
	OFFSET -0.000008 104.274872 1.554316
	CHANNELS 6 Xposition Yposition Zposition Xrotation Yrotation Zrotation
	JOINT Spine
	{
		OFFSET -0.000005 10.181587 0.131521
		CHANNELS 6 Xposition Yposition Zposition Xrotation Yrotation Zrotation
		JOINT Spine1
		{
			OFFSET -0.000000 9.893967 -1.470711
			CHANNELS 3 Xrotation Yrotation Zrotation
			JOINT Spine2
			{
				OFFSET -0.000000 9.220772 -1.370643
				CHANNELS 3 Xrotation Yrotation Zrotation
				JOINT Neck
				{
					OFFSET 0.000001 16.740387 -2.049035
					CHANNELS 6 Xposition Yposition Zposition Xrotation Yrotation Zrotation
					JOINT Head
					{
						OFFSET 0.000000 9.617889 1.685008
						CHANNELS 6 Xposition Yposition Zposition Xrotation Yrotation Zrotation
						JOINT HeadTop_End
						{
							OFFSET 0.000002 22.037369 7.501095
							CHANNELS 6 Xposition Yposition Zposition Xrotation Yrotation Zrotation
							End Site
							{
								OFFSET 0.000002 23.106552 -2.828258
							}
						}
					}
				}
				JOINT RightShoulder
				{
					OFFSET -4.569969 11.014908 -2.160884
					CHANNELS 6 Xposition Yposition Zposition Xrotation Yrotation Zrotation
					JOINT RightArm
					{
						OFFSET -10.592846 -0.524811 -2.232097
						CHANNELS 3 Xrotation Yrotation Zrotation
						JOINT RightForeArm
						{
							OFFSET -27.841518 0.000000 -0.000004
							CHANNELS 3 Xrotation Yrotation Zrotation
							JOINT RightHand
							{
								OFFSET -28.328838 0.000000 0.000019
								CHANNELS 3 Xrotation Yrotation Zrotation
								JOINT RightHandThumb1
								{
									OFFSET -2.464806 -1.573990 2.681852
									CHANNELS 6 Xposition Yposition Zposition Xrotation Yrotation Zrotation
									JOINT RightHandThumb2
									{
										OFFSET -3.215187 -1.872772 1.924281
										CHANNELS 3 Xrotation Yrotation Zrotation
										JOINT RightHandThumb3
										{
											OFFSET -2.654839 -1.527985 1.512611
											CHANNELS 3 Xrotation Yrotation Zrotation
											JOINT RightHandThumb4
											{
												OFFSET -2.018822 -1.152008 1.108052
												CHANNELS 3 Xrotation Yrotation Zrotation
												End Site
												{
													OFFSET -1.888100 -1.145340 1.324313
												}
											}
										}
									}
								}
								JOINT RightHandIndex1
								{
									OFFSET -9.108284 -0.517868 2.259834
									CHANNELS 6 Xposition Yposition Zposition Xrotation Yrotation Zrotation
									JOINT RightHandIndex2
									{
										OFFSET -3.699997 0.000015 0.001215
										CHANNELS 3 Xrotation Yrotation Zrotation
										JOINT RightHandIndex3
										{
											OFFSET -2.850006 0.000000 -0.000521
											CHANNELS 3 Xrotation Yrotation Zrotation
											JOINT RightHandIndex4
											{
												OFFSET -2.772186 0.000000 -0.000020
												CHANNELS 3 Xrotation Yrotation Zrotation
												End Site
												{
													OFFSET -2.772186 0.000000 -0.000502
												}
											}
										}
									}
								}
								JOINT RightHandMiddle1
								{
									OFFSET -9.532501 -0.000046 -0.000025
									CHANNELS 6 Xposition Yposition Zposition Xrotation Yrotation Zrotation
									JOINT RightHandMiddle2
									{
										OFFSET -3.699997 0.000015 0.003713
										CHANNELS 3 Xrotation Yrotation Zrotation
										JOINT RightHandMiddle3
										{
											OFFSET -2.949997 0.000000 -0.002054
											CHANNELS 3 Xrotation Yrotation Zrotation
											JOINT RightHandMiddle4
											{
												OFFSET -2.946632 0.000015 -0.000155
												CHANNELS 3 Xrotation Yrotation Zrotation
												End Site
												{
													OFFSET -2.946625 0.000000 -0.001135
												}
											}
										}
									}
								}
								JOINT RightHandRing1
								{
									OFFSET -9.103592 -0.043076 -1.865134
									CHANNELS 6 Xposition Yposition Zposition Xrotation Yrotation Zrotation
									JOINT RightHandRing2
									{
										OFFSET -3.379272 0.000000 -0.001054
										CHANNELS 3 Xrotation Yrotation Zrotation
										JOINT RightHandRing3
										{
											OFFSET -2.889687 0.000000 0.000379
											CHANNELS 3 Xrotation Yrotation Zrotation
											JOINT RightHandRing4
											{
												OFFSET -2.638817 0.000000 0.000942
												CHANNELS 3 Xrotation Yrotation Zrotation
												End Site
												{
													OFFSET -2.638802 0.000000 0.005160
												}
											}
										}
									}
								}
								JOINT RightHandPinky1
								{
									OFFSET -8.076675 -0.486710 -3.806279
									CHANNELS 6 Xposition Yposition Zposition Xrotation Yrotation Zrotation
									JOINT RightHandPinky2
									{
										OFFSET -3.599998 -0.000031 -0.003747
										CHANNELS 3 Xrotation Yrotation Zrotation
										JOINT RightHandPinky3
										{
											OFFSET -2.099991 -0.000015 -0.005740
											CHANNELS 3 Xrotation Yrotation Zrotation
											JOINT RightHandPinky4
											{
												OFFSET -2.115776 -0.000015 -0.003680
												CHANNELS 3 Xrotation Yrotation Zrotation
												End Site
												{
													OFFSET -2.115784 -0.000015 -0.003507
												}
											}
										}
									}
								}
							}
						}
					}
				}
				JOINT LeftShoulder
				{
					OFFSET 4.570447 11.014709 -2.160855
					CHANNELS 6 Xposition Yposition Zposition Xrotation Yrotation Zrotation
					JOINT LeftArm
					{
						OFFSET 10.592369 -0.524597 -2.232120
						CHANNELS 3 Xrotation Yrotation Zrotation
						JOINT LeftForeArm
						{
							OFFSET 27.841522 -0.000031 0.000023
							CHANNELS 3 Xrotation Yrotation Zrotation
							JOINT LeftHand
							{
								OFFSET 28.328835 -0.000031 0.000018
								CHANNELS 3 Xrotation Yrotation Zrotation
								JOINT LeftHandThumb1
								{
									OFFSET 2.466141 -1.576187 2.681734
									CHANNELS 6 Xposition Yposition Zposition Xrotation Yrotation Zrotation
									JOINT LeftHandThumb2
									{
										OFFSET 3.217804 -1.872055 1.916487
										CHANNELS 3 Xrotation Yrotation Zrotation
										JOINT LeftHandThumb3
										{
											OFFSET 2.656013 -1.528809 1.514505
											CHANNELS 3 Xrotation Yrotation Zrotation
											JOINT LeftHandThumb4
											{
												OFFSET 2.020889 -1.154068 1.115134
												CHANNELS 3 Xrotation Yrotation Zrotation
												End Site
												{
													OFFSET 1.908852 -1.150833 1.300489
												}
											}
										}
									}
								}
								JOINT LeftHandIndex1
								{
									OFFSET 9.109306 -0.518036 2.259871
									CHANNELS 6 Xposition Yposition Zposition Xrotation Yrotation Zrotation
									JOINT LeftHandIndex2
									{
										OFFSET 3.699997 -0.000015 -0.000323
										CHANNELS 3 Xrotation Yrotation Zrotation
										JOINT LeftHandIndex3
										{
											OFFSET 2.850006 -0.000015 0.000350
											CHANNELS 3 Xrotation Yrotation Zrotation
											JOINT LeftHandIndex4
											{
												OFFSET 2.774864 0.000000 -0.000027
												CHANNELS 3 Xrotation Yrotation Zrotation
												End Site
												{
													OFFSET 2.774872 -0.000015 -0.000099
												}
											}
										}
									}
								}
								JOINT LeftHandMiddle1
								{
									OFFSET 9.533401 0.000031 0.000044
									CHANNELS 6 Xposition Yposition Zposition Xrotation Yrotation Zrotation
									JOINT LeftHandMiddle2
									{
										OFFSET 3.699997 -0.000015 -0.000231
										CHANNELS 3 Xrotation Yrotation Zrotation
										JOINT LeftHandMiddle3
										{
											OFFSET 2.950005 0.000000 -0.000060
											CHANNELS 3 Xrotation Yrotation Zrotation
											JOINT LeftHandMiddle4
											{
												OFFSET 2.952858 0.000000 0.000063
												CHANNELS 3 Xrotation Yrotation Zrotation
												End Site
												{
													OFFSET 2.952866 0.000000 0.000228
												}
											}
										}
									}
								}
								JOINT LeftHandRing1
								{
									OFFSET 9.104530 -0.043030 -1.865074
									CHANNELS 6 Xposition Yposition Zposition Xrotation Yrotation Zrotation
									JOINT LeftHandRing2
									{
										OFFSET 3.150002 -0.000015 0.000042
										CHANNELS 3 Xrotation Yrotation Zrotation
										JOINT LeftHandRing3
										{
											OFFSET 2.949997 0.000000 0.000037
											CHANNELS 3 Xrotation Yrotation Zrotation
											JOINT LeftHandRing4
											{
												OFFSET 2.644318 -0.000015 0.000059
												CHANNELS 3 Xrotation Yrotation Zrotation
												End Site
												{
													OFFSET 2.644318 0.000000 0.000121
												}
											}
										}
									}
								}
								JOINT LeftHandPinky1
								{
									OFFSET 8.077782 -0.486877 -3.806256
									CHANNELS 6 Xposition Yposition Zposition Xrotation Yrotation Zrotation
									JOINT LeftHandPinky2
									{
										OFFSET 3.599968 0.000031 0.014726
										CHANNELS 3 Xrotation Yrotation Zrotation
										JOINT LeftHandPinky3
										{
											OFFSET 2.099991 0.000015 0.007705
											CHANNELS 3 Xrotation Yrotation Zrotation
											JOINT LeftHandPinky4
											{
												OFFSET 2.125511 0.000015 0.007514
												CHANNELS 3 Xrotation Yrotation Zrotation
												End Site
												{
													OFFSET 2.125526 0.000015 0.006258
												}
											}
										}
									}
								}
							}
						}
					}
				}
			}
		}
	}
	JOINT RightUpLeg
	{
		OFFSET -8.207787 -6.751671 -1.599560
		CHANNELS 6 Xposition Yposition Zposition Xrotation Yrotation Zrotation
		JOINT RightLeg
		{
			OFFSET -0.000001 -44.370113 0.345939
			CHANNELS 3 Xrotation Yrotation Zrotation
			JOINT RightFoot
			{
				OFFSET 0.000001 -44.423676 -3.043536
				CHANNELS 3 Xrotation Yrotation Zrotation
				JOINT RightToeBase
				{
					OFFSET -0.000003 -8.728670 10.710561
					CHANNELS 3 Xrotation Yrotation Zrotation
					JOINT RightToe_End
					{
						OFFSET -0.000003 -0.000677 9.278120
						CHANNELS 3 Xrotation Yrotation Zrotation
						End Site
						{
							OFFSET -0.000003 -0.000677 9.278120
						}
					}
				}
			}
		}
	}
	JOINT LeftUpLeg
	{
		OFFSET 8.207791 -6.751701 -1.599555
		CHANNELS 6 Xposition Yposition Zposition Xrotation Yrotation Zrotation
		JOINT LeftLeg
		{
			OFFSET -0.000002 -44.370033 0.346958
			CHANNELS 3 Xrotation Yrotation Zrotation
			JOINT LeftFoot
			{
				OFFSET 0.000000 -44.423653 -3.044392
				CHANNELS 3 Xrotation Yrotation Zrotation
				JOINT LeftToeBase
				{
					OFFSET -0.000003 -8.728668 10.710560
					CHANNELS 3 Xrotation Yrotation Zrotation
					JOINT LeftToe_End
					{
						OFFSET -0.000003 -0.000677 9.278137
						CHANNELS 3 Xrotation Yrotation Zrotation
						End Site
						{
							OFFSET -0.000003 -0.000677 9.278137
						}
					}
				}
			}
		}
	}
}
MOTION
Frames: 250
Frame Time: 0.033333
-11.324873 102.595123 1.340646 7.867477 2.898118 8.940625 -0.000006 10.181585 0.131520 -2.305019 -0.531046 -1.614952 -4.635925 -1.026642 -1.125450 -4.642600 -0.995757 -1.124454 0.000002 16.740395 -2.049031 1.761347 1.246959 1.307717 -0.000001 9.617887 1.685004 16.290664 9.064739 -10.581583 0.000002 22.037384 7.501097 -0.000001 -0.000000 -0.000000 -4.569971 11.014916 -2.160882 0.311980 -11.867182 7.607342 -61.412929 26.694772 17.461087 0.000004 28.813979 -0.000013 -16.584072 14.716326 -33.943134 -2.464813 -1.573966 2.681849 -1.619248 -4.333935 -6.744816 4.223209 -7.640275 -0.059986 -1.560136 0.883057 -1.926126 0.000001 -0.000007 0.000001 -9.108288 -0.517873 2.259835 0.000000 -0.018776 0.000103 0.000000 0.029301 0.000001 0.000001 -0.010101 -0.000000 0.000000 -0.000000 0.000001 -9.532512 -0.000051 -0.000020 -0.000000 -0.057476 0.000103 0.000000 0.097396 0.000026 -0.000001 -0.036900 -0.000003 0.000000 -0.000002 0.000002 -9.103584 -0.043076 -1.865140 -0.000000 0.017922 0.000003 -0.000001 -0.025406 0.000043 -0.000000 -0.012897 -0.000004 -0.000000 0.000003 0.000001 -8.076675 -0.486706 -3.806273 -0.000000 0.059621 -0.000496 -0.000001 0.097001 0.000002 0.000001 -0.056899 0.000000 -0.000001 0.000000 0.000002 4.570447 11.014687 -2.160852 -0.013333 7.658034 -7.980861 20.566792 -22.586775 -57.726034 -0.000016 -13.604670 -0.000011 -3.314087 -10.796515 15.045428 2.466145 -1.576215 2.681734 -1.336445 4.338053 6.279184 3.576460 7.070876 0.589261 -0.821931 0.916476 2.391504 0.000005 0.000005 0.000004 9.109308 -0.518047 2.259870 0.000013 -0.005101 0.000101 0.000000 0.012000 -0.000003 -0.000000 -0.007598 0.000000 -0.000002 -0.000003 -0.000005 9.533419 0.000026 0.000045 0.000002 -0.005526 0.015976 -0.000000 0.004327 -0.015979 0.000002 0.002398 -0.000002 -0.000002 0.000001 0.000002 9.104538 -0.043037 -1.865075 0.000011 0.000701 0.000103 0.000001 -0.000002 -0.000004 -0.000000 0.000003 0.000001 -0.000001 -0.000001 0.000000 8.077785 -0.486854 -3.806257 -0.020173 4.288548 0.510630 -0.016178 -4.078361 -0.510903 -0.000004 -0.007697 -0.000005 0.000001 -0.000005 0.000003 -8.207788 -6.751665 -1.599561 -9.432899 -4.142312 -13.276258 12.530688 -10.322459 -7.144440 -10.423516 -2.903159 13.000667 -0.868593 0.000003 -0.000002 -0.000000 0.000000 -0.000000 8.207790 -6.751686 -1.599555 -14.465361 22.256866 9.350692 4.132305 -4.393417 3.767539 38.952046 -5.298833 -17.113715 -32.791759 0.106009 -2.371921 -0.000000 0.000000 0.000000 
-11.112472 102.788933 0.850178 6.985847 2.655906 9.689034 -0.000006 10.181594 0.131523 -1.661319 -0.495161 -1.715820 -3.348267 -0.963684 -1.782020 -3.353416 -0.945232 -1.781720 -0.000001 16.740393 -2.049037 2.063199 1.140749 2.051881 0.000000 9.617882 1.685005 12.550646 9.982668 -10.495637 0.000004 22.037354 7.501095 0.000000 -0.000001 0.000000 -4.569972 11.014899 -2.160886 0.300405 -11.327139 7.441715 -52.932682 30.551241 7.929829 -0.000002 26.545996 0.000002 -30.935494 11.960956 -2.209305 -2.464789 -1.573965 2.681851 -1.619265 -4.333954 -6.744833 4.223207 -7.640274 -0.059990 -1.560139 0.883061 -1.926120 0.000006 -0.000001 0.000004 -9.108265 -0.517874 2.259842 0.000000 -0.018788 0.000097 0.000001 0.029304 0.000001 0.000002 -0.010104 -0.000005 -0.000001 -0.000003 0.000000 -9.532485 -0.000049 -0.000029 0.000000 -0.057487 0.000096 0.000003 0.097397 0.000024 -0.000001 -0.036894 0.000004 0.000000 -0.000002 -0.000001 -9.103570 -0.043080 -1.865133 -0.000002 0.017911 -0.000002 0.000002 -0.025405 0.000044 -0.000000 -0.012900 -0.000004 0.000003 0.000007 0.000002 -8.076669 -0.486706 -3.806279 -0.000006 0.059612 -0.000504 -0.000001 0.097002 -0.000001 0.000000 -0.056903 0.000002 0.000003 0.000004 -0.000004 4.570447 11.014721 -2.160858 -0.002119 7.381174 -7.686350 22.894941 -26.639104 -55.409602 -0.000016 -13.376458 -0.000005 -6.087675 -9.000232 15.492734 2.466137 -1.576181 2.681734 -1.336440 4.338057 6.279176 3.576455 7.070872 0.589256 -0.821928 0.916478 2.391509 -0.000003 0.000002 -0.000001 9.109294 -0.518042 2.259868 0.000014 -0.005097 0.000100 -0.000002 0.012002 -0.000000 -0.000002 -0.007604 -0.000000 -0.000001 0.000006 0.000003 9.533397 0.000024 0.000042 0.000005 -0.005523 0.015975 0.000001 0.004326 -0.015983 -0.000001 0.002399 -0.000001 -0.000001 0.000001 0.000000 9.104539 -0.043024 -1.865075 0.000011 0.000703 0.000097 0.000003 -0.000006 -0.000006 0.000001 -0.000000 0.000000 -0.000002 0.000001 0.000006 8.077787 -0.486877 -3.806258 -0.020173 4.288551 0.510625 -0.016180 -4.078363 -0.510905 0.000001 -0.007702 -0.000000 -0.000002 0.000003 0.000004 -8.207785 -6.751664 -1.599560 -8.857973 -4.568234 -13.964440 11.936639 -10.372597 -7.693350 -9.766412 -2.419568 13.401019 -0.950700 -0.000004 0.000000 -0.000000 0.000000 -0.000000 8.207790 -6.751689 -1.599556 -13.179266 23.336198 8.349190 3.277121 -4.788739 3.538669 40.225853 -5.143213 -16.129852 -33.036655 0.124998 -2.808258 0.000000 0.000001 -0.000000 
-10.976716 102.989799 0.349569 6.118693 1.689674 11.075019 -0.000006 10.181594 0.131520 -0.846349 -0.392191 -2.086089 -1.717857 -0.771061 -3.170180 -1.720669 -0.764220 -3.170227 0.000000 16.740408 -2.049034 1.770278 1.164845 2.635690 -0.000003 9.617851 1.685011 7.352008 11.137074 -9.880279 0.000003 22.037338 7.501096 -0.000001 0.000000 -0.000000 -4.569972 11.014918 -2.160884 0.176766 -9.972188 6.160423 -32.551985 28.430835 -10.712504 0.000006 22.572787 -0.000004 -38.385161 3.821907 22.518297 -2.464814 -1.573973 2.681841 -1.619249 -4.333948 -6.744827 4.223209 -7.640275 -0.059988 -1.560137 0.883064 -1.926115 -0.000001 -0.000010 -0.000003 -9.108294 -0.517868 2.259824 -0.000005 -0.018791 0.000103 0.000002 0.029301 -0.000001 0.000003 -0.010103 -0.000005 -0.000002 -0.000001 0.000001 -9.532517 -0.000047 -0.000038 -0.000004 -0.057490 0.000103 -0.000003 0.097392 0.000016 0.000001 -0.036894 0.000009 -0.000002 0.000001 0.000001 -9.103604 -0.043075 -1.865133 -0.000005 0.017911 0.000003 -0.000002 -0.025408 0.000040 -0.000003 -0.012902 -0.000004 0.000003 0.000005 0.000005 -8.076675 -0.486724 -3.806293 -0.000008 0.059607 -0.000489 -0.000006 0.096997 0.000004 -0.000003 -0.056898 -0.000007 -0.000005 0.000002 0.000005 4.570443 11.014731 -2.160856 0.013010 7.043858 -7.337102 25.682415 -28.118994 -51.348116 -0.000024 -14.803405 0.000001 -7.583513 -8.164081 15.829320 2.466133 -1.576207 2.681737 -1.336445 4.338054 6.279176 3.576457 7.070881 0.589266 -0.821930 0.916476 2.391509 -0.000001 0.000003 -0.000003 9.109299 -0.518044 2.259869 0.000011 -0.005099 0.000096 -0.000002 0.012000 0.000000 0.000001 -0.007599 -0.000001 -0.000003 0.000001 -0.000002 9.533400 0.000026 0.000045 0.000002 -0.005522 0.015971 0.000000 0.004324 -0.015979 0.000001 0.002404 -0.000001 -0.000001 0.000003 -0.000003 9.104524 -0.043036 -1.865074 0.000014 0.000700 0.000097 0.000000 0.000002 0.000004 0.000001 0.000003 0.000001 0.000001 0.000001 -0.000001 8.077774 -0.486858 -3.806258 -0.020173 4.288550 0.510625 -0.016179 -4.078361 -0.510908 0.000002 -0.007703 -0.000002 0.000003 0.000004 0.000002 -8.207786 -6.751646 -1.599560 -8.631874 -4.579778 -15.164077 11.750218 -10.023955 -8.477092 -9.250145 -1.916835 13.904841 -1.359786 0.000003 -0.000001 -0.000000 0.000003 -0.000000 8.207791 -6.751685 -1.599554 -11.154676 24.997044 6.877782 1.551212 -4.794873 2.838369 43.165218 -5.166118 -14.841129 -34.202032 0.157472 -3.289911 -0.000000 0.000001 -0.000000 
-11.025046 103.192322 -0.041562 5.803089 -0.250811 12.713582 -0.000006 10.181574 0.131523 -0.127089 -0.245279 -2.656631 -0.276178 -0.504813 -5.000431 -0.277152 -0.503608 -5.000501 0.000001 16.740376 -2.049033 0.845528 1.339275 2.704156 0.000001 9.617862 1.685009 1.856557 11.975757 -8.206477 0.000001 22.037369 7.501098 0.000000 -0.000000 0.000000 -4.569967 11.014892 -2.160883 -0.050685 -6.535842 2.347005 -4.619051 10.509037 -25.893992 -0.000000 28.950778 -0.000004 -37.546632 -1.691360 37.370868 -2.464787 -1.573946 2.681852 -1.619264 -4.333952 -6.744803 4.223209 -7.640272 -0.059989 -1.560140 0.883068 -1.926126 0.000006 -0.000013 0.000001 -9.108274 -0.517853 2.259829 0.000001 -0.018790 0.000101 0.000003 0.029303 0.000000 -0.000000 -0.010104 -0.000000 0.000001 -0.000003 -0.000001 -9.532495 -0.000029 -0.000021 0.000001 -0.057492 0.000100 0.000000 0.097399 0.000025 0.000003 -0.036900 -0.000001 0.000001 0.000005 0.000001 -9.103581 -0.043058 -1.865139 0.000001 0.017910 -0.000000 0.000002 -0.025403 0.000046 0.000000 -0.012894 -0.000004 -0.000001 0.000002 0.000000 -8.076661 -0.486673 -3.806280 -0.000001 0.059613 -0.000498 0.000002 0.097002 0.000003 0.000003 -0.056905 0.000000 -0.000001 0.000007 -0.000001 4.570447 11.014693 -2.160854 0.025806 6.722990 -6.971799 28.473798 -26.373978 -46.808803 -0.000020 -17.917929 -0.000000 -7.212081 -7.750835 16.006185 2.466140 -1.576214 2.681735 -1.336443 4.338052 6.279185 3.576461 7.070882 0.589264 -0.821929 0.916474 2.391504 -0.000004 0.000000 -0.000001 9.109298 -0.518046 2.259871 0.000014 -0.005102 0.000102 -0.000001 0.012001 0.000001 0.000000 -0.007599 0.000002 -0.000000 0.000005 0.000009 9.533407 0.000024 0.000045 0.000005 -0.005528 0.015974 0.000001 0.004326 -0.015979 -0.000000 0.002403 0.000002 0.000001 0.000000 0.000001 9.104533 -0.043024 -1.865074 0.000013 0.000698 0.000103 0.000001 0.000000 -0.000002 0.000000 0.000003 -0.000001 -0.000001 0.000003 -0.000001 8.077792 -0.486875 -3.806259 -0.020173 4.288547 0.510630 -0.016175 -4.078363 -0.510914 -0.000000 -0.007703 -0.000000 0.000002 -0.000000 0.000001 -8.207788 -6.751679 -1.599560 -9.121123 -3.842151 -16.342932 11.899416 -9.664596 -9.258568 -8.709697 -1.827845 14.238554 -2.010372 -0.000007 0.000002 0.000000 0.000001 -0.000000 8.207791 -6.751703 -1.599556 -9.671460 26.112604 5.623871 0.610887 -2.630939 1.723744 46.554586 -4.854782 -12.421448 -35.404050 0.182998 -4.257537 0.000000 -0.000000 -0.000000 
-11.274816 103.452965 -0.344694 6.263795 -3.054595 13.670622 -0.000007 10.181586 0.131520 0.359954 0.062800 -3.283871 0.711085 0.070021 -6.665068 0.711244 0.070159 -6.665050 0.000000 16.740410 -2.049035 -0.592927 1.519011 2.471245 0.000000 9.617867 1.685010 -3.094008 11.949640 -5.001424 0.000001 22.037369 7.501096 0.000000 0.000000 -0.000000 -4.569972 11.014910 -2.160883 0.047843 -1.125963 -3.790766 20.403800 -11.999501 -22.652534 0.000009 40.881226 -0.000008 -28.772008 -0.720176 40.874106 -2.464818 -1.573956 2.681851 -1.619261 -4.333936 -6.744828 4.223205 -7.640274 -0.059988 -1.560136 0.883064 -1.926124 0.000003 -0.000006 -0.000003 -9.108288 -0.517857 2.259842 0.000001 -0.018774 0.000103 0.000001 0.029300 -0.000004 0.000002 -0.010100 0.000001 -0.000000 -0.000000 -0.000000 -9.532509 -0.000019 -0.000020 0.000002 -0.057472 0.000102 -0.000001 0.097388 0.000022 0.000004 -0.036894 0.000000 0.000000 -0.000004 -0.000011 -9.103600 -0.043060 -1.865128 0.000003 0.017928 0.000003 -0.000001 -0.025407 0.000042 -0.000002 -0.012894 -0.000005 0.000001 -0.000000 0.000004 -8.076689 -0.486691 -3.806268 0.000002 0.059626 -0.000500 -0.000000 0.096995 0.000001 0.000000 -0.056899 0.000000 -0.000001 -0.000000 0.000001 4.570445 11.014718 -2.160856 0.031079 6.492943 -6.648122 29.956421 -23.110869 -43.086363 -0.000023 -22.107934 -0.000003 -5.771445 -6.733034 15.655705 2.466134 -1.576175 2.681736 -1.336441 4.338059 6.279187 3.576456 7.070879 0.589253 -0.821925 0.916478 2.391507 0.000003 0.000003 -0.000003 9.109296 -0.518030 2.259872 0.000013 -0.005098 0.000106 -0.000000 0.012000 0.000001 -0.000003 -0.007598 -0.000001 -0.000004 0.000001 -0.000001 9.533399 0.000042 0.000046 0.000007 -0.005524 0.015980 -0.000001 0.004328 -0.015977 0.000001 0.002406 0.000000 0.000004 0.000003 -0.000000 9.104522 -0.043022 -1.865074 0.000014 0.000702 0.000107 0.000001 0.000001 -0.000003 -0.000001 0.000001 -0.000001 0.000002 -0.000003 0.000002 8.077772 -0.486856 -3.806257 -0.020169 4.288550 0.510632 -0.016179 -4.078362 -0.510905 0.000002 -0.007702 -0.000006 0.000000 -0.000000 -0.000002 -8.207787 -6.751667 -1.599560 -10.052295 -2.745021 -16.509751 11.386061 -10.101834 -9.656374 -7.632541 -1.628429 14.082417 -2.534198 0.000001 0.000003 0.000000 0.000001 -0.000000 8.207789 -6.751712 -1.599555 -9.260044 26.546698 5.254184 0.247310 1.177356 0.906176 49.660523 -3.949209 -8.887385 -37.059517 0.228204 -4.708188 -0.000001 -0.000001 0.000000 
-11.618302 103.799049 -0.580261 7.203269 -5.992524 13.318068 -0.000005 10.181599 0.131520 0.678281 0.654904 -3.889216 1.388355 1.223212 -7.741376 1.391239 1.221908 -7.741079 -0.000003 16.740377 -2.049036 -2.379005 1.502543 2.330859 0.000001 9.617864 1.685010 -7.026964 10.656607 -0.481651 0.000003 22.037369 7.501091 0.000000 -0.000000 0.000000 -4.569968 11.014916 -2.160883 0.625526 3.672439 -9.512149 39.384872 -20.016424 -8.778028 -0.000012 46.238113 0.000000 -13.683878 3.738662 33.514639 -2.464808 -1.573968 2.681852 -1.619253 -4.333918 -6.744827 4.223214 -7.640283 -0.059987 -1.560135 0.883061 -1.926122 -0.000006 0.000005 0.000004 -9.108294 -0.517861 2.259848 -0.000001 -0.018775 0.000102 -0.000000 0.029298 -0.000001 0.000001 -0.010103 0.000003 -0.000005 0.000002 -0.000000 -9.532517 -0.000041 -0.000018 -0.000004 -0.057474 0.000102 -0.000008 0.097395 0.000027 -0.000003 -0.036901 -0.000002 -0.000002 0.000002 -0.000000 -9.103600 -0.043080 -1.865126 0.000001 0.017928 0.000003 -0.000001 -0.025414 0.000040 -0.000001 -0.012898 -0.000006 -0.000005 0.000005 0.000001 -8.076674 -0.486714 -3.806273 0.000001 0.059630 -0.000506 -0.000006 0.096999 -0.000000 -0.000004 -0.056897 -0.000003 0.000001 0.000001 0.000002 4.570445 11.014726 -2.160854 0.025609 6.535980 -6.646350 30.195406 -21.631779 -39.452050 -0.000019 -26.419430 -0.000010 -5.364768 -4.575177 14.479798 2.466142 -1.576206 2.681742 -1.336441 4.338053 6.279180 3.576458 7.070877 0.589265 -0.821928 0.916476 2.391505 -0.000002 0.000004 0.000009 9.109305 -0.518048 2.259874 0.000010 -0.005098 0.000099 -0.000003 0.012000 -0.000000 -0.000001 -0.007598 -0.000001 -0.000001 0.000000 0.000003 9.533406 0.000030 0.000049 0.000002 -0.005522 0.015974 -0.000007 0.004325 -0.015975 0.000002 0.002401 0.000002 0.000002 -0.000003 -0.000002 9.104523 -0.043036 -1.865071 0.000011 0.000701 0.000097 -0.000000 0.000002 0.000004 -0.000001 0.000001 0.000000 -0.000001 0.000001 0.000002 8.077784 -0.486872 -3.806254 -0.020177 4.288550 0.510630 -0.016181 -4.078362 -0.510907 0.000002 -0.007705 0.000001 0.000003 0.000000 0.000004 -8.207785 -6.751668 -1.599565 -10.933559 -2.574452 -15.353736 9.730539 -10.151964 -9.321823 -5.913407 -1.287898 12.893439 -2.955635 0.000002 -0.000003 -0.000000 0.000000 -0.000000 8.207788 -6.751698 -1.599555 -10.258510 26.499987 6.229871 0.554239 4.292181 1.003086 51.591817 -2.802604 -5.691328 -38.246256 0.285859 -5.200334 0.000001 -0.000001 -0.000000 
-11.887080 104.195404 -0.611416 8.119820 -7.933298 11.808966 -0.000007 10.181587 0.131523 0.834996 1.404018 -4.486961 1.752374 2.749640 -8.233745 1.764788 2.744957 -8.232895 -0.000002 16.740396 -2.049033 -4.079564 1.213149 2.380923 0.000004 9.617879 1.685006 -9.328479 8.236850 4.346598 0.000004 22.037369 7.501092 0.000000 -0.000001 0.000000 -4.569972 11.014918 -2.160883 0.999473 5.577678 -12.162616 49.990800 -16.794452 4.496980 0.000016 40.705984 -0.000004 3.117047 6.205916 18.912579 -2.464813 -1.573970 2.681858 -1.619251 -4.333932 -6.744822 4.223209 -7.640277 -0.059995 -1.560137 0.883061 -1.926118 0.000003 -0.000005 -0.000001 -9.108277 -0.517874 2.259845 -0.000000 -0.018784 0.000099 -0.000002 0.029305 0.000001 -0.000002 -0.010105 -0.000002 0.000000 0.000000 0.000001 -9.532502 -0.000039 -0.000030 -0.000003 -0.057481 0.000099 -0.000000 0.097396 0.000024 -0.000003 -0.036900 -0.000002 -0.000000 0.000000 0.000001 -9.103588 -0.043079 -1.865127 -0.000000 0.017916 -0.000001 -0.000001 -0.025409 0.000041 -0.000001 -0.012899 -0.000004 0.000001 0.000001 0.000000 -8.076674 -0.486708 -3.806276 -0.000007 0.059604 -0.000502 0.000000 0.097003 0.000001 0.000001 -0.056903 -0.000001 -0.000001 0.000000 -0.000002 4.570441 11.014733 -2.160854 0.011596 6.933552 -7.133017 31.527511 -23.261258 -34.409745 -0.000028 -30.713920 -0.000017 -7.381573 -2.117562 12.453682 2.466140 -1.576212 2.681736 -1.336446 4.338053 6.279182 3.576463 7.070877 0.589265 -0.821926 0.916471 2.391514 0.000002 0.000003 -0.000005 9.109294 -0.518057 2.259872 0.000011 -0.005098 0.000103 -0.000001 0.012005 0.000001 -0.000003 -0.007602 -0.000001 -0.000002 0.000001 0.000002 9.533390 0.000025 0.000047 0.000005 -0.005525 0.015978 0.000001 0.004329 -0.015976 -0.000001 0.002401 -0.000001 0.000002 -0.000000 0.000002 9.104520 -0.043037 -1.865071 0.000014 0.000701 0.000102 0.000003 0.000001 -0.000004 -0.000002 0.000003 -0.000001 -0.000001 -0.000000 0.000000 8.077772 -0.486868 -3.806256 -0.020175 4.288551 0.510632 -0.016181 -4.078362 -0.510905 -0.000002 -0.007699 0.000002 0.000001 -0.000001 0.000001 -8.207788 -6.751677 -1.599558 -12.001465 -3.901107 -13.753645 8.734357 -8.416624 -8.204655 -3.037151 -0.934301 11.939796 -5.023292 0.000003 -0.000003 0.000000 -0.000001 -0.000000 8.207790 -6.751690 -1.599554 -12.172933 25.836014 8.159571 1.291657 5.287404 1.876652 52.417935 -2.042210 -4.028876 -38.877522 0.328153 -5.508690 0.000000 -0.000002 -0.000000 
-11.933624 104.573250 -0.259510 8.925875 -8.176154 9.572451 -0.000006 10.181585 0.131522 0.672372 1.975503 -4.990394 1.449284 3.985368 -8.285996 1.477019 3.980478 -8.284394 0.000003 16.740379 -2.049037 -5.103012 0.728937 2.728639 -0.000000 9.617862 1.685006 -9.561823 5.583915 8.480983 0.000002 22.037354 7.501091 -0.000000 -0.000001 0.000000 -4.569963 11.014915 -2.160882 0.806400 4.615171 -11.526813 51.757387 -12.598226 13.085823 0.000009 31.159207 -0.000005 16.195459 6.462871 2.214881 -2.464799 -1.573969 2.681835 -1.619272 -4.333948 -6.744814 4.223209 -7.640272 -0.059992 -1.560137 0.883061 -1.926123 0.000004 -0.000009 0.000001 -9.108280 -0.517861 2.259849 -0.000001 -0.018800 0.000104 0.000002 0.029303 0.000001 0.000003 -0.010104 0.000000 0.000001 0.000000 0.000001 -9.532503 -0.000039 -0.000013 -0.000003 -0.057500 0.000103 0.000001 0.097397 0.000025 0.000001 -0.036900 -0.000003 -0.000001 -0.000001 -0.000001 -9.103581 -0.043082 -1.865137 -0.000000 0.017900 0.000003 -0.000000 -0.025404 0.000044 -0.000001 -0.012900 -0.000004 -0.000000 -0.000001 -0.000001 -8.076667 -0.486712 -3.806282 -0.000006 0.059601 -0.000495 -0.000000 0.097000 0.000002 0.000001 -0.056898 -0.000002 0.000001 0.000000 0.000001 4.570449 11.014717 -2.160855 -0.001874 7.233004 -7.447901 35.848545 -25.364232 -28.564973 -0.000038 -36.002108 -0.000031 -10.786026 -1.345318 9.537722 2.466153 -1.576201 2.681735 -1.336444 4.338059 6.279180 3.576457 7.070881 0.589264 -0.821935 0.916473 2.391504 -0.000001 0.000003 0.000006 9.109325 -0.518028 2.259869 0.000019 -0.005100 0.000100 -0.000003 0.012003 -0.000003 -0.000004 -0.007598 -0.000001 -0.000001 -0.000001 -0.000000 9.533425 0.000044 0.000044 0.000006 -0.005522 0.015973 -0.000004 0.004328 -0.015976 -0.000004 0.002400 -0.000002 -0.000001 0.000002 -0.000003 9.104548 -0.043037 -1.865075 0.000014 0.000701 0.000099 0.000001 0.000002 -0.000001 0.000000 0.000003 -0.000003 0.000000 0.000001 -0.000002 8.077798 -0.486851 -3.806259 -0.020175 4.288552 0.510627 -0.016184 -4.078361 -0.510902 -0.000002 -0.007700 -0.000001 0.000001 -0.000002 -0.000002 -8.207784 -6.751666 -1.599561 -12.177543 -6.117038 -12.276556 7.287158 -5.818102 -6.519588 0.189383 -0.576395 10.839666 -7.897013 0.000003 -0.000003 0.000000 -0.000000 -0.000000 8.207792 -6.751703 -1.599554 -14.358190 24.430752 10.316237 2.069150 4.724715 2.995425 52.474687 -1.769305 -3.670171 -39.319230 0.352244 -5.668946 -0.000001 0.000000 -0.000000 
-11.686979 104.847565 0.453984 9.756171 -7.013339 6.989381 -0.000006 10.181596 0.131522 0.139084 2.033956 -5.249959 0.355255 4.227777 -7.917043 0.392237 4.231484 -7.914767 0.000002 16.740389 -2.049038 -5.212336 0.278261 3.509646 0.000003 9.617872 1.685012 -8.233652 4.048851 11.517276 0.000003 22.037323 7.501095 0.000001 -0.000001 0.000000 -4.569968 11.014908 -2.160886 0.361500 2.067359 -8.900259 47.840083 -12.290522 15.765395 0.000018 26.704330 -0.000008 24.045604 7.921096 -12.678656 -2.464796 -1.573963 2.681848 -1.619274 -4.333927 -6.744823 4.223213 -7.640279 -0.059993 -1.560139 0.883061 -1.926117 0.000001 -0.000002 0.000005 -9.108280 -0.517873 2.259837 0.000003 -0.018783 0.000100 0.000001 0.029303 -0.000002 0.000005 -0.010102 -0.000001 -0.000001 -0.000000 0.000000 -9.532511 -0.000066 -0.000022 0.000002 -0.057482 0.000100 0.000003 0.097396 0.000026 0.000000 -0.036900 -0.000002 0.000000 -0.000001 -0.000001 -9.103593 -0.043080 -1.865134 0.000003 0.017917 0.000001 -0.000000 -0.025405 0.000045 -0.000001 -0.012901 -0.000007 -0.000001 -0.000000 0.000002 -8.076680 -0.486715 -3.806268 -0.000004 0.059618 -0.000506 0.000000 0.096997 0.000004 0.000001 -0.056899 -0.000007 -0.000001 0.000000 -0.000003 4.570450 11.014707 -2.160856 -0.020612 7.000948 -6.806207 41.623709 -24.792526 -25.244763 -0.000050 -43.170344 -0.000044 -13.635217 -2.787629 5.914859 2.466144 -1.576214 2.681730 -1.336446 4.338056 6.279183 3.576457 7.070874 0.589262 -0.821928 0.916471 2.391503 -0.000001 -0.000002 0.000001 9.109296 -0.518042 2.259866 0.000015 -0.005100 0.000103 0.000000 0.012003 0.000001 0.000003 -0.007603 -0.000001 0.000001 -0.000001 -0.000000 9.533394 0.000029 0.000041 0.000007 -0.005524 0.015976 -0.000004 0.004326 -0.015979 -0.000002 0.002398 0.000003 -0.000001 -0.000002 -0.000001 9.104521 -0.043036 -1.865077 0.000013 0.000702 0.000101 -0.000000 0.000002 -0.000001 -0.000000 -0.000005 0.000001 -0.000002 0.000001 -0.000002 8.077785 -0.486871 -3.806261 -0.020176 4.288552 0.510626 -0.016182 -4.078362 -0.510909 -0.000003 -0.007702 0.000003 -0.000005 -0.000005 -0.000000 -8.207787 -6.751671 -1.599557 -12.152605 -7.341171 -10.948685 6.717151 -4.253403 -4.827572 3.643100 -0.140652 10.302121 -11.295642 -0.000005 -0.000001 -0.000000 0.000001 0.000000 8.207788 -6.751701 -1.599553 -16.556792 22.266536 12.241016 3.088226 4.200209 3.974783 51.596690 -1.479212 -3.313742 -40.181521 0.390286 -5.935913 -0.000000 -0.000002 -0.000002 
-11.138892 104.983459 1.311856 10.458188 -5.373494 4.358616 -0.000006 10.181589 0.131524 -0.570149 1.490021 -5.133985 -1.117905 3.244788 -6.979614 -1.085578 3.262074 -6.977488 0.000006 16.740402 -2.049036 -4.580077 0.183620 4.383964 -0.000005 9.617908 1.685009 -6.476067 4.614439 13.031158 0.000000 22.037354 7.501094 0.000000 0.000000 -0.000000 -4.569969 11.014927 -2.160885 0.019981 -0.761505 -5.685388 40.384443 -12.996841 12.297847 -0.000008 27.275445 0.000009 27.350526 11.888279 -22.316624 -2.464816 -1.573967 2.681839 -1.619261 -4.333943 -6.744808 4.223210 -7.640270 -0.059992 -1.560137 0.883061 -1.926121 -0.000000 0.000000 0.000000 -9.108282 -0.517889 2.259844 -0.000001 -0.018785 0.000107 -0.000001 0.029300 0.000003 0.000003 -0.010102 -0.000001 0.000001 -0.000000 0.000001 -9.532505 -0.000048 -0.000027 -0.000003 -0.057488 0.000107 0.000001 0.097401 0.000018 0.000002 -0.036897 -0.000002 -0.000003 -0.000001 -0.000003 -9.103598 -0.043077 -1.865139 -0.000002 0.017914 0.000006 -0.000003 -0.025406 0.000041 -0.000002 -0.012898 -0.000001 -0.000002 -0.000000 -0.000004 -8.076687 -0.486705 -3.806275 -0.000008 0.059610 -0.000494 0.000000 0.097001 0.000000 0.000001 -0.056897 -0.000007 -0.000002 -0.000000 0.000009 4.570449 11.014711 -2.160855 -0.053945 6.483975 -5.442026 46.526900 -22.008437 -27.045360 -0.000066 -51.574803 -0.000023 -15.392113 -5.047067 1.989760 2.466135 -1.576196 2.681738 -1.336449 4.338055 6.279184 3.576457 7.070874 0.589265 -0.821926 0.916474 2.391510 -0.000002 -0.000002 -0.000008 9.109303 -0.518041 2.259873 0.000009 -0.005102 0.000103 -0.000001 0.011997 0.000003 0.000001 -0.007603 -0.000000 -0.000001 -0.000001 -0.000001 9.533406 0.000028 0.000045 0.000001 -0.005528 0.015978 -0.000002 0.004330 -0.015977 -0.000002 0.002403 -0.000000 0.000004 -0.000001 0.000001 9.104540 -0.043036 -1.865074 0.000008 0.000699 0.000103 0.000001 -0.000004 -0.000000 0.000001 0.000004 0.000001 0.000000 -0.000000 0.000000 8.077782 -0.486854 -3.806255 -0.020175 4.288545 0.510631 -0.016177 -4.078361 -0.510906 -0.000001 -0.007711 0.000002 0.000004 0.000006 0.000000 -8.207788 -6.751677 -1.599558 -11.844384 -7.205037 -9.531635 6.587660 -4.296654 -3.625385 6.912549 0.425696 10.308827 -14.739147 0.000004 -0.000007 0.000000 0.000000 -0.000000 8.207791 -6.751696 -1.599552 -20.055088 19.334717 14.307723 7.764818 5.671049 4.841273 47.017707 -0.712433 -1.984848 -40.166126 0.183991 -3.988649 0.000001 0.000001 -0.000002 
-10.325456 105.014977 2.109444 10.724425 -4.177504 1.844386 -0.000005 10.181585 0.131524 -1.203462 0.602658 -4.615703 -2.426588 1.520760 -5.331919 -2.409685 1.551396 -5.330389 -0.000002 16.740404 -2.049038 -3.515437 0.584356 4.775287 0.000003 9.617870 1.685008 -4.711237 7.182507 12.444531 0.000001 22.037354 7.501091 0.000001 0.000001 -0.000000 -4.569968 11.014910 -2.160882 -0.144635 -3.210009 -2.887873 29.635573 -10.650805 5.061813 0.000003 27.325196 0.000003 26.634630 16.324181 -25.230164 -2.464803 -1.573971 2.681856 -1.619246 -4.333942 -6.744828 4.223215 -7.640275 -0.059993 -1.560138 0.883061 -1.926122 0.000001 -0.000002 -0.000002 -9.108284 -0.517874 2.259844 0.000001 -0.018788 0.000105 0.000000 0.029301 0.000000 -0.000001 -0.010099 0.000001 0.000002 -0.000003 0.000004 -9.532507 -0.000050 -0.000005 0.000003 -0.057488 0.000105 0.000005 0.097398 0.000025 -0.000003 -0.036897 -0.000006 -0.000002 -0.000000 0.000001 -9.103601 -0.043062 -1.865141 0.000002 0.017913 0.000007 -0.000006 -0.025403 0.000045 0.000003 -0.012897 -0.000014 0.000004 0.000003 -0.000000 -8.076679 -0.486693 -3.806283 -0.000000 0.059613 -0.000494 0.000001 0.096993 0.000009 0.000001 -0.056896 -0.000000 0.000001 0.000002 -0.000002 4.570447 11.014715 -2.160854 -0.090068 6.107374 -4.235688 50.729779 -19.682606 -32.033611 -0.000088 -59.329024 -0.000038 -17.203647 -6.958672 -2.515955 2.466132 -1.576208 2.681731 -1.336446 4.338059 6.279180 3.576458 7.070885 0.589258 -0.821925 0.916468 2.391507 0.000002 0.000008 -0.000001 9.109292 -0.518045 2.259870 0.000013 -0.005094 0.000101 -0.000002 0.012001 -0.000002 -0.000001 -0.007599 -0.000000 -0.000000 0.000001 -0.000002 9.533410 0.000027 0.000042 0.000002 -0.005518 0.015976 -0.000000 0.004328 -0.015975 0.000005 0.002400 -0.000001 0.000002 -0.000001 -0.000002 9.104520 -0.043036 -1.865076 0.000013 0.000706 0.000102 0.000001 0.000001 -0.000002 0.000001 0.000000 0.000000 -0.000001 -0.000001 -0.000001 8.077787 -0.486855 -3.806258 -0.020177 4.288554 0.510628 -0.016180 -4.078367 -0.510906 0.000001 -0.007703 0.000002 0.000003 0.000001 -0.000001 -8.207785 -6.751659 -1.599558 -11.204841 -6.765847 -8.069050 6.414924 -4.841179 -2.813453 9.904012 0.942230 10.591935 -17.923526 0.000007 -0.000009 0.000000 0.000000 -0.000000 8.207795 -6.751692 -1.599556 -22.823757 17.227691 16.008403 12.471911 8.183452 5.758907 40.763737 0.013957 -0.430811 -38.394611 0.013379 -1.013283 0.000000 -0.000001 -0.000002 
-9.354538 105.041168 2.764441 10.387503 -3.995622 -0.589562 -0.000005 10.181581 0.131515 -1.619822 -0.221963 -3.888617 -3.257611 -0.138244 -3.149900 -3.259305 -0.095085 -3.148507 0.000002 16.740389 -2.049034 -2.391395 1.279157 4.558274 0.000004 9.617850 1.685009 -2.507141 10.774211 9.802172 0.000001 22.037338 7.501096 0.000001 0.000000 0.000000 -4.569968 11.014910 -2.160883 -0.203513 -5.098315 -0.914976 16.579267 -4.251473 -1.594456 -0.000012 26.352832 -0.000001 23.411100 18.425742 -23.462103 -2.464810 -1.573965 2.681843 -1.619252 -4.333944 -6.744820 4.223212 -7.640276 -0.059997 -1.560137 0.883068 -1.926119 -0.000002 -0.000001 -0.000000 -9.108285 -0.517870 2.259830 -0.000007 -0.018777 0.000105 0.000003 0.029298 -0.000000 -0.000000 -0.010096 0.000000 -0.000000 -0.000000 -0.000002 -9.532509 -0.000048 -0.000037 -0.000007 -0.057477 0.000105 -0.000004 0.097400 0.000018 0.000001 -0.036902 -0.000002 0.000002 -0.000003 0.000005 -9.103596 -0.043077 -1.865149 -0.000005 0.017925 0.000007 -0.000001 -0.025410 0.000042 0.000003 -0.012898 -0.000007 0.000000 0.000004 -0.000004 -8.076674 -0.486702 -3.806283 -0.000000 0.059613 -0.000496 -0.000002 0.097005 -0.000003 -0.000001 -0.056899 0.000001 -0.000002 0.000005 -0.000005 4.570444 11.014700 -2.160854 -0.116331 5.888463 -3.438235 54.993309 -19.159140 -35.871310 -0.000116 -65.508993 -0.000096 -19.715725 -8.242751 -7.693195 2.466142 -1.576210 2.681726 -1.336447 4.338060 6.279185 3.576457 7.070873 0.589261 -0.821926 0.916471 2.391506 0.000007 0.000005 -0.000005 9.109304 -0.518046 2.259868 0.000008 -0.005100 0.000103 0.000000 0.011998 -0.000001 -0.000004 -0.007599 -0.000001 0.000003 0.000001 0.000002 9.533400 0.000026 0.000039 0.000001 -0.005526 0.015977 -0.000001 0.004330 -0.015973 0.000003 0.002399 0.000001 -0.000002 0.000001 -0.000000 9.104534 -0.043027 -1.865075 0.000007 0.000703 0.000102 -0.000000 -0.000001 -0.000002 0.000001 -0.000002 0.000002 -0.000004 -0.000002 0.000001 8.077780 -0.486874 -3.806265 -0.020177 4.288548 0.510628 -0.016183 -4.078362 -0.510909 -0.000001 -0.007698 0.000001 -0.000003 -0.000003 -0.000003 -8.207786 -6.751664 -1.599563 -10.502676 -6.922600 -6.702459 6.419139 -4.730869 -2.035479 13.060934 1.289060 11.385666 -20.347975 0.000016 -0.000005 0.000000 0.000000 -0.000000 8.207791 -6.751699 -1.599563 -23.868508 16.831246 17.796241 14.961227 9.160476 6.736675 35.786117 -0.161672 -1.255621 -35.683521 0.000130 -0.066047 0.000000 0.000001 -0.000001 
-8.283274 105.125786 3.274648 9.365777 -4.825832 -2.890884 -0.000005 10.181586 0.131520 -1.764863 -0.712221 -3.304604 -3.504247 -1.186602 -0.965608 -3.521986 -1.133167 -0.963752 -0.000001 16.740351 -2.049031 -1.507583 1.895881 4.203388 0.000004 9.617849 1.685009 0.122467 14.062312 6.122657 0.000002 22.037369 7.501094 0.000000 0.000001 -0.000000 -4.569972 11.014902 -2.160880 -0.198676 -6.345551 0.482206 3.913239 3.707276 -4.313582 -0.000000 25.515842 0.000001 20.138630 17.834099 -20.510435 -2.464810 -1.573977 2.681853 -1.619247 -4.333954 -6.744811 4.223211 -7.640272 -0.059993 -1.560139 0.883059 -1.926120 0.000002 -0.000006 0.000004 -9.108282 -0.517870 2.259846 0.000012 -0.018793 0.000101 0.000000 0.029307 0.000000 0.000003 -0.010105 0.000002 0.000002 0.000005 -0.000008 -9.532511 -0.000019 -0.000016 0.000014 -0.057495 0.000100 0.000003 0.097397 0.000028 -0.000004 -0.036897 -0.000012 -0.000001 0.000003 0.000005 -9.103588 -0.043057 -1.865121 0.000014 0.017907 -0.000001 0.000001 -0.025408 0.000046 0.000001 -0.012896 -0.000002 0.000000 -0.000004 -0.000000 -8.076686 -0.486697 -3.806270 0.000008 0.059605 -0.000494 0.000003 0.096999 -0.000002 -0.000002 -0.056903 0.000002 0.000003 0.000009 -0.000005 4.570444 11.014710 -2.160851 -0.140059 5.463171 -2.237562 59.141167 -19.067554 -36.166774 -0.000166 -70.905150 -0.000152 -22.066874 -9.471209 -13.045298 2.466122 -1.576211 2.681733 -1.336440 4.338057 6.279180 3.576453 7.070877 0.589262 -0.821926 0.916468 2.391508 0.000004 0.000005 0.000002 9.109272 -0.518042 2.259874 0.000012 -0.005099 0.000100 -0.000000 0.012008 0.000003 -0.000002 -0.007604 0.000001 0.000000 0.000002 0.000001 9.533381 0.000034 0.000045 0.000007 -0.005525 0.015975 -0.000002 0.004338 -0.015970 0.000001 0.002395 -0.000001 0.000002 0.000001 -0.000002 9.104517 -0.043033 -1.865077 0.000014 0.000701 0.000103 0.000000 0.000005 0.000002 0.000001 0.000004 -0.000001 -0.000001 -0.000000 0.000000 8.077767 -0.486855 -3.806258 -0.020171 4.288550 0.510627 -0.016180 -4.078362 -0.510907 0.000000 -0.007705 -0.000005 0.000003 -0.000001 -0.000001 -8.207786 -6.751663 -1.599560 -9.441085 -7.554337 -5.510712 6.126829 -3.655982 -1.183795 17.111451 1.569937 12.082901 -21.932364 0.000150 -0.115671 -0.000000 -0.000000 -0.000000 8.207792 -6.751691 -1.599555 -22.880779 17.167580 19.473691 15.353746 7.793692 8.101499 33.155975 -1.368499 -6.006359 -34.788076 0.000020 -0.000005 0.000000 -0.000000 0.000000 
-6.978253 105.191277 3.654388 7.731851 -6.049779 -5.110360 -0.000004 10.181589 0.131522 -1.689001 -0.845306 -2.794770 -3.301199 -1.605520 0.842141 -3.327930 -1.548975 0.844446 0.000001 16.740385 -2.049035 -0.854895 2.206922 4.060135 0.000002 9.617872 1.685006 2.482166 16.043001 2.687977 0.000002 22.037384 7.501094 0.000000 0.000001 -0.000000 -4.569970 11.014888 -2.160886 -0.140696 -7.082168 1.750351 -5.165693 10.041400 -3.819508 0.000002 24.915991 0.000007 17.921281 16.242986 -18.290299 -2.464804 -1.573965 2.681846 -1.619255 -4.333924 -6.744826 4.223211 -7.640276 -0.059988 -1.560136 0.883063 -1.926124 -0.000000 0.000000 0.000002 -9.108287 -0.517870 2.259834 -0.000000 -0.018775 0.000099 -0.000000 0.029304 0.000002 0.000003 -0.010109 -0.000000 0.000001 0.000001 0.000001 -9.532509 -0.000052 -0.000022 -0.000002 -0.057474 0.000099 0.000002 0.097396 0.000027 0.000002 -0.036892 -0.000006 0.000003 -0.000003 -0.000000 -9.103596 -0.043091 -1.865134 -0.000001 0.017925 -0.000001 -0.000002 -0.025405 0.000039 -0.000002 -0.012900 -0.000002 -0.000001 0.000001 0.000003 -8.076690 -0.486688 -3.806283 0.000001 0.059618 -0.000502 -0.000002 0.096995 -0.000000 -0.000000 -0.056900 -0.000007 -0.000001 0.000009 -0.000002 4.570449 11.014688 -2.160856 -0.158809 4.636562 -0.163532 62.762861 -17.064447 -33.145665 -0.000194 -76.375052 -0.000113 -24.846200 -10.242353 -18.797866 2.466144 -1.576192 2.681731 -1.336445 4.338061 6.279183 3.576455 7.070880 0.589259 -0.821927 0.916471 2.391507 -0.000001 0.000007 0.000000 9.109292 -0.518048 2.259867 0.000013 -0.005097 0.000104 -0.000004 0.012001 -0.000002 -0.000002 -0.007599 0.000005 -0.000003 0.000002 0.000002 9.533405 0.000027 0.000038 0.000006 -0.005521 0.015978 -0.000002 0.004330 -0.015974 0.000001 0.002403 0.000003 0.000001 -0.000000 0.000001 9.104533 -0.043025 -1.865084 0.000015 0.000703 0.000105 0.000000 0.000000 -0.000001 -0.000006 0.000007 -0.000001 -0.000002 -0.000002 0.000002 8.077785 -0.486861 -3.806268 -0.020170 4.288554 0.510629 -0.016177 -4.078366 -0.510905 -0.000002 -0.007702 -0.000005 -0.000000 -0.000000 0.000002 -8.207785 -6.751676 -1.599560 -7.770393 -8.110084 -4.593009 5.280102 -2.287556 -0.349619 21.783425 1.972419 12.960506 -24.741633 0.035003 -1.613122 -0.000000 -0.000001 -0.000000 8.207791 -6.751706 -1.599555 -19.835680 16.807052 20.396996 14.435603 5.771500 9.773187 31.143989 -2.840854 -12.593812 -34.319669 0.000007 -0.000013 0.000000 0.000000 -0.000002 
-5.332573 105.157188 3.910207 5.897735 -6.828929 -7.179620 -0.000006 10.181577 0.131520 -1.524629 -0.808036 -2.290600 -2.931523 -1.724770 2.320380 -2.961949 -1.670284 2.322890 0.000000 16.740410 -2.049035 -0.299372 2.254668 3.964003 0.000001 9.617886 1.685008 4.253110 16.596542 0.018049 0.000002 22.037338 7.501097 -0.000001 0.000000 0.000000 -4.569968 11.014902 -2.160886 -0.063511 -7.562058 2.895101 -9.754313 13.949915 -2.883955 -0.000001 24.737087 -0.000001 16.337850 15.089310 -16.931925 -2.464801 -1.573987 2.681845 -1.619254 -4.333940 -6.744828 4.223209 -7.640276 -0.059989 -1.560135 0.883059 -1.926123 -0.000001 -0.000003 -0.000003 -9.108269 -0.517885 2.259835 0.000002 -0.018793 0.000099 -0.000001 0.029308 0.000000 0.000001 -0.010101 -0.000001 -0.000001 -0.000009 0.000003 -9.532498 -0.000066 -0.000022 0.000000 -0.057490 0.000098 0.000002 0.097402 0.000027 0.000001 -0.036904 -0.000007 0.000001 -0.000003 -0.000001 -9.103584 -0.043106 -1.865132 0.000001 0.017907 -0.000002 0.000001 -0.025402 0.000043 0.000002 -0.012899 -0.000004 -0.000002 0.000006 0.000002 -8.076660 -0.486726 -3.806276 -0.000007 0.059607 -0.000501 0.000001 0.097007 0.000002 0.000003 -0.056899 -0.000005 0.000000 -0.000003 -0.000001 4.570447 11.014709 -2.160857 -0.154618 3.561154 2.373122 65.222501 -12.567306 -27.955875 -0.000434 -80.839565 -0.000471 -29.793019 -9.664533 -25.940263 2.466144 -1.576198 2.681736 -1.336444 4.338055 6.279181 3.576457 7.070881 0.589272 -0.821931 0.916462 2.391502 0.000003 0.000007 -0.000007 9.109292 -0.518035 2.259867 0.000016 -0.005103 0.000101 -0.000001 0.012002 -0.000002 -0.000005 -0.007601 0.000001 -0.000003 0.000001 0.000005 9.533407 0.000026 0.000043 0.000008 -0.005525 0.015974 -0.000003 0.004329 -0.015975 0.000001 0.002396 0.000001 -0.000001 0.000003 0.000002 9.104533 -0.043025 -1.865074 0.000013 0.000699 0.000103 0.000002 0.000002 0.000002 -0.000002 -0.000001 0.000001 0.000001 -0.000002 0.000000 8.077793 -0.486861 -3.806258 -0.020171 4.288550 0.510630 -0.016178 -4.078369 -0.510908 0.000001 -0.007702 -0.000004 -0.000006 -0.000000 0.000001 -8.207789 -6.751665 -1.599560 -5.838824 -8.783205 -4.121226 4.070922 -1.110048 0.375179 26.627610 2.634890 14.322020 -27.973639 0.100023 -2.221756 -0.000000 0.000002 -0.000000 8.207789 -6.751706 -1.599555 -16.014292 15.126101 21.093330 14.081628 4.738255 9.992466 26.935594 -2.774922 -17.409216 -32.266927 0.000017 -0.000015 0.000000 0.000003 0.000000 
-3.301778 104.924355 4.046473 4.258109 -6.794613 -9.089334 -0.000005 10.181595 0.131519 -1.339251 -0.767689 -1.613463 -2.528909 -1.822008 3.726347 -2.561307 -1.772599 3.728943 -0.000001 16.740414 -2.049032 0.151193 2.215580 3.639179 0.000000 9.617887 1.685011 5.644178 16.293783 -2.138268 0.000002 22.037323 7.501098 0.000001 -0.000000 -0.000000 -4.569971 11.014919 -2.160882 -0.010006 -7.809696 3.587134 -11.657241 15.839704 -2.780079 -0.000001 25.277985 0.000005 14.811769 14.727635 -16.117334 -2.464809 -1.573992 2.681841 -1.619251 -4.333940 -6.744807 4.223206 -7.640273 -0.059985 -1.560134 0.883057 -1.926126 0.000002 -0.000009 0.000001 -9.108284 -0.517871 2.259832 -0.000001 -0.018787 0.000101 -0.000001 0.029303 -0.000002 0.000003 -0.010108 0.000001 -0.000003 0.000006 0.000004 -9.532505 -0.000081 -0.000023 0.000000 -0.057487 0.000101 0.000003 0.097402 0.000023 0.000001 -0.036903 -0.000006 -0.000002 0.000006 -0.000001 -9.103598 -0.043089 -1.865137 -0.000001 0.017916 0.000003 -0.000000 -0.025410 0.000040 0.000001 -0.012903 -0.000011 -0.000001 -0.000003 0.000000 -8.076674 -0.486736 -3.806278 -0.000002 0.059617 -0.000499 0.000002 0.096994 0.000003 0.000006 -0.056903 -0.000001 0.000000 0.000007 -0.000004 4.570445 11.014728 -2.160854 -0.122893 2.406344 5.013114 65.889694 -7.336164 -21.676483 -0.000434 -81.825461 -0.000451 -35.693172 -8.521947 -33.953649 2.466144 -1.576200 2.681729 -1.336444 4.338059 6.279177 3.576449 7.070870 0.589264 -0.821923 0.916473 2.391508 0.000003 -0.000002 -0.000001 9.109296 -0.518043 2.259869 0.000018 -0.005090 0.000100 0.000000 0.012002 0.000003 -0.000002 -0.007603 -0.000002 0.000000 -0.000001 0.000001 9.533395 0.000030 0.000043 0.000008 -0.005518 0.015973 -0.000008 0.004327 -0.015976 0.000005 0.002400 0.000000 0.000004 -0.000001 0.000002 9.104530 -0.043023 -1.865074 0.000014 0.000709 0.000100 0.000002 -0.000003 -0.000002 -0.000003 -0.000002 0.000000 0.000006 0.000002 -0.000002 8.077782 -0.486840 -3.806261 -0.020172 4.288555 0.510627 -0.016175 -4.078364 -0.510909 0.000004 -0.007695 0.000003 -0.000004 0.000002 0.000000 -8.207788 -6.751665 -1.599561 -4.054227 -10.026115 -4.026321 2.844567 -0.238552 0.932277 31.068983 3.579027 16.010995 -30.740448 0.175414 -2.879131 -0.000000 -0.000001 -0.000000 8.207790 -6.751683 -1.599556 -13.225693 12.762568 21.333584 15.537060 5.291839 9.962059 20.489756 -1.653504 -19.537001 -27.595518 0.000016 -0.000006 0.000000 -0.000001 -0.000000 
-1.024795 104.491173 4.064444 2.908476 -6.229056 -10.719374 -0.000006 10.181593 0.131521 -1.145684 -0.748742 -0.885235 -2.115228 -1.927516 5.100487 -2.148958 -1.884088 5.103136 0.000002 16.740395 -2.049036 0.498432 2.216988 3.024577 0.000001 9.617888 1.685010 6.652168 15.714066 -3.921965 0.000002 22.037338 7.501095 -0.000002 -0.000000 -0.000000 -4.569970 11.014934 -2.160884 0.011563 -7.793540 3.797702 -12.845924 16.180534 -3.082749 -0.000010 26.344192 -0.000004 13.265830 14.875271 -15.752380 -2.464815 -1.573977 2.681841 -1.619259 -4.333927 -6.744828 4.223213 -7.640280 -0.059984 -1.560139 0.883064 -1.926123 0.000001 -0.000005 -0.000001 -9.108289 -0.517871 2.259836 0.000001 -0.018781 0.000100 0.000001 0.029301 -0.000002 0.000000 -0.010103 -0.000001 -0.000002 -0.000003 -0.000001 -9.532517 -0.000047 -0.000022 0.000002 -0.057480 0.000099 0.000003 0.097402 0.000021 0.000002 -0.036906 -0.000002 -0.000001 -0.000003 0.000001 -9.103598 -0.043090 -1.865134 -0.000000 0.017920 -0.000001 -0.000003 -0.025403 0.000044 -0.000000 -0.012909 -0.000006 -0.000001 -0.000002 0.000004 -8.076679 -0.486716 -3.806277 -0.000010 0.059628 -0.000516 -0.000001 0.096999 0.000001 0.000003 -0.056902 0.000001 -0.000003 0.000004 -0.000001 4.570442 11.014707 -2.160856 -0.069889 1.280302 7.584076 64.824799 -3.079852 -15.207826 -0.000275 -78.450979 -0.000260 -39.378882 -7.924249 -39.951979 2.466160 -1.576209 2.681738 -1.336440 4.338046 6.279180 3.576461 7.070882 0.589262 -0.821925 0.916473 2.391510 -0.000002 0.000008 -0.000005 9.109306 -0.518047 2.259878 0.000014 -0.005108 0.000099 -0.000002 0.011999 -0.000002 -0.000001 -0.007601 0.000001 -0.000003 -0.000002 0.000000 9.533419 0.000026 0.000048 0.000007 -0.005532 0.015973 -0.000002 0.004326 -0.015977 0.000003 0.002402 -0.000001 -0.000004 -0.000000 -0.000000 9.104530 -0.043037 -1.865070 0.000016 0.000693 0.000098 -0.000006 0.000001 0.000002 -0.000002 0.000003 0.000002 -0.000002 -0.000001 -0.000000 8.077804 -0.486871 -3.806256 -0.020172 4.288540 0.510626 -0.016173 -4.078362 -0.510905 0.000002 -0.007706 -0.000006 0.000003 0.000000 0.000002 -8.207785 -6.751667 -1.599560 -2.795236 -11.358616 -4.208507 2.430865 0.550550 1.269986 33.670667 4.319231 17.442787 -31.952977 0.188223 -3.091762 0.000000 0.000001 -0.000000 8.207790 -6.751689 -1.599555 -11.419758 11.715218 21.248124 17.011573 6.561441 10.072555 12.659808 -0.201768 -19.904483 -23.062125 0.000009 -0.000004 0.000000 -0.000002 -0.000000 
1.274995 103.829803 3.958886 1.790573 -5.613312 -12.047576 -0.000004 10.181582 0.131518 -0.978290 -0.714792 -0.265125 -1.762112 -1.975147 6.243111 -1.796170 -1.936529 6.245774 0.000001 16.740395 -2.049030 0.846872 2.301658 2.187383 -0.000000 9.617890 1.685006 7.121765 15.119303 -4.907032 0.000002 22.037338 7.501098 -0.000000 -0.000001 0.000000 -4.569970 11.014922 -2.160880 0.012566 -7.621935 3.717193 -14.082223 15.434518 -2.753665 -0.000005 27.647440 0.000002 11.978163 15.163472 -15.875781 -2.464786 -1.573984 2.681850 -1.619265 -4.333929 -6.744831 4.223209 -7.640276 -0.059986 -1.560139 0.883059 -1.926129 -0.000002 0.000001 0.000002 -9.108272 -0.517884 2.259837 0.000001 -0.018783 0.000103 -0.000001 0.029305 -0.000001 0.000002 -0.010105 -0.000002 0.000001 -0.000011 0.000002 -9.532495 -0.000064 -0.000021 -0.000001 -0.057481 0.000103 -0.000000 0.097394 0.000022 0.000000 -0.036905 -0.000001 -0.000000 -0.000001 -0.000001 -9.103582 -0.043090 -1.865127 0.000000 0.017918 0.000003 0.000000 -0.025406 0.000043 -0.000000 -0.012904 -0.000005 0.000001 0.000007 0.000005 -8.076668 -0.486719 -3.806272 -0.000015 0.059625 -0.000509 -0.000003 0.097000 0.000001 0.000003 -0.056905 -0.000001 0.000002 -0.000004 -0.000006 4.570445 11.014709 -2.160851 -0.023623 0.428405 9.694790 61.747540 0.276689 -9.040405 -0.000164 -72.043585 -0.000131 -40.288868 -6.895222 -41.180290 2.466140 -1.576209 2.681735 -1.336447 4.338058 6.279176 3.576460 7.070879 0.589255 -0.821924 0.916473 2.391516 0.000001 0.000001 -0.000005 9.109294 -0.518029 2.259871 0.000013 -0.005095 0.000094 -0.000001 0.012002 -0.000000 0.000001 -0.007600 0.000001 0.000008 0.000001 0.000001 9.533407 0.000042 0.000044 0.000003 -0.005520 0.015968 -0.000005 0.004328 -0.015977 -0.000000 0.002399 0.000000 -0.000000 0.000002 0.000000 9.104530 -0.043023 -1.865074 0.000011 0.000706 0.000094 -0.000000 0.000001 0.000000 -0.000001 0.000001 -0.000001 0.000008 -0.000000 -0.000001 8.077790 -0.486854 -3.806259 -0.020172 4.288554 0.510621 -0.016179 -4.078362 -0.510907 -0.000001 -0.007703 0.000001 -0.000003 0.000001 -0.000000 -8.207785 -6.751669 -1.599561 -2.046223 -11.947778 -4.510397 2.910279 1.262213 1.273767 33.963105 4.734170 18.880735 -31.818528 0.178731 -3.121695 -0.000000 -0.000001 -0.000000 8.207789 -6.751698 -1.599556 -10.749900 12.745988 21.333317 18.411335 6.822732 10.148716 4.393935 1.097270 -19.369575 -17.911589 0.000011 -0.000005 0.000000 0.000001 -0.000000 
3.367589 103.020729 3.752532 0.893484 -5.172062 -13.033534 -0.000006 10.181580 0.131522 -0.896486 -0.655898 0.151865 -1.593098 -1.945684 6.944817 -1.626177 -1.909404 6.947417 -0.000000 16.740410 -2.049033 1.383067 2.432055 1.253048 -0.000001 9.617882 1.685010 7.021390 14.463568 -4.594839 0.000002 22.037338 7.501094 -0.000001 -0.000001 0.000000 -4.569972 11.014907 -2.160882 -0.009079 -7.380175 3.355860 -15.440901 13.780621 -1.026465 0.000003 29.086296 -0.000007 11.156708 15.367489 -16.373283 -2.464793 -1.573963 2.681851 -1.619250 -4.333945 -6.744811 4.223210 -7.640274 -0.059995 -1.560139 0.883068 -1.926123 0.000006 -0.000009 0.000001 -9.108260 -0.517883 2.259840 -0.000003 -0.018779 0.000107 -0.000001 0.029302 -0.000001 0.000001 -0.010101 0.000001 -0.000003 -0.000001 0.000002 -9.532492 -0.000065 -0.000020 -0.000002 -0.057477 0.000107 0.000006 0.097390 0.000024 -0.000000 -0.036883 -0.000007 -0.000002 -0.000002 0.000003 -9.103563 -0.043075 -1.865127 -0.000004 0.017922 0.000007 -0.000003 -0.025403 0.000043 -0.000002 -0.012905 -0.000008 -0.000001 0.000001 -0.000000 -8.076662 -0.486715 -3.806273 -0.000003 0.059623 -0.000492 0.000001 0.096989 -0.000001 0.000003 -0.056896 -0.000006 -0.000002 0.000005 -0.000002 4.570443 11.014703 -2.160853 -0.034040 0.155899 10.938523 55.877935 2.823683 -2.856624 -0.000127 -64.102623 -0.000084 -39.290701 -4.269590 -36.828998 2.466138 -1.576211 2.681741 -1.336445 4.338053 6.279179 3.576454 7.070878 0.589265 -0.821929 0.916476 2.391502 0.000004 -0.000001 -0.000005 9.109293 -0.518044 2.259877 0.000011 -0.005100 0.000101 -0.000002 0.012002 -0.000002 -0.000001 -0.007602 0.000001 -0.000003 -0.000001 0.000002 9.533402 0.000027 0.000044 0.000006 -0.005526 0.015973 -0.000002 0.004326 -0.015976 0.000002 0.002401 0.000000 -0.000001 -0.000002 0.000001 9.104515 -0.043024 -1.865068 0.000008 0.000701 0.000100 -0.000002 0.000002 -0.000000 0.000000 -0.000000 -0.000000 -0.000002 0.000001 -0.000000 8.077777 -0.486856 -3.806257 -0.020177 4.288548 0.510626 -0.016172 -4.078363 -0.510902 0.000000 -0.007698 -0.000004 0.000000 0.000001 0.000005 -8.207785 -6.751667 -1.599560 -1.519216 -11.670401 -4.758305 3.654411 1.754824 0.880233 32.517274 4.851557 20.406129 -30.851001 0.179102 -3.142754 -0.000000 -0.000000 -0.000000 8.207793 -6.751710 -1.599556 -10.525982 14.811260 21.506440 19.346967 6.195743 10.069702 -3.802086 2.087061 -18.044246 -11.555864 0.000004 -0.000005 -0.000001 0.000001 0.000000 
5.146900 102.212288 3.500105 0.375214 -4.823670 -13.721449 -0.000006 10.181598 0.131520 -0.952325 -0.621514 0.412746 -1.706606 -1.922916 7.238128 -1.738474 -1.885257 7.240719 0.000003 16.740398 -2.049033 2.178600 2.541885 0.390759 0.000001 9.617881 1.685007 6.655261 13.671008 -3.153296 0.000002 22.037384 7.501094 0.000000 -0.000001 0.000000 -4.569969 11.014904 -2.160884 -0.059305 -6.913389 2.518325 -16.760552 11.227653 2.100497 -0.000006 30.414573 -0.000005 10.672075 15.403193 -16.946826 -2.464808 -1.573989 2.681847 -1.619255 -4.333951 -6.744827 4.223205 -7.640269 -0.059988 -1.560139 0.883069 -1.926124 0.000001 -0.000009 0.000001 -9.108270 -0.517884 2.259836 -0.000003 -0.018782 0.000096 0.000002 0.029298 -0.000001 0.000001 -0.010096 0.000000 -0.000001 -0.000002 -0.000000 -9.532494 -0.000061 -0.000025 -0.000001 -0.057482 0.000096 0.000004 0.097392 0.000021 0.000000 -0.036893 -0.000004 0.000003 -0.000002 0.000005 -9.103592 -0.043088 -1.865138 -0.000004 0.017919 -0.000006 0.000002 -0.025411 0.000040 -0.000001 -0.012905 -0.000007 0.000003 0.000002 0.000004 -8.076682 -0.486720 -3.806281 -0.000002 0.059620 -0.000503 0.000000 0.096990 -0.000002 0.000005 -0.056899 -0.000002 -0.000001 0.000002 -0.000002 4.570443 11.014710 -2.160854 -0.125574 0.582117 11.127937 47.394037 3.375990 3.410449 -0.000092 -55.584315 -0.000062 -35.388866 -1.410937 -27.158927 2.466133 -1.576179 2.681737 -1.336442 4.338048 6.279188 3.576457 7.070878 0.589263 -0.821929 0.916471 2.391508 -0.000005 0.000009 -0.000007 9.109295 -0.518045 2.259872 0.000012 -0.005105 0.000109 0.000000 0.012003 -0.000001 -0.000002 -0.007598 -0.000004 -0.000003 0.000003 0.000005 9.533410 0.000028 0.000049 0.000002 -0.005529 0.015982 -0.000006 0.004328 -0.015973 0.000002 0.002400 0.000003 0.000002 -0.000003 0.000004 9.104524 -0.043008 -1.865072 0.000009 0.000695 0.000109 -0.000003 0.000002 0.000000 -0.000001 0.000000 -0.000006 -0.000003 -0.000001 0.000004 8.077774 -0.486842 -3.806255 -0.020174 4.288541 0.510634 -0.016178 -4.078360 -0.510906 -0.000000 -0.007697 -0.000000 -0.000004 0.000004 0.000003 -8.207786 -6.751658 -1.599560 -1.245089 -11.028665 -4.884757 4.351229 1.752090 0.248171 30.428493 4.769668 21.795120 -29.530921 0.182545 -3.120728 0.000000 0.000001 -0.000000 8.207793 -6.751682 -1.599556 -10.205062 16.268235 21.426220 19.585320 5.837256 9.954498 -10.868263 2.685756 -16.616194 -7.002249 0.000004 -0.000004 0.000001 -0.000001 -0.000000 
6.596756 101.511139 3.233575 0.340625 -4.421167 -14.227439 -0.000003 10.181583 0.131521 -1.107987 -0.674163 0.532889 -2.011336 -2.039062 7.341758 -2.044869 -1.996180 7.344686 0.000002 16.740381 -2.049031 2.920095 2.622430 -0.265354 0.000001 9.617893 1.685009 6.668791 12.914622 -1.364110 0.000002 22.037369 7.501096 0.000000 -0.000001 0.000000 -4.569968 11.014916 -2.160881 -0.114116 -6.139381 1.290523 -17.910079 8.368688 5.902792 -0.000016 31.133075 0.000009 10.171499 15.273370 -17.366897 -2.464798 -1.573982 2.681841 -1.619249 -4.333956 -6.744819 4.223202 -7.640262 -0.059993 -1.560134 0.883052 -1.926120 -0.000001 0.000000 0.000000 -9.108280 -0.517868 2.259829 0.000003 -0.018796 0.000094 -0.000001 0.029302 0.000000 0.000004 -0.010102 0.000000 -0.000000 0.000001 -0.000001 -9.532500 -0.000061 -0.000031 0.000001 -0.057491 0.000096 0.000003 0.097395 0.000022 -0.000000 -0.036899 -0.000003 -0.000000 -0.000006 -0.000001 -9.103580 -0.043087 -1.865144 0.000001 0.017902 -0.000003 -0.000001 -0.025407 0.000041 -0.000001 -0.012908 -0.000007 0.000003 0.000001 -0.000000 -8.076677 -0.486713 -3.806284 -0.000003 0.059602 -0.000500 -0.000001 0.096999 0.000001 0.000004 -0.056904 -0.000005 0.000001 0.000000 0.000001 4.570443 11.014709 -2.160852 -0.257549 1.507507 10.280312 38.030159 1.236407 8.229184 -0.000073 -47.505485 -0.000015 -26.855276 0.282902 -12.477247 2.466122 -1.576212 2.681735 -1.336445 4.338055 6.279186 3.576456 7.070883 0.589264 -0.821929 0.916469 2.391505 0.000002 0.000009 -0.000007 9.109290 -0.518059 2.259868 0.000009 -0.005100 0.000105 -0.000002 0.012000 0.000004 0.000000 -0.007601 -0.000000 -0.000002 0.000000 0.000004 9.533392 0.000029 0.000045 0.000002 -0.005523 0.015980 -0.000002 0.004325 -0.015974 0.000002 0.002393 0.000002 0.000001 0.000006 -0.000001 9.104529 -0.043040 -1.865075 0.000010 0.000703 0.000104 0.000001 0.000000 0.000000 0.000000 0.000003 0.000001 0.000000 0.000001 -0.000002 8.077783 -0.486873 -3.806260 -0.020174 4.288549 0.510633 -0.016175 -4.078362 -0.510909 0.000002 -0.007700 -0.000002 -0.000001 0.000008 0.000000 -8.207785 -6.751654 -1.599560 -1.315767 -10.393544 -4.939988 4.909815 1.310975 -0.297407 28.509232 4.601674 22.842663 -28.192707 0.183990 -3.029835 0.000000 0.000002 -0.000000 8.207791 -6.751692 -1.599555 -11.337440 15.868022 21.254225 22.084372 6.045158 10.385630 -14.895184 2.925274 -16.068988 -2.459932 0.000003 -0.000004 -0.000000 0.000001 0.000000 
7.701484 100.939423 2.923917 0.466318 -3.971614 -14.604210 -0.000003 10.181592 0.131522 -1.218010 -0.767864 0.436567 -2.217178 -2.237323 7.301053 -2.255858 -2.188542 7.304489 0.000002 16.740368 -2.049038 3.293842 2.650373 -0.519206 0.000000 9.617895 1.685009 7.140499 12.390193 0.242144 0.000001 22.037369 7.501094 0.000000 -0.000000 -0.000000 -4.569968 11.014908 -2.160886 -0.133708 -5.551635 0.497697 -18.946257 6.305686 9.499814 0.000002 31.002799 -0.000004 9.420199 15.034039 -17.699404 -2.464789 -1.573982 2.681846 -1.619261 -4.333953 -6.744825 4.223214 -7.640280 -0.059987 -1.560141 0.883068 -1.926126 0.000002 -0.000007 0.000001 -9.108258 -0.517864 2.259833 -0.000006 -0.018795 0.000098 -0.000001 0.029302 -0.000001 0.000001 -0.010101 -0.000001 -0.000001 -0.000000 -0.000000 -9.532485 -0.000059 -0.000031 -0.000006 -0.057494 0.000099 0.000002 0.097401 0.000022 0.000002 -0.036897 -0.000005 -0.000000 0.000003 0.000000 -9.103593 -0.043071 -1.865132 -0.000004 0.017903 -0.000001 -0.000001 -0.025404 0.000042 -0.000001 -0.012904 -0.000005 -0.000002 0.000000 0.000001 -8.076673 -0.486720 -3.806282 -0.000012 0.059620 -0.000509 0.000001 0.097000 0.000005 0.000004 -0.056900 -0.000001 0.000001 -0.000000 -0.000002 4.570445 11.014714 -2.160858 -0.349498 2.475759 8.713508 29.606244 -2.515928 9.962588 -0.000064 -40.346764 -0.000020 -16.467383 -0.023520 3.555597 2.466133 -1.576215 2.681736 -1.336445 4.338053 6.279184 3.576461 7.070881 0.589264 -0.821925 0.916469 2.391507 -0.000001 0.000004 -0.000003 9.109303 -0.518060 2.259871 0.000009 -0.005096 0.000103 -0.000001 0.011996 -0.000001 0.000001 -0.007595 0.000000 0.000001 -0.000004 0.000001 9.533403 0.000027 0.000041 0.000002 -0.005521 0.015978 -0.000001 0.004327 -0.015978 0.000000 0.002400 -0.000000 0.000000 0.000008 -0.000001 9.104523 -0.043052 -1.865075 0.000010 0.000702 0.000103 0.000000 -0.000003 -0.000001 -0.000002 0.000003 0.000000 -0.000000 -0.000000 0.000001 8.077787 -0.486873 -3.806259 -0.020175 4.288554 0.510631 -0.016179 -4.078363 -0.510909 -0.000000 -0.007704 0.000001 -0.000000 0.000005 -0.000002 -8.207783 -6.751670 -1.599560 -1.607421 -9.654906 -5.052536 5.614882 0.731874 -0.499662 26.653884 4.274518 23.171056 -26.860469 0.172268 -2.628075 -0.000000 -0.000000 -0.000000 8.207795 -6.751695 -1.599555 -13.135196 14.451050 21.315793 25.834762 6.440964 10.467927 -16.886615 2.981032 -15.719612 -0.204617 -0.000001 -0.000002 0.000000 -0.000001 -0.000000 
8.444887 100.595993 2.610483 0.195484 -3.683858 -14.723856 -0.000005 10.181587 0.131518 -1.186982 -0.736752 0.047353 -2.155018 -2.233312 6.936612 -2.196506 -2.183331 6.940033 0.000001 16.740414 -2.049030 3.448113 2.543596 -0.183851 0.000001 9.617892 1.685003 7.611292 11.930736 1.934997 0.000001 22.037323 7.501096 -0.000001 0.000000 0.000000 -4.569969 11.014898 -2.160881 -0.110027 -5.587276 0.832251 -19.890891 5.092335 12.721640 -0.000009 30.427431 0.000005 8.485076 14.770504 -18.226780 -2.464799 -1.573957 2.681853 -1.619267 -4.333936 -6.744821 4.223214 -7.640274 -0.059989 -1.560139 0.883063 -1.926129 -0.000001 -0.000006 0.000000 -9.108258 -0.517875 2.259836 0.000000 -0.018790 0.000109 0.000004 0.029308 -0.000001 0.000001 -0.010103 -0.000002 0.000004 0.000005 -0.000005 -9.532499 -0.000052 -0.000022 0.000001 -0.057486 0.000110 0.000000 0.097394 0.000017 0.000001 -0.036902 -0.000001 0.000001 0.000003 -0.000003 -9.103582 -0.043066 -1.865134 0.000001 0.017914 0.000009 0.000001 -0.025405 0.000043 -0.000003 -0.012901 -0.000009 0.000004 -0.000001 0.000003 -8.076687 -0.486695 -3.806274 -0.000004 0.059613 -0.000488 0.000000 0.097004 -0.000008 -0.000002 -0.056900 -0.000001 0.000002 -0.000004 -0.000001 4.570444 11.014721 -2.160851 -0.358224 3.171537 6.762194 21.161524 -7.203293 8.821336 -0.000047 -35.184207 -0.000012 -7.815524 -1.958851 17.147784 2.466143 -1.576214 2.681731 -1.336446 4.338044 6.279178 3.576462 7.070882 0.589260 -0.821924 0.916479 2.391511 -0.000001 -0.000002 -0.000001 9.109307 -0.518042 2.259870 0.000009 -0.005110 0.000095 0.000000 0.011999 0.000002 0.000000 -0.007601 -0.000002 0.000000 -0.000004 0.000003 9.533422 0.000042 0.000038 0.000003 -0.005535 0.015971 -0.000002 0.004326 -0.015977 0.000000 0.002395 0.000003 -0.000001 -0.000002 -0.000003 9.104539 -0.043050 -1.865077 0.000013 0.000693 0.000097 -0.000002 -0.000006 0.000001 0.000000 -0.000000 0.000001 0.000000 -0.000000 -0.000003 8.077802 -0.486852 -3.806265 -0.020175 4.288538 0.510623 -0.016178 -4.078358 -0.510906 0.000002 -0.007704 0.000000 -0.000001 -0.000004 -0.000003 -8.207787 -6.751663 -1.599560 -1.516107 -9.023160 -5.285846 6.127518 0.169813 -0.461038 25.027656 3.805797 22.460995 -25.417593 0.117660 -1.638022 0.000000 0.000001 -0.000000 8.207791 -6.751694 -1.599554 -13.960961 13.974005 21.297235 28.073399 6.285185 10.359864 -18.079207 2.972754 -15.248915 -0.000058 -0.000001 -0.000003 -0.000000 -0.000001 -0.000000 
8.915555 100.441124 2.433115 -0.550407 -3.859439 -14.653146 -0.000006 10.181581 0.131519 -1.107638 -0.462590 -0.519499 -2.030372 -1.779790 6.118968 -2.064795 -1.732933 6.121589 0.000001 16.740408 -2.049037 3.764615 2.241060 0.758776 0.000002 9.617876 1.685006 8.126675 11.183812 4.230557 0.000001 22.037369 7.501094 -0.000001 0.000000 -0.000000 -4.569970 11.014915 -2.160885 -0.036306 -6.097836 2.183981 -20.451714 3.765859 15.954572 0.000002 29.844539 0.000006 7.530236 14.509996 -19.089959 -2.464816 -1.573968 2.681842 -1.619259 -4.333939 -6.744817 4.223210 -7.640274 -0.059990 -1.560138 0.883063 -1.926117 -0.000001 0.000004 -0.000002 -9.108287 -0.517873 2.259830 0.000001 -0.018781 0.000096 -0.000002 0.029303 0.000003 -0.000000 -0.010103 0.000002 0.000002 -0.000002 0.000003 -9.532513 -0.000051 -0.000027 -0.000000 -0.057480 0.000098 0.000003 0.097396 0.000027 -0.000003 -0.036899 -0.000003 0.000001 -0.000001 -0.000007 -9.103600 -0.043075 -1.865143 0.000001 0.017918 -0.000003 -0.000005 -0.025400 0.000043 0.000002 -0.012898 -0.000007 -0.000001 0.000001 0.000003 -8.076689 -0.486711 -3.806278 -0.000012 0.059622 -0.000497 0.000002 0.097000 -0.000001 -0.000001 -0.056899 -0.000004 -0.000000 -0.000001 0.000001 4.570444 11.014737 -2.160856 -0.301248 3.610312 4.611254 9.536641 -13.132610 5.677967 -0.000041 -33.923121 -0.000014 1.511343 -5.116079 28.418679 2.466136 -1.576213 2.681737 -1.336440 4.338056 6.279180 3.576458 7.070877 0.589258 -0.821931 0.916469 2.391503 0.000002 0.000000 -0.000005 9.109322 -0.518025 2.259871 0.000012 -0.005098 0.000102 -0.000004 0.011997 -0.000003 -0.000004 -0.007596 0.000004 0.000000 0.000001 -0.000005 9.533425 0.000044 0.000047 0.000006 -0.005523 0.015973 -0.000002 0.004328 -0.015976 0.000001 0.002399 -0.000001 -0.000001 0.000004 -0.000002 9.104541 -0.043035 -1.865070 0.000011 0.000701 0.000099 0.000004 0.000002 -0.000005 0.000002 0.000003 -0.000002 -0.000002 -0.000008 0.000001 8.077795 -0.486881 -3.806251 -0.020173 4.288549 0.510626 -0.016176 -4.078364 -0.510908 0.000002 -0.007698 0.000000 -0.000002 -0.000003 -0.000001 -8.207790 -6.751685 -1.599560 -1.130335 -9.049945 -5.511744 6.545199 -0.184790 -0.493877 23.862138 3.327375 20.983091 -24.161762 0.012737 -0.160120 -0.000000 0.000002 -0.000000 8.207793 -6.751712 -1.599556 -14.165459 15.184708 21.464909 29.205715 5.321409 10.314247 -18.792275 2.899083 -14.706003 -0.000052 -0.000003 0.000003 -0.000000 0.000001 -0.000000 
9.165413 100.373848 2.504946 -1.279362 -4.560361 -14.613338 -0.000010 10.181567 0.131521 -1.107861 -0.006063 -1.186904 -2.083782 -0.970535 5.043438 -2.102714 -0.924689 5.045141 0.000000 16.740366 -2.049033 4.355264 1.803026 2.069133 0.000002 9.617902 1.685008 8.873909 10.142696 6.923429 0.000001 22.037338 7.501095 0.000001 -0.000000 0.000000 -4.569971 11.014919 -2.160882 0.074404 -6.734603 3.893405 -20.448996 2.127144 19.210151 0.000001 29.106294 0.000003 6.389258 14.110510 -19.967283 -2.464805 -1.573982 2.681841 -1.619259 -4.333936 -6.744821 4.223212 -7.640272 -0.059989 -1.560140 0.883069 -1.926118 0.000002 0.000000 0.000002 -9.108275 -0.517889 2.259828 -0.000003 -0.018786 0.000095 0.000001 0.029304 0.000001 -0.000004 -0.010100 0.000004 -0.000002 -0.000002 0.000001 -9.532509 -0.000049 -0.000024 -0.000004 -0.057484 0.000096 -0.000002 0.097397 0.000023 -0.000001 -0.036905 -0.000001 0.000001 -0.000001 0.000000 -9.103587 -0.043091 -1.865138 -0.000004 0.017916 -0.000004 -0.000004 -0.025403 0.000041 -0.000002 -0.012898 -0.000004 -0.000003 -0.000002 0.000002 -8.076686 -0.486712 -3.806275 -0.000004 0.059615 -0.000510 -0.000002 0.096997 -0.000002 -0.000002 -0.056900 -0.000001 -0.000001 0.000001 0.000002 4.570449 11.014691 -2.160855 -0.233317 3.902651 2.761884 -5.351666 -18.927209 0.906109 -0.000049 -37.437455 -0.000016 11.580628 -10.637139 34.000412 2.466135 -1.576211 2.681738 -1.336439 4.338051 6.279186 3.576457 7.070880 0.589273 -0.821930 0.916471 2.391494 0.000001 0.000009 0.000005 9.109306 -0.518044 2.259871 0.000016 -0.005101 0.000111 0.000002 0.011998 -0.000001 0.000002 -0.007598 0.000007 0.000001 -0.000001 -0.000002 9.533394 0.000030 0.000046 0.000006 -0.005528 0.015982 -0.000002 0.004325 -0.015978 -0.000002 0.002398 -0.000000 0.000001 0.000002 -0.000003 9.104542 -0.043022 -1.865071 0.000014 0.000698 0.000108 0.000000 -0.000002 0.000000 0.000001 -0.000001 -0.000000 0.000001 -0.000000 -0.000002 8.077778 -0.486858 -3.806254 -0.020172 4.288545 0.510635 -0.016179 -4.078364 -0.510910 0.000000 -0.007699 -0.000000 -0.000002 0.000002 0.000004 -8.207789 -6.751680 -1.599560 -0.899213 -9.679378 -5.493086 6.948243 -0.335635 -0.707810 23.073598 2.907486 19.233299 -23.242039 -0.109683 1.445808 0.000000 -0.000001 -0.000000 8.207789 -6.751718 -1.599555 -14.262998 17.359100 21.994797 29.688093 4.084648 10.297452 -19.285092 2.815273 -14.270842 -0.000050 -0.000006 0.000004 -0.000000 -0.000001 -0.000000 
9.183994 100.312737 2.717318 -1.647176 -5.324448 -14.787064 -0.000002 10.181594 0.131520 -1.099989 0.407328 -1.802944 -2.108460 -0.239327 4.225661 -2.112759 -0.193243 4.226767 -0.000002 16.740389 -2.049034 4.984357 1.412094 3.206917 0.000004 9.617885 1.685007 9.177883 9.169780 8.883068 0.000002 22.037338 7.501098 0.000000 -0.000000 -0.000000 -4.569975 11.014933 -2.160885 0.156434 -6.983033 4.930389 -20.327645 0.732956 21.851303 -0.000019 27.943110 0.000020 4.366524 13.342168 -20.104734 -2.464805 -1.573987 2.681841 -1.619272 -4.333933 -6.744839 4.223209 -7.640278 -0.059986 -1.560140 0.883064 -1.926129 0.000005 -0.000003 0.000000 -9.108287 -0.517872 2.259835 -0.000003 -0.018777 0.000102 0.000001 0.029300 0.000001 0.000002 -0.010099 -0.000002 -0.000002 -0.000000 -0.000002 -9.532513 -0.000051 -0.000024 -0.000003 -0.057473 0.000103 -0.000002 0.097396 0.000027 0.000002 -0.036903 0.000001 -0.000001 -0.000000 0.000001 -9.103589 -0.043076 -1.865133 0.000000 0.017921 0.000002 -0.000002 -0.025406 0.000041 -0.000003 -0.012899 -0.000003 -0.000001 0.000001 -0.000002 -8.076684 -0.486709 -3.806272 -0.000005 0.059621 -0.000496 0.000002 0.097006 0.000003 -0.000000 -0.056893 0.000001 0.000003 -0.000010 0.000002 4.570445 11.014723 -2.160855 -0.191979 3.941166 2.009570 -16.295954 -22.874476 -2.230699 -0.000061 -40.175685 -0.000028 17.727466 -11.647915 28.907427 2.466123 -1.576213 2.681742 -1.336444 4.338053 6.279180 3.576454 7.070874 0.589263 -0.821925 0.916474 2.391511 0.000001 0.000001 -0.000005 9.109288 -0.518046 2.259876 0.000009 -0.005103 0.000103 0.000001 0.012000 -0.000001 -0.000001 -0.007603 -0.000007 0.000002 -0.000000 -0.000001 9.533389 0.000037 0.000054 0.000004 -0.005526 0.015975 -0.000004 0.004324 -0.015976 -0.000001 0.002398 -0.000008 -0.000001 -0.000000 -0.000000 9.104509 -0.043038 -1.865073 0.000010 0.000698 0.000103 0.000002 0.000001 -0.000002 -0.000001 -0.000002 -0.000002 0.000001 0.000001 0.000001 8.077772 -0.486880 -3.806255 -0.020176 4.288545 0.510632 -0.016176 -4.078359 -0.510901 -0.000001 -0.007701 0.000001 -0.000001 -0.000000 0.000003 -8.207783 -6.751663 -1.599560 -1.235619 -10.283011 -5.152197 8.057031 -0.557320 -0.997018 21.673691 2.455577 17.755282 -21.659814 -0.154603 2.760165 -0.000000 -0.000001 -0.000000 8.207792 -6.751705 -1.599555 -14.383029 18.767420 22.648494 29.910570 3.576775 10.284322 -19.604009 2.803244 -14.210332 -0.055214 -0.000003 -0.000000 -0.000000 0.000001 -0.000000 
9.040924 100.295967 2.797638 -1.893322 -5.486549 -15.154691 -0.000004 10.181579 0.131521 -0.835217 0.639248 -2.151529 -1.599169 0.139008 4.064836 -1.595458 0.175723 4.065277 -0.000000 16.740393 -2.049032 5.421282 1.191733 3.744935 0.000003 9.617886 1.685005 7.764294 8.414793 9.178229 -0.000000 22.037323 7.501098 -0.000001 0.000000 0.000000 -4.569971 11.014915 -2.160884 0.155620 -6.197366 4.534857 -20.315028 -0.525426 22.879937 0.000001 26.677648 -0.000005 0.619099 12.116547 -18.774672 -2.464814 -1.573970 2.681856 -1.619262 -4.333938 -6.744840 4.223207 -7.640271 -0.059988 -1.560136 0.883063 -1.926126 0.000010 -0.000007 0.000001 -9.108288 -0.517870 2.259839 0.000003 -0.018782 0.000097 0.000000 0.029300 0.000002 0.000000 -0.010096 -0.000001 -0.000005 -0.000001 -0.000001 -9.532509 -0.000050 -0.000012 -0.000001 -0.057485 0.000099 -0.000004 0.097397 0.000025 0.000002 -0.036900 -0.000000 0.000001 0.000001 0.000003 -9.103596 -0.043074 -1.865121 0.000005 0.017916 -0.000001 0.000003 -0.025408 0.000042 -0.000006 -0.012896 -0.000004 -0.000004 -0.000000 -0.000005 -8.076695 -0.486704 -3.806268 0.000001 0.059625 -0.000519 0.000000 0.096999 -0.000003 -0.000009 -0.056896 0.000001 -0.000002 0.000003 0.000002 4.570443 11.014728 -2.160854 -0.159579 3.405670 2.858435 -14.176299 -25.881306 1.936774 -0.000036 -34.466309 -0.000015 8.529815 -6.011614 15.124771 2.466129 -1.576206 2.681737 -1.336443 4.338047 6.279184 3.576457 7.070882 0.589262 -0.821926 0.916474 2.391510 -0.000000 0.000006 0.000000 9.109286 -0.518041 2.259877 0.000011 -0.005103 0.000100 -0.000001 0.012004 0.000003 0.000000 -0.007599 -0.000001 0.000002 0.000002 0.000003 9.533400 0.000028 0.000052 0.000005 -0.005527 0.015974 -0.000003 0.004325 -0.015971 -0.000000 0.002399 -0.000003 0.000002 0.000004 -0.000003 9.104531 -0.043035 -1.865063 0.000011 0.000697 0.000100 -0.000001 -0.000001 0.000005 -0.000001 -0.000000 -0.000000 -0.000001 -0.000002 -0.000002 8.077770 -0.486866 -3.806255 -0.020174 4.288546 0.510626 -0.016177 -4.078364 -0.510899 0.000000 -0.007703 0.000004 -0.000001 0.000001 0.000000 -8.207785 -6.751687 -1.599560 -1.363206 -10.578785 -4.603873 8.951464 -0.795288 -1.177379 20.784940 2.200976 16.920602 -20.656372 -0.138481 3.456061 0.000000 -0.000000 -0.000000 8.207794 -6.751707 -1.599556 -14.191201 18.556475 23.056574 29.970833 4.047652 10.272897 -19.616064 2.840062 -14.462384 -0.393386 -0.000006 -0.000003 -0.000000 0.000000 0.000000 
8.930116 100.471992 2.551868 -2.406577 -4.742538 -15.479140 -0.000001 10.181597 0.131522 -0.176914 0.735393 -2.057922 -0.296020 0.277952 4.636406 -0.289505 0.286534 4.636178 0.000000 16.740398 -2.049032 5.546802 1.124286 3.614173 -0.000001 9.617906 1.685009 4.172158 7.795726 7.861415 0.000004 22.037338 7.501096 -0.000000 -0.000001 -0.000000 -4.569971 11.014917 -2.160882 0.126371 -4.198120 2.758697 -18.980107 -2.095840 21.315796 -0.000001 26.081520 -0.000012 -5.111245 10.558792 -15.872029 -2.464797 -1.573974 2.681834 -1.619247 -4.333932 -6.744822 4.223211 -7.640278 -0.059987 -1.560141 0.883069 -1.926123 0.000006 -0.000010 -0.000001 -9.108276 -0.517875 2.259835 0.000009 -0.018781 0.000101 0.000006 0.029295 0.000000 -0.000003 -0.010098 0.000002 -0.000001 -0.000001 -0.000001 -9.532509 -0.000024 -0.000018 0.000004 -0.057481 0.000102 -0.000002 0.097393 0.000023 0.000002 -0.036900 -0.000006 0.000000 -0.000000 -0.000001 -9.103590 -0.043080 -1.865136 0.000006 0.017921 0.000003 -0.000000 -0.025411 0.000045 -0.000002 -0.012899 -0.000003 -0.000003 0.000002 0.000002 -8.076677 -0.486708 -3.806271 0.000005 0.059628 -0.000508 0.000002 0.096997 -0.000001 -0.000004 -0.056894 -0.000002 -0.000001 -0.000000 0.000003 4.570445 11.014745 -2.160854 -0.090609 2.177934 5.124089 2.114926 -23.913660 13.727953 -0.000027 -22.281873 0.000009 -17.982162 -3.555532 -0.907016 2.466131 -1.576209 2.681746 -1.336442 4.338044 6.279186 3.576462 7.070882 0.589262 -0.821932 0.916466 2.391504 0.000003 0.000006 -0.000003 9.109302 -0.518057 2.259877 0.000011 -0.005105 0.000104 0.000001 0.011999 -0.000001 -0.000002 -0.007608 0.000002 -0.000001 -0.000005 -0.000000 9.533402 0.000026 0.000049 0.000004 -0.005532 0.015976 -0.000001 0.004325 -0.015976 -0.000002 0.002405 0.000001 0.000000 -0.000007 -0.000001 9.104526 -0.043053 -1.865064 0.000010 0.000695 0.000103 0.000002 -0.000007 -0.000001 0.000000 0.000004 -0.000000 -0.000000 -0.000009 -0.000001 8.077770 -0.486886 -3.806244 -0.020172 4.288545 0.510629 -0.016175 -4.078361 -0.510907 0.000002 -0.007712 -0.000003 0.000002 -0.000003 -0.000001 -8.207784 -6.751665 -1.599560 -0.746903 -10.742993 -4.283453 8.843525 -0.828892 -1.074331 22.296102 2.387995 16.650323 -21.938945 -0.161928 3.613217 0.000000 0.000002 -0.000000 8.207794 -6.751691 -1.599555 -13.512009 17.688399 23.077715 29.549820 4.580140 10.288216 -19.099751 2.818106 -14.586718 -1.727389 0.000005 0.000005 0.000000 0.000002 -0.000000 
8.971031 100.976608 1.980124 -3.009021 -3.140829 -15.320919 -0.000006 10.181597 0.131520 0.728635 0.711731 -1.509205 1.503673 0.275103 5.776467 1.509168 0.243482 5.776811 0.000000 16.740396 -2.049035 5.221686 1.112550 2.867871 0.000004 9.617860 1.685011 -0.449404 7.228107 5.360039 -0.000001 22.037384 7.501094 -0.000000 -0.000000 -0.000000 -4.569969 11.014927 -2.160886 0.180574 -1.487915 0.236267 -13.910378 -4.343950 17.073825 -0.000002 27.063142 0.000005 -12.108625 8.980716 -12.073871 -2.464801 -1.573975 2.681844 -1.619252 -4.333942 -6.744818 4.223211 -7.640275 -0.059995 -1.560139 0.883061 -1.926117 -0.000005 0.000000 0.000000 -9.108287 -0.517871 2.259837 0.000005 -0.018781 0.000100 -0.000001 0.029303 0.000001 -0.000002 -0.010105 -0.000002 -0.000003 -0.000002 0.000000 -9.532497 -0.000066 -0.000034 0.000004 -0.057484 0.000101 -0.000001 0.097398 0.000023 0.000003 -0.036898 -0.000002 -0.000003 0.000005 0.000001 -9.103589 -0.043091 -1.865139 0.000001 0.017919 0.000002 -0.000005 -0.025400 0.000042 -0.000002 -0.012902 -0.000004 0.000001 -0.000005 -0.000001 -8.076686 -0.486711 -3.806284 0.000000 0.059623 -0.000495 -0.000010 0.097001 0.000002 -0.000002 -0.056899 -0.000001 -0.000001 -0.000000 0.000002 4.570446 11.014708 -2.160856 0.014828 0.770513 7.710607 21.462249 -13.591592 21.866861 -0.000022 -17.966261 0.000009 -45.438708 -6.932504 -25.801057 2.466138 -1.576210 2.681743 -1.336440 4.338056 6.279189 3.576456 7.070880 0.589261 -0.821926 0.916476 2.391504 0.000002 0.000008 -0.000001 9.109306 -0.518060 2.259872 0.000011 -0.005094 0.000107 -0.000002 0.012002 -0.000002 0.000000 -0.007610 -0.000003 -0.000002 0.000003 0.000000 9.533410 0.000024 0.000051 0.000004 -0.005517 0.015981 0.000000 0.004319 -0.015977 -0.000000 0.002397 -0.000003 0.000002 -0.000008 -0.000001 9.104527 -0.043053 -1.865067 0.000013 0.000706 0.000107 0.000000 -0.000001 -0.000001 0.000002 -0.000006 -0.000000 -0.000003 0.000001 -0.000001 8.077782 -0.486872 -3.806252 -0.020174 4.288554 0.510633 -0.016177 -4.078366 -0.510906 0.000005 -0.007705 0.000001 -0.000003 -0.000003 -0.000000 -8.207788 -6.751657 -1.599560 0.111119 -11.163969 -4.626124 7.908759 -0.899085 -0.704122 26.752963 2.940784 16.029581 -25.296994 -0.230494 4.071579 0.000000 -0.000001 -0.000000 8.207790 -6.751686 -1.599555 -12.513934 17.284171 22.577923 28.104630 4.177497 10.107824 -17.839525 2.684370 -14.093544 -3.445320 -0.000001 -0.000003 -0.000000 0.000001 0.000000 
9.021029 101.826233 1.192819 -2.942100 -0.795176 -14.252364 -0.000007 10.181599 0.131522 1.552538 0.459227 -0.735324 3.155954 -0.010564 7.001851 3.153912 -0.075343 7.004186 0.000000 16.740358 -2.049030 4.213063 1.047685 1.741020 -0.000000 9.617867 1.685012 -4.118867 6.596424 2.133660 0.000003 22.037369 7.501094 0.000000 -0.000000 0.000000 -4.569967 11.014881 -2.160879 0.337174 0.997831 -2.001520 -4.405740 -7.816347 12.015552 -0.000012 30.274800 0.000005 -19.006151 7.882850 -8.318902 -2.464803 -1.573985 2.681849 -1.619253 -4.333933 -6.744813 4.223215 -7.640280 -0.059987 -1.560144 0.883069 -1.926122 0.000005 -0.000009 0.000001 -9.108276 -0.517903 2.259833 0.000003 -0.018782 0.000102 0.000004 0.029300 -0.000000 0.000002 -0.010103 -0.000001 -0.000000 0.000002 -0.000001 -9.532500 -0.000082 -0.000025 0.000001 -0.057481 0.000102 0.000001 0.097396 0.000025 -0.000001 -0.036900 -0.000003 -0.000002 -0.000003 -0.000001 -9.103571 -0.043108 -1.865140 0.000004 0.017916 0.000001 -0.000001 -0.025402 0.000043 0.000001 -0.012898 -0.000002 0.000002 -0.000001 0.000000 -8.076678 -0.486723 -3.806275 0.000003 0.059623 -0.000495 -0.000001 0.097001 -0.000000 0.000004 -0.056899 -0.000001 -0.000002 -0.000000 -0.000002 4.570445 11.014675 -2.160851 0.102456 -0.221241 9.601799 36.853413 -4.041423 21.100536 -0.000035 -24.277854 0.000006 -60.335159 -8.510290 -48.593780 2.466153 -1.576208 2.681731 -1.336446 4.338055 6.279177 3.576457 7.070877 0.589263 -0.821928 0.916476 2.391513 -0.000006 -0.000002 -0.000010 9.109305 -0.518042 2.259866 0.000012 -0.005101 0.000099 0.000001 0.012003 -0.000002 -0.000002 -0.007597 -0.000007 0.000001 -0.000001 -0.000004 9.533425 0.000029 0.000039 0.000001 -0.005524 0.015973 0.000001 0.004322 -0.015981 0.000002 0.002406 -0.000005 -0.000002 0.000004 -0.000003 9.104538 -0.043025 -1.865075 0.000008 0.000703 0.000097 0.000000 -0.000002 -0.000007 0.000001 -0.000001 0.000001 -0.000000 0.000005 -0.000002 8.077801 -0.486868 -3.806267 -0.020175 4.288549 0.510626 -0.016178 -4.078363 -0.510906 -0.000001 -0.007703 -0.000007 0.000003 0.000000 0.000001 -8.207788 -6.751648 -1.599560 -0.037137 -12.235982 -5.739148 7.133898 -1.421346 -0.413395 32.527827 3.302726 13.989988 -28.821882 -0.277833 5.244951 0.000000 0.000004 -0.000000 8.207787 -6.751698 -1.599555 -12.145249 16.676976 21.133083 26.445144 2.839742 9.902571 -14.429973 2.393430 -13.272067 -6.613626 0.000002 0.000001 0.000000 0.000000 0.000000 
8.821182 102.921326 0.333846 -1.846505 1.975469 -12.172392 -0.000004 10.181581 0.131519 2.097123 -0.054351 -0.077421 4.275157 -0.674435 7.654890 4.259604 -0.753434 7.659086 0.000001 16.740387 -2.049033 2.321832 0.935433 0.725105 -0.000001 9.617900 1.685010 -5.733847 5.968414 -1.144709 0.000003 22.037338 7.501094 0.000001 0.000000 0.000000 -4.569969 11.014922 -2.160883 0.491272 2.596527 -3.245145 7.155295 -12.154163 8.925409 -0.000006 35.514856 0.000005 -24.537528 7.673770 -5.174801 -2.464805 -1.573974 2.681846 -1.619252 -4.333942 -6.744824 4.223207 -7.640272 -0.059987 -1.560133 0.883059 -1.926129 0.000000 0.000001 0.000000 -9.108282 -0.517873 2.259833 0.000000 -0.018785 0.000098 0.000001 0.029301 0.000001 0.000005 -0.010099 0.000002 0.000004 0.000001 -0.000001 -9.532510 -0.000050 -0.000024 -0.000001 -0.057487 0.000097 0.000002 0.097400 0.000026 0.000000 -0.036904 -0.000004 -0.000000 -0.000000 0.000000 -9.103592 -0.043077 -1.865128 -0.000001 0.017915 -0.000002 -0.000000 -0.025403 0.000043 0.000000 -0.012902 -0.000004 0.000001 0.000001 -0.000001 -8.076681 -0.486724 -3.806277 -0.000005 0.059617 -0.000500 -0.000002 0.097004 0.000001 0.000000 -0.056900 -0.000001 0.000002 -0.000003 -0.000000 4.570440 11.014689 -2.160854 0.198704 -1.027872 10.820391 46.423085 -2.254510 16.467572 -0.000045 -32.939929 -0.000030 -59.306724 -10.218296 -54.372267 2.466135 -1.576196 2.681733 -1.336443 4.338058 6.279173 3.576458 7.070878 0.589259 -0.821931 0.916468 2.391505 0.000002 0.000006 0.000005 9.109304 -0.518040 2.259863 0.000014 -0.005092 0.000093 -0.000003 0.012003 0.000001 0.000003 -0.007599 0.000003 0.000000 0.000000 -0.000005 9.533411 0.000027 0.000037 0.000005 -0.005517 0.015969 -0.000001 0.004327 -0.015976 0.000006 0.002399 -0.000004 0.000001 0.000000 0.000001 9.104532 -0.043050 -1.865075 0.000013 0.000708 0.000093 -0.000001 -0.000002 0.000004 0.000004 0.000001 0.000002 0.000005 0.000002 0.000000 8.077775 -0.486859 -3.806257 -0.020177 4.288559 0.510620 -0.016179 -4.078363 -0.510913 -0.000002 -0.007703 0.000008 -0.000005 -0.000003 0.000002 -8.207783 -6.751686 -1.599561 -1.510919 -13.870071 -7.433794 6.459091 -2.363438 -0.586862 37.909838 3.034542 10.601160 -32.183455 -0.322165 5.590762 0.000000 -0.000000 -0.000000 8.207791 -6.751719 -1.599555 -13.016216 15.051270 18.434780 25.385153 1.170350 10.072755 -7.686031 1.916211 -12.801409 -9.860100 0.000009 -0.000006 -0.000000 0.000002 0.000000 
8.286210 104.101486 -0.431485 -0.492787 4.527480 -9.354542 -0.000007 10.181590 0.131522 2.441599 -0.703703 0.290632 5.009716 -1.631134 7.455894 4.980427 -1.709128 7.461039 0.000001 16.740381 -2.049037 -0.116351 0.938023 0.098365 0.000004 9.617879 1.685012 -5.762555 5.856921 -3.758779 0.000004 22.037338 7.501093 0.000001 0.000001 0.000000 -4.569968 11.014909 -2.160885 0.606575 3.603840 -4.054797 17.478910 -15.651097 8.804063 -0.000000 41.730222 -0.000006 -28.217506 8.204556 -2.734829 -2.464810 -1.573964 2.681848 -1.619261 -4.333953 -6.744817 4.223204 -7.640272 -0.059989 -1.560140 0.883066 -1.926121 0.000004 -0.000012 -0.000001 -9.108275 -0.517869 2.259835 -0.000001 -0.018788 0.000101 -0.000001 0.029310 -0.000001 0.000003 -0.010106 0.000002 -0.000001 0.000008 -0.000001 -9.532496 -0.000067 -0.000022 -0.000000 -0.057486 0.000100 0.000001 0.097399 0.000024 0.000001 -0.036900 -0.000002 -0.000001 -0.000000 0.000002 -9.103585 -0.043090 -1.865130 -0.000000 0.017912 0.000001 -0.000001 -0.025400 0.000041 -0.000000 -0.012899 -0.000006 -0.000001 -0.000005 -0.000001 -8.076674 -0.486701 -3.806276 -0.000005 0.059607 -0.000501 -0.000001 0.096999 -0.000002 -0.000000 -0.056898 -0.000002 0.000000 0.000003 0.000002 4.570445 11.014716 -2.160857 0.377168 -2.102002 11.498350 52.979151 -6.377953 10.399138 -0.000070 -39.193914 -0.000024 -49.857154 -10.789701 -47.204366 2.466150 -1.576196 2.681740 -1.336443 4.338063 6.279175 3.576454 7.070879 0.589265 -0.821928 0.916473 2.391503 0.000002 0.000004 -0.000001 9.109306 -0.518045 2.259876 0.000015 -0.005096 0.000095 0.000000 0.012001 0.000000 -0.000001 -0.007600 -0.000002 -0.000003 -0.000002 -0.000001 9.533396 0.000027 0.000049 0.000007 -0.005519 0.015969 -0.000002 0.004323 -0.015977 0.000002 0.002399 -0.000001 0.000002 -0.000002 -0.000001 9.104536 -0.043024 -1.865070 0.000016 0.000705 0.000095 -0.000002 -0.000000 0.000001 0.000000 -0.000000 0.000000 0.000002 0.000002 0.000001 8.077792 -0.486841 -3.806256 -0.020173 4.288551 0.510623 -0.016173 -4.078365 -0.510909 0.000004 -0.007699 -0.000000 0.000001 -0.000000 0.000000 -8.207786 -6.751669 -1.599560 -3.619693 -15.530838 -9.575782 5.880729 -3.391150 -1.295648 41.669546 2.293257 7.104470 -33.858532 -0.376375 5.970305 -0.000000 -0.000001 -0.000000 8.207791 -6.751701 -1.599556 -13.700446 13.368382 14.849320 23.420963 -0.302802 10.277229 1.038350 1.219881 -12.599020 -15.514093 0.000007 -0.000007 0.000000 -0.000001 -0.000000 
7.527442 105.214989 -0.956171 0.083980 6.148257 -6.238756 -0.000006 10.181584 0.131521 2.703934 -1.295504 0.381290 5.570391 -2.627115 6.566529 5.533873 -2.696358 6.571853 0.000002 16.740391 -2.049037 -2.230989 1.156108 -0.252856 0.000001 9.617867 1.685007 -5.226030 6.546593 -5.054369 0.000003 22.037338 7.501097 -0.000001 0.000001 0.000000 -4.569970 11.014916 -2.160886 0.752154 4.683146 -5.452215 25.509834 -17.164498 10.823073 -0.000014 48.036601 0.000004 -30.546600 8.784644 -0.832795 -2.464807 -1.573982 2.681842 -1.619255 -4.333946 -6.744826 4.223211 -7.640272 -0.059992 -1.560139 0.883061 -1.926118 0.000002 -0.000006 -0.000004 -9.108288 -0.517870 2.259832 -0.000002 -0.018787 0.000097 0.000001 0.029305 -0.000004 0.000002 -0.010100 0.000002 -0.000001 0.000000 0.000000 -9.532510 -0.000065 -0.000025 0.000001 -0.057483 0.000096 0.000003 0.097396 0.000025 0.000001 -0.036898 0.000006 -0.000001 -0.000004 -0.000001 -9.103585 -0.043075 -1.865129 -0.000002 0.017912 -0.000002 0.000002 -0.025402 0.000041 0.000000 -0.012901 -0.000004 0.000001 -0.000003 0.000002 -8.076673 -0.486719 -3.806273 -0.000003 0.059612 -0.000503 -0.000000 0.096998 -0.000000 0.000002 -0.056902 -0.000003 0.000001 0.000009 0.000001 4.570442 11.014717 -2.160856 0.570141 -3.079756 11.428463 59.043133 -14.340699 3.845099 -0.000048 -39.245458 -0.000015 -35.167804 -14.054539 -35.258263 2.466135 -1.576202 2.681743 -1.336445 4.338060 6.279181 3.576461 7.070886 0.589259 -0.821928 0.916469 2.391507 0.000002 0.000005 -0.000007 9.109293 -0.518046 2.259875 0.000011 -0.005085 0.000100 -0.000003 0.011995 0.000000 -0.000001 -0.007593 0.000000 0.000004 -0.000002 0.000000 9.533388 0.000026 0.000046 0.000002 -0.005512 0.015975 -0.000003 0.004324 -0.015978 -0.000002 0.002404 -0.000001 0.000001 -0.000007 0.000002 9.104528 -0.043037 -1.865068 0.000010 0.000714 0.000101 0.000002 -0.000000 0.000000 0.000000 0.000003 0.000002 -0.000002 0.000005 -0.000001 8.077773 -0.486872 -3.806258 -0.020177 4.288559 0.510628 -0.016178 -4.078361 -0.510907 -0.000000 -0.007703 -0.000000 0.000001 -0.000001 0.000002 -8.207787 -6.751661 -1.599560 -5.695920 -16.736637 -11.968464 6.127796 -3.824109 -2.374002 43.643416 1.553516 4.507435 -34.005565 -0.412038 6.187266 0.000001 0.000003 0.000001 8.207790 -6.751703 -1.599553 -13.254959 12.620041 11.318208 20.425710 -1.240118 10.249407 10.641576 0.189787 -12.521575 -19.862962 0.000002 -0.000005 0.000000 0.000000 -0.000000 
6.615983 106.142914 -1.166361 -0.091444 6.434430 -3.175698 -0.000004 10.181579 0.131521 2.832297 -1.621932 0.175038 5.825070 -3.232802 5.150466 5.790498 -3.289929 5.155222 -0.000001 16.740366 -2.049029 -3.520950 1.474520 -0.467809 -0.000002 9.617855 1.685013 -4.643572 7.542534 -4.749297 0.000002 22.037338 7.501095 -0.000001 -0.000000 -0.000000 -4.569967 11.014891 -2.160879 0.953500 5.878690 -7.390466 32.606954 -17.008774 14.038422 -0.000005 54.362432 -0.000016 -32.515580 8.795330 0.789149 -2.464806 -1.573970 2.681848 -1.619260 -4.333956 -6.744816 4.223205 -7.640269 -0.059986 -1.560140 0.883057 -1.926120 -0.000000 -0.000009 0.000001 -9.108274 -0.517869 2.259837 0.000001 -0.018792 0.000095 0.000003 0.029306 -0.000001 0.000002 -0.010103 0.000003 0.000002 0.000003 -0.000008 -9.532490 -0.000032 -0.000024 0.000005 -0.057487 0.000095 -0.000001 0.097389 0.000027 -0.000000 -0.036896 0.000003 -0.000000 -0.000000 -0.000009 -9.103588 -0.043070 -1.865135 0.000002 0.017909 -0.000007 -0.000001 -0.025401 0.000044 0.000001 -0.012902 -0.000013 -0.000000 -0.000003 0.000002 -8.076676 -0.486686 -3.806279 -0.000003 0.059612 -0.000501 -0.000000 0.096998 -0.000005 0.000001 -0.056902 0.000004 0.000000 -0.000002 -0.000003 4.570444 11.014710 -2.160851 0.658581 -3.404764 10.722302 64.964572 -24.339857 -1.168845 -0.000032 -33.167105 -0.000017 -17.659514 -18.445913 -20.982032 2.466150 -1.576211 2.681749 -1.336441 4.338051 6.279179 3.576456 7.070885 0.589263 -0.821930 0.916471 2.391505 0.000003 0.000003 0.000002 9.109308 -0.518045 2.259876 0.000012 -0.005104 0.000101 -0.000002 0.012000 -0.000001 0.000001 -0.007604 0.000000 0.000001 -0.000005 -0.000001 9.533421 0.000027 0.000060 0.000004 -0.005528 0.015975 -0.000002 0.004323 -0.015977 -0.000000 0.002397 -0.000000 0.000000 0.000002 0.000000 9.104523 -0.043038 -1.865062 0.000012 0.000699 0.000100 -0.000001 -0.000004 -0.000000 -0.000000 -0.000001 0.000000 -0.000000 0.000001 -0.000000 8.077797 -0.486855 -3.806248 -0.020173 4.288548 0.510628 -0.016179 -4.078358 -0.510907 0.000000 -0.007701 0.000001 0.000001 -0.000005 -0.000000 -8.207785 -6.751677 -1.599560 -6.770664 -17.157784 -13.977945 5.834139 -3.374237 -3.636939 45.098452 0.970857 2.658475 -34.456839 -0.448796 6.408979 -0.000000 -0.000000 -0.000000 8.207792 -6.751707 -1.599557 -11.612741 13.145205 8.310254 16.503293 -1.647598 10.090849 20.293651 -1.216901 -12.488785 -25.677265 0.016837 -0.535837 -0.000000 0.000003 -0.000000 
5.542474 106.763535 -1.082356 -0.155685 5.652732 -0.269325 -0.000005 10.181568 0.131521 2.736495 -1.571482 -0.325673 5.586603 -3.139455 3.302689 5.560332 -3.183747 3.306094 0.000001 16.740374 -2.049030 -4.181261 1.685228 -0.491227 0.000001 9.617853 1.685012 -4.175926 8.149731 -3.316332 0.000003 22.037369 7.501093 -0.000000 0.000001 0.000000 -4.569968 11.014900 -2.160886 1.106898 6.614929 -8.882666 40.011088 -16.152615 17.313956 -0.000014 60.934966 -0.000018 -34.797249 8.282248 2.413979 -2.464813 -1.573971 2.681851 -1.619254 -4.333939 -6.744807 4.223212 -7.640276 -0.059997 -1.560145 0.883073 -1.926112 0.000006 -0.000004 -0.000001 -9.108286 -0.517867 2.259842 -0.000001 -0.018787 0.000105 0.000003 0.029308 -0.000001 0.000001 -0.010104 0.000004 0.000001 -0.000002 -0.000003 -9.532517 -0.000048 -0.000022 0.000006 -0.057480 0.000105 0.000005 0.097396 0.000026 -0.000002 -0.036906 0.000000 0.000002 0.000008 -0.000002 -9.103590 -0.043070 -1.865127 0.000000 0.017911 0.000006 -0.000002 -0.025403 0.000040 -0.000000 -0.012897 -0.000006 -0.000002 -0.000004 -0.000003 -8.076692 -0.486716 -3.806275 0.000000 0.059615 -0.000492 0.000005 0.097002 -0.000001 0.000004 -0.056901 -0.000003 -0.000001 -0.000004 -0.000003 4.570445 11.014709 -2.160854 0.646334 -3.138556 9.663758 70.719034 -34.331000 -3.541239 -0.000029 -24.351919 -0.000005 -4.851599 -14.468919 -5.653316 2.466127 -1.576214 2.681730 -1.336443 4.338058 6.279184 3.576456 7.070874 0.589260 -0.821926 0.916474 2.391506 0.000001 0.000000 -0.000001 9.109293 -0.518044 2.259871 0.000011 -0.005097 0.000101 0.000000 0.011998 0.000000 0.000000 -0.007597 0.000000 0.000000 0.000005 0.000000 9.533404 0.000027 0.000032 0.000004 -0.005521 0.015975 -0.000002 0.004329 -0.015977 0.000000 0.002401 0.000000 0.000000 -0.000001 0.000000 9.104522 -0.043037 -1.865083 0.000011 0.000704 0.000101 -0.000000 0.000004 0.000000 -0.000000 0.000001 0.000000 0.000000 0.000003 -0.000000 8.077789 -0.486855 -3.806264 -0.020174 4.288552 0.510628 -0.016178 -4.078360 -0.510907 -0.000000 -0.007701 -0.000000 0.000000 0.000000 -0.000000 -8.207786 -6.751676 -1.599560 -7.370006 -16.226916 -15.415066 5.387012 -2.904872 -4.932390 45.499503 0.300239 0.738665 -35.882146 -0.526620 6.883106 -0.000001 0.000003 0.000001 8.207791 -6.751710 -1.599555 -9.687898 14.540670 6.081209 12.218536 -2.059662 9.194825 29.431722 -2.612718 -12.297536 -31.829952 0.037532 -0.552584 -0.000000 0.000001 -0.000000 
4.311618 107.054848 -0.798003 0.341362 4.654767 2.533513 -0.000006 10.181598 0.131522 2.497277 -1.251795 -0.983420 5.042639 -2.514610 1.185827 5.026301 -2.546775 1.187614 0.000002 16.740366 -2.049031 -4.516730 1.691726 -0.272408 -0.000001 9.617877 1.685009 -4.127737 8.146293 -1.594607 0.000002 22.037354 7.501098 0.000000 -0.000000 0.000000 -4.569966 11.014907 -2.160883 1.082703 6.398046 -9.314844 47.401455 -15.413633 19.451837 -0.000007 67.782483 0.000005 -37.350937 7.930948 4.534005 -2.464799 -1.573970 2.681846 -1.619245 -4.333937 -6.744828 4.223206 -7.640271 -0.059989 -1.560135 0.883066 -1.926123 0.000004 -0.000001 0.000004 -9.108271 -0.517862 2.259833 -0.000010 -0.018793 0.000099 0.000001 0.029305 0.000001 -0.000001 -0.010109 0.000002 -0.000003 0.000004 0.000001 -9.532491 -0.000042 -0.000029 -0.000010 -0.057494 0.000098 -0.000002 0.097401 0.000024 -0.000004 -0.036910 0.000006 -0.000002 0.000003 0.000005 -9.103582 -0.043081 -1.865137 -0.000009 0.017908 0.000000 -0.000000 -0.025402 0.000042 0.000002 -0.012900 -0.000007 -0.000005 0.000004 -0.000002 -8.076669 -0.486713 -3.806283 -0.000007 0.059608 -0.000495 -0.000002 0.097002 0.000003 -0.000001 -0.056907 -0.000002 0.000002 0.000004 0.000001 4.570446 11.014703 -2.160851 0.556982 -2.370927 8.280490 73.334723 -43.883207 -4.692439 -0.000014 -12.406387 -0.000006 -1.360555 -4.479221 6.080993 2.466141 -1.576214 2.681738 -1.336442 4.338060 6.279182 3.576455 7.070874 0.589262 -0.821928 0.916468 2.391504 0.000003 0.000006 -0.000003 9.109308 -0.518045 2.259874 0.000012 -0.005100 0.000101 -0.000000 0.011998 -0.000002 0.000000 -0.007597 0.000000 -0.000000 -0.000001 -0.000002 9.533412 0.000026 0.000044 0.000004 -0.005522 0.015975 -0.000002 0.004322 -0.015976 0.000000 0.002401 -0.000001 -0.000000 -0.000002 -0.000002 9.104539 -0.043035 -1.865065 0.000011 0.000696 0.000100 0.000000 0.000005 0.000001 0.000000 -0.000000 0.000001 -0.000000 -0.000004 0.000001 8.077789 -0.486872 -3.806249 -0.020174 4.288546 0.510628 -0.016178 -4.078361 -0.510907 0.000000 -0.007700 -0.000000 -0.000000 0.000001 -0.000000 -8.207786 -6.751673 -1.599561 -8.099741 -13.871753 -16.501389 5.891434 -4.044326 -6.207981 43.210929 -0.406901 -1.334002 -36.913385 -0.586335 7.193273 -0.000001 -0.000002 0.000001 8.207790 -6.751709 -1.599556 -8.732036 15.902574 4.781113 9.309319 -2.199317 7.082096 36.310515 -3.265017 -11.839536 -35.483973 0.036419 -0.536659 0.000000 0.000000 -0.000000 
2.986511 107.090912 -0.405913 0.970460 4.324139 5.208187 -0.000004 10.181593 0.131519 2.303551 -0.924823 -1.560043 4.603936 -1.882833 -0.894180 4.595548 -1.903176 -0.893556 0.000002 16.740427 -2.049039 -4.514284 1.582344 -0.018734 0.000001 9.617876 1.685010 -4.791723 7.743263 -0.196823 0.000001 22.037323 7.501098 0.000000 0.000000 0.000000 -4.569966 11.014934 -2.160889 0.881694 5.233717 -8.981032 53.700986 -15.265481 19.978602 -0.000035 74.268690 0.000031 -39.583378 8.395832 7.959546 -2.464786 -1.573973 2.681850 -1.619251 -4.333944 -6.744840 4.223206 -7.640274 -0.059990 -1.560137 0.883056 -1.926116 -0.000000 0.000000 -0.000001 -9.108269 -0.517870 2.259836 -0.000003 -0.018788 0.000098 -0.000004 0.029301 -0.000001 -0.000002 -0.010102 -0.000001 -0.000003 0.000004 0.000001 -9.532490 -0.000061 -0.000024 -0.000002 -0.057489 0.000098 0.000000 0.097398 0.000023 -0.000010 -0.036900 -0.000003 -0.000006 0.000000 -0.000002 -9.103577 -0.043073 -1.865132 -0.000002 0.017912 -0.000002 -0.000005 -0.025405 0.000040 -0.000001 -0.012901 -0.000004 0.000001 0.000002 -0.000001 -8.076677 -0.486705 -3.806280 0.000002 0.059613 -0.000513 0.000004 0.097000 0.000001 -0.000000 -0.056901 -0.000001 0.000001 0.000001 0.000000 4.570446 11.014752 -2.160859 0.399186 -0.987175 6.173931 69.182160 -51.093992 -7.348684 0.000004 -0.000001 -0.000002 -0.985738 -0.006132 12.803058 2.466142 -1.576215 2.681730 -1.336443 4.338054 6.279184 3.576456 7.070877 0.589256 -0.821928 0.916469 2.391509 0.000000 0.000000 -0.000001 9.109312 -0.518046 2.259862 0.000011 -0.005098 0.000105 -0.000000 0.011999 -0.000002 -0.000000 -0.007603 0.000001 0.000001 -0.000002 -0.000000 9.533420 0.000027 0.000040 0.000002 -0.005524 0.015978 -0.000003 0.004322 -0.015978 0.000001 0.002401 0.000002 -0.000001 -0.000013 0.000000 9.104534 -0.043024 -1.865077 0.000012 0.000702 0.000105 0.000001 -0.000002 -0.000000 -0.000001 0.000003 -0.000001 -0.000001 -0.000001 0.000003 8.077798 -0.486853 -3.806256 -0.020174 4.288551 0.510630 -0.016179 -4.078364 -0.510904 0.000001 -0.007696 0.000003 0.000002 -0.000005 0.000000 -8.207783 -6.751665 -1.599560 -9.855998 -10.682820 -17.770400 10.016676 -7.833040 -7.559544 35.780294 -0.383893 -1.616644 -34.214057 -0.198513 4.144146 0.000000 0.000001 -0.000003 8.207791 -6.751689 -1.599555 -7.798115 16.505635 3.350782 6.484115 -1.513336 5.123876 41.842688 -3.448820 -10.502998 -37.811763 0.082129 -1.380036 0.000000 -0.000000 0.000000 
1.615918 106.980232 0.042992 1.110928 4.967607 7.659391 -0.000005 10.181572 0.131520 2.213840 -0.752907 -2.011087 4.395863 -1.570746 -2.664869 4.391734 -1.581689 -2.664830 0.000001 16.740408 -2.049037 -3.950886 1.445863 0.138789 0.000000 9.617891 1.685009 -5.938549 7.160211 0.681428 0.000002 22.037354 7.501093 -0.000001 0.000001 0.000000 -4.569967 11.014906 -2.160884 0.614929 3.618843 -8.490606 58.342130 -15.870684 19.512087 0.000027 78.920958 -0.000011 -40.748502 9.639511 13.194078 -2.464781 -1.573964 2.681850 -1.619244 -4.333951 -6.744835 4.223211 -7.640271 -0.059994 -1.560137 0.883064 -1.926120 -0.000005 0.000000 0.000002 -9.108268 -0.517861 2.259837 -0.000002 -0.018793 0.000104 -0.000001 0.029302 -0.000001 0.000003 -0.010101 -0.000001 -0.000002 0.000000 0.000001 -9.532484 -0.000041 -0.000021 0.000004 -0.057489 0.000104 -0.000001 0.097396 0.000025 -0.000005 -0.036903 -0.000001 0.000001 0.000006 -0.000003 -9.103573 -0.043082 -1.865132 0.000005 0.017911 0.000005 -0.000001 -0.025406 0.000042 -0.000002 -0.012901 -0.000004 0.000001 0.000001 -0.000003 -8.076664 -0.486714 -3.806274 -0.000005 0.059607 -0.000497 -0.000004 0.096998 0.000004 -0.000004 -0.056901 0.000005 -0.000007 0.000004 0.000003 4.570446 11.014716 -2.160855 0.244084 0.854215 2.978867 60.813771 -50.318499 -10.670195 -0.000009 0.000001 -0.000005 0.611306 -0.769802 14.928622 2.466143 -1.576197 2.681721 -1.336446 4.338053 6.279184 3.576452 7.070874 0.589264 -0.821929 0.916469 2.391503 0.000001 -0.000002 0.000001 9.109306 -0.518043 2.259857 0.000009 -0.005102 0.000105 -0.000002 0.012003 -0.000003 0.000001 -0.007595 0.000004 0.000001 0.000006 0.000000 9.533404 0.000027 0.000027 0.000003 -0.005527 0.015978 -0.000002 0.004328 -0.015975 -0.000001 0.002399 -0.000000 -0.000000 0.000004 -0.000002 9.104532 -0.043038 -1.865083 0.000010 0.000698 0.000106 0.000000 0.000009 -0.000001 -0.000001 -0.000005 0.000002 -0.000001 0.000001 -0.000002 8.077790 -0.486855 -3.806271 -0.020175 4.288548 0.510634 -0.016179 -4.078362 -0.510911 -0.000000 -0.007699 0.000001 0.000002 0.000007 0.000003 -8.207785 -6.751691 -1.599562 -9.470335 -9.003184 -18.856390 11.511229 -10.449045 -8.827294 29.568668 0.397036 1.659167 -30.753726 -0.058681 2.281238 0.000000 0.000002 0.000001 8.207789 -6.751719 -1.599557 -6.375732 16.219881 1.864935 3.595023 -0.201235 3.285532 46.211854 -2.935361 -7.897595 -39.056466 0.156318 -3.330889 -0.000000 -0.000000 0.000000 
0.202844 106.731194 0.542449 0.773102 6.210767 9.743231 -0.000005 10.181594 0.131520 2.061799 -0.664215 -2.441032 4.080195 -1.421545 -4.142770 4.078020 -1.426847 -4.142924 0.000001 16.740379 -2.049034 -2.682416 1.184931 0.656868 0.000000 9.617906 1.685005 -6.648329 6.474147 1.178516 0.000002 22.037338 7.501097 0.000001 0.000000 -0.000000 -4.569968 11.014886 -2.160882 0.372797 2.053035 -7.813853 61.157418 -17.113442 18.694141 0.000007 80.274134 -0.000050 -40.228786 10.958937 19.509209 -2.464819 -1.573963 2.681847 -1.619246 -4.333931 -6.744811 4.223208 -7.640268 -0.059988 -1.560137 0.883063 -1.926125 0.000009 -0.000005 0.000002 -9.108289 -0.517848 2.259832 -0.000003 -0.018787 0.000104 0.000004 0.029304 0.000000 0.000003 -0.010104 -0.000001 0.000000 -0.000000 0.000001 -9.532513 -0.000024 -0.000026 0.000000 -0.057486 0.000104 0.000000 0.097399 0.000024 0.000002 -0.036899 -0.000001 0.000003 0.000000 0.000004 -9.103593 -0.043065 -1.865135 -0.000002 0.017913 0.000001 -0.000001 -0.025404 0.000043 -0.000004 -0.012901 -0.000004 0.000005 0.000001 -0.000002 -8.076673 -0.486691 -3.806277 -0.000006 0.059616 -0.000500 -0.000000 0.097001 0.000001 -0.000001 -0.056900 -0.000002 -0.000004 -0.000000 0.000001 4.570446 11.014698 -2.160853 0.159514 2.798823 -0.927755 51.355718 -48.968754 -13.852877 0.000002 0.000001 -0.000008 2.566371 -2.660491 15.120085 2.466129 -1.576201 2.681737 -1.336444 4.338060 6.279184 3.576457 7.070876 0.589262 -0.821920 0.916474 2.391506 0.000002 -0.000002 0.000002 9.109308 -0.518048 2.259882 0.000012 -0.005093 0.000104 -0.000001 0.012002 -0.000001 0.000000 -0.007601 -0.000001 -0.000002 0.000002 -0.000005 9.533403 0.000037 0.000050 0.000004 -0.005519 0.015978 0.000000 0.004325 -0.015980 0.000000 0.002397 -0.000002 -0.000001 0.000001 -0.000001 9.104532 -0.043024 -1.865067 0.000010 0.000706 0.000102 -0.000001 0.000006 -0.000003 0.000001 0.000004 -0.000003 0.000003 -0.000001 -0.000000 8.077772 -0.486869 -3.806251 -0.020171 4.288560 0.510628 -0.016178 -4.078379 -0.510904 0.000002 -0.007688 0.000002 0.000003 -0.000004 0.000001 -8.207784 -6.751659 -1.599560 -7.747172 -8.769589 -19.866884 11.375279 -11.026236 -9.912988 24.935967 1.300541 7.443612 -27.620955 -0.035107 1.806433 0.000000 0.000000 0.000001 8.207790 -6.751702 -1.599556 -4.866027 16.018334 0.722689 1.145585 0.646485 1.717720 49.560078 -2.124722 -5.196052 -40.381451 0.200297 -4.436982 -0.000000 0.000000 -0.000000 
-1.284776 106.315918 1.114036 0.496724 7.559513 11.367182 -0.000004 10.181585 0.131521 1.671036 -0.514808 -2.999936 3.296933 -1.130925 -5.582177 3.295462 -1.134183 -5.582303 -0.000001 16.740416 -2.049037 -0.888718 0.720316 2.029951 -0.000000 9.617890 1.685009 -6.151361 5.771967 1.608493 0.000002 22.037384 7.501099 -0.000000 -0.000001 0.000000 -4.569970 11.014951 -2.160888 0.171225 0.485596 -6.320935 61.599058 -18.879111 17.055659 0.000004 78.194813 0.000003 -37.447397 11.440622 25.030581 -2.464799 -1.573964 2.681846 -1.619260 -4.333935 -6.744809 4.223211 -7.640280 -0.059989 -1.560144 0.883063 -1.926122 0.000000 -0.000009 0.000004 -9.108285 -0.517872 2.259835 0.000000 -0.018789 0.000102 0.000003 0.029302 -0.000001 0.000000 -0.010103 0.000001 0.000001 -0.000001 0.000002 -9.532500 -0.000049 -0.000025 0.000007 -0.057488 0.000102 -0.000001 0.097397 0.000024 0.000000 -0.036899 -0.000001 -0.000004 -0.000000 0.000001 -9.103581 -0.043078 -1.865138 0.000002 0.017911 0.000003 -0.000000 -0.025406 0.000045 -0.000003 -0.012902 -0.000004 -0.000000 -0.000001 0.000002 -8.076669 -0.486702 -3.806279 0.000008 0.059613 -0.000498 0.000001 0.097000 -0.000000 0.000002 -0.056899 0.000001 -0.000002 -0.000000 -0.000004 4.570448 11.014751 -2.160858 0.111931 4.731955 -4.518577 43.290306 -47.909201 -16.451810 0.000003 -0.000001 0.000003 3.377308 -4.653919 15.156888 2.466151 -1.576200 2.681742 -1.336446 4.338054 6.279180 3.576461 7.070885 0.589265 -0.821933 0.916471 2.391507 0.000003 0.000002 0.000000 9.109318 -0.518048 2.259876 0.000014 -0.005105 0.000103 -0.000005 0.012005 -0.000002 0.000001 -0.007606 -0.000001 -0.000003 -0.000006 -0.000004 9.533420 0.000030 0.000050 0.000006 -0.005525 0.015975 -0.000002 0.004328 -0.015976 -0.000001 0.002399 0.000007 0.000005 -0.000002 -0.000003 9.104535 -0.043037 -1.865070 0.000016 0.000696 0.000102 -0.000001 0.000006 -0.000005 -0.000002 -0.000002 -0.000002 0.000001 -0.000004 -0.000006 8.077797 -0.486870 -3.806255 -0.020173 4.288548 0.510631 -0.016172 -4.078363 -0.510909 0.000003 -0.007701 0.000002 0.000002 -0.000006 -0.000001 -8.207785 -6.751675 -1.599560 -5.907413 -8.862497 -20.740771 11.204604 -10.704804 -10.146949 20.105270 1.247291 12.480653 -24.614310 -0.019052 1.352417 0.000000 -0.000001 -0.000000 8.207791 -6.751702 -1.599556 -4.608592 16.592915 0.357967 0.752823 0.288849 0.550623 51.360666 -1.641753 -3.767904 -41.546442 0.224887 -4.671936 -0.000000 -0.000001 -0.000000 
-2.828917 105.801094 1.735086 0.552125 8.862471 12.562435 -0.000008 10.181592 0.131521 1.087945 -0.324165 -3.625632 2.137164 -0.731362 -6.987088 2.136062 -0.733599 -6.987155 -0.000001 16.740360 -2.049033 0.860330 0.231163 3.811234 -0.000000 9.617884 1.685005 -4.665172 5.263292 2.162198 0.000002 22.037323 7.501098 0.000000 0.000001 -0.000000 -4.569970 11.014899 -2.160882 -0.002991 -1.500496 -3.942902 58.471412 -20.885706 13.382659 -0.000018 73.809066 0.000006 -31.862143 10.348809 28.118746 -2.464797 -1.573979 2.681847 -1.619244 -4.333944 -6.744810 4.223202 -7.640272 -0.059983 -1.560136 0.883063 -1.926124 0.000006 -0.000000 0.000000 -9.108294 -0.517869 2.259835 -0.000003 -0.018789 0.000099 -0.000006 0.029302 0.000002 0.000002 -0.010101 0.000002 -0.000004 -0.000000 0.000001 -9.532501 -0.000048 -0.000023 -0.000005 -0.057489 0.000099 -0.000004 0.097400 0.000024 -0.000002 -0.036900 0.000000 -0.000001 0.000001 0.000000 -9.103579 -0.043074 -1.865129 -0.000000 0.017912 -0.000001 0.000000 -0.025403 0.000045 -0.000002 -0.012904 -0.000003 -0.000004 -0.000001 0.000002 -8.076684 -0.486715 -3.806279 -0.000002 0.059609 -0.000501 -0.000001 0.097000 -0.000001 -0.000002 -0.056900 -0.000002 -0.000003 0.000002 0.000003 4.570446 11.014710 -2.160852 0.066064 6.423654 -7.019086 36.648756 -47.154977 -19.851810 0.000003 -0.000020 -0.000000 3.165426 -6.558775 15.464769 2.466146 -1.576213 2.681735 -1.336444 4.338056 6.279177 3.576457 7.070882 0.589268 -0.821925 0.916471 2.391501 -0.000000 0.000006 -0.000007 9.109306 -0.518054 2.259865 0.000009 -0.005098 0.000096 -0.000001 0.011998 -0.000003 0.000002 -0.007603 0.000003 0.000001 -0.000002 -0.000002 9.533425 0.000016 0.000037 0.000004 -0.005525 0.015967 -0.000002 0.004322 -0.015978 0.000001 0.002399 0.000001 -0.000001 -0.000003 -0.000000 9.104536 -0.043035 -1.865079 0.000010 0.000702 0.000098 0.000003 0.000000 -0.000003 -0.000000 -0.000002 -0.000003 0.000001 0.000001 -0.000002 8.077795 -0.486871 -3.806263 -0.020178 4.288551 0.510622 -0.016178 -4.078362 -0.510909 -0.000003 -0.007698 0.000008 -0.000002 0.000000 -0.000003 -8.207789 -6.751670 -1.599560 -4.590257 -8.820086 -20.907330 11.480437 -10.702860 -10.167167 14.021330 -0.422996 14.634590 -20.890810 -0.000021 0.051585 0.000000 -0.000002 -0.000001 8.207788 -6.751694 -1.599556 -4.954562 17.406182 0.429337 0.783301 -0.829377 -0.177959 52.326226 -1.685439 -3.745949 -42.150948 0.231353 -4.726905 -0.000001 0.000002 -0.000000 
-4.343377 105.272438 2.312495 0.665638 10.162619 13.516927 -0.000006 10.181581 0.131520 0.539070 -0.262527 -4.121722 1.044599 -0.566677 -8.069499 1.043605 -0.567595 -8.069555 0.000002 16.740385 -2.049035 1.953741 -0.038686 5.058412 0.000001 9.617896 1.685007 -2.935840 5.201516 2.744719 0.000003 22.037369 7.501094 0.000000 -0.000001 -0.000000 -4.569971 11.014907 -2.160884 -0.132707 -3.882926 -1.559936 50.920133 -21.881331 7.378833 0.000010 68.275008 -0.000033 -23.702163 7.539320 28.559642 -2.464803 -1.573978 2.681850 -1.619248 -4.333942 -6.744819 4.223209 -7.640279 -0.059986 -1.560137 0.883074 -1.926118 0.000004 -0.000005 0.000000 -9.108276 -0.517857 2.259830 0.000001 -0.018786 0.000098 -0.000002 0.029301 0.000000 0.000002 -0.010101 -0.000001 0.000002 0.000001 -0.000000 -9.532499 -0.000037 -0.000026 0.000000 -0.057484 0.000098 -0.000003 0.097397 0.000026 0.000002 -0.036898 -0.000001 -0.000001 -0.000000 0.000001 -9.103587 -0.043061 -1.865135 0.000002 0.017917 -0.000001 -0.000001 -0.025405 0.000039 -0.000001 -0.012903 -0.000005 -0.000000 0.000001 -0.000004 -8.076671 -0.486691 -3.806280 -0.000003 0.059611 -0.000503 -0.000002 0.096998 -0.000000 -0.000003 -0.056900 -0.000001 0.000001 0.000003 -0.000002 4.570446 11.014683 -2.160855 0.029466 7.697594 -8.610035 30.821116 -46.025588 -24.751663 -0.000004 -0.000001 0.000004 2.995047 -7.945931 15.922354 2.466146 -1.576197 2.681736 -1.336446 4.338052 6.279174 3.576452 7.070888 0.589263 -0.821930 0.916473 2.391508 -0.000002 -0.000001 0.000004 9.109310 -0.518044 2.259868 0.000009 -0.005102 0.000094 -0.000002 0.011998 -0.000002 -0.000002 -0.007600 -0.000002 -0.000001 -0.000002 0.000003 9.533425 0.000029 0.000046 0.000002 -0.005525 0.015967 -0.000005 0.004327 -0.015977 -0.000001 0.002401 -0.000006 -0.000001 -0.000002 0.000003 9.104529 -0.043035 -1.865076 0.000010 0.000698 0.000095 -0.000003 0.000001 -0.000001 0.000005 -0.000001 0.000002 0.000000 -0.000001 0.000003 8.077798 -0.486864 -3.806256 -0.020176 4.288549 0.510621 -0.016180 -4.078361 -0.510907 -0.000002 -0.007703 0.000003 0.000000 -0.000001 -0.000003 -8.207784 -6.751658 -1.599559 -3.708526 -9.084177 -20.467671 11.882022 -10.990943 -10.195319 7.363986 -3.502878 14.053469 -16.981747 0.000009 -0.000005 -0.000000 0.000002 -0.000000 8.207790 -6.751691 -1.599555 -5.427236 17.665874 0.575023 0.916915 -1.871882 -0.522423 52.515480 -2.036814 -4.495581 -42.015984 0.226849 -4.680766 0.000000 -0.000002 -0.000000 
-5.731871 104.767883 2.782930 0.670839 11.381143 14.366908 -0.000004 10.181594 0.131522 0.134399 -0.410307 -4.435372 0.227412 -0.822507 -8.660247 0.225758 -0.822368 -8.660314 0.000004 16.740372 -2.049032 2.330530 -0.032415 5.409979 0.000001 9.617864 1.685009 -1.346961 5.621734 3.192373 0.000003 22.037369 7.501096 -0.000001 -0.000001 0.000000 -4.569967 11.014886 -2.160882 -0.197475 -6.039334 0.201622 40.131576 -20.396092 0.525859 0.000013 61.599871 0.000001 -14.532853 3.800138 27.029526 -2.464806 -1.573953 2.681847 -1.619254 -4.333923 -6.744809 4.223206 -7.640274 -0.059991 -1.560138 0.883066 -1.926126 -0.000003 -0.000006 0.000006 -9.108284 -0.517852 2.259833 -0.000005 -0.018787 0.000120 0.000003 0.029302 0.000001 0.000004 -0.010107 -0.000001 -0.000001 -0.000000 0.000002 -9.532516 -0.000044 -0.000030 -0.000000 -0.057491 0.000121 0.000001 0.097403 0.000026 0.000001 -0.036899 -0.000001 0.000000 -0.000002 -0.000001 -9.103585 -0.043060 -1.865137 -0.000003 0.017913 0.000019 0.000001 -0.025402 0.000047 -0.000002 -0.012906 -0.000003 0.000002 0.000001 0.000008 -8.076678 -0.486687 -3.806278 -0.000002 0.059617 -0.000491 -0.000005 0.097000 0.000005 -0.000002 -0.056908 0.000000 0.000001 0.000006 -0.000001 4.570449 11.014700 -2.160853 0.006302 8.756478 -9.886914 25.891760 -44.076457 -29.995203 -0.000001 0.000002 0.000009 3.244316 -8.747005 15.902321 2.466133 -1.576197 2.681741 -1.336444 4.338059 6.279185 3.576454 7.070876 0.589256 -0.821922 0.916466 2.391511 0.000004 0.000009 0.000005 9.109304 -0.518032 2.259874 0.000014 -0.005100 0.000103 -0.000004 0.012006 0.000002 0.000002 -0.007601 -0.000002 -0.000000 0.000001 0.000006 9.533411 0.000042 0.000050 0.000003 -0.005522 0.015979 -0.000004 0.004329 -0.015976 0.000001 0.002396 -0.000001 0.000000 0.000003 -0.000003 9.104528 -0.043022 -1.865069 0.000010 0.000701 0.000104 0.000001 0.000004 -0.000003 0.000001 0.000000 0.000002 0.000003 0.000005 0.000000 8.077791 -0.486855 -3.806255 -0.020169 4.288546 0.510633 -0.016179 -4.078362 -0.510901 0.000001 -0.007702 -0.000006 -0.000001 0.000002 0.000003 -8.207784 -6.751678 -1.599559 -3.147133 -10.127562 -19.976480 11.901300 -11.074783 -10.195743 1.522902 -6.471136 12.518222 -12.306802 0.000007 -0.000007 0.000000 -0.000001 0.000001 8.207792 -6.751690 -1.599555 -5.727832 17.569997 0.609905 0.997915 -2.804804 -0.583445 52.135828 -2.546887 -5.672733 -41.281069 0.218350 -4.600850 -0.000000 -0.000002 -0.000000 
-6.904727 104.305344 3.187848 0.875014 12.304079 14.851116 -0.000004 10.181596 0.131522 -0.223774 -0.666717 -4.550916 -0.506993 -1.306670 -8.773928 -0.509994 -1.305180 -8.774002 0.000002 16.740387 -2.049034 2.354013 0.141847 5.178001 -0.000001 9.617878 1.685009 0.262421 6.356721 3.290577 0.000003 22.037369 7.501093 -0.000000 0.000001 0.000000 -4.569968 11.014927 -2.160882 -0.194205 -7.595327 1.564585 29.065382 -16.293351 -5.159871 0.000004 53.511482 -0.000011 -6.476142 0.642460 23.697835 -2.464820 -1.573974 2.681860 -1.619247 -4.333941 -6.744806 4.223205 -7.640274 -0.059995 -1.560137 0.883066 -1.926123 0.000000 -0.000003 0.000006 -9.108302 -0.517857 2.259838 0.000001 -0.018782 0.000109 -0.000003 0.029300 -0.000001 0.000000 -0.010101 -0.000001 -0.000000 0.000007 -0.000000 -9.532513 -0.000052 -0.000016 0.000006 -0.057479 0.000109 0.000003 0.097393 0.000028 0.000001 -0.036902 0.000001 -0.000001 -0.000006 -0.000006 -9.103594 -0.043078 -1.865122 0.000002 0.017921 0.000007 -0.000001 -0.025405 0.000042 -0.000000 -0.012901 -0.000004 -0.000004 0.000005 -0.000003 -8.076690 -0.486695 -3.806275 0.000003 0.059636 -0.000497 0.000002 0.096999 -0.000002 0.000005 -0.056895 0.000005 0.000001 -0.000005 0.000005 4.570448 11.014695 -2.160855 -0.002581 9.624209 -10.971237 22.028683 -41.366429 -34.638652 -0.000002 -0.000003 0.000010 3.320585 -9.244273 14.834920 2.466146 -1.576222 2.681739 -1.336443 4.338056 6.279176 3.576458 7.070880 0.589256 -0.821929 0.916471 2.391506 -0.000002 0.000002 0.000000 9.109299 -0.518055 2.259872 0.000011 -0.005099 0.000096 -0.000001 0.012004 0.000000 0.000000 -0.007603 0.000002 -0.000000 -0.000000 -0.000008 9.533409 0.000013 0.000044 0.000007 -0.005526 0.015970 -0.000008 0.004329 -0.015982 0.000004 0.002399 -0.000002 -0.000003 0.000003 -0.000001 9.104528 -0.043036 -1.865072 0.000012 0.000701 0.000098 -0.000002 0.000005 0.000002 -0.000002 -0.000000 -0.000004 -0.000003 0.000001 0.000009 8.077781 -0.486895 -3.806257 -0.020168 4.288545 0.510622 -0.016178 -4.078358 -0.510901 0.000000 -0.007701 -0.000004 -0.000001 0.000001 0.000006 -8.207787 -6.751683 -1.599560 -2.890109 -11.607592 -19.532840 11.310635 -10.905544 -10.158487 -2.848456 -8.028188 11.443869 -8.759669 0.000006 -0.000008 0.000000 -0.000002 -0.000001 8.207793 -6.751709 -1.599555 -6.149699 17.676309 0.826473 1.110857 -4.011420 -0.406586 51.144597 -3.268713 -7.488775 -40.055590 0.198814 -4.407698 -0.000000 0.000001 -0.000000 
-7.842335 103.878540 3.567713 1.531622 12.671260 14.686860 -0.000003 10.181592 0.131520 -0.627712 -0.862306 -4.498386 -1.327955 -1.677551 -8.483267 -1.332459 -1.673624 -8.483352 0.000001 16.740412 -2.049033 2.280786 0.353739 4.842095 0.000000 9.617901 1.685006 2.111607 7.273174 2.977801 0.000003 22.037354 7.501097 -0.000001 0.000002 0.000000 -4.569969 11.014914 -2.160884 -0.141726 -8.623513 2.749969 19.980482 -10.659008 -8.227485 0.000001 45.140631 0.000007 -0.904060 -0.447279 17.889621 -2.464790 -1.573962 2.681841 -1.619250 -4.333932 -6.744829 4.223213 -7.640279 -0.059987 -1.560134 0.883061 -1.926116 0.000001 -0.000004 -0.000001 -9.108277 -0.517854 2.259835 0.000001 -0.018786 0.000105 0.000000 0.029300 -0.000001 0.000005 -0.010099 -0.000001 -0.000002 0.000003 0.000001 -9.532510 -0.000036 -0.000025 -0.000002 -0.057485 0.000106 0.000000 0.097393 0.000024 -0.000005 -0.036904 -0.000001 -0.000000 0.000006 0.000002 -9.103579 -0.043075 -1.865129 -0.000000 0.017911 0.000004 0.000003 -0.025398 0.000041 0.000001 -0.012901 -0.000005 -0.000003 -0.000004 -0.000001 -8.076679 -0.486711 -3.806273 -0.000002 0.059630 -0.000513 -0.000001 0.097007 -0.000002 0.000001 -0.056906 -0.000002 0.000002 -0.000003 0.000002 4.570449 11.014706 -2.160854 0.000228 10.027440 -11.532008 19.602699 -38.506469 -38.680130 0.000000 -0.000005 -0.000003 2.652351 -9.226750 13.062977 2.466125 -1.576217 2.681733 -1.336443 4.338051 6.279188 3.576457 7.070883 0.589255 -0.821929 0.916471 2.391509 0.000002 0.000002 0.000002 9.109287 -0.518044 2.259870 0.000009 -0.005098 0.000109 -0.000001 0.012002 0.000003 -0.000001 -0.007604 -0.000007 -0.000002 0.000001 0.000005 9.533393 0.000037 0.000043 0.000003 -0.005524 0.015979 -0.000002 0.004324 -0.015976 0.000001 0.002398 -0.000002 -0.000001 0.000005 0.000001 9.104513 -0.043026 -1.865075 0.000011 0.000701 0.000110 -0.000001 -0.000002 -0.000001 0.000001 0.000003 0.000008 -0.000002 0.000001 -0.000002 8.077771 -0.486858 -3.806258 -0.020175 4.288550 0.510635 -0.016178 -4.078366 -0.510910 0.000002 -0.007696 0.000006 0.000001 0.000003 0.000001 -8.207784 -6.751673 -1.599560 -2.859087 -12.517426 -18.766858 10.430211 -10.776521 -10.116194 -6.010753 -8.447433 10.809526 -5.992962 0.000003 -0.000000 0.000000 0.000001 -0.000000 8.207794 -6.751686 -1.599557 -6.940444 18.110481 1.540812 1.380673 -5.268922 0.009139 49.338811 -4.181268 -10.041549 -38.375001 0.168341 -4.078911 -0.000000 0.000001 -0.000000 
-8.565794 103.509506 3.873488 2.409755 12.384109 13.956338 -0.000006 10.181596 0.131522 -1.029081 -0.913863 -4.303186 -2.131081 -1.770990 -7.901871 -2.136547 -1.763817 -7.901943 0.000001 16.740372 -2.049036 2.099372 0.535515 4.658519 0.000001 9.617904 1.685009 4.150237 8.281618 2.449512 0.000001 22.037354 7.501097 -0.000001 0.000001 -0.000000 -4.569969 11.014904 -2.160885 -0.072038 -9.379402 3.778430 12.566749 -4.597252 -8.478836 -0.000002 37.215566 0.000000 2.239461 1.240506 8.967607 -2.464807 -1.573972 2.681853 -1.619257 -4.333944 -6.744817 4.223211 -7.640278 -0.059993 -1.560138 0.883074 -1.926122 0.000002 -0.000007 0.000001 -9.108275 -0.517854 2.259837 -0.000008 -0.018780 0.000101 0.000003 0.029308 0.000002 0.000001 -0.010101 -0.000000 0.000002 0.000003 -0.000001 -9.532501 -0.000032 -0.000018 -0.000008 -0.057474 0.000102 0.000003 0.097403 0.000024 -0.000005 -0.036902 -0.000003 -0.000001 -0.000001 0.000001 -9.103580 -0.043075 -1.865132 -0.000012 0.017921 0.000001 -0.000001 -0.025400 0.000042 0.000001 -0.012895 -0.000004 0.000003 0.000001 -0.000001 -8.076675 -0.486714 -3.806272 -0.000009 0.059621 -0.000511 0.000001 0.097008 0.000000 0.000004 -0.056898 -0.000001 0.000000 -0.000000 -0.000001 4.570448 11.014726 -2.160857 0.006030 9.904211 -11.442709 19.153105 -36.569280 -42.205177 -0.000001 -0.000004 -0.000007 0.827755 -8.164024 11.470516 2.466157 -1.576213 2.681737 -1.336439 4.338060 6.279180 3.576456 7.070877 0.589253 -0.821920 0.916476 2.391510 0.000002 0.000001 -0.000003 9.109301 -0.518043 2.259870 0.000012 -0.005096 0.000104 -0.000002 0.012002 -0.000004 -0.000002 -0.007601 0.000003 0.000001 0.000002 -0.000000 9.533415 0.000032 0.000045 0.000007 -0.005522 0.015977 -0.000002 0.004332 -0.015970 0.000001 0.002399 0.000001 -0.000000 -0.000002 -0.000001 9.104533 -0.043035 -1.865073 0.000012 0.000704 0.000105 0.000002 0.000005 0.000001 -0.000000 -0.000000 -0.000001 0.000001 0.000001 -0.000000 8.077785 -0.486858 -3.806257 -0.020174 4.288553 0.510632 -0.016173 -4.078365 -0.510911 -0.000002 -0.007698 0.000003 0.000000 -0.000000 -0.000003 -8.207786 -6.751670 -1.599559 -2.865905 -12.530449 -17.539564 9.584976 -10.679737 -10.085878 -8.248787 -8.658726 10.224222 -3.832795 -0.000001 -0.000002 0.000000 -0.000000 -0.000000 8.207790 -6.751699 -1.599555 -7.782387 18.829814 2.652399 1.622841 -6.050310 0.609022 46.951615 -5.005271 -12.742538 -36.838274 0.135191 -3.024246 -0.000000 0.000001 -0.000000 
-9.121786 103.219368 4.043811 3.138483 11.705883 13.034196 -0.000008 10.181581 0.131523 -1.340610 -0.859282 -4.034098 -2.749665 -1.672206 -7.156579 -2.755438 -1.661634 -7.156646 -0.000001 16.740402 -2.049035 1.752468 0.661563 4.571128 -0.000001 9.617889 1.685004 6.201187 9.157177 1.762939 0.000004 22.037354 7.501096 0.000000 -0.000002 -0.000000 -4.569971 11.014915 -2.160885 0.018052 -10.194814 4.886238 4.785451 1.617858 -6.686512 -0.000006 29.623493 0.000010 4.061209 5.167020 -2.609053 -2.464807 -1.573970 2.681841 -1.619258 -4.333941 -6.744822 4.223208 -7.640271 -0.059992 -1.560140 0.883066 -1.926122 -0.000002 -0.000000 0.000000 -9.108285 -0.517887 2.259834 -0.000001 -0.018780 0.000099 0.000001 0.029297 0.000000 0.000002 -0.010101 0.000000 -0.000000 -0.000003 -0.000001 -9.532519 -0.000050 -0.000027 -0.000000 -0.057474 0.000100 0.000001 0.097393 0.000024 0.000001 -0.036894 -0.000003 -0.000000 -0.000004 -0.000001 -9.103596 -0.043075 -1.865140 -0.000000 0.017919 -0.000001 0.000001 -0.025403 0.000042 -0.000001 -0.012899 -0.000004 0.000001 -0.000006 0.000000 -8.076689 -0.486710 -3.806280 -0.000004 0.059616 -0.000496 0.000001 0.096999 -0.000001 0.000004 -0.056897 -0.000001 0.000000 0.000002 -0.000001 4.570450 11.014741 -2.160857 0.009641 9.598769 -11.086255 20.129674 -35.971615 -45.054199 -0.000000 -0.000001 0.000000 -2.167654 -6.606733 10.486247 2.466133 -1.576215 2.681740 -1.336444 4.338054 6.279185 3.576457 7.070882 0.589265 -0.821928 0.916469 2.391501 0.000003 0.000003 -0.000006 9.109292 -0.518034 2.259871 0.000011 -0.005099 0.000104 -0.000001 0.012000 -0.000003 0.000004 -0.007599 0.000011 0.000002 0.000002 0.000001 9.533390 0.000024 0.000045 0.000004 -0.005525 0.015978 -0.000000 0.004326 -0.015977 -0.000001 0.002402 -0.000000 0.000001 0.000001 -0.000000 9.104535 -0.043035 -1.865073 0.000011 0.000700 0.000102 0.000001 -0.000000 0.000009 -0.000001 0.000000 0.000001 -0.000002 0.000003 -0.000000 8.077776 -0.486854 -3.806258 -0.020172 4.288549 0.510633 -0.016179 -4.078366 -0.510905 -0.000002 -0.007698 0.000001 0.000000 0.000002 0.000001 -8.207786 -6.751667 -1.599559 -2.956638 -12.118865 -16.551901 9.269786 -10.450668 -9.562954 -9.544246 -8.786022 10.361071 -2.355837 -0.000011 -0.000006 0.000000 -0.000001 -0.000000 8.207789 -6.751706 -1.599555 -8.391264 19.661883 3.773997 1.804293 -6.261883 1.297221 44.424725 -5.470630 -14.836846 -35.491251 0.096559 -1.852369 -0.000000 0.000002 -0.000000 
-9.561241 102.990219 4.091451 3.684099 11.102830 12.122439 -0.000006 10.181586 0.131520 -1.581736 -0.797396 -3.714768 -3.226393 -1.569547 -6.298580 -3.232497 -1.555262 -6.298678 0.000002 16.740376 -2.049034 1.368802 0.744361 4.339161 0.000000 9.617908 1.685007 8.168286 9.618397 0.737567 0.000000 22.037323 7.501101 0.000000 0.000001 -0.000000 -4.569967 11.014876 -2.160884 0.160718 -11.259827 6.343676 -4.915898 7.840374 -3.475924 0.000001 23.237589 -0.000003 5.316300 9.537006 -14.961664 -2.464818 -1.573983 2.681843 -1.619257 -4.333939 -6.744831 4.223207 -7.640269 -0.059979 -1.560139 0.883064 -1.926122 -0.000003 -0.000001 -0.000003 -9.108283 -0.517873 2.259834 -0.000000 -0.018790 0.000101 -0.000001 0.029303 0.000000 0.000001 -0.010105 -0.000003 -0.000001 0.000003 -0.000003 -9.532505 -0.000053 -0.000025 -0.000002 -0.057485 0.000101 0.000002 0.097397 0.000026 0.000000 -0.036898 -0.000006 -0.000001 0.000002 -0.000001 -9.103606 -0.043095 -1.865138 -0.000002 0.017915 0.000000 -0.000000 -0.025407 0.000042 0.000001 -0.012900 -0.000005 0.000001 0.000000 -0.000001 -8.076694 -0.486728 -3.806280 -0.000005 0.059616 -0.000494 -0.000001 0.097009 0.000000 0.000003 -0.056901 0.000000 -0.000002 0.000002 0.000001 4.570450 11.014692 -2.160855 0.012007 9.450933 -10.917882 21.120922 -35.894020 -47.251710 -0.000002 -0.000000 -0.000003 -5.484181 -5.553794 9.914125 2.466133 -1.576202 2.681738 -1.336445 4.338056 6.279182 3.576453 7.070873 0.589262 -0.821921 0.916476 2.391513 0.000000 0.000001 -0.000003 9.109301 -0.518047 2.259870 0.000011 -0.005097 0.000104 -0.000001 0.012002 0.000000 -0.000001 -0.007599 0.000001 0.000001 0.000000 -0.000003 9.533398 0.000038 0.000044 0.000005 -0.005522 0.015978 -0.000004 0.004325 -0.015979 0.000003 0.002401 0.000007 0.000001 0.000000 0.000001 9.104529 -0.043025 -1.865074 0.000012 0.000703 0.000104 0.000001 -0.000000 -0.000000 0.000001 -0.000000 0.000002 -0.000000 0.000002 -0.000000 8.077776 -0.486857 -3.806257 -0.020172 4.288551 0.510630 -0.016176 -4.078363 -0.510904 -0.000001 -0.007699 -0.000001 0.000000 -0.000000 -0.000002 -8.207783 -6.751655 -1.599561 -3.111078 -11.804223 -15.976509 9.251316 -10.023698 -8.731911 -9.740532 -8.659126 12.026633 -1.708571 0.000011 0.000001 -0.000000 0.000001 -0.000000 8.207792 -6.751698 -1.599555 -8.929291 20.186117 4.746603 1.995564 -6.181543 1.973243 42.224974 -5.643409 -16.247910 -34.332598 0.067310 -1.174716 -0.000000 -0.000000 -0.000000 
-9.927749 102.759666 4.080913 4.230382 10.811926 11.280291 -0.000002 10.181589 0.131523 -1.820004 -0.803798 -3.422080 -3.704685 -1.611081 -5.377240 -3.712217 -1.591299 -5.377401 0.000001 16.740387 -2.049038 1.164319 0.821760 3.858468 0.000001 9.617877 1.685007 10.052753 9.647302 -0.683295 0.000001 22.037354 7.501096 -0.000003 0.000001 -0.000000 -4.569971 11.014899 -2.160889 0.358290 -12.444131 8.016439 -17.994270 13.481580 1.395506 -0.000005 19.576958 -0.000009 5.099073 12.148473 -25.542174 -2.464815 -1.573995 2.681853 -1.619251 -4.333933 -6.744814 4.223208 -7.640271 -0.059991 -1.560141 0.883063 -1.926121 0.000001 -0.000001 -0.000003 -9.108294 -0.517882 2.259838 -0.000000 -0.018784 0.000099 0.000003 0.029303 -0.000001 0.000003 -0.010099 0.000001 0.000003 -0.000006 0.000007 -9.532525 -0.000040 -0.000013 -0.000002 -0.057481 0.000099 -0.000001 0.097406 0.000025 -0.000001 -0.036900 0.000002 -0.000002 -0.000004 -0.000001 -9.103600 -0.043083 -1.865124 -0.000002 0.017918 0.000000 -0.000001 -0.025402 0.000043 -0.000002 -0.012906 -0.000003 0.000003 -0.000005 0.000003 -8.076694 -0.486714 -3.806265 -0.000008 0.059624 -0.000495 -0.000003 0.097003 -0.000000 -0.000002 -0.056904 -0.000005 -0.000000 -0.000002 -0.000005 4.570448 11.014717 -2.160859 0.013730 9.410279 -10.884614 21.458742 -35.631823 -49.195346 0.000001 -0.000004 -0.000000 -8.656234 -4.790386 9.451297 2.466135 -1.576213 2.681735 -1.336446 4.338055 6.279181 3.576455 7.070878 0.589264 -0.821928 0.916476 2.391502 0.000001 0.000002 0.000007 9.109301 -0.518044 2.259870 0.000009 -0.005098 0.000104 -0.000001 0.012000 0.000006 0.000000 -0.007602 -0.000000 0.000000 0.000001 0.000004 9.533401 0.000025 0.000045 0.000004 -0.005524 0.015976 -0.000002 0.004326 -0.015972 -0.000004 0.002401 0.000000 0.000001 -0.000000 0.000001 9.104524 -0.043025 -1.865075 0.000010 0.000701 0.000103 -0.000001 0.000000 -0.000000 0.000001 0.000001 0.000006 -0.000001 -0.000001 0.000001 8.077788 -0.486871 -3.806257 -0.020176 4.288551 0.510631 -0.016178 -4.078367 -0.510907 -0.000002 -0.007700 0.000001 0.000000 -0.000000 0.000000 -8.207788 -6.751669 -1.599561 -3.282520 -11.492285 -15.507941 9.243408 -9.756093 -7.887236 -9.908270 -8.628373 13.510023 -1.381562 -0.000003 0.000006 -0.000000 0.000001 -0.000000 8.207793 -6.751713 -1.599554 -9.781441 20.257931 5.675558 2.423285 -6.140838 2.529500 40.639250 -5.791021 -17.466704 -33.808303 0.036046 -0.583398 -0.000000 0.000002 -0.000000 
-10.226008 102.538879 4.033615 4.803957 10.699938 10.556183 -0.000005 10.181594 0.131522 -2.035061 -0.898351 -3.175453 -4.139261 -1.825567 -4.514459 -4.149566 -1.799386 -4.514739 0.000001 16.740383 -2.049034 1.226769 0.886182 3.355866 -0.000000 9.617881 1.685009 11.674427 9.487188 -2.254434 0.000003 22.037338 7.501096 0.000003 0.000000 -0.000000 -4.569970 11.014893 -2.160884 0.554183 -13.447219 9.443149 -34.505583 17.124010 8.452085 -0.000009 19.282877 -0.000002 1.495489 11.963490 -32.494690 -2.464816 -1.573967 2.681858 -1.619246 -4.333937 -6.744822 4.223209 -7.640280 -0.059993 -1.560138 0.883073 -1.926116 0.000009 -0.000005 0.000009 -9.108296 -0.517880 2.259834 -0.000001 -0.018771 0.000088 0.000001 0.029302 -0.000003 -0.000000 -0.010098 -0.000003 0.000002 0.000005 0.000001 -9.532513 -0.000058 -0.000026 0.000002 -0.057469 0.000088 -0.000006 0.097399 0.000022 0.000001 -0.036903 0.000003 -0.000003 -0.000005 -0.000001 -9.103590 -0.043071 -1.865131 -0.000000 0.017931 -0.000010 -0.000005 -0.025404 0.000042 -0.000001 -0.012893 -0.000011 -0.000002 0.000001 -0.000004 -8.076694 -0.486706 -3.806267 -0.000006 0.059620 -0.000507 -0.000003 0.097004 -0.000000 0.000003 -0.056905 -0.000004 0.000005 0.000008 0.000001 4.570447 11.014710 -2.160854 0.012056 9.222992 -10.610009 21.762383 -35.663286 -50.918760 0.000001 -0.000009 0.000012 -12.091612 -3.885963 8.869520 2.466141 -1.576203 2.681738 -1.336448 4.338054 6.279182 3.576458 7.070877 0.589265 -0.821929 0.916474 2.391506 0.000005 0.000007 0.000007 9.109296 -0.518047 2.259872 0.000010 -0.005099 0.000103 0.000000 0.012000 0.000002 0.000000 -0.007601 0.000004 -0.000002 0.000002 0.000003 9.533407 0.000024 0.000046 0.000004 -0.005524 0.015977 -0.000002 0.004327 -0.015975 0.000001 0.002400 -0.000000 0.000002 -0.000001 0.000001 9.104527 -0.043023 -1.865073 0.000011 0.000701 0.000102 0.000001 0.000001 0.000003 -0.000001 0.000000 0.000002 0.000003 -0.000000 0.000004 8.077781 -0.486878 -3.806256 -0.020177 4.288551 0.510631 -0.016179 -4.078365 -0.510911 -0.000001 -0.007701 0.000005 -0.000000 0.000000 -0.000001 -8.207787 -6.751662 -1.599558 -4.359621 -10.515300 -15.041943 11.033730 -9.817874 -7.233478 -10.791693 -9.267636 13.359552 -1.142301 0.000005 0.000003 -0.000000 0.000002 -0.000000 8.207789 -6.751698 -1.599554 -10.877935 20.257074 6.579864 2.976874 -6.291610 2.896989 39.756731 -6.016404 -18.644388 -33.887813 -0.006269 0.095770 0.000000 0.000001 -0.000000 
-10.402350 102.421257 3.851037 5.267068 10.518684 9.993403 -0.000007 10.181578 0.131521 -2.119477 -1.046093 -2.912762 -4.307806 -2.132845 -3.788332 -4.321079 -2.103488 -3.788791 -0.000000 16.740408 -2.049031 1.534010 0.898101 3.172390 0.000000 9.617895 1.685006 12.462323 9.469697 -3.756278 0.000002 22.037354 7.501097 0.000002 -0.000001 0.000000 -4.569969 11.014929 -2.160882 0.668460 -13.960967 10.201766 -49.445133 18.065593 15.726237 0.000004 23.069384 -0.000006 -5.866545 10.176046 -35.161220 -2.464811 -1.573976 2.681839 -1.619259 -4.333933 -6.744826 4.223210 -7.640275 -0.059990 -1.560139 0.883059 -1.926125 -0.000001 0.000001 0.000000 -9.108285 -0.517869 2.259832 -0.000000 -0.018787 0.000096 0.000001 0.029307 -0.000001 0.000001 -0.010107 0.000002 -0.000001 0.000003 -0.000002 -9.532518 -0.000048 -0.000028 0.000001 -0.057484 0.000097 0.000003 0.097397 0.000023 -0.000003 -0.036894 -0.000004 -0.000001 0.000002 0.000000 -9.103603 -0.043075 -1.865145 -0.000002 0.017916 -0.000004 0.000000 -0.025402 0.000041 -0.000001 -0.012898 -0.000004 -0.000000 -0.000003 -0.000000 -8.076695 -0.486706 -3.806281 -0.000002 0.059613 -0.000503 -0.000001 0.097001 -0.000000 -0.000001 -0.056903 0.000000 -0.000001 -0.000002 -0.000000 4.570448 11.014728 -2.160852 0.008117 8.888950 -10.097357 23.264922 -37.252326 -51.597100 -0.000017 0.000014 -0.000001 -15.648691 -3.187122 7.887888 2.466131 -1.576200 2.681735 -1.336442 4.338056 6.279182 3.576459 7.070881 0.589267 -0.821930 0.916471 2.391501 0.000002 0.000006 0.000004 9.109285 -0.518047 2.259871 0.000012 -0.005098 0.000104 0.000000 0.012000 -0.000002 0.000001 -0.007600 -0.000001 -0.000001 0.000001 -0.000002 9.533403 0.000025 0.000045 0.000004 -0.005523 0.015979 -0.000001 0.004326 -0.015979 0.000000 0.002401 0.000003 -0.000000 0.000000 0.000000 9.104524 -0.043038 -1.865072 0.000014 0.000701 0.000103 0.000001 0.000001 -0.000003 0.000000 -0.000000 -0.000001 0.000003 -0.000001 -0.000000 8.077778 -0.486855 -3.806256 -0.020173 4.288549 0.510629 -0.016179 -4.078364 -0.510903 -0.000000 -0.007700 -0.000000 0.000002 0.000000 0.000005 -8.207787 -6.751669 -1.599562 -5.179619 -9.310778 -14.478720 12.263766 -10.000538 -6.917451 -11.186930 -10.249393 13.033973 -0.793345 0.000004 -0.000000 0.000000 0.000000 -0.000000 8.207790 -6.751698 -1.599557 -11.824702 20.490108 7.272135 3.332959 -6.502623 3.113944 39.398956 -6.152002 -19.312877 -34.019168 -0.032978 0.513909 -0.000000 0.000001 -0.000000 
-10.409006 102.462029 3.368830 5.548754 10.158616 9.609312 -0.000006 10.181588 0.131520 -1.978485 -1.194515 -2.594708 -4.020538 -2.428198 -3.206574 -4.035498 -2.401511 -3.207283 0.000001 16.740402 -2.049039 1.990065 0.889561 3.425413 0.000003 9.617874 1.685007 11.677471 9.983992 -5.180649 0.000001 22.037369 7.501097 0.000000 0.000000 -0.000000 -4.569968 11.014939 -2.160888 0.658592 -13.732710 10.143075 -57.634400 18.640985 19.516601 -0.000004 29.585449 -0.000001 -14.761746 9.608930 -32.761549 -2.464820 -1.573972 2.681865 -1.619234 -4.333932 -6.744818 4.223206 -7.640274 -0.059990 -1.560137 0.883058 -1.926125 0.000003 -0.000010 -0.000001 -9.108297 -0.517872 2.259848 -0.000000 -0.018784 0.000101 -0.000000 0.029305 -0.000000 0.000002 -0.010102 0.000001 0.000000 0.000003 0.000000 -9.532506 -0.000050 -0.000022 -0.000001 -0.057478 0.000101 0.000002 0.097397 0.000024 0.000001 -0.036903 -0.000002 0.000000 0.000004 0.000001 -9.103607 -0.043076 -1.865127 -0.000000 0.017918 0.000001 0.000000 -0.025401 0.000042 0.000000 -0.012904 -0.000003 0.000000 -0.000002 0.000000 -8.076699 -0.486703 -3.806255 -0.000005 0.059613 -0.000501 -0.000001 0.097007 0.000000 0.000002 -0.056905 -0.000001 0.000000 0.000001 0.000000 4.570448 11.014731 -2.160859 0.006284 8.604336 -9.668307 27.364038 -41.627985 -49.988293 -0.000001 0.000002 -0.000005 -19.021848 -2.709467 6.586792 2.466153 -1.576200 2.681733 -1.336446 4.338055 6.279180 3.576457 7.070879 0.589262 -0.821931 0.916473 2.391501 0.000005 0.000005 -0.000005 9.109317 -0.518043 2.259869 0.000013 -0.005100 0.000100 -0.000002 0.012001 0.000001 0.000003 -0.007601 0.000001 0.000001 0.000000 0.000000 9.533410 0.000032 0.000042 0.000004 -0.005525 0.015976 -0.000001 0.004327 -0.015973 -0.000001 0.002401 -0.000004 -0.000000 -0.000000 0.000005 9.104535 -0.043037 -1.865076 0.000013 0.000700 0.000099 -0.000000 0.000001 0.000003 -0.000001 -0.000000 0.000001 0.000001 -0.000000 -0.000000 8.077795 -0.486859 -3.806258 -0.020176 4.288549 0.510629 -0.016181 -4.078363 -0.510911 -0.000002 -0.007700 0.000003 -0.000002 -0.000002 -0.000003 -8.207788 -6.751668 -1.599560 -5.695747 -8.532189 -14.052493 12.426605 -10.057474 -6.905888 -10.844063 -10.736619 12.900842 -0.662475 0.000010 -0.000001 0.000000 0.000000 -0.000000 8.207789 -6.751711 -1.599555 -12.463984 20.983012 7.546161 3.380288 -6.649790 3.317772 39.325176 -6.026527 -19.104796 -33.792778 -0.022340 0.354207 0.000000 -0.000003 -0.000000 
-10.266049 102.627647 2.529133 5.648800 9.582515 9.550715 -0.000004 10.181568 0.131520 -1.554678 -1.315263 -2.277264 -3.166264 -2.658457 -2.879698 -3.180721 -2.639988 -2.880605 0.000002 16.740379 -2.049029 2.277740 0.972105 3.930636 -0.000002 9.617875 1.685008 8.829336 11.340943 -6.588660 0.000003 22.037338 7.501096 0.000001 0.000002 -0.000000 -4.569967 11.014898 -2.160878 0.550189 -12.780108 9.405427 -57.295602 21.278425 16.515565 0.000026 34.591035 -0.000004 -23.075599 12.377597 -23.225788 -2.464793 -1.573968 2.681848 -1.619250 -4.333946 -6.744811 4.223211 -7.640283 -0.059985 -1.560142 0.883073 -1.926127 -0.000000 -0.000005 0.000000 -9.108262 -0.517864 2.259821 -0.000001 -0.018793 0.000108 -0.000000 0.029309 -0.000000 0.000004 -0.010094 0.000002 -0.000001 0.000003 -0.000001 -9.532495 -0.000042 -0.000029 -0.000001 -0.057492 0.000109 0.000002 0.097406 0.000025 -0.000001 -0.036909 -0.000004 0.000000 0.000013 0.000000 -9.103567 -0.043082 -1.865126 0.000000 0.017908 0.000009 0.000000 -0.025399 0.000042 -0.000002 -0.012903 -0.000005 -0.000001 0.000004 -0.000000 -8.076674 -0.486710 -3.806270 -0.000002 0.059605 -0.000490 -0.000001 0.097005 -0.000002 0.000003 -0.056905 -0.000000 -0.000000 -0.000002 0.000000 4.570447 11.014692 -2.160849 0.007539 8.470722 -9.489869 35.282203 -48.344813 -44.675171 0.000005 -0.000015 0.000006 -23.128738 -2.052973 5.489932 2.466143 -1.576195 2.681736 -1.336448 4.338055 6.279174 3.576462 7.070879 0.589264 -0.821932 0.916469 2.391505 0.000003 0.000009 -0.000003 9.109301 -0.518047 2.259871 0.000009 -0.005101 0.000098 0.000000 0.012000 -0.000002 -0.000001 -0.007600 -0.000000 -0.000001 -0.000002 -0.000001 9.533401 0.000038 0.000045 0.000002 -0.005526 0.015970 -0.000002 0.004326 -0.015977 0.000003 0.002398 -0.000003 -0.000003 -0.000000 0.000000 9.104528 -0.043028 -1.865072 0.000007 0.000701 0.000098 0.000000 -0.000001 -0.000003 0.000001 -0.000002 -0.000001 0.000001 0.000001 -0.000001 8.077774 -0.486860 -3.806257 -0.020176 4.288547 0.510624 -0.016176 -4.078361 -0.510908 -0.000001 -0.007701 -0.000002 0.000003 -0.000000 0.000002 -8.207784 -6.751681 -1.599561 -6.357841 -8.689895 -14.137996 11.996001 -10.032188 -7.130341 -10.029131 -9.926454 13.050722 -0.830905 0.000002 -0.000001 0.000000 0.000002 -0.000000 8.207789 -6.751712 -1.599555 -12.512145 21.819372 7.178063 2.615709 -6.674413 3.547630 40.046816 -5.845383 -18.367723 -33.609182 0.005369 -0.080620 0.000000 -0.000003 0.000000 
-10.071613 102.875092 1.496116 5.452797 8.495255 10.168115 -0.000004 10.181579 0.131520 -0.824778 -1.397870 -2.041437 -1.704941 -2.811524 -3.112414 -1.715414 -2.804523 -3.113138 0.000000 16.740387 -2.049036 1.930189 1.211217 4.352305 -0.000001 9.617854 1.685011 4.267965 13.396036 -7.898812 0.000001 22.037323 7.501096 0.000000 0.000001 -0.000000 -4.569970 11.014909 -2.160885 0.380050 -11.397987 8.066982 -45.591646 24.162426 4.031754 0.000003 36.129529 -0.000012 -31.739691 16.729701 -5.165687 -2.464794 -1.573961 2.681850 -1.619268 -4.333932 -6.744818 4.223208 -7.640272 -0.059983 -1.560135 0.883066 -1.926128 0.000002 -0.000008 0.000004 -9.108279 -0.517875 2.259833 -0.000004 -0.018780 0.000103 0.000001 0.029304 0.000002 0.000001 -0.010104 0.000003 0.000000 0.000007 -0.000000 -9.532488 -0.000052 -0.000024 -0.000004 -0.057480 0.000103 0.000003 0.097393 0.000029 0.000000 -0.036900 -0.000001 0.000001 0.000007 0.000000 -9.103578 -0.043079 -1.865141 -0.000002 0.017922 0.000004 0.000002 -0.025403 0.000045 0.000003 -0.012900 -0.000001 0.000004 0.000002 -0.000000 -8.076681 -0.486710 -3.806285 -0.000007 0.059620 -0.000497 0.000000 0.097002 0.000008 0.000001 -0.056902 -0.000001 0.000001 -0.000006 -0.000006 4.570446 11.014709 -2.160856 0.009710 8.430899 -9.459542 45.057050 -53.464228 -36.546539 -0.000007 -0.000002 0.000014 -27.885726 -1.704976 4.818489 2.466145 -1.576208 2.681737 -1.336446 4.338053 6.279183 3.576455 7.070878 0.589266 -0.821929 0.916473 2.391501 0.000002 0.000001 -0.000003 9.109286 -0.518045 2.259870 0.000009 -0.005099 0.000104 -0.000003 0.011997 -0.000003 0.000001 -0.007601 -0.000002 -0.000002 -0.000001 0.000001 9.533410 0.000031 0.000044 0.000004 -0.005524 0.015976 -0.000002 0.004328 -0.015980 0.000001 0.002399 0.000006 0.000000 -0.000001 -0.000003 9.104527 -0.043038 -1.865071 0.000010 0.000702 0.000102 0.000001 -0.000001 -0.000002 -0.000002 -0.000001 -0.000002 0.000001 -0.000002 -0.000003 8.077776 -0.486869 -3.806258 -0.020176 4.288550 0.510627 -0.016180 -4.078366 -0.510907 -0.000000 -0.007699 0.000003 0.000003 -0.000000 -0.000003 -8.207785 -6.751676 -1.599560 -7.240111 -9.499916 -14.984665 11.415807 -10.104371 -7.658536 -9.055506 -7.734265 13.518609 -0.973134 -0.000002 -0.000004 0.000000 0.000000 -0.000000 8.207791 -6.751697 -1.599555 -11.830617 23.018463 6.149069 1.547254 -6.387800 3.551949 41.399569 -5.628521 -17.115114 -33.347726 0.046901 -0.748925 0.000000 -0.000000 -0.000000 
-10.034900 103.082375 0.563696 4.950619 6.277346 11.795882 -0.000008 10.181581 0.131519 0.085842 -1.390813 -2.229378 0.104179 -2.813954 -4.247318 0.099358 -2.813702 -4.247714 0.000002 16.740395 -2.049037 0.767336 1.545447 4.423809 0.000004 9.617885 1.685009 -0.697736 15.354484 -8.468767 0.000003 22.037354 7.501092 0.000000 0.000001 -0.000000 -4.569969 11.014906 -2.160886 0.147581 -9.628216 5.812378 -20.875148 18.307417 -14.980189 -0.000002 36.156856 -0.000011 -39.914884 17.704398 16.441145 -2.464805 -1.573961 2.681835 -1.619253 -4.333936 -6.744833 4.223208 -7.640275 -0.059985 -1.560139 0.883068 -1.926124 0.000003 -0.000001 0.000000 -9.108285 -0.517851 2.259831 0.000001 -0.018796 0.000090 0.000001 0.029300 -0.000001 -0.000001 -0.010103 0.000002 -0.000001 0.000002 -0.000004 -9.532507 -0.000027 -0.000030 -0.000002 -0.057498 0.000090 0.000000 0.097396 0.000024 0.000006 -0.036897 -0.000007 0.000003 -0.000003 -0.000001 -9.103589 -0.043072 -1.865142 0.000001 0.017904 -0.000009 0.000000 -0.025407 0.000044 0.000001 -0.012899 -0.000007 -0.000001 0.000002 -0.000002 -8.076675 -0.486711 -3.806283 -0.000004 0.059607 -0.000516 0.000005 0.096999 0.000004 0.000003 -0.056902 -0.000001 -0.000004 0.000002 0.000001 4.570446 11.014716 -2.160857 0.012858 8.310196 -9.322195 50.728812 -53.883154 -30.929473 -0.000009 -0.000006 -0.000001 -31.410657 -2.057799 4.445780 2.466151 -1.576204 2.681739 -1.336439 4.338055 6.279177 3.576456 7.070886 0.589266 -0.821935 0.916471 2.391505 -0.000000 0.000004 0.000002 9.109320 -0.518040 2.259871 0.000014 -0.005098 0.000099 -0.000003 0.011997 -0.000001 0.000000 -0.007600 -0.000000 -0.000003 0.000000 -0.000001 9.533423 0.000033 0.000046 0.000003 -0.005523 0.015971 -0.000001 0.004324 -0.015975 -0.000001 0.002401 -0.000000 -0.000002 -0.000003 -0.000000 9.104528 -0.043032 -1.865074 0.000015 0.000701 0.000098 -0.000001 -0.000004 0.000001 0.000001 0.000000 -0.000002 0.000002 -0.000001 -0.000000 8.077792 -0.486852 -3.806258 -0.020172 4.288549 0.510626 -0.016181 -4.078364 -0.510905 0.000000 -0.007696 -0.000001 -0.000002 -0.000002 -0.000002 -8.207784 -6.751654 -1.599562 -8.490794 -9.504744 -16.694565 11.826777 -10.183818 -8.474823 -8.603255 -5.148872 14.196637 -1.227401 0.000003 -0.000001 0.000000 -0.000002 -0.000000 8.207790 -6.751691 -1.599558 -10.194792 24.675641 4.564673 0.578289 -5.247720 3.041240 43.434778 -5.405086 -15.415247 -33.416755 0.093604 -1.637416 -0.000000 -0.000000 -0.000000 
-10.300659 103.199577 -0.071434 4.556917 2.676013 13.823763 -0.000005 10.181602 0.131522 0.887608 -1.192736 -2.993940 1.694348 -2.461693 -6.141700 1.693046 -2.461893 -6.142002 0.000000 16.740400 -2.049034 -0.940122 1.830721 4.172749 0.000001 9.617883 1.685012 -4.904950 16.228603 -7.218283 0.000002 22.037384 7.501097 0.000000 -0.000000 0.000001 -4.569968 11.014905 -2.160882 -0.108592 -6.674936 1.794577 5.559856 -0.510213 -25.080028 0.000005 41.555072 0.000016 -40.815107 15.055653 30.793840 -2.464814 -1.573985 2.681848 -1.489603 -3.224618 -4.778072 4.223209 -7.640273 -0.059987 -1.560141 0.883063 -1.926127 -0.000000 -0.000001 0.000000 -9.108283 -0.517870 2.259839 0.003882 -0.233702 1.763809 -0.000003 0.029308 0.000003 0.000001 -0.010102 0.000004 -0.000002 -0.000006 -0.000000 -9.532500 -0.000047 -0.000020 0.005075 -0.272381 1.763814 0.000002 0.097394 0.000026 0.000001 -0.036897 -0.000005 -0.000003 -0.000001 0.000002 -9.103596 -0.043075 -1.865131 0.002755 -0.197020 1.763706 -0.000003 -0.025405 0.000041 -0.000000 -0.012895 0.000000 0.000002 0.000001 -0.000002 -8.076680 -0.486713 -3.806278 0.001461 -0.155341 1.763204 0.000001 0.097006 -0.000001 0.000002 -0.056898 0.000002 0.000001 0.000001 -0.000001 4.570448 11.014720 -2.160853 0.018495 7.992123 -8.918390 50.463237 -50.417164 -29.635258 0.000000 -0.000006 -0.000004 -31.979728 -2.811067 3.829957 2.466143 -1.576212 2.681737 -1.336443 4.338052 6.279181 3.576460 7.070878 0.589265 -0.821924 0.916473 2.391505 -0.000000 -0.000008 -0.000003 9.109296 -0.518045 2.259871 0.000010 -0.005101 0.000100 -0.000004 0.011997 -0.000001 -0.000005 -0.007601 -0.000004 0.000003 -0.000003 -0.000002 9.533405 0.000038 0.000045 0.000003 -0.005524 0.015975 -0.000005 0.004321 -0.015978 -0.000002 0.002400 -0.000001 -0.000000 -0.000002 0.000003 9.104540 -0.043027 -1.865073 0.000007 0.000699 0.000100 -0.000005 -0.000004 -0.000001 0.000002 0.000002 -0.000004 -0.000002 -0.000003 -0.000000 8.077786 -0.486876 -3.806254 -0.020172 4.288549 0.510629 -0.016180 -4.078369 -0.510906 0.000001 -0.007698 -0.000003 -0.000004 0.000000 0.000003 -8.207783 -6.751663 -1.599560 -9.694518 -7.543969 -18.411094 13.063442 -10.334882 -9.244855 -8.684340 -3.072331 14.740923 -1.556028 0.000001 -0.000004 -0.000000 0.000001 -0.000000 8.207792 -6.751684 -1.599554 -8.162514 26.774062 3.078560 -0.033180 -3.061918 2.154587 45.948271 -5.014067 -13.065452 -34.008475 0.151777 -3.145378 0.000000 0.000000 -0.000000 
-10.755760 103.328644 -0.434657 4.784649 -1.535222 14.752544 -0.000005 10.181585 0.131519 1.415592 -0.700737 -3.879661 2.761687 -1.534233 -8.003929 2.760907 -1.534530 -8.004142 0.000003 16.740370 -2.049033 -2.820165 1.930906 3.845623 0.000001 9.617926 1.685003 -8.114576 15.527385 -3.656498 0.000004 22.037338 7.501097 0.000001 -0.000000 -0.000000 -4.569966 11.014920 -2.160885 -0.075238 -2.013062 -4.173168 24.873358 -16.454986 -20.797762 0.000001 50.804299 -0.000020 -30.122630 12.021781 33.378988 -2.464813 -1.573971 2.681842 -1.619249 -4.333936 -6.744833 4.223212 -7.640286 -0.059987 -1.560143 0.883076 -1.926126 0.000003 -0.000005 0.000004 -9.108288 -0.517850 2.259818 0.000005 -0.018787 0.000100 -0.000001 0.029307 0.000005 0.000001 -0.010106 -0.000003 0.000001 -0.000003 -0.000003 -9.532514 -0.000030 -0.000036 0.000005 -0.057488 0.000101 0.000003 0.097398 0.000028 -0.000003 -0.036897 0.000004 -0.000001 0.000003 -0.000004 -9.103599 -0.043081 -1.865140 0.000007 0.017912 0.000000 0.000001 -0.025407 0.000042 -0.000000 -0.012898 -0.000005 0.000000 0.000002 0.000001 -8.076693 -0.486710 -3.806283 0.000006 0.059612 -0.000501 0.000003 0.096998 0.000005 0.000007 -0.056902 -0.000002 -0.000000 -0.000002 0.000002 4.570448 11.014727 -2.160855 0.022021 7.657657 -8.448891 47.787111 -45.915964 -28.474866 -0.000005 0.000001 -0.000003 -29.357943 -3.781591 2.056628 2.466146 -1.576213 2.681735 -1.336444 4.338052 6.279179 3.576460 7.070879 0.589262 -0.821923 0.916476 2.391506 -0.000001 0.000002 -0.000001 9.109308 -0.518040 2.259869 0.000016 -0.005100 0.000098 0.000001 0.011999 -0.000000 0.000001 -0.007602 -0.000002 -0.000002 0.000000 -0.000001 9.533414 0.000030 0.000043 0.000005 -0.005526 0.015975 -0.000003 0.004326 -0.015984 -0.000001 0.002397 -0.000003 0.000000 -0.000000 0.000003 9.104532 -0.043035 -1.865075 0.000013 0.000699 0.000097 0.000000 0.000001 0.000002 0.000002 -0.000002 -0.000002 0.000000 -0.000002 -0.000001 8.077785 -0.486866 -3.806262 -0.020174 4.288547 0.510626 -0.016177 -4.078363 -0.510904 0.000001 -0.007699 0.000001 -0.000000 0.000001 0.000002 -8.207788 -6.751688 -1.599560 -10.163027 -4.530037 -18.638702 13.347547 -10.329393 -9.489641 -8.416495 -1.848265 14.672460 -1.562543 -0.000004 -0.000000 0.000000 0.000002 -0.000000 8.207788 -6.751709 -1.599556 -7.241490 28.565723 2.927828 -0.088174 -0.131417 1.477858 48.415898 -4.246422 -10.034304 -35.702567 0.205635 -4.498944 -0.000000 0.000001 -0.000000 
-11.190370 103.500320 -0.608294 5.638888 -5.011699 13.983699 -0.000004 10.181583 0.131521 1.708393 0.054329 -4.599205 3.400200 -0.072587 -9.178973 3.400267 -0.077805 -9.178751 0.000002 16.740385 -2.049031 -4.552534 1.812001 3.531656 -0.000000 9.617889 1.685008 -10.379787 13.454528 1.412925 0.000002 22.037338 7.501099 -0.000000 0.000001 0.000000 -4.569963 11.014912 -2.160882 0.431832 2.533351 -9.617194 40.338974 -21.780734 -8.922557 0.000014 55.930575 -0.000012 -11.818799 8.237727 27.997731 -2.464826 -1.573947 2.681843 -1.619243 -4.333946 -6.744817 4.223207 -7.640274 -0.059988 -1.560143 0.883071 -1.926126 -0.000002 0.000003 0.000004 -9.108295 -0.517855 2.259824 -0.000003 -0.018782 0.000097 0.000002 0.029297 0.000001 0.000002 -0.010100 -0.000000 0.000000 0.000002 -0.000001 -9.532505 -0.000036 -0.000030 0.000000 -0.057483 0.000098 0.000007 0.097401 0.000026 0.000001 -0.036906 -0.000004 -0.000001 0.000003 -0.000002 -9.103610 -0.043059 -1.865135 -0.000001 0.017915 -0.000001 0.000000 -0.025406 0.000042 -0.000001 -0.012904 -0.000007 0.000003 -0.000002 0.000000 -8.076694 -0.486705 -3.806277 -0.000001 0.059618 -0.000500 -0.000000 0.096996 0.000000 0.000007 -0.056898 -0.000001 -0.000002 0.000002 -0.000001 4.570449 11.014688 -2.160849 0.015397 7.762822 -8.525525 46.485892 -43.536541 -23.804521 0.000005 -0.000032 0.000013 -25.637351 -4.674454 -0.511284 2.466134 -1.576216 2.681738 -1.336445 4.338056 6.279181 3.576457 7.070882 0.589260 -0.821929 0.916469 2.391505 0.000007 0.000004 -0.000001 9.109297 -0.518043 2.259873 0.000014 -0.005096 0.000099 -0.000001 0.012003 0.000002 -0.000001 -0.007603 0.000002 0.000002 0.000001 -0.000002 9.533393 0.000026 0.000046 0.000003 -0.005523 0.015976 -0.000004 0.004327 -0.015979 0.000003 0.002401 0.000001 0.000001 -0.000003 -0.000002 9.104514 -0.043023 -1.865072 0.000009 0.000704 0.000101 -0.000002 -0.000003 -0.000000 -0.000001 0.000001 0.000001 -0.000003 -0.000003 0.000002 8.077782 -0.486855 -3.806256 -0.020174 4.288552 0.510630 -0.016176 -4.078361 -0.510907 0.000002 -0.007695 0.000000 0.000000 -0.000002 0.000002 -8.207788 -6.751671 -1.599559 -10.326659 -2.616485 -17.175721 12.178503 -9.293029 -9.088565 -7.467358 -1.710085 13.831275 -1.363009 0.000012 0.000002 -0.000000 -0.000000 -0.000000 8.207790 -6.751701 -1.599554 -10.027487 28.992807 5.332178 3.460631 2.988208 1.528166 48.321433 -3.042465 -6.960912 -37.878020 0.163024 -3.933811 0.000000 0.000002 -0.000000 
-11.467722 103.634789 -0.558638 6.624456 -6.724219 12.261448 -0.000006 10.181601 0.131520 1.779070 0.808002 -5.274187 3.600684 1.456969 -9.622917 3.607977 1.442235 -9.622041 0.000003 16.740389 -2.049036 -5.720873 1.560523 3.209594 0.000003 9.617901 1.685011 -11.323621 10.815464 6.348333 0.000003 22.037369 7.501098 -0.000001 -0.000001 -0.000000 -4.569966 11.014914 -2.160886 0.817264 4.640798 -12.091278 48.159148 -19.010660 2.312990 0.000014 49.790587 0.000004 4.066399 3.298170 19.184786 -2.464815 -1.573972 2.681838 -1.619246 -4.333934 -6.744811 4.223208 -7.640275 -0.059992 -1.560138 0.883066 -1.926118 0.000004 -0.000009 -0.000003 -9.108279 -0.517871 2.259830 -0.000003 -0.018784 0.000102 -0.000001 0.029300 -0.000000 0.000001 -0.010104 -0.000000 0.000000 0.000002 0.000001 -9.532509 -0.000050 -0.000034 -0.000004 -0.057482 0.000102 0.000003 0.097400 0.000026 0.000001 -0.036900 -0.000002 0.000001 -0.000002 -0.000000 -9.103580 -0.043075 -1.865151 -0.000003 0.017916 0.000002 0.000001 -0.025407 0.000042 -0.000001 -0.012898 -0.000004 0.000002 -0.000003 -0.000000 -8.076684 -0.486704 -3.806276 -0.000002 0.059614 -0.000498 -0.000001 0.097003 0.000000 0.000000 -0.056904 -0.000001 -0.000001 0.000001 -0.000000 4.570453 11.014725 -2.160857 0.006277 8.405597 -9.378198 48.197063 -43.695971 -16.480217 -0.000000 -0.000000 0.000006 -22.305029 -5.322226 -2.564407 2.466144 -1.576207 2.681728 -1.336443 4.338051 6.279180 3.576457 7.070878 0.589263 -0.821929 0.916478 2.391504 0.000007 0.000005 0.000000 9.109312 -0.518043 2.259864 0.000014 -0.005100 0.000100 0.000003 0.012001 0.000000 -0.000003 -0.007603 -0.000003 -0.000003 -0.000001 -0.000002 9.533401 0.000027 0.000035 0.000010 -0.005527 0.015973 -0.000002 0.004328 -0.015975 0.000002 0.002400 0.000001 0.000001 0.000000 0.000000 9.104524 -0.043038 -1.865081 0.000011 0.000700 0.000100 -0.000001 -0.000000 0.000001 0.000003 -0.000001 -0.000001 0.000002 -0.000000 0.000002 8.077791 -0.486855 -3.806266 -0.020172 4.288549 0.510627 -0.016184 -4.078364 -0.510908 0.000004 -0.007702 -0.000001 0.000003 -0.000001 -0.000003 -8.207784 -6.751663 -1.599562 -10.478278 -3.200483 -15.253238 10.212644 -7.921213 -8.155236 -6.390083 -1.519214 12.687514 -2.156921 0.000011 0.000002 0.000000 0.000001 -0.000000 8.207790 -6.751680 -1.599556 -14.304367 27.680055 8.445818 8.080731 5.716389 2.298649 46.471316 -1.896721 -4.463912 -39.214360 0.043600 -1.969351 0.000000 0.000001 -0.000000 
-11.428283 103.861069 -0.215926 7.322196 -6.594929 10.062735 -0.000006 10.181581 0.131522 1.575018 1.267925 -5.570282 3.216430 2.447444 -9.443333 3.233024 2.430041 -9.442044 0.000002 16.740398 -2.049034 -6.076337 1.263431 3.131832 0.000003 9.617887 1.685011 -10.481599 8.657469 9.959310 0.000002 22.037384 7.501091 -0.000000 -0.000001 -0.000000 -4.569962 11.014926 -2.160884 0.707128 4.076009 -11.867282 47.272262 -15.529082 8.616331 -0.000006 40.582464 0.000017 11.557097 0.694291 8.179618 -2.464809 -1.573982 2.681844 -1.619263 -4.333922 -6.744818 4.223209 -7.640274 -0.059990 -1.560142 0.883061 -1.926119 0.000003 -0.000006 -0.000003 -9.108283 -0.517885 2.259828 -0.000000 -0.018783 0.000098 0.000001 0.029301 -0.000000 0.000002 -0.010102 0.000000 -0.000000 -0.000000 0.000001 -9.532506 -0.000047 -0.000034 -0.000005 -0.057484 0.000098 0.000002 0.097399 0.000022 0.000000 -0.036900 -0.000003 -0.000001 -0.000001 0.000002 -9.103594 -0.043073 -1.865150 -0.000002 0.017917 -0.000002 0.000000 -0.025405 0.000042 -0.000001 -0.012901 -0.000005 0.000001 0.000000 0.000002 -8.076683 -0.486701 -3.806276 -0.000004 0.059629 -0.000503 -0.000003 0.097000 0.000000 0.000002 -0.056899 -0.000001 0.000002 -0.000001 -0.000000 4.570446 11.014735 -2.160855 0.008481 8.829582 -10.018124 51.640332 -38.622295 -10.715351 -0.000008 -11.477623 -0.000001 -18.465961 -6.301238 -3.809503 2.466145 -1.576208 2.681736 -1.336439 4.338057 6.279182 3.576453 7.070882 0.589265 -0.821935 0.916469 2.391497 0.000004 0.000002 0.000000 9.109307 -0.518045 2.259870 0.000010 -0.005099 0.000101 -0.000001 0.012001 -0.000001 -0.000001 -0.007603 -0.000001 -0.000001 -0.000001 -0.000001 9.533403 0.000028 0.000046 0.000007 -0.005523 0.015976 -0.000006 0.004325 -0.015977 0.000001 0.002400 -0.000002 -0.000001 -0.000001 -0.000001 9.104521 -0.043037 -1.865074 0.000010 0.000702 0.000101 -0.000002 -0.000001 -0.000001 -0.000003 0.000000 0.000000 -0.000001 -0.000001 -0.000000 8.077778 -0.486854 -3.806257 -0.020172 4.288549 0.510629 -0.016181 -4.078362 -0.510907 -0.000003 -0.007699 0.000001 0.000005 -0.000001 0.000000 -8.207787 -6.751674 -1.599559 -9.547259 -5.810979 -13.450616 6.700696 -6.467761 -6.842685 -4.334756 -1.193696 11.551479 -4.152981 0.000000 0.000002 -0.000000 0.000000 -0.000000 8.207789 -6.751711 -1.599553 -17.262948 25.349752 10.594743 10.568096 7.277458 3.384189 44.941832 -1.116690 -2.783308 -39.787983 0.004973 -0.618080 -0.000000 -0.000001 -0.000001 
-11.041132 104.202164 0.342028 7.745943 -5.371423 7.509810 -0.000005 10.181583 0.131521 1.124053 1.302667 -5.508756 2.296487 2.601241 -8.729519 2.317242 2.588257 -8.728141 -0.000006 16.740398 -2.049037 -5.846949 0.990297 3.521392 -0.000000 9.617869 1.685006 -8.411965 7.662467 12.162626 0.000002 22.037354 7.501095 -0.000000 0.000001 0.000000 -4.569969 11.014904 -2.160883 0.357122 2.129491 -10.122193 41.968289 -14.712140 9.391105 0.000016 34.992271 -0.000009 13.002867 3.249640 -3.437995 -2.464816 -1.573968 2.681862 -1.619253 -4.333939 -6.744804 4.223211 -7.640274 -0.059989 -1.560142 0.883066 -1.926121 0.000004 -0.000006 -0.000003 -9.108274 -0.517873 2.259850 -0.000000 -0.018784 0.000104 -0.000001 0.029301 -0.000003 0.000001 -0.010102 0.000004 0.000002 0.000001 -0.000003 -9.532506 -0.000046 -0.000019 0.000003 -0.057483 0.000104 -0.000001 0.097397 0.000020 -0.000002 -0.036899 -0.000000 0.000001 -0.000001 -0.000003 -9.103580 -0.043078 -1.865122 0.000001 0.017916 0.000005 -0.000002 -0.025406 0.000044 0.000003 -0.012900 -0.000002 0.000002 -0.000001 -0.000000 -8.076680 -0.486708 -3.806271 -0.000003 0.059619 -0.000491 -0.000001 0.096998 -0.000002 0.000003 -0.056898 -0.000004 -0.000001 -0.000002 -0.000000 4.570443 11.014694 -2.160857 -0.002395 8.464980 -9.354529 52.078734 -29.841424 -10.954985 -0.000030 -29.242868 -0.000007 -13.718101 -8.024833 -5.275773 2.466137 -1.576211 2.681735 -1.336442 4.338057 6.279183 3.576462 7.070882 0.589265 -0.821930 0.916474 2.391508 -0.000001 0.000003 -0.000005 9.109299 -0.518045 2.259872 0.000012 -0.005099 0.000105 -0.000003 0.012001 -0.000001 0.000000 -0.007601 -0.000001 -0.000004 0.000001 0.000001 9.533395 0.000026 0.000045 0.000005 -0.005524 0.015979 -0.000000 0.004325 -0.015977 0.000003 0.002402 -0.000000 -0.000002 0.000000 -0.000001 9.104520 -0.043038 -1.865071 0.000012 0.000701 0.000105 -0.000002 0.000000 0.000000 0.000001 -0.000000 0.000001 0.000003 -0.000001 -0.000000 8.077781 -0.486870 -3.806256 -0.020169 4.288549 0.510631 -0.016173 -4.078364 -0.510909 0.000003 -0.007698 0.000001 0.000001 0.000000 -0.000001 -8.207786 -6.751663 -1.599561 -9.864398 -7.764702 -11.955779 6.858151 -5.587708 -5.452161 -0.932089 -0.734252 11.058773 -7.280585 0.000001 -0.000004 0.000000 0.000001 -0.000000 8.207790 -6.751708 -1.599555 -19.127631 22.860319 12.188056 11.767016 7.738947 4.479703 43.251982 -0.759333 -2.160320 -39.099742 0.004160 -0.556253 0.000000 0.000003 0.000002 
-10.345160 104.602089 0.961199 8.129388 -3.917084 4.688937 -0.000005 10.181602 0.131522 0.552196 0.958043 -5.229309 1.112269 1.999556 -7.475586 1.130912 1.993971 -7.474588 0.000002 16.740387 -2.049034 -5.332382 0.878416 4.116582 -0.000001 9.617883 1.685009 -6.418054 7.968851 13.068016 0.000003 22.037384 7.501094 0.000000 0.000001 0.000000 -4.569964 11.014891 -2.160882 0.080140 0.122163 -7.669907 35.591187 -14.470401 6.237932 -0.000015 33.891757 0.000015 12.691081 8.530438 -12.131375 -2.464819 -1.573981 2.681840 -1.619245 -4.333930 -6.744815 4.223212 -7.640281 -0.059997 -1.560141 0.883066 -1.926115 0.000007 -0.000007 -0.000005 -9.108293 -0.517885 2.259825 0.000000 -0.018782 0.000099 0.000001 0.029301 -0.000001 0.000002 -0.010100 0.000003 0.000000 -0.000002 -0.000000 -9.532516 -0.000049 -0.000023 -0.000000 -0.057483 0.000099 0.000002 0.097398 0.000022 -0.000002 -0.036900 0.000004 0.000000 0.000002 -0.000003 -9.103593 -0.043091 -1.865124 0.000001 0.017918 0.000001 -0.000001 -0.025406 0.000038 -0.000001 -0.012900 -0.000002 -0.000000 0.000001 0.000000 -8.076679 -0.486721 -3.806265 -0.000004 0.059614 -0.000500 -0.000000 0.097002 0.000000 0.000003 -0.056903 -0.000002 0.000002 0.000003 0.000003 4.570445 11.014726 -2.160856 -0.045721 7.659184 -7.553862 50.742705 -23.488474 -15.246012 -0.000050 -41.907879 0.000001 -10.573953 -9.790316 -7.816295 2.466145 -1.576208 2.681735 -1.336444 4.338059 6.279182 3.576457 7.070885 0.589264 -0.821925 0.916473 2.391501 0.000001 -0.000006 -0.000004 9.109299 -0.518044 2.259871 0.000012 -0.005095 0.000105 -0.000003 0.012000 0.000000 -0.000004 -0.007600 -0.000000 -0.000001 0.000002 -0.000000 9.533422 0.000027 0.000042 0.000004 -0.005520 0.015980 -0.000007 0.004329 -0.015978 0.000004 0.002401 -0.000000 0.000000 0.000001 0.000000 9.104543 -0.043023 -1.865076 0.000007 0.000705 0.000104 -0.000001 0.000001 -0.000001 -0.000005 0.000002 -0.000000 -0.000000 -0.000003 0.000001 8.077785 -0.486857 -3.806258 -0.020177 4.288553 0.510632 -0.016174 -4.078363 -0.510909 -0.000002 -0.007700 0.000001 0.000002 -0.000001 0.000000 -8.207786 -6.751663 -1.599558 -9.685647 -8.531162 -10.344368 6.772026 -5.386161 -4.226276 3.819722 -0.093992 10.984430 -11.910768 0.000001 -0.000004 -0.000000 0.000001 -0.000000 8.207791 -6.751688 -1.599555 -20.419884 20.632600 13.630617 12.404114 7.721685 5.626670 41.096961 -0.791641 -2.645473 -37.910057 0.001963 -0.376135 0.000000 -0.000000 -0.000001 
-9.364012 104.987831 1.569803 8.537732 -2.705201 1.847877 -0.000005 10.181581 0.131520 -0.015284 0.366451 -4.727488 -0.052622 0.891558 -5.687694 -0.042981 0.894852 -5.687361 0.000003 16.740372 -2.049032 -4.621048 1.056134 4.386607 0.000006 9.617903 1.685009 -4.793097 9.373402 12.401330 0.000001 22.037323 7.501098 0.000000 -0.000000 -0.000000 -4.569966 11.014910 -2.160883 -0.050403 -1.390985 -5.351071 28.229549 -12.331516 2.024690 0.000002 33.292924 -0.000002 11.939183 11.741809 -16.546231 -2.464799 -1.573956 2.681862 -1.619250 -4.333932 -6.744816 4.223206 -7.640271 -0.059985 -1.560140 0.883059 -1.926120 0.000003 0.000000 -0.000001 -9.108284 -0.517850 2.259848 0.000000 -0.018780 0.000101 -0.000006 0.029302 -0.000001 0.000002 -0.010106 0.000000 0.000002 0.000005 -0.000000 -9.532499 -0.000047 0.000003 0.000004 -0.057484 0.000101 -0.000001 0.097399 0.000031 0.000005 -0.036900 -0.000003 0.000002 -0.000000 -0.000000 -9.103592 -0.043075 -1.865122 0.000003 0.017921 0.000006 -0.000002 -0.025413 0.000044 0.000001 -0.012901 -0.000007 0.000001 0.000004 -0.000003 -8.076678 -0.486713 -3.806262 0.000000 0.059620 -0.000495 -0.000002 0.096999 -0.000004 -0.000000 -0.056899 0.000007 -0.000003 -0.000000 -0.000001 4.570448 11.014698 -2.160854 -0.095402 6.887876 -5.588495 50.992936 -18.955925 -19.943903 -0.000092 -51.998428 -0.000035 -11.707313 -10.636148 -11.438976 2.466157 -1.576212 2.681734 -1.336446 4.338049 6.279187 3.576463 7.070881 0.589263 -0.821932 0.916474 2.391506 0.000006 0.000005 0.000002 9.109319 -0.518045 2.259871 0.000011 -0.005098 0.000106 0.000000 0.012001 -0.000000 -0.000002 -0.007599 -0.000002 0.000001 -0.000001 -0.000001 9.533418 0.000027 0.000044 0.000008 -0.005524 0.015982 -0.000005 0.004329 -0.015978 -0.000000 0.002398 0.000000 -0.000000 0.000001 0.000001 9.104531 -0.043038 -1.865076 0.000012 0.000700 0.000106 -0.000005 0.000000 0.000001 -0.000001 0.000002 0.000001 0.000000 -0.000000 -0.000001 8.077786 -0.486855 -3.806257 -0.020177 4.288547 0.510635 -0.016174 -4.078360 -0.510908 0.000002 -0.007699 -0.000001 -0.000003 -0.000001 0.000000 -8.207787 -6.751681 -1.599561 -9.175372 -8.515819 -8.730196 6.013738 -5.132644 -3.184958 9.532247 0.630821 11.222750 -17.060781 0.000007 -0.000003 -0.000000 0.000002 -0.000000 8.207790 -6.751718 -1.599554 -21.146372 18.575056 14.865171 12.652261 8.247518 6.848100 38.547638 -1.146574 -4.151888 -36.234584 0.000288 -0.129096 0.000000 0.000001 0.000000 
-8.121605 105.280312 2.155089 8.770318 -1.820258 -0.789850 -0.000005 10.181577 0.131519 -0.469988 -0.296971 -4.007548 -0.957324 -0.397133 -3.554630 -0.962090 -0.384843 -3.554585 0.000006 16.740349 -2.049033 -3.798003 1.480413 4.043986 0.000007 9.617881 1.685010 -2.817501 11.345076 10.183201 0.000003 22.037369 7.501093 0.000002 -0.000000 -0.000000 -4.569967 11.014906 -2.160883 -0.102579 -2.355136 -3.898320 18.391485 -8.044832 -0.602036 -0.000009 32.612845 -0.000008 11.016433 10.717519 -17.921392 -2.464823 -1.573959 2.681845 -1.619257 -4.333929 -6.744841 4.223209 -7.640280 -0.059986 -1.560139 0.883061 -1.926114 0.000000 -0.000006 -0.000011 -9.108290 -0.517853 2.259834 -0.000003 -0.018781 0.000098 -0.000001 0.029300 -0.000003 -0.000000 -0.010096 -0.000001 -0.000003 0.000001 -0.000005 -9.532513 -0.000048 -0.000022 -0.000001 -0.057485 0.000098 -0.000003 0.097397 0.000028 -0.000003 -0.036904 -0.000003 -0.000002 -0.000003 0.000008 -9.103599 -0.043058 -1.865136 -0.000000 0.017917 0.000000 -0.000001 -0.025407 0.000038 0.000003 -0.012902 -0.000001 0.000000 0.000006 -0.000000 -8.076690 -0.486715 -3.806273 -0.000012 0.059614 -0.000505 -0.000003 0.097004 0.000001 -0.000000 -0.056904 0.000003 0.000001 0.000002 -0.000005 4.570451 11.014685 -2.160852 -0.131927 6.247048 -3.908792 53.442340 -16.302967 -22.809511 -0.000102 -60.043394 -0.000080 -15.703452 -10.729961 -15.607267 2.466130 -1.576207 2.681730 -1.336449 4.338055 6.279183 3.576448 7.070874 0.589261 -0.821927 0.916476 2.391502 0.000000 0.000012 -0.000003 9.109299 -0.518045 2.259868 0.000009 -0.005100 0.000102 -0.000001 0.011999 -0.000001 0.000000 -0.007603 0.000001 -0.000002 0.000003 -0.000000 9.533396 0.000031 0.000044 0.000006 -0.005525 0.015976 -0.000005 0.004327 -0.015973 0.000002 0.002397 -0.000004 -0.000003 0.000001 0.000001 9.104511 -0.043036 -1.865077 0.000011 0.000701 0.000102 -0.000000 -0.000002 0.000001 -0.000008 -0.000002 0.000001 -0.000001 0.000001 -0.000000 8.077769 -0.486853 -3.806264 -0.020171 4.288548 0.510630 -0.016172 -4.078360 -0.510908 -0.000000 -0.007697 -0.000002 -0.000000 -0.000000 0.000001 -8.207786 -6.751671 -1.599560 -9.080428 -8.579041 -7.615970 5.976859 -4.246359 -2.305367 15.048182 1.305044 13.249420 -20.712468 0.000005 0.000001 0.000000 0.000000 -0.000000 8.207791 -6.751707 -1.599557 -21.156711 16.760676 15.853552 12.615949 9.503206 8.022537 35.537580 -1.715680 -6.614352 -34.209617 0.000024 -0.000012 0.000000 -0.000001 -0.000001 
-6.640496 105.429337 2.659056 8.562156 -1.091110 -3.079023 -0.000005 10.181603 0.131520 -0.731334 -0.833685 -3.227196 -1.445344 -1.484186 -1.493808 -1.464572 -1.465389 -1.493503 0.000000 16.740377 -2.049035 -3.076410 1.921453 3.342697 0.000003 9.617876 1.685013 -0.294585 13.050368 7.178443 0.000002 22.037369 7.501091 -0.000000 0.000001 -0.000000 -4.569970 11.014903 -2.160884 -0.141932 -3.018218 -3.209190 5.963914 -3.737878 -0.158168 -0.000006 33.958789 0.000002 10.466979 6.739914 -17.750944 -2.464786 -1.573950 2.681840 -1.619240 -4.333936 -6.744822 4.223214 -7.640279 -0.059986 -1.560138 0.883068 -1.926126 0.000002 -0.000001 0.000004 -9.108270 -0.517847 2.259836 0.000009 -0.018784 0.000102 -0.000001 0.029297 0.000006 0.000002 -0.010104 -0.000000 0.000002 -0.000000 -0.000001 -9.532491 -0.000027 -0.000022 0.000008 -0.057489 0.000101 0.000003 0.097394 0.000019 -0.000000 -0.036896 -0.000003 0.000001 0.000004 0.000003 -9.103572 -0.043063 -1.865140 0.000008 0.017917 0.000001 -0.000005 -0.025415 0.000045 0.000003 -0.012895 -0.000005 0.000002 -0.000003 -0.000001 -8.076653 -0.486691 -3.806282 0.000008 0.059611 -0.000498 0.000001 0.097005 -0.000000 0.000004 -0.056899 -0.000001 0.000001 -0.000000 0.000000 4.570448 11.014685 -2.160854 -0.164096 5.545977 -2.057588 56.680455 -14.562991 -22.948111 -0.000142 -66.787850 -0.000116 -19.203222 -11.243407 -19.860882 2.466137 -1.576210 2.681736 -1.336444 4.338058 6.279183 3.576454 7.070876 0.589265 -0.821926 0.916464 2.391508 0.000007 0.000005 -0.000007 9.109303 -0.518045 2.259869 0.000012 -0.005097 0.000103 -0.000004 0.012004 0.000000 0.000004 -0.007600 -0.000001 0.000002 0.000002 0.000000 9.533398 0.000026 0.000042 0.000007 -0.005522 0.015975 -0.000005 0.004326 -0.015976 0.000005 0.002402 0.000000 -0.000002 0.000002 0.000002 9.104523 -0.043036 -1.865072 0.000014 0.000702 0.000103 -0.000004 0.000004 0.000001 -0.000006 0.000003 0.000002 -0.000000 0.000001 -0.000001 8.077788 -0.486856 -3.806257 -0.020173 4.288553 0.510628 -0.016174 -4.078362 -0.510907 0.000003 -0.007700 0.000001 -0.000005 -0.000001 0.000000 -8.207788 -6.751652 -1.599562 -8.820032 -9.185863 -6.967069 5.958836 -2.889591 -1.630764 20.357152 2.130405 15.762082 -24.711930 0.002337 -0.478593 -0.000000 0.000000 -0.000000 8.207793 -6.751679 -1.599556 -20.380963 15.648829 16.566858 12.313462 10.158172 9.112440 32.068148 -2.372226 -10.098342 -31.982699 0.000017 -0.000008 -0.000000 -0.000002 -0.000001 
-4.928923 105.426331 3.007884 7.847772 -0.245244 -4.957657 -0.000004 10.181583 0.131525 -0.809566 -1.138867 -2.511036 -1.561838 -2.160236 0.217815 -1.590562 -2.139020 0.218458 0.000000 16.740387 -2.049035 -2.598114 2.188691 2.643781 0.000003 9.617894 1.685009 2.232571 13.865438 4.199832 0.000002 22.037338 7.501098 -0.000000 -0.000000 0.000000 -4.569969 11.014891 -2.160884 -0.193009 -3.846558 -2.553062 -5.713369 -1.568292 2.293488 -0.000007 37.841775 0.000015 10.474994 2.428016 -17.007005 -2.464800 -1.573955 2.681848 -1.619253 -4.333954 -6.744819 4.223208 -7.640277 -0.059990 -1.560139 0.883063 -1.926127 0.000003 -0.000004 0.000002 -9.108267 -0.517874 2.259839 -0.000003 -0.018782 0.000113 0.000001 0.029302 -0.000005 0.000002 -0.010102 0.000001 -0.000000 -0.000004 0.000006 -9.532503 -0.000052 -0.000024 -0.000000 -0.057483 0.000112 0.000004 0.097396 0.000020 -0.000001 -0.036893 -0.000002 -0.000000 -0.000007 0.000002 -9.103571 -0.043065 -1.865132 -0.000002 0.017919 0.000010 0.000000 -0.025414 0.000042 -0.000001 -0.012902 -0.000003 0.000001 -0.000002 -0.000002 -8.076674 -0.486694 -3.806275 -0.000003 0.059615 -0.000490 0.000001 0.096996 -0.000004 0.000001 -0.056903 0.000002 -0.000001 -0.000002 0.000002 4.570447 11.014703 -2.160857 -0.193087 4.587602 0.473330 58.830735 -12.633296 -20.994518 -0.000178 -72.319279 -0.000145 -22.684180 -12.056234 -24.446577 2.466142 -1.576215 2.681732 -1.336444 4.338053 6.279181 3.576450 7.070878 0.589255 -0.821926 0.916479 2.391511 -0.000001 0.000004 -0.000005 9.109311 -0.518045 2.259874 0.000014 -0.005106 0.000100 -0.000002 0.011998 -0.000003 0.000001 -0.007604 -0.000001 0.000001 0.000004 0.000000 9.533397 0.000029 0.000048 0.000005 -0.005531 0.015975 -0.000006 0.004325 -0.015979 0.000002 0.002400 -0.000003 -0.000002 -0.000002 -0.000002 9.104540 -0.043036 -1.865072 0.000013 0.000694 0.000100 -0.000001 -0.000002 0.000001 -0.000002 -0.000000 -0.000001 -0.000001 0.000000 -0.000002 8.077784 -0.486858 -3.806258 -0.020175 4.288543 0.510624 -0.016182 -4.078367 -0.510907 0.000006 -0.007691 -0.000001 0.000005 -0.000000 -0.000003 -8.207787 -6.751672 -1.599559 -8.102857 -10.187606 -6.764853 5.700017 -1.616716 -1.185750 25.427719 3.206366 18.245869 -28.903650 0.022110 -1.466916 0.000000 0.000001 -0.000000 8.207790 -6.751702 -1.599555 -18.671152 15.107530 16.879892 11.521928 9.190648 10.115986 28.561073 -2.980923 -14.708592 -30.041122 0.000012 -0.000008 0.000000 0.000001 0.000000 
-3.007458 105.250862 3.208432 6.862166 0.713419 -6.498084 -0.000005 10.181583 0.131521 -0.797949 -1.268351 -1.887732 -1.502616 -2.512686 1.699844 -1.536720 -2.491107 1.700695 -0.000001 16.740400 -2.049035 -2.278868 2.289351 1.948013 0.000000 9.617867 1.685014 4.260642 13.746151 1.450234 0.000002 22.037369 7.501092 0.000000 -0.000000 0.000000 -4.569969 11.014902 -2.160881 -0.241023 -4.956281 -1.599411 -13.074428 -0.750743 4.551441 0.000009 41.036442 -0.000008 10.683544 -0.228577 -16.598393 -2.464805 -1.573947 2.681848 -1.619257 -4.333937 -6.744822 4.223212 -7.640279 -0.059987 -1.560142 0.883071 -1.926123 0.000003 -0.000006 -0.000005 -9.108276 -0.517867 2.259831 -0.000003 -0.018775 0.000086 -0.000002 0.029310 0.000001 0.000000 -0.010103 -0.000002 -0.000003 -0.000001 -0.000002 -9.532498 -0.000048 -0.000026 -0.000005 -0.057470 0.000085 0.000001 0.097404 0.000023 0.000001 -0.036910 -0.000000 -0.000001 0.000003 -0.000001 -9.103583 -0.043076 -1.865137 -0.000004 0.017928 -0.000013 -0.000001 -0.025400 0.000043 -0.000001 -0.012899 -0.000005 -0.000002 0.000002 0.000001 -8.076686 -0.486708 -3.806278 -0.000008 0.059626 -0.000510 -0.000001 0.096999 -0.000001 0.000002 -0.056901 -0.000004 -0.000000 -0.000000 0.000001 4.570444 11.014694 -2.160853 -0.201765 3.421696 3.504631 58.894126 -10.248530 -18.185112 -0.000268 -75.711609 -0.000217 -28.565967 -11.933686 -30.098082 2.466119 -1.576194 2.681739 -1.336441 4.338053 6.279180 3.576457 7.070881 0.589263 -0.821925 0.916471 2.391503 -0.000003 0.000002 0.000000 9.109286 -0.518030 2.259871 0.000013 -0.005095 0.000103 0.000001 0.011994 -0.000003 -0.000003 -0.007603 -0.000002 0.000004 0.000003 -0.000002 9.533387 0.000024 0.000044 0.000007 -0.005521 0.015979 0.000000 0.004328 -0.015979 0.000004 0.002402 -0.000004 0.000001 -0.000002 -0.000001 9.104516 -0.043023 -1.865072 0.000014 0.000704 0.000103 0.000003 -0.000002 -0.000000 -0.000002 -0.000000 -0.000002 0.000001 0.000000 0.000000 8.077769 -0.486856 -3.806262 -0.020170 4.288551 0.510629 -0.016176 -4.078359 -0.510906 0.000000 -0.007701 -0.000001 0.000001 -0.000003 -0.000000 -8.207786 -6.751670 -1.599562 -7.024708 -11.417361 -6.899806 5.102763 -0.683033 -0.917789 30.201351 4.486223 20.527020 -32.507093 0.066011 -2.532739 -0.000000 -0.000000 -0.000000 8.207793 -6.751713 -1.599555 -16.428459 14.437543 17.361298 10.942676 7.076652 10.078572 24.727558 -2.948985 -19.597017 -27.199323 0.000024 -0.000003 0.000000 -0.000000 0.000000 
-0.937816 104.933052 3.352158 5.830966 1.379400 -7.884358 -0.000004 10.181590 0.131520 -0.782888 -1.309059 -1.235787 -1.438787 -2.700959 3.205355 -1.475794 -2.679011 3.206469 0.000001 16.740374 -2.049036 -1.910016 2.350030 1.134850 0.000000 9.617896 1.685007 5.704141 13.174065 -1.141837 0.000002 22.037369 7.501092 0.000000 0.000000 -0.000000 -4.569969 11.014913 -2.160885 -0.258362 -5.964045 -0.609782 -16.132960 0.386529 5.787394 -0.000011 41.185723 -0.000002 10.669627 -0.605303 -17.163174 -2.464799 -1.573946 2.681844 -1.619253 -4.333937 -6.744824 4.223203 -7.640268 -0.059992 -1.560135 0.883066 -1.926122 0.000001 -0.000004 -0.000001 -9.108284 -0.517857 2.259834 0.000001 -0.018786 0.000095 0.000000 0.029301 0.000002 -0.000001 -0.010096 0.000002 -0.000001 0.000004 0.000000 -9.532505 -0.000035 -0.000027 0.000001 -0.057485 0.000095 0.000001 0.097403 0.000025 0.000002 -0.036903 -0.000004 -0.000000 -0.000001 0.000002 -9.103598 -0.043076 -1.865135 -0.000000 0.017917 -0.000003 0.000000 -0.025402 0.000044 -0.000000 -0.012899 -0.000006 -0.000000 -0.000004 0.000001 -8.076687 -0.486702 -3.806277 -0.000000 0.059609 -0.000503 -0.000002 0.097005 -0.000004 0.000002 -0.056900 -0.000002 -0.000001 -0.000001 -0.000000 4.570443 11.014701 -2.160856 -0.187629 2.342074 6.329459 57.391812 -7.300034 -14.887227 -0.000264 -76.449419 -0.000220 -35.484547 -10.866766 -36.616009 2.466147 -1.576213 2.681734 -1.336440 4.338058 6.279182 3.576460 7.070879 0.589261 -0.821931 0.916462 2.391507 0.000006 0.000013 -0.000003 9.109308 -0.518045 2.259869 0.000017 -0.005098 0.000101 0.000003 0.012000 0.000000 0.000000 -0.007600 -0.000000 0.000002 0.000007 0.000001 9.533414 0.000027 0.000043 0.000004 -0.005521 0.015974 -0.000002 0.004325 -0.015976 0.000001 0.002404 -0.000001 -0.000004 0.000001 0.000002 9.104536 -0.043038 -1.865079 0.000012 0.000702 0.000101 -0.000001 0.000004 0.000002 -0.000003 0.000001 0.000001 -0.000002 -0.000000 -0.000001 8.077794 -0.486855 -3.806264 -0.020169 4.288553 0.510628 -0.016178 -4.078364 -0.510908 0.000002 -0.007703 -0.000001 -0.000001 0.000000 -0.000002 -8.207786 -6.751674 -1.599561 -5.234154 -12.863530 -6.966549 3.030271 0.118265 -0.740865 35.215123 5.810388 21.979926 -35.174180 0.168948 -4.070133 -0.000000 0.000003 -0.000000 8.207791 -6.751699 -1.599554 -14.647117 13.475055 17.352611 12.436497 5.221986 10.081480 16.209712 -1.057704 -19.241254 -23.106521 0.000021 -0.000006 -0.000000 -0.000001 -0.000000 
1.193750 104.492455 3.482553 4.707157 1.429648 -9.246638 -0.000005 10.181589 0.131522 -0.799701 -1.290676 -0.502229 -1.439198 -2.784437 4.711476 -1.477600 -2.760790 4.713025 0.000001 16.740404 -2.049039 -1.288965 2.440878 0.315005 0.000001 9.617860 1.685010 6.695732 12.725671 -3.464699 0.000002 22.037338 7.501096 0.000000 0.000001 -0.000000 -4.569970 11.014913 -2.160888 -0.246933 -6.599789 0.166597 -17.321027 1.827324 6.421286 -0.000013 39.613554 0.000005 10.406159 0.735238 -18.584724 -2.464801 -1.573967 2.681844 -1.619254 -4.333936 -6.744817 4.223210 -7.640272 -0.059991 -1.560141 0.883066 -1.926122 0.000005 -0.000001 -0.000001 -9.108284 -0.517870 2.259835 -0.000001 -0.018784 0.000104 0.000002 0.029301 -0.000004 -0.000000 -0.010097 -0.000002 0.000001 -0.000005 0.000002 -9.532505 -0.000051 -0.000022 -0.000001 -0.057480 0.000104 0.000002 0.097391 0.000021 0.000002 -0.036906 0.000002 0.000002 -0.000001 0.000005 -9.103590 -0.043058 -1.865125 -0.000002 0.017918 0.000003 -0.000001 -0.025404 0.000038 -0.000003 -0.012899 -0.000006 -0.000004 0.000003 0.000006 -8.076680 -0.486719 -3.806277 -0.000004 0.059618 -0.000500 -0.000001 0.096994 -0.000001 0.000003 -0.056904 0.000006 0.000000 -0.000005 0.000002 4.570445 11.014724 -2.160859 -0.178247 1.653509 8.339992 54.998363 -3.546001 -10.677478 -0.000229 -75.196988 -0.000192 -40.373344 -9.310020 -41.402629 2.466149 -1.576210 2.681736 -1.336442 4.338051 6.279183 3.576462 7.070879 0.589261 -0.821928 0.916474 2.391504 -0.000001 0.000006 -0.000005 9.109313 -0.518045 2.259871 0.000014 -0.005097 0.000105 -0.000000 0.012000 0.000003 0.000006 -0.007602 -0.000000 -0.000003 -0.000006 -0.000001 9.533424 0.000030 0.000047 0.000005 -0.005522 0.015979 -0.000001 0.004326 -0.015974 0.000006 0.002401 0.000001 0.000003 0.000002 0.000000 9.104542 -0.043024 -1.865072 0.000011 0.000701 0.000105 -0.000002 -0.000005 -0.000000 -0.000003 0.000002 -0.000000 0.000004 -0.000003 0.000000 8.077799 -0.486856 -3.806256 -0.020175 4.288553 0.510632 -0.016172 -4.078365 -0.510907 0.000004 -0.007703 0.000001 -0.000001 0.000002 0.000000 -8.207786 -6.751680 -1.599560 -3.980286 -13.971347 -6.873871 2.224029 1.473491 -0.580286 37.995150 6.162440 21.251434 -35.754971 0.175182 -3.908925 -0.000000 -0.000001 -0.000000 8.207793 -6.751706 -1.599553 -12.890534 12.712543 17.435304 13.870023 5.179065 10.087146 8.491758 0.453352 -18.274943 -18.038723 0.000016 -0.000004 0.000000 0.000002 -0.000000 
3.231306 104.003960 3.563406 3.447757 1.009128 -10.430575 -0.000005 10.181593 0.131521 -0.849884 -1.227130 0.108393 -1.513046 -2.787395 5.944966 -1.551591 -2.761002 5.946943 0.000000 16.740391 -2.049030 -0.405188 2.516231 -0.245795 -0.000001 9.617861 1.685010 7.403406 12.576321 -5.042086 0.000003 22.037354 7.501097 -0.000002 -0.000002 0.000000 -4.569969 11.014905 -2.160880 -0.221350 -7.119087 0.907531 -18.926488 2.817496 7.436408 0.000013 38.362963 -0.000018 10.112360 2.646660 -20.250690 -2.464809 -1.573963 2.681844 -1.619257 -4.333936 -6.744820 4.223212 -7.640278 -0.059986 -1.560135 0.883063 -1.926123 0.000004 -0.000004 -0.000001 -9.108285 -0.517871 2.259831 0.000002 -0.018783 0.000102 0.000002 0.029301 0.000001 0.000004 -0.010102 -0.000001 0.000001 0.000002 -0.000000 -9.532506 -0.000052 -0.000028 -0.000001 -0.057480 0.000101 0.000000 0.097400 0.000027 0.000001 -0.036909 -0.000002 -0.000001 0.000003 0.000000 -9.103591 -0.043077 -1.865134 0.000001 0.017916 0.000000 0.000001 -0.025403 0.000040 -0.000002 -0.012899 -0.000002 -0.000002 0.000001 -0.000000 -8.076671 -0.486709 -3.806280 -0.000009 0.059634 -0.000508 0.000003 0.096995 0.000002 0.000002 -0.056900 -0.000003 0.000001 -0.000006 0.000001 4.570443 11.014724 -2.160851 -0.198098 1.405714 9.539195 50.612064 0.400141 -5.629085 -0.000158 -72.256708 -0.000123 -43.001020 -6.649009 -41.327972 2.466154 -1.576211 2.681735 -1.336437 4.338046 6.279186 3.576453 7.070874 0.589260 -0.821931 0.916473 2.391501 -0.000000 0.000005 0.000006 9.109296 -0.518045 2.259870 0.000013 -0.005103 0.000106 0.000001 0.011998 -0.000001 -0.000000 -0.007597 -0.000001 -0.000001 0.000000 0.000001 9.533415 0.000026 0.000047 0.000009 -0.005528 0.015980 -0.000007 0.004324 -0.015976 0.000003 0.002400 -0.000001 -0.000006 0.000001 0.000001 9.104527 -0.043038 -1.865072 0.000016 0.000695 0.000105 -0.000002 0.000001 -0.000000 -0.000000 0.000000 0.000001 -0.000004 0.000002 -0.000001 8.077778 -0.486853 -3.806254 -0.020169 4.288543 0.510633 -0.016180 -4.078361 -0.510907 0.000002 -0.007700 -0.000004 -0.000002 -0.000000 0.000000 -8.207786 -6.751665 -1.599559 -3.218039 -13.891084 -6.767071 2.814115 2.682054 -0.472778 38.505994 5.688632 19.327214 -35.666831 0.064978 -1.183712 -0.000000 0.000000 -0.000000 8.207789 -6.751686 -1.599555 -10.960969 12.730727 17.438856 14.429697 6.541014 10.073619 1.818931 1.465242 -17.226217 -12.803636 0.000001 0.000001 -0.000000 0.000001 0.000000 
5.054486 103.508369 3.563030 2.295095 0.574126 -11.305266 -0.000005 10.181595 0.131522 -0.944850 -1.160560 0.498386 -1.689988 -2.769235 6.639982 -1.727963 -2.739587 6.642225 0.000001 16.740400 -2.049037 0.507905 2.530459 -0.462779 0.000000 9.617881 1.685015 8.117349 12.476863 -5.314821 0.000002 22.037354 7.501094 -0.000001 -0.000001 0.000000 -4.569971 11.014907 -2.160886 -0.186265 -7.782668 1.780056 -21.099725 2.801556 9.512626 -0.000001 37.937220 -0.000007 9.884996 4.092557 -21.647808 -2.464801 -1.573972 2.681844 -1.619268 -4.333941 -6.744822 4.223206 -7.640272 -0.059987 -1.560135 0.883057 -1.926122 -0.000003 -0.000002 -0.000008 -9.108275 -0.517868 2.259830 -0.000003 -0.018795 0.000104 -0.000002 0.029309 -0.000001 0.000001 -0.010101 -0.000001 -0.000003 -0.000002 -0.000000 -9.532498 -0.000044 -0.000022 -0.000002 -0.057491 0.000104 0.000000 0.097393 0.000022 0.000001 -0.036900 -0.000004 0.000002 0.000003 -0.000002 -9.103592 -0.043087 -1.865137 -0.000001 0.017910 0.000004 -0.000002 -0.025404 0.000042 -0.000001 -0.012901 -0.000007 0.000001 0.000001 -0.000000 -8.076671 -0.486708 -3.806279 -0.000008 0.059611 -0.000488 0.000001 0.096994 -0.000003 0.000002 -0.056894 -0.000005 0.000001 -0.000002 -0.000000 4.570444 11.014705 -2.160858 -0.248436 1.487001 10.184363 43.269262 2.900272 -0.286993 -0.000160 -67.375233 -0.000124 -43.289452 -3.188468 -34.780262 2.466141 -1.576215 2.681736 -1.336445 4.338062 6.279188 3.576457 7.070880 0.589265 -0.821927 0.916469 2.391507 0.000003 0.000000 -0.000001 9.109303 -0.518064 2.259870 0.000014 -0.005093 0.000106 0.000002 0.012001 0.000003 0.000001 -0.007598 -0.000000 -0.000003 -0.000001 0.000003 9.533406 0.000012 0.000045 0.000004 -0.005518 0.015983 0.000000 0.004324 -0.015977 0.000005 0.002399 0.000001 0.000003 0.000001 0.000001 9.104518 -0.043053 -1.865068 0.000011 0.000708 0.000105 -0.000006 -0.000002 0.000001 -0.000001 -0.000003 0.000004 0.000003 -0.000001 -0.000001 8.077781 -0.486873 -3.806253 -0.020177 4.288558 0.510631 -0.016174 -4.078366 -0.510905 -0.000001 -0.007699 -0.000002 -0.000001 -0.000003 0.000001 -8.207786 -6.751661 -1.599560 -2.300147 -12.521296 -6.661660 3.298819 2.591775 -0.478104 37.936974 5.106690 17.695106 -34.886769 -0.065524 1.184556 0.000000 0.000002 -0.000000 8.207792 -6.751711 -1.599555 -9.613241 13.754665 17.356035 14.800455 7.503950 10.055409 -3.748179 2.108982 -16.181992 -8.306902 0.000002 -0.000000 0.000000 -0.000001 -0.000000 
6.597791 103.013054 3.497874 1.611554 0.471721 -11.860285 -0.000006 10.181594 0.131522 -1.096840 -1.145318 0.723077 -1.992072 -2.801660 6.818104 -2.029017 -2.768750 6.820535 0.000001 16.740387 -2.049031 1.196172 2.492529 -0.456963 0.000002 9.617892 1.685005 8.957379 12.200419 -4.387889 0.000003 22.037369 7.501095 -0.000000 -0.000001 0.000000 -4.569969 11.014905 -2.160881 -0.143279 -8.482626 2.653457 -22.610882 1.806766 12.323931 -0.000011 37.763371 -0.000002 9.652870 4.607460 -22.566723 -2.464810 -1.573952 2.681864 -1.619252 -4.333948 -6.744815 4.223215 -7.640277 -0.059995 -1.560133 0.883061 -1.926122 0.000004 -0.000006 0.000000 -9.108285 -0.517886 2.259844 -0.000000 -0.018800 0.000099 -0.000003 0.029309 0.000000 -0.000000 -0.010104 -0.000001 0.000003 -0.000002 -0.000002 -9.532518 -0.000049 -0.000010 -0.000000 -0.057495 0.000100 -0.000003 0.097411 0.000024 0.000005 -0.036915 0.000001 0.000003 -0.000000 -0.000002 -9.103592 -0.043091 -1.865125 -0.000004 0.017906 0.000001 -0.000006 -0.025401 0.000040 -0.000001 -0.012898 -0.000001 -0.000002 0.000001 0.000002 -8.076676 -0.486708 -3.806265 -0.000001 0.059610 -0.000510 -0.000002 0.097010 0.000001 0.000000 -0.056905 -0.000002 0.000001 -0.000004 0.000002 4.570445 11.014710 -2.160853 -0.310012 1.779590 10.350841 34.767350 2.038969 4.208643 -0.000118 -58.997248 -0.000079 -38.497449 -2.146051 -22.762743 2.466125 -1.576182 2.681741 -1.336441 4.338063 6.279173 3.576458 7.070877 0.589265 -0.821925 0.916479 2.391509 0.000003 -0.000001 -0.000001 9.109290 -0.518029 2.259871 0.000011 -0.005092 0.000096 -0.000000 0.012003 0.000006 -0.000005 -0.007599 0.000002 0.000002 -0.000008 -0.000003 9.533389 0.000043 0.000045 0.000002 -0.005514 0.015972 -0.000001 0.004319 -0.015971 -0.000004 0.002404 0.000003 0.000001 0.000001 -0.000003 9.104527 -0.043037 -1.865071 0.000010 0.000707 0.000096 0.000001 -0.000004 0.000005 0.000000 -0.000001 0.000003 -0.000000 0.000003 0.000004 8.077781 -0.486858 -3.806256 -0.020170 4.288553 0.510625 -0.016178 -4.078364 -0.510904 -0.000005 -0.007695 -0.000001 -0.000001 -0.000001 -0.000001 -8.207787 -6.751675 -1.599560 -1.631069 -11.107733 -6.675139 3.740823 1.591772 -0.627638 36.628505 4.671316 16.916640 -33.656925 -0.136943 2.717900 -0.000000 0.000002 -0.000000 8.207793 -6.751698 -1.599556 -9.128333 15.482048 17.255274 15.069088 7.174444 10.030108 -8.441991 2.486434 -15.124680 -4.609684 0.000001 -0.000001 0.000000 -0.000001 -0.000000 
7.860988 102.473450 3.383758 1.485680 0.684000 -12.314676 -0.000006 10.181585 0.131520 -1.277875 -1.204713 0.856418 -2.351664 -2.932957 6.779772 -2.388633 -2.896597 6.782498 0.000003 16.740391 -2.049035 1.578840 2.423951 -0.352078 0.000000 9.617876 1.685006 9.661668 11.799836 -3.043576 0.000002 22.037369 7.501092 -0.000001 0.000000 -0.000000 -4.569968 11.014912 -2.160885 -0.093862 -9.099542 3.448212 -22.807608 0.843762 14.966159 0.000002 37.224558 -0.000017 9.340224 4.358410 -22.999615 -2.464797 -1.573965 2.681852 -1.619260 -4.333939 -6.744819 4.223208 -7.640283 -0.059983 -1.560141 0.883056 -1.926124 -0.000004 -0.000005 -0.000001 -9.108270 -0.517871 2.259836 0.000001 -0.018783 0.000102 -0.000004 0.029302 0.000003 0.000001 -0.010101 -0.000001 -0.000000 -0.000000 -0.000001 -9.532497 -0.000033 -0.000019 0.000002 -0.057486 0.000104 0.000001 0.097406 0.000025 0.000004 -0.036906 -0.000009 -0.000000 -0.000000 0.000002 -9.103580 -0.043060 -1.865129 0.000003 0.017918 0.000002 -0.000007 -0.025408 0.000046 -0.000001 -0.012899 -0.000001 0.000002 -0.000003 -0.000001 -8.076678 -0.486709 -3.806274 -0.000006 0.059613 -0.000497 -0.000003 0.097005 0.000004 -0.000002 -0.056899 -0.000006 0.000000 -0.000004 0.000003 4.570445 11.014706 -2.160856 -0.366574 2.160007 10.068172 27.435097 -1.062244 6.619405 -0.000064 -50.376190 -0.000028 -28.900668 -2.983106 -7.065125 2.466134 -1.576210 2.681741 -1.336444 4.338061 6.279181 3.576456 7.070879 0.589267 -0.821925 0.916479 2.391505 0.000002 0.000001 -0.000005 9.109305 -0.518074 2.259879 0.000010 -0.005093 0.000102 -0.000001 0.011998 0.000001 -0.000001 -0.007610 -0.000001 -0.000000 0.000008 0.000002 9.533395 0.000010 0.000054 0.000003 -0.005518 0.015976 -0.000002 0.004321 -0.015976 0.000001 0.002395 -0.000002 0.000001 -0.000002 -0.000000 9.104528 -0.043053 -1.865066 0.000010 0.000708 0.000101 0.000000 -0.000006 -0.000001 -0.000000 0.000001 0.000001 -0.000000 -0.000002 -0.000002 8.077785 -0.486886 -3.806249 -0.020175 4.288558 0.510629 -0.016178 -4.078370 -0.510907 -0.000000 -0.007701 -0.000002 -0.000000 -0.000001 -0.000001 -8.207788 -6.751663 -1.599561 -1.537249 -11.001658 -6.720673 4.226813 1.071179 -0.939157 35.095783 4.466007 17.057293 -32.479445 -0.167587 3.379233 -0.000000 -0.000000 -0.000000 8.207792 -6.751701 -1.599557 -10.593116 16.597180 17.501694 17.616110 6.168524 10.308256 -11.913096 2.670440 -14.486037 -1.664044 -0.000004 0.000001 -0.000000 0.000001 -0.000000 
8.873051 101.859070 3.205027 1.622484 0.943863 -13.001880 -0.000007 10.181574 0.131521 -1.423374 -1.320340 0.997248 -2.633122 -3.149664 6.831269 -2.673115 -3.108830 6.834521 0.000001 16.740398 -2.049034 1.740049 2.347522 -0.196490 0.000001 9.617879 1.685007 9.992051 11.466024 -1.945387 0.000001 22.037354 7.501096 0.000003 -0.000000 -0.000000 -4.569968 11.014935 -2.160883 -0.036782 -9.678618 4.219888 -22.154743 0.789215 16.932698 -0.000003 36.246274 0.000006 8.974910 3.922752 -23.071025 -2.464806 -1.573966 2.681842 -1.619254 -4.333950 -6.744822 4.223208 -7.640272 -0.059989 -1.560136 0.883058 -1.926124 0.000008 -0.000009 0.000001 -9.108291 -0.517857 2.259833 0.000005 -0.018792 0.000110 -0.000004 0.029301 0.000003 -0.000001 -0.010105 0.000001 0.000002 0.000002 -0.000000 -9.532508 -0.000033 -0.000029 0.000007 -0.057495 0.000111 -0.000006 0.097397 0.000024 0.000000 -0.036903 -0.000003 -0.000004 -0.000003 -0.000001 -9.103587 -0.043074 -1.865139 0.000007 0.017906 0.000011 -0.000002 -0.025404 0.000043 -0.000002 -0.012898 -0.000006 0.000000 -0.000001 0.000001 -8.076676 -0.486689 -3.806280 0.000005 0.059615 -0.000498 -0.000004 0.097006 -0.000004 0.000001 -0.056904 -0.000002 -0.000002 -0.000002 0.000000 4.570445 11.014732 -2.160855 -0.410012 2.596592 9.374120 21.411992 -4.762782 6.372139 -0.000069 -43.156567 -0.000039 -20.142301 -5.486533 8.272894 2.466128 -1.576228 2.681739 -1.336444 4.338055 6.279178 3.576455 7.070876 0.589259 -0.821926 0.916474 2.391509 -0.000001 0.000002 -0.000003 9.109299 -0.518044 2.259870 0.000011 -0.005098 0.000102 0.000000 0.011999 0.000002 0.000001 -0.007599 0.000001 -0.000000 -0.000002 -0.000001 9.533395 0.000026 0.000041 0.000004 -0.005522 0.015976 -0.000002 0.004319 -0.015976 0.000000 0.002403 0.000001 -0.000001 -0.000008 -0.000000 9.104514 -0.043038 -1.865068 0.000011 0.000699 0.000101 0.000001 0.000000 0.000003 -0.000000 -0.000002 0.000001 0.000001 -0.000001 0.000001 8.077782 -0.486871 -3.806261 -0.020175 4.288549 0.510628 -0.016178 -4.078364 -0.510905 0.000000 -0.007694 0.000001 -0.000000 -0.000006 0.000002 -8.207790 -6.751666 -1.599560 -2.014044 -12.038786 -6.554317 5.055277 1.629508 -1.346746 33.685069 4.421471 17.773648 -31.792447 -0.183707 3.453215 0.000000 0.000001 -0.000000 8.207786 -6.751699 -1.599555 -13.361431 16.548730 18.441835 22.196489 5.396154 10.524431 -14.427981 2.745402 -14.116061 -0.000104 0.000006 -0.000002 -0.000000 0.000002 -0.000000 
9.581741 101.420776 3.004697 1.532839 0.944282 -13.701051 -0.000005 10.181581 0.131520 -1.482255 -1.384306 0.955589 -2.732262 -3.303584 6.951588 -2.777225 -3.257717 6.955501 0.000000 16.740379 -2.049033 1.857602 2.250899 0.076650 0.000002 9.617863 1.685006 10.137017 11.253310 -1.148035 -0.000001 22.037369 7.501096 0.000002 -0.000001 0.000000 -4.569969 11.014906 -2.160882 0.036640 -10.261738 5.064697 -21.502315 1.193300 18.566361 -0.000004 35.256019 0.000006 8.649050 3.928159 -23.046742 -2.464816 -1.573981 2.681840 -1.619248 -4.333946 -6.744807 4.223208 -7.640268 -0.059994 -1.560132 0.883056 -1.926121 0.000001 0.000002 0.000003 -9.108291 -0.517869 2.259825 -0.000004 -0.018787 0.000116 -0.000003 0.029303 -0.000000 0.000001 -0.010103 -0.000004 0.000000 -0.000003 -0.000001 -9.532508 -0.000046 -0.000029 0.000001 -0.057490 0.000117 -0.000005 0.097405 0.000022 0.000001 -0.036902 -0.000001 -0.000003 -0.000003 -0.000000 -9.103601 -0.043073 -1.865137 -0.000003 0.017913 0.000016 -0.000004 -0.025408 0.000040 0.000001 -0.012900 -0.000004 -0.000002 0.000001 -0.000002 -8.076697 -0.486705 -3.806284 -0.000007 0.059613 -0.000481 -0.000004 0.096999 -0.000001 0.000004 -0.056902 -0.000001 0.000001 -0.000003 0.000001 4.570445 11.014701 -2.160852 -0.434936 3.104165 8.223882 15.057586 -7.825591 4.162284 -0.000047 -38.904665 -0.000003 -13.223070 -11.675860 17.807823 2.466135 -1.576181 2.681736 -1.336445 4.338053 6.279180 3.576458 7.070879 0.589265 -0.821928 0.916471 2.391503 0.000002 0.000006 -0.000001 9.109292 -0.518041 2.259876 0.000012 -0.005100 0.000101 -0.000002 0.011998 0.000000 0.000002 -0.007588 0.000001 0.000000 -0.000006 0.000000 9.533410 0.000027 0.000039 0.000004 -0.005523 0.015976 -0.000003 0.004325 -0.015980 -0.000001 0.002401 0.000002 -0.000000 0.000001 0.000002 9.104539 -0.043038 -1.865077 0.000013 0.000702 0.000100 0.000002 0.000003 0.000002 0.000001 -0.000003 -0.000001 0.000002 0.000004 -0.000001 8.077798 -0.486873 -3.806264 -0.020173 4.288551 0.510627 -0.016178 -4.078367 -0.510904 -0.000001 -0.007701 -0.000002 -0.000001 0.000003 0.000002 -8.207785 -6.751666 -1.599560 -2.296547 -12.892495 -6.250456 5.613054 2.495554 -1.662724 33.030706 4.443870 18.310443 -31.440730 -0.193468 3.466647 -0.000000 0.000002 -0.000000 8.207790 -6.751696 -1.599556 -14.893195 16.167633 19.302639 25.176853 5.047173 10.512764 -16.122503 2.774447 -13.790882 -0.000105 0.000006 -0.000001 -0.000000 0.000001 -0.000000 
10.040376 101.278427 2.846043 0.918097 0.491472 -14.134922 -0.000008 10.181602 0.131521 -1.440364 -1.288196 0.767210 -2.646927 -3.165251 6.841334 -2.692406 -3.118184 6.845365 0.000001 16.740385 -2.049032 2.086973 2.082759 0.569030 0.000000 9.617870 1.685004 10.501659 10.975139 -0.197539 0.000003 22.037338 7.501095 0.000003 -0.000001 0.000000 -4.569970 11.014934 -2.160883 0.138564 -10.782710 6.053559 -21.165578 1.028879 20.639904 -0.000017 34.507004 0.000012 8.382403 4.659273 -23.272241 -2.464811 -1.573983 2.681848 -1.619251 -4.333931 -6.744831 4.223213 -7.640274 -0.059978 -1.560134 0.883059 -1.926133 0.000005 -0.000002 0.000005 -9.108271 -0.517870 2.259838 0.000003 -0.018785 0.000096 0.000001 0.029301 0.000000 0.000001 -0.010102 0.000003 -0.000001 -0.000002 0.000001 -9.532504 -0.000066 -0.000019 0.000003 -0.057484 0.000097 -0.000001 0.097396 0.000025 0.000004 -0.036901 0.000001 -0.000002 -0.000001 -0.000002 -9.103591 -0.043078 -1.865131 0.000005 0.017915 -0.000003 -0.000003 -0.025408 0.000046 -0.000001 -0.012899 -0.000005 -0.000008 0.000003 0.000002 -8.076684 -0.486715 -3.806269 0.000002 0.059613 -0.000504 -0.000003 0.096995 -0.000001 -0.000003 -0.056896 -0.000001 0.000001 -0.000002 0.000006 4.570446 11.014709 -2.160855 -0.424812 3.587531 6.658030 7.365128 -10.233684 1.315932 -0.000053 -38.172872 -0.000019 -5.745231 -18.709659 22.392748 2.466145 -1.576213 2.681743 -1.336442 4.338058 6.279189 3.576457 7.070874 0.589258 -0.821925 0.916481 2.391509 0.000002 -0.000002 -0.000001 9.109304 -0.518044 2.259879 0.000012 -0.005096 0.000108 -0.000000 0.011996 0.000003 0.000000 -0.007602 0.000001 -0.000001 -0.000002 0.000001 9.533401 0.000013 0.000045 0.000006 -0.005521 0.015985 -0.000003 0.004321 -0.015977 0.000002 0.002399 0.000001 -0.000001 -0.000002 -0.000001 9.104533 -0.043024 -1.865068 0.000012 0.000702 0.000108 -0.000000 -0.000003 0.000000 0.000001 -0.000000 0.000001 0.000001 0.000001 0.000002 8.077791 -0.486873 -3.806254 -0.020174 4.288549 0.510636 -0.016178 -4.078364 -0.510915 -0.000001 -0.007698 -0.000003 0.000000 -0.000001 0.000005 -8.207788 -6.751657 -1.599560 -2.046730 -12.613452 -6.011757 5.794076 2.824005 -1.770866 33.237060 4.412637 18.049992 -31.264723 -0.213326 3.951449 -0.000000 0.000001 -0.000000 8.207794 -6.751696 -1.599555 -14.828704 16.058798 19.684163 26.266094 5.462416 10.469528 -16.818805 2.779588 -13.674649 -0.000093 0.000001 -0.000006 -0.000000 0.000002 -0.000000 
10.336126 101.346481 2.775440 0.005283 -0.422670 -14.227411 -0.000006 10.181592 0.131518 -1.354535 -1.004058 0.466784 -2.502241 -2.648131 6.327825 -2.540415 -2.604079 6.331297 0.000002 16.740417 -2.049033 2.464206 1.827628 1.263266 -0.000003 9.617890 1.685002 11.068852 10.465167 1.299763 0.000003 22.037338 7.501095 0.000002 -0.000000 0.000000 -4.569968 11.014910 -2.160885 0.255371 -11.091147 7.050513 -20.593362 0.061667 23.361528 0.000002 33.618942 -0.000002 7.988908 5.826025 -23.970552 -2.464807 -1.573981 2.681845 -1.619254 -4.333944 -6.744823 4.223214 -7.640274 -0.059992 -1.560136 0.883059 -1.926120 0.000002 -0.000009 -0.000003 -9.108284 -0.517861 2.259829 -0.000005 -0.018790 0.000099 -0.000001 0.029301 -0.000000 0.000001 -0.010102 0.000001 0.000005 -0.000002 0.000001 -9.532509 -0.000056 -0.000032 -0.000007 -0.057492 0.000099 -0.000004 0.097396 0.000022 0.000002 -0.036899 -0.000002 0.000002 -0.000001 0.000001 -9.103580 -0.043096 -1.865142 -0.000005 0.017913 -0.000001 0.000000 -0.025414 0.000039 -0.000005 -0.012897 -0.000001 -0.000000 -0.000001 -0.000001 -8.076667 -0.486726 -3.806284 -0.000002 0.059612 -0.000502 -0.000005 0.096992 -0.000001 -0.000002 -0.056901 -0.000002 0.000002 -0.000002 0.000004 4.570444 11.014708 -2.160856 -0.379228 3.898162 5.081668 -0.794352 -12.690941 -1.038797 -0.000060 -39.621002 -0.000021 2.257048 -22.838527 25.351326 2.466145 -1.576224 2.681733 -1.336443 4.338051 6.279174 3.576455 7.070874 0.589260 -0.821923 0.916479 2.391509 -0.000003 -0.000001 -0.000005 9.109312 -0.518043 2.259863 0.000010 -0.005102 0.000093 0.000001 0.012001 0.000000 -0.000001 -0.007600 0.000002 -0.000001 0.000001 0.000003 9.533423 0.000025 0.000037 0.000002 -0.005528 0.015965 -0.000002 0.004327 -0.015982 0.000002 0.002398 -0.000001 -0.000001 0.000002 0.000002 9.104532 -0.043045 -1.865084 0.000009 0.000697 0.000094 -0.000001 -0.000001 0.000004 0.000001 0.000001 -0.000001 -0.000000 -0.000001 0.000000 8.077809 -0.486865 -3.806272 -0.020175 4.288545 0.510620 -0.016178 -4.078362 -0.510905 -0.000001 -0.007700 -0.000001 -0.000000 0.000001 0.000003 -8.207786 -6.751662 -1.599560 -1.577833 -11.620261 -5.957102 5.776704 2.655255 -1.775330 33.849232 4.255164 17.024267 -31.120883 -0.240351 4.886225 -0.000000 0.000000 -0.000000 8.207793 -6.751694 -1.599555 -13.709038 16.459409 19.521773 25.996093 6.367157 10.512564 -16.843306 2.767772 -13.729201 -0.000064 0.000009 0.000004 -0.000000 0.000001 -0.000000 
10.478914 101.408043 2.746346 -0.658216 -1.496167 -14.288301 -0.000006 10.181598 0.131520 -1.287183 -0.647895 0.155252 -2.404511 -1.958655 5.697520 -2.432286 -1.917928 5.700233 0.000001 16.740416 -2.049032 2.882970 1.575532 1.954362 -0.000000 9.617884 1.685009 11.416784 9.917877 2.970892 0.000006 22.037354 7.501094 0.000001 -0.000000 0.000000 -4.569971 11.014908 -2.160883 0.334971 -11.055689 7.672762 -19.288336 -0.794803 26.020808 0.000001 31.897462 -0.000013 6.976199 6.718411 -25.001112 -2.464808 -1.573958 2.681840 -1.619247 -4.333950 -6.744825 4.223209 -7.640270 -0.059991 -1.560152 0.883069 -1.926121 0.000001 0.000000 0.000000 -9.108288 -0.517863 2.259827 0.000003 -0.018789 0.000094 -0.000001 0.029301 -0.000000 -0.000003 -0.010100 0.000001 0.000001 -0.000000 0.000001 -9.532506 -0.000042 -0.000030 0.000006 -0.057488 0.000095 -0.000003 0.097395 0.000024 0.000004 -0.036902 -0.000004 -0.000002 0.000001 0.000002 -9.103590 -0.043083 -1.865144 0.000007 0.017913 -0.000006 -0.000002 -0.025408 0.000041 -0.000003 -0.012900 -0.000005 -0.000005 -0.000004 -0.000001 -8.076678 -0.486712 -3.806286 -0.000000 0.059603 -0.000494 -0.000002 0.096999 -0.000002 0.000004 -0.056902 -0.000000 -0.000001 0.000000 0.000001 4.570445 11.014729 -2.160852 -0.327073 3.889838 4.279648 -7.359862 -15.516675 -2.214319 -0.000053 -41.064183 -0.000024 6.504193 -22.668696 25.258557 2.466150 -1.576196 2.681741 -1.336444 4.338053 6.279181 3.576457 7.070880 0.589266 -0.821928 0.916473 2.391508 -0.000002 0.000003 -0.000006 9.109302 -0.518045 2.259872 0.000011 -0.005099 0.000101 0.000001 0.011998 0.000000 -0.000000 -0.007599 -0.000004 0.000000 -0.000000 -0.000005 9.533404 0.000043 0.000049 0.000004 -0.005525 0.015978 -0.000001 0.004325 -0.015983 0.000001 0.002400 0.000001 -0.000001 0.000001 0.000005 9.104546 -0.043018 -1.865074 0.000011 0.000701 0.000104 -0.000001 -0.000001 -0.000003 -0.000001 -0.000001 -0.000000 -0.000000 0.000000 0.000000 8.077785 -0.486857 -3.806256 -0.020175 4.288548 0.510629 -0.016179 -4.078363 -0.510906 0.000001 -0.007703 -0.000004 -0.000000 0.000000 0.000003 -8.207784 -6.751659 -1.599560 -1.491521 -11.050894 -5.872281 5.942300 2.612240 -1.814842 34.158316 4.036906 15.976215 -31.283738 -0.263751 5.105489 0.000000 -0.000000 -0.000000 8.207790 -6.751698 -1.599556 -12.723182 16.692122 19.289153 25.596072 7.603257 10.541276 -16.760096 2.727180 -13.915943 -0.000054 -0.000006 0.000004 -0.000000 0.000001 0.000000 
10.414941 101.364349 2.650499 -0.845136 -2.190330 -14.549498 -0.000007 10.181598 0.131520 -1.188824 -0.395117 -0.050028 -2.230381 -1.457719 5.406203 -2.251323 -1.419612 5.408344 0.000002 16.740396 -2.049034 3.168612 1.445034 2.379156 -0.000000 9.617894 1.685001 11.101449 9.685962 3.834706 0.000004 22.037354 7.501099 -0.000002 0.000000 -0.000000 -4.569968 11.014924 -2.160882 0.339357 -10.682803 7.655390 -17.813198 -0.545911 27.608402 0.000001 29.269454 -0.000006 4.570429 6.731325 -25.790181 -2.464812 -1.573979 2.681847 -1.619246 -4.333942 -6.744820 4.223212 -7.640279 -0.059986 -1.560141 0.883069 -1.926126 0.000001 -0.000006 -0.000002 -9.108275 -0.517869 2.259841 0.000001 -0.018785 0.000098 -0.000007 0.029305 0.000000 0.000002 -0.010104 -0.000004 -0.000003 0.000003 0.000003 -9.532507 -0.000048 -0.000019 0.000005 -0.057484 0.000098 -0.000004 0.097401 0.000024 0.000005 -0.036899 -0.000001 -0.000004 -0.000000 -0.000004 -9.103582 -0.043074 -1.865133 0.000005 0.017916 -0.000000 -0.000006 -0.025407 0.000042 -0.000002 -0.012901 -0.000006 0.000002 -0.000000 -0.000002 -8.076687 -0.486707 -3.806276 -0.000004 0.059620 -0.000497 -0.000005 0.097001 -0.000003 0.000001 -0.056901 -0.000002 0.000002 0.000001 -0.000000 4.570449 11.014695 -2.160855 -0.286325 3.451891 4.799322 -8.389251 -18.393237 -0.350305 -0.000058 -39.447460 -0.000018 -0.642039 -16.943958 17.912946 2.466153 -1.576205 2.681727 -1.336443 4.338054 6.279189 3.576459 7.070881 0.589253 -0.821928 0.916469 2.391510 0.000001 -0.000001 -0.000005 9.109303 -0.518052 2.259867 0.000012 -0.005100 0.000106 -0.000001 0.011996 -0.000002 0.000001 -0.007599 -0.000004 0.000000 0.000001 0.000003 9.533411 0.000023 0.000040 0.000003 -0.005526 0.015982 -0.000002 0.004325 -0.015981 -0.000000 0.002402 0.000001 0.000000 -0.000001 -0.000002 9.104534 -0.043030 -1.865073 0.000010 0.000699 0.000105 -0.000000 0.000000 -0.000008 -0.000000 0.000002 0.000006 0.000001 0.000003 0.000004 8.077790 -0.486882 -3.806257 -0.020174 4.288548 0.510633 -0.016179 -4.078364 -0.510914 0.000000 -0.007700 -0.000001 0.000001 0.000001 0.000003 -8.207788 -6.751657 -1.599560 -1.842778 -11.543616 -5.581592 6.345287 2.996231 -1.878573 33.958065 3.919309 15.629034 -31.153500 -0.272399 5.187055 -0.000000 -0.000000 -0.000000 8.207791 -6.751692 -1.599556 -12.575251 16.287916 19.450272 25.792881 8.669496 10.526189 -16.812465 2.714593 -14.194536 -0.000042 -0.000005 -0.000003 -0.000000 0.000001 -0.000000 
10.171773 101.315308 2.434787 -0.762165 -2.062294 -14.854324 -0.000003 10.181598 0.131520 -0.928193 -0.351577 -0.071996 -1.710289 -1.366449 5.614223 -1.730862 -1.334487 5.616033 0.000003 16.740364 -2.049036 3.253588 1.446607 2.415791 -0.000001 9.617902 1.685004 9.588408 9.756528 3.319101 0.000004 22.037338 7.501095 0.000002 -0.000000 0.000000 -4.569965 11.014904 -2.160884 0.265283 -9.857811 6.892095 -17.002144 0.302363 27.690620 -0.000002 27.006858 0.000006 0.097189 5.849345 -25.572483 -2.464811 -1.573967 2.681849 -1.619263 -4.333940 -6.744817 4.223210 -7.640272 -0.059989 -1.560141 0.883064 -1.926122 -0.000002 -0.000005 0.000004 -9.108283 -0.517872 2.259840 0.000001 -0.018781 0.000101 -0.000006 0.029302 0.000001 0.000002 -0.010103 -0.000000 -0.000004 0.000002 -0.000001 -9.532510 -0.000052 -0.000028 0.000005 -0.057479 0.000102 -0.000006 0.097398 0.000025 -0.000000 -0.036903 -0.000001 -0.000001 0.000003 0.000001 -9.103589 -0.043075 -1.865137 0.000005 0.017919 0.000002 -0.000005 -0.025404 0.000042 0.000001 -0.012901 -0.000005 -0.000004 -0.000001 -0.000001 -8.076676 -0.486708 -3.806276 -0.000005 0.059620 -0.000495 -0.000000 0.096999 -0.000001 0.000001 -0.056897 -0.000001 -0.000004 0.000000 0.000001 4.570451 11.014715 -2.160856 -0.254258 2.804414 6.096457 0.507716 -19.665479 7.962720 -0.000042 -32.989192 -0.000018 -22.607380 -6.356080 7.539482 2.466140 -1.576200 2.681743 -1.336444 4.338050 6.279186 3.576457 7.070877 0.589264 -0.821926 0.916474 2.391511 -0.000001 0.000004 -0.000005 9.109310 -0.518046 2.259873 0.000011 -0.005104 0.000103 0.000001 0.012001 0.000003 0.000002 -0.007597 -0.000005 -0.000002 0.000003 0.000004 9.533416 0.000029 0.000046 0.000004 -0.005529 0.015977 -0.000003 0.004331 -0.015970 -0.000000 0.002394 -0.000006 0.000001 0.000001 -0.000001 9.104531 -0.043034 -1.865068 0.000012 0.000696 0.000103 0.000000 0.000006 0.000003 -0.000001 0.000001 -0.000000 -0.000001 -0.000000 0.000004 8.077793 -0.486873 -3.806254 -0.020171 4.288544 0.510633 -0.016181 -4.078362 -0.510911 -0.000001 -0.007696 -0.000001 0.000002 -0.000005 -0.000005 -8.207787 -6.751657 -1.599560 -2.135912 -12.634499 -5.331642 6.672329 3.191933 -1.725315 33.805598 3.954286 15.861760 -30.977186 -0.262117 5.095685 -0.000000 0.000003 0.000000 8.207792 -6.751693 -1.599556 -12.928505 15.504727 19.867192 26.184029 8.999573 10.501301 -16.766625 2.730387 -14.412331 0.000004 0.000001 -0.000000 -0.000000 0.000001 0.000000 
9.894017 101.444336 2.140908 -0.562085 -0.975149 -14.844515 -0.000003 10.181601 0.131521 -0.431159 -0.516296 0.141804 -0.701066 -1.656045 6.214014 -0.726884 -1.638133 6.215730 -0.000001 16.740377 -2.049030 3.143747 1.501094 2.057930 0.000001 9.617899 1.685007 6.420556 9.769160 1.698579 -0.000002 22.037338 7.501098 -0.000000 -0.000001 0.000000 -4.569970 11.014903 -2.160880 0.128831 -8.156340 5.137373 -15.915068 0.197137 26.471621 0.000007 26.931750 -0.000012 -6.404332 4.630655 -23.764940 -2.464812 -1.573960 2.681839 -1.619259 -4.333949 -6.744822 4.223210 -7.640270 -0.059986 -1.560141 0.883057 -1.926130 0.000001 -0.000005 0.000004 -9.108274 -0.517869 2.259825 -0.000004 -0.018785 0.000095 0.000001 0.029302 0.000001 0.000000 -0.010104 -0.000001 -0.000005 -0.000000 -0.000000 -9.532507 -0.000046 -0.000037 -0.000003 -0.057484 0.000095 -0.000002 0.097398 0.000025 -0.000003 -0.036901 -0.000003 -0.000005 0.000003 0.000000 -9.103587 -0.043057 -1.865140 0.000001 0.017914 -0.000004 -0.000007 -0.025405 0.000042 -0.000003 -0.012899 -0.000006 -0.000000 0.000001 -0.000001 -8.076681 -0.486707 -3.806287 0.000002 0.059615 -0.000499 -0.000000 0.097000 -0.000001 -0.000002 -0.056897 -0.000000 0.000003 0.000001 0.000002 4.570443 11.014725 -2.160851 -0.239206 2.326400 7.274326 13.320315 -15.648512 19.782149 -0.000041 -26.963966 -0.000007 -44.109017 -0.740519 -3.365514 2.466130 -1.576225 2.681739 -1.336444 4.338058 6.279179 3.576457 7.070871 0.589261 -0.821929 0.916469 2.391507 0.000005 0.000010 -0.000007 9.109280 -0.518043 2.259881 0.000011 -0.005097 0.000103 -0.000001 0.012007 0.000001 0.000000 -0.007598 0.000001 0.000000 -0.000004 -0.000002 9.533401 0.000011 0.000046 0.000004 -0.005523 0.015976 -0.000001 0.004331 -0.015977 0.000001 0.002402 0.000002 0.000002 0.000003 -0.000001 9.104521 -0.043037 -1.865068 0.000010 0.000703 0.000101 0.000002 0.000007 0.000001 0.000001 0.000005 0.000001 0.000001 -0.000005 0.000000 8.077771 -0.486857 -3.806254 -0.020174 4.288553 0.510629 -0.016180 -4.078363 -0.510906 0.000001 -0.007698 0.000003 -0.000002 -0.000003 -0.000000 -8.207788 -6.751662 -1.599560 -2.074931 -13.317329 -5.547160 6.572963 2.123155 -1.087973 34.622420 4.071504 15.861549 -31.284698 -0.245370 4.934692 0.000000 0.000002 -0.000000 8.207793 -6.751688 -1.599554 -13.100724 14.742395 19.876875 25.798231 8.664495 10.530172 -16.180817 2.694514 -14.409198 -0.000046 0.000001 0.000000 -0.000000 0.000001 -0.000000 
9.661009 101.857643 1.803069 -0.139825 0.961460 -14.280034 -0.000005 10.181571 0.131522 0.268416 -0.808838 0.581467 0.718857 -2.128927 7.041924 0.686351 -2.131686 7.043905 0.000001 16.740393 -2.049031 2.715036 1.542474 1.382421 0.000003 9.617931 1.685007 2.049936 9.555566 -0.396956 0.000003 22.037323 7.501101 -0.000000 0.000000 0.000000 -4.569967 11.014891 -2.160881 0.024057 -5.533352 2.482215 -11.569478 -1.425594 24.162672 -0.000004 29.759199 -0.000001 -13.991009 3.786367 -20.129385 -2.464809 -1.573975 2.681867 -1.619256 -4.333934 -6.744820 4.223215 -7.640279 -0.059985 -1.560139 0.883071 -1.926116 0.000003 -0.000006 -0.000003 -9.108283 -0.517890 2.259855 0.000009 -0.018777 0.000104 -0.000001 0.029302 0.000000 0.000003 -0.010103 0.000002 -0.000000 -0.000001 -0.000000 -9.532506 -0.000068 -0.000007 0.000014 -0.057478 0.000104 0.000002 0.097397 0.000023 -0.000002 -0.036903 -0.000001 0.000000 0.000004 0.000001 -9.103586 -0.043075 -1.865108 0.000011 0.017924 0.000004 -0.000011 -0.025408 0.000041 -0.000003 -0.012901 -0.000004 0.000001 0.000000 0.000001 -8.076676 -0.486721 -3.806259 0.000003 0.059620 -0.000495 0.000006 0.096996 -0.000001 0.000003 -0.056900 -0.000001 -0.000002 0.000006 0.000003 4.570446 11.014722 -2.160852 -0.227790 1.814023 8.705460 23.123394 -7.330581 25.824874 -0.000052 -30.377208 -0.000018 -53.675578 1.810376 -13.548607 2.466133 -1.576203 2.681740 -1.336442 4.338053 6.279181 3.576460 7.070880 0.589261 -0.821928 0.916468 2.391507 0.000000 0.000004 -0.000001 9.109302 -0.518043 2.259873 0.000011 -0.005097 0.000097 -0.000000 0.011999 0.000001 -0.000003 -0.007597 0.000001 -0.000001 0.000001 -0.000001 9.533399 0.000029 0.000044 0.000003 -0.005521 0.015971 0.000000 0.004330 -0.015975 -0.000001 0.002399 -0.000000 0.000001 0.000001 0.000001 9.104528 -0.043036 -1.865078 0.000013 0.000701 0.000098 -0.000000 0.000005 0.000000 -0.000003 0.000000 0.000001 -0.000001 0.000002 -0.000000 8.077788 -0.486856 -3.806261 -0.020174 4.288551 0.510625 -0.016179 -4.078361 -0.510907 -0.000000 -0.007701 0.000001 -0.000001 -0.000006 -0.000001 -8.207785 -6.751676 -1.599560 -1.894556 -13.478285 -6.296177 6.006715 -0.248597 -0.245287 36.814388 4.152335 14.993853 -32.368902 -0.236430 4.835616 0.000000 0.000000 -0.000000 8.207793 -6.751706 -1.599556 -12.914875 14.349193 19.027532 23.996184 7.969955 10.599436 -14.731822 2.541398 -14.078491 -0.086805 0.000001 -0.000002 -0.000000 0.000001 -0.000000 
9.299122 102.561249 1.376702 0.526111 3.402946 -13.082944 -0.000006 10.181580 0.131521 1.067258 -1.107144 1.029980 2.334516 -2.554748 7.831461 2.298060 -2.578984 7.834063 -0.000000 16.740395 -2.049035 1.791886 1.554944 0.607129 0.000000 9.617883 1.685010 -2.008685 9.220998 -2.415357 0.000002 22.037338 7.501094 0.000000 -0.000000 0.000000 -4.569972 11.014927 -2.160885 0.053613 -2.700056 -0.263981 -1.843780 -4.008073 21.569746 -0.000004 35.076047 -0.000000 -21.395627 3.811036 -14.735196 -2.464807 -1.573973 2.681844 -1.619249 -4.333933 -6.744818 4.223211 -7.640273 -0.059988 -1.560143 0.883063 -1.926124 -0.000003 -0.000003 0.000002 -9.108282 -0.517872 2.259836 -0.000001 -0.018782 0.000104 -0.000004 0.029306 0.000001 -0.000001 -0.010105 0.000001 -0.000000 0.000000 0.000001 -9.532510 -0.000052 -0.000023 -0.000005 -0.057481 0.000102 0.000000 0.097402 0.000026 0.000006 -0.036906 -0.000003 0.000001 0.000002 -0.000002 -9.103589 -0.043077 -1.865134 -0.000001 0.017918 0.000002 -0.000003 -0.025402 0.000045 0.000002 -0.012898 -0.000001 0.000001 0.000001 -0.000001 -8.076678 -0.486718 -3.806277 0.000005 0.059625 -0.000507 -0.000003 0.097005 0.000001 -0.000003 -0.056900 -0.000002 -0.000001 0.000001 0.000002 4.570443 11.014715 -2.160856 -0.161604 0.789980 11.050342 32.356208 -0.013696 21.947040 -0.000063 -39.957249 -0.000029 -52.644007 2.385311 -20.644686 2.466145 -1.576208 2.681733 -1.336443 4.338054 6.279182 3.576455 7.070876 0.589257 -0.821925 0.916476 2.391511 0.000001 0.000007 -0.000005 9.109306 -0.518047 2.259863 0.000012 -0.005102 0.000102 -0.000001 0.012006 0.000001 0.000000 -0.007597 0.000001 0.000001 -0.000001 0.000000 9.533401 0.000026 0.000044 0.000003 -0.005524 0.015976 -0.000002 0.004327 -0.015977 0.000000 0.002399 -0.000002 -0.000001 -0.000002 0.000002 9.104533 -0.043037 -1.865079 0.000013 0.000696 0.000103 0.000001 0.000006 0.000001 -0.000000 0.000005 -0.000001 0.000001 -0.000000 -0.000002 8.077784 -0.486872 -3.806255 -0.020175 4.288551 0.510630 -0.016179 -4.078362 -0.510907 0.000001 -0.007703 0.000003 -0.000000 0.000000 -0.000001 -8.207789 -6.751674 -1.599560 -1.990079 -13.974693 -7.280522 5.204304 -2.635044 0.080021 39.765392 4.028350 13.216452 -33.933937 -0.241811 4.865842 -0.000000 0.000000 -0.000000 8.207789 -6.751703 -1.599555 -12.228303 14.711906 17.336121 20.321826 6.777990 10.566428 -12.163384 2.281675 -13.396087 -2.533045 0.000001 -0.000002 0.000000 -0.000001 -0.000000 
8.571784 103.441566 0.777464 0.997398 5.720459 -11.268441 -0.000006 10.181581 0.131520 1.878591 -1.344019 1.322445 3.964040 -2.844397 8.174725 3.926781 -2.887115 8.178304 -0.000000 16.740374 -2.049031 0.526215 1.560027 -0.030872 0.000001 9.617887 1.685007 -4.569758 8.875979 -3.952763 0.000003 22.037369 7.501091 0.000000 -0.000000 0.000000 -4.569969 11.014915 -2.160883 0.191700 -0.301939 -2.383416 11.809303 -6.879510 20.044730 0.000014 42.193237 -0.000012 -27.768035 4.770143 -8.043841 -2.464807 -1.573952 2.681843 -1.619254 -4.333943 -6.744816 4.223203 -7.640269 -0.059989 -1.560132 0.883056 -1.926126 -0.000000 0.000002 0.000000 -9.108284 -0.517864 2.259832 0.000004 -0.018786 0.000101 0.000002 0.029307 0.000003 0.000000 -0.010104 0.000004 -0.000001 -0.000003 0.000000 -9.532505 -0.000041 -0.000025 0.000004 -0.057484 0.000101 0.000002 0.097400 0.000025 -0.000001 -0.036900 -0.000004 -0.000003 0.000001 0.000000 -9.103599 -0.043080 -1.865136 0.000003 0.017916 0.000000 -0.000001 -0.025402 0.000042 0.000002 -0.012898 0.000001 -0.000002 0.000002 0.000005 -8.076691 -0.486700 -3.806279 -0.000000 0.059620 -0.000493 -0.000002 0.097003 -0.000002 0.000001 -0.056902 0.000000 0.000002 0.000002 0.000004 4.570443 11.014703 -2.160852 -0.021539 -0.363126 12.774802 39.275545 -0.108101 13.384067 -0.000064 -46.312579 -0.000032 -37.877675 -3.899193 -28.023592 2.466140 -1.576211 2.681736 -1.336446 4.338044 6.279179 3.576459 7.070884 0.589258 -0.821932 0.916466 2.391504 0.000003 0.000001 -0.000003 9.109314 -0.518042 2.259883 0.000011 -0.005109 0.000102 0.000001 0.011999 -0.000006 -0.000001 -0.007604 -0.000001 0.000000 -0.000003 0.000001 9.533415 0.000028 0.000047 0.000006 -0.005532 0.015974 -0.000002 0.004323 -0.015977 0.000002 0.002399 0.000002 0.000000 0.000001 0.000001 9.104528 -0.043037 -1.865075 0.000014 0.000689 0.000102 -0.000002 0.000007 -0.000002 0.000001 -0.000010 -0.000001 0.000001 -0.000002 -0.000004 8.077773 -0.486871 -3.806250 -0.020176 4.288543 0.510632 -0.016175 -4.078365 -0.510915 0.000000 -0.007695 -0.000001 0.000001 -0.000002 -0.000003 -8.207788 -6.751679 -1.599560 -2.556522 -14.959159 -8.349209 4.772392 -4.052519 -0.383976 42.371820 3.589166 10.876126 -35.609615 -0.269695 5.100737 -0.000000 -0.000002 -0.000000 8.207788 -6.751708 -1.599556 -11.654765 15.244953 15.391003 16.971837 5.294346 10.197128 -7.408806 1.831156 -12.736183 -6.681857 0.000001 -0.000000 0.000000 0.000001 -0.000000 
7.389531 104.449471 0.027806 0.531234 7.171714 -8.505530 -0.000005 10.181581 0.131521 2.678284 -1.505828 1.179975 5.559956 -3.057652 7.661366 5.523653 -3.115120 7.666323 -0.000001 16.740377 -2.049039 -0.625179 1.572592 -0.358129 -0.000004 9.617871 1.685011 -5.702929 8.648847 -4.698638 0.000003 22.037369 7.501095 -0.000000 -0.000001 0.000000 -4.569969 11.014928 -2.160889 0.347969 1.400647 -3.676071 25.224905 -9.300479 19.356324 0.000012 50.643882 -0.000004 -32.798036 6.275782 -1.052570 -2.464807 -1.573979 2.681848 -1.619256 -4.333934 -6.744830 4.223211 -7.640271 -0.059991 -1.560140 0.883070 -1.926119 0.000002 -0.000009 0.000001 -9.108295 -0.517880 2.259837 -0.000004 -0.018781 0.000100 -0.000002 0.029308 -0.000004 0.000001 -0.010101 0.000006 0.000002 -0.000001 -0.000006 -9.532525 -0.000061 -0.000024 -0.000006 -0.057478 0.000099 0.000003 0.097394 0.000026 0.000002 -0.036902 -0.000003 -0.000000 0.000002 -0.000013 -9.103597 -0.043096 -1.865132 -0.000004 0.017919 0.000002 -0.000003 -0.025403 0.000033 0.000000 -0.012897 -0.000008 -0.000003 0.000003 -0.000002 -8.076694 -0.486728 -3.806275 -0.000005 0.059620 -0.000498 -0.000002 0.096996 -0.000006 -0.000001 -0.056896 0.000005 0.000002 -0.000006 -0.000003 4.570443 11.014690 -2.160859 0.152252 -1.231359 12.758069 44.409583 -5.406152 6.863157 -0.000054 -47.928585 -0.000025 -20.672831 -14.736401 -28.365747 2.466114 -1.576209 2.681735 -1.336441 4.338055 6.279183 3.576457 7.070869 0.589261 -0.821922 0.916480 2.391505 0.000002 -0.000002 0.000000 9.109292 -0.518044 2.259868 0.000012 -0.005096 0.000104 -0.000000 0.012003 0.000005 -0.000000 -0.007599 0.000003 0.000003 0.000000 -0.000000 9.533395 0.000025 0.000042 0.000006 -0.005521 0.015979 -0.000002 0.004328 -0.015976 0.000001 0.002396 -0.000002 -0.000001 0.000001 -0.000000 9.104528 -0.043037 -1.865078 0.000011 0.000704 0.000104 -0.000001 0.000000 0.000003 -0.000002 -0.000001 -0.000000 -0.000001 -0.000005 -0.000000 8.077768 -0.486860 -3.806261 -0.020174 4.288552 0.510633 -0.016178 -4.078379 -0.510909 -0.000001 -0.007698 0.000001 0.000002 0.000005 -0.000000 -8.207785 -6.751670 -1.599560 -3.178744 -15.814048 -9.907480 4.850907 -4.402313 -1.370387 44.219738 2.926840 8.395865 -37.229773 -0.311483 5.436121 -0.000000 -0.000000 0.000000 8.207787 -6.751693 -1.599554 -11.597828 15.167125 13.031954 16.346297 3.884670 10.319899 1.078804 1.013378 -12.931572 -11.855939 0.000001 -0.000005 0.000000 0.000002 -0.000000 
5.936357 105.370819 -0.734504 -1.049175 7.240983 -4.974321 -0.000006 10.181602 0.131520 3.487039 -1.521408 0.641519 7.145230 -3.081448 6.109338 7.113497 -3.148534 6.115618 0.000002 16.740398 -2.049040 -1.622247 1.551482 -0.159999 0.000001 9.617898 1.685003 -6.151650 8.602563 -4.362923 0.000002 22.037369 7.501091 0.000000 0.000001 0.000000 -4.569968 11.014914 -2.160884 0.428886 2.146478 -4.229209 36.021782 -10.860979 18.386275 0.000010 59.920054 -0.000020 -36.418610 7.765589 5.039949 -2.464799 -1.573967 2.681850 -1.619259 -4.333938 -6.744817 4.223212 -7.640274 -0.059988 -1.560133 0.883057 -1.926117 0.000005 -0.000006 0.000000 -9.108266 -0.517870 2.259839 -0.000012 -0.018787 0.000094 0.000001 0.029301 -0.000001 0.000004 -0.010101 0.000000 0.000002 0.000000 0.000001 -9.532495 -0.000051 -0.000020 -0.000008 -0.057484 0.000093 0.000003 0.097396 0.000028 -0.000001 -0.036897 -0.000003 0.000000 0.000003 -0.000003 -9.103576 -0.043062 -1.865129 -0.000011 0.017913 -0.000006 -0.000001 -0.025404 0.000042 -0.000001 -0.012898 -0.000003 -0.000001 0.000001 -0.000001 -8.076669 -0.486693 -3.806272 -0.000014 0.059621 -0.000505 -0.000000 0.096999 0.000002 0.000006 -0.056898 0.000001 -0.000001 0.000004 0.000002 4.570445 11.014704 -2.160860 0.303100 -1.808672 11.904355 50.272187 -12.579058 3.703063 -0.000093 -45.505172 -0.000046 -7.665207 -20.406788 -22.000000 2.466132 -1.576215 2.681738 -1.336444 4.338048 6.279188 3.576457 7.070874 0.589261 -0.821930 0.916473 2.391503 -0.000000 0.000003 -0.000003 9.109306 -0.518044 2.259879 0.000011 -0.005110 0.000105 0.000000 0.012000 0.000001 -0.000000 -0.007606 -0.000001 0.000000 -0.000002 -0.000000 9.533411 0.000026 0.000048 0.000004 -0.005532 0.015979 -0.000002 0.004325 -0.015978 -0.000000 0.002400 0.000001 0.000000 -0.000003 -0.000001 9.104520 -0.043037 -1.865067 0.000012 0.000693 0.000105 0.000000 -0.000000 0.000001 0.000000 -0.000002 -0.000000 0.000000 -0.000003 -0.000001 8.077778 -0.486872 -3.806253 -0.020174 4.288542 0.510633 -0.016178 -4.078363 -0.510909 -0.000000 -0.007703 0.000002 -0.000000 0.000002 0.000000 -8.207786 -6.751649 -1.599560 -3.889782 -16.220755 -12.100360 6.102570 -3.655819 -2.601680 44.704992 2.228896 6.279828 -38.514754 -0.365086 5.842908 0.000000 0.000001 -0.000000 8.207788 -6.751692 -1.599556 -10.189847 14.770593 10.344559 15.581704 3.283872 10.295399 11.364446 -0.376523 -13.544333 -19.364327 -0.000009 -0.000004 0.000000 0.000001 -0.000000 
4.431987 106.059052 -1.291361 -2.837141 5.890326 -1.425742 -0.000005 10.181602 0.131520 4.267550 -1.262265 -0.229286 8.633400 -2.614666 3.623068 8.611987 -2.682219 3.629598 0.000002 16.740389 -2.049033 -2.831622 1.372413 0.881529 0.000000 9.617888 1.685007 -6.672274 8.618913 -2.781098 0.000003 22.037369 7.501098 0.000000 -0.000000 -0.000000 -4.569968 11.014921 -2.160884 0.394909 1.862126 -4.179354 44.470504 -11.384267 17.465731 -0.000019 68.970677 0.000002 -38.658386 8.864313 9.568958 -2.464793 -1.573982 2.681847 -1.619259 -4.333938 -6.744815 4.223210 -7.640279 -0.059986 -1.560137 0.883066 -1.926126 -0.000000 -0.000005 0.000002 -9.108274 -0.517869 2.259834 -0.000004 -0.018781 0.000109 0.000000 0.029301 -0.000001 0.000002 -0.010103 -0.000001 0.000001 -0.000005 -0.000000 -9.532503 -0.000045 -0.000021 0.000002 -0.057479 0.000109 -0.000003 0.097396 0.000025 -0.000003 -0.036899 -0.000001 -0.000001 -0.000001 -0.000001 -9.103590 -0.043075 -1.865134 -0.000004 0.017919 0.000009 -0.000001 -0.025405 0.000048 0.000001 -0.012904 -0.000002 -0.000004 -0.000002 -0.000004 -8.076689 -0.486713 -3.806279 0.000001 0.059623 -0.000494 -0.000002 0.097003 0.000001 0.000003 -0.056900 -0.000001 -0.000002 -0.000001 0.000002 4.570442 11.014726 -2.160858 0.397255 -2.201089 11.478829 55.462840 -20.067982 2.120276 -0.000055 -39.303470 -0.000028 0.912285 -21.317644 -13.680395 2.466140 -1.576210 2.681736 -1.336444 4.338045 6.279176 3.576457 7.070880 0.589264 -0.821926 0.916480 2.391503 -0.000001 -0.000006 -0.000001 9.109303 -0.518044 2.259873 0.000012 -0.005106 0.000097 -0.000001 0.011999 -0.000000 -0.000000 -0.007600 -0.000000 -0.000001 -0.000004 0.000001 9.533414 0.000028 0.000048 0.000005 -0.005530 0.015972 -0.000003 0.004326 -0.015978 0.000000 0.002399 0.000000 -0.000001 -0.000005 -0.000000 9.104532 -0.043036 -1.865071 0.000012 0.000692 0.000097 -0.000000 -0.000002 0.000000 0.000001 -0.000001 -0.000001 0.000000 -0.000001 0.000001 8.077791 -0.486869 -3.806257 -0.020174 4.288543 0.510624 -0.016179 -4.078366 -0.510906 0.000000 -0.007702 -0.000001 0.000001 -0.000000 -0.000000 -8.207783 -6.751661 -1.599560 -4.727894 -16.117665 -14.327206 8.007739 -2.241449 -4.022947 43.263825 1.671836 4.867461 -38.691075 -0.387715 5.992569 0.000000 -0.000001 -0.000000 8.207792 -6.751694 -1.599556 -7.695636 14.466361 7.657269 13.513686 3.451454 10.110562 22.080986 -1.968595 -14.171985 -25.424531 -0.001902 0.051961 0.000000 0.000001 -0.000000 
2.883770 106.484047 -1.494316 -3.655160 3.725868 1.444872 -0.000005 10.181596 0.131520 4.760386 -0.789073 -1.389164 9.541266 -1.747582 0.555616 9.529749 -1.809521 0.561678 0.000000 16.740416 -2.049039 -3.761095 0.997498 2.678244 0.000000 9.617884 1.685010 -7.620151 8.645315 -0.263945 0.000002 22.037354 7.501095 -0.000002 0.000000 -0.000000 -4.569969 11.014926 -2.160886 0.322620 1.137713 -3.411918 51.587039 -11.181091 16.901979 -0.000000 76.474131 -0.000039 -39.611679 9.531038 12.796546 -2.464812 -1.573980 2.681844 -1.619263 -4.333944 -6.744826 4.223212 -7.640277 -0.059990 -1.560137 0.883061 -1.926117 0.000000 0.000001 0.000002 -9.108285 -0.517872 2.259834 -0.000002 -0.018790 0.000102 0.000002 0.029304 0.000001 0.000003 -0.010104 0.000000 0.000002 0.000001 0.000001 -9.532516 -0.000050 -0.000025 -0.000005 -0.057491 0.000102 -0.000011 0.097398 0.000026 -0.000003 -0.036898 -0.000001 0.000003 -0.000000 0.000001 -9.103589 -0.043076 -1.865133 -0.000004 0.017911 0.000003 -0.000000 -0.025405 0.000040 -0.000003 -0.012901 -0.000003 0.000003 -0.000001 0.000001 -8.076680 -0.486700 -3.806279 -0.000001 0.059606 -0.000499 -0.000004 0.097001 -0.000000 -0.000001 -0.056901 -0.000004 0.000001 0.000002 0.000000 4.570442 11.014720 -2.160857 0.443414 -2.427834 11.427386 57.599006 -25.947564 -0.085219 -0.000064 -31.179448 -0.000016 6.197223 -22.029314 -4.816272 2.466141 -1.576202 2.681741 -1.336445 4.338060 6.279182 3.576458 7.070875 0.589258 -0.821926 0.916478 2.391506 -0.000000 0.000003 -0.000008 9.109293 -0.518045 2.259870 0.000012 -0.005093 0.000101 -0.000000 0.011994 0.000001 0.000001 -0.007596 -0.000001 0.000001 0.000003 -0.000000 9.533404 0.000028 0.000050 0.000004 -0.005519 0.015975 -0.000003 0.004325 -0.015977 0.000002 0.002401 0.000000 0.000001 -0.000001 0.000001 9.104538 -0.043038 -1.865071 0.000011 0.000704 0.000100 -0.000001 -0.000000 0.000001 -0.000000 -0.000003 0.000000 -0.000002 -0.000003 -0.000001 8.077781 -0.486856 -3.806253 -0.020174 4.288554 0.510628 -0.016177 -4.078364 -0.510907 -0.000001 -0.007702 0.000000 -0.000002 -0.000002 -0.000000 -8.207787 -6.751668 -1.599560 -6.070448 -14.758309 -15.855990 10.749009 -1.764917 -5.548965 38.913463 1.344590 4.426096 -36.601829 -0.273605 5.018804 0.000000 0.000001 0.000001 8.207788 -6.751704 -1.599555 -5.730790 14.568124 5.898689 11.003890 4.590332 9.107354 30.983237 -3.133274 -13.768466 -31.342273 0.037910 -0.532403 -0.000000 -0.000001 -0.000000 
1.257435 106.692604 -1.354934 -3.187450 1.731997 3.611066 -0.000005 10.181587 0.131521 4.704656 -0.389546 -2.397148 9.388014 -1.007674 -2.165370 9.382649 -1.058333 -2.160567 0.000002 16.740383 -2.049029 -3.423291 0.768031 3.962150 0.000001 9.617873 1.685007 -8.750100 8.599599 2.220245 0.000002 22.037354 7.501094 -0.000002 0.000000 0.000000 -4.569968 11.014881 -2.160875 0.324870 1.028913 -2.725564 57.725146 -11.807077 16.537505 0.000041 81.684773 -0.000080 -39.339120 9.924005 15.610749 -2.464793 -1.573951 2.681850 -1.619251 -4.333939 -6.744804 4.223214 -7.640274 -0.059985 -1.560143 0.883063 -1.926123 0.000005 -0.000007 0.000002 -9.108270 -0.517867 2.259838 0.000003 -0.018784 0.000099 0.000005 0.029302 -0.000001 -0.000000 -0.010103 0.000002 0.000002 0.000001 -0.000002 -9.532500 -0.000044 -0.000020 0.000005 -0.057485 0.000099 -0.000002 0.097397 0.000025 -0.000006 -0.036900 -0.000003 0.000002 0.000001 -0.000001 -9.103580 -0.043071 -1.865129 0.000002 0.017915 -0.000001 0.000005 -0.025404 0.000042 -0.000002 -0.012903 -0.000004 0.000000 0.000001 0.000000 -8.076678 -0.486710 -3.806274 0.000009 0.059620 -0.000501 0.000004 0.097001 -0.000000 -0.000004 -0.056901 -0.000003 0.000000 -0.000000 -0.000003 4.570446 11.014688 -2.160848 0.420356 -2.038200 10.140635 56.940036 -28.914185 -2.654843 -0.000018 -24.208625 -0.000007 8.404713 -23.549615 2.999799 2.466143 -1.576215 2.681742 -1.336445 4.338056 6.279184 3.576456 7.070875 0.589257 -0.821922 0.916481 2.391510 -0.000002 0.000003 -0.000005 9.109316 -0.518045 2.259879 0.000011 -0.005098 0.000101 -0.000000 0.011995 0.000001 -0.000000 -0.007597 -0.000002 0.000001 -0.000002 0.000001 9.533413 0.000011 0.000051 0.000003 -0.005523 0.015975 -0.000003 0.004325 -0.015976 0.000001 0.002401 0.000001 0.000001 -0.000000 -0.000002 9.104538 -0.043039 -1.865063 0.000011 0.000704 0.000100 -0.000001 -0.000002 0.000000 -0.000001 -0.000003 -0.000000 -0.000001 0.000001 -0.000002 8.077800 -0.486870 -3.806252 -0.020176 4.288548 0.510627 -0.016178 -4.078355 -0.510904 0.000001 -0.007702 -0.000000 0.000000 -0.000002 0.000002 -8.207785 -6.751673 -1.599560 -6.800108 -12.072923 -16.249334 12.257479 -3.021203 -6.895896 33.439220 1.265423 5.009090 -33.142571 -0.184645 4.139497 -0.000001 -0.000000 -0.000000 8.207792 -6.751716 -1.599555 -5.144837 15.218083 4.939730 8.927850 6.102044 7.808617 37.292590 -3.421337 -11.928216 -34.281539 0.130609 -2.231936 -0.000000 0.000001 0.000000 
-0.469595 106.719070 -0.999271 -2.057715 0.658983 5.483892 -0.000004 10.181608 0.131521 4.223210 -0.216761 -2.922183 8.412318 -0.671113 -3.923221 8.409599 -0.706943 -3.920176 -0.000000 16.740421 -2.049038 -1.980925 0.837610 3.982624 -0.000000 9.617903 1.685006 -9.554505 8.238701 3.817417 0.000002 22.037308 7.501095 0.000000 0.000000 0.000000 -4.569972 11.014931 -2.160889 0.343689 1.221608 -2.832021 61.915556 -14.099723 15.773065 -0.000097 84.203767 0.000159 -37.846061 10.178249 18.847632 -2.464800 -1.573965 2.681845 -1.619249 -4.333925 -6.744802 4.223210 -7.640272 -0.059987 -1.560138 0.883064 -1.926121 -0.000001 -0.000009 0.000001 -9.108272 -0.517871 2.259832 -0.000001 -0.018782 0.000099 0.000003 0.029302 0.000001 0.000004 -0.010102 0.000000 0.000007 0.000001 -0.000000 -9.532494 -0.000048 -0.000026 -0.000000 -0.057482 0.000099 -0.000000 0.097397 0.000025 -0.000001 -0.036900 -0.000003 0.000003 0.000000 -0.000000 -9.103580 -0.043074 -1.865139 0.000001 0.017918 -0.000001 -0.000001 -0.025405 0.000043 -0.000005 -0.012901 -0.000003 -0.000001 0.000001 -0.000000 -8.076695 -0.486706 -3.806280 0.000000 0.059624 -0.000497 -0.000006 0.096999 0.000000 -0.000002 -0.056900 -0.000001 0.000001 0.000002 0.000001 4.570444 11.014743 -2.160855 0.310793 -0.650377 6.823665 55.194031 -29.557288 -3.327666 -0.000022 -19.741342 -0.000011 8.907951 -23.984033 7.242201 2.466141 -1.576199 2.681726 -1.336445 4.338057 6.279182 3.576457 7.070880 0.589262 -0.821927 0.916474 2.391507 0.000001 0.000004 -0.000003 9.109286 -0.518046 2.259863 0.000011 -0.005096 0.000104 0.000000 0.011999 -0.000001 -0.000001 -0.007604 0.000001 0.000000 0.000005 -0.000003 9.533401 0.000024 0.000038 0.000003 -0.005522 0.015976 -0.000003 0.004325 -0.015979 0.000001 0.002403 -0.000001 0.000000 -0.000006 -0.000001 9.104524 -0.043026 -1.865081 0.000011 0.000702 0.000103 -0.000001 0.000002 -0.000004 0.000000 -0.000002 -0.000003 -0.000000 -0.000002 0.000000 8.077790 -0.486874 -3.806261 -0.020174 4.288552 0.510627 -0.016177 -4.078359 -0.510905 0.000000 -0.007705 0.000001 -0.000000 -0.000001 -0.000001 -8.207787 -6.751647 -1.599561 -6.956259 -9.118664 -16.211637 12.846997 -5.660676 -7.917552 27.471767 1.235961 6.271903 -29.063408 -0.105226 3.145026 0.000001 -0.000001 -0.000001 8.207793 -6.751682 -1.599555 -5.066787 16.185265 4.227128 6.460601 7.263629 6.558626 42.568782 -3.126728 -9.238523 -36.294187 0.197253 -4.423805 0.000000 0.000000 -0.000000 
-2.266471 106.572693 -0.556459 -1.032144 0.667393 7.269509 -0.000003 10.181600 0.131520 3.550889 -0.144954 -3.158863 7.065502 -0.514043 -5.105560 7.064051 -0.535688 -5.104023 0.000005 16.740393 -2.049034 -0.064010 0.874165 3.720644 0.000001 9.617895 1.684999 -9.551199 7.475332 4.613017 0.000002 22.037354 7.501095 -0.000000 0.000002 -0.000000 -4.569966 11.014899 -2.160886 0.252810 0.393674 -2.839318 63.076975 -17.180624 13.370398 0.000053 83.518092 -0.000024 -35.250087 10.319519 22.770813 -2.464817 -1.573968 2.681838 -1.619238 -4.333957 -6.744825 4.223199 -7.640271 -0.059989 -1.560139 0.883061 -1.926117 0.000002 -0.000003 0.000007 -9.108285 -0.517870 2.259831 0.000002 -0.018784 0.000099 0.000002 0.029303 0.000001 0.000003 -0.010103 0.000001 0.000001 0.000000 -0.000001 -9.532500 -0.000049 -0.000027 0.000005 -0.057485 0.000099 -0.000004 0.097398 0.000025 -0.000001 -0.036899 -0.000002 -0.000002 0.000000 0.000001 -9.103596 -0.043075 -1.865141 0.000005 0.017916 -0.000001 -0.000000 -0.025405 0.000042 -0.000003 -0.012900 -0.000004 0.000000 0.000002 -0.000000 -8.076682 -0.486704 -3.806281 0.000005 0.059615 -0.000499 -0.000003 0.096998 -0.000001 -0.000001 -0.056900 -0.000001 0.000000 0.000001 0.000001 4.570447 11.014732 -2.160856 0.204680 1.154654 2.806882 53.119993 -29.287855 -2.046433 -0.000020 -17.050032 -0.000003 8.939959 -21.727236 7.506910 2.466151 -1.576208 2.681745 -1.336445 4.338058 6.279179 3.576458 7.070881 0.589267 -0.821928 0.916473 2.391499 0.000001 0.000004 0.000007 9.109307 -0.518046 2.259881 0.000012 -0.005094 0.000101 -0.000000 0.011999 -0.000005 -0.000001 -0.007601 0.000004 -0.000001 -0.000004 0.000001 9.533412 0.000038 0.000054 0.000004 -0.005518 0.015978 -0.000002 0.004325 -0.015984 0.000000 0.002401 0.000002 0.000000 -0.000001 0.000001 9.104532 -0.043039 -1.865065 0.000011 0.000705 0.000102 -0.000001 -0.000005 -0.000003 -0.000000 -0.000002 -0.000001 0.000000 0.000002 -0.000003 8.077787 -0.486854 -3.806248 -0.020175 4.288555 0.510628 -0.016178 -4.078362 -0.510905 0.000002 -0.007698 -0.000000 0.000000 -0.000004 -0.000004 -8.207783 -6.751663 -1.599560 -6.784416 -7.360638 -16.328208 13.073444 -8.361437 -8.635599 21.266007 1.070580 7.618549 -24.913865 -0.032430 1.755443 0.000000 0.000002 -0.000000 8.207790 -6.751695 -1.599556 -5.131814 17.009761 3.639195 4.386091 7.663103 5.270900 46.578475 -2.274378 -5.976319 -38.632656 0.225858 -4.674258 -0.000000 -0.000000 -0.000000 
-4.060291 106.256035 -0.097551 -0.422594 1.496494 8.804226 -0.000006 10.181580 0.131521 2.787008 -0.042681 -3.342056 5.544031 -0.289552 -6.140112 5.543544 -0.301020 -6.139445 0.000000 16.740389 -2.049035 1.925584 0.724508 3.995739 0.000001 9.617859 1.685007 -8.459130 6.540542 5.128228 0.000001 22.037369 7.501091 -0.000001 0.000001 0.000000 -4.569971 11.014896 -2.160885 0.072357 -1.508573 -2.202268 60.905896 -19.810810 9.295313 -0.000008 79.682524 0.000004 -31.876633 10.248778 26.994648 -2.464820 -1.573950 2.681852 -1.619248 -4.333944 -6.744819 4.223210 -7.640273 -0.059987 -1.560140 0.883068 -1.926124 -0.000000 -0.000007 0.000001 -9.108303 -0.517871 2.259844 0.000001 -0.018790 0.000100 -0.000002 0.029304 0.000001 -0.000004 -0.010103 -0.000001 -0.000006 0.000000 0.000000 -9.532511 -0.000049 -0.000021 -0.000003 -0.057491 0.000100 -0.000005 0.097396 0.000024 0.000003 -0.036898 -0.000003 0.000001 0.000001 0.000000 -9.103606 -0.043075 -1.865130 0.000002 0.017911 0.000000 0.000002 -0.025406 0.000042 -0.000001 -0.012900 -0.000004 -0.000005 -0.000002 0.000000 -8.076684 -0.486687 -3.806282 -0.000001 0.059609 -0.000501 -0.000003 0.097001 0.000001 -0.000007 -0.056900 -0.000000 -0.000003 -0.000001 -0.000001 4.570446 11.014713 -2.160856 0.158218 2.509875 -0.167483 51.489361 -29.058691 -0.851321 -0.000001 -15.721506 -0.000009 7.115568 -16.453294 6.057837 2.466130 -1.576200 2.681749 -1.336440 4.338053 6.279189 3.576457 7.070876 0.589259 -0.821928 0.916468 2.391505 0.000003 0.000003 -0.000006 9.109292 -0.518046 2.259880 0.000011 -0.005100 0.000107 -0.000000 0.012000 -0.000002 0.000001 -0.007599 0.000004 0.000001 -0.000000 0.000002 9.533402 0.000026 0.000054 0.000005 -0.005526 0.015979 -0.000001 0.004328 -0.015976 -0.000000 0.002396 -0.000003 -0.000001 0.000001 0.000000 9.104532 -0.043024 -1.865059 0.000012 0.000699 0.000106 -0.000001 0.000002 0.000002 0.000002 -0.000001 -0.000001 0.000001 -0.000001 0.000001 8.077790 -0.486858 -3.806246 -0.020174 4.288547 0.510633 -0.016180 -4.078362 -0.510909 0.000000 -0.007696 0.000002 0.000001 0.000003 -0.000002 -8.207787 -6.751668 -1.599560 -6.377907 -7.212936 -16.514458 13.144323 -10.233231 -9.116376 15.025854 0.743341 8.778673 -20.934349 0.000009 0.009372 0.000000 0.000001 0.000001 8.207791 -6.751711 -1.599556 -6.017745 17.461339 3.576157 4.560064 7.313812 4.077263 48.338912 -1.229889 -3.036289 -40.100884 0.180039 -4.093326 0.000000 0.000002 0.000000 
-5.780731 105.779213 0.367257 -0.099678 2.777561 9.940330 -0.000005 10.181587 0.131520 2.012071 0.041266 -3.503377 4.004106 -0.092426 -7.010445 4.004089 -0.098339 -7.010163 -0.000003 16.740400 -2.049034 3.602634 0.527982 4.535912 0.000002 9.617895 1.685003 -6.534835 5.795704 5.531022 0.000001 22.037323 7.501099 -0.000000 0.000001 0.000000 -4.569973 11.014910 -2.160884 -0.076766 -3.433191 -1.366023 55.262572 -21.144550 4.360590 0.000015 73.466437 -0.000035 -28.056611 9.722966 30.731979 -2.464784 -1.573983 2.681858 -1.619255 -4.333941 -6.744835 4.223205 -7.640277 -0.059986 -1.560140 0.883064 -1.926120 0.000002 0.000000 -0.000001 -9.108272 -0.517871 2.259840 -0.000000 -0.018780 0.000096 -0.000003 0.029303 -0.000001 -0.000001 -0.010105 0.000000 -0.000002 0.000002 0.000000 -9.532495 -0.000065 -0.000012 0.000002 -0.057479 0.000096 -0.000002 0.097397 0.000025 -0.000002 -0.036898 -0.000000 -0.000002 0.000001 -0.000001 -9.103577 -0.043076 -1.865124 0.000005 0.017922 -0.000003 -0.000001 -0.025404 0.000041 -0.000003 -0.012904 -0.000004 -0.000004 0.000001 0.000000 -8.076669 -0.486715 -3.806270 0.000005 0.059623 -0.000505 0.000004 0.096996 -0.000000 0.000000 -0.056901 -0.000001 -0.000003 -0.000001 0.000000 4.570445 11.014733 -2.160853 0.138706 3.194244 -1.546012 50.350088 -28.839135 -1.356670 -0.000008 -15.783787 -0.000005 3.482906 -10.066665 5.917044 2.466136 -1.576198 2.681742 -1.336444 4.338056 6.279181 3.576455 7.070875 0.589262 -0.821924 0.916474 2.391508 -0.000003 0.000003 -0.000003 9.109306 -0.518048 2.259874 0.000011 -0.005097 0.000102 0.000002 0.011995 -0.000000 -0.000001 -0.007599 -0.000000 0.000000 0.000004 0.000001 9.533407 0.000024 0.000051 0.000006 -0.005520 0.015977 -0.000000 0.004323 -0.015977 0.000000 0.002399 0.000001 -0.000001 -0.000000 0.000004 9.104527 -0.043025 -1.865073 0.000011 0.000704 0.000102 0.000002 0.000000 -0.000001 -0.000001 -0.000004 -0.000003 0.000000 -0.000003 -0.000002 8.077771 -0.486859 -3.806256 -0.020174 4.288553 0.510629 -0.016176 -4.078364 -0.510906 -0.000000 -0.007702 0.000001 -0.000003 -0.000001 -0.000001 -8.207785 -6.751664 -1.599560 -5.808728 -7.926597 -16.509163 13.196795 -11.110468 -9.399453 8.980480 0.107932 9.744804 -17.499679 0.000014 0.000000 -0.000000 0.000000 -0.000000 8.207791 -6.751709 -1.599556 -7.200979 17.735845 3.945704 5.651329 6.122072 3.227104 48.854458 -0.608706 -1.436646 -41.006998 0.135747 -3.494932 0.000000 -0.000001 -0.000000 
-7.384243 105.243263 0.853912 0.190046 4.176345 10.807997 -0.000005 10.181586 0.131521 1.323353 -0.010533 -3.625528 2.627656 -0.153772 -7.491401 2.627518 -0.156924 -7.491314 0.000001 16.740402 -2.049035 4.606753 0.424769 4.685017 0.000001 9.617855 1.685009 -4.285608 5.449311 5.452401 0.000001 22.037338 7.501100 0.000000 0.000001 -0.000000 -4.569970 11.014919 -2.160885 -0.160644 -4.721024 -0.804510 46.857987 -20.693438 -0.921992 -0.000006 65.855707 -0.000007 -23.870441 8.500072 33.089282 -2.464815 -1.573970 2.681838 -1.619262 -4.333936 -6.744817 4.223208 -7.640273 -0.059992 -1.560138 0.883059 -1.926125 0.000002 -0.000003 0.000002 -9.108285 -0.517869 2.259835 0.000001 -0.018782 0.000102 -0.000001 0.029304 -0.000004 0.000004 -0.010104 -0.000001 -0.000003 -0.000003 -0.000001 -9.532509 -0.000048 -0.000026 -0.000000 -0.057481 0.000102 -0.000001 0.097399 0.000023 0.000001 -0.036901 -0.000001 -0.000003 0.000003 0.000005 -9.103593 -0.043076 -1.865135 0.000003 0.017919 0.000001 -0.000001 -0.025408 0.000042 -0.000002 -0.012904 -0.000009 0.000001 0.000002 -0.000000 -8.076694 -0.486714 -3.806278 -0.000000 0.059620 -0.000501 0.000003 0.096995 -0.000006 -0.000001 -0.056901 -0.000002 -0.000006 -0.000001 0.000002 4.570448 11.014715 -2.160857 0.105302 3.716492 -2.221375 48.509742 -28.518241 -3.666400 -0.000015 -16.494079 0.000007 0.651683 -6.002366 6.968136 2.466139 -1.576207 2.681744 -1.336443 4.338049 6.279176 3.576461 7.070881 0.589259 -0.821935 0.916471 2.391505 -0.000003 0.000007 0.000000 9.109305 -0.518034 2.259875 0.000013 -0.005104 0.000096 0.000001 0.011995 -0.000005 0.000003 -0.007599 -0.000002 -0.000003 -0.000007 -0.000000 9.533399 0.000025 0.000048 0.000004 -0.005525 0.015968 0.000000 0.004319 -0.015975 0.000001 0.002397 0.000002 0.000001 -0.000005 -0.000003 9.104515 -0.043038 -1.865075 0.000015 0.000698 0.000094 0.000001 -0.000002 -0.000002 -0.000004 -0.000004 -0.000001 -0.000000 -0.000003 -0.000002 8.077783 -0.486872 -3.806251 -0.020171 4.288547 0.510621 -0.016173 -4.078359 -0.510908 0.000002 -0.007700 -0.000001 -0.000000 -0.000003 -0.000001 -8.207784 -6.751681 -1.599560 -5.077635 -8.502902 -16.292592 13.156171 -11.056997 -9.456055 3.458665 -1.333396 10.230074 -13.798147 -0.000009 -0.000006 -0.000000 0.000001 0.000000 8.207790 -6.751704 -1.599555 -7.928537 18.069204 4.328319 5.834941 4.415772 2.770576 49.433924 -0.766295 -1.812702 -41.263710 0.130338 -3.414300 0.000000 0.000002 -0.000000 
-8.793803 104.737755 1.365198 0.635802 5.468252 11.385819 -0.000006 10.181584 0.131520 0.728260 -0.214110 -3.600514 1.426005 -0.514435 -7.511397 1.425205 -0.515915 -7.511432 -0.000004 16.740404 -2.049037 4.867664 0.418244 4.306254 0.000001 9.617853 1.685013 -1.952333 5.449837 4.666600 0.000002 22.037338 7.501095 -0.000001 0.000001 0.000000 -4.569973 11.014917 -2.160887 -0.204621 -5.751374 -0.181764 37.377449 -17.927891 -6.520213 0.000007 57.319125 0.000012 -19.257018 6.628976 33.282303 -2.464799 -1.573964 2.681837 -1.619246 -4.333941 -6.744818 4.223208 -7.640272 -0.059989 -1.560135 0.883068 -1.926121 -0.000002 -0.000006 -0.000001 -9.108288 -0.517856 2.259829 -0.000002 -0.018790 0.000106 0.000004 0.029305 0.000002 0.000003 -0.010103 -0.000003 -0.000001 -0.000006 -0.000002 -9.532511 -0.000050 -0.000032 -0.000004 -0.057489 0.000106 0.000005 0.097398 0.000023 0.000001 -0.036899 -0.000001 0.000002 -0.000001 -0.000003 -9.103590 -0.043076 -1.865140 -0.000003 0.017909 0.000006 0.000002 -0.025406 0.000041 -0.000001 -0.012902 -0.000002 -0.000003 0.000002 0.000003 -8.076692 -0.486706 -3.806284 0.000000 0.059611 -0.000504 -0.000001 0.097003 -0.000002 0.000002 -0.056901 -0.000001 0.000006 -0.000001 0.000001 4.570443 11.014742 -2.160858 0.054236 4.585576 -3.325594 45.662991 -27.881022 -6.878707 -0.000019 -17.188975 0.000007 0.027171 -5.025304 7.345214 2.466146 -1.576206 2.681738 -1.336448 4.338061 6.279178 3.576455 7.070865 0.589257 -0.821932 0.916481 2.391508 -0.000001 0.000003 0.000002 9.109307 -0.518046 2.259867 0.000009 -0.005097 0.000098 -0.000001 0.012000 -0.000004 -0.000004 -0.007605 -0.000005 0.000006 -0.000005 -0.000002 9.533403 0.000029 0.000043 0.000004 -0.005521 0.015975 -0.000002 0.004324 -0.015980 0.000001 0.002404 0.000000 -0.000007 -0.000000 -0.000003 9.104541 -0.043034 -1.865081 0.000010 0.000701 0.000099 0.000003 -0.000001 -0.000003 -0.000005 -0.000002 -0.000003 -0.000001 -0.000002 0.000001 8.077791 -0.486875 -3.806259 -0.020177 4.288555 0.510626 -0.016176 -4.078378 -0.510916 0.000001 -0.007697 0.000002 0.000004 0.000002 0.000004 -8.207788 -6.751679 -1.599559 -4.293537 -8.603887 -15.852598 12.822260 -10.883252 -9.250712 -1.273911 -3.161997 9.915932 -10.416024 0.000006 0.000005 0.000000 0.000001 -0.000000 8.207789 -6.751694 -1.599554 -8.263446 18.711896 4.706414 4.916540 2.636875 2.528535 50.297291 -1.455802 -3.432070 -41.005276 0.156148 -3.768980 0.000001 -0.000001 -0.000000 
-9.953224 104.292160 1.881191 1.364952 6.552823 11.578940 -0.000002 10.181575 0.131520 0.140459 -0.480194 -3.442269 0.234681 -1.002952 -7.203715 0.232932 -1.002766 -7.203815 0.000002 16.740351 -2.049033 4.647710 0.438737 3.753923 0.000001 9.617865 1.685008 0.540759 5.591718 3.417838 0.000003 22.037323 7.501095 -0.000001 0.000001 -0.000000 -4.569969 11.014901 -2.160883 -0.205823 -6.955620 0.940536 28.672998 -12.619907 -11.554506 0.000001 48.231060 0.000004 -14.446839 4.578595 30.803801 -2.464794 -1.573988 2.681858 -1.619247 -4.333926 -6.744815 4.223210 -7.640276 -0.059995 -1.560135 0.883061 -1.926122 0.000005 -0.000002 0.000002 -9.108274 -0.517871 2.259853 -0.000001 -0.018786 0.000109 -0.000001 0.029301 -0.000004 0.000000 -0.010104 0.000000 0.000001 0.000005 -0.000003 -9.532489 -0.000053 -0.000010 0.000001 -0.057484 0.000109 -0.000001 0.097396 0.000022 0.000001 -0.036902 -0.000005 0.000001 0.000003 -0.000002 -9.103564 -0.043075 -1.865118 0.000001 0.017914 0.000008 -0.000001 -0.025404 0.000039 -0.000004 -0.012904 -0.000002 -0.000002 0.000003 -0.000003 -8.076671 -0.486711 -3.806265 -0.000000 0.059615 -0.000491 0.000000 0.097000 -0.000001 -0.000000 -0.056902 0.000005 0.000001 -0.000000 0.000000 4.570448 11.014707 -2.160854 0.010325 5.790588 -5.076803 42.360038 -26.797646 -10.338293 -0.000011 -17.830518 0.000025 0.565588 -5.082691 7.072091 2.466149 -1.576200 2.681738 -1.336448 4.338051 6.279179 3.576462 7.070888 0.589264 -0.821932 0.916473 2.391503 -0.000003 -0.000001 -0.000003 9.109317 -0.518035 2.259871 0.000006 -0.005102 0.000097 0.000003 0.012000 -0.000002 0.000002 -0.007602 -0.000001 -0.000002 0.000001 -0.000009 9.533421 0.000023 0.000044 0.000002 -0.005525 0.015972 0.000000 0.004322 -0.015983 0.000002 0.002395 0.000001 -0.000002 -0.000005 -0.000003 9.104532 -0.043025 -1.865072 0.000009 0.000698 0.000100 -0.000001 -0.000002 -0.000001 -0.000000 0.000000 -0.000004 0.000001 0.000003 0.000002 8.077805 -0.486857 -3.806259 -0.020172 4.288549 0.510625 -0.016175 -4.078369 -0.510906 0.000000 -0.007696 -0.000000 -0.000004 0.000001 0.000000 -8.207785 -6.751676 -1.599560 -3.781234 -8.589434 -15.228243 12.208202 -10.734877 -8.830164 -5.069947 -4.938005 9.029065 -7.461423 0.000004 0.000002 -0.000000 0.000000 -0.000000 8.207793 -6.751716 -1.599555 -8.899327 19.736957 5.279207 4.015879 1.072243 2.386072 50.657143 -2.152868 -5.040305 -40.377780 0.177403 -4.051189 0.000001 0.000001 0.000001 
-10.871769 103.903008 2.370063 2.371754 7.380713 11.404885 -0.000004 10.181597 0.131522 -0.483916 -0.715136 -3.197266 -1.026012 -1.435872 -6.668775 -1.028765 -1.433507 -6.668876 0.000001 16.740353 -2.049031 4.249587 0.468338 3.216144 -0.000001 9.617887 1.685008 3.293136 5.740686 2.079388 0.000003 22.037338 7.501099 0.000000 -0.000001 -0.000000 -4.569970 11.014880 -2.160880 -0.163575 -7.930584 2.109887 21.492152 -5.968011 -14.374972 -0.000001 39.592640 -0.000004 -10.149957 3.099002 25.533414 -2.464814 -1.573976 2.681845 -1.619263 -4.333953 -6.744805 4.223204 -7.640272 -0.059990 -1.560137 0.883061 -1.926129 0.000005 0.000003 0.000008 -9.108286 -0.517855 2.259831 -0.000001 -0.018791 0.000099 0.000002 0.029308 0.000001 0.000005 -0.010105 -0.000001 0.000001 0.000002 -0.000004 -9.532516 -0.000047 -0.000031 -0.000001 -0.057487 0.000102 -0.000000 0.097402 0.000023 -0.000005 -0.036897 -0.000004 0.000002 0.000003 -0.000001 -9.103597 -0.043073 -1.865134 0.000002 0.017913 -0.000001 -0.000000 -0.025403 0.000042 -0.000000 -0.012898 -0.000003 0.000001 -0.000005 -0.000001 -8.076687 -0.486715 -3.806278 0.000003 0.059612 -0.000500 0.000001 0.097000 0.000001 0.000001 -0.056901 -0.000002 0.000001 0.000004 -0.000001 4.570447 11.014695 -2.160852 -0.011958 7.032022 -6.976686 38.121820 -25.631043 -14.431165 -0.000014 -18.374758 -0.000009 0.817202 -4.225783 7.035231 2.466141 -1.576208 2.681744 -1.336446 4.338063 6.279185 3.576457 7.070871 0.589264 -0.821919 0.916471 2.391507 0.000006 0.000004 0.000004 9.109299 -0.518045 2.259877 0.000012 -0.005096 0.000108 -0.000001 0.011996 -0.000006 -0.000001 -0.007608 -0.000001 0.000004 -0.000000 -0.000009 9.533404 0.000026 0.000053 0.000002 -0.005521 0.015981 -0.000004 0.004323 -0.015983 -0.000000 0.002397 -0.000004 -0.000003 0.000001 0.000002 9.104525 -0.043023 -1.865068 0.000010 0.000707 0.000109 -0.000004 -0.000003 -0.000008 0.000002 0.000001 0.000000 0.000002 -0.000004 -0.000002 8.077784 -0.486855 -3.806250 -0.020176 4.288554 0.510636 -0.016181 -4.078362 -0.510906 -0.000003 -0.007701 -0.000002 -0.000001 -0.000002 -0.000007 -8.207782 -6.751677 -1.599560 -3.649645 -8.748012 -14.531900 11.341359 -10.615506 -8.299407 -7.920810 -6.186796 8.138507 -4.841003 0.000005 0.000001 0.000000 0.000001 -0.000001 8.207790 -6.751698 -1.599556 -10.233691 20.761615 6.118716 4.015102 0.053240 2.366264 49.961970 -2.606215 -6.200479 -39.471171 0.167583 -3.953732 0.000000 0.000003 0.000000 
-11.612562 103.552658 2.793455 3.420812 7.933395 11.055910 -0.000006 10.181604 0.131520 -1.059710 -0.856755 -2.858106 -2.181638 -1.697404 -5.899613 -2.185254 -1.692379 -5.899680 -0.000001 16.740410 -2.049037 3.740323 0.546485 2.536426 0.000001 9.617865 1.685005 6.059781 5.775696 0.875699 0.000002 22.037323 7.501101 0.000001 0.000000 -0.000000 -4.569969 11.014920 -2.160886 -0.138451 -8.078475 2.455710 14.712984 0.080007 -14.145861 -0.000004 32.416269 0.000001 -7.080853 2.930619 17.728468 -2.464813 -1.573959 2.681848 -1.619252 -4.333936 -6.744818 4.223209 -7.640268 -0.059986 -1.560140 0.883064 -1.926126 0.000004 -0.000012 -0.000003 -9.108303 -0.517859 2.259836 -0.000001 -0.018785 0.000100 0.000000 0.029308 -0.000000 0.000002 -0.010102 -0.000001 0.000000 -0.000002 -0.000000 -9.532519 -0.000037 -0.000019 0.000003 -0.057480 0.000100 0.000003 0.097395 0.000026 -0.000001 -0.036903 -0.000001 -0.000001 0.000006 0.000000 -9.103601 -0.043077 -1.865128 0.000001 0.017917 0.000001 0.000000 -0.025403 0.000042 -0.000002 -0.012901 -0.000004 -0.000002 0.000008 0.000001 -8.076683 -0.486707 -3.806273 -0.000001 0.059614 -0.000499 -0.000000 0.097013 -0.000001 0.000003 -0.056901 0.000000 -0.000000 -0.000005 0.000001 4.570449 11.014735 -2.160857 -0.009681 8.093270 -8.705041 32.830943 -24.810095 -19.156739 -0.000022 -18.518282 -0.000023 -0.206383 -2.283723 7.338535 2.466130 -1.576208 2.681737 -1.336445 4.338053 6.279180 3.576457 7.070879 0.589263 -0.821923 0.916468 2.391504 0.000000 0.000003 0.000002 9.109300 -0.518048 2.259870 0.000012 -0.005100 0.000098 -0.000003 0.012004 0.000001 -0.000000 -0.007599 -0.000004 0.000000 -0.000001 -0.000000 9.533399 0.000025 0.000044 0.000002 -0.005523 0.015974 -0.000001 0.004324 -0.015979 0.000000 0.002405 -0.000002 -0.000002 0.000003 0.000005 9.104530 -0.043028 -1.865073 0.000012 0.000702 0.000097 0.000001 -0.000001 0.000000 0.000000 0.000002 0.000002 -0.000003 0.000005 0.000003 8.077781 -0.486853 -3.806258 -0.020174 4.288552 0.510625 -0.016180 -4.078362 -0.510901 -0.000004 -0.007700 -0.000006 0.000002 -0.000007 -0.000002 -8.207783 -6.751657 -1.599561 -3.694845 -9.042315 -13.927357 10.383497 -10.520954 -7.748412 -9.940294 -6.806818 7.830441 -2.959059 -0.000004 0.000003 0.000000 0.000000 -0.000001 8.207791 -6.751690 -1.599556 -11.747440 21.559496 7.015398 4.457734 -0.496233 2.486003 48.737785 -2.981333 -7.294551 -38.483967 0.141168 -3.638086 0.000000 0.000001 0.000000 
-12.236487 103.225761 3.116829 4.228936 8.243342 10.755866 -0.000004 10.181594 0.131522 -1.472053 -0.845711 -2.527711 -3.002913 -1.678830 -5.020221 -3.007220 -1.670381 -5.020305 0.000003 16.740379 -2.049035 3.065027 0.654644 1.690209 -0.000001 9.617888 1.685010 8.410844 5.513318 -0.083286 0.000001 22.037369 7.501093 -0.000003 -0.000001 0.000000 -4.569967 11.014894 -2.160884 -0.147215 -7.841395 2.215842 7.350680 4.505809 -11.750029 -0.000008 26.979165 0.000015 -5.237966 4.257052 7.930948 -2.464813 -1.573977 2.681842 -1.619253 -4.333934 -6.744817 4.223208 -7.640268 -0.059985 -1.560135 0.883056 -1.926122 0.000001 -0.000006 -0.000001 -9.108279 -0.517887 2.259832 -0.000000 -0.018780 0.000100 0.000000 0.029308 0.000000 0.000001 -0.010107 0.000000 -0.000000 0.000000 0.000000 -9.532503 -0.000050 -0.000026 -0.000000 -0.057476 0.000100 0.000002 0.097398 0.000024 -0.000000 -0.036900 -0.000002 0.000000 -0.000002 0.000000 -9.103581 -0.043091 -1.865134 -0.000000 0.017919 -0.000001 0.000000 -0.025403 0.000043 -0.000000 -0.012904 -0.000004 0.000000 -0.000001 0.000000 -8.076670 -0.486705 -3.806278 -0.000002 0.059632 -0.000511 -0.000001 0.096989 0.000001 0.000003 -0.056894 -0.000001 -0.000000 0.000002 -0.000000 4.570450 11.014704 -2.160856 0.015719 8.949021 -10.276977 28.050648 -24.754827 -23.150040 -0.000021 -18.006817 0.000001 -2.440582 -0.143280 7.599616 2.466144 -1.576209 2.681735 -1.336442 4.338061 6.279189 3.576454 7.070868 0.589252 -0.821925 0.916473 2.391510 0.000004 0.000002 -0.000008 9.109307 -0.518044 2.259870 0.000013 -0.005094 0.000110 0.000001 0.012002 -0.000004 0.000000 -0.007600 -0.000006 -0.000004 0.000010 0.000002 9.533402 0.000035 0.000041 0.000003 -0.005516 0.015985 0.000001 0.004327 -0.015979 0.000000 0.002401 -0.000004 -0.000001 0.000004 0.000002 9.104534 -0.043017 -1.865079 0.000010 0.000708 0.000108 -0.000001 0.000001 0.000000 -0.000002 -0.000002 -0.000002 -0.000006 0.000003 -0.000006 8.077796 -0.486870 -3.806260 -0.020176 4.288556 0.510637 -0.016179 -4.078363 -0.510916 0.000003 -0.007708 0.000004 0.000001 0.000001 -0.000008 -8.207784 -6.751661 -1.599559 -4.049451 -9.220638 -13.847977 10.251226 -9.990638 -7.125504 -10.329938 -7.229793 10.359706 -2.118928 0.000004 -0.000001 0.000000 0.000000 -0.000000 8.207791 -6.751692 -1.599553 -12.756192 21.859479 7.687322 4.683293 -0.642770 2.709323 47.651474 -3.492124 -8.729925 -37.619944 0.119961 -3.366908 0.000001 0.000002 -0.000000 
-12.741847 102.958847 3.341811 4.727426 8.363077 10.488981 -0.000007 10.181609 0.131521 -1.728297 -0.694118 -2.305379 -3.508913 -1.390497 -4.311639 -3.513177 -1.378527 -4.311698 0.000003 16.740381 -2.049036 2.325405 0.717157 0.974414 0.000001 9.617898 1.685010 10.234699 4.978736 -0.684590 0.000001 22.037338 7.501097 0.000000 -0.000001 0.000000 -4.569969 11.014910 -2.160885 -0.139540 -8.150461 2.489603 0.124156 7.705171 -8.641995 -0.000004 22.966598 0.000006 -3.978622 5.999995 -3.184415 -2.464814 -1.573976 2.681835 -1.619249 -4.333951 -6.744826 4.223205 -7.640267 -0.059983 -1.560139 0.883058 -1.926128 0.000007 -0.000010 0.000004 -9.108281 -0.517868 2.259832 0.000002 -0.018786 0.000097 -0.000001 0.029300 -0.000001 0.000000 -0.010098 0.000000 -0.000001 0.000001 -0.000001 -9.532504 -0.000047 -0.000032 0.000002 -0.057482 0.000097 0.000002 0.097400 0.000027 0.000001 -0.036904 -0.000002 0.000000 0.000001 0.000002 -9.103598 -0.043071 -1.865137 0.000003 0.017912 -0.000003 -0.000000 -0.025406 0.000042 -0.000001 -0.012896 -0.000006 -0.000000 0.000001 0.000002 -8.076680 -0.486704 -3.806283 -0.000004 0.059612 -0.000500 -0.000000 0.096998 -0.000001 0.000001 -0.056896 -0.000001 0.000000 -0.000003 -0.000000 4.570450 11.014718 -2.160856 0.046006 9.517037 -11.422163 25.550177 -25.537736 -25.327530 -0.000008 -16.990565 0.000006 -4.343634 1.100156 7.693046 2.466132 -1.576186 2.681733 -1.336440 4.338052 6.279183 3.576463 7.070884 0.589270 -0.821925 0.916474 2.391495 -0.000001 0.000003 -0.000005 9.109301 -0.518034 2.259868 0.000011 -0.005099 0.000104 0.000001 0.012001 0.000004 0.000002 -0.007602 -0.000006 -0.000001 0.000003 0.000003 9.533402 0.000040 0.000043 0.000004 -0.005525 0.015976 -0.000003 0.004329 -0.015975 0.000002 0.002403 0.000001 0.000002 0.000001 -0.000007 9.104522 -0.043011 -1.865075 0.000012 0.000699 0.000104 0.000001 -0.000001 -0.000000 0.000001 0.000001 -0.000003 -0.000001 0.000004 0.000001 8.077784 -0.486857 -3.806258 -0.020175 4.288549 0.510630 -0.016179 -4.078364 -0.510905 -0.000000 -0.007698 -0.000008 0.000002 -0.000001 0.000005 -8.207787 -6.751656 -1.599561 -4.631243 -8.929526 -13.781750 11.170802 -9.885945 -6.499929 -11.065292 -7.467780 11.414709 -1.963087 0.000003 0.000001 0.000000 0.000001 -0.000000 8.207791 -6.751686 -1.599554 -13.030025 21.393853 8.062099 4.433583 -0.263325 3.029351 46.887292 -4.130986 -10.439966 -36.879258 0.113603 -3.295006 0.000000 0.000002 -0.000000 
-13.104318 102.790627 3.508935 5.046655 8.338899 10.114740 -0.000006 10.181591 0.131521 -1.907417 -0.534118 -2.123135 -3.860688 -1.076477 -3.849477 -3.864178 -1.062582 -3.849395 0.000000 16.740393 -2.049034 1.713538 0.737761 0.540167 0.000001 9.617888 1.685012 11.645665 4.506078 -1.043067 0.000002 22.037384 7.501092 -0.000001 0.000002 -0.000000 -4.569971 11.014912 -2.160882 -0.076801 -9.071351 3.589884 -6.490420 10.505957 -5.428930 -0.000010 20.469182 0.000009 -3.245862 6.039367 -14.936012 -2.464803 -1.573999 2.681850 -1.619259 -4.333940 -6.744824 4.223210 -7.640274 -0.059992 -1.560133 0.883062 -1.926124 0.000004 -0.000011 -0.000001 -9.108279 -0.517884 2.259841 -0.000001 -0.018787 0.000097 0.000001 0.029299 0.000001 -0.000000 -0.010099 -0.000002 -0.000002 -0.000003 -0.000004 -9.532490 -0.000078 -0.000019 -0.000001 -0.057482 0.000098 0.000001 0.097393 0.000026 0.000004 -0.036910 -0.000002 -0.000000 -0.000001 0.000001 -9.103600 -0.043072 -1.865128 -0.000002 0.017914 -0.000002 -0.000003 -0.025403 0.000042 -0.000003 -0.012902 -0.000006 -0.000000 -0.000001 -0.000004 -8.076686 -0.486722 -3.806276 -0.000002 0.059604 -0.000500 -0.000001 0.096997 0.000001 0.000003 -0.056896 -0.000003 -0.000002 0.000003 -0.000003 4.570449 11.014699 -2.160854 0.055718 9.681095 -11.754605 25.444198 -26.459777 -26.212985 -0.000010 -15.843373 -0.000003 -4.440109 0.426708 7.586700 2.466153 -1.576208 2.681740 -1.336445 4.338060 6.279179 3.576453 7.070877 0.589260 -0.821931 0.916464 2.391505 0.000002 0.000004 -0.000003 9.109317 -0.518041 2.259873 0.000010 -0.005099 0.000100 0.000002 0.012002 0.000003 0.000003 -0.007604 -0.000004 0.000003 0.000001 -0.000000 9.533411 0.000025 0.000049 0.000002 -0.005523 0.015972 -0.000003 0.004327 -0.015977 0.000000 0.002400 -0.000003 0.000001 -0.000003 -0.000006 9.104530 -0.043018 -1.865073 0.000010 0.000701 0.000097 0.000002 0.000001 0.000003 -0.000001 -0.000002 -0.000007 -0.000001 0.000001 0.000000 8.077785 -0.486873 -3.806254 -0.020174 4.288549 0.510629 -0.016178 -4.078367 -0.510916 0.000001 -0.007699 0.000001 -0.000001 0.000000 -0.000004 -8.207784 -6.751657 -1.599560 -5.086388 -7.921022 -13.376933 12.413655 -10.046292 -6.005405 -11.869360 -8.056913 10.984999 -1.426222 -0.000002 0.000002 -0.000000 -0.000000 -0.000000 8.207791 -6.751695 -1.599554 -12.752462 20.446101 8.294554 3.675412 0.418721 3.417800 46.346481 -4.758570 -12.115577 -36.131202 0.122621 -3.443911 -0.000000 0.000001 0.000000 
-13.329078 102.671616 3.644367 5.342985 8.220503 9.685733 -0.000005 10.181595 0.131524 -2.044526 -0.491064 -1.910208 -4.131721 -0.994201 -3.428384 -4.134919 -0.979642 -3.428223 -0.000001 16.740334 -2.049035 1.350588 0.790411 0.252407 0.000002 9.617862 1.685014 12.730184 4.388167 -1.571849 0.000004 22.037369 7.501093 -0.000001 -0.000001 0.000000 -4.569970 11.014886 -2.160883 0.009729 -9.917536 4.715557 -13.412359 13.260011 -2.105791 -0.000000 19.729707 0.000008 -4.505234 3.317850 -26.394462 -2.464832 -1.573981 2.681843 -1.619252 -4.333936 -6.744811 4.223211 -7.640277 -0.059993 -1.560140 0.883059 -1.926124 0.000007 -0.000008 0.000002 -9.108301 -0.517875 2.259832 0.000008 -0.018780 0.000099 -0.000001 0.029301 0.000000 -0.000000 -0.010103 -0.000004 -0.000002 -0.000002 0.000001 -9.532525 -0.000046 -0.000032 0.000011 -0.057484 0.000099 0.000001 0.097399 0.000023 0.000005 -0.036899 0.000000 0.000001 -0.000000 -0.000003 -9.103595 -0.043077 -1.865136 0.000008 0.017919 -0.000001 -0.000001 -0.025407 0.000043 -0.000001 -0.012902 0.000003 0.000002 0.000002 -0.000004 -8.076685 -0.486710 -3.806280 0.000003 0.059616 -0.000501 -0.000004 0.096997 -0.000001 0.000004 -0.056899 -0.000003 -0.000003 0.000001 -0.000005 4.570448 11.014670 -2.160853 0.049402 9.582052 -11.548845 26.576493 -26.877025 -26.692854 -0.000019 -14.824087 -0.000030 -3.027317 -1.698023 7.418394 2.466132 -1.576221 2.681737 -1.336442 4.338058 6.279188 3.576460 7.070874 0.589262 -0.821928 0.916471 2.391506 -0.000006 0.000002 -0.000001 9.109303 -0.518041 2.259872 0.000013 -0.005096 0.000100 0.000001 0.011997 0.000003 -0.000001 -0.007601 -0.000004 -0.000001 -0.000001 0.000003 9.533391 0.000032 0.000046 0.000007 -0.005522 0.015977 -0.000003 0.004327 -0.015981 -0.000000 0.002401 0.000001 -0.000002 0.000001 -0.000000 9.104518 -0.043030 -1.865071 0.000014 0.000703 0.000102 0.000003 -0.000001 0.000007 -0.000000 -0.000001 -0.000005 0.000001 0.000003 0.000003 8.077765 -0.486870 -3.806252 -0.020173 4.288554 0.510631 -0.016179 -4.078366 -0.510917 -0.000001 -0.007702 0.000002 -0.000000 0.000002 -0.000005 -8.207784 -6.751657 -1.599559 -5.226975 -6.771302 -12.797180 13.030713 -10.149227 -5.717342 -12.282699 -8.884784 10.632904 -1.023136 -0.000000 0.000002 -0.000000 -0.000000 -0.000000 8.207794 -6.751686 -1.599553 -12.365813 19.566465 8.514130 2.800192 1.023318 3.803691 45.813538 -5.281944 -13.601272 -35.384437 0.134661 -3.628646 -0.000000 0.000001 -0.000000 
-13.410029 102.585518 3.708541 5.683321 8.005292 9.266483 -0.000005 10.181592 0.131521 -2.122580 -0.575839 -1.594198 -4.286319 -1.168861 -2.878772 -4.289898 -1.154779 -2.878626 -0.000002 16.740396 -2.049035 1.342733 0.871832 0.125668 0.000003 9.617893 1.685012 13.444498 4.691682 -2.476684 -0.000001 22.037384 7.501091 -0.000002 0.000000 -0.000000 -4.569970 11.014917 -2.160886 0.051620 -10.190891 5.166456 -21.468278 16.067124 1.268838 -0.000002 20.514357 0.000001 -9.173535 0.174188 -35.884270 -2.464813 -1.573994 2.681834 -1.619245 -4.333937 -6.744822 4.223214 -7.640277 -0.059990 -1.560150 0.883069 -1.926112 0.000008 -0.000011 -0.000001 -9.108286 -0.517861 2.259825 -0.000001 -0.018780 0.000099 0.000001 0.029298 0.000004 0.000004 -0.010097 -0.000003 0.000002 0.000002 -0.000000 -9.532501 -0.000054 -0.000033 -0.000000 -0.057481 0.000099 -0.000003 0.097396 0.000027 0.000006 -0.036898 -0.000001 -0.000002 -0.000006 -0.000001 -9.103606 -0.043077 -1.865138 0.000001 0.017919 -0.000000 -0.000002 -0.025410 0.000040 -0.000003 -0.012901 -0.000004 0.000002 0.000000 -0.000001 -8.076702 -0.486705 -3.806279 -0.000014 0.059620 -0.000503 -0.000003 0.097000 0.000002 -0.000003 -0.056903 0.000004 -0.000002 -0.000001 -0.000000 4.570446 11.014742 -2.160856 0.042368 9.464114 -11.307756 27.781450 -26.921821 -27.022749 -0.000029 -13.937738 -0.000034 -2.088730 -3.324777 7.439354 2.466142 -1.576208 2.681738 -1.336445 4.338055 6.279182 3.576455 7.070875 0.589262 -0.821927 0.916471 2.391505 0.000004 0.000004 0.000000 9.109309 -0.518039 2.259869 0.000014 -0.005100 0.000100 -0.000000 0.011997 -0.000006 0.000001 -0.007605 0.000004 -0.000001 0.000004 -0.000004 9.533410 0.000029 0.000044 0.000004 -0.005523 0.015976 -0.000004 0.004327 -0.015978 0.000002 0.002398 -0.000002 0.000004 -0.000000 -0.000001 9.104535 -0.043032 -1.865075 0.000012 0.000700 0.000102 0.000001 -0.000000 0.000003 -0.000001 -0.000000 -0.000000 -0.000003 0.000003 -0.000005 8.077783 -0.486877 -3.806257 -0.020173 4.288549 0.510630 -0.016176 -4.078361 -0.510907 -0.000000 -0.007696 0.000005 -0.000000 0.000001 0.000003 -8.207785 -6.751654 -1.599560 -5.482417 -6.056126 -12.322143 13.344597 -10.196823 -5.569666 -12.467479 -9.288519 10.455960 -0.861281 -0.000007 -0.000003 -0.000000 0.000000 -0.000000 8.207790 -6.751699 -1.599554 -12.155410 19.255521 8.730446 1.990401 1.181773 4.183827 45.473064 -5.713296 -14.869423 -34.845453 0.144645 -3.776771 -0.000000 0.000002 -0.000000 
-13.359367 102.547379 3.593410 5.962445 7.600138 8.908224 -0.000007 10.181575 0.131522 -2.063909 -0.705313 -1.230809 -4.166914 -1.436863 -2.234836 -4.171150 -1.423988 -2.234769 0.000000 16.740410 -2.049035 1.806174 0.918972 0.326334 -0.000002 9.617848 1.685012 13.310148 5.390341 -3.544166 -0.000001 22.037354 7.501095 0.000003 0.000000 0.000000 -4.569972 11.014892 -2.160886 0.042905 -9.910575 4.997091 -30.294986 18.940697 4.170987 -0.000010 22.677217 0.000001 -15.764107 0.903482 -40.046499 -2.464824 -1.573966 2.681847 -1.619238 -4.333946 -6.744807 4.223207 -7.640273 -0.059985 -1.560145 0.883071 -1.926125 0.000001 -0.000005 0.000000 -9.108292 -0.517876 2.259839 0.000004 -0.018795 0.000108 -0.000003 0.029302 -0.000000 0.000005 -0.010100 0.000002 0.000002 -0.000004 -0.000000 -9.532515 -0.000041 -0.000027 0.000002 -0.057492 0.000108 0.000005 0.097393 0.000025 0.000003 -0.036903 -0.000001 0.000002 0.000000 0.000002 -9.103600 -0.043079 -1.865134 0.000004 0.017904 0.000010 -0.000005 -0.025408 0.000043 0.000002 -0.012891 -0.000007 0.000001 -0.000005 0.000002 -8.076699 -0.486705 -3.806266 -0.000002 0.059609 -0.000492 0.000003 0.096999 -0.000001 0.000004 -0.056895 -0.000004 0.000003 -0.000005 0.000004 4.570450 11.014724 -2.160857 0.036718 9.398181 -11.150778 28.516023 -27.164214 -27.028723 -0.000017 -12.931286 -0.000004 -3.286606 -3.523452 7.549564 2.466136 -1.576216 2.681737 -1.336445 4.338056 6.279179 3.576460 7.070886 0.589263 -0.821931 0.916466 2.391504 0.000007 0.000007 0.000004 9.109303 -0.518046 2.259873 0.000010 -0.005098 0.000100 0.000000 0.012000 0.000000 -0.000001 -0.007600 -0.000001 -0.000002 0.000002 0.000000 9.533409 0.000027 0.000046 0.000003 -0.005523 0.015973 -0.000005 0.004329 -0.015976 0.000001 0.002402 0.000004 0.000002 -0.000003 0.000007 9.104526 -0.043038 -1.865073 0.000010 0.000702 0.000099 0.000001 -0.000001 -0.000001 -0.000002 0.000001 0.000004 -0.000001 -0.000002 -0.000000 8.077786 -0.486878 -3.806255 -0.020177 4.288553 0.510629 -0.016179 -4.078360 -0.510913 0.000000 -0.007702 0.000003 -0.000001 0.000003 -0.000004 -8.207785 -6.751683 -1.599559 -5.885847 -5.851901 -12.043580 13.461189 -10.192247 -5.539790 -12.418255 -9.060541 10.474546 -0.906022 0.000014 0.000001 0.000000 0.000000 -0.000000 8.207791 -6.751705 -1.599556 -12.135767 19.699160 8.884969 1.330220 0.726045 4.615047 45.439203 -6.060241 -15.915478 -34.606837 0.152083 -3.886223 0.000000 0.000001 0.000000 
-13.199729 102.586372 3.203054 5.897757 6.951027 8.676860 -0.000006 10.181583 0.131523 -1.735790 -0.807509 -0.890809 -3.506699 -1.653850 -1.620782 -3.511361 -1.643614 -1.620855 0.000003 16.740381 -2.049037 2.681697 0.949632 0.833216 0.000001 9.617867 1.685007 11.366435 6.573868 -4.633480 0.000004 22.037323 7.501098 -0.000002 -0.000001 0.000000 -4.569967 11.014901 -2.160885 0.021619 -9.332975 4.595042 -37.709037 21.670271 4.793249 -0.000012 26.881079 -0.000012 -22.128408 6.904861 -33.663513 -2.464790 -1.573976 2.681826 -1.619249 -4.333932 -6.744817 4.223211 -7.640279 -0.059984 -1.560140 0.883068 -1.926130 0.000004 -0.000008 0.000000 -9.108280 -0.517856 2.259822 0.000000 -0.018780 0.000100 0.000001 0.029304 -0.000001 0.000002 -0.010095 0.000001 0.000001 -0.000002 -0.000002 -9.532504 -0.000034 -0.000044 0.000000 -0.057482 0.000100 0.000001 0.097398 0.000026 -0.000001 -0.036905 -0.000003 -0.000001 -0.000007 0.000002 -9.103583 -0.043060 -1.865144 0.000001 0.017918 -0.000000 -0.000001 -0.025401 0.000042 0.000000 -0.012901 -0.000005 -0.000002 0.000000 0.000000 -8.076679 -0.486688 -3.806294 -0.000004 0.059629 -0.000501 -0.000001 0.096996 0.000001 0.000004 -0.056905 -0.000001 -0.000002 -0.000000 -0.000000 4.570449 11.014715 -2.160857 0.026346 9.289843 -10.877539 29.102531 -28.051203 -26.457841 -0.000003 -11.561294 0.000004 -6.251821 -3.620259 7.611125 2.466146 -1.576200 2.681733 -1.336442 4.338061 6.279173 3.576451 7.070876 0.589263 -0.821928 0.916473 2.391505 0.000003 0.000004 -0.000001 9.109297 -0.518040 2.259869 0.000012 -0.005094 0.000096 -0.000001 0.011997 0.000003 0.000001 -0.007597 -0.000002 0.000001 -0.000000 -0.000000 9.533401 0.000029 0.000044 0.000005 -0.005521 0.015970 -0.000000 0.004323 -0.015983 0.000000 0.002403 0.000005 -0.000001 -0.000001 -0.000004 9.104533 -0.043034 -1.865075 0.000013 0.000705 0.000096 -0.000000 0.000000 -0.000000 0.000000 -0.000003 -0.000000 0.000000 0.000001 0.000001 8.077791 -0.486861 -3.806259 -0.020173 4.288552 0.510624 -0.016180 -4.078363 -0.510913 0.000002 -0.007706 -0.000001 0.000002 0.000001 -0.000005 -8.207786 -6.751659 -1.599560 -6.208277 -6.274102 -11.965869 13.321259 -10.188705 -5.716157 -12.075537 -7.980012 10.736439 -1.122694 0.000005 0.000003 -0.000000 -0.000000 -0.000000 8.207789 -6.751691 -1.599555 -11.953233 20.416682 8.887318 0.835637 0.178703 5.071166 45.554148 -6.256294 -16.591588 -34.790651 0.155307 -3.438685 0.000000 -0.000001 -0.000000 
-12.939758 102.740822 2.534665 5.275856 6.101758 8.659168 -0.000006 10.181593 0.131522 -1.039647 -0.879565 -0.575156 -2.109520 -1.805148 -1.219621 -2.113645 -1.800180 -1.219801 0.000000 16.740368 -2.049035 3.566972 1.060770 1.432477 0.000001 9.617883 1.685008 6.959220 8.433395 -5.871587 0.000003 22.037369 7.501095 0.000000 0.000001 -0.000000 -4.569971 11.014906 -2.160884 0.011623 -8.763324 4.264494 -38.164809 24.105170 -0.527938 -0.000004 30.885101 -0.000013 -31.730463 13.487283 -12.458023 -2.464817 -1.573972 2.681855 -1.619276 -4.333927 -6.744835 4.223213 -7.640279 -0.059989 -1.560139 0.883068 -1.926123 0.000005 -0.000008 0.000004 -9.108299 -0.517890 2.259835 -0.000000 -0.018779 0.000104 0.000003 0.029313 0.000002 -0.000001 -0.010116 0.000003 -0.000000 0.000003 -0.000002 -9.532516 -0.000051 -0.000016 -0.000000 -0.057479 0.000104 0.000000 0.097398 0.000027 -0.000002 -0.036892 -0.000001 0.000001 0.000004 0.000001 -9.103599 -0.043092 -1.865136 -0.000001 0.017921 0.000003 -0.000000 -0.025407 0.000043 -0.000002 -0.012906 -0.000006 -0.000000 0.000005 0.000005 -8.076694 -0.486724 -3.806282 -0.000004 0.059621 -0.000495 0.000000 0.097008 0.000001 0.000004 -0.056896 -0.000002 0.000001 -0.000002 -0.000001 4.570448 11.014710 -2.160855 0.009991 8.901198 -10.138097 30.344758 -29.343596 -25.247926 -0.000009 -10.066930 -0.000002 -9.416804 -5.144157 7.515981 2.466147 -1.576208 2.681733 -1.336440 4.338054 6.279186 3.576458 7.070883 0.589259 -0.821925 0.916473 2.391506 0.000001 -0.000000 -0.000001 9.109292 -0.518025 2.259869 0.000015 -0.005103 0.000104 0.000002 0.012004 0.000003 0.000001 -0.007604 0.000007 0.000000 0.000004 -0.000001 9.533406 0.000031 0.000043 0.000006 -0.005528 0.015977 0.000000 0.004330 -0.015974 -0.000000 0.002402 0.000001 -0.000001 0.000003 -0.000003 9.104522 -0.043008 -1.865077 0.000011 0.000701 0.000101 0.000001 -0.000004 0.000002 0.000003 0.000003 0.000004 0.000001 0.000001 -0.000002 8.077780 -0.486855 -3.806260 -0.020174 4.288550 0.510632 -0.016180 -4.078361 -0.510910 0.000002 -0.007701 -0.000003 0.000003 -0.000002 0.000005 -8.207787 -6.751662 -1.599560 -6.153740 -7.462233 -12.117602 12.672748 -10.139340 -6.172116 -11.338127 -6.028199 11.227609 -1.432142 0.000005 0.000001 -0.000000 0.000001 -0.000000 8.207789 -6.751698 -1.599554 -11.334697 21.121803 8.697527 0.516339 0.095134 5.368118 45.827281 -6.207611 -16.548181 -34.753956 0.156882 -3.351105 -0.000000 0.000000 -0.000000 
-12.639375 102.967979 1.699828 4.350849 4.989392 9.085267 -0.000004 10.181588 0.131520 -0.072905 -0.936937 -0.485437 -0.176472 -1.927863 -1.339217 -0.179375 -1.927501 -1.339401 0.000001 16.740358 -2.049031 3.899107 1.304335 1.865634 -0.000003 9.617879 1.685011 0.931547 10.823367 -7.077937 0.000004 22.037323 7.501094 -0.000001 -0.000000 0.000000 -4.569969 11.014899 -2.160880 -0.006197 -8.121202 3.788466 -27.446769 23.144890 -13.670008 -0.000000 29.421279 -0.000001 -45.665521 10.557009 18.493500 -2.464818 -1.573971 2.681857 -1.619240 -4.333944 -6.744800 4.223211 -7.640273 -0.059992 -1.560138 0.883061 -1.926129 0.000004 0.000000 -0.000001 -9.108286 -0.517869 2.259821 -0.000002 -0.018790 0.000099 0.000001 0.029305 0.000002 0.000000 -0.010104 -0.000003 -0.000003 0.000003 -0.000001 -9.532509 -0.000049 -0.000035 0.000006 -0.057484 0.000099 0.000000 0.097398 0.000026 0.000002 -0.036902 -0.000003 0.000000 0.000000 -0.000002 -9.103587 -0.043079 -1.865132 0.000002 0.017913 0.000002 -0.000004 -0.025405 0.000044 -0.000004 -0.012901 -0.000009 0.000001 0.000006 -0.000004 -8.076683 -0.486707 -3.806273 -0.000002 0.059611 -0.000498 -0.000003 0.097002 -0.000001 -0.000002 -0.056899 -0.000001 -0.000001 0.000001 -0.000001 4.570446 11.014696 -2.160850 0.005721 7.973238 -8.722565 32.653502 -29.714116 -23.598759 -0.000009 -9.301362 -0.000020 -11.549726 -7.572415 7.254165 2.466143 -1.576215 2.681736 -1.336441 4.338058 6.279178 3.576454 7.070874 0.589258 -0.821925 0.916473 2.391510 0.000002 0.000003 -0.000003 9.109311 -0.518034 2.259868 0.000011 -0.005095 0.000097 0.000001 0.011998 -0.000001 0.000002 -0.007599 -0.000001 0.000000 -0.000002 -0.000005 9.533405 0.000023 0.000045 0.000002 -0.005516 0.015974 -0.000004 0.004327 -0.015982 -0.000000 0.002399 0.000001 0.000001 0.000001 -0.000001 9.104539 -0.043050 -1.865075 0.000010 0.000708 0.000097 0.000002 -0.000004 0.000009 0.000001 -0.000000 -0.000002 0.000002 -0.000000 -0.000003 8.077785 -0.486858 -3.806259 -0.020170 4.288551 0.510626 -0.016176 -4.078358 -0.510903 -0.000001 -0.007698 0.000001 -0.000000 -0.000003 0.000003 -8.207785 -6.751667 -1.599559 -6.098699 -8.783396 -12.661563 11.994170 -10.073944 -6.844550 -10.426419 -3.977053 11.818608 -2.070775 -0.000008 -0.000001 0.000000 0.000001 -0.000000 8.207792 -6.751705 -1.599554 -10.443946 22.308709 8.217714 0.287497 0.384901 5.242136 46.717773 -5.878079 -15.423158 -34.815202 0.169371 -3.852152 -0.000000 -0.000001 0.000000 
-12.388969 103.265533 0.897421 3.866999 3.269849 9.928137 -0.000004 10.181594 0.131521 0.814882 -0.942938 -0.736708 1.591207 -1.958291 -2.175206 1.590068 -1.959061 -2.175358 0.000001 16.740385 -2.049034 3.383550 1.634765 1.913101 0.000000 9.617927 1.685010 -4.554693 12.894896 -7.361273 0.000003 22.037354 7.501093 0.000001 0.000001 -0.000000 -4.569966 11.014909 -2.160883 -0.070104 -6.019165 1.714555 -9.035725 11.010974 -27.505841 -0.000000 26.992624 0.000006 -52.556468 0.314990 42.886925 -2.464819 -1.573984 2.681830 -2.069930 12.393990 -0.406726 4.223205 -7.640271 -0.059987 -1.560137 0.883063 -1.926119 -0.000001 -0.000008 -0.000004 -9.108275 -0.517846 2.259833 0.015214 -0.461062 3.631776 -0.000001 0.029305 -0.000002 0.000000 -0.010108 -0.000000 0.000002 -0.000001 -0.000002 -9.532504 -0.000044 -0.000026 0.017667 -0.499679 3.631796 0.000003 0.097397 0.000024 -0.000002 -0.036898 -0.000002 -0.000003 -0.000001 -0.000003 -9.103590 -0.043056 -1.865134 0.012895 -0.424430 3.631659 -0.000000 -0.025405 0.000040 -0.000001 -0.012900 -0.000004 -0.000000 -0.000000 -0.000002 -8.076680 -0.486707 -3.806288 0.010250 -0.382818 3.631149 -0.000003 0.096999 0.000001 -0.000002 -0.056903 -0.000003 -0.000002 0.000001 0.000000 4.570449 11.014707 -2.160854 0.029154 6.684141 -6.951892 35.721432 -27.654372 -21.597352 -0.000014 -9.951347 -0.000004 -12.502831 -9.143111 6.552073 2.466142 -1.576212 2.681734 -1.336446 4.338059 6.279180 3.576458 7.070885 0.589266 -0.821922 0.916464 2.391501 0.000005 0.000005 -0.000005 9.109305 -0.518046 2.259868 0.000008 -0.005093 0.000105 0.000004 0.012001 -0.000005 -0.000003 -0.007594 0.000000 -0.000001 0.000002 -0.000000 9.533401 0.000040 0.000042 -0.000001 -0.005517 0.015976 -0.000002 0.004322 -0.015981 -0.000001 0.002403 0.000003 0.000002 -0.000007 -0.000005 9.104535 -0.043025 -1.865075 0.000009 0.000709 0.000104 0.000001 -0.000002 -0.000001 0.000001 0.000005 0.000002 -0.000001 0.000000 -0.000002 8.077781 -0.486855 -3.806259 -0.020175 4.288554 0.510631 -0.016178 -4.078364 -0.510903 0.000000 -0.007697 -0.000000 -0.000004 0.000000 -0.000002 -8.207782 -6.751665 -1.599561 -6.812620 -9.147642 -13.415109 11.855115 -10.100281 -7.525911 -9.550154 -2.868730 11.552900 -3.016342 0.000006 0.000004 -0.000000 0.000001 -0.000000 8.207793 -6.751694 -1.599556 -9.731783 24.395841 7.555996 -0.129089 0.913424 4.564550 48.582524 -5.236762 -13.081339 -35.354794 0.194577 -4.383103 0.000000 0.000001 -0.000000 
-12.259344 103.666130 0.289894 4.382809 0.733624 10.758373 -0.000006 10.181594 0.131520 1.337738 -0.768233 -1.301938 2.629104 -1.651995 -3.589818 2.629290 -1.651306 -3.590011 0.000000 16.740374 -2.049034 2.046715 1.939943 1.634936 0.000001 9.617900 1.685013 -8.102640 13.621362 -5.610235 0.000002 22.037369 7.501096 0.000000 0.000000 -0.000000 -4.569968 11.014909 -2.160887 0.083506 -0.956532 -3.388490 10.085917 -10.414946 -28.351096 0.000009 38.165092 0.000003 -47.966540 -0.613167 53.297428 -2.464816 -1.573983 2.681834 -22.438508 -2.596403 9.276632 4.223211 -7.640281 -0.059993 -1.560137 0.883070 -1.926128 0.000003 -0.000007 0.000001 -9.108285 -0.517850 2.259831 0.294126 -2.004787 16.537380 0.000007 0.029302 0.000000 0.000003 -0.010105 0.000001 0.000003 -0.000002 -0.000001 -9.532504 -0.000039 -0.000033 0.305137 -2.041889 16.537770 0.000001 0.097393 0.000028 -0.000005 -0.036903 -0.000001 0.000001 0.000002 0.000005 -9.103585 -0.043075 -1.865140 0.283673 -1.969608 16.536916 0.000001 -0.025404 0.000051 -0.000001 -0.012900 -0.000005 0.000000 0.000002 -0.000003 -8.076701 -0.486713 -3.806285 0.271767 -1.929641 16.536023 0.000006 0.097000 0.000001 0.000004 -0.056908 -0.000003 -0.000000 -0.000000 -0.000001 4.570446 11.014697 -2.160857 0.052078 5.697177 -5.508224 38.529114 -23.430950 -18.606639 -0.000015 -11.813477 -0.000010 -13.211591 -9.077546 4.735556 2.466160 -1.576216 2.681741 -1.336443 4.338050 6.279181 3.576458 7.070879 0.589257 -0.821923 0.916474 2.391506 -0.000001 -0.000012 -0.000003 9.109323 -0.518039 2.259873 0.000006 -0.005102 0.000098 -0.000001 0.012002 0.000000 -0.000003 -0.007599 -0.000001 0.000000 -0.000005 -0.000002 9.533414 0.000017 0.000048 0.000000 -0.005526 0.015974 0.000001 0.004324 -0.015977 -0.000001 0.002401 -0.000001 0.000000 -0.000002 -0.000005 9.104549 -0.043037 -1.865072 0.000006 0.000700 0.000099 -0.000002 -0.000007 -0.000004 0.000001 0.000001 -0.000004 -0.000001 0.000000 0.000001 8.077793 -0.486885 -3.806251 -0.020175 4.288546 0.510626 -0.016184 -4.078365 -0.510909 -0.000003 -0.007696 -0.000001 -0.000001 -0.000000 -0.000002 -8.207786 -6.751669 -1.599560 -8.942349 -7.958075 -13.783411 12.985351 -10.484761 -7.988764 -8.657508 -2.780252 9.204687 -3.958093 0.000004 0.000004 0.000000 0.000001 0.000000 8.207791 -6.751698 -1.599557 -9.898923 26.783684 7.276553 -0.306378 2.011605 3.560313 50.760842 -4.275846 -9.980006 -35.738821 0.220407 -4.630279 -0.000000 -0.000000 0.000000 
-12.205661 104.176842 -0.061064 5.698574 -2.059836 10.981153 -0.000003 10.181586 0.131522 1.539946 -0.268009 -1.954842 3.050732 -0.721284 -5.117354 3.050973 -0.719713 -5.117470 0.000000 16.740404 -2.049032 0.181847 2.046978 1.388617 0.000000 9.617859 1.685012 -10.125681 12.571682 -1.721940 0.000000 22.037354 7.501092 0.000000 -0.000001 0.000000 -4.569967 11.014902 -2.160884 0.855188 5.026148 -9.526665 28.702716 -23.899969 -15.136411 -0.000002 46.940755 -0.000011 -32.623350 12.047546 47.252208 -2.464814 -1.573960 2.681851 -1.619316 -4.333955 -6.744764 4.223205 -7.640278 -0.059986 -1.560138 0.883069 -1.926128 0.000001 -0.000005 0.000002 -9.108284 -0.517854 2.259835 0.000011 -0.018794 0.000156 0.000005 0.029301 0.000001 0.000003 -0.010100 -0.000002 0.000004 0.000004 0.000004 -9.532507 -0.000032 -0.000020 0.000016 -0.057493 0.000156 0.000003 0.097399 0.000022 0.000001 -0.036905 -0.000003 -0.000000 0.000004 0.000000 -9.103577 -0.043060 -1.865132 0.000013 0.017907 0.000056 0.000002 -0.025404 0.000046 0.000004 -0.012898 -0.000007 0.000000 -0.000000 0.000002 -8.076690 -0.486687 -3.806275 0.000008 0.059604 -0.000444 0.000000 0.097002 -0.000000 0.000005 -0.056901 -0.000005 -0.000000 -0.000004 -0.000001 4.570446 11.014734 -2.160856 0.041655 5.470011 -4.959438 39.955124 -19.404071 -13.195820 -0.000014 -14.338956 -0.000003 -14.187652 -7.580387 1.833383 2.466151 -1.576210 2.681732 -1.336444 4.338059 6.279180 3.576451 7.070877 0.589256 -0.821926 0.916476 2.391507 -0.000004 0.000001 -0.000007 9.109296 -0.518043 2.259866 0.000013 -0.005096 0.000103 -0.000002 0.012000 -0.000002 -0.000004 -0.007600 -0.000001 -0.000001 -0.000004 -0.000005 9.533407 0.000027 0.000043 0.000009 -0.005520 0.015977 -0.000002 0.004323 -0.015979 0.000001 0.002400 0.000003 0.000002 0.000001 -0.000000 9.104534 -0.043036 -1.865076 0.000010 0.000706 0.000102 0.000000 -0.000001 0.000000 -0.000001 0.000001 -0.000003 -0.000001 -0.000000 0.000000 8.077785 -0.486869 -3.806258 -0.020167 4.288551 0.510629 -0.016181 -4.078359 -0.510910 -0.000001 -0.007703 0.000002 -0.000001 -0.000000 -0.000006 -8.207786 -6.751677 -1.599560 -11.178039 -6.314766 -13.549433 13.350137 -10.578831 -7.937742 -5.691210 -2.943174 8.428914 -5.832086 -0.000006 -0.000006 -0.000000 -0.000000 -0.000000 8.207790 -6.751706 -1.599551 -10.996791 28.219519 7.804997 -0.323692 3.770217 2.765114 52.678165 -3.248335 -7.015200 -35.467543 0.240022 -4.788830 0.000000 -0.000000 -0.000000 
-12.077923 104.807487 -0.127074 7.205015 -3.915662 10.348558 -0.000007 10.181590 0.131519 1.554412 0.508727 -2.517796 3.132152 0.768645 -6.231899 3.132421 0.768416 -6.231790 -0.000001 16.740406 -2.049040 -1.528148 1.843396 1.268200 0.000001 9.617886 1.685010 -11.331637 9.994659 2.893465 0.000001 22.037369 7.501092 0.000000 -0.000001 0.000000 -4.569967 11.014920 -2.160887 1.570457 8.310537 -13.075286 42.973778 -24.443985 0.795895 0.000003 43.016658 -0.000018 -5.697943 22.547050 23.721648 -2.464826 -1.573986 2.681833 -1.619267 -4.333927 -6.744823 4.223207 -7.640272 -0.059991 -1.560137 0.883059 -1.926122 0.000001 -0.000003 -0.000001 -9.108294 -0.517858 2.259817 0.000002 -0.018783 0.000102 0.000002 0.029298 -0.000002 0.000004 -0.010093 0.000002 0.000003 -0.000006 -0.000002 -9.532518 -0.000035 -0.000049 0.000003 -0.057483 0.000103 0.000004 0.097397 0.000023 -0.000001 -0.036901 -0.000004 -0.000000 0.000000 -0.000002 -9.103590 -0.043061 -1.865167 0.000001 0.017918 0.000003 0.000001 -0.025401 0.000039 0.000000 -0.012897 -0.000001 -0.000001 -0.000002 -0.000003 -8.076687 -0.486692 -3.806305 0.000001 0.059621 -0.000498 -0.000002 0.096999 0.000002 0.000002 -0.056899 -0.000003 -0.000000 0.000001 0.000002 4.570446 11.014727 -2.160861 0.012013 5.935497 -5.498496 40.513294 -17.806914 -4.965426 -0.000015 -17.582819 0.000005 -15.180210 -5.729750 -1.517220 2.466148 -1.576186 2.681731 -1.336437 4.338054 6.279182 3.576461 7.070875 0.589259 -0.821922 0.916468 2.391510 -0.000006 0.000001 -0.000003 9.109302 -0.518029 2.259864 0.000012 -0.005100 0.000103 -0.000002 0.012002 -0.000001 -0.000002 -0.007605 0.000003 0.000003 0.000003 0.000004 9.533411 0.000044 0.000039 0.000005 -0.005524 0.015979 -0.000003 0.004325 -0.015979 0.000003 0.002399 0.000002 0.000002 0.000001 0.000003 9.104534 -0.043036 -1.865080 0.000013 0.000699 0.000105 -0.000001 -0.000002 -0.000003 -0.000003 0.000000 0.000001 -0.000001 0.000001 -0.000001 8.077778 -0.486838 -3.806266 -0.020172 4.288546 0.510632 -0.016177 -4.078362 -0.510910 -0.000002 -0.007701 0.000000 -0.000001 -0.000004 0.000001 -8.207788 -6.751667 -1.599562 -12.822399 -6.182050 -13.008732 12.287015 -10.712114 -7.316152 -1.214224 -1.497572 8.459339 -8.488663 0.000003 0.000003 0.000000 -0.000000 0.000001 8.207789 -6.751697 -1.599556 -12.761010 28.285936 8.889384 -0.308181 4.955603 2.636195 54.047854 -2.407346 -4.872394 -34.578154 0.248324 -4.832944 -0.000000 0.000003 0.000001 
-11.676883 105.413811 0.116909 8.459236 -3.986212 8.837743 -0.000003 10.181567 0.131520 1.364797 1.247234 -2.704851 2.816972 2.206926 -6.558122 2.819209 2.204502 -6.557960 0.000002 16.740372 -2.049034 -2.516423 1.418693 1.198193 -0.000002 9.617870 1.685014 -11.505665 6.794172 6.534880 0.000004 22.037338 7.501098 -0.000002 0.000000 -0.000000 -4.569964 11.014903 -2.160885 1.556712 8.223068 -13.166502 46.252255 -20.312877 10.543025 0.000015 32.306047 -0.000012 19.230109 18.196975 -2.877731 -2.464803 -1.573960 2.681842 -1.619247 -4.333930 -6.744819 4.223209 -7.640274 -0.059982 -1.560137 0.883064 -1.926126 0.000002 -0.000006 0.000002 -9.108274 -0.517869 2.259830 -0.000001 -0.018778 0.000098 -0.000001 0.029302 0.000001 0.000001 -0.010104 0.000000 -0.000001 -0.000003 -0.000007 -9.532505 -0.000047 -0.000028 -0.000000 -0.057477 0.000097 0.000003 0.097397 0.000025 0.000000 -0.036900 -0.000001 -0.000000 -0.000001 0.000003 -9.103586 -0.043075 -1.865161 -0.000002 0.017923 -0.000002 -0.000001 -0.025407 0.000044 0.000001 -0.012898 -0.000005 0.000001 0.000001 -0.000002 -8.076676 -0.486704 -3.806294 -0.000005 0.059623 -0.000499 -0.000001 0.096994 -0.000001 0.000003 -0.056898 -0.000003 0.000000 -0.000002 0.000004 4.570449 11.014719 -2.160855 0.004144 6.557969 -6.384870 42.100391 -17.725987 3.333600 -0.000044 -22.771444 -0.000005 -16.710232 -5.537937 -4.757241 2.466139 -1.576206 2.681740 -1.336444 4.338047 6.279176 3.576452 7.070881 0.589264 -0.821927 0.916469 2.391505 0.000005 0.000003 0.000000 9.109300 -0.518047 2.259871 0.000010 -0.005106 0.000098 -0.000005 0.012000 -0.000004 -0.000004 -0.007596 0.000002 0.000000 -0.000004 0.000002 9.533410 0.000037 0.000046 0.000005 -0.005530 0.015970 -0.000007 0.004328 -0.015978 -0.000000 0.002399 0.000004 -0.000003 0.000004 -0.000004 9.104534 -0.043029 -1.865072 0.000011 0.000695 0.000099 -0.000001 -0.000002 -0.000003 0.000002 0.000006 0.000001 0.000001 -0.000000 0.000000 8.077785 -0.486864 -3.806259 -0.020176 4.288543 0.510624 -0.016178 -4.078360 -0.510899 -0.000001 -0.007698 -0.000004 -0.000005 -0.000000 0.000003 -8.207784 -6.751685 -1.599558 -13.746761 -8.175708 -12.517441 10.574121 -9.096365 -6.276082 4.408234 -0.089998 9.241515 -13.049894 0.000006 -0.000005 0.000000 -0.000001 -0.000000 8.207792 -6.751709 -1.599556 -14.880815 27.305940 10.078380 -0.207813 4.416671 3.182215 54.714159 -1.744092 -3.533684 -34.202258 0.262499 -4.937138 0.000001 -0.000001 0.000001 
-10.952066 105.871590 0.624198 9.281867 -2.521873 6.709622 -0.000004 10.181586 0.131519 0.988935 1.589103 -2.643557 2.081849 2.908013 -6.222557 2.087194 2.905101 -6.222218 -0.000001 16.740376 -2.049035 -2.898326 0.903086 1.499761 0.000003 9.617876 1.685019 -10.362741 4.128295 8.785441 0.000003 22.037354 7.501092 -0.000001 0.000001 -0.000000 -4.569971 11.014906 -2.160886 1.034208 5.887704 -11.013887 42.739338 -18.398595 14.122538 -0.000000 25.184484 0.000001 30.407876 11.044342 -20.148380 -2.464805 -1.573966 2.681839 -1.619249 -4.333942 -6.744821 4.223207 -7.640272 -0.059987 -1.560137 0.883059 -1.926126 0.000001 -0.000003 0.000004 -9.108276 -0.517872 2.259845 -0.000000 -0.018776 0.000101 0.000000 0.029301 -0.000001 0.000002 -0.010102 -0.000001 -0.000000 -0.000000 0.000001 -9.532500 -0.000047 -0.000041 -0.000000 -0.057476 0.000101 0.000001 0.097399 0.000023 -0.000000 -0.036900 -0.000003 -0.000000 -0.000001 0.000004 -9.103589 -0.043075 -1.865135 -0.000000 0.017924 0.000002 0.000001 -0.025404 0.000042 -0.000000 -0.012899 -0.000004 0.000000 -0.000001 -0.000001 -8.076673 -0.486714 -3.806278 -0.000003 0.059616 -0.000500 -0.000000 0.097003 -0.000001 0.000001 -0.056899 -0.000000 -0.000001 -0.000000 0.000002 4.570442 11.014717 -2.160858 -0.010164 6.536819 -6.148112 43.870158 -16.145252 7.768921 -0.000040 -31.185653 -0.000018 -18.820986 -7.605632 -7.628574 2.466136 -1.576206 2.681734 -1.336439 4.338055 6.279179 3.576458 7.070883 0.589265 -0.821929 0.916471 2.391512 -0.000001 -0.000001 -0.000005 9.109305 -0.518032 2.259869 0.000016 -0.005098 0.000105 -0.000001 0.012000 -0.000002 0.000001 -0.007600 -0.000001 -0.000005 0.000008 0.000001 9.533396 0.000042 0.000043 0.000006 -0.005523 0.015979 -0.000004 0.004327 -0.015976 0.000003 0.002399 -0.000001 -0.000003 -0.000001 -0.000003 9.104523 -0.043023 -1.865074 0.000015 0.000702 0.000103 -0.000004 -0.000002 -0.000002 0.000002 -0.000000 -0.000001 -0.000001 0.000002 -0.000001 8.077781 -0.486856 -3.806264 -0.020171 4.288551 0.510634 -0.016180 -4.078362 -0.510913 0.000002 -0.007699 0.000007 0.000001 -0.000002 -0.000002 -8.207788 -6.751668 -1.599561 -13.631597 -10.502604 -11.968833 8.636929 -6.846312 -5.078670 10.480605 0.442869 10.571556 -16.078930 0.000009 -0.000008 -0.000000 -0.000001 -0.000000 8.207790 -6.751694 -1.599555 -16.559478 24.794490 10.954461 -0.026581 3.683456 4.003832 54.686620 -1.075749 -2.326285 -35.165075 0.304354 -5.281118 0.000001 -0.000000 -0.000001 
-10.001687 106.095711 1.259881 9.582154 -0.542791 4.326077 -0.000005 10.181571 0.131519 0.547861 1.412129 -2.556272 1.164871 2.624647 -5.471702 1.172998 2.622472 -5.471190 -0.000001 16.740383 -2.049032 -3.003909 0.479426 2.271275 0.000004 9.617891 1.685012 -8.416782 2.983308 9.885848 0.000003 22.037338 7.501093 -0.000002 -0.000001 -0.000000 -4.569970 11.014898 -2.160882 0.473163 2.708200 -7.882669 35.557480 -18.167782 11.907535 -0.000008 23.168758 0.000008 33.077923 11.323123 -29.908985 -2.464813 -1.573978 2.681848 -1.619250 -4.333960 -6.744810 4.223212 -7.640269 -0.059990 -1.560139 0.883064 -1.926122 0.000001 -0.000003 0.000004 -9.108288 -0.517874 2.259840 -0.000000 -0.018786 0.000106 0.000001 0.029302 -0.000001 0.000002 -0.010101 0.000003 -0.000002 -0.000001 0.000001 -9.532512 -0.000039 -0.000011 -0.000003 -0.057486 0.000106 0.000003 0.097396 0.000026 0.000000 -0.036897 -0.000012 -0.000001 -0.000000 -0.000003 -9.103589 -0.043081 -1.865136 -0.000001 0.017913 0.000006 -0.000002 -0.025404 0.000044 -0.000000 -0.012900 -0.000009 0.000001 0.000000 -0.000001 -8.076679 -0.486712 -3.806282 -0.000010 0.059611 -0.000494 -0.000001 0.096999 0.000004 0.000000 -0.056901 0.000005 0.000000 -0.000002 0.000006 4.570449 11.014702 -2.160851 -0.041985 5.738844 -4.219232 42.902139 -12.481516 6.605935 -0.000074 -42.365020 -0.000031 -19.765253 -10.357006 -10.694205 2.466151 -1.576205 2.681741 -1.336447 4.338053 6.279180 3.576452 7.070873 0.589260 -0.821926 0.916473 2.391506 -0.000001 -0.000003 -0.000006 9.109307 -0.518038 2.259874 0.000011 -0.005102 0.000098 -0.000005 0.012000 -0.000001 0.000001 -0.007600 0.000000 -0.000002 -0.000002 0.000003 9.533427 0.000030 0.000047 0.000004 -0.005527 0.015975 -0.000003 0.004324 -0.015977 0.000002 0.002398 0.000000 0.000001 0.000002 -0.000000 9.104537 -0.043033 -1.865065 0.000012 0.000698 0.000095 -0.000003 0.000001 -0.000001 0.000003 -0.000001 0.000001 -0.000001 0.000003 -0.000002 8.077809 -0.486868 -3.806257 -0.020176 4.288546 0.510629 -0.016175 -4.078367 -0.510908 0.000003 -0.007702 0.000004 -0.000002 0.000002 0.000000 -8.207785 -6.751685 -1.599564 -12.527048 -11.410491 -10.996857 7.100566 -6.331710 -4.159201 15.341337 0.966332 11.337614 -19.528464 0.000282 -0.018496 -0.000000 0.000001 -0.000000 8.207789 -6.751708 -1.599558 -17.420659 21.616125 11.602562 0.392053 3.715639 4.775938 53.952614 -0.199477 -0.669013 -37.767972 0.393195 -5.947704 0.000000 0.000001 -0.000000 
-8.919833 106.129044 1.937332 9.428763 1.053815 1.914847 -0.000005 10.181589 0.131519 0.144659 0.837047 -2.338602 0.298079 1.575804 -4.165276 0.305656 1.575970 -4.164788 0.000001 16.740395 -2.049035 -2.831575 0.426128 2.872624 0.000006 9.617905 1.685006 -6.338068 3.844570 9.468144 0.000002 22.037354 7.501094 0.000000 -0.000001 0.000001 -4.569969 11.014915 -2.160882 0.142695 0.017684 -5.103790 26.395222 -16.720105 6.410598 0.000001 22.758486 0.000002 31.965968 17.459953 -33.275210 -2.464811 -1.573973 2.681836 -1.619246 -4.333939 -6.744809 4.223211 -7.640279 -0.059991 -1.560137 0.883068 -1.926116 0.000007 -0.000008 -0.000004 -9.108276 -0.517862 2.259834 -0.000006 -0.018781 0.000101 -0.000002 0.029300 0.000006 0.000001 -0.010099 -0.000007 0.000001 -0.000004 -0.000000 -9.532512 -0.000025 -0.000047 -0.000004 -0.057483 0.000103 0.000005 0.097396 0.000028 0.000001 -0.036897 -0.000006 -0.000001 -0.000003 0.000010 -9.103580 -0.043079 -1.865132 -0.000004 0.017917 -0.000001 -0.000004 -0.025405 0.000044 0.000003 -0.012899 -0.000002 0.000002 -0.000001 -0.000005 -8.076689 -0.486708 -3.806292 -0.000009 0.059624 -0.000509 0.000001 0.096999 0.000003 0.000008 -0.056902 0.000001 -0.000002 0.000002 -0.000005 4.570446 11.014729 -2.160854 -0.099835 4.867180 -1.573168 40.085776 -7.856812 1.762308 -0.000071 -54.044650 -0.000044 -21.028944 -12.359806 -15.404064 2.466122 -1.576198 2.681740 -1.336448 4.338047 6.279186 3.576457 7.070880 0.589260 -0.821930 0.916476 2.391502 -0.000002 -0.000001 0.000004 9.109290 -0.518044 2.259872 0.000014 -0.005105 0.000105 0.000002 0.012000 0.000003 0.000000 -0.007599 -0.000002 -0.000002 -0.000000 0.000002 9.533392 0.000024 0.000049 0.000004 -0.005532 0.015980 -0.000001 0.004328 -0.015978 0.000003 0.002399 0.000001 -0.000004 0.000003 0.000001 9.104517 -0.043035 -1.865073 0.000006 0.000696 0.000106 -0.000002 0.000004 0.000001 0.000001 -0.000005 0.000001 0.000004 0.000000 0.000001 8.077770 -0.486855 -3.806260 -0.020173 4.288542 0.510636 -0.016172 -4.078364 -0.510908 0.000002 -0.007697 -0.000002 0.000004 0.000002 -0.000000 -8.207786 -6.751664 -1.599563 -10.820003 -11.469869 -9.680366 5.824218 -6.496534 -3.507256 19.054281 1.407381 11.858773 -22.862373 0.002553 -0.082390 -0.000000 -0.000001 -0.000000 8.207789 -6.751709 -1.599557 -19.355349 18.925269 12.869193 4.385738 4.775769 5.687875 49.997972 0.555661 0.853568 -39.978545 0.305734 -5.154705 0.000001 -0.000001 -0.000001 
-7.768672 106.062706 2.653430 9.067831 1.898369 -0.301055 -0.000004 10.181586 0.131520 -0.196505 0.134704 -2.007986 -0.424743 0.290542 -2.172832 -0.422664 0.294571 -2.172702 -0.000001 16.740383 -2.049032 -2.340642 0.804087 2.671442 0.000004 9.617884 1.685006 -4.271069 6.051742 7.224583 0.000001 22.037369 7.501097 0.000001 0.000001 0.000000 -4.569968 11.014891 -2.160879 0.009118 -1.407513 -3.919300 15.665017 -13.410257 1.314231 -0.000001 21.946033 -0.000002 28.533815 23.986832 -31.420407 -2.464799 -1.573960 2.681862 -1.619265 -4.333937 -6.744817 4.223209 -7.640271 -0.059984 -1.560142 0.883068 -1.926122 0.000004 -0.000007 -0.000001 -9.108280 -0.517847 2.259844 0.000002 -0.018785 0.000112 -0.000001 0.029303 0.000000 -0.000001 -0.010107 -0.000005 0.000001 -0.000000 0.000005 -9.532511 -0.000045 -0.000016 0.000005 -0.057485 0.000112 -0.000001 0.097394 0.000026 0.000002 -0.036892 -0.000008 -0.000004 -0.000003 -0.000001 -9.103588 -0.043055 -1.865130 0.000003 0.017914 0.000011 -0.000001 -0.025411 0.000043 0.000001 -0.012900 0.000001 0.000000 -0.000005 0.000002 -8.076675 -0.486709 -3.806256 0.000011 0.059612 -0.000483 0.000002 0.096995 0.000002 0.000003 -0.056899 -0.000002 -0.000001 0.000001 0.000000 4.570445 11.014715 -2.160853 -0.163551 4.296215 0.700335 39.574338 -3.896579 -3.372002 -0.000119 -63.323469 -0.000091 -26.303651 -13.388864 -22.412975 2.466138 -1.576203 2.681744 -1.336443 4.338056 6.279179 3.576458 7.070879 0.589271 -0.821932 0.916473 2.391506 -0.000002 0.000003 -0.000001 9.109311 -0.518046 2.259874 0.000013 -0.005097 0.000103 -0.000004 0.011996 -0.000001 0.000003 -0.007600 0.000004 0.000003 -0.000003 -0.000001 9.533411 0.000025 0.000045 0.000007 -0.005520 0.015978 -0.000006 0.004326 -0.015980 0.000002 0.002394 0.000001 -0.000001 0.000003 0.000000 9.104536 -0.043038 -1.865072 0.000013 0.000702 0.000101 -0.000003 0.000001 0.000003 -0.000002 -0.000001 0.000003 -0.000000 0.000000 -0.000001 8.077797 -0.486873 -3.806256 -0.020175 4.288552 0.510631 -0.016175 -4.078364 -0.510907 -0.000005 -0.007698 -0.000003 -0.000003 0.000001 -0.000005 -8.207784 -6.751674 -1.599560 -9.103529 -12.040330 -8.458359 4.547679 -5.808442 -2.833272 22.340114 1.812153 12.261259 -25.737556 0.006803 -0.133344 0.000000 0.000001 -0.000000 8.207792 -6.751699 -1.599556 -21.609897 17.268675 14.367165 10.068983 6.625724 7.183220 42.840517 0.203272 -0.070810 -38.725342 0.015721 -1.115364 0.000000 0.000001 0.000000 
-6.512465 105.895943 3.419281 8.599217 1.975683 -2.367205 -0.000005 10.181602 0.131521 -0.424980 -0.358172 -1.655037 -0.876959 -0.633320 0.074617 -0.883339 -0.624268 0.074433 0.000002 16.740385 -2.049033 -1.772719 1.272338 1.914515 0.000003 9.617868 1.685010 -2.186234 8.068225 3.954894 0.000002 22.037369 7.501096 -0.000001 -0.000000 -0.000000 -4.569967 11.014916 -2.160884 -0.065176 -2.014166 -3.962732 3.297973 -9.410690 -1.781197 0.000001 21.879879 -0.000006 23.936224 27.662005 -26.518489 -2.464813 -1.573978 2.681844 -1.619261 -4.333940 -6.744811 4.223210 -7.640271 -0.059988 -1.560139 0.883066 -1.926120 0.000003 -0.000003 0.000000 -9.108285 -0.517849 2.259822 -0.000001 -0.018779 0.000092 0.000001 0.029306 0.000000 0.000000 -0.010107 0.000003 0.000001 -0.000000 -0.000000 -9.532514 -0.000031 -0.000037 -0.000007 -0.057481 0.000092 0.000004 0.097387 0.000025 -0.000000 -0.036896 -0.000001 0.000003 0.000003 -0.000004 -9.103593 -0.043084 -1.865132 -0.000003 0.017920 -0.000008 0.000004 -0.025402 0.000040 -0.000001 -0.012905 -0.000002 0.000001 -0.000000 0.000001 -8.076678 -0.486713 -3.806283 0.000004 0.059619 -0.000507 0.000000 0.097001 -0.000005 -0.000002 -0.056899 0.000001 0.000003 0.000001 0.000000 4.570447 11.014734 -2.160854 -0.209105 3.732765 2.810038 42.144627 -2.241705 -6.388219 -0.000161 -68.599961 -0.000111 -34.568728 -13.817172 -30.981530 2.466154 -1.576201 2.681738 -1.336440 4.338053 6.279173 3.576455 7.070878 0.589261 -0.821923 0.916476 2.391509 0.000005 0.000007 0.000002 9.109310 -0.518044 2.259872 0.000013 -0.005100 0.000097 -0.000002 0.011999 0.000001 -0.000002 -0.007598 -0.000004 -0.000001 0.000002 0.000003 9.533418 0.000026 0.000042 0.000009 -0.005525 0.015970 0.000000 0.004330 -0.015978 0.000001 0.002402 -0.000001 0.000001 0.000000 -0.000005 9.104535 -0.043023 -1.865072 0.000016 0.000698 0.000096 -0.000006 0.000007 -0.000003 -0.000001 -0.000000 -0.000000 -0.000003 0.000000 0.000002 8.077793 -0.486856 -3.806262 -0.020169 4.288551 0.510623 -0.016180 -4.078363 -0.510906 -0.000001 -0.007699 -0.000001 -0.000000 -0.000003 0.000002 -8.207785 -6.751678 -1.599561 -7.937306 -13.028971 -7.556202 4.064419 -4.440194 -2.105963 25.268582 2.275452 13.223082 -28.256295 0.043401 -0.592807 0.000000 0.000001 -0.000000 8.207789 -6.751699 -1.599555 -21.495686 16.612704 15.474405 12.012243 6.627349 9.061820 38.005710 -1.443165 -5.381166 -36.444762 0.000007 0.000001 0.000000 -0.000004 -0.000001 
-5.095295 105.712608 4.197880 7.925648 1.590632 -4.279913 -0.000005 10.181591 0.131520 -0.517716 -0.537858 -1.441094 -1.037905 -1.015024 1.980217 -1.051473 -1.001352 1.979966 0.000001 16.740385 -2.049034 -1.360890 1.501769 1.278961 0.000001 9.617884 1.685009 -0.233189 8.976439 0.826098 0.000002 22.037369 7.501096 0.000000 -0.000001 0.000000 -4.569967 11.014915 -2.160882 -0.140518 -2.705740 -3.830215 -8.214470 -5.534180 -3.102064 0.000001 22.782818 -0.000014 19.427838 28.437327 -20.571737 -2.464803 -1.573977 2.681845 -1.619251 -4.333934 -6.744819 4.223211 -7.640276 -0.059995 -1.560143 0.883074 -1.926115 0.000005 -0.000008 -0.000001 -9.108279 -0.517870 2.259837 -0.000000 -0.018795 0.000097 0.000001 0.029309 -0.000004 0.000003 -0.010102 -0.000001 0.000001 0.000002 0.000002 -9.532508 -0.000064 -0.000020 0.000001 -0.057490 0.000096 0.000004 0.097400 0.000026 0.000003 -0.036903 -0.000004 -0.000002 0.000004 0.000002 -9.103589 -0.043076 -1.865128 -0.000001 0.017906 -0.000000 0.000000 -0.025402 0.000039 -0.000001 -0.012898 -0.000004 0.000002 -0.000009 -0.000003 -8.076676 -0.486691 -3.806274 -0.000007 0.059611 -0.000498 0.000002 0.097011 0.000000 0.000000 -0.056896 -0.000008 -0.000001 0.000002 -0.000003 4.570445 11.014729 -2.160854 -0.232497 2.922140 5.390177 45.416062 -1.922592 -6.491003 -0.000182 -70.549475 -0.000143 -41.987324 -14.005941 -39.665190 2.466119 -1.576213 2.681739 -1.336443 4.338053 6.279182 3.576449 7.070873 0.589265 -0.821931 0.916479 2.391510 0.000006 0.000002 -0.000001 9.109280 -0.518059 2.259870 0.000013 -0.005104 0.000106 0.000000 0.012001 0.000003 0.000001 -0.007599 0.000003 0.000003 -0.000001 0.000001 9.533393 0.000011 0.000043 0.000006 -0.005528 0.015980 -0.000004 0.004326 -0.015974 0.000002 0.002402 0.000000 -0.000001 0.000003 -0.000001 9.104503 -0.043039 -1.865071 0.000013 0.000696 0.000106 -0.000003 0.000004 -0.000000 0.000001 0.000002 0.000001 0.000002 -0.000002 -0.000001 8.077766 -0.486870 -3.806255 -0.020173 4.288547 0.510634 -0.016176 -4.078364 -0.510904 -0.000002 -0.007697 -0.000000 -0.000002 -0.000003 0.000002 -8.207785 -6.751682 -1.599561 -6.856429 -13.351315 -6.780830 3.998785 -3.194997 -1.415888 27.777006 2.562624 13.225639 -30.014990 0.005931 -0.072007 0.000000 -0.000000 -0.000000 8.207792 -6.751697 -1.599555 -19.595188 15.741185 16.684940 11.984992 5.109309 10.075639 35.219143 -3.126496 -13.160676 -35.850140 0.000015 -0.000007 -0.000000 0.000000 0.000001 
-3.401215 105.494118 4.919433 7.112806 1.350492 -6.005188 -0.000005 10.181581 0.131519 -0.590482 -0.613525 -1.208095 -1.152501 -1.257893 3.462762 -1.172489 -1.239601 3.462617 0.000002 16.740383 -2.049031 -1.035855 1.533551 0.843431 0.000001 9.617874 1.685008 1.574860 9.030458 -1.843212 0.000002 22.037369 7.501094 0.000001 0.000000 -0.000000 -4.569968 11.014902 -2.160882 -0.194882 -3.530378 -3.131934 -15.851706 -2.141902 -3.149456 0.000005 23.724836 0.000000 15.616007 27.452074 -14.878423 -2.464799 -1.573967 2.681855 -1.619248 -4.333934 -6.744813 4.223211 -7.640276 -0.059992 -1.560141 0.883068 -1.926115 0.000002 -0.000003 -0.000005 -9.108280 -0.517890 2.259846 -0.000001 -0.018785 0.000106 0.000002 0.029300 0.000000 -0.000000 -0.010095 -0.000001 -0.000004 0.000006 -0.000001 -9.532500 -0.000051 -0.000010 -0.000001 -0.057484 0.000105 0.000002 0.097396 0.000022 -0.000002 -0.036896 0.000001 -0.000000 -0.000003 0.000001 -9.103578 -0.043094 -1.865121 -0.000003 0.017918 0.000004 -0.000000 -0.025414 0.000043 0.000000 -0.012901 -0.000003 0.000001 -0.000002 0.000002 -8.076682 -0.486702 -3.806268 -0.000002 0.059620 -0.000496 0.000003 0.096995 -0.000006 0.000003 -0.056894 0.000001 0.000000 -0.000007 0.000001 4.570443 11.014688 -2.160851 -0.239738 2.077524 8.065005 47.660203 -0.835481 -4.751847 -0.000208 -70.512585 -0.000156 -45.756947 -14.321343 -46.444535 2.466120 -1.576201 2.681738 -1.336443 4.338060 6.279178 3.576464 7.070877 0.589259 -0.821930 0.916466 2.391511 0.000003 0.000010 0.000002 9.109281 -0.518043 2.259872 0.000014 -0.005096 0.000100 -0.000008 0.011999 -0.000001 -0.000005 -0.007601 0.000000 -0.000003 -0.000001 0.000002 9.533388 0.000030 0.000047 0.000004 -0.005519 0.015972 -0.000000 0.004328 -0.015976 0.000000 0.002400 -0.000001 -0.000001 0.000001 0.000000 9.104510 -0.043036 -1.865070 0.000013 0.000704 0.000099 -0.000002 0.000001 0.000002 -0.000003 0.000004 -0.000001 -0.000002 -0.000000 0.000002 8.077755 -0.486853 -3.806257 -0.020176 4.288553 0.510626 -0.016174 -4.078366 -0.510906 0.000002 -0.007697 0.000000 0.000002 0.000004 0.000001 -8.207787 -6.751672 -1.599560 -5.815611 -12.637477 -6.326083 4.170870 -2.957656 -0.783168 30.493888 2.801666 12.842117 -31.802167 -0.078069 1.033573 -0.000000 0.000000 -0.000000 8.207793 -6.751710 -1.599556 -17.218950 13.822263 17.818055 12.375795 4.053925 9.896127 31.992507 -3.673025 -19.508245 -33.839561 0.011393 -1.059790 0.000000 0.000003 0.000000 
-1.380691 105.272278 5.530405 6.366360 1.749363 -7.521930 -0.000004 10.181580 0.131520 -0.762930 -0.815778 -0.700969 -1.449007 -1.778118 4.758214 -1.478322 -1.753108 4.758416 0.000001 16.740387 -2.049036 -0.636197 1.564103 0.253578 0.000001 9.617885 1.685009 3.317442 8.754376 -4.197663 0.000002 22.037354 7.501094 0.000000 -0.000000 -0.000000 -4.569968 11.014922 -2.160884 -0.208469 -4.127259 -2.335363 -19.755323 0.396020 -2.413185 -0.000003 24.673845 0.000008 12.746322 25.486240 -10.503890 -2.464811 -1.573978 2.681852 -1.619250 -4.333936 -6.744822 4.223210 -7.640274 -0.059990 -1.560139 0.883069 -1.926125 0.000003 -0.000008 0.000004 -9.108292 -0.517870 2.259835 -0.000001 -0.018782 0.000098 0.000001 0.029300 -0.000001 0.000001 -0.010101 -0.000001 -0.000001 0.000002 -0.000000 -9.532512 -0.000050 -0.000022 -0.000003 -0.057476 0.000097 0.000001 0.097393 0.000025 -0.000000 -0.036904 -0.000003 -0.000000 -0.000002 0.000000 -9.103588 -0.043077 -1.865129 -0.000001 0.017918 -0.000004 0.000001 -0.025404 0.000045 0.000001 -0.012907 -0.000004 0.000002 0.000001 0.000002 -8.076678 -0.486728 -3.806272 -0.000009 0.059620 -0.000507 -0.000003 0.096997 -0.000000 0.000001 -0.056900 0.000001 0.000002 -0.000005 0.000000 4.570441 11.014740 -2.160856 -0.244038 1.520577 9.988091 48.395032 1.376121 -2.253724 -0.000191 -68.657109 -0.000151 -46.119572 -14.697700 -49.778566 2.466132 -1.576213 2.681739 -1.336444 4.338053 6.279182 3.576459 7.070881 0.589260 -0.821928 0.916473 2.391505 -0.000000 -0.000003 -0.000001 9.109303 -0.518046 2.259869 0.000017 -0.005101 0.000103 -0.000001 0.012000 0.000001 -0.000004 -0.007602 -0.000001 0.000001 0.000002 0.000001 9.533402 0.000026 0.000044 0.000009 -0.005525 0.015976 -0.000003 0.004328 -0.015975 0.000001 0.002399 -0.000001 -0.000001 0.000001 0.000001 9.104515 -0.043038 -1.865071 0.000015 0.000700 0.000103 -0.000001 -0.000001 0.000003 -0.000001 0.000002 -0.000001 -0.000002 -0.000002 -0.000001 8.077777 -0.486873 -3.806252 -0.020172 4.288549 0.510630 -0.016177 -4.078363 -0.510907 0.000003 -0.007699 -0.000002 -0.000005 -0.000001 0.000002 -8.207785 -6.751663 -1.599561 -4.574496 -12.020227 -6.181919 3.618496 -3.564878 -0.264802 34.186012 3.076867 12.204411 -33.891757 -0.167025 2.582934 0.000000 -0.000000 -0.000000 8.207791 -6.751703 -1.599555 -15.567036 11.390759 17.937841 14.546136 4.519084 9.849482 25.071944 -2.415766 -21.028546 -30.527459 -0.000974 0.117607 0.000000 -0.000001 -0.000000 
0.855438 104.937080 5.855760 5.667733 2.455195 -8.887753 -0.000002 10.181582 0.131518 -0.997586 -1.077083 -0.060319 -1.864195 -2.404911 5.829794 -1.901564 -2.373106 5.830641 0.000002 16.740391 -2.049035 -0.181967 1.649231 -0.397317 -0.000000 9.617887 1.685009 4.790851 8.500656 -5.727335 0.000002 22.037354 7.501094 0.000001 -0.000000 0.000000 -4.569967 11.014903 -2.160882 -0.207280 -4.698259 -1.461181 -21.762420 1.837338 -1.132550 0.000003 25.998712 0.000001 11.013071 22.840023 -8.297920 -2.464807 -1.573961 2.681849 -1.619255 -4.333944 -6.744821 4.223207 -7.640268 -0.059986 -1.560138 0.883057 -1.926125 0.000004 -0.000003 -0.000001 -9.108294 -0.517859 2.259835 0.000001 -0.018787 0.000105 -0.000001 0.029306 -0.000001 0.000003 -0.010104 0.000004 0.000000 -0.000001 0.000002 -9.532518 -0.000039 -0.000026 0.000001 -0.057485 0.000106 0.000000 0.097398 0.000022 0.000001 -0.036910 -0.000004 -0.000001 0.000001 -0.000001 -9.103591 -0.043064 -1.865131 -0.000001 0.017915 0.000006 -0.000000 -0.025406 0.000042 -0.000002 -0.012905 -0.000006 -0.000001 -0.000002 -0.000002 -8.076676 -0.486714 -3.806278 -0.000007 0.059627 -0.000511 -0.000003 0.097005 -0.000000 0.000001 -0.056911 -0.000001 -0.000001 -0.000001 -0.000001 4.570445 11.014701 -2.160853 -0.256925 1.321449 10.917411 47.841630 3.492808 0.678644 -0.000163 -64.864551 -0.000116 -46.029249 -14.073639 -49.647252 2.466166 -1.576196 2.681734 -1.336442 4.338051 6.279181 3.576460 7.070885 0.589271 -0.821927 0.916473 2.391500 0.000003 0.000000 -0.000001 9.109324 -0.518044 2.259865 0.000015 -0.005106 0.000101 -0.000002 0.011999 0.000001 -0.000002 -0.007597 -0.000001 0.000004 0.000000 0.000000 9.533419 0.000026 0.000043 0.000007 -0.005530 0.015975 -0.000003 0.004327 -0.015978 -0.000000 0.002401 0.000000 0.000001 0.000000 -0.000002 9.104552 -0.043035 -1.865075 0.000015 0.000694 0.000101 -0.000000 -0.000001 0.000002 -0.000003 -0.000001 0.000001 -0.000001 0.000002 -0.000003 8.077818 -0.486856 -3.806268 -0.020173 4.288545 0.510629 -0.016174 -4.078366 -0.510907 0.000002 -0.007698 -0.000003 -0.000000 -0.000002 0.000002 -8.207785 -6.751668 -1.599561 -3.380241 -12.474838 -6.183745 2.749751 -3.684108 0.024811 37.478057 3.236041 11.465942 -35.269335 -0.221145 4.347104 -0.000000 -0.000001 -0.000000 8.207791 -6.751705 -1.599555 -14.365542 10.539037 17.591736 16.195429 5.682944 10.036764 16.310459 -0.682733 -19.815907 -25.671734 0.000005 -0.000009 -0.000000 -0.000000 -0.000000 
2.974128 104.172264 4.781170 4.546670 2.033269 -10.405705 -0.000003 10.181580 0.131521 -1.148459 -1.140093 0.322287 -2.139395 -2.607965 6.405975 -2.177590 -2.572887 6.407298 0.000002 16.740379 -2.049036 -0.032878 1.751579 -0.003746 0.000000 9.617899 1.685010 6.025767 9.469298 -5.572625 0.000002 22.037338 7.501095 -0.000001 -0.000000 0.000000 -4.569968 11.014907 -2.160885 -0.220245 -5.605580 -0.403444 -20.477643 1.710136 1.113174 -0.000011 28.310065 0.000005 10.342466 19.762801 -8.368973 -2.464816 -1.573969 2.681839 -1.619262 -4.333939 -6.744816 4.223211 -7.640275 -0.059988 -1.560140 0.883066 -1.926126 0.000003 -0.000001 0.000006 -9.108290 -0.517873 2.259825 0.000000 -0.018782 0.000098 -0.000001 0.029303 0.000001 0.000002 -0.010107 -0.000001 -0.000003 0.000002 -0.000000 -9.532516 -0.000048 -0.000031 -0.000000 -0.057481 0.000098 0.000001 0.097396 0.000021 0.000002 -0.036899 -0.000001 0.000001 0.000002 0.000001 -9.103601 -0.043077 -1.865141 -0.000001 0.017919 -0.000002 -0.000002 -0.025401 0.000045 0.000001 -0.012906 -0.000004 -0.000001 -0.000008 0.000002 -8.076690 -0.486712 -3.806285 -0.000003 0.059617 -0.000499 -0.000001 0.097001 0.000002 0.000003 -0.056905 0.000001 -0.000002 0.000002 0.000000 4.570446 11.014732 -2.160857 -0.251518 1.163323 11.369011 47.322610 4.809091 0.340178 -0.000136 -63.900969 -0.000095 -45.032984 -10.226581 -45.767301 2.466143 -1.576199 2.681738 -1.336448 4.338055 6.279181 3.576453 7.070879 0.589260 -0.821930 0.916474 2.391516 -0.000004 -0.000003 -0.000006 9.109293 -0.518045 2.259877 0.000007 -0.005096 0.000101 -0.000003 0.012000 0.000002 -0.000007 -0.007600 0.000000 0.000002 -0.000003 0.000001 9.533415 0.000038 0.000049 0.000004 -0.005522 0.015974 -0.000002 0.004327 -0.015978 0.000004 0.002403 -0.000002 -0.000002 0.000002 -0.000001 9.104534 -0.043026 -1.865067 0.000010 0.000703 0.000099 -0.000003 0.000002 0.000000 0.000001 -0.000002 0.000001 -0.000003 0.000001 0.000001 8.077788 -0.486857 -3.806250 -0.020171 4.288550 0.510625 -0.016177 -4.078364 -0.510905 -0.000005 -0.007699 0.000000 0.000003 -0.000003 -0.000000 -8.207786 -6.751660 -1.599560 -2.783084 -13.245344 -6.100265 2.613634 -1.951097 0.174916 36.967292 3.537686 12.969024 -34.088941 -0.197441 3.980383 -0.000000 0.000000 -0.000000 8.207795 -6.751704 -1.599553 -13.270747 12.223516 18.077281 16.374528 4.767540 10.154033 5.026587 1.003747 -17.800725 -16.868844 0.000012 -0.000008 -0.000000 0.000001 -0.000000 
4.969575 103.247040 3.220832 3.352562 1.208894 -12.001496 -0.000007 10.181597 0.131521 -1.245035 -1.115786 0.611164 -2.322777 -2.613060 6.735996 -2.359352 -2.576111 6.737651 0.000001 16.740414 -2.049036 0.047434 1.831645 0.781070 -0.000000 9.617867 1.685012 6.892303 10.782827 -4.693414 0.000003 22.037369 7.501093 0.000001 -0.000001 0.000000 -4.569969 11.014926 -2.160885 -0.214571 -6.604652 0.655480 -18.000538 1.147106 3.832176 0.000011 30.731579 -0.000006 10.296466 16.728492 -9.971457 -2.464817 -1.573974 2.681841 -1.619256 -4.333930 -6.744828 4.223209 -7.640279 -0.059982 -1.560136 0.883059 -1.926126 -0.000004 0.000001 0.000002 -9.108289 -0.517870 2.259831 -0.000002 -0.018782 0.000097 -0.000000 0.029295 -0.000001 -0.000000 -0.010100 0.000004 -0.000002 -0.000005 -0.000002 -9.532507 -0.000054 -0.000030 -0.000001 -0.057482 0.000098 0.000000 0.097392 0.000024 0.000002 -0.036904 -0.000001 -0.000000 0.000007 0.000000 -9.103596 -0.043077 -1.865138 -0.000001 0.017918 -0.000001 -0.000001 -0.025406 0.000042 -0.000002 -0.012897 -0.000004 -0.000001 0.000003 -0.000003 -8.076694 -0.486726 -3.806283 -0.000002 0.059615 -0.000500 -0.000003 0.097003 0.000003 0.000004 -0.056907 -0.000001 -0.000002 0.000011 -0.000002 4.570442 11.014710 -2.160856 -0.244069 1.034935 11.703389 46.284879 5.657204 -0.866644 -0.000123 -63.600317 -0.000080 -43.549716 -5.700482 -39.525335 2.466140 -1.576213 2.681739 -1.336444 4.338054 6.279182 3.576459 7.070877 0.589263 -0.821924 0.916473 2.391502 -0.000004 0.000001 -0.000005 9.109315 -0.518029 2.259864 0.000011 -0.005098 0.000101 -0.000003 0.012000 -0.000002 0.000002 -0.007601 0.000001 -0.000002 -0.000000 -0.000003 9.533408 0.000029 0.000040 0.000008 -0.005525 0.015976 -0.000003 0.004330 -0.015979 0.000005 0.002399 -0.000006 -0.000003 0.000001 -0.000001 9.104527 -0.043035 -1.865074 0.000015 0.000699 0.000099 -0.000001 0.000001 0.000002 -0.000001 0.000002 0.000003 -0.000002 0.000001 -0.000003 8.077789 -0.486868 -3.806262 -0.020173 4.288549 0.510628 -0.016181 -4.078361 -0.510904 -0.000002 -0.007703 -0.000003 0.000003 -0.000001 -0.000001 -8.207787 -6.751660 -1.599559 -2.649791 -13.731378 -6.020564 3.129826 0.200317 0.315066 35.074879 3.916863 15.309785 -31.922081 -0.149740 2.762607 -0.000001 -0.000000 -0.000000 8.207790 -6.751689 -1.599556 -12.118787 14.612327 18.983599 15.517266 2.916271 10.055714 -5.230177 2.124412 -15.830058 -7.004495 -0.000006 -0.000005 -0.000000 -0.000001 -0.000000 
6.777802 102.428093 1.850722 2.423689 0.570418 -13.374310 -0.000005 10.181599 0.131521 -1.300076 -1.062670 0.790304 -2.431450 -2.532446 6.877418 -2.466013 -2.494146 6.879336 0.000000 16.740412 -2.049033 0.289782 1.848346 1.459332 -0.000001 9.617897 1.685008 6.988572 11.615480 -3.383615 0.000001 22.037338 7.501098 0.000000 -0.000001 0.000000 -4.569969 11.014927 -2.160883 -0.188682 -7.539690 1.595290 -15.787441 0.516842 6.746500 -0.000011 32.487658 0.000000 10.373209 14.351529 -12.044423 -2.464821 -1.573979 2.681843 -1.619254 -4.333923 -6.744818 4.223216 -7.640288 -0.059985 -1.560142 0.883076 -1.926126 0.000003 -0.000006 0.000004 -9.108295 -0.517862 2.259838 -0.000003 -0.018775 0.000094 0.000001 0.029294 -0.000001 -0.000004 -0.010086 -0.000003 -0.000000 -0.000007 0.000001 -9.532516 -0.000043 -0.000026 -0.000002 -0.057482 0.000095 0.000003 0.097400 0.000025 -0.000002 -0.036909 -0.000001 -0.000003 -0.000002 -0.000001 -9.103601 -0.043056 -1.865133 -0.000005 0.017924 -0.000008 -0.000001 -0.025402 0.000042 -0.000001 -0.012901 -0.000004 0.000000 -0.000000 -0.000001 -8.076704 -0.486715 -3.806277 -0.000008 0.059627 -0.000503 -0.000001 0.096993 -0.000000 0.000000 -0.056903 -0.000000 -0.000002 -0.000001 -0.000000 4.570444 11.014720 -2.160854 -0.258128 1.047850 11.965009 43.213012 5.800633 -0.413016 -0.000135 -61.233418 -0.000092 -41.504269 -2.058845 -30.482909 2.466151 -1.576206 2.681729 -1.336447 4.338054 6.279184 3.576462 7.070877 0.589266 -0.821931 0.916473 2.391492 0.000004 0.000006 -0.000001 9.109306 -0.518044 2.259866 0.000012 -0.005097 0.000102 -0.000002 0.012000 0.000002 -0.000002 -0.007597 0.000000 -0.000002 0.000002 0.000000 9.533407 0.000026 0.000042 0.000002 -0.005520 0.015977 -0.000004 0.004328 -0.015977 0.000002 0.002401 0.000002 -0.000001 -0.000002 -0.000001 9.104532 -0.043023 -1.865079 0.000010 0.000704 0.000103 0.000002 0.000002 -0.000007 0.000003 0.000002 0.000004 0.000002 0.000004 -0.000003 8.077797 -0.486858 -3.806271 -0.020173 4.288552 0.510631 -0.016178 -4.078362 -0.510907 0.000000 -0.007701 -0.000005 -0.000001 -0.000000 0.000004 -8.207785 -6.751658 -1.599560 -2.763274 -13.537915 -6.092306 3.783681 1.702435 0.490506 33.740038 4.298376 17.318465 -30.058020 -0.101369 1.765390 -0.000000 0.000002 -0.000000 8.207793 -6.751680 -1.599556 -13.420312 15.816491 20.158672 18.601943 0.977366 10.313596 -11.602543 2.659595 -14.529114 -1.187104 -0.000008 -0.000003 -0.000000 0.000000 0.000000 
8.091327 102.076492 1.400905 2.253344 0.727475 -13.978781 -0.000009 10.181589 0.131519 -1.304901 -0.976855 0.649280 -2.449710 -2.349493 6.604879 -2.482671 -2.309809 6.606920 0.000002 16.740372 -2.049038 0.919582 1.673014 1.654649 -0.000001 9.617885 1.685004 5.651128 10.733246 -1.368338 0.000003 22.037338 7.501096 -0.000002 0.000000 0.000000 -4.569970 11.014890 -2.160887 -0.153185 -8.478359 2.556034 -15.277639 -0.089403 9.609822 0.000007 32.277425 -0.000007 10.255467 13.002985 -13.801022 -2.464811 -1.573969 2.681841 -1.619249 -4.333941 -6.744812 4.223205 -7.640265 -0.059994 -1.560137 0.883059 -1.926123 -0.000001 -0.000004 0.000004 -9.108280 -0.517872 2.259836 -0.000001 -0.018781 0.000097 -0.000003 0.029305 -0.000002 -0.000000 -0.010096 0.000000 -0.000002 0.000003 -0.000001 -9.532503 -0.000064 -0.000030 0.000002 -0.057480 0.000097 0.000001 0.097396 0.000025 0.000002 -0.036901 -0.000003 -0.000001 -0.000000 0.000003 -9.103589 -0.043075 -1.865135 0.000001 0.017917 -0.000004 0.000000 -0.025400 0.000042 -0.000002 -0.012900 -0.000004 0.000000 -0.000002 0.000003 -8.076677 -0.486708 -3.806281 -0.000003 0.059623 -0.000498 -0.000003 0.097003 0.000001 0.000001 -0.056901 -0.000002 0.000002 0.000000 0.000002 4.570444 11.014712 -2.160859 -0.337727 1.412396 12.087076 36.189300 3.350371 5.165122 -0.000083 -52.723060 -0.000059 -34.573021 -2.684213 -16.841355 2.466136 -1.576205 2.681739 -1.336442 4.338050 6.279178 3.576460 7.070883 0.589266 -0.821933 0.916473 2.391497 -0.000001 0.000005 0.000000 9.109311 -0.518044 2.259871 0.000010 -0.005099 0.000097 -0.000001 0.011991 0.000000 0.000001 -0.007594 -0.000001 0.000001 -0.000009 -0.000005 9.533401 0.000024 0.000049 0.000003 -0.005523 0.015973 -0.000000 0.004321 -0.015978 0.000000 0.002404 -0.000002 -0.000001 0.000001 -0.000004 9.104536 -0.043024 -1.865077 0.000012 0.000697 0.000098 0.000001 -0.000006 -0.000001 -0.000001 -0.000004 -0.000001 -0.000001 0.000001 -0.000001 8.077778 -0.486853 -3.806255 -0.020174 4.288549 0.510623 -0.016176 -4.078366 -0.510904 -0.000001 -0.007699 -0.000000 -0.000000 -0.000001 0.000000 -8.207788 -6.751659 -1.599560 -3.040402 -11.571517 -6.384637 4.200768 0.855218 0.663678 34.796242 4.522762 17.484772 -30.412121 -0.128568 2.354998 0.000000 -0.000000 0.000000 8.207790 -6.751688 -1.599557 -15.379761 15.822984 20.666015 22.187653 0.147922 10.470168 -13.542363 2.670815 -13.701353 0.000001 -0.000003 -0.000002 -0.000000 -0.000001 -0.000000 
8.913840 101.951294 1.006963 2.058995 0.804539 -14.304934 -0.000010 10.181585 0.131520 -1.286546 -0.816144 0.189349 -2.431813 -2.027154 5.888269 -2.461409 -1.986891 5.890215 0.000002 16.740387 -2.049033 1.328068 1.386984 2.157551 0.000002 9.617913 1.685006 4.888060 9.482801 1.353764 0.000003 22.037369 7.501095 -0.000000 -0.000000 0.000000 -4.569969 11.014891 -2.160882 -0.050910 -9.750715 4.127325 -14.353579 -0.142649 12.507481 -0.000003 31.209901 -0.000010 9.800219 12.539469 -14.931009 -2.464803 -1.573968 2.681841 -1.619257 -4.333929 -6.744821 4.223211 -7.640280 -0.059991 -1.560140 0.883066 -1.926119 0.000005 -0.000006 -0.000004 -9.108286 -0.517873 2.259830 0.000003 -0.018781 0.000099 -0.000000 0.029305 -0.000000 -0.000002 -0.010099 0.000001 0.000001 0.000001 -0.000001 -9.532510 -0.000048 -0.000031 -0.000001 -0.057482 0.000099 0.000002 0.097404 0.000024 0.000000 -0.036906 -0.000001 0.000002 -0.000002 0.000001 -9.103593 -0.043076 -1.865134 -0.000000 0.017921 0.000001 -0.000001 -0.025402 0.000042 0.000001 -0.012907 -0.000002 -0.000003 0.000001 0.000000 -8.076677 -0.486704 -3.806280 0.000003 0.059621 -0.000501 0.000002 0.096999 -0.000000 0.000001 -0.056897 0.000002 -0.000001 0.000003 0.000001 4.570444 11.014705 -2.160854 -0.404058 1.828959 11.810714 31.168954 -0.955493 9.600230 -0.000049 -42.583559 -0.000017 -20.588265 -7.665442 -1.888681 2.466139 -1.576208 2.681742 -1.336444 4.338055 6.279179 3.576457 7.070877 0.589271 -0.821926 0.916473 2.391504 -0.000005 0.000000 -0.000001 9.109300 -0.518045 2.259872 0.000013 -0.005097 0.000101 -0.000001 0.011993 0.000002 -0.000000 -0.007593 0.000002 -0.000000 0.000003 -0.000001 9.533397 0.000029 0.000043 0.000003 -0.005520 0.015975 -0.000001 0.004318 -0.015974 0.000001 0.002401 -0.000001 0.000002 0.000005 0.000000 9.104531 -0.043039 -1.865070 0.000012 0.000700 0.000100 -0.000001 -0.000001 0.000000 0.000001 0.000010 -0.000000 -0.000001 0.000005 -0.000000 8.077782 -0.486871 -3.806254 -0.020172 4.288549 0.510628 -0.016177 -4.078359 -0.510905 0.000002 -0.007712 0.000002 -0.000000 -0.000005 0.000003 -8.207788 -6.751674 -1.599559 -3.090542 -9.054606 -6.230708 4.528146 -0.855909 0.510178 35.366641 4.354586 16.513338 -30.351824 -0.182944 3.768400 -0.000000 0.000000 -0.000000 8.207780 -6.751687 -1.599558 -16.429026 16.187825 20.960032 23.856317 -0.523785 10.490934 -14.366845 2.580112 -13.042172 0.000002 -0.000005 -0.000000 -0.000000 -0.000003 -0.000000 
9.462249 101.881897 0.606883 1.494226 0.723676 -14.575135 -0.000005 10.181580 0.131522 -1.259353 -0.712113 -0.224636 -2.386738 -1.848971 5.239902 -2.414655 -1.808608 5.241804 -0.000002 16.740368 -2.049036 1.631997 1.213829 2.610593 0.000002 9.617890 1.685006 5.313614 8.782331 3.641941 0.000002 22.037369 7.501094 0.000000 -0.000000 0.000000 -4.569971 11.014899 -2.160885 0.033280 -10.287335 5.045275 -12.666516 -0.216443 15.312637 -0.000018 29.920579 0.000007 9.025399 12.476212 -15.519493 -2.464806 -1.573974 2.681847 -1.619259 -4.333948 -6.744810 4.223210 -7.640279 -0.059993 -1.560135 0.883066 -1.926119 0.000004 -0.000008 -0.000001 -9.108287 -0.517871 2.259838 0.000003 -0.018784 0.000100 0.000001 0.029304 0.000000 -0.000002 -0.010098 0.000000 -0.000000 0.000001 -0.000001 -9.532511 -0.000065 -0.000026 0.000004 -0.057482 0.000100 0.000000 0.097399 0.000024 0.000000 -0.036900 -0.000002 -0.000000 0.000006 -0.000002 -9.103588 -0.043075 -1.865127 0.000001 0.017914 -0.000001 -0.000000 -0.025402 0.000041 -0.000002 -0.012897 -0.000005 -0.000002 -0.000005 0.000000 -8.076682 -0.486722 -3.806279 -0.000010 0.059611 -0.000499 0.000002 0.097000 -0.000001 0.000004 -0.056898 0.000000 -0.000002 0.000011 0.000000 4.570446 11.014707 -2.160858 -0.422550 2.210269 10.836550 28.011343 -5.332003 11.328482 -0.000045 -33.924327 -0.000011 -8.772544 -11.690810 12.875374 2.466137 -1.576210 2.681745 -1.336444 4.338058 6.279180 3.576454 7.070881 0.589266 -0.821927 0.916474 2.391508 0.000002 0.000000 -0.000005 9.109303 -0.518045 2.259879 0.000011 -0.005090 0.000100 -0.000003 0.011995 0.000001 -0.000001 -0.007597 -0.000001 -0.000001 -0.000002 0.000001 9.533406 0.000043 0.000051 0.000007 -0.005516 0.015974 -0.000002 0.004324 -0.015977 0.000003 0.002400 0.000001 0.000002 0.000005 -0.000001 9.104539 -0.043021 -1.865072 0.000010 0.000708 0.000100 0.000000 -0.000003 -0.000000 -0.000002 0.000002 0.000001 0.000001 -0.000001 0.000001 8.077780 -0.486854 -3.806252 -0.020173 4.288556 0.510628 -0.016179 -4.078367 -0.510908 -0.000002 -0.007698 -0.000001 -0.000002 0.000001 0.000001 -8.207788 -6.751674 -1.599560 -2.922876 -7.639627 -5.835065 5.007113 -1.922544 0.202354 35.313488 3.938120 14.984580 -30.290899 -0.235675 4.828332 -0.000001 0.000001 0.000000 8.207788 -6.751708 -1.599555 -16.877037 16.709276 21.323629 25.041661 -1.205991 10.479934 -14.939828 2.467914 -12.486107 -0.000096 -0.000005 0.000006 -0.000000 -0.000001 -0.000000 
9.874914 101.763771 0.308716 0.670916 0.418751 -14.880125 -0.000002 10.181578 0.131520 -1.250461 -0.685954 -0.500998 -2.361337 -1.865230 4.933473 -2.390808 -1.823392 4.935573 0.000002 16.740410 -2.049039 2.028631 1.213489 2.776663 0.000001 9.617889 1.685011 6.288103 8.760152 4.914856 0.000005 22.037354 7.501095 0.000002 0.000000 0.000000 -4.569969 11.014935 -2.160889 0.029542 -9.874412 4.869619 -10.617401 -0.289509 17.693158 -0.000007 28.827490 -0.000004 8.165472 12.399507 -15.896444 -2.464807 -1.573967 2.681844 -1.619264 -4.333941 -6.744820 4.223211 -7.640275 -0.059991 -1.560138 0.883068 -1.926124 0.000001 -0.000001 -0.000000 -9.108277 -0.517870 2.259829 -0.000000 -0.018784 0.000102 0.000003 0.029299 0.000001 0.000002 -0.010100 -0.000001 -0.000002 -0.000003 -0.000001 -9.532508 -0.000048 -0.000028 -0.000003 -0.057488 0.000102 -0.000001 0.097403 0.000024 -0.000000 -0.036904 -0.000003 -0.000000 -0.000004 -0.000002 -9.103588 -0.043076 -1.865136 -0.000002 0.017913 0.000002 -0.000002 -0.025401 0.000043 -0.000002 -0.012899 -0.000004 0.000003 -0.000002 0.000001 -8.076689 -0.486721 -3.806280 -0.000007 0.059611 -0.000496 -0.000005 0.097005 -0.000001 0.000000 -0.056897 -0.000000 0.000000 0.000001 -0.000001 4.570449 11.014736 -2.160860 -0.413627 2.642966 9.281751 23.299795 -9.265035 10.217833 -0.000033 -28.940758 -0.000002 -2.171780 -15.967524 23.250809 2.466149 -1.576204 2.681736 -1.336443 4.338053 6.279175 3.576456 7.070880 0.589261 -0.821922 0.916476 2.391507 -0.000001 -0.000003 -0.000005 9.109311 -0.518026 2.259870 0.000012 -0.005100 0.000097 -0.000002 0.012003 0.000000 -0.000003 -0.007599 -0.000004 -0.000003 0.000000 -0.000001 9.533409 0.000026 0.000052 0.000005 -0.005522 0.015973 -0.000001 0.004327 -0.015982 -0.000002 0.002405 0.000000 -0.000001 -0.000006 -0.000004 9.104541 -0.043037 -1.865072 0.000012 0.000701 0.000096 0.000003 0.000003 0.000001 -0.000001 0.000003 -0.000001 -0.000001 0.000003 -0.000001 8.077796 -0.486855 -3.806262 -0.020173 4.288553 0.510625 -0.016179 -4.078364 -0.510910 0.000004 -0.007692 0.000001 -0.000000 0.000002 -0.000002 -8.207787 -6.751670 -1.599560 -2.628081 -7.632759 -5.492500 5.488293 -1.846594 -0.002326 35.037248 3.551896 13.667981 -30.401565 -0.284239 5.285573 -0.000000 0.000000 0.000000 8.207791 -6.751717 -1.599554 -17.005235 17.299969 21.847600 26.297089 -1.892298 10.461783 -15.672858 2.366476 -12.006615 -0.000056 0.000009 -0.000007 -0.000000 -0.000001 -0.000000 
10.175759 101.598938 0.185284 -0.198224 -0.368030 -15.289199 -0.000006 10.181594 0.131520 -1.251253 -0.616214 -0.750858 -2.350998 -1.818867 4.817619 -2.381524 -1.774328 4.819997 0.000001 16.740372 -2.049037 2.513533 1.261707 2.874751 -0.000003 9.617882 1.685005 7.183375 8.991432 5.559746 0.000004 22.037354 7.501100 0.000000 -0.000000 -0.000000 -4.569967 11.014897 -2.160887 0.017808 -9.278593 4.539135 -8.968595 0.095225 19.412555 -0.000005 28.087555 -0.000009 7.561180 12.177486 -16.402486 -2.464810 -1.573969 2.681843 -1.619252 -4.333953 -6.744809 4.223208 -7.640272 -0.059988 -1.560143 0.883068 -1.926122 0.000006 -0.000012 -0.000001 -9.108274 -0.517870 2.259825 0.000002 -0.018787 0.000103 -0.000003 0.029305 0.000000 -0.000000 -0.010104 0.000001 0.000002 0.000001 0.000000 -9.532512 -0.000051 -0.000032 -0.000000 -0.057488 0.000103 0.000004 0.097406 0.000026 0.000003 -0.036904 -0.000003 -0.000005 0.000009 0.000000 -9.103598 -0.043076 -1.865141 -0.000001 0.017912 0.000003 -0.000002 -0.025401 0.000042 -0.000003 -0.012899 -0.000003 -0.000003 0.000003 0.000000 -8.076693 -0.486709 -3.806283 -0.000002 0.059603 -0.000482 -0.000001 0.097002 0.000001 0.000001 -0.056896 0.000000 0.000001 0.000001 0.000001 4.570442 11.014703 -2.160858 -0.399506 3.082655 7.702980 15.497416 -12.375578 7.053836 -0.000028 -28.364551 -0.000005 2.979223 -19.680767 28.354175 2.466135 -1.576198 2.681745 -1.336444 4.338056 6.279177 3.576458 7.070881 0.589262 -0.821927 0.916471 2.391508 0.000003 0.000009 -0.000007 9.109294 -0.518045 2.259880 0.000013 -0.005094 0.000097 -0.000001 0.012002 -0.000002 0.000002 -0.007602 0.000002 -0.000001 0.000001 -0.000000 9.533401 0.000042 0.000048 0.000003 -0.005523 0.015970 0.000000 0.004328 -0.015979 -0.000001 0.002402 0.000003 0.000000 -0.000001 -0.000002 9.104529 -0.043022 -1.865068 0.000013 0.000705 0.000097 0.000001 0.000001 -0.000001 -0.000001 0.000003 -0.000002 -0.000000 0.000002 0.000000 8.077779 -0.486856 -3.806245 -0.020172 4.288552 0.510625 -0.016178 -4.078358 -0.510910 0.000001 -0.007708 0.000000 -0.000000 0.000000 0.000000 -8.207787 -6.751656 -1.599560 -2.394549 -8.078457 -5.200976 5.883058 -1.164218 -0.024246 34.869243 3.292069 12.762296 -30.528036 -0.321536 5.611104 0.000000 0.000000 -0.000000 8.207790 -6.751694 -1.599555 -16.828671 17.714883 22.453726 27.480269 -1.966716 10.426869 -16.525228 2.309693 -11.761073 -0.000056 0.000002 0.000001 -0.000000 -0.000001 -0.000000 
10.359155 101.445961 0.216638 -0.987416 -1.673644 -15.750239 -0.000007 10.181596 0.131521 -1.229738 -0.420008 -1.041191 -2.305995 -1.519918 4.679269 -2.332984 -1.473479 4.681666 0.000001 16.740377 -2.049035 3.004593 1.271784 3.110023 0.000001 9.617887 1.685008 7.817002 9.207444 6.155314 0.000001 22.037354 7.501095 0.000003 0.000000 -0.000000 -4.569971 11.014907 -2.160882 0.043919 -8.883507 4.616807 -8.313486 0.626356 20.682825 0.000001 27.523497 0.000000 7.244322 11.815766 -17.030252 -2.464811 -1.573968 2.681846 -1.619257 -4.333939 -6.744823 4.223206 -7.640266 -0.059990 -1.560140 0.883068 -1.926117 0.000001 -0.000005 -0.000001 -9.108285 -0.517872 2.259836 0.000000 -0.018788 0.000102 -0.000002 0.029301 0.000002 -0.000000 -0.010104 -0.000000 0.000001 -0.000001 0.000001 -9.532508 -0.000049 -0.000022 -0.000002 -0.057488 0.000102 0.000002 0.097400 0.000022 0.000002 -0.036903 -0.000004 -0.000002 0.000001 -0.000001 -9.103595 -0.043077 -1.865129 -0.000005 0.017915 0.000001 -0.000001 -0.025408 0.000041 -0.000001 -0.012898 -0.000002 -0.000002 0.000003 -0.000001 -8.076691 -0.486703 -3.806277 0.000000 0.059611 -0.000498 -0.000001 0.097003 -0.000002 0.000003 -0.056903 0.000001 0.000000 -0.000003 0.000001 4.570445 11.014721 -2.160853 -0.380088 3.382571 6.515155 7.066025 -14.253760 3.955106 -0.000040 -30.807964 0.000001 4.929550 -19.951852 27.294467 2.466128 -1.576208 2.681745 -1.336445 4.338057 6.279179 3.576461 7.070883 0.589269 -0.821930 0.916471 2.391502 -0.000001 0.000000 -0.000001 9.109287 -0.518060 2.259881 0.000013 -0.005095 0.000103 -0.000001 0.011998 0.000002 0.000000 -0.007596 -0.000004 0.000003 0.000005 0.000002 9.533384 0.000013 0.000056 0.000002 -0.005521 0.015977 -0.000002 0.004327 -0.015976 0.000001 0.002401 0.000001 0.000002 0.000000 -0.000003 9.104523 -0.043051 -1.865070 0.000012 0.000705 0.000103 -0.000001 -0.000002 0.000002 -0.000003 0.000002 -0.000001 -0.000002 0.000001 0.000001 8.077766 -0.486890 -3.806241 -0.020174 4.288553 0.510631 -0.016181 -4.078361 -0.510912 0.000001 -0.007702 0.000001 -0.000001 0.000001 -0.000002 -8.207790 -6.751671 -1.599559 -2.329477 -8.120261 -4.877644 6.211047 -0.491776 0.029750 34.852195 3.114943 12.099274 -30.704876 -0.348527 5.834944 0.000000 -0.000003 -0.000000 8.207790 -6.751706 -1.599554 -16.346880 17.975250 22.966118 28.266711 -1.157372 10.396562 -17.253710 2.308962 -11.845339 -0.000040 -0.000001 -0.000001 0.000000 -0.000001 -0.000000 
10.436255 101.350960 0.297580 -1.550804 -2.968918 -16.104500 -0.000005 10.181578 0.131519 -1.137529 -0.186761 -1.287519 -2.127032 -1.120785 4.581338 -2.147769 -1.075633 4.583403 -0.000000 16.740396 -2.049033 3.440374 1.280468 3.340538 0.000004 9.617888 1.685007 7.968663 9.404394 6.585057 0.000004 22.037369 7.501094 0.000000 0.000000 0.000000 -4.569967 11.014898 -2.160883 0.063618 -8.399166 4.600443 -8.628920 0.853082 21.581301 -0.000000 26.536519 -0.000004 6.467153 11.295357 -17.149504 -2.464812 -1.573976 2.681845 -1.619252 -4.333943 -6.744805 4.223208 -7.640275 -0.059992 -1.560138 0.883057 -1.926124 -0.000004 0.000007 0.000003 -9.108281 -0.517873 2.259837 0.000000 -0.018788 0.000101 -0.000001 0.029304 0.000001 -0.000001 -0.010104 -0.000002 0.000002 -0.000001 0.000000 -9.532505 -0.000051 -0.000023 -0.000002 -0.057487 0.000101 -0.000001 0.097399 0.000024 0.000004 -0.036904 -0.000004 -0.000000 0.000001 -0.000002 -9.103589 -0.043078 -1.865134 0.000000 0.017914 -0.000001 -0.000000 -0.025406 0.000042 -0.000002 -0.012899 -0.000003 -0.000002 -0.000003 -0.000001 -8.076684 -0.486703 -3.806275 -0.000000 0.059612 -0.000501 -0.000004 0.096996 0.000001 0.000000 -0.056897 -0.000000 -0.000001 -0.000004 0.000001 4.570446 11.014728 -2.160854 -0.349975 3.435030 5.878597 2.485963 -15.540545 3.716585 -0.000040 -32.276660 -0.000012 -3.783060 -16.663249 18.799918 2.466137 -1.576208 2.681743 -1.336446 4.338051 6.279180 3.576456 7.070881 0.589261 -0.821928 0.916474 2.391506 0.000000 0.000002 0.000000 9.109313 -0.518040 2.259871 0.000010 -0.005102 0.000102 0.000000 0.012001 -0.000000 -0.000002 -0.007602 -0.000004 0.000000 0.000002 0.000001 9.533395 0.000014 0.000053 0.000003 -0.005526 0.015976 -0.000001 0.004326 -0.015976 -0.000001 0.002396 -0.000001 0.000000 0.000003 -0.000002 9.104521 -0.043048 -1.865073 0.000009 0.000698 0.000101 -0.000000 0.000001 -0.000004 0.000000 0.000000 0.000000 -0.000000 0.000000 -0.000003 8.077783 -0.486861 -3.806259 -0.020175 4.288549 0.510627 -0.016177 -4.078362 -0.510905 -0.000001 -0.007699 0.000005 0.000000 -0.000002 -0.000004 -8.207788 -6.751674 -1.599560 -2.541243 -7.866017 -4.611869 6.737177 -0.102932 0.047994 34.707654 2.975011 11.629136 -30.764460 -0.340458 5.757373 0.000000 0.000001 -0.000000 8.207792 -6.751709 -1.599554 -15.950471 18.367813 23.354450 28.617560 -0.188249 10.393861 -17.664894 2.336669 -12.074201 -0.000021 0.000001 -0.000003 0.000000 -0.000001 -0.000000 
10.445902 101.360756 0.303888 -1.695058 -3.462250 -16.208794 -0.000007 10.181584 0.131520 -0.910852 -0.094679 -1.336131 -1.673193 -0.946366 4.746867 -1.691268 -0.908271 4.748546 -0.000001 16.740396 -2.049031 3.746105 1.316769 3.292152 -0.000001 9.617860 1.685009 7.109799 9.459591 6.222932 0.000006 22.037369 7.501093 0.000000 0.000000 -0.000000 -4.569967 11.014902 -2.160882 0.035297 -7.492172 3.884220 -9.472839 0.784864 21.506094 0.000002 24.938525 0.000005 3.766206 10.680491 -15.690408 -2.464790 -1.573953 2.681851 -1.619254 -4.333937 -6.744816 4.223212 -7.640283 -0.059990 -1.560137 0.883076 -1.926120 0.000005 -0.000008 -0.000003 -9.108276 -0.517871 2.259836 -0.000001 -0.018775 0.000095 -0.000001 0.029301 0.000001 -0.000001 -0.010103 -0.000001 0.000001 -0.000002 -0.000001 -9.532500 -0.000050 -0.000023 -0.000002 -0.057477 0.000095 0.000007 0.097397 0.000025 -0.000003 -0.036898 -0.000003 0.000002 0.000002 0.000000 -9.103588 -0.043076 -1.865132 -0.000001 0.017923 -0.000004 -0.000001 -0.025403 0.000043 -0.000002 -0.012898 -0.000003 -0.000001 -0.000002 0.000001 -8.076674 -0.486715 -3.806274 -0.000009 0.059618 -0.000497 -0.000002 0.096997 0.000001 0.000004 -0.056900 -0.000001 -0.000000 0.000001 -0.000001 4.570444 11.014720 -2.160852 -0.306562 3.082463 6.165599 5.249910 -16.074167 7.688221 -0.000034 -30.313916 -0.000013 -29.829181 -7.496189 6.393213 2.466158 -1.576195 2.681745 -1.336444 4.338053 6.279183 3.576456 7.070878 0.589266 -0.821926 0.916473 2.391505 -0.000000 0.000000 -0.000001 9.109303 -0.518044 2.259884 0.000012 -0.005103 0.000100 0.000001 0.011997 -0.000003 -0.000001 -0.007608 -0.000002 -0.000001 0.000004 0.000000 9.533418 0.000028 0.000051 0.000006 -0.005526 0.015976 -0.000003 0.004325 -0.015976 -0.000002 0.002397 -0.000001 0.000002 -0.000001 -0.000000 9.104535 -0.043033 -1.865068 0.000012 0.000697 0.000102 -0.000001 -0.000002 -0.000001 -0.000001 -0.000002 -0.000002 -0.000000 0.000003 0.000001 8.077789 -0.486869 -3.806248 -0.020174 4.288546 0.510628 -0.016179 -4.078357 -0.510904 0.000000 -0.007700 -0.000000 0.000002 -0.000003 0.000001 -8.207787 -6.751663 -1.599560 -2.911081 -8.105605 -4.568631 7.198171 0.020528 0.087308 34.884559 2.876493 11.180998 -30.976062 -0.317547 5.549062 0.000000 -0.000002 -0.000000 8.207792 -6.751703 -1.599557 -16.110806 19.011592 23.674395 28.607494 -0.106980 10.400639 -17.641387 2.346023 -12.115776 -0.000062 -0.000006 -0.000002 -0.000000 -0.000001 -0.000000 
10.471148 101.533012 0.147140 -1.317826 -2.650623 -15.976712 -0.000006 10.181595 0.131522 -0.515750 -0.254481 -1.056661 -0.869015 -1.183302 5.300879 -0.891876 -1.159472 5.302524 0.000001 16.740366 -2.049037 3.843504 1.333366 2.842023 -0.000000 9.617897 1.685013 4.745962 9.107092 4.706056 0.000004 22.037369 7.501095 0.000001 0.000000 -0.000000 -4.569969 11.014921 -2.160884 -0.010183 -5.978495 2.405840 -9.401154 0.228045 19.639044 0.000003 23.848604 0.000003 -2.129856 10.112603 -11.905736 -2.464808 -1.573982 2.681842 -1.619244 -4.333942 -6.744816 4.223211 -7.640274 -0.059990 -1.560139 0.883071 -1.926121 0.000002 -0.000004 -0.000001 -9.108285 -0.517870 2.259828 0.000001 -0.018784 0.000099 -0.000002 0.029305 -0.000000 0.000003 -0.010102 -0.000001 0.000004 -0.000006 -0.000001 -9.532508 -0.000048 -0.000026 -0.000000 -0.057482 0.000099 0.000003 0.097396 0.000023 0.000001 -0.036896 -0.000002 -0.000002 0.000004 0.000000 -9.103588 -0.043074 -1.865133 -0.000000 0.017920 -0.000001 0.000001 -0.025407 0.000041 0.000002 -0.012900 -0.000004 0.000003 -0.000003 -0.000001 -8.076676 -0.486706 -3.806278 0.000001 0.059607 -0.000498 -0.000002 0.096999 -0.000000 0.000002 -0.056896 -0.000001 0.000000 -0.000001 -0.000001 4.570447 11.014718 -2.160855 -0.235378 2.162507 7.718444 12.752440 -13.480278 12.954174 -0.000033 -25.014975 -0.000002 -51.092380 -0.728359 -15.126507 2.466136 -1.576210 2.681735 -1.336447 4.338051 6.279178 3.576459 7.070883 0.589260 -0.821923 0.916469 2.391505 0.000002 0.000003 0.000002 9.109286 -0.518024 2.259876 0.000012 -0.005101 0.000100 -0.000002 0.012001 -0.000001 -0.000002 -0.007590 0.000000 0.000003 -0.000006 0.000000 9.533409 0.000028 0.000044 0.000004 -0.005525 0.015973 0.000002 0.004321 -0.015984 -0.000000 0.002398 0.000000 -0.000001 0.000004 0.000001 9.104512 -0.043031 -1.865076 0.000010 0.000697 0.000099 0.000000 0.000004 -0.000001 0.000001 0.000003 0.000006 0.000004 -0.000006 -0.000006 8.077781 -0.486868 -3.806263 -0.020181 4.288546 0.510625 -0.016179 -4.078359 -0.510907 0.000003 -0.007699 0.000006 0.000002 0.000002 0.000002 -8.207787 -6.751663 -1.599561 -3.278933 -9.426446 -4.882222 7.113687 -0.097866 0.245073 36.255669 2.776452 10.287089 -31.868915 -0.328668 5.630551 0.000000 0.000002 -0.000000 8.207795 -6.751694 -1.599555 -16.883862 19.769009 23.734173 28.138685 -1.292134 10.423027 -17.072596 2.287997 -11.765990 -0.000003 -0.000003 -0.000001 -0.000000 -0.000001 -0.000000 
10.563315 101.913177 -0.217467 -0.510406 -0.565909 -15.298068 -0.000004 10.181586 0.131522 0.018446 -0.609374 -0.464497 0.219474 -1.718213 6.131017 0.187750 -1.713556 6.133082 -0.000000 16.740387 -2.049035 3.679395 1.269458 2.057918 -0.000001 9.617886 1.685007 1.073769 8.265764 2.284738 0.000000 22.037338 7.501096 0.000000 0.000000 0.000000 -4.569972 11.014909 -2.160884 0.002840 -3.648677 0.242126 -5.613005 -1.996586 16.244249 -0.000005 25.008244 0.000009 -11.196829 9.557614 -6.085200 -2.464807 -1.573965 2.681837 -1.619258 -4.333947 -6.744815 4.223210 -7.640282 -0.059985 -1.560137 0.883071 -1.926130 -0.000000 0.000001 0.000010 -9.108282 -0.517870 2.259833 0.000003 -0.018780 0.000101 0.000001 0.029301 -0.000000 0.000001 -0.010103 -0.000001 0.000003 -0.000002 0.000002 -9.532512 -0.000065 -0.000030 0.000000 -0.057479 0.000100 0.000002 0.097399 0.000026 -0.000002 -0.036896 -0.000002 -0.000002 -0.000004 0.000001 -9.103591 -0.043076 -1.865139 0.000000 0.017920 -0.000000 -0.000001 -0.025402 0.000043 -0.000000 -0.012899 -0.000003 0.000002 0.000001 -0.000001 -8.076683 -0.486710 -3.806279 -0.000010 0.059620 -0.000496 -0.000000 0.096996 -0.000001 0.000005 -0.056902 -0.000001 -0.000000 0.000006 -0.000001 4.570442 11.014715 -2.160855 -0.118440 0.921735 9.742151 21.033668 -7.655814 15.149054 -0.000028 -24.344299 -0.000016 -51.940324 -11.844716 -45.195095 2.466141 -1.576181 2.681735 -1.336440 4.338056 6.279178 3.576452 7.070866 0.589260 -0.821926 0.916473 2.391508 0.000003 0.000004 0.000005 9.109313 -0.518025 2.259867 0.000013 -0.005098 0.000099 -0.000001 0.012000 0.000000 -0.000002 -0.007595 0.000001 0.000003 0.000001 -0.000001 9.533407 0.000029 0.000037 0.000006 -0.005523 0.015971 -0.000001 0.004327 -0.015977 0.000002 0.002403 0.000002 -0.000001 0.000005 -0.000004 9.104534 -0.043034 -1.865079 0.000016 0.000698 0.000099 -0.000001 0.000000 0.000000 0.000001 0.000008 -0.000001 -0.000003 0.000006 0.000001 8.077782 -0.486858 -3.806257 -0.020175 4.288550 0.510625 -0.016173 -4.078364 -0.510914 0.000000 -0.007697 -0.000002 0.000001 0.000003 0.000002 -8.207784 -6.751668 -1.599559 -3.575051 -11.539115 -5.610240 6.290335 -0.650476 0.410474 38.980976 2.554939 8.645709 -33.385948 -0.394482 6.141748 -0.000000 -0.000000 -0.000001 8.207794 -6.751714 -1.599555 -17.774150 20.546334 23.025838 26.854275 -3.358869 10.476774 -15.799904 2.144577 -11.053925 -0.249271 -0.000003 0.000005 0.000000 -0.000003 0.000000 
10.602236 102.537628 -0.787398 0.492344 2.278197 -14.000950 -0.000005 10.181590 0.131520 0.638143 -0.949120 0.137886 1.466261 -2.184381 6.842109 1.429856 -2.199539 6.844551 0.000002 16.740374 -2.049035 3.112000 1.099136 1.184402 -0.000003 9.617890 1.685008 -2.632222 7.038513 -0.216838 -0.000000 22.037323 7.501100 0.000000 -0.000000 -0.000000 -4.569969 11.014942 -2.160884 0.149636 -0.711807 -2.351231 4.119677 -6.816068 13.832195 0.000002 28.988416 -0.000004 -21.856925 8.995143 0.600862 -2.464813 -1.573961 2.681835 -1.619250 -4.333927 -6.744820 4.223206 -7.640281 -0.059983 -1.560137 0.883059 -1.926122 -0.000003 0.000003 0.000007 -9.108283 -0.517870 2.259827 0.000003 -0.018781 0.000101 0.000000 0.029304 -0.000001 -0.000002 -0.010104 0.000001 0.000004 -0.000002 -0.000001 -9.532505 -0.000049 -0.000035 0.000001 -0.057475 0.000100 0.000001 0.097392 0.000025 -0.000001 -0.036901 -0.000003 -0.000000 -0.000001 -0.000000 -9.103580 -0.043059 -1.865138 0.000002 0.017923 0.000001 -0.000000 -0.025407 0.000042 0.000000 -0.012904 -0.000002 -0.000001 0.000003 -0.000001 -8.076684 -0.486699 -3.806282 0.000004 0.059628 -0.000499 -0.000004 0.096997 0.000001 -0.000001 -0.056909 -0.000004 0.000004 0.000001 -0.000000 4.570446 11.014726 -2.160854 0.025670 -0.162654 10.969297 29.456608 -2.159166 14.362232 -0.000049 -35.242577 -0.000015 -57.315526 -18.450610 -57.262110 2.466158 -1.576213 2.681743 -1.336439 4.338058 6.279178 3.576456 7.070873 0.589266 -0.821926 0.916474 2.391508 -0.000001 0.000001 -0.000003 9.109309 -0.518047 2.259871 0.000011 -0.005096 0.000104 0.000002 0.011999 -0.000009 0.000001 -0.007597 0.000002 0.000003 -0.000006 0.000009 9.533396 0.000038 0.000054 0.000006 -0.005519 0.015975 -0.000005 0.004328 -0.015982 -0.000002 0.002402 0.000002 0.000003 -0.000005 -0.000001 9.104538 -0.043024 -1.865071 0.000012 0.000705 0.000103 -0.000001 -0.000002 -0.000001 -0.000000 0.000003 0.000002 -0.000000 -0.000002 0.000000 8.077785 -0.486871 -3.806252 -0.020172 4.288553 0.510626 -0.016172 -4.078364 -0.510902 -0.000002 -0.007704 -0.000001 -0.000001 0.000003 0.000000 -8.207785 -6.751682 -1.599560 -4.149429 -13.486227 -6.812427 5.526665 -1.824172 0.263823 41.846513 2.135378 6.605893 -34.572150 -0.431719 6.373589 0.000001 -0.000001 -0.000000 8.207787 -6.751700 -1.599554 -17.716700 21.253693 20.971302 23.942181 -5.547115 10.499275 -13.511117 1.956329 -10.293693 -1.891493 -0.000001 0.000001 -0.000000 -0.000001 -0.000000 
10.379020 103.371498 -1.514783 1.305099 5.152696 -12.089155 -0.000004 10.181590 0.131520 1.369108 -1.106509 0.456077 2.907425 -2.297904 6.936954 2.873757 -2.332429 6.939656 -0.000000 16.740393 -2.049034 1.884729 0.841562 0.606505 0.000002 9.617873 1.685008 -4.912523 5.540470 -1.837000 0.000000 22.037338 7.501099 0.000000 0.000000 -0.000000 -4.569971 11.014938 -2.160883 0.402805 1.967769 -4.553008 19.133242 -12.049397 15.487341 0.000005 35.103969 -0.000009 -31.824174 8.768024 6.939917 -2.464815 -1.573969 2.681847 -1.619256 -4.333929 -6.744821 4.223206 -7.640278 -0.059989 -1.560137 0.883068 -1.926122 0.000003 -0.000004 0.000000 -9.108284 -0.517870 2.259841 -0.000001 -0.018784 0.000105 -0.000000 0.029304 0.000001 0.000001 -0.010101 0.000003 -0.000000 0.000006 0.000001 -9.532514 -0.000048 -0.000023 -0.000002 -0.057481 0.000104 0.000003 0.097396 0.000025 -0.000001 -0.036903 -0.000005 0.000001 0.000000 -0.000002 -9.103598 -0.043074 -1.865127 -0.000000 0.017913 0.000003 0.000002 -0.025402 0.000042 -0.000000 -0.012899 -0.000002 0.000000 -0.000002 -0.000002 -8.076689 -0.486701 -3.806277 0.000001 0.059618 -0.000509 -0.000002 0.096998 0.000001 0.000001 -0.056897 -0.000000 -0.000001 0.000001 -0.000000 4.570443 11.014711 -2.160855 0.171587 -1.012917 11.359851 37.043333 -0.762479 12.980480 -0.000083 -48.058693 -0.000043 -57.555689 -17.194108 -56.018906 2.466149 -1.576186 2.681737 -1.336445 4.338060 6.279181 3.576457 7.070874 0.589258 -0.821924 0.916474 2.391503 0.000002 -0.000001 -0.000001 9.109303 -0.518019 2.259876 0.000011 -0.005096 0.000100 0.000001 0.012002 -0.000007 -0.000002 -0.007601 0.000000 0.000001 0.000001 0.000000 9.533420 0.000028 0.000051 0.000003 -0.005520 0.015972 0.000000 0.004325 -0.015978 0.000001 0.002400 0.000000 0.000002 0.000001 -0.000002 9.104525 -0.043008 -1.865078 0.000011 0.000703 0.000100 0.000001 0.000003 -0.000001 0.000000 0.000001 -0.000001 -0.000000 -0.000001 -0.000003 8.077799 -0.486856 -3.806259 -0.020173 4.288552 0.510627 -0.016181 -4.078363 -0.510908 0.000002 -0.007702 0.000002 -0.000003 0.000000 -0.000003 -8.207788 -6.751657 -1.599560 -4.931263 -14.679458 -8.294712 5.001471 -3.219646 -0.411041 44.336974 1.640876 4.706609 -35.209058 -0.452167 6.465281 0.000001 -0.000001 0.000001 8.207785 -6.751685 -1.599556 -16.218592 21.330500 17.934583 19.641799 -7.254606 9.972204 -9.580279 1.698490 -9.669063 -5.290373 0.000003 -0.000001 0.000001 0.000002 0.000000 
9.748673 104.359962 -2.284415 1.380233 7.387716 -9.512931 -0.000005 10.181587 0.131522 2.259770 -1.126250 0.304865 4.654435 -2.199371 6.191055 4.626152 -2.252560 6.194699 0.000001 16.740383 -2.049035 0.005119 0.564829 0.616070 -0.000002 9.617878 1.685012 -5.410761 4.233955 -2.313359 0.000002 22.037369 7.501094 0.000000 0.000000 -0.000000 -4.569968 11.014919 -2.160884 0.611831 3.623562 -5.677751 34.993098 -14.066296 19.622579 -0.000002 43.114883 -0.000007 -39.291667 9.254356 12.195059 -2.464826 -1.573971 2.681849 -1.619240 -4.333940 -6.744820 4.223210 -7.640274 -0.059992 -1.560139 0.883061 -1.926125 0.000001 -0.000004 -0.000001 -9.108286 -0.517871 2.259837 -0.000001 -0.018787 0.000102 -0.000000 0.029304 -0.000007 0.000001 -0.010104 -0.000001 -0.000001 -0.000000 0.000001 -9.532508 -0.000051 -0.000019 -0.000002 -0.057487 0.000102 0.000003 0.097396 0.000028 0.000001 -0.036897 -0.000006 -0.000000 -0.000000 -0.000003 -9.103596 -0.043089 -1.865132 0.000001 0.017912 0.000002 -0.000001 -0.025405 0.000035 -0.000002 -0.012901 -0.000005 -0.000001 -0.000002 -0.000001 -8.076694 -0.486729 -3.806276 -0.000004 0.059620 -0.000503 -0.000001 0.097002 -0.000007 0.000001 -0.056895 0.000000 0.000001 -0.000001 -0.000002 4.570443 11.014723 -2.160857 0.316982 -1.826235 11.654927 44.461226 -4.546305 11.277598 -0.000108 -57.369190 -0.000060 -49.373426 -12.488229 -44.170263 2.466120 -1.576217 2.681746 -1.336443 4.338061 6.279179 3.576456 7.070879 0.589262 -0.821925 0.916469 2.391509 0.000001 0.000002 0.000000 9.109263 -0.518059 2.259887 0.000013 -0.005097 0.000097 -0.000005 0.012000 0.000000 -0.000001 -0.007600 -0.000001 -0.000002 -0.000001 0.000001 9.533373 0.000012 0.000056 0.000004 -0.005521 0.015972 0.000002 0.004325 -0.015977 -0.000001 0.002401 -0.000000 0.000002 0.000001 -0.000000 9.104506 -0.043052 -1.865062 0.000011 0.000704 0.000098 0.000002 -0.000001 0.000001 -0.000001 0.000000 -0.000001 -0.000001 -0.000001 0.000000 8.077765 -0.486871 -3.806245 -0.020173 4.288552 0.510625 -0.016179 -4.078364 -0.510908 0.000000 -0.007700 -0.000001 0.000001 -0.000000 -0.000000 -8.207787 -6.751653 -1.599560 -5.530069 -15.120383 -9.962346 4.687797 -4.466586 -1.503840 46.349124 1.085965 2.922571 -35.622852 -0.475632 6.576320 -0.000000 -0.000001 0.000002 8.207790 -6.751693 -1.599556 -15.625299 20.233472 14.699325 18.608714 -8.504629 10.108476 -1.792179 1.158854 -9.726236 -10.687092 -0.000002 0.000001 0.000000 0.000001 -0.000000 
8.765087 105.292526 -2.938696 0.459419 8.384327 -6.463963 -0.000006 10.181581 0.131522 3.193878 -1.110698 -0.150953 6.491787 -2.130203 4.739658 6.468276 -2.196375 4.744917 0.000002 16.740374 -2.049035 -1.935189 0.335693 1.185510 0.000000 9.617918 1.685006 -4.914988 3.727866 -2.083031 0.000003 22.037338 7.501096 0.000002 -0.000000 -0.000000 -4.569967 11.014895 -2.160882 0.698837 4.248344 -6.104455 47.251406 -13.234574 22.013488 -0.000001 52.878437 -0.000014 -43.653378 10.350855 16.166073 -2.464811 -1.573971 2.681850 -1.619251 -4.333939 -6.744825 4.223206 -7.640274 -0.059986 -1.560137 0.883061 -1.926121 -0.000000 -0.000001 -0.000003 -9.108286 -0.517866 2.259839 0.000001 -0.018786 0.000096 0.000001 0.029304 0.000004 0.000005 -0.010102 -0.000004 0.000001 -0.000000 0.000002 -9.532515 -0.000063 -0.000021 -0.000001 -0.057487 0.000095 0.000004 0.097397 0.000026 0.000003 -0.036902 -0.000002 0.000000 -0.000005 0.000006 -9.103589 -0.043073 -1.865130 -0.000001 0.017913 -0.000001 -0.000002 -0.025406 0.000044 0.000002 -0.012899 0.000001 0.000003 0.000000 -0.000002 -8.076688 -0.486712 -3.806274 0.000002 0.059620 -0.000500 0.000001 0.096997 0.000008 0.000006 -0.056903 0.000005 0.000004 0.000003 -0.000002 4.570445 11.014697 -2.160856 0.464960 -2.672813 12.104235 52.069694 -12.484999 8.453146 -0.000130 -59.935859 -0.000088 -36.887567 -6.341589 -27.980059 2.466132 -1.576209 2.681744 -1.336446 4.338060 6.279173 3.576460 7.070884 0.589263 -0.821930 0.916469 2.391511 0.000003 0.000004 -0.000001 9.109297 -0.518046 2.259881 0.000015 -0.005095 0.000096 -0.000000 0.011999 -0.000000 0.000003 -0.007600 0.000001 -0.000003 0.000000 -0.000000 9.533410 0.000026 0.000057 0.000003 -0.005520 0.015970 -0.000000 0.004326 -0.015977 -0.000000 0.002402 0.000000 -0.000001 -0.000001 -0.000000 9.104527 -0.043038 -1.865061 0.000010 0.000704 0.000096 0.000001 0.000001 0.000000 -0.000001 0.000001 0.000001 0.000001 -0.000000 -0.000000 8.077777 -0.486872 -3.806252 -0.020175 4.288555 0.510623 -0.016175 -4.078365 -0.510909 -0.000000 -0.007701 -0.000000 0.000000 -0.000000 0.000000 -8.207787 -6.751687 -1.599560 -5.918838 -14.811957 -11.687410 5.168264 -5.387823 -2.739596 47.318451 0.323608 0.802677 -36.212686 -0.533372 6.903486 0.000001 0.000001 0.000001 8.207792 -6.751717 -1.599555 -14.387764 19.776258 11.813715 17.603540 -8.949195 10.110305 7.309498 -0.610503 -10.055171 -16.819874 0.000007 -0.000008 -0.000000 -0.000001 -0.000000 
7.562797 106.001587 -3.326506 -0.910875 7.819215 -3.370666 -0.000005 10.181585 0.131520 3.890018 -1.030756 -0.771292 7.853749 -2.020409 2.801768 7.835466 -2.087892 2.807955 0.000000 16.740364 -2.049034 -3.004740 0.231776 1.892413 0.000001 9.617912 1.685004 -4.503731 4.023618 -1.278837 0.000003 22.037384 7.501094 0.000001 0.000000 -0.000000 -4.569969 11.014878 -2.160883 0.751606 4.592566 -6.586931 55.790392 -12.054443 22.594139 -0.000013 63.234848 0.000020 -45.392174 11.573829 19.224978 -2.464803 -1.573967 2.681849 -1.619262 -4.333946 -6.744830 4.223205 -7.640268 -0.059982 -1.560138 0.883064 -1.926127 -0.000000 -0.000003 0.000007 -9.108274 -0.517872 2.259834 -0.000014 -0.018790 0.000098 0.000000 0.029302 0.000003 0.000002 -0.010101 0.000000 -0.000000 -0.000002 0.000001 -9.532495 -0.000050 -0.000024 -0.000018 -0.057491 0.000097 0.000002 0.097399 0.000031 0.000006 -0.036901 0.000003 -0.000003 -0.000001 -0.000001 -9.103572 -0.043076 -1.865129 -0.000015 0.017909 -0.000004 -0.000000 -0.025406 0.000047 0.000002 -0.012900 -0.000007 -0.000001 -0.000000 0.000000 -8.076679 -0.486706 -3.806277 -0.000018 0.059606 -0.000506 -0.000002 0.097002 0.000007 0.000001 -0.056899 -0.000002 -0.000001 -0.000000 0.000005 4.570443 11.014699 -2.160853 0.574542 -3.233628 12.129846 59.211518 -21.353243 5.076953 -0.000083 -54.258698 -0.000042 -21.778116 -4.365528 -14.509844 2.466151 -1.576202 2.681745 -1.336446 4.338054 6.279184 3.576459 7.070882 0.589260 -0.821928 0.916474 2.391500 -0.000001 0.000001 -0.000005 9.109313 -0.518045 2.259883 0.000011 -0.005099 0.000102 -0.000002 0.011999 -0.000001 -0.000000 -0.007602 -0.000000 -0.000000 -0.000003 -0.000000 9.533408 0.000027 0.000057 0.000003 -0.005525 0.015976 -0.000003 0.004324 -0.015978 0.000001 0.002396 -0.000000 -0.000001 0.000001 0.000000 9.104527 -0.043037 -1.865067 0.000011 0.000702 0.000102 -0.000000 -0.000001 -0.000000 -0.000000 -0.000000 -0.000001 -0.000001 -0.000002 -0.000001 8.077791 -0.486856 -3.806247 -0.020175 4.288551 0.510630 -0.016178 -4.078362 -0.510907 0.000000 -0.007699 0.000001 -0.000002 0.000002 0.000000 -8.207784 -6.751667 -1.599560 -5.898332 -13.809695 -13.100336 5.679924 -5.816299 -3.963518 47.043843 -0.617249 -1.727973 -37.132006 -0.636173 7.465784 0.000000 0.000001 0.000001 8.207790 -6.751689 -1.599554 -12.664550 21.245648 9.607765 15.943495 -9.221957 9.988348 16.211242 -3.339504 -10.061105 -21.726632 -0.000001 -0.000008 -0.000000 -0.000003 -0.000000 
6.214177 106.431801 -3.410312 -1.730419 6.146993 -0.615405 -0.000005 10.181583 0.131520 4.169854 -0.821305 -1.572507 8.376676 -1.682265 0.539833 8.364232 -1.742978 0.545539 0.000001 16.740417 -2.049038 -2.899151 0.277740 2.396510 0.000001 9.617880 1.685007 -4.725384 4.578747 0.417221 0.000004 22.037369 7.501092 -0.000001 0.000001 0.000000 -4.569968 11.014949 -2.160887 0.834473 5.115944 -7.115689 62.252864 -11.344818 23.384018 0.000003 71.903990 0.000002 -45.354867 12.576153 22.083969 -2.464805 -1.573965 2.681849 -1.619230 -4.333937 -6.744814 4.223208 -7.640274 -0.059990 -1.560133 0.883063 -1.926124 -0.000003 -0.000003 0.000004 -9.108275 -0.517872 2.259833 -0.000002 -0.018786 0.000101 0.000005 0.029304 -0.000001 0.000002 -0.010103 -0.000002 0.000000 -0.000000 0.000001 -9.532507 -0.000048 -0.000025 0.000005 -0.057485 0.000101 0.000007 0.097398 0.000023 0.000000 -0.036900 -0.000002 0.000001 0.000000 0.000003 -9.103592 -0.043077 -1.865133 0.000001 0.017915 0.000001 0.000002 -0.025404 0.000042 0.000002 -0.012899 -0.000004 0.000007 0.000001 -0.000002 -8.076686 -0.486702 -3.806278 -0.000000 0.059614 -0.000500 -0.000002 0.097000 -0.000000 0.000001 -0.056900 -0.000002 -0.000001 0.000000 0.000002 4.570446 11.014742 -2.160856 0.564507 -3.018978 11.262284 63.854851 -28.216519 1.717174 -0.000037 -43.758481 -0.000015 -5.884555 -5.772046 -2.835833 2.466134 -1.576213 2.681753 -1.336444 4.338055 6.279181 3.576457 7.070880 0.589265 -0.821926 0.916476 2.391502 0.000000 0.000001 -0.000003 9.109296 -0.518043 2.259884 0.000011 -0.005097 0.000103 0.000000 0.012002 0.000001 0.000000 -0.007599 0.000000 -0.000000 0.000002 -0.000001 9.533393 0.000027 0.000062 0.000004 -0.005520 0.015977 -0.000002 0.004327 -0.015977 -0.000000 0.002403 -0.000002 0.000000 -0.000001 -0.000000 9.104525 -0.043037 -1.865058 0.000011 0.000703 0.000103 -0.000000 0.000001 -0.000000 0.000000 -0.000002 0.000000 0.000000 -0.000000 -0.000001 8.077791 -0.486855 -3.806241 -0.020174 4.288551 0.510630 -0.016178 -4.078361 -0.510907 -0.000000 -0.007700 -0.000001 0.000000 0.000005 -0.000001 -8.207788 -6.751667 -1.599560 -6.076731 -12.327919 -14.124491 6.327920 -5.893367 -5.218475 44.959375 -1.194595 -3.479799 -37.505597 -0.718032 7.886757 -0.000000 -0.000000 0.000000 8.207792 -6.751707 -1.599554 -11.178376 23.850746 8.428678 13.904660 -9.713688 8.796747 23.770295 -5.494439 -9.657934 -26.907248 -0.015183 0.399587 0.000000 -0.000001 -0.000000 
4.753918 106.599045 -3.255687 -1.532191 4.422189 1.708487 -0.000006 10.181582 0.131522 4.123591 -0.502946 -2.456879 8.251067 -1.117582 -1.790654 8.244098 -1.169628 -1.786052 -0.000001 16.740417 -2.049037 -2.318518 0.315676 2.834577 -0.000000 9.617906 1.684997 -5.330051 4.753867 2.749738 0.000002 22.037338 7.501100 -0.000001 0.000001 0.000000 -4.569968 11.014922 -2.160882 0.849212 5.198794 -7.273661 66.541643 -11.207582 24.431235 0.000026 76.976751 -0.000050 -44.125402 13.303007 25.238725 -2.464795 -1.573963 2.681852 -1.619248 -4.333942 -6.744831 4.223208 -7.640270 -0.059987 -1.560135 0.883057 -1.926128 0.000001 0.000002 0.000004 -9.108274 -0.517873 2.259841 -0.000002 -0.018785 0.000101 0.000004 0.029302 0.000001 0.000002 -0.010102 -0.000000 -0.000002 -0.000000 -0.000000 -9.532491 -0.000050 -0.000018 0.000004 -0.057485 0.000101 -0.000003 0.097397 0.000024 -0.000003 -0.036900 -0.000002 0.000004 -0.000000 -0.000001 -9.103593 -0.043078 -1.865127 -0.000001 0.017915 0.000001 -0.000001 -0.025405 0.000043 -0.000002 -0.012901 -0.000005 -0.000000 0.000001 0.000000 -8.076680 -0.486703 -3.806272 -0.000001 0.059611 -0.000500 -0.000000 0.097000 0.000000 0.000005 -0.056900 -0.000001 0.000001 -0.000000 -0.000001 4.570444 11.014715 -2.160853 0.435953 -2.023581 9.691884 62.159585 -32.430397 -2.595370 -0.000016 -33.599299 -0.000001 6.742199 -4.918335 8.356442 2.466147 -1.576200 2.681733 -1.336441 4.338053 6.279179 3.576456 7.070878 0.589263 -0.821931 0.916464 2.391504 0.000002 0.000000 0.000000 9.109310 -0.518042 2.259871 0.000012 -0.005100 0.000100 -0.000000 0.011998 0.000002 -0.000001 -0.007597 -0.000002 0.000000 0.000001 -0.000001 9.533423 0.000028 0.000044 0.000005 -0.005528 0.015974 -0.000002 0.004328 -0.015978 0.000000 0.002399 -0.000001 0.000000 -0.000003 0.000000 9.104548 -0.043037 -1.865076 0.000013 0.000700 0.000100 0.000000 -0.000003 -0.000000 0.000000 -0.000001 -0.000000 -0.000001 -0.000001 -0.000002 8.077785 -0.486872 -3.806256 -0.020173 4.288550 0.510626 -0.016178 -4.078364 -0.510906 0.000000 -0.007701 -0.000003 -0.000000 -0.000003 0.000000 -8.207786 -6.751651 -1.599559 -7.771717 -10.327812 -15.122370 9.490632 -6.888279 -6.647732 39.086123 -0.635816 -2.275196 -35.043020 -0.351651 5.524853 0.000001 -0.000001 -0.000001 8.207792 -6.751707 -1.599555 -10.197995 25.449683 7.492631 11.740750 -9.664124 7.330285 29.804685 -6.205687 -10.468448 -30.782419 -0.078391 1.173441 -0.000000 0.000001 -0.000000 
3.194994 106.549309 -2.942701 -0.737356 3.501179 3.744342 -0.000006 10.181597 0.131521 3.909576 -0.181974 -3.287194 7.802319 -0.535291 -3.883685 7.799479 -0.579618 -3.880073 -0.000001 16.740400 -2.049031 -1.668831 0.156083 3.508299 0.000001 9.617846 1.685005 -5.867052 4.234121 4.733156 0.000001 22.037354 7.501099 0.000000 -0.000000 -0.000000 -4.569968 11.014917 -2.160882 0.689362 4.149670 -6.785587 68.286073 -12.216137 24.455485 -0.000000 78.108520 0.000001 -41.896695 13.705532 28.655768 -2.464812 -1.573969 2.681849 -1.619249 -4.333950 -6.744828 4.223211 -7.640275 -0.059991 -1.560136 0.883064 -1.926121 -0.000000 -0.000004 -0.000003 -9.108282 -0.517872 2.259839 0.000005 -0.018791 0.000107 0.000001 0.029303 0.000001 -0.000001 -0.010102 0.000000 0.000002 -0.000000 0.000000 -9.532513 -0.000050 -0.000022 0.000003 -0.057490 0.000107 -0.000001 0.097397 0.000024 0.000005 -0.036900 -0.000002 0.000002 -0.000000 0.000000 -9.103592 -0.043076 -1.865130 0.000004 0.017910 0.000007 0.000001 -0.025405 0.000043 -0.000004 -0.012899 -0.000004 -0.000000 -0.000001 0.000000 -8.076671 -0.486704 -3.806279 -0.000009 0.059609 -0.000494 -0.000002 0.097000 0.000000 -0.000006 -0.056900 -0.000000 0.000001 -0.000001 -0.000001 4.570448 11.014691 -2.160851 0.300333 -0.808596 7.668252 52.715946 -34.068553 -8.454148 -0.000024 -27.165312 -0.000018 13.865612 -3.552732 15.587808 2.466139 -1.576215 2.681744 -1.336444 4.338051 6.279182 3.576458 7.070879 0.589261 -0.821930 0.916467 2.391511 0.000004 0.000004 -0.000003 9.109286 -0.518045 2.259881 0.000013 -0.005098 0.000103 -0.000001 0.011994 0.000002 -0.000001 -0.007598 -0.000000 0.000001 0.000002 -0.000002 9.533407 0.000024 0.000058 0.000005 -0.005527 0.015977 -0.000003 0.004328 -0.015975 -0.000000 0.002403 -0.000001 0.000001 0.000001 0.000000 9.104527 -0.043037 -1.865065 0.000012 0.000698 0.000105 -0.000001 -0.000001 0.000001 0.000000 0.000000 -0.000003 -0.000000 0.000001 -0.000003 8.077781 -0.486853 -3.806242 -0.020173 4.288547 0.510628 -0.016179 -4.078358 -0.510904 -0.000001 -0.007703 -0.000003 -0.000001 -0.000001 -0.000003 -8.207788 -6.751669 -1.599561 -8.259498 -8.676776 -15.866287 10.529295 -7.508499 -8.022564 33.593616 0.742744 2.849334 -31.669805 -0.165295 3.868970 -0.000000 -0.000001 -0.000002 8.207791 -6.751695 -1.599555 -9.642169 25.477910 6.352934 10.188021 -9.638532 5.913230 33.153042 -5.121444 -10.091527 -32.142071 -0.007852 0.113278 -0.000000 -0.000000 0.000000 
1.511858 106.295006 -2.529126 -0.003197 3.616197 5.580378 -0.000006 10.181596 0.131522 3.481633 0.042346 -3.965962 6.933206 -0.130197 -5.483672 6.932815 -0.167310 -5.480919 0.000002 16.740389 -2.049029 -0.274938 -0.149267 4.352818 -0.000000 9.617875 1.685013 -6.104643 3.195703 5.620216 0.000002 22.037384 7.501099 0.000000 0.000000 0.000000 -4.569964 11.014890 -2.160879 0.451230 2.435314 -5.655638 68.669766 -14.881608 22.820203 -0.000014 76.207658 0.000022 -38.661289 13.541653 31.950068 -2.464818 -1.573958 2.681851 -1.619238 -4.333942 -6.744805 4.223212 -7.640274 -0.059991 -1.560142 0.883061 -1.926124 0.000005 -0.000004 0.000000 -9.108294 -0.517869 2.259836 0.000006 -0.018785 0.000102 0.000006 0.029302 0.000000 -0.000003 -0.010101 0.000000 0.000006 -0.000002 -0.000001 -9.532516 -0.000031 -0.000026 0.000009 -0.057485 0.000102 0.000003 0.097397 0.000025 -0.000003 -0.036900 -0.000004 0.000002 0.000001 0.000002 -9.103595 -0.043074 -1.865131 0.000009 0.017915 0.000002 0.000000 -0.025405 0.000043 -0.000003 -0.012900 -0.000004 0.000001 0.000000 0.000001 -8.076697 -0.486715 -3.806276 0.000007 0.059613 -0.000499 0.000000 0.097001 0.000001 -0.000002 -0.056900 -0.000001 0.000004 -0.000000 -0.000001 4.570449 11.014695 -2.160847 0.257559 0.123542 5.122868 42.203169 -33.491696 -13.043370 -0.000045 -24.023466 -0.000023 16.834656 -4.605248 17.446419 2.466129 -1.576194 2.681729 -1.336444 4.338055 6.279180 3.576457 7.070880 0.589264 -0.821925 0.916479 2.391507 -0.000001 -0.000003 -0.000001 9.109307 -0.518042 2.259865 0.000011 -0.005099 0.000098 -0.000001 0.012002 0.000003 -0.000001 -0.007600 0.000003 0.000000 0.000001 -0.000001 9.533404 0.000047 0.000040 0.000004 -0.005522 0.015972 -0.000003 0.004326 -0.015975 0.000002 0.002400 0.000003 0.000001 0.000001 0.000001 9.104526 -0.043038 -1.865079 0.000010 0.000700 0.000099 0.000001 0.000003 0.000002 -0.000001 -0.000002 -0.000000 -0.000001 0.000003 -0.000000 8.077781 -0.486856 -3.806263 -0.020175 4.288552 0.510625 -0.016177 -4.078365 -0.510902 -0.000001 -0.007697 -0.000003 -0.000000 -0.000002 -0.000001 -8.207788 -6.751680 -1.599559 -7.353190 -7.626910 -16.557296 9.927568 -7.732377 -9.108485 28.445354 1.988561 9.764724 -27.917642 -0.108539 3.215274 -0.000000 0.000002 -0.000001 8.207790 -6.751707 -1.599556 -9.211239 24.224412 5.319701 8.961334 -9.610128 4.601603 35.341520 -3.360632 -10.018131 -32.914053 0.076655 -1.224417 -0.000000 -0.000001 -0.000000 
-0.350090 105.871071 -2.043931 0.439589 4.447901 7.257250 -0.000005 10.181581 0.131520 2.743077 0.144547 -4.484263 5.446471 0.055797 -6.547981 5.447228 0.026496 -6.546146 0.000001 16.740398 -2.049028 2.185249 -0.362592 5.000717 0.000002 9.617865 1.685012 -5.765537 2.223581 5.587423 0.000002 22.037384 7.501092 -0.000001 0.000000 -0.000000 -4.569971 11.014920 -2.160882 0.291314 1.036135 -4.329479 67.846489 -18.884677 19.502430 0.000013 72.287054 -0.000018 -34.457338 12.500290 34.757036 -2.464776 -1.573968 2.681849 -1.619258 -4.333944 -6.744818 4.223207 -7.640272 -0.059988 -1.560137 0.883063 -1.926120 0.000004 -0.000009 -0.000003 -9.108275 -0.517869 2.259840 0.000006 -0.018778 0.000098 0.000004 0.029303 0.000000 0.000001 -0.010102 0.000001 -0.000000 0.000003 0.000001 -9.532504 -0.000043 -0.000022 0.000013 -0.057481 0.000097 -0.000001 0.097399 0.000025 -0.000003 -0.036901 -0.000004 -0.000004 0.000001 0.000001 -9.103587 -0.043071 -1.865129 0.000010 0.017922 -0.000002 0.000001 -0.025402 0.000042 -0.000001 -0.012904 -0.000004 -0.000001 -0.000001 -0.000000 -8.076662 -0.486715 -3.806279 0.000004 0.059620 -0.000501 0.000007 0.096998 -0.000000 0.000002 -0.056899 -0.000001 -0.000000 0.000002 0.000002 4.570443 11.014725 -2.160855 0.280847 0.851408 2.270625 36.902768 -32.340929 -14.519925 -0.000028 -21.743788 -0.000007 16.710965 -6.800008 15.975560 2.466142 -1.576200 2.681729 -1.336442 4.338058 6.279185 3.576457 7.070874 0.589261 -0.821923 0.916476 2.391507 -0.000001 0.000002 -0.000001 9.109304 -0.518047 2.259859 0.000011 -0.005097 0.000106 0.000003 0.012002 -0.000003 0.000001 -0.007595 0.000003 0.000001 0.000001 0.000000 9.533409 0.000024 0.000037 0.000005 -0.005522 0.015979 -0.000001 0.004322 -0.015974 0.000001 0.002406 -0.000001 -0.000000 -0.000001 -0.000003 9.104548 -0.043025 -1.865083 0.000011 0.000704 0.000105 -0.000001 0.000002 0.000000 -0.000000 -0.000004 0.000001 -0.000001 -0.000000 -0.000005 8.077786 -0.486863 -3.806264 -0.020173 4.288551 0.510632 -0.016178 -4.078364 -0.510907 0.000001 -0.007703 -0.000005 0.000003 -0.000001 0.000003 -8.207787 -6.751680 -1.599560 -5.782328 -7.304532 -17.140850 8.847813 -8.005052 -9.835634 22.750780 2.340506 15.473013 -23.844199 -0.069228 2.608935 0.000000 -0.000002 -0.000001 8.207789 -6.751714 -1.599556 -8.897847 22.441447 4.753293 7.866705 -8.583596 3.422782 37.247494 -2.937630 -10.402984 -33.729315 0.105188 -1.790764 0.000000 0.000000 -0.000000 
-2.351490 105.317810 -1.495400 0.800758 5.408227 8.809459 -0.000002 10.181581 0.131520 1.874018 0.147873 -4.904845 3.697601 0.073626 -7.336982 3.698563 0.054374 -7.336047 0.000003 16.740393 -2.049034 4.520883 -0.379461 5.346480 0.000004 9.617889 1.685008 -4.731187 1.979969 5.403115 0.000002 22.037369 7.501093 0.000000 0.000001 -0.000000 -4.569967 11.014934 -2.160884 0.184293 -0.112156 -3.254863 63.417651 -22.555057 13.978774 0.000019 66.731358 -0.000001 -29.579343 10.460711 36.904233 -2.464790 -1.573980 2.681848 -1.619238 -4.333939 -6.744827 4.223204 -7.640272 -0.059991 -1.560139 0.883066 -1.926124 0.000006 -0.000003 -0.000006 -9.108278 -0.517872 2.259843 0.000004 -0.018784 0.000099 -0.000003 0.029305 0.000001 0.000003 -0.010101 0.000002 -0.000007 0.000002 -0.000000 -9.532502 -0.000066 -0.000014 0.000006 -0.057483 0.000099 -0.000001 0.097396 0.000022 -0.000000 -0.036899 -0.000001 -0.000001 -0.000000 -0.000000 -9.103581 -0.043075 -1.865132 0.000006 0.017917 -0.000001 -0.000002 -0.025402 0.000041 0.000002 -0.012898 -0.000004 -0.000000 -0.000003 -0.000004 -8.076683 -0.486721 -3.806267 0.000000 0.059618 -0.000499 -0.000003 0.096994 -0.000005 -0.000004 -0.056900 -0.000002 0.000004 0.000001 0.000002 4.570449 11.014727 -2.160856 0.279621 1.632523 0.005401 34.949603 -31.124284 -15.247801 -0.000034 -19.548387 0.000001 15.571651 -9.326523 15.000757 2.466143 -1.576203 2.681740 -1.336447 4.338056 6.279178 3.576460 7.070878 0.589266 -0.821921 0.916474 2.391506 -0.000003 -0.000004 0.000000 9.109314 -0.518046 2.259870 0.000008 -0.005100 0.000098 0.000000 0.012002 0.000004 -0.000002 -0.007599 -0.000006 0.000000 -0.000006 0.000002 9.533404 0.000026 0.000046 0.000004 -0.005521 0.015969 -0.000002 0.004326 -0.015970 0.000002 0.002400 -0.000008 -0.000003 -0.000001 -0.000001 9.104528 -0.043024 -1.865068 0.000009 0.000704 0.000098 0.000002 -0.000001 0.000000 0.000000 -0.000001 0.000001 -0.000000 0.000000 0.000003 8.077778 -0.486860 -3.806256 -0.020176 4.288552 0.510623 -0.016180 -4.078364 -0.510903 -0.000001 -0.007696 -0.000002 0.000000 0.000000 -0.000002 -8.207784 -6.751663 -1.599560 -4.624598 -7.520652 -17.691430 8.409454 -8.387753 -10.066462 16.261398 1.734431 19.013087 -19.934812 -0.018248 0.749717 0.000000 -0.000001 -0.000000 8.207794 -6.751697 -1.599556 -8.709261 21.268881 4.730830 6.567476 -7.888774 2.311599 39.562734 -3.643515 -11.979099 -35.021669 0.065796 -1.091013 0.000000 0.000001 -0.000000 
-4.331229 104.703316 -0.918956 1.335983 6.044536 10.137062 -0.000010 10.181590 0.131522 1.121999 0.065322 -5.191587 2.185634 -0.050824 -7.967002 2.185794 -0.059624 -7.966729 -0.000001 16.740383 -2.049034 5.615142 -0.226899 5.432779 0.000005 9.617860 1.685012 -3.281502 2.737870 5.342992 0.000002 22.037354 7.501099 0.000000 -0.000000 0.000000 -4.569966 11.014911 -2.160884 0.052486 -1.585749 -2.468912 53.744631 -23.798519 5.978892 -0.000000 59.720456 -0.000003 -24.595846 7.620982 38.230123 -2.464817 -1.573979 2.681851 -1.619248 -4.333924 -6.744821 4.223211 -7.640273 -0.059987 -1.560136 0.883066 -1.926124 0.000005 -0.000004 0.000000 -9.108285 -0.517873 2.259829 0.000001 -0.018778 0.000089 0.000001 0.029305 0.000003 0.000001 -0.010100 0.000002 -0.000005 -0.000007 -0.000002 -9.532516 -0.000032 -0.000034 -0.000000 -0.057479 0.000089 -0.000002 0.097402 0.000027 0.000002 -0.036900 -0.000000 0.000000 0.000004 0.000004 -9.103593 -0.043074 -1.865143 0.000006 0.017920 -0.000011 -0.000004 -0.025405 0.000043 0.000001 -0.012896 -0.000003 0.000002 -0.000002 -0.000004 -8.076690 -0.486714 -3.806283 0.000005 0.059625 -0.000509 -0.000002 0.096998 -0.000000 -0.000010 -0.056901 0.000000 -0.000002 0.000001 0.000003 4.570447 11.014713 -2.160856 0.225239 2.537920 -1.410595 32.142880 -29.020808 -17.262448 -0.000020 -18.450416 -0.000011 14.872616 -11.725346 15.739034 2.466135 -1.576200 2.681735 -1.336440 4.338051 6.279187 3.576458 7.070877 0.589257 -0.821926 0.916476 2.391506 0.000002 0.000002 0.000002 9.109303 -0.518018 2.259862 0.000012 -0.005106 0.000100 -0.000001 0.012004 -0.000001 0.000001 -0.007600 -0.000007 0.000000 0.000004 -0.000006 9.533408 0.000038 0.000037 0.000004 -0.005531 0.015974 0.000001 0.004328 -0.015980 0.000001 0.002403 -0.000003 0.000000 0.000007 0.000000 9.104524 -0.043011 -1.865080 0.000012 0.000692 0.000100 0.000002 0.000003 -0.000004 -0.000001 0.000002 -0.000003 -0.000001 0.000003 -0.000001 8.077770 -0.486857 -3.806260 -0.020172 4.288543 0.510623 -0.016176 -4.078362 -0.510901 0.000002 -0.007696 -0.000014 0.000001 -0.000001 0.000000 -8.207785 -6.751665 -1.599560 -4.476636 -7.949069 -17.902419 9.157585 -8.712053 -10.085983 8.278119 0.415194 18.903855 -15.984617 0.000007 -0.000002 0.000000 0.000001 -0.000000 8.207788 -6.751713 -1.599556 -8.320067 21.692886 4.967907 4.137285 -8.632949 1.356428 42.709627 -4.893944 -14.610142 -36.848249 -0.028346 0.458464 0.000000 -0.000000 -0.000000 
-6.055645 104.105537 -0.376332 2.152806 6.314816 10.928270 -0.000006 10.181575 0.131521 0.494683 -0.110627 -5.167008 0.925121 -0.333442 -8.187209 0.923322 -0.333864 -8.187399 0.000002 16.740379 -2.049032 5.621628 0.033835 5.187323 0.000002 9.617869 1.685007 -1.394177 4.267879 4.807950 0.000002 22.037338 7.501096 -0.000001 -0.000000 0.000000 -4.569966 11.014914 -2.160881 -0.087262 -3.385280 -1.616893 41.009586 -21.467317 -3.116457 0.000014 51.628966 -0.000011 -20.027172 4.476178 38.287773 -2.464802 -1.573970 2.681838 -1.619259 -4.333926 -6.744812 4.223214 -7.640286 -0.059993 -1.560144 0.883073 -1.926121 0.000002 -0.000005 0.000000 -9.108287 -0.517869 2.259828 0.000000 -0.018783 0.000100 0.000002 0.029300 -0.000009 0.000003 -0.010101 0.000007 0.000002 0.000002 0.000002 -9.532518 -0.000068 -0.000018 0.000002 -0.057484 0.000100 0.000003 0.097397 0.000024 -0.000000 -0.036900 0.000000 0.000001 0.000001 0.000004 -9.103592 -0.043075 -1.865136 -0.000002 0.017917 0.000000 -0.000001 -0.025405 0.000040 -0.000001 -0.012902 -0.000009 -0.000002 0.000001 0.000005 -8.076672 -0.486714 -3.806278 -0.000004 0.059619 -0.000494 0.000001 0.097007 0.000001 0.000000 -0.056902 -0.000002 -0.000001 -0.000000 0.000001 4.570449 11.014720 -2.160853 0.136480 3.675017 -2.634311 27.194390 -25.640136 -20.684062 -0.000034 -19.082177 -0.000020 14.517647 -14.006151 16.496884 2.466147 -1.576217 2.681741 -1.336443 4.338058 6.279176 3.576457 7.070884 0.589265 -0.821930 0.916473 2.391506 -0.000001 0.000006 -0.000006 9.109312 -0.518056 2.259876 0.000010 -0.005092 0.000093 -0.000004 0.012001 -0.000000 0.000001 -0.007602 -0.000001 0.000001 -0.000001 -0.000005 9.533406 0.000022 0.000048 0.000002 -0.005515 0.015971 -0.000003 0.004325 -0.015976 -0.000000 0.002402 -0.000005 0.000002 -0.000000 0.000006 9.104543 -0.043049 -1.865069 0.000012 0.000706 0.000092 -0.000004 0.000003 -0.000001 -0.000001 0.000001 -0.000008 -0.000002 0.000004 0.000003 8.077795 -0.486879 -3.806252 -0.020175 4.288557 0.510619 -0.016174 -4.078365 -0.510904 0.000003 -0.007702 -0.000002 0.000002 0.000002 -0.000002 -8.207784 -6.751675 -1.599560 -4.802354 -8.452059 -17.687516 9.623608 -8.700721 -10.104560 1.779157 -0.707268 17.887541 -11.603105 0.000002 -0.000011 0.000000 0.000000 -0.000000 8.207792 -6.751707 -1.599556 -9.463294 22.886306 5.889440 3.849239 -9.321533 0.805671 44.490636 -6.536845 -16.609777 -37.786891 -0.100924 1.884611 -0.000000 0.000002 -0.000000 
-7.412250 103.651886 0.095574 3.303449 6.348698 11.009608 -0.000008 10.181592 0.131519 -0.138327 -0.338296 -4.828653 -0.344535 -0.711425 -7.720974 -0.348900 -0.704634 -7.721402 -0.000001 16.740404 -2.049036 5.222036 0.319649 4.620308 0.000002 9.617882 1.685011 1.281368 6.041317 3.113741 0.000002 22.037384 7.501096 0.000000 0.000000 -0.000000 -4.569969 11.014916 -2.160885 -0.175369 -5.143202 -0.487704 28.761442 -15.743337 -11.121297 0.000005 43.080544 0.000017 -15.955669 1.776966 36.223690 -2.464813 -1.573977 2.681846 -1.619251 -4.333936 -6.744827 4.223207 -7.640269 -0.059991 -1.560132 0.883059 -1.926114 0.000003 0.000000 -0.000001 -9.108295 -0.517875 2.259839 0.000000 -0.018781 0.000097 0.000002 0.029303 -0.000002 0.000003 -0.010106 -0.000003 0.000002 0.000005 0.000001 -9.532518 -0.000034 -0.000027 0.000002 -0.057481 0.000097 -0.000001 0.097399 0.000020 0.000001 -0.036909 -0.000007 -0.000001 -0.000001 -0.000001 -9.103589 -0.043062 -1.865136 0.000001 0.017920 -0.000004 -0.000001 -0.025409 0.000036 0.000002 -0.012904 -0.000012 0.000000 0.000001 0.000007 -8.076670 -0.486685 -3.806279 -0.000004 0.059622 -0.000498 0.000000 0.096999 -0.000002 -0.000003 -0.056910 -0.000005 0.000001 0.000004 -0.000001 4.570447 11.014722 -2.160856 0.056724 4.902690 -4.022410 21.506498 -21.387310 -25.298322 -0.000042 -20.959624 -0.000028 13.558562 -15.703974 15.772558 2.466130 -1.576210 2.681738 -1.336445 4.338051 6.279183 3.576455 7.070884 0.589265 -0.821920 0.916474 2.391503 0.000001 0.000005 -0.000008 9.109300 -0.518047 2.259871 0.000009 -0.005101 0.000104 -0.000000 0.012000 -0.000004 0.000001 -0.007603 0.000000 0.000001 -0.000000 0.000002 9.533405 0.000032 0.000045 0.000001 -0.005525 0.015978 -0.000001 0.004320 -0.015970 -0.000001 0.002398 -0.000002 0.000002 -0.000001 0.000004 9.104521 -0.043024 -1.865070 0.000011 0.000699 0.000104 0.000000 0.000003 0.000002 0.000003 -0.000006 -0.000001 -0.000001 0.000004 -0.000001 8.077780 -0.486851 -3.806257 -0.020172 4.288543 0.510629 -0.016179 -4.078359 -0.510907 -0.000001 -0.007701 -0.000001 0.000000 -0.000002 -0.000001 -8.207788 -6.751672 -1.599560 -5.448164 -8.591428 -17.041305 9.736160 -8.774519 -9.930572 -2.446015 -1.363671 16.916886 -8.423038 0.000003 -0.000002 0.000000 0.000001 -0.000000 8.207791 -6.751704 -1.599556 -10.844853 23.472632 6.779081 3.640626 -9.286532 0.871743 45.193999 -7.632262 -17.744097 -38.030592 -0.120866 2.412027 0.000000 0.000001 -0.000000 
-8.441710 103.361115 0.522604 4.721410 6.104955 10.424555 -0.000003 10.181577 0.131520 -0.840568 -0.518776 -4.253875 -1.746580 -1.005199 -6.635387 -1.752963 -0.990708 -6.635713 0.000001 16.740368 -2.049032 4.865209 0.569042 3.913291 -0.000001 9.617876 1.685008 4.626192 7.559745 0.346474 0.000002 22.037338 7.501093 -0.000001 -0.000001 -0.000000 -4.569966 11.014895 -2.160881 -0.197017 -6.695204 0.816240 18.623257 -7.756673 -16.623620 0.000007 35.161554 -0.000005 -12.054020 0.314849 30.878367 -2.464799 -1.573987 2.681845 -1.619258 -4.333934 -6.744817 4.223214 -7.640276 -0.059991 -1.560136 0.883068 -1.926117 0.000003 -0.000007 -0.000001 -9.108281 -0.517870 2.259836 -0.000003 -0.018784 0.000104 0.000002 0.029300 -0.000003 0.000000 -0.010104 -0.000001 0.000002 -0.000004 0.000002 -9.532497 -0.000049 -0.000022 -0.000000 -0.057483 0.000104 0.000000 0.097393 0.000024 0.000004 -0.036903 -0.000005 -0.000002 -0.000001 0.000003 -9.103582 -0.043062 -1.865133 0.000001 0.017916 0.000003 -0.000001 -0.025408 0.000043 -0.000003 -0.012897 -0.000004 0.000002 0.000005 -0.000001 -8.076673 -0.486727 -3.806275 -0.000001 0.059622 -0.000506 -0.000001 0.096998 0.000001 0.000000 -0.056899 0.000002 0.000001 -0.000001 -0.000000 4.570446 11.014715 -2.160853 0.011765 5.930742 -5.360471 17.165271 -17.050944 -30.867951 -0.000037 -22.891644 -0.000010 11.707328 -16.387362 13.992137 2.466118 -1.576204 2.681739 -1.336446 4.338052 6.279184 3.576457 7.070878 0.589262 -0.821931 0.916471 2.391503 0.000001 -0.000002 0.000002 9.109286 -0.518044 2.259875 0.000012 -0.005100 0.000103 -0.000001 0.012001 0.000001 0.000001 -0.007604 0.000006 -0.000003 -0.000003 -0.000000 9.533401 0.000024 0.000047 0.000004 -0.005525 0.015979 -0.000001 0.004322 -0.015983 -0.000001 0.002405 0.000009 0.000002 -0.000007 -0.000001 9.104527 -0.043032 -1.865070 0.000012 0.000701 0.000105 -0.000001 -0.000003 0.000004 0.000000 0.000000 0.000001 -0.000002 0.000008 0.000004 8.077773 -0.486867 -3.806257 -0.020173 4.288549 0.510634 -0.016177 -4.078367 -0.510910 0.000000 -0.007701 -0.000004 -0.000002 -0.000000 0.000003 -8.207783 -6.751689 -1.599562 -6.178393 -8.129575 -16.027836 9.505361 -9.364186 -9.285711 -4.936736 -1.667985 15.869572 -6.592683 0.000004 0.000002 -0.000000 0.000001 -0.000000 8.207791 -6.751717 -1.599558 -12.380892 23.703808 7.689803 3.595549 -9.297711 1.415641 44.539131 -7.526526 -18.287118 -37.461802 -0.099687 1.906497 0.000000 -0.000000 -0.000000 
-9.289445 103.152275 0.919521 6.086363 5.473308 9.633787 -0.000004 10.181576 0.131521 -1.514130 -0.573405 -3.643468 -3.084750 -1.075671 -5.297886 -3.091903 -1.052755 -5.297770 0.000002 16.740379 -2.049034 4.534648 0.768571 3.274302 0.000001 9.617898 1.685007 7.956805 8.646155 -2.701430 0.000001 22.037338 7.501099 0.000003 -0.000001 0.000000 -4.569969 11.014900 -2.160883 -0.175544 -8.027165 2.054514 10.197614 1.029983 -18.969490 0.000004 28.736645 0.000012 -8.066831 0.360091 21.171262 -2.464805 -1.573952 2.681842 -1.619248 -4.333938 -6.744821 4.223211 -7.640276 -0.059981 -1.560138 0.883064 -1.926122 -0.000000 0.000004 -0.000000 -9.108284 -0.517855 2.259829 -0.000004 -0.018781 0.000095 0.000001 0.029298 -0.000001 0.000003 -0.010107 0.000001 -0.000001 -0.000002 -0.000000 -9.532508 -0.000034 -0.000029 -0.000003 -0.057482 0.000095 0.000004 0.097397 0.000023 0.000001 -0.036899 -0.000001 0.000000 0.000006 -0.000001 -9.103593 -0.043046 -1.865135 -0.000004 0.017916 -0.000005 0.000000 -0.025408 0.000042 -0.000001 -0.012896 -0.000003 0.000001 -0.000002 -0.000001 -8.076675 -0.486689 -3.806280 -0.000004 0.059617 -0.000505 -0.000001 0.097002 -0.000000 0.000003 -0.056897 -0.000001 -0.000002 -0.000007 -0.000001 4.570450 11.014719 -2.160854 -0.007154 6.634064 -6.360740 15.006245 -13.631061 -36.865581 -0.000026 -23.651263 -0.000002 10.162998 -16.700233 12.667632 2.466139 -1.576200 2.681737 -1.336446 4.338049 6.279179 3.576454 7.070876 0.589256 -0.821923 0.916483 2.391513 -0.000000 0.000002 -0.000008 9.109293 -0.518036 2.259869 0.000012 -0.005105 0.000095 -0.000004 0.012004 0.000001 0.000004 -0.007606 0.000003 0.000002 -0.000004 -0.000006 9.533398 0.000028 0.000045 0.000004 -0.005529 0.015972 -0.000004 0.004323 -0.015976 0.000004 0.002393 0.000000 0.000001 0.000002 0.000010 9.104524 -0.043024 -1.865071 0.000011 0.000696 0.000097 -0.000002 0.000001 0.000001 -0.000002 -0.000000 0.000001 0.000002 -0.000000 0.000005 8.077787 -0.486877 -3.806257 -0.020175 4.288544 0.510626 -0.016183 -4.078355 -0.510907 0.000002 -0.007695 -0.000003 0.000002 -0.000002 0.000000 -8.207786 -6.751670 -1.599561 -6.872286 -7.428774 -14.797508 9.077209 -10.180707 -8.715840 -6.484349 -1.767546 14.955184 -5.212008 0.000004 0.000000 0.000000 0.000000 -0.000000 8.207791 -6.751690 -1.599556 -13.735943 24.081000 8.641481 3.688878 -9.331068 2.015785 42.997359 -6.633561 -18.386395 -36.262738 -0.047321 0.822262 -0.000000 -0.000002 -0.000000 
-10.024976 102.971581 1.257158 7.071856 4.574940 9.054857 -0.000007 10.181578 0.131523 -2.011494 -0.504686 -3.111843 -4.068016 -0.927772 -4.067102 -4.074423 -0.897818 -4.066394 0.000001 16.740416 -2.049032 3.981680 0.934420 2.781104 -0.000000 9.617857 1.685009 10.797534 9.339620 -5.190679 0.000002 22.037354 7.501100 0.000001 -0.000000 0.000000 -4.569968 11.014902 -2.160882 -0.133603 -9.023578 3.046162 2.442069 9.078426 -17.739960 0.000010 23.661601 0.000000 -4.285830 1.416937 6.911673 -2.464797 -1.573985 2.681854 -1.619255 -4.333948 -6.744822 4.223206 -7.640271 -0.059991 -1.560138 0.883061 -1.926120 0.000001 -0.000010 -0.000003 -9.108280 -0.517871 2.259841 -0.000000 -0.018781 0.000100 -0.000000 0.029301 -0.000000 0.000001 -0.010099 0.000001 0.000001 -0.000002 -0.000001 -9.532494 -0.000049 -0.000016 -0.000000 -0.057480 0.000099 0.000002 0.097395 0.000024 -0.000000 -0.036895 -0.000003 -0.000000 -0.000003 0.000001 -9.103581 -0.043075 -1.865125 -0.000000 0.017918 -0.000001 0.000000 -0.025405 0.000042 0.000000 -0.012902 -0.000003 0.000000 0.000002 0.000000 -8.076678 -0.486715 -3.806273 -0.000003 0.059606 -0.000491 -0.000001 0.096998 -0.000002 0.000002 -0.056895 0.000001 -0.000000 -0.000002 -0.000000 4.570448 11.014716 -2.160853 -0.016085 7.052041 -6.954027 14.460629 -11.935479 -42.616675 -0.000034 -22.868230 -0.000016 9.353297 -17.061546 12.419669 2.466133 -1.576212 2.681736 -1.336447 4.338054 6.279185 3.576457 7.070877 0.589261 -0.821922 0.916478 2.391503 -0.000006 -0.000008 -0.000003 9.109286 -0.518035 2.259874 0.000015 -0.005102 0.000107 -0.000002 0.012010 -0.000002 -0.000002 -0.007603 -0.000002 0.000000 -0.000004 0.000002 9.533393 0.000027 0.000045 0.000008 -0.005528 0.015983 -0.000002 0.004336 -0.015979 0.000002 0.002396 0.000000 0.000002 -0.000005 -0.000004 9.104527 -0.043026 -1.865070 0.000014 0.000699 0.000105 -0.000003 0.000008 -0.000000 -0.000000 -0.000002 0.000001 -0.000003 0.000001 0.000001 8.077772 -0.486862 -3.806254 -0.020174 4.288549 0.510635 -0.016179 -4.078364 -0.510914 0.000001 -0.007708 -0.000001 0.000002 -0.000000 -0.000005 -8.207789 -6.751678 -1.599559 -7.406856 -6.994321 -13.803665 8.734934 -10.436567 -8.285072 -7.760228 -1.797347 14.181416 -4.056441 -0.000001 0.000002 0.000000 -0.000001 -0.000000 8.207791 -6.751717 -1.599555 -14.443113 24.107221 9.397470 3.754006 -8.109603 2.470188 41.322965 -6.058985 -18.027960 -34.872743 0.013336 -0.218512 0.000000 -0.000000 0.000000 
-10.617332 102.811882 1.498490 7.652693 3.714474 8.721220 -0.000006 10.181590 0.131519 -2.308998 -0.372923 -2.690330 -4.655384 -0.668641 -3.128989 -4.660076 -0.634398 -3.127762 0.000001 16.740425 -2.049040 3.126834 1.071900 2.388830 -0.000001 9.617881 1.685006 13.176547 9.635571 -6.727151 0.000002 22.037338 7.501098 0.000005 -0.000001 0.000000 -4.569970 11.014942 -2.160889 -0.057322 -9.910710 4.138894 -6.157295 15.650829 -13.262757 0.000000 20.133214 -0.000010 -1.421386 3.070581 -10.270532 -2.464805 -1.573985 2.681844 -1.619266 -4.333930 -6.744841 4.223208 -7.640276 -0.059992 -1.560138 0.883064 -1.926124 -0.000000 -0.000002 0.000000 -9.108274 -0.517901 2.259831 -0.000003 -0.018785 0.000097 -0.000002 0.029305 0.000001 0.000001 -0.010102 -0.000002 0.000002 -0.000001 0.000000 -9.532511 -0.000063 -0.000029 -0.000003 -0.057485 0.000097 0.000001 0.097401 0.000023 0.000000 -0.036901 -0.000002 -0.000000 0.000002 -0.000001 -9.103587 -0.043093 -1.865138 -0.000003 0.017916 -0.000001 0.000001 -0.025406 0.000041 -0.000000 -0.012898 -0.000004 0.000001 0.000001 0.000002 -8.076671 -0.486725 -3.806280 -0.000006 0.059613 -0.000500 -0.000001 0.097001 0.000001 0.000002 -0.056900 -0.000000 -0.000002 0.000001 0.000000 4.570446 11.014723 -2.160860 -0.022673 7.261685 -7.214294 14.714830 -11.891750 -47.624454 -0.000016 -21.298073 0.000013 8.083991 -16.992997 12.603018 2.466143 -1.576210 2.681733 -1.336443 4.338050 6.279180 3.576455 7.070876 0.589262 -0.821928 0.916478 2.391507 0.000005 0.000009 -0.000003 9.109292 -0.518037 2.259869 0.000014 -0.005106 0.000101 -0.000002 0.012010 -0.000004 -0.000001 -0.007598 -0.000001 0.000001 0.000002 -0.000000 9.533396 0.000031 0.000044 0.000007 -0.005531 0.015976 0.000002 0.004327 -0.015983 0.000002 0.002399 -0.000001 0.000001 0.000004 -0.000000 9.104520 -0.043032 -1.865078 0.000013 0.000696 0.000099 -0.000002 0.000004 -0.000003 -0.000002 0.000002 0.000001 0.000003 -0.000006 -0.000002 8.077783 -0.486875 -3.806259 -0.020173 4.288546 0.510628 -0.016178 -4.078361 -0.510909 0.000000 -0.007703 0.000001 -0.000001 -0.000000 0.000000 -8.207788 -6.751666 -1.599560 -8.000896 -6.693895 -13.239649 9.170422 -9.996462 -7.887273 -8.881982 -1.855927 13.587139 -3.096158 0.000002 0.000000 -0.000000 0.000001 -0.000000 8.207789 -6.751694 -1.599555 -14.565436 23.633445 9.820952 3.726222 -6.412456 2.866945 40.015848 -5.811153 -17.848118 -33.821608 0.052868 -0.894935 0.000000 0.000000 -0.000000 
-11.050564 102.659958 1.640937 8.002423 3.102994 8.517996 -0.000006 10.181593 0.131520 -2.491014 -0.260893 -2.397436 -5.016742 -0.450607 -2.483812 -5.019945 -0.413338 -2.482181 -0.000000 16.740379 -2.049033 2.159931 1.177609 2.013157 0.000002 9.617850 1.685012 15.211887 9.556352 -7.568558 0.000003 22.037354 7.501095 0.000001 -0.000001 0.000000 -4.569970 11.014908 -2.160883 0.094289 -11.132508 5.792975 -17.707178 20.848135 -6.261793 -0.000000 19.597493 0.000003 0.185460 5.572459 -26.880822 -2.464816 -1.573970 2.681850 -1.619251 -4.333944 -6.744815 4.223211 -7.640272 -0.059991 -1.560139 0.883064 -1.926125 0.000004 -0.000009 0.000002 -9.108275 -0.517888 2.259827 -0.000003 -0.018785 0.000095 -0.000005 0.029309 -0.000005 -0.000000 -0.010104 -0.000001 0.000003 -0.000004 0.000004 -9.532498 -0.000052 -0.000026 -0.000000 -0.057483 0.000095 0.000001 0.097398 0.000025 0.000004 -0.036906 -0.000003 -0.000003 0.000004 -0.000004 -9.103599 -0.043074 -1.865135 0.000001 0.017915 -0.000006 -0.000006 -0.025402 0.000040 0.000001 -0.012905 -0.000006 0.000004 -0.000000 -0.000000 -8.076687 -0.486708 -3.806284 -0.000001 0.059619 -0.000503 -0.000006 0.096997 0.000001 0.000000 -0.056898 -0.000001 -0.000005 -0.000006 0.000002 4.570447 11.014728 -2.160852 -0.028277 7.363817 -7.310652 15.193348 -12.522627 -51.734588 -0.000020 -19.833297 -0.000009 5.953761 -16.338291 12.648680 2.466135 -1.576203 2.681731 -1.336443 4.338055 6.279184 3.576455 7.070878 0.589262 -0.821927 0.916478 2.391502 0.000003 0.000003 -0.000008 9.109305 -0.518041 2.259866 0.000009 -0.005100 0.000099 -0.000001 0.012007 0.000002 0.000000 -0.007600 -0.000001 0.000003 0.000002 -0.000001 9.533411 0.000029 0.000039 0.000004 -0.005525 0.015976 -0.000004 0.004327 -0.015978 -0.000001 0.002404 -0.000002 -0.000001 0.000001 0.000001 9.104529 -0.043035 -1.865078 0.000009 0.000700 0.000104 -0.000000 0.000001 0.000004 -0.000001 0.000004 0.000000 -0.000002 -0.000000 0.000004 8.077785 -0.486852 -3.806262 -0.020173 4.288547 0.510629 -0.016178 -4.078363 -0.510904 -0.000000 -0.007695 -0.000006 0.000001 -0.000001 -0.000001 -8.207788 -6.751667 -1.599562 -8.924726 -6.089766 -13.005560 10.761588 -9.555851 -7.483306 -9.823159 -1.943157 13.214578 -2.194848 0.000004 0.000000 0.000000 -0.000000 -0.000000 8.207790 -6.751704 -1.599553 -14.617221 23.173357 10.065394 3.737191 -5.417037 3.283386 39.260047 -5.759198 -18.058793 -33.406233 0.069291 -1.182804 0.000000 0.000002 0.000000 
-11.344003 102.527504 1.720346 8.243734 2.755985 8.416956 -0.000004 10.181596 0.131522 -2.622954 -0.242602 -2.162299 -5.279833 -0.419525 -1.969790 -5.282865 -0.379713 -1.967895 0.000001 16.740398 -2.049036 1.381697 1.274809 1.563499 0.000004 9.617897 1.685014 16.887177 9.257735 -8.389432 0.000003 22.037354 7.501099 0.000001 -0.000000 -0.000000 -4.569966 11.014941 -2.160884 0.281497 -12.351954 7.450046 -32.511533 24.009498 2.529161 -0.000009 21.540772 0.000001 0.381576 8.908909 -39.017698 -2.464835 -1.573974 2.681839 -1.619252 -4.333942 -6.744820 4.223208 -7.640272 -0.059985 -1.560141 0.883059 -1.926119 -0.000005 -0.000006 -0.000001 -9.108317 -0.517872 2.259835 -0.000001 -0.018791 0.000103 0.000002 0.029310 0.000001 0.000001 -0.010097 -0.000004 -0.000001 -0.000007 0.000003 -9.532533 -0.000040 -0.000038 -0.000002 -0.057492 0.000103 0.000000 0.097392 0.000029 0.000001 -0.036889 -0.000008 -0.000005 -0.000000 0.000000 -9.103617 -0.043076 -1.865136 0.000001 0.017909 0.000002 -0.000001 -0.025395 0.000041 -0.000003 -0.012908 -0.000002 0.000001 0.000001 -0.000000 -8.076706 -0.486701 -3.806285 -0.000000 0.059629 -0.000499 0.000002 0.097000 0.000003 -0.000004 -0.056895 -0.000008 0.000001 -0.000005 0.000006 4.570447 11.014709 -2.160855 -0.029629 7.495492 -7.503520 15.743215 -13.148490 -54.955268 -0.000031 -18.542606 0.000014 3.934023 -15.477731 12.813952 2.466136 -1.576208 2.681739 -1.336447 4.338056 6.279180 3.576462 7.070883 0.589254 -0.821927 0.916473 2.391506 0.000001 0.000002 -0.000006 9.109288 -0.518063 2.259874 0.000010 -0.005097 0.000097 -0.000001 0.012009 0.000001 -0.000003 -0.007599 0.000001 0.000003 -0.000000 -0.000004 9.533395 0.000010 0.000048 0.000004 -0.005520 0.015973 -0.000001 0.004328 -0.015982 -0.000000 0.002405 -0.000002 -0.000001 -0.000003 0.000007 9.104523 -0.043026 -1.865071 0.000010 0.000704 0.000097 0.000004 0.000004 -0.000001 0.000001 0.000000 -0.000001 -0.000001 -0.000002 0.000001 8.077770 -0.486872 -3.806254 -0.020172 4.288553 0.510626 -0.016178 -4.078364 -0.510911 -0.000003 -0.007705 -0.000007 0.000002 -0.000002 0.000006 -8.207786 -6.751667 -1.599563 -9.513882 -5.189947 -12.870241 12.008104 -9.677931 -7.145384 -10.554370 -2.017330 12.985390 -1.320785 -0.000005 -0.000002 0.000000 -0.000000 -0.000000 8.207791 -6.751694 -1.599554 -14.768302 22.861000 10.239883 3.796066 -5.141608 3.608298 39.032451 -5.835216 -18.452728 -33.481656 0.071935 -1.223026 -0.000000 0.000001 -0.000000 
-11.498792 102.447128 1.748307 8.394288 2.656691 8.464875 -0.000006 10.181592 0.131521 -2.697629 -0.331932 -1.933551 -5.427016 -0.607739 -1.474456 -5.431425 -0.566951 -1.472537 0.000003 16.740431 -2.049038 1.052588 1.357809 1.103562 0.000001 9.617897 1.685007 17.981967 8.912333 -9.419118 0.000002 22.037354 7.501094 -0.000002 0.000001 -0.000000 -4.569969 11.014921 -2.160888 0.365242 -12.778023 8.099718 -47.520338 24.659906 11.310282 0.000001 24.474762 -0.000009 -1.772327 12.385185 -44.259745 -2.464823 -1.573980 2.681845 -1.426540 -3.351907 -10.395670 4.223210 -7.640284 -0.059990 -1.560140 0.883069 -1.926119 0.000003 -0.000009 -0.000003 -9.108300 -0.517880 2.259823 0.013492 0.434533 -3.721693 0.000002 0.029302 0.000001 0.000004 -0.010102 0.000000 0.000003 0.000001 -0.000000 -9.532525 -0.000052 -0.000032 0.010980 0.395913 -3.721677 0.000000 0.097403 0.000026 0.000001 -0.036890 -0.000003 0.000001 0.000001 0.000001 -9.103609 -0.043082 -1.865155 0.015872 0.471157 -3.721812 -0.000001 -0.025406 0.000040 -0.000003 -0.012896 -0.000005 0.000001 0.000000 -0.000001 -8.076693 -0.486703 -3.806284 0.018579 0.512770 -3.722332 -0.000001 0.097001 -0.000004 0.000002 -0.056897 -0.000003 0.000000 -0.000011 0.000003 4.570448 11.014750 -2.160858 -0.026151 7.674927 -7.838094 16.748652 -14.553147 -57.185950 -0.000014 -16.939605 0.000008 2.119924 -14.512050 13.438673 2.466137 -1.576213 2.681741 -1.336443 4.338054 6.279187 3.576459 7.070879 0.589266 -0.821925 0.916478 2.391511 -0.000002 0.000005 -0.000010 9.109293 -0.518058 2.259878 0.000011 -0.005098 0.000107 -0.000000 0.012000 -0.000001 0.000001 -0.007600 0.000005 -0.000002 -0.000004 -0.000003 9.533416 0.000013 0.000051 0.000006 -0.005523 0.015982 -0.000003 0.004322 -0.015976 0.000005 0.002397 0.000002 -0.000001 0.000001 -0.000000 9.104524 -0.043053 -1.865067 0.000012 0.000702 0.000109 0.000001 0.000000 -0.000002 0.000000 -0.000001 0.000001 0.000001 0.000000 0.000004 8.077783 -0.486868 -3.806254 -0.020174 4.288552 0.510636 -0.016178 -4.078362 -0.510903 0.000002 -0.007700 -0.000003 -0.000002 -0.000002 0.000000 -8.207782 -6.751664 -1.599562 -9.826445 -4.245943 -12.863122 12.803837 -10.305605 -6.936649 -10.981478 -2.072717 12.927170 -0.995467 0.000014 -0.000002 0.000000 0.000002 -0.000000 8.207791 -6.751702 -1.599553 -14.875512 22.587615 10.213102 3.830723 -5.041197 3.761893 39.083497 -5.855607 -18.544568 -33.643449 0.079397 -1.354913 -0.000000 0.000001 0.000000 
-11.485050 102.468086 1.652625 8.340005 2.776039 8.620756 -0.000005 10.181588 0.131521 -2.633408 -0.461190 -1.719374 -5.295047 -0.877171 -1.106647 -5.301236 -0.838759 -1.105023 0.000002 16.740406 -2.049035 1.257120 1.354632 0.935679 0.000001 9.617887 1.685007 17.997408 8.741007 -10.248160 0.000004 22.037369 7.501097 0.000002 -0.000000 -0.000000 -4.569968 11.014913 -2.160885 0.336072 -12.407879 7.852091 -58.527700 24.570798 17.378100 0.000002 27.362578 -0.000005 -7.300884 15.009873 -42.409976 -2.464796 -1.573974 2.681831 -1.739643 -2.844497 -10.496002 4.223210 -7.640272 -0.059986 -1.560139 0.883063 -1.926125 0.000001 0.000002 0.000000 -9.108256 -0.517871 2.259817 0.014854 0.455825 -3.896814 0.000002 0.029301 -0.000004 0.000002 -0.010102 0.000002 -0.000002 0.000007 -0.000002 -9.532488 -0.000052 -0.000036 0.012227 0.417216 -3.896793 -0.000001 0.097406 0.000022 0.000000 -0.036900 -0.000001 -0.000001 -0.000000 0.000003 -9.103566 -0.043070 -1.865152 0.017348 0.492441 -3.896934 -0.000000 -0.025397 0.000039 -0.000000 -0.012897 -0.000004 0.000000 -0.000002 0.000005 -8.076673 -0.486716 -3.806293 0.020187 0.534044 -3.897459 -0.000002 0.097005 0.000002 0.000002 -0.056907 0.000001 -0.000000 0.000002 -0.000001 4.570447 11.014708 -2.160857 -0.015854 7.766103 -8.060122 18.452873 -17.880810 -58.207514 -0.000014 -15.041528 -0.000014 -0.296822 -12.960747 14.328905 2.466141 -1.576195 2.681738 -1.336442 4.338061 6.279178 3.576453 7.070873 0.589263 -0.821925 0.916474 2.391501 0.000005 0.000009 -0.000007 9.109294 -0.518033 2.259870 0.000009 -0.005099 0.000097 -0.000001 0.012000 -0.000000 0.000001 -0.007597 -0.000005 -0.000003 0.000002 0.000006 9.533394 0.000038 0.000045 0.000002 -0.005523 0.015970 -0.000002 0.004328 -0.015976 0.000002 0.002402 -0.000001 -0.000001 0.000001 0.000002 9.104523 -0.043029 -1.865075 0.000010 0.000702 0.000097 0.000001 0.000001 -0.000002 -0.000001 0.000000 -0.000005 0.000001 0.000001 -0.000003 8.077773 -0.486858 -3.806256 -0.020174 4.288550 0.510628 -0.016177 -4.078367 -0.510908 -0.000001 -0.007699 -0.000001 -0.000001 -0.000000 -0.000000 -8.207786 -6.751677 -1.599558 -9.812333 -3.861116 -12.972565 12.963828 -10.294090 -6.907468 -10.917828 -2.737958 12.856394 -0.859678 0.000008 -0.000000 -0.000000 0.000000 -0.000000 8.207791 -6.751704 -1.599555 -14.847072 22.247408 9.912592 3.981474 -4.682928 3.800630 38.994643 -5.643686 -18.026689 -33.368124 0.096069 -1.796398 0.000000 -0.000000 -0.000000 
-11.324871 102.595123 1.340638 7.867478 2.898120 8.940631 -0.000005 10.181585 0.131520 -2.305020 -0.531046 -1.614953 -4.635924 -1.026642 -1.125451 -4.642600 -0.995757 -1.124454 0.000002 16.740395 -2.049034 1.761350 1.246959 1.307714 -0.000001 9.617887 1.685004 16.290669 9.064737 -10.581583 0.000005 22.037354 7.501096 -0.000003 -0.000000 -0.000000 -4.569967 11.014917 -2.160884 0.311983 -11.867193 7.607323 -61.412908 26.694790 17.461080 -0.000015 28.813969 -0.000011 -16.584066 14.716334 -33.943120 -2.464793 -1.573975 2.681846 -1.619249 -4.333948 -6.744820 4.223205 -7.640271 -0.059993 -1.560135 0.883064 -1.926123 -0.000002 0.000002 0.000002 -9.108276 -0.517870 2.259823 -0.000000 -0.018790 0.000099 0.000000 0.029297 0.000001 0.000001 -0.010101 -0.000002 0.000002 -0.000004 0.000001 -9.532499 -0.000049 -0.000028 -0.000000 -0.057490 0.000099 0.000000 0.097395 0.000025 -0.000001 -0.036895 -0.000003 -0.000000 -0.000006 0.000002 -9.103584 -0.043075 -1.865151 -0.000000 0.017912 -0.000002 0.000001 -0.025406 0.000043 -0.000000 -0.012901 -0.000004 -0.000000 0.000003 0.000001 -8.076677 -0.486704 -3.806284 -0.000001 0.059612 -0.000501 -0.000000 0.096996 0.000001 0.000000 -0.056900 0.000001 -0.000000 -0.000000 -0.000001 4.570446 11.014708 -2.160855 -0.012383 7.658153 -7.981022 20.566813 -22.586957 -57.725972 -0.000011 -13.604600 -0.000011 -3.314100 -10.796510 15.045416 2.466130 -1.576205 2.681739 -1.336442 4.338055 6.279189 3.576457 7.070876 0.589257 -0.821928 0.916473 2.391506 -0.000000 0.000002 0.000000 9.109287 -0.518049 2.259875 0.000012 -0.005099 0.000106 -0.000001 0.012004 -0.000002 0.000001 -0.007605 0.000005 -0.000001 0.000001 -0.000008 9.533381 0.000037 0.000049 0.000003 -0.005524 0.015981 -0.000002 0.004328 -0.015979 0.000003 0.002401 -0.000003 0.000002 -0.000005 0.000002 9.104510 -0.043024 -1.865069 0.000011 0.000701 0.000109 0.000001 0.000001 -0.000001 0.000000 0.000004 -0.000005 0.000000 -0.000003 0.000000 8.077771 -0.486873 -3.806252 -0.020175 4.288549 0.510635 -0.016178 -4.078361 -0.510901 -0.000001 -0.007701 -0.000003 0.000003 -0.000001 -0.000006 -8.207787 -6.751666 -1.599563 -9.433331 -4.142179 -13.276218 12.530905 -10.322461 -7.144682 -10.420278 -2.916213 13.000947 -0.868590 0.000011 -0.000003 0.000000 0.000000 -0.000000 8.207791 -6.751697 -1.599558 -14.465456 22.256846 9.350711 4.132508 -4.393493 3.767549 38.951999 -5.298827 -17.113703 -32.791865 0.106003 -2.371931 -0.000000 0.000000 0.000000 
-11.324871 102.595123 1.340638 7.867478 2.898120 8.940631 -0.000005 10.181585 0.131520 -2.305020 -0.531046 -1.614953 -4.635924 -1.026642 -1.125451 -4.642600 -0.995757 -1.124454 0.000002 16.740395 -2.049034 1.761350 1.246959 1.307714 -0.000001 9.617887 1.685004 16.290669 9.064737 -10.581583 0.000005 22.037354 7.501096 -0.000003 -0.000000 -0.000000 -4.569967 11.014917 -2.160884 0.311983 -11.867193 7.607323 -61.412908 26.694790 17.461080 -0.000015 28.813969 -0.000011 -16.584066 14.716334 -33.943120 -2.464793 -1.573975 2.681846 -1.619249 -4.333948 -6.744820 4.223205 -7.640271 -0.059993 -1.560135 0.883064 -1.926123 -0.000002 0.000002 0.000002 -9.108276 -0.517870 2.259823 -0.000000 -0.018790 0.000099 0.000000 0.029297 0.000001 0.000001 -0.010101 -0.000002 0.000002 -0.000004 0.000001 -9.532499 -0.000049 -0.000028 -0.000000 -0.057490 0.000099 0.000000 0.097395 0.000025 -0.000001 -0.036895 -0.000003 -0.000000 -0.000006 0.000002 -9.103584 -0.043075 -1.865151 -0.000000 0.017912 -0.000002 0.000001 -0.025406 0.000043 -0.000000 -0.012901 -0.000004 -0.000000 0.000003 0.000001 -8.076677 -0.486704 -3.806284 -0.000001 0.059612 -0.000501 -0.000000 0.096996 0.000001 0.000000 -0.056900 0.000001 -0.000000 -0.000000 -0.000001 4.570446 11.014708 -2.160855 -0.012383 7.658153 -7.981022 20.566813 -22.586957 -57.725972 -0.000011 -13.604600 -0.000011 -3.314100 -10.796510 15.045416 2.466130 -1.576205 2.681739 -1.336442 4.338055 6.279189 3.576457 7.070876 0.589257 -0.821928 0.916473 2.391506 -0.000000 0.000002 0.000000 9.109287 -0.518049 2.259875 0.000012 -0.005099 0.000106 -0.000001 0.012004 -0.000002 0.000001 -0.007605 0.000005 -0.000001 0.000001 -0.000008 9.533381 0.000037 0.000049 0.000003 -0.005524 0.015981 -0.000002 0.004328 -0.015979 0.000003 0.002401 -0.000003 0.000002 -0.000005 0.000002 9.104510 -0.043024 -1.865069 0.000011 0.000701 0.000109 0.000001 0.000001 -0.000001 0.000000 0.000004 -0.000005 0.000000 -0.000003 0.000000 8.077771 -0.486873 -3.806252 -0.020175 4.288549 0.510635 -0.016178 -4.078361 -0.510901 -0.000001 -0.007701 -0.000003 0.000003 -0.000001 -0.000006 -8.207787 -6.751666 -1.599563 -9.433331 -4.142179 -13.276218 12.530905 -10.322461 -7.144682 -10.420278 -2.916213 13.000947 -0.868590 0.000011 -0.000003 0.000000 0.000000 -0.000000 8.207791 -6.751697 -1.599558 -14.465456 22.256846 9.350711 4.132508 -4.393493 3.767549 38.951999 -5.298827 -17.113703 -32.791865 0.106003 -2.371931 -0.000000 0.000000 0.000000 
-11.324871 102.595123 1.340638 7.867478 2.898120 8.940631 -0.000005 10.181585 0.131520 -2.305020 -0.531046 -1.614953 -4.635924 -1.026642 -1.125451 -4.642600 -0.995757 -1.124454 0.000002 16.740395 -2.049034 1.761350 1.246959 1.307714 -0.000001 9.617887 1.685004 16.290669 9.064737 -10.581583 0.000005 22.037354 7.501096 -0.000003 -0.000000 -0.000000 -4.569967 11.014917 -2.160884 0.311983 -11.867193 7.607323 -61.412908 26.694790 17.461080 -0.000015 28.813969 -0.000011 -16.584066 14.716334 -33.943120 -2.464793 -1.573975 2.681846 -1.619249 -4.333948 -6.744820 4.223205 -7.640271 -0.059993 -1.560135 0.883064 -1.926123 -0.000002 0.000002 0.000002 -9.108276 -0.517870 2.259823 -0.000000 -0.018790 0.000099 0.000000 0.029297 0.000001 0.000001 -0.010101 -0.000002 0.000002 -0.000004 0.000001 -9.532499 -0.000049 -0.000028 -0.000000 -0.057490 0.000099 0.000000 0.097395 0.000025 -0.000001 -0.036895 -0.000003 -0.000000 -0.000006 0.000002 -9.103584 -0.043075 -1.865151 -0.000000 0.017912 -0.000002 0.000001 -0.025406 0.000043 -0.000000 -0.012901 -0.000004 -0.000000 0.000003 0.000001 -8.076677 -0.486704 -3.806284 -0.000001 0.059612 -0.000501 -0.000000 0.096996 0.000001 0.000000 -0.056900 0.000001 -0.000000 -0.000000 -0.000001 4.570446 11.014708 -2.160855 -0.012383 7.658153 -7.981022 20.566813 -22.586957 -57.725972 -0.000011 -13.604600 -0.000011 -3.314100 -10.796510 15.045416 2.466130 -1.576205 2.681739 -1.336442 4.338055 6.279189 3.576457 7.070876 0.589257 -0.821928 0.916473 2.391506 -0.000000 0.000002 0.000000 9.109287 -0.518049 2.259875 0.000012 -0.005099 0.000106 -0.000001 0.012004 -0.000002 0.000001 -0.007605 0.000005 -0.000001 0.000001 -0.000008 9.533381 0.000037 0.000049 0.000003 -0.005524 0.015981 -0.000002 0.004328 -0.015979 0.000003 0.002401 -0.000003 0.000002 -0.000005 0.000002 9.104510 -0.043024 -1.865069 0.000011 0.000701 0.000109 0.000001 0.000001 -0.000001 0.000000 0.000004 -0.000005 0.000000 -0.000003 0.000000 8.077771 -0.486873 -3.806252 -0.020175 4.288549 0.510635 -0.016178 -4.078361 -0.510901 -0.000001 -0.007701 -0.000003 0.000003 -0.000001 -0.000006 -8.207787 -6.751666 -1.599563 -9.433331 -4.142179 -13.276218 12.530905 -10.322461 -7.144682 -10.420278 -2.916213 13.000947 -0.868590 0.000011 -0.000003 0.000000 0.000000 -0.000000 8.207791 -6.751697 -1.599558 -14.465456 22.256846 9.350711 4.132508 -4.393493 3.767549 38.951999 -5.298827 -17.113703 -32.791865 0.106003 -2.371931 -0.000000 0.000000 0.000000 
-11.324871 102.595123 1.340638 7.867478 2.898120 8.940631 -0.000005 10.181585 0.131520 -2.305020 -0.531046 -1.614953 -4.635924 -1.026642 -1.125451 -4.642600 -0.995757 -1.124454 0.000002 16.740395 -2.049034 1.761350 1.246959 1.307714 -0.000001 9.617887 1.685004 16.290669 9.064737 -10.581583 0.000005 22.037354 7.501096 -0.000003 -0.000000 -0.000000 -4.569967 11.014917 -2.160884 0.311983 -11.867193 7.607323 -61.412908 26.694790 17.461080 -0.000015 28.813969 -0.000011 -16.584066 14.716334 -33.943120 -2.464793 -1.573975 2.681846 -1.619249 -4.333948 -6.744820 4.223205 -7.640271 -0.059993 -1.560135 0.883064 -1.926123 -0.000002 0.000002 0.000002 -9.108276 -0.517870 2.259823 -0.000000 -0.018790 0.000099 0.000000 0.029297 0.000001 0.000001 -0.010101 -0.000002 0.000002 -0.000004 0.000001 -9.532499 -0.000049 -0.000028 -0.000000 -0.057490 0.000099 0.000000 0.097395 0.000025 -0.000001 -0.036895 -0.000003 -0.000000 -0.000006 0.000002 -9.103584 -0.043075 -1.865151 -0.000000 0.017912 -0.000002 0.000001 -0.025406 0.000043 -0.000000 -0.012901 -0.000004 -0.000000 0.000003 0.000001 -8.076677 -0.486704 -3.806284 -0.000001 0.059612 -0.000501 -0.000000 0.096996 0.000001 0.000000 -0.056900 0.000001 -0.000000 -0.000000 -0.000001 4.570446 11.014708 -2.160855 -0.012383 7.658153 -7.981022 20.566813 -22.586957 -57.725972 -0.000011 -13.604600 -0.000011 -3.314100 -10.796510 15.045416 2.466130 -1.576205 2.681739 -1.336442 4.338055 6.279189 3.576457 7.070876 0.589257 -0.821928 0.916473 2.391506 -0.000000 0.000002 0.000000 9.109287 -0.518049 2.259875 0.000012 -0.005099 0.000106 -0.000001 0.012004 -0.000002 0.000001 -0.007605 0.000005 -0.000001 0.000001 -0.000008 9.533381 0.000037 0.000049 0.000003 -0.005524 0.015981 -0.000002 0.004328 -0.015979 0.000003 0.002401 -0.000003 0.000002 -0.000005 0.000002 9.104510 -0.043024 -1.865069 0.000011 0.000701 0.000109 0.000001 0.000001 -0.000001 0.000000 0.000004 -0.000005 0.000000 -0.000003 0.000000 8.077771 -0.486873 -3.806252 -0.020175 4.288549 0.510635 -0.016178 -4.078361 -0.510901 -0.000001 -0.007701 -0.000003 0.000003 -0.000001 -0.000006 -8.207787 -6.751666 -1.599563 -9.433331 -4.142179 -13.276218 12.530905 -10.322461 -7.144682 -10.420278 -2.916213 13.000947 -0.868590 0.000011 -0.000003 0.000000 0.000000 -0.000000 8.207791 -6.751697 -1.599558 -14.465456 22.256846 9.350711 4.132508 -4.393493 3.767549 38.951999 -5.298827 -17.113703 -32.791865 0.106003 -2.371931 -0.000000 0.000000 0.000000 
-11.324871 102.595123 1.340638 7.867478 2.898120 8.940631 -0.000005 10.181585 0.131520 -2.305020 -0.531046 -1.614953 -4.635924 -1.026642 -1.125451 -4.642600 -0.995757 -1.124454 0.000002 16.740395 -2.049034 1.761350 1.246959 1.307714 -0.000001 9.617887 1.685004 16.290669 9.064737 -10.581583 0.000005 22.037354 7.501096 -0.000003 -0.000000 -0.000000 -4.569967 11.014917 -2.160884 0.311983 -11.867193 7.607323 -61.412908 26.694790 17.461080 -0.000015 28.813969 -0.000011 -16.584066 14.716334 -33.943120 -2.464793 -1.573975 2.681846 -1.619249 -4.333948 -6.744820 4.223205 -7.640271 -0.059993 -1.560135 0.883064 -1.926123 -0.000002 0.000002 0.000002 -9.108276 -0.517870 2.259823 -0.000000 -0.018790 0.000099 0.000000 0.029297 0.000001 0.000001 -0.010101 -0.000002 0.000002 -0.000004 0.000001 -9.532499 -0.000049 -0.000028 -0.000000 -0.057490 0.000099 0.000000 0.097395 0.000025 -0.000001 -0.036895 -0.000003 -0.000000 -0.000006 0.000002 -9.103584 -0.043075 -1.865151 -0.000000 0.017912 -0.000002 0.000001 -0.025406 0.000043 -0.000000 -0.012901 -0.000004 -0.000000 0.000003 0.000001 -8.076677 -0.486704 -3.806284 -0.000001 0.059612 -0.000501 -0.000000 0.096996 0.000001 0.000000 -0.056900 0.000001 -0.000000 -0.000000 -0.000001 4.570446 11.014708 -2.160855 -0.012383 7.658153 -7.981022 20.566813 -22.586957 -57.725972 -0.000011 -13.604600 -0.000011 -3.314100 -10.796510 15.045416 2.466130 -1.576205 2.681739 -1.336442 4.338055 6.279189 3.576457 7.070876 0.589257 -0.821928 0.916473 2.391506 -0.000000 0.000002 0.000000 9.109287 -0.518049 2.259875 0.000012 -0.005099 0.000106 -0.000001 0.012004 -0.000002 0.000001 -0.007605 0.000005 -0.000001 0.000001 -0.000008 9.533381 0.000037 0.000049 0.000003 -0.005524 0.015981 -0.000002 0.004328 -0.015979 0.000003 0.002401 -0.000003 0.000002 -0.000005 0.000002 9.104510 -0.043024 -1.865069 0.000011 0.000701 0.000109 0.000001 0.000001 -0.000001 0.000000 0.000004 -0.000005 0.000000 -0.000003 0.000000 8.077771 -0.486873 -3.806252 -0.020175 4.288549 0.510635 -0.016178 -4.078361 -0.510901 -0.000001 -0.007701 -0.000003 0.000003 -0.000001 -0.000006 -8.207787 -6.751666 -1.599563 -9.433331 -4.142179 -13.276218 12.530905 -10.322461 -7.144682 -10.420278 -2.916213 13.000947 -0.868590 0.000011 -0.000003 0.000000 0.000000 -0.000000 8.207791 -6.751697 -1.599558 -14.465456 22.256846 9.350711 4.132508 -4.393493 3.767549 38.951999 -5.298827 -17.113703 -32.791865 0.106003 -2.371931 -0.000000 0.000000 0.000000 
-11.324871 102.595123 1.340638 7.867478 2.898120 8.940631 -0.000005 10.181585 0.131520 -2.305020 -0.531046 -1.614953 -4.635924 -1.026642 -1.125451 -4.642600 -0.995757 -1.124454 0.000002 16.740395 -2.049034 1.761350 1.246959 1.307714 -0.000001 9.617887 1.685004 16.290669 9.064737 -10.581583 0.000005 22.037354 7.501096 -0.000003 -0.000000 -0.000000 -4.569967 11.014917 -2.160884 0.311983 -11.867193 7.607323 -61.412908 26.694790 17.461080 -0.000015 28.813969 -0.000011 -16.584066 14.716334 -33.943120 -2.464793 -1.573975 2.681846 -1.619249 -4.333948 -6.744820 4.223205 -7.640271 -0.059993 -1.560135 0.883064 -1.926123 -0.000002 0.000002 0.000002 -9.108276 -0.517870 2.259823 -0.000000 -0.018790 0.000099 0.000000 0.029297 0.000001 0.000001 -0.010101 -0.000002 0.000002 -0.000004 0.000001 -9.532499 -0.000049 -0.000028 -0.000000 -0.057490 0.000099 0.000000 0.097395 0.000025 -0.000001 -0.036895 -0.000003 -0.000000 -0.000006 0.000002 -9.103584 -0.043075 -1.865151 -0.000000 0.017912 -0.000002 0.000001 -0.025406 0.000043 -0.000000 -0.012901 -0.000004 -0.000000 0.000003 0.000001 -8.076677 -0.486704 -3.806284 -0.000001 0.059612 -0.000501 -0.000000 0.096996 0.000001 0.000000 -0.056900 0.000001 -0.000000 -0.000000 -0.000001 4.570446 11.014708 -2.160855 -0.012383 7.658153 -7.981022 20.566813 -22.586957 -57.725972 -0.000011 -13.604600 -0.000011 -3.314100 -10.796510 15.045416 2.466130 -1.576205 2.681739 -1.336442 4.338055 6.279189 3.576457 7.070876 0.589257 -0.821928 0.916473 2.391506 -0.000000 0.000002 0.000000 9.109287 -0.518049 2.259875 0.000012 -0.005099 0.000106 -0.000001 0.012004 -0.000002 0.000001 -0.007605 0.000005 -0.000001 0.000001 -0.000008 9.533381 0.000037 0.000049 0.000003 -0.005524 0.015981 -0.000002 0.004328 -0.015979 0.000003 0.002401 -0.000003 0.000002 -0.000005 0.000002 9.104510 -0.043024 -1.865069 0.000011 0.000701 0.000109 0.000001 0.000001 -0.000001 0.000000 0.000004 -0.000005 0.000000 -0.000003 0.000000 8.077771 -0.486873 -3.806252 -0.020175 4.288549 0.510635 -0.016178 -4.078361 -0.510901 -0.000001 -0.007701 -0.000003 0.000003 -0.000001 -0.000006 -8.207787 -6.751666 -1.599563 -9.433331 -4.142179 -13.276218 12.530905 -10.322461 -7.144682 -10.420278 -2.916213 13.000947 -0.868590 0.000011 -0.000003 0.000000 0.000000 -0.000000 8.207791 -6.751697 -1.599558 -14.465456 22.256846 9.350711 4.132508 -4.393493 3.767549 38.951999 -5.298827 -17.113703 -32.791865 0.106003 -2.371931 -0.000000 0.000000 0.000000 
-11.324871 102.595123 1.340638 7.867478 2.898120 8.940631 -0.000005 10.181585 0.131520 -2.305020 -0.531046 -1.614953 -4.635924 -1.026642 -1.125451 -4.642600 -0.995757 -1.124454 0.000002 16.740395 -2.049034 1.761350 1.246959 1.307714 -0.000001 9.617887 1.685004 16.290669 9.064737 -10.581583 0.000005 22.037354 7.501096 -0.000003 -0.000000 -0.000000 -4.569967 11.014917 -2.160884 0.311983 -11.867193 7.607323 -61.412908 26.694790 17.461080 -0.000015 28.813969 -0.000011 -16.584066 14.716334 -33.943120 -2.464793 -1.573975 2.681846 -1.619249 -4.333948 -6.744820 4.223205 -7.640271 -0.059993 -1.560135 0.883064 -1.926123 -0.000002 0.000002 0.000002 -9.108276 -0.517870 2.259823 -0.000000 -0.018790 0.000099 0.000000 0.029297 0.000001 0.000001 -0.010101 -0.000002 0.000002 -0.000004 0.000001 -9.532499 -0.000049 -0.000028 -0.000000 -0.057490 0.000099 0.000000 0.097395 0.000025 -0.000001 -0.036895 -0.000003 -0.000000 -0.000006 0.000002 -9.103584 -0.043075 -1.865151 -0.000000 0.017912 -0.000002 0.000001 -0.025406 0.000043 -0.000000 -0.012901 -0.000004 -0.000000 0.000003 0.000001 -8.076677 -0.486704 -3.806284 -0.000001 0.059612 -0.000501 -0.000000 0.096996 0.000001 0.000000 -0.056900 0.000001 -0.000000 -0.000000 -0.000001 4.570446 11.014708 -2.160855 -0.012383 7.658153 -7.981022 20.566813 -22.586957 -57.725972 -0.000011 -13.604600 -0.000011 -3.314100 -10.796510 15.045416 2.466130 -1.576205 2.681739 -1.336442 4.338055 6.279189 3.576457 7.070876 0.589257 -0.821928 0.916473 2.391506 -0.000000 0.000002 0.000000 9.109287 -0.518049 2.259875 0.000012 -0.005099 0.000106 -0.000001 0.012004 -0.000002 0.000001 -0.007605 0.000005 -0.000001 0.000001 -0.000008 9.533381 0.000037 0.000049 0.000003 -0.005524 0.015981 -0.000002 0.004328 -0.015979 0.000003 0.002401 -0.000003 0.000002 -0.000005 0.000002 9.104510 -0.043024 -1.865069 0.000011 0.000701 0.000109 0.000001 0.000001 -0.000001 0.000000 0.000004 -0.000005 0.000000 -0.000003 0.000000 8.077771 -0.486873 -3.806252 -0.020175 4.288549 0.510635 -0.016178 -4.078361 -0.510901 -0.000001 -0.007701 -0.000003 0.000003 -0.000001 -0.000006 -8.207787 -6.751666 -1.599563 -9.433331 -4.142179 -13.276218 12.530905 -10.322461 -7.144682 -10.420278 -2.916213 13.000947 -0.868590 0.000011 -0.000003 0.000000 0.000000 -0.000000 8.207791 -6.751697 -1.599558 -14.465456 22.256846 9.350711 4.132508 -4.393493 3.767549 38.951999 -5.298827 -17.113703 -32.791865 0.106003 -2.371931 -0.000000 0.000000 0.000000 
-11.324871 102.595123 1.340638 7.867478 2.898120 8.940631 -0.000005 10.181585 0.131520 -2.305020 -0.531046 -1.614953 -4.635924 -1.026642 -1.125451 -4.642600 -0.995757 -1.124454 0.000002 16.740395 -2.049034 1.761350 1.246959 1.307714 -0.000001 9.617887 1.685004 16.290669 9.064737 -10.581583 0.000005 22.037354 7.501096 -0.000003 -0.000000 -0.000000 -4.569967 11.014917 -2.160884 0.311983 -11.867193 7.607323 -61.412908 26.694790 17.461080 -0.000015 28.813969 -0.000011 -16.584066 14.716334 -33.943120 -2.464793 -1.573975 2.681846 -1.619249 -4.333948 -6.744820 4.223205 -7.640271 -0.059993 -1.560135 0.883064 -1.926123 -0.000002 0.000002 0.000002 -9.108276 -0.517870 2.259823 -0.000000 -0.018790 0.000099 0.000000 0.029297 0.000001 0.000001 -0.010101 -0.000002 0.000002 -0.000004 0.000001 -9.532499 -0.000049 -0.000028 -0.000000 -0.057490 0.000099 0.000000 0.097395 0.000025 -0.000001 -0.036895 -0.000003 -0.000000 -0.000006 0.000002 -9.103584 -0.043075 -1.865151 -0.000000 0.017912 -0.000002 0.000001 -0.025406 0.000043 -0.000000 -0.012901 -0.000004 -0.000000 0.000003 0.000001 -8.076677 -0.486704 -3.806284 -0.000001 0.059612 -0.000501 -0.000000 0.096996 0.000001 0.000000 -0.056900 0.000001 -0.000000 -0.000000 -0.000001 4.570446 11.014708 -2.160855 -0.012383 7.658153 -7.981022 20.566813 -22.586957 -57.725972 -0.000011 -13.604600 -0.000011 -3.314100 -10.796510 15.045416 2.466130 -1.576205 2.681739 -1.336442 4.338055 6.279189 3.576457 7.070876 0.589257 -0.821928 0.916473 2.391506 -0.000000 0.000002 0.000000 9.109287 -0.518049 2.259875 0.000012 -0.005099 0.000106 -0.000001 0.012004 -0.000002 0.000001 -0.007605 0.000005 -0.000001 0.000001 -0.000008 9.533381 0.000037 0.000049 0.000003 -0.005524 0.015981 -0.000002 0.004328 -0.015979 0.000003 0.002401 -0.000003 0.000002 -0.000005 0.000002 9.104510 -0.043024 -1.865069 0.000011 0.000701 0.000109 0.000001 0.000001 -0.000001 0.000000 0.000004 -0.000005 0.000000 -0.000003 0.000000 8.077771 -0.486873 -3.806252 -0.020175 4.288549 0.510635 -0.016178 -4.078361 -0.510901 -0.000001 -0.007701 -0.000003 0.000003 -0.000001 -0.000006 -8.207787 -6.751666 -1.599563 -9.433331 -4.142179 -13.276218 12.530905 -10.322461 -7.144682 -10.420278 -2.916213 13.000947 -0.868590 0.000011 -0.000003 0.000000 0.000000 -0.000000 8.207791 -6.751697 -1.599558 -14.465456 22.256846 9.350711 4.132508 -4.393493 3.767549 38.951999 -5.298827 -17.113703 -32.791865 0.106003 -2.371931 -0.000000 0.000000 0.000000 
-11.324871 102.595123 1.340638 7.867478 2.898120 8.940631 -0.000005 10.181585 0.131520 -2.305020 -0.531046 -1.614953 -4.635924 -1.026642 -1.125451 -4.642600 -0.995757 -1.124454 0.000002 16.740395 -2.049034 1.761350 1.246959 1.307714 -0.000001 9.617887 1.685004 16.290669 9.064737 -10.581583 0.000005 22.037354 7.501096 -0.000003 -0.000000 -0.000000 -4.569967 11.014917 -2.160884 0.311983 -11.867193 7.607323 -61.412908 26.694790 17.461080 -0.000015 28.813969 -0.000011 -16.584066 14.716334 -33.943120 -2.464793 -1.573975 2.681846 -1.619249 -4.333948 -6.744820 4.223205 -7.640271 -0.059993 -1.560135 0.883064 -1.926123 -0.000002 0.000002 0.000002 -9.108276 -0.517870 2.259823 -0.000000 -0.018790 0.000099 0.000000 0.029297 0.000001 0.000001 -0.010101 -0.000002 0.000002 -0.000004 0.000001 -9.532499 -0.000049 -0.000028 -0.000000 -0.057490 0.000099 0.000000 0.097395 0.000025 -0.000001 -0.036895 -0.000003 -0.000000 -0.000006 0.000002 -9.103584 -0.043075 -1.865151 -0.000000 0.017912 -0.000002 0.000001 -0.025406 0.000043 -0.000000 -0.012901 -0.000004 -0.000000 0.000003 0.000001 -8.076677 -0.486704 -3.806284 -0.000001 0.059612 -0.000501 -0.000000 0.096996 0.000001 0.000000 -0.056900 0.000001 -0.000000 -0.000000 -0.000001 4.570446 11.014708 -2.160855 -0.012383 7.658153 -7.981022 20.566813 -22.586957 -57.725972 -0.000011 -13.604600 -0.000011 -3.314100 -10.796510 15.045416 2.466130 -1.576205 2.681739 -1.336442 4.338055 6.279189 3.576457 7.070876 0.589257 -0.821928 0.916473 2.391506 -0.000000 0.000002 0.000000 9.109287 -0.518049 2.259875 0.000012 -0.005099 0.000106 -0.000001 0.012004 -0.000002 0.000001 -0.007605 0.000005 -0.000001 0.000001 -0.000008 9.533381 0.000037 0.000049 0.000003 -0.005524 0.015981 -0.000002 0.004328 -0.015979 0.000003 0.002401 -0.000003 0.000002 -0.000005 0.000002 9.104510 -0.043024 -1.865069 0.000011 0.000701 0.000109 0.000001 0.000001 -0.000001 0.000000 0.000004 -0.000005 0.000000 -0.000003 0.000000 8.077771 -0.486873 -3.806252 -0.020175 4.288549 0.510635 -0.016178 -4.078361 -0.510901 -0.000001 -0.007701 -0.000003 0.000003 -0.000001 -0.000006 -8.207787 -6.751666 -1.599563 -9.433331 -4.142179 -13.276218 12.530905 -10.322461 -7.144682 -10.420278 -2.916213 13.000947 -0.868590 0.000011 -0.000003 0.000000 0.000000 -0.000000 8.207791 -6.751697 -1.599558 -14.465456 22.256846 9.350711 4.132508 -4.393493 3.767549 38.951999 -5.298827 -17.113703 -32.791865 0.106003 -2.371931 -0.000000 0.000000 0.000000 
-11.324871 102.595123 1.340638 7.867478 2.898120 8.940631 -0.000005 10.181585 0.131520 -2.305020 -0.531046 -1.614953 -4.635924 -1.026642 -1.125451 -4.642600 -0.995757 -1.124454 0.000002 16.740395 -2.049034 1.761350 1.246959 1.307714 -0.000001 9.617887 1.685004 16.290669 9.064737 -10.581583 0.000005 22.037354 7.501096 -0.000003 -0.000000 -0.000000 -4.569967 11.014917 -2.160884 0.311983 -11.867193 7.607323 -61.412908 26.694790 17.461080 -0.000015 28.813969 -0.000011 -16.584066 14.716334 -33.943120 -2.464793 -1.573975 2.681846 -1.619249 -4.333948 -6.744820 4.223205 -7.640271 -0.059993 -1.560135 0.883064 -1.926123 -0.000002 0.000002 0.000002 -9.108276 -0.517870 2.259823 -0.000000 -0.018790 0.000099 0.000000 0.029297 0.000001 0.000001 -0.010101 -0.000002 0.000002 -0.000004 0.000001 -9.532499 -0.000049 -0.000028 -0.000000 -0.057490 0.000099 0.000000 0.097395 0.000025 -0.000001 -0.036895 -0.000003 -0.000000 -0.000006 0.000002 -9.103584 -0.043075 -1.865151 -0.000000 0.017912 -0.000002 0.000001 -0.025406 0.000043 -0.000000 -0.012901 -0.000004 -0.000000 0.000003 0.000001 -8.076677 -0.486704 -3.806284 -0.000001 0.059612 -0.000501 -0.000000 0.096996 0.000001 0.000000 -0.056900 0.000001 -0.000000 -0.000000 -0.000001 4.570446 11.014708 -2.160855 -0.012383 7.658153 -7.981022 20.566813 -22.586957 -57.725972 -0.000011 -13.604600 -0.000011 -3.314100 -10.796510 15.045416 2.466130 -1.576205 2.681739 -1.336442 4.338055 6.279189 3.576457 7.070876 0.589257 -0.821928 0.916473 2.391506 -0.000000 0.000002 0.000000 9.109287 -0.518049 2.259875 0.000012 -0.005099 0.000106 -0.000001 0.012004 -0.000002 0.000001 -0.007605 0.000005 -0.000001 0.000001 -0.000008 9.533381 0.000037 0.000049 0.000003 -0.005524 0.015981 -0.000002 0.004328 -0.015979 0.000003 0.002401 -0.000003 0.000002 -0.000005 0.000002 9.104510 -0.043024 -1.865069 0.000011 0.000701 0.000109 0.000001 0.000001 -0.000001 0.000000 0.000004 -0.000005 0.000000 -0.000003 0.000000 8.077771 -0.486873 -3.806252 -0.020175 4.288549 0.510635 -0.016178 -4.078361 -0.510901 -0.000001 -0.007701 -0.000003 0.000003 -0.000001 -0.000006 -8.207787 -6.751666 -1.599563 -9.433331 -4.142179 -13.276218 12.530905 -10.322461 -7.144682 -10.420278 -2.916213 13.000947 -0.868590 0.000011 -0.000003 0.000000 0.000000 -0.000000 8.207791 -6.751697 -1.599558 -14.465456 22.256846 9.350711 4.132508 -4.393493 3.767549 38.951999 -5.298827 -17.113703 -32.791865 0.106003 -2.371931 -0.000000 0.000000 0.000000 
-11.324871 102.595123 1.340638 7.867478 2.898120 8.940631 -0.000005 10.181585 0.131520 -2.305020 -0.531046 -1.614953 -4.635924 -1.026642 -1.125451 -4.642600 -0.995757 -1.124454 0.000002 16.740395 -2.049034 1.761350 1.246959 1.307714 -0.000001 9.617887 1.685004 16.290669 9.064737 -10.581583 0.000005 22.037354 7.501096 -0.000003 -0.000000 -0.000000 -4.569967 11.014917 -2.160884 0.311983 -11.867193 7.607323 -61.412908 26.694790 17.461080 -0.000015 28.813969 -0.000011 -16.584066 14.716334 -33.943120 -2.464793 -1.573975 2.681846 -1.619249 -4.333948 -6.744820 4.223205 -7.640271 -0.059993 -1.560135 0.883064 -1.926123 -0.000002 0.000002 0.000002 -9.108276 -0.517870 2.259823 -0.000000 -0.018790 0.000099 0.000000 0.029297 0.000001 0.000001 -0.010101 -0.000002 0.000002 -0.000004 0.000001 -9.532499 -0.000049 -0.000028 -0.000000 -0.057490 0.000099 0.000000 0.097395 0.000025 -0.000001 -0.036895 -0.000003 -0.000000 -0.000006 0.000002 -9.103584 -0.043075 -1.865151 -0.000000 0.017912 -0.000002 0.000001 -0.025406 0.000043 -0.000000 -0.012901 -0.000004 -0.000000 0.000003 0.000001 -8.076677 -0.486704 -3.806284 -0.000001 0.059612 -0.000501 -0.000000 0.096996 0.000001 0.000000 -0.056900 0.000001 -0.000000 -0.000000 -0.000001 4.570446 11.014708 -2.160855 -0.012383 7.658153 -7.981022 20.566813 -22.586957 -57.725972 -0.000011 -13.604600 -0.000011 -3.314100 -10.796510 15.045416 2.466130 -1.576205 2.681739 -1.336442 4.338055 6.279189 3.576457 7.070876 0.589257 -0.821928 0.916473 2.391506 -0.000000 0.000002 0.000000 9.109287 -0.518049 2.259875 0.000012 -0.005099 0.000106 -0.000001 0.012004 -0.000002 0.000001 -0.007605 0.000005 -0.000001 0.000001 -0.000008 9.533381 0.000037 0.000049 0.000003 -0.005524 0.015981 -0.000002 0.004328 -0.015979 0.000003 0.002401 -0.000003 0.000002 -0.000005 0.000002 9.104510 -0.043024 -1.865069 0.000011 0.000701 0.000109 0.000001 0.000001 -0.000001 0.000000 0.000004 -0.000005 0.000000 -0.000003 0.000000 8.077771 -0.486873 -3.806252 -0.020175 4.288549 0.510635 -0.016178 -4.078361 -0.510901 -0.000001 -0.007701 -0.000003 0.000003 -0.000001 -0.000006 -8.207787 -6.751666 -1.599563 -9.433331 -4.142179 -13.276218 12.530905 -10.322461 -7.144682 -10.420278 -2.916213 13.000947 -0.868590 0.000011 -0.000003 0.000000 0.000000 -0.000000 8.207791 -6.751697 -1.599558 -14.465456 22.256846 9.350711 4.132508 -4.393493 3.767549 38.951999 -5.298827 -17.113703 -32.791865 0.106003 -2.371931 -0.000000 0.000000 0.000000 
-11.324871 102.595123 1.340638 7.867478 2.898120 8.940631 -0.000005 10.181585 0.131520 -2.305020 -0.531046 -1.614953 -4.635924 -1.026642 -1.125451 -4.642600 -0.995757 -1.124454 0.000002 16.740395 -2.049034 1.761350 1.246959 1.307714 -0.000001 9.617887 1.685004 16.290669 9.064737 -10.581583 0.000005 22.037354 7.501096 -0.000003 -0.000000 -0.000000 -4.569967 11.014917 -2.160884 0.311983 -11.867193 7.607323 -61.412908 26.694790 17.461080 -0.000015 28.813969 -0.000011 -16.584066 14.716334 -33.943120 -2.464793 -1.573975 2.681846 -1.619249 -4.333948 -6.744820 4.223205 -7.640271 -0.059993 -1.560135 0.883064 -1.926123 -0.000002 0.000002 0.000002 -9.108276 -0.517870 2.259823 -0.000000 -0.018790 0.000099 0.000000 0.029297 0.000001 0.000001 -0.010101 -0.000002 0.000002 -0.000004 0.000001 -9.532499 -0.000049 -0.000028 -0.000000 -0.057490 0.000099 0.000000 0.097395 0.000025 -0.000001 -0.036895 -0.000003 -0.000000 -0.000006 0.000002 -9.103584 -0.043075 -1.865151 -0.000000 0.017912 -0.000002 0.000001 -0.025406 0.000043 -0.000000 -0.012901 -0.000004 -0.000000 0.000003 0.000001 -8.076677 -0.486704 -3.806284 -0.000001 0.059612 -0.000501 -0.000000 0.096996 0.000001 0.000000 -0.056900 0.000001 -0.000000 -0.000000 -0.000001 4.570446 11.014708 -2.160855 -0.012383 7.658153 -7.981022 20.566813 -22.586957 -57.725972 -0.000011 -13.604600 -0.000011 -3.314100 -10.796510 15.045416 2.466130 -1.576205 2.681739 -1.336442 4.338055 6.279189 3.576457 7.070876 0.589257 -0.821928 0.916473 2.391506 -0.000000 0.000002 0.000000 9.109287 -0.518049 2.259875 0.000012 -0.005099 0.000106 -0.000001 0.012004 -0.000002 0.000001 -0.007605 0.000005 -0.000001 0.000001 -0.000008 9.533381 0.000037 0.000049 0.000003 -0.005524 0.015981 -0.000002 0.004328 -0.015979 0.000003 0.002401 -0.000003 0.000002 -0.000005 0.000002 9.104510 -0.043024 -1.865069 0.000011 0.000701 0.000109 0.000001 0.000001 -0.000001 0.000000 0.000004 -0.000005 0.000000 -0.000003 0.000000 8.077771 -0.486873 -3.806252 -0.020175 4.288549 0.510635 -0.016178 -4.078361 -0.510901 -0.000001 -0.007701 -0.000003 0.000003 -0.000001 -0.000006 -8.207787 -6.751666 -1.599563 -9.433331 -4.142179 -13.276218 12.530905 -10.322461 -7.144682 -10.420278 -2.916213 13.000947 -0.868590 0.000011 -0.000003 0.000000 0.000000 -0.000000 8.207791 -6.751697 -1.599558 -14.465456 22.256846 9.350711 4.132508 -4.393493 3.767549 38.951999 -5.298827 -17.113703 -32.791865 0.106003 -2.371931 -0.000000 0.000000 0.000000 
-11.324871 102.595123 1.340638 7.867478 2.898120 8.940631 -0.000005 10.181585 0.131520 -2.305020 -0.531046 -1.614953 -4.635924 -1.026642 -1.125451 -4.642600 -0.995757 -1.124454 0.000002 16.740395 -2.049034 1.761350 1.246959 1.307714 -0.000001 9.617887 1.685004 16.290669 9.064737 -10.581583 0.000005 22.037354 7.501096 -0.000003 -0.000000 -0.000000 -4.569967 11.014917 -2.160884 0.311983 -11.867193 7.607323 -61.412908 26.694790 17.461080 -0.000015 28.813969 -0.000011 -16.584066 14.716334 -33.943120 -2.464793 -1.573975 2.681846 -1.619249 -4.333948 -6.744820 4.223205 -7.640271 -0.059993 -1.560135 0.883064 -1.926123 -0.000002 0.000002 0.000002 -9.108276 -0.517870 2.259823 -0.000000 -0.018790 0.000099 0.000000 0.029297 0.000001 0.000001 -0.010101 -0.000002 0.000002 -0.000004 0.000001 -9.532499 -0.000049 -0.000028 -0.000000 -0.057490 0.000099 0.000000 0.097395 0.000025 -0.000001 -0.036895 -0.000003 -0.000000 -0.000006 0.000002 -9.103584 -0.043075 -1.865151 -0.000000 0.017912 -0.000002 0.000001 -0.025406 0.000043 -0.000000 -0.012901 -0.000004 -0.000000 0.000003 0.000001 -8.076677 -0.486704 -3.806284 -0.000001 0.059612 -0.000501 -0.000000 0.096996 0.000001 0.000000 -0.056900 0.000001 -0.000000 -0.000000 -0.000001 4.570446 11.014708 -2.160855 -0.012383 7.658153 -7.981022 20.566813 -22.586957 -57.725972 -0.000011 -13.604600 -0.000011 -3.314100 -10.796510 15.045416 2.466130 -1.576205 2.681739 -1.336442 4.338055 6.279189 3.576457 7.070876 0.589257 -0.821928 0.916473 2.391506 -0.000000 0.000002 0.000000 9.109287 -0.518049 2.259875 0.000012 -0.005099 0.000106 -0.000001 0.012004 -0.000002 0.000001 -0.007605 0.000005 -0.000001 0.000001 -0.000008 9.533381 0.000037 0.000049 0.000003 -0.005524 0.015981 -0.000002 0.004328 -0.015979 0.000003 0.002401 -0.000003 0.000002 -0.000005 0.000002 9.104510 -0.043024 -1.865069 0.000011 0.000701 0.000109 0.000001 0.000001 -0.000001 0.000000 0.000004 -0.000005 0.000000 -0.000003 0.000000 8.077771 -0.486873 -3.806252 -0.020175 4.288549 0.510635 -0.016178 -4.078361 -0.510901 -0.000001 -0.007701 -0.000003 0.000003 -0.000001 -0.000006 -8.207787 -6.751666 -1.599563 -9.433331 -4.142179 -13.276218 12.530905 -10.322461 -7.144682 -10.420278 -2.916213 13.000947 -0.868590 0.000011 -0.000003 0.000000 0.000000 -0.000000 8.207791 -6.751697 -1.599558 -14.465456 22.256846 9.350711 4.132508 -4.393493 3.767549 38.951999 -5.298827 -17.113703 -32.791865 0.106003 -2.371931 -0.000000 0.000000 0.000000 
-11.324871 102.595123 1.340638 7.867478 2.898120 8.940631 -0.000005 10.181585 0.131520 -2.305020 -0.531046 -1.614953 -4.635924 -1.026642 -1.125451 -4.642600 -0.995757 -1.124454 0.000002 16.740395 -2.049034 1.761350 1.246959 1.307714 -0.000001 9.617887 1.685004 16.290669 9.064737 -10.581583 0.000005 22.037354 7.501096 -0.000003 -0.000000 -0.000000 -4.569967 11.014917 -2.160884 0.311983 -11.867193 7.607323 -61.412908 26.694790 17.461080 -0.000015 28.813969 -0.000011 -16.584066 14.716334 -33.943120 -2.464793 -1.573975 2.681846 -1.619249 -4.333948 -6.744820 4.223205 -7.640271 -0.059993 -1.560135 0.883064 -1.926123 -0.000002 0.000002 0.000002 -9.108276 -0.517870 2.259823 -0.000000 -0.018790 0.000099 0.000000 0.029297 0.000001 0.000001 -0.010101 -0.000002 0.000002 -0.000004 0.000001 -9.532499 -0.000049 -0.000028 -0.000000 -0.057490 0.000099 0.000000 0.097395 0.000025 -0.000001 -0.036895 -0.000003 -0.000000 -0.000006 0.000002 -9.103584 -0.043075 -1.865151 -0.000000 0.017912 -0.000002 0.000001 -0.025406 0.000043 -0.000000 -0.012901 -0.000004 -0.000000 0.000003 0.000001 -8.076677 -0.486704 -3.806284 -0.000001 0.059612 -0.000501 -0.000000 0.096996 0.000001 0.000000 -0.056900 0.000001 -0.000000 -0.000000 -0.000001 4.570446 11.014708 -2.160855 -0.012383 7.658153 -7.981022 20.566813 -22.586957 -57.725972 -0.000011 -13.604600 -0.000011 -3.314100 -10.796510 15.045416 2.466130 -1.576205 2.681739 -1.336442 4.338055 6.279189 3.576457 7.070876 0.589257 -0.821928 0.916473 2.391506 -0.000000 0.000002 0.000000 9.109287 -0.518049 2.259875 0.000012 -0.005099 0.000106 -0.000001 0.012004 -0.000002 0.000001 -0.007605 0.000005 -0.000001 0.000001 -0.000008 9.533381 0.000037 0.000049 0.000003 -0.005524 0.015981 -0.000002 0.004328 -0.015979 0.000003 0.002401 -0.000003 0.000002 -0.000005 0.000002 9.104510 -0.043024 -1.865069 0.000011 0.000701 0.000109 0.000001 0.000001 -0.000001 0.000000 0.000004 -0.000005 0.000000 -0.000003 0.000000 8.077771 -0.486873 -3.806252 -0.020175 4.288549 0.510635 -0.016178 -4.078361 -0.510901 -0.000001 -0.007701 -0.000003 0.000003 -0.000001 -0.000006 -8.207787 -6.751666 -1.599563 -9.433331 -4.142179 -13.276218 12.530905 -10.322461 -7.144682 -10.420278 -2.916213 13.000947 -0.868590 0.000011 -0.000003 0.000000 0.000000 -0.000000 8.207791 -6.751697 -1.599558 -14.465456 22.256846 9.350711 4.132508 -4.393493 3.767549 38.951999 -5.298827 -17.113703 -32.791865 0.106003 -2.371931 -0.000000 0.000000 0.000000 
-11.324871 102.595123 1.340638 7.867478 2.898120 8.940631 -0.000005 10.181585 0.131520 -2.305020 -0.531046 -1.614953 -4.635924 -1.026642 -1.125451 -4.642600 -0.995757 -1.124454 0.000002 16.740395 -2.049034 1.761350 1.246959 1.307714 -0.000001 9.617887 1.685004 16.290669 9.064737 -10.581583 0.000005 22.037354 7.501096 -0.000003 -0.000000 -0.000000 -4.569967 11.014917 -2.160884 0.311983 -11.867193 7.607323 -61.412908 26.694790 17.461080 -0.000015 28.813969 -0.000011 -16.584066 14.716334 -33.943120 -2.464793 -1.573975 2.681846 -1.619249 -4.333948 -6.744820 4.223205 -7.640271 -0.059993 -1.560135 0.883064 -1.926123 -0.000002 0.000002 0.000002 -9.108276 -0.517870 2.259823 -0.000000 -0.018790 0.000099 0.000000 0.029297 0.000001 0.000001 -0.010101 -0.000002 0.000002 -0.000004 0.000001 -9.532499 -0.000049 -0.000028 -0.000000 -0.057490 0.000099 0.000000 0.097395 0.000025 -0.000001 -0.036895 -0.000003 -0.000000 -0.000006 0.000002 -9.103584 -0.043075 -1.865151 -0.000000 0.017912 -0.000002 0.000001 -0.025406 0.000043 -0.000000 -0.012901 -0.000004 -0.000000 0.000003 0.000001 -8.076677 -0.486704 -3.806284 -0.000001 0.059612 -0.000501 -0.000000 0.096996 0.000001 0.000000 -0.056900 0.000001 -0.000000 -0.000000 -0.000001 4.570446 11.014708 -2.160855 -0.012383 7.658153 -7.981022 20.566813 -22.586957 -57.725972 -0.000011 -13.604600 -0.000011 -3.314100 -10.796510 15.045416 2.466130 -1.576205 2.681739 -1.336442 4.338055 6.279189 3.576457 7.070876 0.589257 -0.821928 0.916473 2.391506 -0.000000 0.000002 0.000000 9.109287 -0.518049 2.259875 0.000012 -0.005099 0.000106 -0.000001 0.012004 -0.000002 0.000001 -0.007605 0.000005 -0.000001 0.000001 -0.000008 9.533381 0.000037 0.000049 0.000003 -0.005524 0.015981 -0.000002 0.004328 -0.015979 0.000003 0.002401 -0.000003 0.000002 -0.000005 0.000002 9.104510 -0.043024 -1.865069 0.000011 0.000701 0.000109 0.000001 0.000001 -0.000001 0.000000 0.000004 -0.000005 0.000000 -0.000003 0.000000 8.077771 -0.486873 -3.806252 -0.020175 4.288549 0.510635 -0.016178 -4.078361 -0.510901 -0.000001 -0.007701 -0.000003 0.000003 -0.000001 -0.000006 -8.207787 -6.751666 -1.599563 -9.433331 -4.142179 -13.276218 12.530905 -10.322461 -7.144682 -10.420278 -2.916213 13.000947 -0.868590 0.000011 -0.000003 0.000000 0.000000 -0.000000 8.207791 -6.751697 -1.599558 -14.465456 22.256846 9.350711 4.132508 -4.393493 3.767549 38.951999 -5.298827 -17.113703 -32.791865 0.106003 -2.371931 -0.000000 0.000000 0.000000 
-11.324871 102.595123 1.340638 7.867478 2.898120 8.940631 -0.000005 10.181585 0.131520 -2.305020 -0.531046 -1.614953 -4.635924 -1.026642 -1.125451 -4.642600 -0.995757 -1.124454 0.000002 16.740395 -2.049034 1.761350 1.246959 1.307714 -0.000001 9.617887 1.685004 16.290669 9.064737 -10.581583 0.000005 22.037354 7.501096 -0.000003 -0.000000 -0.000000 -4.569967 11.014917 -2.160884 0.311983 -11.867193 7.607323 -61.412908 26.694790 17.461080 -0.000015 28.813969 -0.000011 -16.584066 14.716334 -33.943120 -2.464793 -1.573975 2.681846 -1.619249 -4.333948 -6.744820 4.223205 -7.640271 -0.059993 -1.560135 0.883064 -1.926123 -0.000002 0.000002 0.000002 -9.108276 -0.517870 2.259823 -0.000000 -0.018790 0.000099 0.000000 0.029297 0.000001 0.000001 -0.010101 -0.000002 0.000002 -0.000004 0.000001 -9.532499 -0.000049 -0.000028 -0.000000 -0.057490 0.000099 0.000000 0.097395 0.000025 -0.000001 -0.036895 -0.000003 -0.000000 -0.000006 0.000002 -9.103584 -0.043075 -1.865151 -0.000000 0.017912 -0.000002 0.000001 -0.025406 0.000043 -0.000000 -0.012901 -0.000004 -0.000000 0.000003 0.000001 -8.076677 -0.486704 -3.806284 -0.000001 0.059612 -0.000501 -0.000000 0.096996 0.000001 0.000000 -0.056900 0.000001 -0.000000 -0.000000 -0.000001 4.570446 11.014708 -2.160855 -0.012383 7.658153 -7.981022 20.566813 -22.586957 -57.725972 -0.000011 -13.604600 -0.000011 -3.314100 -10.796510 15.045416 2.466130 -1.576205 2.681739 -1.336442 4.338055 6.279189 3.576457 7.070876 0.589257 -0.821928 0.916473 2.391506 -0.000000 0.000002 0.000000 9.109287 -0.518049 2.259875 0.000012 -0.005099 0.000106 -0.000001 0.012004 -0.000002 0.000001 -0.007605 0.000005 -0.000001 0.000001 -0.000008 9.533381 0.000037 0.000049 0.000003 -0.005524 0.015981 -0.000002 0.004328 -0.015979 0.000003 0.002401 -0.000003 0.000002 -0.000005 0.000002 9.104510 -0.043024 -1.865069 0.000011 0.000701 0.000109 0.000001 0.000001 -0.000001 0.000000 0.000004 -0.000005 0.000000 -0.000003 0.000000 8.077771 -0.486873 -3.806252 -0.020175 4.288549 0.510635 -0.016178 -4.078361 -0.510901 -0.000001 -0.007701 -0.000003 0.000003 -0.000001 -0.000006 -8.207787 -6.751666 -1.599563 -9.433331 -4.142179 -13.276218 12.530905 -10.322461 -7.144682 -10.420278 -2.916213 13.000947 -0.868590 0.000011 -0.000003 0.000000 0.000000 -0.000000 8.207791 -6.751697 -1.599558 -14.465456 22.256846 9.350711 4.132508 -4.393493 3.767549 38.951999 -5.298827 -17.113703 -32.791865 0.106003 -2.371931 -0.000000 0.000000 0.000000 
-11.324871 102.595123 1.340638 7.867478 2.898120 8.940631 -0.000005 10.181585 0.131520 -2.305020 -0.531046 -1.614953 -4.635924 -1.026642 -1.125451 -4.642600 -0.995757 -1.124454 0.000002 16.740395 -2.049034 1.761350 1.246959 1.307714 -0.000001 9.617887 1.685004 16.290669 9.064737 -10.581583 0.000005 22.037354 7.501096 -0.000003 -0.000000 -0.000000 -4.569967 11.014917 -2.160884 0.311983 -11.867193 7.607323 -61.412908 26.694790 17.461080 -0.000015 28.813969 -0.000011 -16.584066 14.716334 -33.943120 -2.464793 -1.573975 2.681846 -1.619249 -4.333948 -6.744820 4.223205 -7.640271 -0.059993 -1.560135 0.883064 -1.926123 -0.000002 0.000002 0.000002 -9.108276 -0.517870 2.259823 -0.000000 -0.018790 0.000099 0.000000 0.029297 0.000001 0.000001 -0.010101 -0.000002 0.000002 -0.000004 0.000001 -9.532499 -0.000049 -0.000028 -0.000000 -0.057490 0.000099 0.000000 0.097395 0.000025 -0.000001 -0.036895 -0.000003 -0.000000 -0.000006 0.000002 -9.103584 -0.043075 -1.865151 -0.000000 0.017912 -0.000002 0.000001 -0.025406 0.000043 -0.000000 -0.012901 -0.000004 -0.000000 0.000003 0.000001 -8.076677 -0.486704 -3.806284 -0.000001 0.059612 -0.000501 -0.000000 0.096996 0.000001 0.000000 -0.056900 0.000001 -0.000000 -0.000000 -0.000001 4.570446 11.014708 -2.160855 -0.012383 7.658153 -7.981022 20.566813 -22.586957 -57.725972 -0.000011 -13.604600 -0.000011 -3.314100 -10.796510 15.045416 2.466130 -1.576205 2.681739 -1.336442 4.338055 6.279189 3.576457 7.070876 0.589257 -0.821928 0.916473 2.391506 -0.000000 0.000002 0.000000 9.109287 -0.518049 2.259875 0.000012 -0.005099 0.000106 -0.000001 0.012004 -0.000002 0.000001 -0.007605 0.000005 -0.000001 0.000001 -0.000008 9.533381 0.000037 0.000049 0.000003 -0.005524 0.015981 -0.000002 0.004328 -0.015979 0.000003 0.002401 -0.000003 0.000002 -0.000005 0.000002 9.104510 -0.043024 -1.865069 0.000011 0.000701 0.000109 0.000001 0.000001 -0.000001 0.000000 0.000004 -0.000005 0.000000 -0.000003 0.000000 8.077771 -0.486873 -3.806252 -0.020175 4.288549 0.510635 -0.016178 -4.078361 -0.510901 -0.000001 -0.007701 -0.000003 0.000003 -0.000001 -0.000006 -8.207787 -6.751666 -1.599563 -9.433331 -4.142179 -13.276218 12.530905 -10.322461 -7.144682 -10.420278 -2.916213 13.000947 -0.868590 0.000011 -0.000003 0.000000 0.000000 -0.000000 8.207791 -6.751697 -1.599558 -14.465456 22.256846 9.350711 4.132508 -4.393493 3.767549 38.951999 -5.298827 -17.113703 -32.791865 0.106003 -2.371931 -0.000000 0.000000 0.000000 
-11.324871 102.595123 1.340638 7.867478 2.898120 8.940631 -0.000005 10.181585 0.131520 -2.305020 -0.531046 -1.614953 -4.635924 -1.026642 -1.125451 -4.642600 -0.995757 -1.124454 0.000002 16.740395 -2.049034 1.761350 1.246959 1.307714 -0.000001 9.617887 1.685004 16.290669 9.064737 -10.581583 0.000005 22.037354 7.501096 -0.000003 -0.000000 -0.000000 -4.569967 11.014917 -2.160884 0.311983 -11.867193 7.607323 -61.412908 26.694790 17.461080 -0.000015 28.813969 -0.000011 -16.584066 14.716334 -33.943120 -2.464793 -1.573975 2.681846 -1.619249 -4.333948 -6.744820 4.223205 -7.640271 -0.059993 -1.560135 0.883064 -1.926123 -0.000002 0.000002 0.000002 -9.108276 -0.517870 2.259823 -0.000000 -0.018790 0.000099 0.000000 0.029297 0.000001 0.000001 -0.010101 -0.000002 0.000002 -0.000004 0.000001 -9.532499 -0.000049 -0.000028 -0.000000 -0.057490 0.000099 0.000000 0.097395 0.000025 -0.000001 -0.036895 -0.000003 -0.000000 -0.000006 0.000002 -9.103584 -0.043075 -1.865151 -0.000000 0.017912 -0.000002 0.000001 -0.025406 0.000043 -0.000000 -0.012901 -0.000004 -0.000000 0.000003 0.000001 -8.076677 -0.486704 -3.806284 -0.000001 0.059612 -0.000501 -0.000000 0.096996 0.000001 0.000000 -0.056900 0.000001 -0.000000 -0.000000 -0.000001 4.570446 11.014708 -2.160855 -0.012383 7.658153 -7.981022 20.566813 -22.586957 -57.725972 -0.000011 -13.604600 -0.000011 -3.314100 -10.796510 15.045416 2.466130 -1.576205 2.681739 -1.336442 4.338055 6.279189 3.576457 7.070876 0.589257 -0.821928 0.916473 2.391506 -0.000000 0.000002 0.000000 9.109287 -0.518049 2.259875 0.000012 -0.005099 0.000106 -0.000001 0.012004 -0.000002 0.000001 -0.007605 0.000005 -0.000001 0.000001 -0.000008 9.533381 0.000037 0.000049 0.000003 -0.005524 0.015981 -0.000002 0.004328 -0.015979 0.000003 0.002401 -0.000003 0.000002 -0.000005 0.000002 9.104510 -0.043024 -1.865069 0.000011 0.000701 0.000109 0.000001 0.000001 -0.000001 0.000000 0.000004 -0.000005 0.000000 -0.000003 0.000000 8.077771 -0.486873 -3.806252 -0.020175 4.288549 0.510635 -0.016178 -4.078361 -0.510901 -0.000001 -0.007701 -0.000003 0.000003 -0.000001 -0.000006 -8.207787 -6.751666 -1.599563 -9.433331 -4.142179 -13.276218 12.530905 -10.322461 -7.144682 -10.420278 -2.916213 13.000947 -0.868590 0.000011 -0.000003 0.000000 0.000000 -0.000000 8.207791 -6.751697 -1.599558 -14.465456 22.256846 9.350711 4.132508 -4.393493 3.767549 38.951999 -5.298827 -17.113703 -32.791865 0.106003 -2.371931 -0.000000 0.000000 0.000000 
-11.324871 102.595123 1.340638 7.867478 2.898120 8.940631 -0.000005 10.181585 0.131520 -2.305020 -0.531046 -1.614953 -4.635924 -1.026642 -1.125451 -4.642600 -0.995757 -1.124454 0.000002 16.740395 -2.049034 1.761350 1.246959 1.307714 -0.000001 9.617887 1.685004 16.290669 9.064737 -10.581583 0.000005 22.037354 7.501096 -0.000003 -0.000000 -0.000000 -4.569967 11.014917 -2.160884 0.311983 -11.867193 7.607323 -61.412908 26.694790 17.461080 -0.000015 28.813969 -0.000011 -16.584066 14.716334 -33.943120 -2.464793 -1.573975 2.681846 -1.619249 -4.333948 -6.744820 4.223205 -7.640271 -0.059993 -1.560135 0.883064 -1.926123 -0.000002 0.000002 0.000002 -9.108276 -0.517870 2.259823 -0.000000 -0.018790 0.000099 0.000000 0.029297 0.000001 0.000001 -0.010101 -0.000002 0.000002 -0.000004 0.000001 -9.532499 -0.000049 -0.000028 -0.000000 -0.057490 0.000099 0.000000 0.097395 0.000025 -0.000001 -0.036895 -0.000003 -0.000000 -0.000006 0.000002 -9.103584 -0.043075 -1.865151 -0.000000 0.017912 -0.000002 0.000001 -0.025406 0.000043 -0.000000 -0.012901 -0.000004 -0.000000 0.000003 0.000001 -8.076677 -0.486704 -3.806284 -0.000001 0.059612 -0.000501 -0.000000 0.096996 0.000001 0.000000 -0.056900 0.000001 -0.000000 -0.000000 -0.000001 4.570446 11.014708 -2.160855 -0.012383 7.658153 -7.981022 20.566813 -22.586957 -57.725972 -0.000011 -13.604600 -0.000011 -3.314100 -10.796510 15.045416 2.466130 -1.576205 2.681739 -1.336442 4.338055 6.279189 3.576457 7.070876 0.589257 -0.821928 0.916473 2.391506 -0.000000 0.000002 0.000000 9.109287 -0.518049 2.259875 0.000012 -0.005099 0.000106 -0.000001 0.012004 -0.000002 0.000001 -0.007605 0.000005 -0.000001 0.000001 -0.000008 9.533381 0.000037 0.000049 0.000003 -0.005524 0.015981 -0.000002 0.004328 -0.015979 0.000003 0.002401 -0.000003 0.000002 -0.000005 0.000002 9.104510 -0.043024 -1.865069 0.000011 0.000701 0.000109 0.000001 0.000001 -0.000001 0.000000 0.000004 -0.000005 0.000000 -0.000003 0.000000 8.077771 -0.486873 -3.806252 -0.020175 4.288549 0.510635 -0.016178 -4.078361 -0.510901 -0.000001 -0.007701 -0.000003 0.000003 -0.000001 -0.000006 -8.207787 -6.751666 -1.599563 -9.433331 -4.142179 -13.276218 12.530905 -10.322461 -7.144682 -10.420278 -2.916213 13.000947 -0.868590 0.000011 -0.000003 0.000000 0.000000 -0.000000 8.207791 -6.751697 -1.599558 -14.465456 22.256846 9.350711 4.132508 -4.393493 3.767549 38.951999 -5.298827 -17.113703 -32.791865 0.106003 -2.371931 -0.000000 0.000000 0.000000 
-11.324871 102.595123 1.340638 7.867478 2.898120 8.940631 -0.000005 10.181585 0.131520 -2.305020 -0.531046 -1.614953 -4.635924 -1.026642 -1.125451 -4.642600 -0.995757 -1.124454 0.000002 16.740395 -2.049034 1.761350 1.246959 1.307714 -0.000001 9.617887 1.685004 16.290669 9.064737 -10.581583 0.000005 22.037354 7.501096 -0.000003 -0.000000 -0.000000 -4.569967 11.014917 -2.160884 0.311983 -11.867193 7.607323 -61.412908 26.694790 17.461080 -0.000015 28.813969 -0.000011 -16.584066 14.716334 -33.943120 -2.464793 -1.573975 2.681846 -1.619249 -4.333948 -6.744820 4.223205 -7.640271 -0.059993 -1.560135 0.883064 -1.926123 -0.000002 0.000002 0.000002 -9.108276 -0.517870 2.259823 -0.000000 -0.018790 0.000099 0.000000 0.029297 0.000001 0.000001 -0.010101 -0.000002 0.000002 -0.000004 0.000001 -9.532499 -0.000049 -0.000028 -0.000000 -0.057490 0.000099 0.000000 0.097395 0.000025 -0.000001 -0.036895 -0.000003 -0.000000 -0.000006 0.000002 -9.103584 -0.043075 -1.865151 -0.000000 0.017912 -0.000002 0.000001 -0.025406 0.000043 -0.000000 -0.012901 -0.000004 -0.000000 0.000003 0.000001 -8.076677 -0.486704 -3.806284 -0.000001 0.059612 -0.000501 -0.000000 0.096996 0.000001 0.000000 -0.056900 0.000001 -0.000000 -0.000000 -0.000001 4.570446 11.014708 -2.160855 -0.012383 7.658153 -7.981022 20.566813 -22.586957 -57.725972 -0.000011 -13.604600 -0.000011 -3.314100 -10.796510 15.045416 2.466130 -1.576205 2.681739 -1.336442 4.338055 6.279189 3.576457 7.070876 0.589257 -0.821928 0.916473 2.391506 -0.000000 0.000002 0.000000 9.109287 -0.518049 2.259875 0.000012 -0.005099 0.000106 -0.000001 0.012004 -0.000002 0.000001 -0.007605 0.000005 -0.000001 0.000001 -0.000008 9.533381 0.000037 0.000049 0.000003 -0.005524 0.015981 -0.000002 0.004328 -0.015979 0.000003 0.002401 -0.000003 0.000002 -0.000005 0.000002 9.104510 -0.043024 -1.865069 0.000011 0.000701 0.000109 0.000001 0.000001 -0.000001 0.000000 0.000004 -0.000005 0.000000 -0.000003 0.000000 8.077771 -0.486873 -3.806252 -0.020175 4.288549 0.510635 -0.016178 -4.078361 -0.510901 -0.000001 -0.007701 -0.000003 0.000003 -0.000001 -0.000006 -8.207787 -6.751666 -1.599563 -9.433331 -4.142179 -13.276218 12.530905 -10.322461 -7.144682 -10.420278 -2.916213 13.000947 -0.868590 0.000011 -0.000003 0.000000 0.000000 -0.000000 8.207791 -6.751697 -1.599558 -14.465456 22.256846 9.350711 4.132508 -4.393493 3.767549 38.951999 -5.298827 -17.113703 -32.791865 0.106003 -2.371931 -0.000000 0.000000 0.000000 
-11.324871 102.595123 1.340638 7.867478 2.898120 8.940631 -0.000005 10.181585 0.131520 -2.305020 -0.531046 -1.614953 -4.635924 -1.026642 -1.125451 -4.642600 -0.995757 -1.124454 0.000002 16.740395 -2.049034 1.761350 1.246959 1.307714 -0.000001 9.617887 1.685004 16.290669 9.064737 -10.581583 0.000005 22.037354 7.501096 -0.000003 -0.000000 -0.000000 -4.569967 11.014917 -2.160884 0.311983 -11.867193 7.607323 -61.412908 26.694790 17.461080 -0.000015 28.813969 -0.000011 -16.584066 14.716334 -33.943120 -2.464793 -1.573975 2.681846 -1.619249 -4.333948 -6.744820 4.223205 -7.640271 -0.059993 -1.560135 0.883064 -1.926123 -0.000002 0.000002 0.000002 -9.108276 -0.517870 2.259823 -0.000000 -0.018790 0.000099 0.000000 0.029297 0.000001 0.000001 -0.010101 -0.000002 0.000002 -0.000004 0.000001 -9.532499 -0.000049 -0.000028 -0.000000 -0.057490 0.000099 0.000000 0.097395 0.000025 -0.000001 -0.036895 -0.000003 -0.000000 -0.000006 0.000002 -9.103584 -0.043075 -1.865151 -0.000000 0.017912 -0.000002 0.000001 -0.025406 0.000043 -0.000000 -0.012901 -0.000004 -0.000000 0.000003 0.000001 -8.076677 -0.486704 -3.806284 -0.000001 0.059612 -0.000501 -0.000000 0.096996 0.000001 0.000000 -0.056900 0.000001 -0.000000 -0.000000 -0.000001 4.570446 11.014708 -2.160855 -0.012383 7.658153 -7.981022 20.566813 -22.586957 -57.725972 -0.000011 -13.604600 -0.000011 -3.314100 -10.796510 15.045416 2.466130 -1.576205 2.681739 -1.336442 4.338055 6.279189 3.576457 7.070876 0.589257 -0.821928 0.916473 2.391506 -0.000000 0.000002 0.000000 9.109287 -0.518049 2.259875 0.000012 -0.005099 0.000106 -0.000001 0.012004 -0.000002 0.000001 -0.007605 0.000005 -0.000001 0.000001 -0.000008 9.533381 0.000037 0.000049 0.000003 -0.005524 0.015981 -0.000002 0.004328 -0.015979 0.000003 0.002401 -0.000003 0.000002 -0.000005 0.000002 9.104510 -0.043024 -1.865069 0.000011 0.000701 0.000109 0.000001 0.000001 -0.000001 0.000000 0.000004 -0.000005 0.000000 -0.000003 0.000000 8.077771 -0.486873 -3.806252 -0.020175 4.288549 0.510635 -0.016178 -4.078361 -0.510901 -0.000001 -0.007701 -0.000003 0.000003 -0.000001 -0.000006 -8.207787 -6.751666 -1.599563 -9.433331 -4.142179 -13.276218 12.530905 -10.322461 -7.144682 -10.420278 -2.916213 13.000947 -0.868590 0.000011 -0.000003 0.000000 0.000000 -0.000000 8.207791 -6.751697 -1.599558 -14.465456 22.256846 9.350711 4.132508 -4.393493 3.767549 38.951999 -5.298827 -17.113703 -32.791865 0.106003 -2.371931 -0.000000 0.000000 0.000000 
-11.324871 102.595123 1.340638 7.867478 2.898120 8.940631 -0.000005 10.181585 0.131520 -2.305020 -0.531046 -1.614953 -4.635924 -1.026642 -1.125451 -4.642600 -0.995757 -1.124454 0.000002 16.740395 -2.049034 1.761350 1.246959 1.307714 -0.000001 9.617887 1.685004 16.290669 9.064737 -10.581583 0.000005 22.037354 7.501096 -0.000003 -0.000000 -0.000000 -4.569967 11.014917 -2.160884 0.311983 -11.867193 7.607323 -61.412908 26.694790 17.461080 -0.000015 28.813969 -0.000011 -16.584066 14.716334 -33.943120 -2.464793 -1.573975 2.681846 -1.619249 -4.333948 -6.744820 4.223205 -7.640271 -0.059993 -1.560135 0.883064 -1.926123 -0.000002 0.000002 0.000002 -9.108276 -0.517870 2.259823 -0.000000 -0.018790 0.000099 0.000000 0.029297 0.000001 0.000001 -0.010101 -0.000002 0.000002 -0.000004 0.000001 -9.532499 -0.000049 -0.000028 -0.000000 -0.057490 0.000099 0.000000 0.097395 0.000025 -0.000001 -0.036895 -0.000003 -0.000000 -0.000006 0.000002 -9.103584 -0.043075 -1.865151 -0.000000 0.017912 -0.000002 0.000001 -0.025406 0.000043 -0.000000 -0.012901 -0.000004 -0.000000 0.000003 0.000001 -8.076677 -0.486704 -3.806284 -0.000001 0.059612 -0.000501 -0.000000 0.096996 0.000001 0.000000 -0.056900 0.000001 -0.000000 -0.000000 -0.000001 4.570446 11.014708 -2.160855 -0.012383 7.658153 -7.981022 20.566813 -22.586957 -57.725972 -0.000011 -13.604600 -0.000011 -3.314100 -10.796510 15.045416 2.466130 -1.576205 2.681739 -1.336442 4.338055 6.279189 3.576457 7.070876 0.589257 -0.821928 0.916473 2.391506 -0.000000 0.000002 0.000000 9.109287 -0.518049 2.259875 0.000012 -0.005099 0.000106 -0.000001 0.012004 -0.000002 0.000001 -0.007605 0.000005 -0.000001 0.000001 -0.000008 9.533381 0.000037 0.000049 0.000003 -0.005524 0.015981 -0.000002 0.004328 -0.015979 0.000003 0.002401 -0.000003 0.000002 -0.000005 0.000002 9.104510 -0.043024 -1.865069 0.000011 0.000701 0.000109 0.000001 0.000001 -0.000001 0.000000 0.000004 -0.000005 0.000000 -0.000003 0.000000 8.077771 -0.486873 -3.806252 -0.020175 4.288549 0.510635 -0.016178 -4.078361 -0.510901 -0.000001 -0.007701 -0.000003 0.000003 -0.000001 -0.000006 -8.207787 -6.751666 -1.599563 -9.433331 -4.142179 -13.276218 12.530905 -10.322461 -7.144682 -10.420278 -2.916213 13.000947 -0.868590 0.000011 -0.000003 0.000000 0.000000 -0.000000 8.207791 -6.751697 -1.599558 -14.465456 22.256846 9.350711 4.132508 -4.393493 3.767549 38.951999 -5.298827 -17.113703 -32.791865 0.106003 -2.371931 -0.000000 0.000000 0.000000 
-11.324871 102.595123 1.340638 7.867478 2.898120 8.940631 -0.000005 10.181585 0.131520 -2.305020 -0.531046 -1.614953 -4.635924 -1.026642 -1.125451 -4.642600 -0.995757 -1.124454 0.000002 16.740395 -2.049034 1.761350 1.246959 1.307714 -0.000001 9.617887 1.685004 16.290669 9.064737 -10.581583 0.000005 22.037354 7.501096 -0.000003 -0.000000 -0.000000 -4.569967 11.014917 -2.160884 0.311983 -11.867193 7.607323 -61.412908 26.694790 17.461080 -0.000015 28.813969 -0.000011 -16.584066 14.716334 -33.943120 -2.464793 -1.573975 2.681846 -1.619249 -4.333948 -6.744820 4.223205 -7.640271 -0.059993 -1.560135 0.883064 -1.926123 -0.000002 0.000002 0.000002 -9.108276 -0.517870 2.259823 -0.000000 -0.018790 0.000099 0.000000 0.029297 0.000001 0.000001 -0.010101 -0.000002 0.000002 -0.000004 0.000001 -9.532499 -0.000049 -0.000028 -0.000000 -0.057490 0.000099 0.000000 0.097395 0.000025 -0.000001 -0.036895 -0.000003 -0.000000 -0.000006 0.000002 -9.103584 -0.043075 -1.865151 -0.000000 0.017912 -0.000002 0.000001 -0.025406 0.000043 -0.000000 -0.012901 -0.000004 -0.000000 0.000003 0.000001 -8.076677 -0.486704 -3.806284 -0.000001 0.059612 -0.000501 -0.000000 0.096996 0.000001 0.000000 -0.056900 0.000001 -0.000000 -0.000000 -0.000001 4.570446 11.014708 -2.160855 -0.012383 7.658153 -7.981022 20.566813 -22.586957 -57.725972 -0.000011 -13.604600 -0.000011 -3.314100 -10.796510 15.045416 2.466130 -1.576205 2.681739 -1.336442 4.338055 6.279189 3.576457 7.070876 0.589257 -0.821928 0.916473 2.391506 -0.000000 0.000002 0.000000 9.109287 -0.518049 2.259875 0.000012 -0.005099 0.000106 -0.000001 0.012004 -0.000002 0.000001 -0.007605 0.000005 -0.000001 0.000001 -0.000008 9.533381 0.000037 0.000049 0.000003 -0.005524 0.015981 -0.000002 0.004328 -0.015979 0.000003 0.002401 -0.000003 0.000002 -0.000005 0.000002 9.104510 -0.043024 -1.865069 0.000011 0.000701 0.000109 0.000001 0.000001 -0.000001 0.000000 0.000004 -0.000005 0.000000 -0.000003 0.000000 8.077771 -0.486873 -3.806252 -0.020175 4.288549 0.510635 -0.016178 -4.078361 -0.510901 -0.000001 -0.007701 -0.000003 0.000003 -0.000001 -0.000006 -8.207787 -6.751666 -1.599563 -9.433331 -4.142179 -13.276218 12.530905 -10.322461 -7.144682 -10.420278 -2.916213 13.000947 -0.868590 0.000011 -0.000003 0.000000 0.000000 -0.000000 8.207791 -6.751697 -1.599558 -14.465456 22.256846 9.350711 4.132508 -4.393493 3.767549 38.951999 -5.298827 -17.113703 -32.791865 0.106003 -2.371931 -0.000000 0.000000 0.000000 
-11.324871 102.595123 1.340638 7.867478 2.898120 8.940631 -0.000005 10.181585 0.131520 -2.305020 -0.531046 -1.614953 -4.635924 -1.026642 -1.125451 -4.642600 -0.995757 -1.124454 0.000002 16.740395 -2.049034 1.761350 1.246959 1.307714 -0.000001 9.617887 1.685004 16.290669 9.064737 -10.581583 0.000005 22.037354 7.501096 -0.000003 -0.000000 -0.000000 -4.569967 11.014917 -2.160884 0.311983 -11.867193 7.607323 -61.412908 26.694790 17.461080 -0.000015 28.813969 -0.000011 -16.584066 14.716334 -33.943120 -2.464793 -1.573975 2.681846 -1.619249 -4.333948 -6.744820 4.223205 -7.640271 -0.059993 -1.560135 0.883064 -1.926123 -0.000002 0.000002 0.000002 -9.108276 -0.517870 2.259823 -0.000000 -0.018790 0.000099 0.000000 0.029297 0.000001 0.000001 -0.010101 -0.000002 0.000002 -0.000004 0.000001 -9.532499 -0.000049 -0.000028 -0.000000 -0.057490 0.000099 0.000000 0.097395 0.000025 -0.000001 -0.036895 -0.000003 -0.000000 -0.000006 0.000002 -9.103584 -0.043075 -1.865151 -0.000000 0.017912 -0.000002 0.000001 -0.025406 0.000043 -0.000000 -0.012901 -0.000004 -0.000000 0.000003 0.000001 -8.076677 -0.486704 -3.806284 -0.000001 0.059612 -0.000501 -0.000000 0.096996 0.000001 0.000000 -0.056900 0.000001 -0.000000 -0.000000 -0.000001 4.570446 11.014708 -2.160855 -0.012383 7.658153 -7.981022 20.566813 -22.586957 -57.725972 -0.000011 -13.604600 -0.000011 -3.314100 -10.796510 15.045416 2.466130 -1.576205 2.681739 -1.336442 4.338055 6.279189 3.576457 7.070876 0.589257 -0.821928 0.916473 2.391506 -0.000000 0.000002 0.000000 9.109287 -0.518049 2.259875 0.000012 -0.005099 0.000106 -0.000001 0.012004 -0.000002 0.000001 -0.007605 0.000005 -0.000001 0.000001 -0.000008 9.533381 0.000037 0.000049 0.000003 -0.005524 0.015981 -0.000002 0.004328 -0.015979 0.000003 0.002401 -0.000003 0.000002 -0.000005 0.000002 9.104510 -0.043024 -1.865069 0.000011 0.000701 0.000109 0.000001 0.000001 -0.000001 0.000000 0.000004 -0.000005 0.000000 -0.000003 0.000000 8.077771 -0.486873 -3.806252 -0.020175 4.288549 0.510635 -0.016178 -4.078361 -0.510901 -0.000001 -0.007701 -0.000003 0.000003 -0.000001 -0.000006 -8.207787 -6.751666 -1.599563 -9.433331 -4.142179 -13.276218 12.530905 -10.322461 -7.144682 -10.420278 -2.916213 13.000947 -0.868590 0.000011 -0.000003 0.000000 0.000000 -0.000000 8.207791 -6.751697 -1.599558 -14.465456 22.256846 9.350711 4.132508 -4.393493 3.767549 38.951999 -5.298827 -17.113703 -32.791865 0.106003 -2.371931 -0.000000 0.000000 0.000000 
-11.324871 102.595123 1.340638 7.867478 2.898120 8.940631 -0.000005 10.181585 0.131520 -2.305020 -0.531046 -1.614953 -4.635924 -1.026642 -1.125451 -4.642600 -0.995757 -1.124454 0.000002 16.740395 -2.049034 1.761350 1.246959 1.307714 -0.000001 9.617887 1.685004 16.290669 9.064737 -10.581583 0.000005 22.037354 7.501096 -0.000003 -0.000000 -0.000000 -4.569967 11.014917 -2.160884 0.311983 -11.867193 7.607323 -61.412908 26.694790 17.461080 -0.000015 28.813969 -0.000011 -16.584066 14.716334 -33.943120 -2.464793 -1.573975 2.681846 -1.619249 -4.333948 -6.744820 4.223205 -7.640271 -0.059993 -1.560135 0.883064 -1.926123 -0.000002 0.000002 0.000002 -9.108276 -0.517870 2.259823 -0.000000 -0.018790 0.000099 0.000000 0.029297 0.000001 0.000001 -0.010101 -0.000002 0.000002 -0.000004 0.000001 -9.532499 -0.000049 -0.000028 -0.000000 -0.057490 0.000099 0.000000 0.097395 0.000025 -0.000001 -0.036895 -0.000003 -0.000000 -0.000006 0.000002 -9.103584 -0.043075 -1.865151 -0.000000 0.017912 -0.000002 0.000001 -0.025406 0.000043 -0.000000 -0.012901 -0.000004 -0.000000 0.000003 0.000001 -8.076677 -0.486704 -3.806284 -0.000001 0.059612 -0.000501 -0.000000 0.096996 0.000001 0.000000 -0.056900 0.000001 -0.000000 -0.000000 -0.000001 4.570446 11.014708 -2.160855 -0.012383 7.658153 -7.981022 20.566813 -22.586957 -57.725972 -0.000011 -13.604600 -0.000011 -3.314100 -10.796510 15.045416 2.466130 -1.576205 2.681739 -1.336442 4.338055 6.279189 3.576457 7.070876 0.589257 -0.821928 0.916473 2.391506 -0.000000 0.000002 0.000000 9.109287 -0.518049 2.259875 0.000012 -0.005099 0.000106 -0.000001 0.012004 -0.000002 0.000001 -0.007605 0.000005 -0.000001 0.000001 -0.000008 9.533381 0.000037 0.000049 0.000003 -0.005524 0.015981 -0.000002 0.004328 -0.015979 0.000003 0.002401 -0.000003 0.000002 -0.000005 0.000002 9.104510 -0.043024 -1.865069 0.000011 0.000701 0.000109 0.000001 0.000001 -0.000001 0.000000 0.000004 -0.000005 0.000000 -0.000003 0.000000 8.077771 -0.486873 -3.806252 -0.020175 4.288549 0.510635 -0.016178 -4.078361 -0.510901 -0.000001 -0.007701 -0.000003 0.000003 -0.000001 -0.000006 -8.207787 -6.751666 -1.599563 -9.433331 -4.142179 -13.276218 12.530905 -10.322461 -7.144682 -10.420278 -2.916213 13.000947 -0.868590 0.000011 -0.000003 0.000000 0.000000 -0.000000 8.207791 -6.751697 -1.599558 -14.465456 22.256846 9.350711 4.132508 -4.393493 3.767549 38.951999 -5.298827 -17.113703 -32.791865 0.106003 -2.371931 -0.000000 0.000000 0.000000 
-11.324871 102.595123 1.340638 7.867478 2.898120 8.940631 -0.000005 10.181585 0.131520 -2.305020 -0.531046 -1.614953 -4.635924 -1.026642 -1.125451 -4.642600 -0.995757 -1.124454 0.000002 16.740395 -2.049034 1.761350 1.246959 1.307714 -0.000001 9.617887 1.685004 16.290669 9.064737 -10.581583 0.000005 22.037354 7.501096 -0.000003 -0.000000 -0.000000 -4.569967 11.014917 -2.160884 0.311983 -11.867193 7.607323 -61.412908 26.694790 17.461080 -0.000015 28.813969 -0.000011 -16.584066 14.716334 -33.943120 -2.464793 -1.573975 2.681846 -1.619249 -4.333948 -6.744820 4.223205 -7.640271 -0.059993 -1.560135 0.883064 -1.926123 -0.000002 0.000002 0.000002 -9.108276 -0.517870 2.259823 -0.000000 -0.018790 0.000099 0.000000 0.029297 0.000001 0.000001 -0.010101 -0.000002 0.000002 -0.000004 0.000001 -9.532499 -0.000049 -0.000028 -0.000000 -0.057490 0.000099 0.000000 0.097395 0.000025 -0.000001 -0.036895 -0.000003 -0.000000 -0.000006 0.000002 -9.103584 -0.043075 -1.865151 -0.000000 0.017912 -0.000002 0.000001 -0.025406 0.000043 -0.000000 -0.012901 -0.000004 -0.000000 0.000003 0.000001 -8.076677 -0.486704 -3.806284 -0.000001 0.059612 -0.000501 -0.000000 0.096996 0.000001 0.000000 -0.056900 0.000001 -0.000000 -0.000000 -0.000001 4.570446 11.014708 -2.160855 -0.012383 7.658153 -7.981022 20.566813 -22.586957 -57.725972 -0.000011 -13.604600 -0.000011 -3.314100 -10.796510 15.045416 2.466130 -1.576205 2.681739 -1.336442 4.338055 6.279189 3.576457 7.070876 0.589257 -0.821928 0.916473 2.391506 -0.000000 0.000002 0.000000 9.109287 -0.518049 2.259875 0.000012 -0.005099 0.000106 -0.000001 0.012004 -0.000002 0.000001 -0.007605 0.000005 -0.000001 0.000001 -0.000008 9.533381 0.000037 0.000049 0.000003 -0.005524 0.015981 -0.000002 0.004328 -0.015979 0.000003 0.002401 -0.000003 0.000002 -0.000005 0.000002 9.104510 -0.043024 -1.865069 0.000011 0.000701 0.000109 0.000001 0.000001 -0.000001 0.000000 0.000004 -0.000005 0.000000 -0.000003 0.000000 8.077771 -0.486873 -3.806252 -0.020175 4.288549 0.510635 -0.016178 -4.078361 -0.510901 -0.000001 -0.007701 -0.000003 0.000003 -0.000001 -0.000006 -8.207787 -6.751666 -1.599563 -9.433331 -4.142179 -13.276218 12.530905 -10.322461 -7.144682 -10.420278 -2.916213 13.000947 -0.868590 0.000011 -0.000003 0.000000 0.000000 -0.000000 8.207791 -6.751697 -1.599558 -14.465456 22.256846 9.350711 4.132508 -4.393493 3.767549 38.951999 -5.298827 -17.113703 -32.791865 0.106003 -2.371931 -0.000000 0.000000 0.000000 
-11.324871 102.595123 1.340638 7.867478 2.898120 8.940631 -0.000005 10.181585 0.131520 -2.305020 -0.531046 -1.614953 -4.635924 -1.026642 -1.125451 -4.642600 -0.995757 -1.124454 0.000002 16.740395 -2.049034 1.761350 1.246959 1.307714 -0.000001 9.617887 1.685004 16.290669 9.064737 -10.581583 0.000005 22.037354 7.501096 -0.000003 -0.000000 -0.000000 -4.569967 11.014917 -2.160884 0.311983 -11.867193 7.607323 -61.412908 26.694790 17.461080 -0.000015 28.813969 -0.000011 -16.584066 14.716334 -33.943120 -2.464793 -1.573975 2.681846 -1.619249 -4.333948 -6.744820 4.223205 -7.640271 -0.059993 -1.560135 0.883064 -1.926123 -0.000002 0.000002 0.000002 -9.108276 -0.517870 2.259823 -0.000000 -0.018790 0.000099 0.000000 0.029297 0.000001 0.000001 -0.010101 -0.000002 0.000002 -0.000004 0.000001 -9.532499 -0.000049 -0.000028 -0.000000 -0.057490 0.000099 0.000000 0.097395 0.000025 -0.000001 -0.036895 -0.000003 -0.000000 -0.000006 0.000002 -9.103584 -0.043075 -1.865151 -0.000000 0.017912 -0.000002 0.000001 -0.025406 0.000043 -0.000000 -0.012901 -0.000004 -0.000000 0.000003 0.000001 -8.076677 -0.486704 -3.806284 -0.000001 0.059612 -0.000501 -0.000000 0.096996 0.000001 0.000000 -0.056900 0.000001 -0.000000 -0.000000 -0.000001 4.570446 11.014708 -2.160855 -0.012383 7.658153 -7.981022 20.566813 -22.586957 -57.725972 -0.000011 -13.604600 -0.000011 -3.314100 -10.796510 15.045416 2.466130 -1.576205 2.681739 -1.336442 4.338055 6.279189 3.576457 7.070876 0.589257 -0.821928 0.916473 2.391506 -0.000000 0.000002 0.000000 9.109287 -0.518049 2.259875 0.000012 -0.005099 0.000106 -0.000001 0.012004 -0.000002 0.000001 -0.007605 0.000005 -0.000001 0.000001 -0.000008 9.533381 0.000037 0.000049 0.000003 -0.005524 0.015981 -0.000002 0.004328 -0.015979 0.000003 0.002401 -0.000003 0.000002 -0.000005 0.000002 9.104510 -0.043024 -1.865069 0.000011 0.000701 0.000109 0.000001 0.000001 -0.000001 0.000000 0.000004 -0.000005 0.000000 -0.000003 0.000000 8.077771 -0.486873 -3.806252 -0.020175 4.288549 0.510635 -0.016178 -4.078361 -0.510901 -0.000001 -0.007701 -0.000003 0.000003 -0.000001 -0.000006 -8.207787 -6.751666 -1.599563 -9.433331 -4.142179 -13.276218 12.530905 -10.322461 -7.144682 -10.420278 -2.916213 13.000947 -0.868590 0.000011 -0.000003 0.000000 0.000000 -0.000000 8.207791 -6.751697 -1.599558 -14.465456 22.256846 9.350711 4.132508 -4.393493 3.767549 38.951999 -5.298827 -17.113703 -32.791865 0.106003 -2.371931 -0.000000 0.000000 0.000000 
-11.324871 102.595123 1.340638 7.867478 2.898120 8.940631 -0.000005 10.181585 0.131520 -2.305020 -0.531046 -1.614953 -4.635924 -1.026642 -1.125451 -4.642600 -0.995757 -1.124454 0.000002 16.740395 -2.049034 1.761350 1.246959 1.307714 -0.000001 9.617887 1.685004 16.290669 9.064737 -10.581583 0.000005 22.037354 7.501096 -0.000003 -0.000000 -0.000000 -4.569967 11.014917 -2.160884 0.311983 -11.867193 7.607323 -61.412908 26.694790 17.461080 -0.000015 28.813969 -0.000011 -16.584066 14.716334 -33.943120 -2.464793 -1.573975 2.681846 -1.619249 -4.333948 -6.744820 4.223205 -7.640271 -0.059993 -1.560135 0.883064 -1.926123 -0.000002 0.000002 0.000002 -9.108276 -0.517870 2.259823 -0.000000 -0.018790 0.000099 0.000000 0.029297 0.000001 0.000001 -0.010101 -0.000002 0.000002 -0.000004 0.000001 -9.532499 -0.000049 -0.000028 -0.000000 -0.057490 0.000099 0.000000 0.097395 0.000025 -0.000001 -0.036895 -0.000003 -0.000000 -0.000006 0.000002 -9.103584 -0.043075 -1.865151 -0.000000 0.017912 -0.000002 0.000001 -0.025406 0.000043 -0.000000 -0.012901 -0.000004 -0.000000 0.000003 0.000001 -8.076677 -0.486704 -3.806284 -0.000001 0.059612 -0.000501 -0.000000 0.096996 0.000001 0.000000 -0.056900 0.000001 -0.000000 -0.000000 -0.000001 4.570446 11.014708 -2.160855 -0.012383 7.658153 -7.981022 20.566813 -22.586957 -57.725972 -0.000011 -13.604600 -0.000011 -3.314100 -10.796510 15.045416 2.466130 -1.576205 2.681739 -1.336442 4.338055 6.279189 3.576457 7.070876 0.589257 -0.821928 0.916473 2.391506 -0.000000 0.000002 0.000000 9.109287 -0.518049 2.259875 0.000012 -0.005099 0.000106 -0.000001 0.012004 -0.000002 0.000001 -0.007605 0.000005 -0.000001 0.000001 -0.000008 9.533381 0.000037 0.000049 0.000003 -0.005524 0.015981 -0.000002 0.004328 -0.015979 0.000003 0.002401 -0.000003 0.000002 -0.000005 0.000002 9.104510 -0.043024 -1.865069 0.000011 0.000701 0.000109 0.000001 0.000001 -0.000001 0.000000 0.000004 -0.000005 0.000000 -0.000003 0.000000 8.077771 -0.486873 -3.806252 -0.020175 4.288549 0.510635 -0.016178 -4.078361 -0.510901 -0.000001 -0.007701 -0.000003 0.000003 -0.000001 -0.000006 -8.207787 -6.751666 -1.599563 -9.433331 -4.142179 -13.276218 12.530905 -10.322461 -7.144682 -10.420278 -2.916213 13.000947 -0.868590 0.000011 -0.000003 0.000000 0.000000 -0.000000 8.207791 -6.751697 -1.599558 -14.465456 22.256846 9.350711 4.132508 -4.393493 3.767549 38.951999 -5.298827 -17.113703 -32.791865 0.106003 -2.371931 -0.000000 0.000000 0.000000 
-11.324871 102.595123 1.340638 7.867478 2.898120 8.940631 -0.000005 10.181585 0.131520 -2.305020 -0.531046 -1.614953 -4.635924 -1.026642 -1.125451 -4.642600 -0.995757 -1.124454 0.000002 16.740395 -2.049034 1.761350 1.246959 1.307714 -0.000001 9.617887 1.685004 16.290669 9.064737 -10.581583 0.000005 22.037354 7.501096 -0.000003 -0.000000 -0.000000 -4.569967 11.014917 -2.160884 0.311983 -11.867193 7.607323 -61.412908 26.694790 17.461080 -0.000015 28.813969 -0.000011 -16.584066 14.716334 -33.943120 -2.464793 -1.573975 2.681846 -1.619249 -4.333948 -6.744820 4.223205 -7.640271 -0.059993 -1.560135 0.883064 -1.926123 -0.000002 0.000002 0.000002 -9.108276 -0.517870 2.259823 -0.000000 -0.018790 0.000099 0.000000 0.029297 0.000001 0.000001 -0.010101 -0.000002 0.000002 -0.000004 0.000001 -9.532499 -0.000049 -0.000028 -0.000000 -0.057490 0.000099 0.000000 0.097395 0.000025 -0.000001 -0.036895 -0.000003 -0.000000 -0.000006 0.000002 -9.103584 -0.043075 -1.865151 -0.000000 0.017912 -0.000002 0.000001 -0.025406 0.000043 -0.000000 -0.012901 -0.000004 -0.000000 0.000003 0.000001 -8.076677 -0.486704 -3.806284 -0.000001 0.059612 -0.000501 -0.000000 0.096996 0.000001 0.000000 -0.056900 0.000001 -0.000000 -0.000000 -0.000001 4.570446 11.014708 -2.160855 -0.012383 7.658153 -7.981022 20.566813 -22.586957 -57.725972 -0.000011 -13.604600 -0.000011 -3.314100 -10.796510 15.045416 2.466130 -1.576205 2.681739 -1.336442 4.338055 6.279189 3.576457 7.070876 0.589257 -0.821928 0.916473 2.391506 -0.000000 0.000002 0.000000 9.109287 -0.518049 2.259875 0.000012 -0.005099 0.000106 -0.000001 0.012004 -0.000002 0.000001 -0.007605 0.000005 -0.000001 0.000001 -0.000008 9.533381 0.000037 0.000049 0.000003 -0.005524 0.015981 -0.000002 0.004328 -0.015979 0.000003 0.002401 -0.000003 0.000002 -0.000005 0.000002 9.104510 -0.043024 -1.865069 0.000011 0.000701 0.000109 0.000001 0.000001 -0.000001 0.000000 0.000004 -0.000005 0.000000 -0.000003 0.000000 8.077771 -0.486873 -3.806252 -0.020175 4.288549 0.510635 -0.016178 -4.078361 -0.510901 -0.000001 -0.007701 -0.000003 0.000003 -0.000001 -0.000006 -8.207787 -6.751666 -1.599563 -9.433331 -4.142179 -13.276218 12.530905 -10.322461 -7.144682 -10.420278 -2.916213 13.000947 -0.868590 0.000011 -0.000003 0.000000 0.000000 -0.000000 8.207791 -6.751697 -1.599558 -14.465456 22.256846 9.350711 4.132508 -4.393493 3.767549 38.951999 -5.298827 -17.113703 -32.791865 0.106003 -2.371931 -0.000000 0.000000 0.000000 
-11.324871 102.595123 1.340638 7.867478 2.898120 8.940631 -0.000005 10.181585 0.131520 -2.305020 -0.531046 -1.614953 -4.635924 -1.026642 -1.125451 -4.642600 -0.995757 -1.124454 0.000002 16.740395 -2.049034 1.761350 1.246959 1.307714 -0.000001 9.617887 1.685004 16.290669 9.064737 -10.581583 0.000005 22.037354 7.501096 -0.000003 -0.000000 -0.000000 -4.569967 11.014917 -2.160884 0.311983 -11.867193 7.607323 -61.412908 26.694790 17.461080 -0.000015 28.813969 -0.000011 -16.584066 14.716334 -33.943120 -2.464793 -1.573975 2.681846 -1.619249 -4.333948 -6.744820 4.223205 -7.640271 -0.059993 -1.560135 0.883064 -1.926123 -0.000002 0.000002 0.000002 -9.108276 -0.517870 2.259823 -0.000000 -0.018790 0.000099 0.000000 0.029297 0.000001 0.000001 -0.010101 -0.000002 0.000002 -0.000004 0.000001 -9.532499 -0.000049 -0.000028 -0.000000 -0.057490 0.000099 0.000000 0.097395 0.000025 -0.000001 -0.036895 -0.000003 -0.000000 -0.000006 0.000002 -9.103584 -0.043075 -1.865151 -0.000000 0.017912 -0.000002 0.000001 -0.025406 0.000043 -0.000000 -0.012901 -0.000004 -0.000000 0.000003 0.000001 -8.076677 -0.486704 -3.806284 -0.000001 0.059612 -0.000501 -0.000000 0.096996 0.000001 0.000000 -0.056900 0.000001 -0.000000 -0.000000 -0.000001 4.570446 11.014708 -2.160855 -0.012383 7.658153 -7.981022 20.566813 -22.586957 -57.725972 -0.000011 -13.604600 -0.000011 -3.314100 -10.796510 15.045416 2.466130 -1.576205 2.681739 -1.336442 4.338055 6.279189 3.576457 7.070876 0.589257 -0.821928 0.916473 2.391506 -0.000000 0.000002 0.000000 9.109287 -0.518049 2.259875 0.000012 -0.005099 0.000106 -0.000001 0.012004 -0.000002 0.000001 -0.007605 0.000005 -0.000001 0.000001 -0.000008 9.533381 0.000037 0.000049 0.000003 -0.005524 0.015981 -0.000002 0.004328 -0.015979 0.000003 0.002401 -0.000003 0.000002 -0.000005 0.000002 9.104510 -0.043024 -1.865069 0.000011 0.000701 0.000109 0.000001 0.000001 -0.000001 0.000000 0.000004 -0.000005 0.000000 -0.000003 0.000000 8.077771 -0.486873 -3.806252 -0.020175 4.288549 0.510635 -0.016178 -4.078361 -0.510901 -0.000001 -0.007701 -0.000003 0.000003 -0.000001 -0.000006 -8.207787 -6.751666 -1.599563 -9.433331 -4.142179 -13.276218 12.530905 -10.322461 -7.144682 -10.420278 -2.916213 13.000947 -0.868590 0.000011 -0.000003 0.000000 0.000000 -0.000000 8.207791 -6.751697 -1.599558 -14.465456 22.256846 9.350711 4.132508 -4.393493 3.767549 38.951999 -5.298827 -17.113703 -32.791865 0.106003 -2.371931 -0.000000 0.000000 0.000000 
-11.324871 102.595123 1.340638 7.867478 2.898120 8.940631 -0.000005 10.181585 0.131520 -2.305020 -0.531046 -1.614953 -4.635924 -1.026642 -1.125451 -4.642600 -0.995757 -1.124454 0.000002 16.740395 -2.049034 1.761350 1.246959 1.307714 -0.000001 9.617887 1.685004 16.290669 9.064737 -10.581583 0.000005 22.037354 7.501096 -0.000003 -0.000000 -0.000000 -4.569967 11.014917 -2.160884 0.311983 -11.867193 7.607323 -61.412908 26.694790 17.461080 -0.000015 28.813969 -0.000011 -16.584066 14.716334 -33.943120 -2.464793 -1.573975 2.681846 -1.619249 -4.333948 -6.744820 4.223205 -7.640271 -0.059993 -1.560135 0.883064 -1.926123 -0.000002 0.000002 0.000002 -9.108276 -0.517870 2.259823 -0.000000 -0.018790 0.000099 0.000000 0.029297 0.000001 0.000001 -0.010101 -0.000002 0.000002 -0.000004 0.000001 -9.532499 -0.000049 -0.000028 -0.000000 -0.057490 0.000099 0.000000 0.097395 0.000025 -0.000001 -0.036895 -0.000003 -0.000000 -0.000006 0.000002 -9.103584 -0.043075 -1.865151 -0.000000 0.017912 -0.000002 0.000001 -0.025406 0.000043 -0.000000 -0.012901 -0.000004 -0.000000 0.000003 0.000001 -8.076677 -0.486704 -3.806284 -0.000001 0.059612 -0.000501 -0.000000 0.096996 0.000001 0.000000 -0.056900 0.000001 -0.000000 -0.000000 -0.000001 4.570446 11.014708 -2.160855 -0.012383 7.658153 -7.981022 20.566813 -22.586957 -57.725972 -0.000011 -13.604600 -0.000011 -3.314100 -10.796510 15.045416 2.466130 -1.576205 2.681739 -1.336442 4.338055 6.279189 3.576457 7.070876 0.589257 -0.821928 0.916473 2.391506 -0.000000 0.000002 0.000000 9.109287 -0.518049 2.259875 0.000012 -0.005099 0.000106 -0.000001 0.012004 -0.000002 0.000001 -0.007605 0.000005 -0.000001 0.000001 -0.000008 9.533381 0.000037 0.000049 0.000003 -0.005524 0.015981 -0.000002 0.004328 -0.015979 0.000003 0.002401 -0.000003 0.000002 -0.000005 0.000002 9.104510 -0.043024 -1.865069 0.000011 0.000701 0.000109 0.000001 0.000001 -0.000001 0.000000 0.000004 -0.000005 0.000000 -0.000003 0.000000 8.077771 -0.486873 -3.806252 -0.020175 4.288549 0.510635 -0.016178 -4.078361 -0.510901 -0.000001 -0.007701 -0.000003 0.000003 -0.000001 -0.000006 -8.207787 -6.751666 -1.599563 -9.433331 -4.142179 -13.276218 12.530905 -10.322461 -7.144682 -10.420278 -2.916213 13.000947 -0.868590 0.000011 -0.000003 0.000000 0.000000 -0.000000 8.207791 -6.751697 -1.599558 -14.465456 22.256846 9.350711 4.132508 -4.393493 3.767549 38.951999 -5.298827 -17.113703 -32.791865 0.106003 -2.371931 -0.000000 0.000000 0.000000 
-11.324871 102.595123 1.340638 7.867478 2.898120 8.940631 -0.000005 10.181585 0.131520 -2.305020 -0.531046 -1.614953 -4.635924 -1.026642 -1.125451 -4.642600 -0.995757 -1.124454 0.000002 16.740395 -2.049034 1.761350 1.246959 1.307714 -0.000001 9.617887 1.685004 16.290669 9.064737 -10.581583 0.000005 22.037354 7.501096 -0.000003 -0.000000 -0.000000 -4.569967 11.014917 -2.160884 0.311983 -11.867193 7.607323 -61.412908 26.694790 17.461080 -0.000015 28.813969 -0.000011 -16.584066 14.716334 -33.943120 -2.464793 -1.573975 2.681846 -1.619249 -4.333948 -6.744820 4.223205 -7.640271 -0.059993 -1.560135 0.883064 -1.926123 -0.000002 0.000002 0.000002 -9.108276 -0.517870 2.259823 -0.000000 -0.018790 0.000099 0.000000 0.029297 0.000001 0.000001 -0.010101 -0.000002 0.000002 -0.000004 0.000001 -9.532499 -0.000049 -0.000028 -0.000000 -0.057490 0.000099 0.000000 0.097395 0.000025 -0.000001 -0.036895 -0.000003 -0.000000 -0.000006 0.000002 -9.103584 -0.043075 -1.865151 -0.000000 0.017912 -0.000002 0.000001 -0.025406 0.000043 -0.000000 -0.012901 -0.000004 -0.000000 0.000003 0.000001 -8.076677 -0.486704 -3.806284 -0.000001 0.059612 -0.000501 -0.000000 0.096996 0.000001 0.000000 -0.056900 0.000001 -0.000000 -0.000000 -0.000001 4.570446 11.014708 -2.160855 -0.012383 7.658153 -7.981022 20.566813 -22.586957 -57.725972 -0.000011 -13.604600 -0.000011 -3.314100 -10.796510 15.045416 2.466130 -1.576205 2.681739 -1.336442 4.338055 6.279189 3.576457 7.070876 0.589257 -0.821928 0.916473 2.391506 -0.000000 0.000002 0.000000 9.109287 -0.518049 2.259875 0.000012 -0.005099 0.000106 -0.000001 0.012004 -0.000002 0.000001 -0.007605 0.000005 -0.000001 0.000001 -0.000008 9.533381 0.000037 0.000049 0.000003 -0.005524 0.015981 -0.000002 0.004328 -0.015979 0.000003 0.002401 -0.000003 0.000002 -0.000005 0.000002 9.104510 -0.043024 -1.865069 0.000011 0.000701 0.000109 0.000001 0.000001 -0.000001 0.000000 0.000004 -0.000005 0.000000 -0.000003 0.000000 8.077771 -0.486873 -3.806252 -0.020175 4.288549 0.510635 -0.016178 -4.078361 -0.510901 -0.000001 -0.007701 -0.000003 0.000003 -0.000001 -0.000006 -8.207787 -6.751666 -1.599563 -9.433331 -4.142179 -13.276218 12.530905 -10.322461 -7.144682 -10.420278 -2.916213 13.000947 -0.868590 0.000011 -0.000003 0.000000 0.000000 -0.000000 8.207791 -6.751697 -1.599558 -14.465456 22.256846 9.350711 4.132508 -4.393493 3.767549 38.951999 -5.298827 -17.113703 -32.791865 0.106003 -2.371931 -0.000000 0.000000 0.000000 
-11.324871 102.595123 1.340638 7.867478 2.898120 8.940631 -0.000005 10.181585 0.131520 -2.305020 -0.531046 -1.614953 -4.635924 -1.026642 -1.125451 -4.642600 -0.995757 -1.124454 0.000002 16.740395 -2.049034 1.761350 1.246959 1.307714 -0.000001 9.617887 1.685004 16.290669 9.064737 -10.581583 0.000005 22.037354 7.501096 -0.000003 -0.000000 -0.000000 -4.569967 11.014917 -2.160884 0.311983 -11.867193 7.607323 -61.412908 26.694790 17.461080 -0.000015 28.813969 -0.000011 -16.584066 14.716334 -33.943120 -2.464793 -1.573975 2.681846 -1.619249 -4.333948 -6.744820 4.223205 -7.640271 -0.059993 -1.560135 0.883064 -1.926123 -0.000002 0.000002 0.000002 -9.108276 -0.517870 2.259823 -0.000000 -0.018790 0.000099 0.000000 0.029297 0.000001 0.000001 -0.010101 -0.000002 0.000002 -0.000004 0.000001 -9.532499 -0.000049 -0.000028 -0.000000 -0.057490 0.000099 0.000000 0.097395 0.000025 -0.000001 -0.036895 -0.000003 -0.000000 -0.000006 0.000002 -9.103584 -0.043075 -1.865151 -0.000000 0.017912 -0.000002 0.000001 -0.025406 0.000043 -0.000000 -0.012901 -0.000004 -0.000000 0.000003 0.000001 -8.076677 -0.486704 -3.806284 -0.000001 0.059612 -0.000501 -0.000000 0.096996 0.000001 0.000000 -0.056900 0.000001 -0.000000 -0.000000 -0.000001 4.570446 11.014708 -2.160855 -0.012383 7.658153 -7.981022 20.566813 -22.586957 -57.725972 -0.000011 -13.604600 -0.000011 -3.314100 -10.796510 15.045416 2.466130 -1.576205 2.681739 -1.336442 4.338055 6.279189 3.576457 7.070876 0.589257 -0.821928 0.916473 2.391506 -0.000000 0.000002 0.000000 9.109287 -0.518049 2.259875 0.000012 -0.005099 0.000106 -0.000001 0.012004 -0.000002 0.000001 -0.007605 0.000005 -0.000001 0.000001 -0.000008 9.533381 0.000037 0.000049 0.000003 -0.005524 0.015981 -0.000002 0.004328 -0.015979 0.000003 0.002401 -0.000003 0.000002 -0.000005 0.000002 9.104510 -0.043024 -1.865069 0.000011 0.000701 0.000109 0.000001 0.000001 -0.000001 0.000000 0.000004 -0.000005 0.000000 -0.000003 0.000000 8.077771 -0.486873 -3.806252 -0.020175 4.288549 0.510635 -0.016178 -4.078361 -0.510901 -0.000001 -0.007701 -0.000003 0.000003 -0.000001 -0.000006 -8.207787 -6.751666 -1.599563 -9.433331 -4.142179 -13.276218 12.530905 -10.322461 -7.144682 -10.420278 -2.916213 13.000947 -0.868590 0.000011 -0.000003 0.000000 0.000000 -0.000000 8.207791 -6.751697 -1.599558 -14.465456 22.256846 9.350711 4.132508 -4.393493 3.767549 38.951999 -5.298827 -17.113703 -32.791865 0.106003 -2.371931 -0.000000 0.000000 0.000000 
-11.324871 102.595123 1.340638 7.867478 2.898120 8.940631 -0.000005 10.181585 0.131520 -2.305020 -0.531046 -1.614953 -4.635924 -1.026642 -1.125451 -4.642600 -0.995757 -1.124454 0.000002 16.740395 -2.049034 1.761350 1.246959 1.307714 -0.000001 9.617887 1.685004 16.290669 9.064737 -10.581583 0.000005 22.037354 7.501096 -0.000003 -0.000000 -0.000000 -4.569967 11.014917 -2.160884 0.311983 -11.867193 7.607323 -61.412908 26.694790 17.461080 -0.000015 28.813969 -0.000011 -16.584066 14.716334 -33.943120 -2.464793 -1.573975 2.681846 -1.619249 -4.333948 -6.744820 4.223205 -7.640271 -0.059993 -1.560135 0.883064 -1.926123 -0.000002 0.000002 0.000002 -9.108276 -0.517870 2.259823 -0.000000 -0.018790 0.000099 0.000000 0.029297 0.000001 0.000001 -0.010101 -0.000002 0.000002 -0.000004 0.000001 -9.532499 -0.000049 -0.000028 -0.000000 -0.057490 0.000099 0.000000 0.097395 0.000025 -0.000001 -0.036895 -0.000003 -0.000000 -0.000006 0.000002 -9.103584 -0.043075 -1.865151 -0.000000 0.017912 -0.000002 0.000001 -0.025406 0.000043 -0.000000 -0.012901 -0.000004 -0.000000 0.000003 0.000001 -8.076677 -0.486704 -3.806284 -0.000001 0.059612 -0.000501 -0.000000 0.096996 0.000001 0.000000 -0.056900 0.000001 -0.000000 -0.000000 -0.000001 4.570446 11.014708 -2.160855 -0.012383 7.658153 -7.981022 20.566813 -22.586957 -57.725972 -0.000011 -13.604600 -0.000011 -3.314100 -10.796510 15.045416 2.466130 -1.576205 2.681739 -1.336442 4.338055 6.279189 3.576457 7.070876 0.589257 -0.821928 0.916473 2.391506 -0.000000 0.000002 0.000000 9.109287 -0.518049 2.259875 0.000012 -0.005099 0.000106 -0.000001 0.012004 -0.000002 0.000001 -0.007605 0.000005 -0.000001 0.000001 -0.000008 9.533381 0.000037 0.000049 0.000003 -0.005524 0.015981 -0.000002 0.004328 -0.015979 0.000003 0.002401 -0.000003 0.000002 -0.000005 0.000002 9.104510 -0.043024 -1.865069 0.000011 0.000701 0.000109 0.000001 0.000001 -0.000001 0.000000 0.000004 -0.000005 0.000000 -0.000003 0.000000 8.077771 -0.486873 -3.806252 -0.020175 4.288549 0.510635 -0.016178 -4.078361 -0.510901 -0.000001 -0.007701 -0.000003 0.000003 -0.000001 -0.000006 -8.207787 -6.751666 -1.599563 -9.433331 -4.142179 -13.276218 12.530905 -10.322461 -7.144682 -10.420278 -2.916213 13.000947 -0.868590 0.000011 -0.000003 0.000000 0.000000 -0.000000 8.207791 -6.751697 -1.599558 -14.465456 22.256846 9.350711 4.132508 -4.393493 3.767549 38.951999 -5.298827 -17.113703 -32.791865 0.106003 -2.371931 -0.000000 0.000000 0.000000 
-11.324871 102.595123 1.340638 7.867478 2.898120 8.940631 -0.000005 10.181585 0.131520 -2.305020 -0.531046 -1.614953 -4.635924 -1.026642 -1.125451 -4.642600 -0.995757 -1.124454 0.000002 16.740395 -2.049034 1.761350 1.246959 1.307714 -0.000001 9.617887 1.685004 16.290669 9.064737 -10.581583 0.000005 22.037354 7.501096 -0.000003 -0.000000 -0.000000 -4.569967 11.014917 -2.160884 0.311983 -11.867193 7.607323 -61.412908 26.694790 17.461080 -0.000015 28.813969 -0.000011 -16.584066 14.716334 -33.943120 -2.464793 -1.573975 2.681846 -1.619249 -4.333948 -6.744820 4.223205 -7.640271 -0.059993 -1.560135 0.883064 -1.926123 -0.000002 0.000002 0.000002 -9.108276 -0.517870 2.259823 -0.000000 -0.018790 0.000099 0.000000 0.029297 0.000001 0.000001 -0.010101 -0.000002 0.000002 -0.000004 0.000001 -9.532499 -0.000049 -0.000028 -0.000000 -0.057490 0.000099 0.000000 0.097395 0.000025 -0.000001 -0.036895 -0.000003 -0.000000 -0.000006 0.000002 -9.103584 -0.043075 -1.865151 -0.000000 0.017912 -0.000002 0.000001 -0.025406 0.000043 -0.000000 -0.012901 -0.000004 -0.000000 0.000003 0.000001 -8.076677 -0.486704 -3.806284 -0.000001 0.059612 -0.000501 -0.000000 0.096996 0.000001 0.000000 -0.056900 0.000001 -0.000000 -0.000000 -0.000001 4.570446 11.014708 -2.160855 -0.012383 7.658153 -7.981022 20.566813 -22.586957 -57.725972 -0.000011 -13.604600 -0.000011 -3.314100 -10.796510 15.045416 2.466130 -1.576205 2.681739 -1.336442 4.338055 6.279189 3.576457 7.070876 0.589257 -0.821928 0.916473 2.391506 -0.000000 0.000002 0.000000 9.109287 -0.518049 2.259875 0.000012 -0.005099 0.000106 -0.000001 0.012004 -0.000002 0.000001 -0.007605 0.000005 -0.000001 0.000001 -0.000008 9.533381 0.000037 0.000049 0.000003 -0.005524 0.015981 -0.000002 0.004328 -0.015979 0.000003 0.002401 -0.000003 0.000002 -0.000005 0.000002 9.104510 -0.043024 -1.865069 0.000011 0.000701 0.000109 0.000001 0.000001 -0.000001 0.000000 0.000004 -0.000005 0.000000 -0.000003 0.000000 8.077771 -0.486873 -3.806252 -0.020175 4.288549 0.510635 -0.016178 -4.078361 -0.510901 -0.000001 -0.007701 -0.000003 0.000003 -0.000001 -0.000006 -8.207787 -6.751666 -1.599563 -9.433331 -4.142179 -13.276218 12.530905 -10.322461 -7.144682 -10.420278 -2.916213 13.000947 -0.868590 0.000011 -0.000003 0.000000 0.000000 -0.000000 8.207791 -6.751697 -1.599558 -14.465456 22.256846 9.350711 4.132508 -4.393493 3.767549 38.951999 -5.298827 -17.113703 -32.791865 0.106003 -2.371931 -0.000000 0.000000 0.000000 
-11.324871 102.595123 1.340638 7.867478 2.898120 8.940631 -0.000005 10.181585 0.131520 -2.305020 -0.531046 -1.614953 -4.635924 -1.026642 -1.125451 -4.642600 -0.995757 -1.124454 0.000002 16.740395 -2.049034 1.761350 1.246959 1.307714 -0.000001 9.617887 1.685004 16.290669 9.064737 -10.581583 0.000005 22.037354 7.501096 -0.000003 -0.000000 -0.000000 -4.569967 11.014917 -2.160884 0.311983 -11.867193 7.607323 -61.412908 26.694790 17.461080 -0.000015 28.813969 -0.000011 -16.584066 14.716334 -33.943120 -2.464793 -1.573975 2.681846 -1.619249 -4.333948 -6.744820 4.223205 -7.640271 -0.059993 -1.560135 0.883064 -1.926123 -0.000002 0.000002 0.000002 -9.108276 -0.517870 2.259823 -0.000000 -0.018790 0.000099 0.000000 0.029297 0.000001 0.000001 -0.010101 -0.000002 0.000002 -0.000004 0.000001 -9.532499 -0.000049 -0.000028 -0.000000 -0.057490 0.000099 0.000000 0.097395 0.000025 -0.000001 -0.036895 -0.000003 -0.000000 -0.000006 0.000002 -9.103584 -0.043075 -1.865151 -0.000000 0.017912 -0.000002 0.000001 -0.025406 0.000043 -0.000000 -0.012901 -0.000004 -0.000000 0.000003 0.000001 -8.076677 -0.486704 -3.806284 -0.000001 0.059612 -0.000501 -0.000000 0.096996 0.000001 0.000000 -0.056900 0.000001 -0.000000 -0.000000 -0.000001 4.570446 11.014708 -2.160855 -0.012383 7.658153 -7.981022 20.566813 -22.586957 -57.725972 -0.000011 -13.604600 -0.000011 -3.314100 -10.796510 15.045416 2.466130 -1.576205 2.681739 -1.336442 4.338055 6.279189 3.576457 7.070876 0.589257 -0.821928 0.916473 2.391506 -0.000000 0.000002 0.000000 9.109287 -0.518049 2.259875 0.000012 -0.005099 0.000106 -0.000001 0.012004 -0.000002 0.000001 -0.007605 0.000005 -0.000001 0.000001 -0.000008 9.533381 0.000037 0.000049 0.000003 -0.005524 0.015981 -0.000002 0.004328 -0.015979 0.000003 0.002401 -0.000003 0.000002 -0.000005 0.000002 9.104510 -0.043024 -1.865069 0.000011 0.000701 0.000109 0.000001 0.000001 -0.000001 0.000000 0.000004 -0.000005 0.000000 -0.000003 0.000000 8.077771 -0.486873 -3.806252 -0.020175 4.288549 0.510635 -0.016178 -4.078361 -0.510901 -0.000001 -0.007701 -0.000003 0.000003 -0.000001 -0.000006 -8.207787 -6.751666 -1.599563 -9.433331 -4.142179 -13.276218 12.530905 -10.322461 -7.144682 -10.420278 -2.916213 13.000947 -0.868590 0.000011 -0.000003 0.000000 0.000000 -0.000000 8.207791 -6.751697 -1.599558 -14.465456 22.256846 9.350711 4.132508 -4.393493 3.767549 38.951999 -5.298827 -17.113703 -32.791865 0.106003 -2.371931 -0.000000 0.000000 0.000000 
-11.324871 102.595123 1.340638 7.867478 2.898120 8.940631 -0.000005 10.181585 0.131520 -2.305020 -0.531046 -1.614953 -4.635924 -1.026642 -1.125451 -4.642600 -0.995757 -1.124454 0.000002 16.740395 -2.049034 1.761350 1.246959 1.307714 -0.000001 9.617887 1.685004 16.290669 9.064737 -10.581583 0.000005 22.037354 7.501096 -0.000003 -0.000000 -0.000000 -4.569967 11.014917 -2.160884 0.311983 -11.867193 7.607323 -61.412908 26.694790 17.461080 -0.000015 28.813969 -0.000011 -16.584066 14.716334 -33.943120 -2.464793 -1.573975 2.681846 -1.619249 -4.333948 -6.744820 4.223205 -7.640271 -0.059993 -1.560135 0.883064 -1.926123 -0.000002 0.000002 0.000002 -9.108276 -0.517870 2.259823 -0.000000 -0.018790 0.000099 0.000000 0.029297 0.000001 0.000001 -0.010101 -0.000002 0.000002 -0.000004 0.000001 -9.532499 -0.000049 -0.000028 -0.000000 -0.057490 0.000099 0.000000 0.097395 0.000025 -0.000001 -0.036895 -0.000003 -0.000000 -0.000006 0.000002 -9.103584 -0.043075 -1.865151 -0.000000 0.017912 -0.000002 0.000001 -0.025406 0.000043 -0.000000 -0.012901 -0.000004 -0.000000 0.000003 0.000001 -8.076677 -0.486704 -3.806284 -0.000001 0.059612 -0.000501 -0.000000 0.096996 0.000001 0.000000 -0.056900 0.000001 -0.000000 -0.000000 -0.000001 4.570446 11.014708 -2.160855 -0.012383 7.658153 -7.981022 20.566813 -22.586957 -57.725972 -0.000011 -13.604600 -0.000011 -3.314100 -10.796510 15.045416 2.466130 -1.576205 2.681739 -1.336442 4.338055 6.279189 3.576457 7.070876 0.589257 -0.821928 0.916473 2.391506 -0.000000 0.000002 0.000000 9.109287 -0.518049 2.259875 0.000012 -0.005099 0.000106 -0.000001 0.012004 -0.000002 0.000001 -0.007605 0.000005 -0.000001 0.000001 -0.000008 9.533381 0.000037 0.000049 0.000003 -0.005524 0.015981 -0.000002 0.004328 -0.015979 0.000003 0.002401 -0.000003 0.000002 -0.000005 0.000002 9.104510 -0.043024 -1.865069 0.000011 0.000701 0.000109 0.000001 0.000001 -0.000001 0.000000 0.000004 -0.000005 0.000000 -0.000003 0.000000 8.077771 -0.486873 -3.806252 -0.020175 4.288549 0.510635 -0.016178 -4.078361 -0.510901 -0.000001 -0.007701 -0.000003 0.000003 -0.000001 -0.000006 -8.207787 -6.751666 -1.599563 -9.433331 -4.142179 -13.276218 12.530905 -10.322461 -7.144682 -10.420278 -2.916213 13.000947 -0.868590 0.000011 -0.000003 0.000000 0.000000 -0.000000 8.207791 -6.751697 -1.599558 -14.465456 22.256846 9.350711 4.132508 -4.393493 3.767549 38.951999 -5.298827 -17.113703 -32.791865 0.106003 -2.371931 -0.000000 0.000000 0.000000 
-11.324871 102.595123 1.340638 7.867478 2.898120 8.940631 -0.000005 10.181585 0.131520 -2.305020 -0.531046 -1.614953 -4.635924 -1.026642 -1.125451 -4.642600 -0.995757 -1.124454 0.000002 16.740395 -2.049034 1.761350 1.246959 1.307714 -0.000001 9.617887 1.685004 16.290669 9.064737 -10.581583 0.000005 22.037354 7.501096 -0.000003 -0.000000 -0.000000 -4.569967 11.014917 -2.160884 0.311983 -11.867193 7.607323 -61.412908 26.694790 17.461080 -0.000015 28.813969 -0.000011 -16.584066 14.716334 -33.943120 -2.464793 -1.573975 2.681846 -1.619249 -4.333948 -6.744820 4.223205 -7.640271 -0.059993 -1.560135 0.883064 -1.926123 -0.000002 0.000002 0.000002 -9.108276 -0.517870 2.259823 -0.000000 -0.018790 0.000099 0.000000 0.029297 0.000001 0.000001 -0.010101 -0.000002 0.000002 -0.000004 0.000001 -9.532499 -0.000049 -0.000028 -0.000000 -0.057490 0.000099 0.000000 0.097395 0.000025 -0.000001 -0.036895 -0.000003 -0.000000 -0.000006 0.000002 -9.103584 -0.043075 -1.865151 -0.000000 0.017912 -0.000002 0.000001 -0.025406 0.000043 -0.000000 -0.012901 -0.000004 -0.000000 0.000003 0.000001 -8.076677 -0.486704 -3.806284 -0.000001 0.059612 -0.000501 -0.000000 0.096996 0.000001 0.000000 -0.056900 0.000001 -0.000000 -0.000000 -0.000001 4.570446 11.014708 -2.160855 -0.012383 7.658153 -7.981022 20.566813 -22.586957 -57.725972 -0.000011 -13.604600 -0.000011 -3.314100 -10.796510 15.045416 2.466130 -1.576205 2.681739 -1.336442 4.338055 6.279189 3.576457 7.070876 0.589257 -0.821928 0.916473 2.391506 -0.000000 0.000002 0.000000 9.109287 -0.518049 2.259875 0.000012 -0.005099 0.000106 -0.000001 0.012004 -0.000002 0.000001 -0.007605 0.000005 -0.000001 0.000001 -0.000008 9.533381 0.000037 0.000049 0.000003 -0.005524 0.015981 -0.000002 0.004328 -0.015979 0.000003 0.002401 -0.000003 0.000002 -0.000005 0.000002 9.104510 -0.043024 -1.865069 0.000011 0.000701 0.000109 0.000001 0.000001 -0.000001 0.000000 0.000004 -0.000005 0.000000 -0.000003 0.000000 8.077771 -0.486873 -3.806252 -0.020175 4.288549 0.510635 -0.016178 -4.078361 -0.510901 -0.000001 -0.007701 -0.000003 0.000003 -0.000001 -0.000006 -8.207787 -6.751666 -1.599563 -9.433331 -4.142179 -13.276218 12.530905 -10.322461 -7.144682 -10.420278 -2.916213 13.000947 -0.868590 0.000011 -0.000003 0.000000 0.000000 -0.000000 8.207791 -6.751697 -1.599558 -14.465456 22.256846 9.350711 4.132508 -4.393493 3.767549 38.951999 -5.298827 -17.113703 -32.791865 0.106003 -2.371931 -0.000000 0.000000 0.000000 
-11.324871 102.595123 1.340638 7.867478 2.898120 8.940631 -0.000005 10.181585 0.131520 -2.305020 -0.531046 -1.614953 -4.635924 -1.026642 -1.125451 -4.642600 -0.995757 -1.124454 0.000002 16.740395 -2.049034 1.761350 1.246959 1.307714 -0.000001 9.617887 1.685004 16.290669 9.064737 -10.581583 0.000005 22.037354 7.501096 -0.000003 -0.000000 -0.000000 -4.569967 11.014917 -2.160884 0.311983 -11.867193 7.607323 -61.412908 26.694790 17.461080 -0.000015 28.813969 -0.000011 -16.584066 14.716334 -33.943120 -2.464793 -1.573975 2.681846 -1.619249 -4.333948 -6.744820 4.223205 -7.640271 -0.059993 -1.560135 0.883064 -1.926123 -0.000002 0.000002 0.000002 -9.108276 -0.517870 2.259823 -0.000000 -0.018790 0.000099 0.000000 0.029297 0.000001 0.000001 -0.010101 -0.000002 0.000002 -0.000004 0.000001 -9.532499 -0.000049 -0.000028 -0.000000 -0.057490 0.000099 0.000000 0.097395 0.000025 -0.000001 -0.036895 -0.000003 -0.000000 -0.000006 0.000002 -9.103584 -0.043075 -1.865151 -0.000000 0.017912 -0.000002 0.000001 -0.025406 0.000043 -0.000000 -0.012901 -0.000004 -0.000000 0.000003 0.000001 -8.076677 -0.486704 -3.806284 -0.000001 0.059612 -0.000501 -0.000000 0.096996 0.000001 0.000000 -0.056900 0.000001 -0.000000 -0.000000 -0.000001 4.570446 11.014708 -2.160855 -0.012383 7.658153 -7.981022 20.566813 -22.586957 -57.725972 -0.000011 -13.604600 -0.000011 -3.314100 -10.796510 15.045416 2.466130 -1.576205 2.681739 -1.336442 4.338055 6.279189 3.576457 7.070876 0.589257 -0.821928 0.916473 2.391506 -0.000000 0.000002 0.000000 9.109287 -0.518049 2.259875 0.000012 -0.005099 0.000106 -0.000001 0.012004 -0.000002 0.000001 -0.007605 0.000005 -0.000001 0.000001 -0.000008 9.533381 0.000037 0.000049 0.000003 -0.005524 0.015981 -0.000002 0.004328 -0.015979 0.000003 0.002401 -0.000003 0.000002 -0.000005 0.000002 9.104510 -0.043024 -1.865069 0.000011 0.000701 0.000109 0.000001 0.000001 -0.000001 0.000000 0.000004 -0.000005 0.000000 -0.000003 0.000000 8.077771 -0.486873 -3.806252 -0.020175 4.288549 0.510635 -0.016178 -4.078361 -0.510901 -0.000001 -0.007701 -0.000003 0.000003 -0.000001 -0.000006 -8.207787 -6.751666 -1.599563 -9.433331 -4.142179 -13.276218 12.530905 -10.322461 -7.144682 -10.420278 -2.916213 13.000947 -0.868590 0.000011 -0.000003 0.000000 0.000000 -0.000000 8.207791 -6.751697 -1.599558 -14.465456 22.256846 9.350711 4.132508 -4.393493 3.767549 38.951999 -5.298827 -17.113703 -32.791865 0.106003 -2.371931 -0.000000 0.000000 0.000000 
-11.324871 102.595123 1.340638 7.867478 2.898120 8.940631 -0.000005 10.181585 0.131520 -2.305020 -0.531046 -1.614953 -4.635924 -1.026642 -1.125451 -4.642600 -0.995757 -1.124454 0.000002 16.740395 -2.049034 1.761350 1.246959 1.307714 -0.000001 9.617887 1.685004 16.290669 9.064737 -10.581583 0.000005 22.037354 7.501096 -0.000003 -0.000000 -0.000000 -4.569967 11.014917 -2.160884 0.311983 -11.867193 7.607323 -61.412908 26.694790 17.461080 -0.000015 28.813969 -0.000011 -16.584066 14.716334 -33.943120 -2.464793 -1.573975 2.681846 -1.619249 -4.333948 -6.744820 4.223205 -7.640271 -0.059993 -1.560135 0.883064 -1.926123 -0.000002 0.000002 0.000002 -9.108276 -0.517870 2.259823 -0.000000 -0.018790 0.000099 0.000000 0.029297 0.000001 0.000001 -0.010101 -0.000002 0.000002 -0.000004 0.000001 -9.532499 -0.000049 -0.000028 -0.000000 -0.057490 0.000099 0.000000 0.097395 0.000025 -0.000001 -0.036895 -0.000003 -0.000000 -0.000006 0.000002 -9.103584 -0.043075 -1.865151 -0.000000 0.017912 -0.000002 0.000001 -0.025406 0.000043 -0.000000 -0.012901 -0.000004 -0.000000 0.000003 0.000001 -8.076677 -0.486704 -3.806284 -0.000001 0.059612 -0.000501 -0.000000 0.096996 0.000001 0.000000 -0.056900 0.000001 -0.000000 -0.000000 -0.000001 4.570446 11.014708 -2.160855 -0.012383 7.658153 -7.981022 20.566813 -22.586957 -57.725972 -0.000011 -13.604600 -0.000011 -3.314100 -10.796510 15.045416 2.466130 -1.576205 2.681739 -1.336442 4.338055 6.279189 3.576457 7.070876 0.589257 -0.821928 0.916473 2.391506 -0.000000 0.000002 0.000000 9.109287 -0.518049 2.259875 0.000012 -0.005099 0.000106 -0.000001 0.012004 -0.000002 0.000001 -0.007605 0.000005 -0.000001 0.000001 -0.000008 9.533381 0.000037 0.000049 0.000003 -0.005524 0.015981 -0.000002 0.004328 -0.015979 0.000003 0.002401 -0.000003 0.000002 -0.000005 0.000002 9.104510 -0.043024 -1.865069 0.000011 0.000701 0.000109 0.000001 0.000001 -0.000001 0.000000 0.000004 -0.000005 0.000000 -0.000003 0.000000 8.077771 -0.486873 -3.806252 -0.020175 4.288549 0.510635 -0.016178 -4.078361 -0.510901 -0.000001 -0.007701 -0.000003 0.000003 -0.000001 -0.000006 -8.207787 -6.751666 -1.599563 -9.433331 -4.142179 -13.276218 12.530905 -10.322461 -7.144682 -10.420278 -2.916213 13.000947 -0.868590 0.000011 -0.000003 0.000000 0.000000 -0.000000 8.207791 -6.751697 -1.599558 -14.465456 22.256846 9.350711 4.132508 -4.393493 3.767549 38.951999 -5.298827 -17.113703 -32.791865 0.106003 -2.371931 -0.000000 0.000000 0.000000 
-11.324871 102.595123 1.340638 7.867478 2.898120 8.940631 -0.000005 10.181585 0.131520 -2.305020 -0.531046 -1.614953 -4.635924 -1.026642 -1.125451 -4.642600 -0.995757 -1.124454 0.000002 16.740395 -2.049034 1.761350 1.246959 1.307714 -0.000001 9.617887 1.685004 16.290669 9.064737 -10.581583 0.000005 22.037354 7.501096 -0.000003 -0.000000 -0.000000 -4.569967 11.014917 -2.160884 0.311983 -11.867193 7.607323 -61.412908 26.694790 17.461080 -0.000015 28.813969 -0.000011 -16.584066 14.716334 -33.943120 -2.464793 -1.573975 2.681846 -1.619249 -4.333948 -6.744820 4.223205 -7.640271 -0.059993 -1.560135 0.883064 -1.926123 -0.000002 0.000002 0.000002 -9.108276 -0.517870 2.259823 -0.000000 -0.018790 0.000099 0.000000 0.029297 0.000001 0.000001 -0.010101 -0.000002 0.000002 -0.000004 0.000001 -9.532499 -0.000049 -0.000028 -0.000000 -0.057490 0.000099 0.000000 0.097395 0.000025 -0.000001 -0.036895 -0.000003 -0.000000 -0.000006 0.000002 -9.103584 -0.043075 -1.865151 -0.000000 0.017912 -0.000002 0.000001 -0.025406 0.000043 -0.000000 -0.012901 -0.000004 -0.000000 0.000003 0.000001 -8.076677 -0.486704 -3.806284 -0.000001 0.059612 -0.000501 -0.000000 0.096996 0.000001 0.000000 -0.056900 0.000001 -0.000000 -0.000000 -0.000001 4.570446 11.014708 -2.160855 -0.012383 7.658153 -7.981022 20.566813 -22.586957 -57.725972 -0.000011 -13.604600 -0.000011 -3.314100 -10.796510 15.045416 2.466130 -1.576205 2.681739 -1.336442 4.338055 6.279189 3.576457 7.070876 0.589257 -0.821928 0.916473 2.391506 -0.000000 0.000002 0.000000 9.109287 -0.518049 2.259875 0.000012 -0.005099 0.000106 -0.000001 0.012004 -0.000002 0.000001 -0.007605 0.000005 -0.000001 0.000001 -0.000008 9.533381 0.000037 0.000049 0.000003 -0.005524 0.015981 -0.000002 0.004328 -0.015979 0.000003 0.002401 -0.000003 0.000002 -0.000005 0.000002 9.104510 -0.043024 -1.865069 0.000011 0.000701 0.000109 0.000001 0.000001 -0.000001 0.000000 0.000004 -0.000005 0.000000 -0.000003 0.000000 8.077771 -0.486873 -3.806252 -0.020175 4.288549 0.510635 -0.016178 -4.078361 -0.510901 -0.000001 -0.007701 -0.000003 0.000003 -0.000001 -0.000006 -8.207787 -6.751666 -1.599563 -9.433331 -4.142179 -13.276218 12.530905 -10.322461 -7.144682 -10.420278 -2.916213 13.000947 -0.868590 0.000011 -0.000003 0.000000 0.000000 -0.000000 8.207791 -6.751697 -1.599558 -14.465456 22.256846 9.350711 4.132508 -4.393493 3.767549 38.951999 -5.298827 -17.113703 -32.791865 0.106003 -2.371931 -0.000000 0.000000 0.000000 
-11.324871 102.595123 1.340638 7.867478 2.898120 8.940631 -0.000005 10.181585 0.131520 -2.305020 -0.531046 -1.614953 -4.635924 -1.026642 -1.125451 -4.642600 -0.995757 -1.124454 0.000002 16.740395 -2.049034 1.761350 1.246959 1.307714 -0.000001 9.617887 1.685004 16.290669 9.064737 -10.581583 0.000005 22.037354 7.501096 -0.000003 -0.000000 -0.000000 -4.569967 11.014917 -2.160884 0.311983 -11.867193 7.607323 -61.412908 26.694790 17.461080 -0.000015 28.813969 -0.000011 -16.584066 14.716334 -33.943120 -2.464793 -1.573975 2.681846 -1.619249 -4.333948 -6.744820 4.223205 -7.640271 -0.059993 -1.560135 0.883064 -1.926123 -0.000002 0.000002 0.000002 -9.108276 -0.517870 2.259823 -0.000000 -0.018790 0.000099 0.000000 0.029297 0.000001 0.000001 -0.010101 -0.000002 0.000002 -0.000004 0.000001 -9.532499 -0.000049 -0.000028 -0.000000 -0.057490 0.000099 0.000000 0.097395 0.000025 -0.000001 -0.036895 -0.000003 -0.000000 -0.000006 0.000002 -9.103584 -0.043075 -1.865151 -0.000000 0.017912 -0.000002 0.000001 -0.025406 0.000043 -0.000000 -0.012901 -0.000004 -0.000000 0.000003 0.000001 -8.076677 -0.486704 -3.806284 -0.000001 0.059612 -0.000501 -0.000000 0.096996 0.000001 0.000000 -0.056900 0.000001 -0.000000 -0.000000 -0.000001 4.570446 11.014708 -2.160855 -0.012383 7.658153 -7.981022 20.566813 -22.586957 -57.725972 -0.000011 -13.604600 -0.000011 -3.314100 -10.796510 15.045416 2.466130 -1.576205 2.681739 -1.336442 4.338055 6.279189 3.576457 7.070876 0.589257 -0.821928 0.916473 2.391506 -0.000000 0.000002 0.000000 9.109287 -0.518049 2.259875 0.000012 -0.005099 0.000106 -0.000001 0.012004 -0.000002 0.000001 -0.007605 0.000005 -0.000001 0.000001 -0.000008 9.533381 0.000037 0.000049 0.000003 -0.005524 0.015981 -0.000002 0.004328 -0.015979 0.000003 0.002401 -0.000003 0.000002 -0.000005 0.000002 9.104510 -0.043024 -1.865069 0.000011 0.000701 0.000109 0.000001 0.000001 -0.000001 0.000000 0.000004 -0.000005 0.000000 -0.000003 0.000000 8.077771 -0.486873 -3.806252 -0.020175 4.288549 0.510635 -0.016178 -4.078361 -0.510901 -0.000001 -0.007701 -0.000003 0.000003 -0.000001 -0.000006 -8.207787 -6.751666 -1.599563 -9.433331 -4.142179 -13.276218 12.530905 -10.322461 -7.144682 -10.420278 -2.916213 13.000947 -0.868590 0.000011 -0.000003 0.000000 0.000000 -0.000000 8.207791 -6.751697 -1.599558 -14.465456 22.256846 9.350711 4.132508 -4.393493 3.767549 38.951999 -5.298827 -17.113703 -32.791865 0.106003 -2.371931 -0.000000 0.000000 0.000000 
-11.324871 102.595123 1.340638 7.867478 2.898120 8.940631 -0.000005 10.181585 0.131520 -2.305020 -0.531046 -1.614953 -4.635924 -1.026642 -1.125451 -4.642600 -0.995757 -1.124454 0.000002 16.740395 -2.049034 1.761350 1.246959 1.307714 -0.000001 9.617887 1.685004 16.290669 9.064737 -10.581583 0.000005 22.037354 7.501096 -0.000003 -0.000000 -0.000000 -4.569967 11.014917 -2.160884 0.311983 -11.867193 7.607323 -61.412908 26.694790 17.461080 -0.000015 28.813969 -0.000011 -16.584066 14.716334 -33.943120 -2.464793 -1.573975 2.681846 -1.619249 -4.333948 -6.744820 4.223205 -7.640271 -0.059993 -1.560135 0.883064 -1.926123 -0.000002 0.000002 0.000002 -9.108276 -0.517870 2.259823 -0.000000 -0.018790 0.000099 0.000000 0.029297 0.000001 0.000001 -0.010101 -0.000002 0.000002 -0.000004 0.000001 -9.532499 -0.000049 -0.000028 -0.000000 -0.057490 0.000099 0.000000 0.097395 0.000025 -0.000001 -0.036895 -0.000003 -0.000000 -0.000006 0.000002 -9.103584 -0.043075 -1.865151 -0.000000 0.017912 -0.000002 0.000001 -0.025406 0.000043 -0.000000 -0.012901 -0.000004 -0.000000 0.000003 0.000001 -8.076677 -0.486704 -3.806284 -0.000001 0.059612 -0.000501 -0.000000 0.096996 0.000001 0.000000 -0.056900 0.000001 -0.000000 -0.000000 -0.000001 4.570446 11.014708 -2.160855 -0.012383 7.658153 -7.981022 20.566813 -22.586957 -57.725972 -0.000011 -13.604600 -0.000011 -3.314100 -10.796510 15.045416 2.466130 -1.576205 2.681739 -1.336442 4.338055 6.279189 3.576457 7.070876 0.589257 -0.821928 0.916473 2.391506 -0.000000 0.000002 0.000000 9.109287 -0.518049 2.259875 0.000012 -0.005099 0.000106 -0.000001 0.012004 -0.000002 0.000001 -0.007605 0.000005 -0.000001 0.000001 -0.000008 9.533381 0.000037 0.000049 0.000003 -0.005524 0.015981 -0.000002 0.004328 -0.015979 0.000003 0.002401 -0.000003 0.000002 -0.000005 0.000002 9.104510 -0.043024 -1.865069 0.000011 0.000701 0.000109 0.000001 0.000001 -0.000001 0.000000 0.000004 -0.000005 0.000000 -0.000003 0.000000 8.077771 -0.486873 -3.806252 -0.020175 4.288549 0.510635 -0.016178 -4.078361 -0.510901 -0.000001 -0.007701 -0.000003 0.000003 -0.000001 -0.000006 -8.207787 -6.751666 -1.599563 -9.433331 -4.142179 -13.276218 12.530905 -10.322461 -7.144682 -10.420278 -2.916213 13.000947 -0.868590 0.000011 -0.000003 0.000000 0.000000 -0.000000 8.207791 -6.751697 -1.599558 -14.465456 22.256846 9.350711 4.132508 -4.393493 3.767549 38.951999 -5.298827 -17.113703 -32.791865 0.106003 -2.371931 -0.000000 0.000000 0.000000 
-11.324871 102.595123 1.340638 7.867478 2.898120 8.940631 -0.000005 10.181585 0.131520 -2.305020 -0.531046 -1.614953 -4.635924 -1.026642 -1.125451 -4.642600 -0.995757 -1.124454 0.000002 16.740395 -2.049034 1.761350 1.246959 1.307714 -0.000001 9.617887 1.685004 16.290669 9.064737 -10.581583 0.000005 22.037354 7.501096 -0.000003 -0.000000 -0.000000 -4.569967 11.014917 -2.160884 0.311983 -11.867193 7.607323 -61.412908 26.694790 17.461080 -0.000015 28.813969 -0.000011 -16.584066 14.716334 -33.943120 -2.464793 -1.573975 2.681846 -1.619249 -4.333948 -6.744820 4.223205 -7.640271 -0.059993 -1.560135 0.883064 -1.926123 -0.000002 0.000002 0.000002 -9.108276 -0.517870 2.259823 -0.000000 -0.018790 0.000099 0.000000 0.029297 0.000001 0.000001 -0.010101 -0.000002 0.000002 -0.000004 0.000001 -9.532499 -0.000049 -0.000028 -0.000000 -0.057490 0.000099 0.000000 0.097395 0.000025 -0.000001 -0.036895 -0.000003 -0.000000 -0.000006 0.000002 -9.103584 -0.043075 -1.865151 -0.000000 0.017912 -0.000002 0.000001 -0.025406 0.000043 -0.000000 -0.012901 -0.000004 -0.000000 0.000003 0.000001 -8.076677 -0.486704 -3.806284 -0.000001 0.059612 -0.000501 -0.000000 0.096996 0.000001 0.000000 -0.056900 0.000001 -0.000000 -0.000000 -0.000001 4.570446 11.014708 -2.160855 -0.012383 7.658153 -7.981022 20.566813 -22.586957 -57.725972 -0.000011 -13.604600 -0.000011 -3.314100 -10.796510 15.045416 2.466130 -1.576205 2.681739 -1.336442 4.338055 6.279189 3.576457 7.070876 0.589257 -0.821928 0.916473 2.391506 -0.000000 0.000002 0.000000 9.109287 -0.518049 2.259875 0.000012 -0.005099 0.000106 -0.000001 0.012004 -0.000002 0.000001 -0.007605 0.000005 -0.000001 0.000001 -0.000008 9.533381 0.000037 0.000049 0.000003 -0.005524 0.015981 -0.000002 0.004328 -0.015979 0.000003 0.002401 -0.000003 0.000002 -0.000005 0.000002 9.104510 -0.043024 -1.865069 0.000011 0.000701 0.000109 0.000001 0.000001 -0.000001 0.000000 0.000004 -0.000005 0.000000 -0.000003 0.000000 8.077771 -0.486873 -3.806252 -0.020175 4.288549 0.510635 -0.016178 -4.078361 -0.510901 -0.000001 -0.007701 -0.000003 0.000003 -0.000001 -0.000006 -8.207787 -6.751666 -1.599563 -9.433331 -4.142179 -13.276218 12.530905 -10.322461 -7.144682 -10.420278 -2.916213 13.000947 -0.868590 0.000011 -0.000003 0.000000 0.000000 -0.000000 8.207791 -6.751697 -1.599558 -14.465456 22.256846 9.350711 4.132508 -4.393493 3.767549 38.951999 -5.298827 -17.113703 -32.791865 0.106003 -2.371931 -0.000000 0.000000 0.000000 
-11.324871 102.595123 1.340638 7.867478 2.898120 8.940631 -0.000005 10.181585 0.131520 -2.305020 -0.531046 -1.614953 -4.635924 -1.026642 -1.125451 -4.642600 -0.995757 -1.124454 0.000002 16.740395 -2.049034 1.761350 1.246959 1.307714 -0.000001 9.617887 1.685004 16.290669 9.064737 -10.581583 0.000005 22.037354 7.501096 -0.000003 -0.000000 -0.000000 -4.569967 11.014917 -2.160884 0.311983 -11.867193 7.607323 -61.412908 26.694790 17.461080 -0.000015 28.813969 -0.000011 -16.584066 14.716334 -33.943120 -2.464793 -1.573975 2.681846 -1.619249 -4.333948 -6.744820 4.223205 -7.640271 -0.059993 -1.560135 0.883064 -1.926123 -0.000002 0.000002 0.000002 -9.108276 -0.517870 2.259823 -0.000000 -0.018790 0.000099 0.000000 0.029297 0.000001 0.000001 -0.010101 -0.000002 0.000002 -0.000004 0.000001 -9.532499 -0.000049 -0.000028 -0.000000 -0.057490 0.000099 0.000000 0.097395 0.000025 -0.000001 -0.036895 -0.000003 -0.000000 -0.000006 0.000002 -9.103584 -0.043075 -1.865151 -0.000000 0.017912 -0.000002 0.000001 -0.025406 0.000043 -0.000000 -0.012901 -0.000004 -0.000000 0.000003 0.000001 -8.076677 -0.486704 -3.806284 -0.000001 0.059612 -0.000501 -0.000000 0.096996 0.000001 0.000000 -0.056900 0.000001 -0.000000 -0.000000 -0.000001 4.570446 11.014708 -2.160855 -0.012383 7.658153 -7.981022 20.566813 -22.586957 -57.725972 -0.000011 -13.604600 -0.000011 -3.314100 -10.796510 15.045416 2.466130 -1.576205 2.681739 -1.336442 4.338055 6.279189 3.576457 7.070876 0.589257 -0.821928 0.916473 2.391506 -0.000000 0.000002 0.000000 9.109287 -0.518049 2.259875 0.000012 -0.005099 0.000106 -0.000001 0.012004 -0.000002 0.000001 -0.007605 0.000005 -0.000001 0.000001 -0.000008 9.533381 0.000037 0.000049 0.000003 -0.005524 0.015981 -0.000002 0.004328 -0.015979 0.000003 0.002401 -0.000003 0.000002 -0.000005 0.000002 9.104510 -0.043024 -1.865069 0.000011 0.000701 0.000109 0.000001 0.000001 -0.000001 0.000000 0.000004 -0.000005 0.000000 -0.000003 0.000000 8.077771 -0.486873 -3.806252 -0.020175 4.288549 0.510635 -0.016178 -4.078361 -0.510901 -0.000001 -0.007701 -0.000003 0.000003 -0.000001 -0.000006 -8.207787 -6.751666 -1.599563 -9.433331 -4.142179 -13.276218 12.530905 -10.322461 -7.144682 -10.420278 -2.916213 13.000947 -0.868590 0.000011 -0.000003 0.000000 0.000000 -0.000000 8.207791 -6.751697 -1.599558 -14.465456 22.256846 9.350711 4.132508 -4.393493 3.767549 38.951999 -5.298827 -17.113703 -32.791865 0.106003 -2.371931 -0.000000 0.000000 0.000000 
-11.324871 102.595123 1.340638 7.867478 2.898120 8.940631 -0.000005 10.181585 0.131520 -2.305020 -0.531046 -1.614953 -4.635924 -1.026642 -1.125451 -4.642600 -0.995757 -1.124454 0.000002 16.740395 -2.049034 1.761350 1.246959 1.307714 -0.000001 9.617887 1.685004 16.290669 9.064737 -10.581583 0.000005 22.037354 7.501096 -0.000003 -0.000000 -0.000000 -4.569967 11.014917 -2.160884 0.311983 -11.867193 7.607323 -61.412908 26.694790 17.461080 -0.000015 28.813969 -0.000011 -16.584066 14.716334 -33.943120 -2.464793 -1.573975 2.681846 -1.619249 -4.333948 -6.744820 4.223205 -7.640271 -0.059993 -1.560135 0.883064 -1.926123 -0.000002 0.000002 0.000002 -9.108276 -0.517870 2.259823 -0.000000 -0.018790 0.000099 0.000000 0.029297 0.000001 0.000001 -0.010101 -0.000002 0.000002 -0.000004 0.000001 -9.532499 -0.000049 -0.000028 -0.000000 -0.057490 0.000099 0.000000 0.097395 0.000025 -0.000001 -0.036895 -0.000003 -0.000000 -0.000006 0.000002 -9.103584 -0.043075 -1.865151 -0.000000 0.017912 -0.000002 0.000001 -0.025406 0.000043 -0.000000 -0.012901 -0.000004 -0.000000 0.000003 0.000001 -8.076677 -0.486704 -3.806284 -0.000001 0.059612 -0.000501 -0.000000 0.096996 0.000001 0.000000 -0.056900 0.000001 -0.000000 -0.000000 -0.000001 4.570446 11.014708 -2.160855 -0.012383 7.658153 -7.981022 20.566813 -22.586957 -57.725972 -0.000011 -13.604600 -0.000011 -3.314100 -10.796510 15.045416 2.466130 -1.576205 2.681739 -1.336442 4.338055 6.279189 3.576457 7.070876 0.589257 -0.821928 0.916473 2.391506 -0.000000 0.000002 0.000000 9.109287 -0.518049 2.259875 0.000012 -0.005099 0.000106 -0.000001 0.012004 -0.000002 0.000001 -0.007605 0.000005 -0.000001 0.000001 -0.000008 9.533381 0.000037 0.000049 0.000003 -0.005524 0.015981 -0.000002 0.004328 -0.015979 0.000003 0.002401 -0.000003 0.000002 -0.000005 0.000002 9.104510 -0.043024 -1.865069 0.000011 0.000701 0.000109 0.000001 0.000001 -0.000001 0.000000 0.000004 -0.000005 0.000000 -0.000003 0.000000 8.077771 -0.486873 -3.806252 -0.020175 4.288549 0.510635 -0.016178 -4.078361 -0.510901 -0.000001 -0.007701 -0.000003 0.000003 -0.000001 -0.000006 -8.207787 -6.751666 -1.599563 -9.433331 -4.142179 -13.276218 12.530905 -10.322461 -7.144682 -10.420278 -2.916213 13.000947 -0.868590 0.000011 -0.000003 0.000000 0.000000 -0.000000 8.207791 -6.751697 -1.599558 -14.465456 22.256846 9.350711 4.132508 -4.393493 3.767549 38.951999 -5.298827 -17.113703 -32.791865 0.106003 -2.371931 -0.000000 0.000000 0.000000 
-11.324871 102.595123 1.340638 7.867478 2.898120 8.940631 -0.000005 10.181585 0.131520 -2.305020 -0.531046 -1.614953 -4.635924 -1.026642 -1.125451 -4.642600 -0.995757 -1.124454 0.000002 16.740395 -2.049034 1.761350 1.246959 1.307714 -0.000001 9.617887 1.685004 16.290669 9.064737 -10.581583 0.000005 22.037354 7.501096 -0.000003 -0.000000 -0.000000 -4.569967 11.014917 -2.160884 0.311983 -11.867193 7.607323 -61.412908 26.694790 17.461080 -0.000015 28.813969 -0.000011 -16.584066 14.716334 -33.943120 -2.464793 -1.573975 2.681846 -1.619249 -4.333948 -6.744820 4.223205 -7.640271 -0.059993 -1.560135 0.883064 -1.926123 -0.000002 0.000002 0.000002 -9.108276 -0.517870 2.259823 -0.000000 -0.018790 0.000099 0.000000 0.029297 0.000001 0.000001 -0.010101 -0.000002 0.000002 -0.000004 0.000001 -9.532499 -0.000049 -0.000028 -0.000000 -0.057490 0.000099 0.000000 0.097395 0.000025 -0.000001 -0.036895 -0.000003 -0.000000 -0.000006 0.000002 -9.103584 -0.043075 -1.865151 -0.000000 0.017912 -0.000002 0.000001 -0.025406 0.000043 -0.000000 -0.012901 -0.000004 -0.000000 0.000003 0.000001 -8.076677 -0.486704 -3.806284 -0.000001 0.059612 -0.000501 -0.000000 0.096996 0.000001 0.000000 -0.056900 0.000001 -0.000000 -0.000000 -0.000001 4.570446 11.014708 -2.160855 -0.012383 7.658153 -7.981022 20.566813 -22.586957 -57.725972 -0.000011 -13.604600 -0.000011 -3.314100 -10.796510 15.045416 2.466130 -1.576205 2.681739 -1.336442 4.338055 6.279189 3.576457 7.070876 0.589257 -0.821928 0.916473 2.391506 -0.000000 0.000002 0.000000 9.109287 -0.518049 2.259875 0.000012 -0.005099 0.000106 -0.000001 0.012004 -0.000002 0.000001 -0.007605 0.000005 -0.000001 0.000001 -0.000008 9.533381 0.000037 0.000049 0.000003 -0.005524 0.015981 -0.000002 0.004328 -0.015979 0.000003 0.002401 -0.000003 0.000002 -0.000005 0.000002 9.104510 -0.043024 -1.865069 0.000011 0.000701 0.000109 0.000001 0.000001 -0.000001 0.000000 0.000004 -0.000005 0.000000 -0.000003 0.000000 8.077771 -0.486873 -3.806252 -0.020175 4.288549 0.510635 -0.016178 -4.078361 -0.510901 -0.000001 -0.007701 -0.000003 0.000003 -0.000001 -0.000006 -8.207787 -6.751666 -1.599563 -9.433331 -4.142179 -13.276218 12.530905 -10.322461 -7.144682 -10.420278 -2.916213 13.000947 -0.868590 0.000011 -0.000003 0.000000 0.000000 -0.000000 8.207791 -6.751697 -1.599558 -14.465456 22.256846 9.350711 4.132508 -4.393493 3.767549 38.951999 -5.298827 -17.113703 -32.791865 0.106003 -2.371931 -0.000000 0.000000 0.000000 
-11.324871 102.595123 1.340638 7.867478 2.898120 8.940631 -0.000005 10.181585 0.131520 -2.305020 -0.531046 -1.614953 -4.635924 -1.026642 -1.125451 -4.642600 -0.995757 -1.124454 0.000002 16.740395 -2.049034 1.761350 1.246959 1.307714 -0.000001 9.617887 1.685004 16.290669 9.064737 -10.581583 0.000005 22.037354 7.501096 -0.000003 -0.000000 -0.000000 -4.569967 11.014917 -2.160884 0.311983 -11.867193 7.607323 -61.412908 26.694790 17.461080 -0.000015 28.813969 -0.000011 -16.584066 14.716334 -33.943120 -2.464793 -1.573975 2.681846 -1.619249 -4.333948 -6.744820 4.223205 -7.640271 -0.059993 -1.560135 0.883064 -1.926123 -0.000002 0.000002 0.000002 -9.108276 -0.517870 2.259823 -0.000000 -0.018790 0.000099 0.000000 0.029297 0.000001 0.000001 -0.010101 -0.000002 0.000002 -0.000004 0.000001 -9.532499 -0.000049 -0.000028 -0.000000 -0.057490 0.000099 0.000000 0.097395 0.000025 -0.000001 -0.036895 -0.000003 -0.000000 -0.000006 0.000002 -9.103584 -0.043075 -1.865151 -0.000000 0.017912 -0.000002 0.000001 -0.025406 0.000043 -0.000000 -0.012901 -0.000004 -0.000000 0.000003 0.000001 -8.076677 -0.486704 -3.806284 -0.000001 0.059612 -0.000501 -0.000000 0.096996 0.000001 0.000000 -0.056900 0.000001 -0.000000 -0.000000 -0.000001 4.570446 11.014708 -2.160855 -0.012383 7.658153 -7.981022 20.566813 -22.586957 -57.725972 -0.000011 -13.604600 -0.000011 -3.314100 -10.796510 15.045416 2.466130 -1.576205 2.681739 -1.336442 4.338055 6.279189 3.576457 7.070876 0.589257 -0.821928 0.916473 2.391506 -0.000000 0.000002 0.000000 9.109287 -0.518049 2.259875 0.000012 -0.005099 0.000106 -0.000001 0.012004 -0.000002 0.000001 -0.007605 0.000005 -0.000001 0.000001 -0.000008 9.533381 0.000037 0.000049 0.000003 -0.005524 0.015981 -0.000002 0.004328 -0.015979 0.000003 0.002401 -0.000003 0.000002 -0.000005 0.000002 9.104510 -0.043024 -1.865069 0.000011 0.000701 0.000109 0.000001 0.000001 -0.000001 0.000000 0.000004 -0.000005 0.000000 -0.000003 0.000000 8.077771 -0.486873 -3.806252 -0.020175 4.288549 0.510635 -0.016178 -4.078361 -0.510901 -0.000001 -0.007701 -0.000003 0.000003 -0.000001 -0.000006 -8.207787 -6.751666 -1.599563 -9.433331 -4.142179 -13.276218 12.530905 -10.322461 -7.144682 -10.420278 -2.916213 13.000947 -0.868590 0.000011 -0.000003 0.000000 0.000000 -0.000000 8.207791 -6.751697 -1.599558 -14.465456 22.256846 9.350711 4.132508 -4.393493 3.767549 38.951999 -5.298827 -17.113703 -32.791865 0.106003 -2.371931 -0.000000 0.000000 0.000000 
-11.324871 102.595123 1.340638 7.867478 2.898120 8.940631 -0.000005 10.181585 0.131520 -2.305020 -0.531046 -1.614953 -4.635924 -1.026642 -1.125451 -4.642600 -0.995757 -1.124454 0.000002 16.740395 -2.049034 1.761350 1.246959 1.307714 -0.000001 9.617887 1.685004 16.290669 9.064737 -10.581583 0.000005 22.037354 7.501096 -0.000003 -0.000000 -0.000000 -4.569967 11.014917 -2.160884 0.311983 -11.867193 7.607323 -61.412908 26.694790 17.461080 -0.000015 28.813969 -0.000011 -16.584066 14.716334 -33.943120 -2.464793 -1.573975 2.681846 -1.619249 -4.333948 -6.744820 4.223205 -7.640271 -0.059993 -1.560135 0.883064 -1.926123 -0.000002 0.000002 0.000002 -9.108276 -0.517870 2.259823 -0.000000 -0.018790 0.000099 0.000000 0.029297 0.000001 0.000001 -0.010101 -0.000002 0.000002 -0.000004 0.000001 -9.532499 -0.000049 -0.000028 -0.000000 -0.057490 0.000099 0.000000 0.097395 0.000025 -0.000001 -0.036895 -0.000003 -0.000000 -0.000006 0.000002 -9.103584 -0.043075 -1.865151 -0.000000 0.017912 -0.000002 0.000001 -0.025406 0.000043 -0.000000 -0.012901 -0.000004 -0.000000 0.000003 0.000001 -8.076677 -0.486704 -3.806284 -0.000001 0.059612 -0.000501 -0.000000 0.096996 0.000001 0.000000 -0.056900 0.000001 -0.000000 -0.000000 -0.000001 4.570446 11.014708 -2.160855 -0.012383 7.658153 -7.981022 20.566813 -22.586957 -57.725972 -0.000011 -13.604600 -0.000011 -3.314100 -10.796510 15.045416 2.466130 -1.576205 2.681739 -1.336442 4.338055 6.279189 3.576457 7.070876 0.589257 -0.821928 0.916473 2.391506 -0.000000 0.000002 0.000000 9.109287 -0.518049 2.259875 0.000012 -0.005099 0.000106 -0.000001 0.012004 -0.000002 0.000001 -0.007605 0.000005 -0.000001 0.000001 -0.000008 9.533381 0.000037 0.000049 0.000003 -0.005524 0.015981 -0.000002 0.004328 -0.015979 0.000003 0.002401 -0.000003 0.000002 -0.000005 0.000002 9.104510 -0.043024 -1.865069 0.000011 0.000701 0.000109 0.000001 0.000001 -0.000001 0.000000 0.000004 -0.000005 0.000000 -0.000003 0.000000 8.077771 -0.486873 -3.806252 -0.020175 4.288549 0.510635 -0.016178 -4.078361 -0.510901 -0.000001 -0.007701 -0.000003 0.000003 -0.000001 -0.000006 -8.207787 -6.751666 -1.599563 -9.433331 -4.142179 -13.276218 12.530905 -10.322461 -7.144682 -10.420278 -2.916213 13.000947 -0.868590 0.000011 -0.000003 0.000000 0.000000 -0.000000 8.207791 -6.751697 -1.599558 -14.465456 22.256846 9.350711 4.132508 -4.393493 3.767549 38.951999 -5.298827 -17.113703 -32.791865 0.106003 -2.371931 -0.000000 0.000000 0.000000 
-11.324871 102.595123 1.340638 7.867478 2.898120 8.940631 -0.000005 10.181585 0.131520 -2.305020 -0.531046 -1.614953 -4.635924 -1.026642 -1.125451 -4.642600 -0.995757 -1.124454 0.000002 16.740395 -2.049034 1.761350 1.246959 1.307714 -0.000001 9.617887 1.685004 16.290669 9.064737 -10.581583 0.000005 22.037354 7.501096 -0.000003 -0.000000 -0.000000 -4.569967 11.014917 -2.160884 0.311983 -11.867193 7.607323 -61.412908 26.694790 17.461080 -0.000015 28.813969 -0.000011 -16.584066 14.716334 -33.943120 -2.464793 -1.573975 2.681846 -1.619249 -4.333948 -6.744820 4.223205 -7.640271 -0.059993 -1.560135 0.883064 -1.926123 -0.000002 0.000002 0.000002 -9.108276 -0.517870 2.259823 -0.000000 -0.018790 0.000099 0.000000 0.029297 0.000001 0.000001 -0.010101 -0.000002 0.000002 -0.000004 0.000001 -9.532499 -0.000049 -0.000028 -0.000000 -0.057490 0.000099 0.000000 0.097395 0.000025 -0.000001 -0.036895 -0.000003 -0.000000 -0.000006 0.000002 -9.103584 -0.043075 -1.865151 -0.000000 0.017912 -0.000002 0.000001 -0.025406 0.000043 -0.000000 -0.012901 -0.000004 -0.000000 0.000003 0.000001 -8.076677 -0.486704 -3.806284 -0.000001 0.059612 -0.000501 -0.000000 0.096996 0.000001 0.000000 -0.056900 0.000001 -0.000000 -0.000000 -0.000001 4.570446 11.014708 -2.160855 -0.012383 7.658153 -7.981022 20.566813 -22.586957 -57.725972 -0.000011 -13.604600 -0.000011 -3.314100 -10.796510 15.045416 2.466130 -1.576205 2.681739 -1.336442 4.338055 6.279189 3.576457 7.070876 0.589257 -0.821928 0.916473 2.391506 -0.000000 0.000002 0.000000 9.109287 -0.518049 2.259875 0.000012 -0.005099 0.000106 -0.000001 0.012004 -0.000002 0.000001 -0.007605 0.000005 -0.000001 0.000001 -0.000008 9.533381 0.000037 0.000049 0.000003 -0.005524 0.015981 -0.000002 0.004328 -0.015979 0.000003 0.002401 -0.000003 0.000002 -0.000005 0.000002 9.104510 -0.043024 -1.865069 0.000011 0.000701 0.000109 0.000001 0.000001 -0.000001 0.000000 0.000004 -0.000005 0.000000 -0.000003 0.000000 8.077771 -0.486873 -3.806252 -0.020175 4.288549 0.510635 -0.016178 -4.078361 -0.510901 -0.000001 -0.007701 -0.000003 0.000003 -0.000001 -0.000006 -8.207787 -6.751666 -1.599563 -9.433331 -4.142179 -13.276218 12.530905 -10.322461 -7.144682 -10.420278 -2.916213 13.000947 -0.868590 0.000011 -0.000003 0.000000 0.000000 -0.000000 8.207791 -6.751697 -1.599558 -14.465456 22.256846 9.350711 4.132508 -4.393493 3.767549 38.951999 -5.298827 -17.113703 -32.791865 0.106003 -2.371931 -0.000000 0.000000 0.000000 
-11.324871 102.595123 1.340638 7.867478 2.898120 8.940631 -0.000005 10.181585 0.131520 -2.305020 -0.531046 -1.614953 -4.635924 -1.026642 -1.125451 -4.642600 -0.995757 -1.124454 0.000002 16.740395 -2.049034 1.761350 1.246959 1.307714 -0.000001 9.617887 1.685004 16.290669 9.064737 -10.581583 0.000005 22.037354 7.501096 -0.000003 -0.000000 -0.000000 -4.569967 11.014917 -2.160884 0.311983 -11.867193 7.607323 -61.412908 26.694790 17.461080 -0.000015 28.813969 -0.000011 -16.584066 14.716334 -33.943120 -2.464793 -1.573975 2.681846 -1.619249 -4.333948 -6.744820 4.223205 -7.640271 -0.059993 -1.560135 0.883064 -1.926123 -0.000002 0.000002 0.000002 -9.108276 -0.517870 2.259823 -0.000000 -0.018790 0.000099 0.000000 0.029297 0.000001 0.000001 -0.010101 -0.000002 0.000002 -0.000004 0.000001 -9.532499 -0.000049 -0.000028 -0.000000 -0.057490 0.000099 0.000000 0.097395 0.000025 -0.000001 -0.036895 -0.000003 -0.000000 -0.000006 0.000002 -9.103584 -0.043075 -1.865151 -0.000000 0.017912 -0.000002 0.000001 -0.025406 0.000043 -0.000000 -0.012901 -0.000004 -0.000000 0.000003 0.000001 -8.076677 -0.486704 -3.806284 -0.000001 0.059612 -0.000501 -0.000000 0.096996 0.000001 0.000000 -0.056900 0.000001 -0.000000 -0.000000 -0.000001 4.570446 11.014708 -2.160855 -0.012383 7.658153 -7.981022 20.566813 -22.586957 -57.725972 -0.000011 -13.604600 -0.000011 -3.314100 -10.796510 15.045416 2.466130 -1.576205 2.681739 -1.336442 4.338055 6.279189 3.576457 7.070876 0.589257 -0.821928 0.916473 2.391506 -0.000000 0.000002 0.000000 9.109287 -0.518049 2.259875 0.000012 -0.005099 0.000106 -0.000001 0.012004 -0.000002 0.000001 -0.007605 0.000005 -0.000001 0.000001 -0.000008 9.533381 0.000037 0.000049 0.000003 -0.005524 0.015981 -0.000002 0.004328 -0.015979 0.000003 0.002401 -0.000003 0.000002 -0.000005 0.000002 9.104510 -0.043024 -1.865069 0.000011 0.000701 0.000109 0.000001 0.000001 -0.000001 0.000000 0.000004 -0.000005 0.000000 -0.000003 0.000000 8.077771 -0.486873 -3.806252 -0.020175 4.288549 0.510635 -0.016178 -4.078361 -0.510901 -0.000001 -0.007701 -0.000003 0.000003 -0.000001 -0.000006 -8.207787 -6.751666 -1.599563 -9.433331 -4.142179 -13.276218 12.530905 -10.322461 -7.144682 -10.420278 -2.916213 13.000947 -0.868590 0.000011 -0.000003 0.000000 0.000000 -0.000000 8.207791 -6.751697 -1.599558 -14.465456 22.256846 9.350711 4.132508 -4.393493 3.767549 38.951999 -5.298827 -17.113703 -32.791865 0.106003 -2.371931 -0.000000 0.000000 0.000000 
-11.324871 102.595123 1.340638 7.867478 2.898120 8.940631 -0.000005 10.181585 0.131520 -2.305020 -0.531046 -1.614953 -4.635924 -1.026642 -1.125451 -4.642600 -0.995757 -1.124454 0.000002 16.740395 -2.049034 1.761350 1.246959 1.307714 -0.000001 9.617887 1.685004 16.290669 9.064737 -10.581583 0.000005 22.037354 7.501096 -0.000003 -0.000000 -0.000000 -4.569967 11.014917 -2.160884 0.311983 -11.867193 7.607323 -61.412908 26.694790 17.461080 -0.000015 28.813969 -0.000011 -16.584066 14.716334 -33.943120 -2.464793 -1.573975 2.681846 -1.619249 -4.333948 -6.744820 4.223205 -7.640271 -0.059993 -1.560135 0.883064 -1.926123 -0.000002 0.000002 0.000002 -9.108276 -0.517870 2.259823 -0.000000 -0.018790 0.000099 0.000000 0.029297 0.000001 0.000001 -0.010101 -0.000002 0.000002 -0.000004 0.000001 -9.532499 -0.000049 -0.000028 -0.000000 -0.057490 0.000099 0.000000 0.097395 0.000025 -0.000001 -0.036895 -0.000003 -0.000000 -0.000006 0.000002 -9.103584 -0.043075 -1.865151 -0.000000 0.017912 -0.000002 0.000001 -0.025406 0.000043 -0.000000 -0.012901 -0.000004 -0.000000 0.000003 0.000001 -8.076677 -0.486704 -3.806284 -0.000001 0.059612 -0.000501 -0.000000 0.096996 0.000001 0.000000 -0.056900 0.000001 -0.000000 -0.000000 -0.000001 4.570446 11.014708 -2.160855 -0.012383 7.658153 -7.981022 20.566813 -22.586957 -57.725972 -0.000011 -13.604600 -0.000011 -3.314100 -10.796510 15.045416 2.466130 -1.576205 2.681739 -1.336442 4.338055 6.279189 3.576457 7.070876 0.589257 -0.821928 0.916473 2.391506 -0.000000 0.000002 0.000000 9.109287 -0.518049 2.259875 0.000012 -0.005099 0.000106 -0.000001 0.012004 -0.000002 0.000001 -0.007605 0.000005 -0.000001 0.000001 -0.000008 9.533381 0.000037 0.000049 0.000003 -0.005524 0.015981 -0.000002 0.004328 -0.015979 0.000003 0.002401 -0.000003 0.000002 -0.000005 0.000002 9.104510 -0.043024 -1.865069 0.000011 0.000701 0.000109 0.000001 0.000001 -0.000001 0.000000 0.000004 -0.000005 0.000000 -0.000003 0.000000 8.077771 -0.486873 -3.806252 -0.020175 4.288549 0.510635 -0.016178 -4.078361 -0.510901 -0.000001 -0.007701 -0.000003 0.000003 -0.000001 -0.000006 -8.207787 -6.751666 -1.599563 -9.433331 -4.142179 -13.276218 12.530905 -10.322461 -7.144682 -10.420278 -2.916213 13.000947 -0.868590 0.000011 -0.000003 0.000000 0.000000 -0.000000 8.207791 -6.751697 -1.599558 -14.465456 22.256846 9.350711 4.132508 -4.393493 3.767549 38.951999 -5.298827 -17.113703 -32.791865 0.106003 -2.371931 -0.000000 0.000000 0.000000 
-11.324871 102.595123 1.340638 7.867478 2.898120 8.940631 -0.000005 10.181585 0.131520 -2.305020 -0.531046 -1.614953 -4.635924 -1.026642 -1.125451 -4.642600 -0.995757 -1.124454 0.000002 16.740395 -2.049034 1.761350 1.246959 1.307714 -0.000001 9.617887 1.685004 16.290669 9.064737 -10.581583 0.000005 22.037354 7.501096 -0.000003 -0.000000 -0.000000 -4.569967 11.014917 -2.160884 0.311983 -11.867193 7.607323 -61.412908 26.694790 17.461080 -0.000015 28.813969 -0.000011 -16.584066 14.716334 -33.943120 -2.464793 -1.573975 2.681846 -1.619249 -4.333948 -6.744820 4.223205 -7.640271 -0.059993 -1.560135 0.883064 -1.926123 -0.000002 0.000002 0.000002 -9.108276 -0.517870 2.259823 -0.000000 -0.018790 0.000099 0.000000 0.029297 0.000001 0.000001 -0.010101 -0.000002 0.000002 -0.000004 0.000001 -9.532499 -0.000049 -0.000028 -0.000000 -0.057490 0.000099 0.000000 0.097395 0.000025 -0.000001 -0.036895 -0.000003 -0.000000 -0.000006 0.000002 -9.103584 -0.043075 -1.865151 -0.000000 0.017912 -0.000002 0.000001 -0.025406 0.000043 -0.000000 -0.012901 -0.000004 -0.000000 0.000003 0.000001 -8.076677 -0.486704 -3.806284 -0.000001 0.059612 -0.000501 -0.000000 0.096996 0.000001 0.000000 -0.056900 0.000001 -0.000000 -0.000000 -0.000001 4.570446 11.014708 -2.160855 -0.012383 7.658153 -7.981022 20.566813 -22.586957 -57.725972 -0.000011 -13.604600 -0.000011 -3.314100 -10.796510 15.045416 2.466130 -1.576205 2.681739 -1.336442 4.338055 6.279189 3.576457 7.070876 0.589257 -0.821928 0.916473 2.391506 -0.000000 0.000002 0.000000 9.109287 -0.518049 2.259875 0.000012 -0.005099 0.000106 -0.000001 0.012004 -0.000002 0.000001 -0.007605 0.000005 -0.000001 0.000001 -0.000008 9.533381 0.000037 0.000049 0.000003 -0.005524 0.015981 -0.000002 0.004328 -0.015979 0.000003 0.002401 -0.000003 0.000002 -0.000005 0.000002 9.104510 -0.043024 -1.865069 0.000011 0.000701 0.000109 0.000001 0.000001 -0.000001 0.000000 0.000004 -0.000005 0.000000 -0.000003 0.000000 8.077771 -0.486873 -3.806252 -0.020175 4.288549 0.510635 -0.016178 -4.078361 -0.510901 -0.000001 -0.007701 -0.000003 0.000003 -0.000001 -0.000006 -8.207787 -6.751666 -1.599563 -9.433331 -4.142179 -13.276218 12.530905 -10.322461 -7.144682 -10.420278 -2.916213 13.000947 -0.868590 0.000011 -0.000003 0.000000 0.000000 -0.000000 8.207791 -6.751697 -1.599558 -14.465456 22.256846 9.350711 4.132508 -4.393493 3.767549 38.951999 -5.298827 -17.113703 -32.791865 0.106003 -2.371931 -0.000000 0.000000 0.000000 
-11.324871 102.595123 1.340638 7.867478 2.898120 8.940631 -0.000005 10.181585 0.131520 -2.305020 -0.531046 -1.614953 -4.635924 -1.026642 -1.125451 -4.642600 -0.995757 -1.124454 0.000002 16.740395 -2.049034 1.761350 1.246959 1.307714 -0.000001 9.617887 1.685004 16.290669 9.064737 -10.581583 0.000005 22.037354 7.501096 -0.000003 -0.000000 -0.000000 -4.569967 11.014917 -2.160884 0.311983 -11.867193 7.607323 -61.412908 26.694790 17.461080 -0.000015 28.813969 -0.000011 -16.584066 14.716334 -33.943120 -2.464793 -1.573975 2.681846 -1.619249 -4.333948 -6.744820 4.223205 -7.640271 -0.059993 -1.560135 0.883064 -1.926123 -0.000002 0.000002 0.000002 -9.108276 -0.517870 2.259823 -0.000000 -0.018790 0.000099 0.000000 0.029297 0.000001 0.000001 -0.010101 -0.000002 0.000002 -0.000004 0.000001 -9.532499 -0.000049 -0.000028 -0.000000 -0.057490 0.000099 0.000000 0.097395 0.000025 -0.000001 -0.036895 -0.000003 -0.000000 -0.000006 0.000002 -9.103584 -0.043075 -1.865151 -0.000000 0.017912 -0.000002 0.000001 -0.025406 0.000043 -0.000000 -0.012901 -0.000004 -0.000000 0.000003 0.000001 -8.076677 -0.486704 -3.806284 -0.000001 0.059612 -0.000501 -0.000000 0.096996 0.000001 0.000000 -0.056900 0.000001 -0.000000 -0.000000 -0.000001 4.570446 11.014708 -2.160855 -0.012383 7.658153 -7.981022 20.566813 -22.586957 -57.725972 -0.000011 -13.604600 -0.000011 -3.314100 -10.796510 15.045416 2.466130 -1.576205 2.681739 -1.336442 4.338055 6.279189 3.576457 7.070876 0.589257 -0.821928 0.916473 2.391506 -0.000000 0.000002 0.000000 9.109287 -0.518049 2.259875 0.000012 -0.005099 0.000106 -0.000001 0.012004 -0.000002 0.000001 -0.007605 0.000005 -0.000001 0.000001 -0.000008 9.533381 0.000037 0.000049 0.000003 -0.005524 0.015981 -0.000002 0.004328 -0.015979 0.000003 0.002401 -0.000003 0.000002 -0.000005 0.000002 9.104510 -0.043024 -1.865069 0.000011 0.000701 0.000109 0.000001 0.000001 -0.000001 0.000000 0.000004 -0.000005 0.000000 -0.000003 0.000000 8.077771 -0.486873 -3.806252 -0.020175 4.288549 0.510635 -0.016178 -4.078361 -0.510901 -0.000001 -0.007701 -0.000003 0.000003 -0.000001 -0.000006 -8.207787 -6.751666 -1.599563 -9.433331 -4.142179 -13.276218 12.530905 -10.322461 -7.144682 -10.420278 -2.916213 13.000947 -0.868590 0.000011 -0.000003 0.000000 0.000000 -0.000000 8.207791 -6.751697 -1.599558 -14.465456 22.256846 9.350711 4.132508 -4.393493 3.767549 38.951999 -5.298827 -17.113703 -32.791865 0.106003 -2.371931 -0.000000 0.000000 0.000000 
-11.324871 102.595123 1.340638 7.867478 2.898120 8.940631 -0.000005 10.181585 0.131520 -2.305020 -0.531046 -1.614953 -4.635924 -1.026642 -1.125451 -4.642600 -0.995757 -1.124454 0.000002 16.740395 -2.049034 1.761350 1.246959 1.307714 -0.000001 9.617887 1.685004 16.290669 9.064737 -10.581583 0.000005 22.037354 7.501096 -0.000003 -0.000000 -0.000000 -4.569967 11.014917 -2.160884 0.311983 -11.867193 7.607323 -61.412908 26.694790 17.461080 -0.000015 28.813969 -0.000011 -16.584066 14.716334 -33.943120 -2.464793 -1.573975 2.681846 -1.619249 -4.333948 -6.744820 4.223205 -7.640271 -0.059993 -1.560135 0.883064 -1.926123 -0.000002 0.000002 0.000002 -9.108276 -0.517870 2.259823 -0.000000 -0.018790 0.000099 0.000000 0.029297 0.000001 0.000001 -0.010101 -0.000002 0.000002 -0.000004 0.000001 -9.532499 -0.000049 -0.000028 -0.000000 -0.057490 0.000099 0.000000 0.097395 0.000025 -0.000001 -0.036895 -0.000003 -0.000000 -0.000006 0.000002 -9.103584 -0.043075 -1.865151 -0.000000 0.017912 -0.000002 0.000001 -0.025406 0.000043 -0.000000 -0.012901 -0.000004 -0.000000 0.000003 0.000001 -8.076677 -0.486704 -3.806284 -0.000001 0.059612 -0.000501 -0.000000 0.096996 0.000001 0.000000 -0.056900 0.000001 -0.000000 -0.000000 -0.000001 4.570446 11.014708 -2.160855 -0.012383 7.658153 -7.981022 20.566813 -22.586957 -57.725972 -0.000011 -13.604600 -0.000011 -3.314100 -10.796510 15.045416 2.466130 -1.576205 2.681739 -1.336442 4.338055 6.279189 3.576457 7.070876 0.589257 -0.821928 0.916473 2.391506 -0.000000 0.000002 0.000000 9.109287 -0.518049 2.259875 0.000012 -0.005099 0.000106 -0.000001 0.012004 -0.000002 0.000001 -0.007605 0.000005 -0.000001 0.000001 -0.000008 9.533381 0.000037 0.000049 0.000003 -0.005524 0.015981 -0.000002 0.004328 -0.015979 0.000003 0.002401 -0.000003 0.000002 -0.000005 0.000002 9.104510 -0.043024 -1.865069 0.000011 0.000701 0.000109 0.000001 0.000001 -0.000001 0.000000 0.000004 -0.000005 0.000000 -0.000003 0.000000 8.077771 -0.486873 -3.806252 -0.020175 4.288549 0.510635 -0.016178 -4.078361 -0.510901 -0.000001 -0.007701 -0.000003 0.000003 -0.000001 -0.000006 -8.207787 -6.751666 -1.599563 -9.433331 -4.142179 -13.276218 12.530905 -10.322461 -7.144682 -10.420278 -2.916213 13.000947 -0.868590 0.000011 -0.000003 0.000000 0.000000 -0.000000 8.207791 -6.751697 -1.599558 -14.465456 22.256846 9.350711 4.132508 -4.393493 3.767549 38.951999 -5.298827 -17.113703 -32.791865 0.106003 -2.371931 -0.000000 0.000000 0.000000 
-11.324871 102.595123 1.340638 7.867478 2.898120 8.940631 -0.000005 10.181585 0.131520 -2.305020 -0.531046 -1.614953 -4.635924 -1.026642 -1.125451 -4.642600 -0.995757 -1.124454 0.000002 16.740395 -2.049034 1.761350 1.246959 1.307714 -0.000001 9.617887 1.685004 16.290669 9.064737 -10.581583 0.000005 22.037354 7.501096 -0.000003 -0.000000 -0.000000 -4.569967 11.014917 -2.160884 0.311983 -11.867193 7.607323 -61.412908 26.694790 17.461080 -0.000015 28.813969 -0.000011 -16.584066 14.716334 -33.943120 -2.464793 -1.573975 2.681846 -1.619249 -4.333948 -6.744820 4.223205 -7.640271 -0.059993 -1.560135 0.883064 -1.926123 -0.000002 0.000002 0.000002 -9.108276 -0.517870 2.259823 -0.000000 -0.018790 0.000099 0.000000 0.029297 0.000001 0.000001 -0.010101 -0.000002 0.000002 -0.000004 0.000001 -9.532499 -0.000049 -0.000028 -0.000000 -0.057490 0.000099 0.000000 0.097395 0.000025 -0.000001 -0.036895 -0.000003 -0.000000 -0.000006 0.000002 -9.103584 -0.043075 -1.865151 -0.000000 0.017912 -0.000002 0.000001 -0.025406 0.000043 -0.000000 -0.012901 -0.000004 -0.000000 0.000003 0.000001 -8.076677 -0.486704 -3.806284 -0.000001 0.059612 -0.000501 -0.000000 0.096996 0.000001 0.000000 -0.056900 0.000001 -0.000000 -0.000000 -0.000001 4.570446 11.014708 -2.160855 -0.012383 7.658153 -7.981022 20.566813 -22.586957 -57.725972 -0.000011 -13.604600 -0.000011 -3.314100 -10.796510 15.045416 2.466130 -1.576205 2.681739 -1.336442 4.338055 6.279189 3.576457 7.070876 0.589257 -0.821928 0.916473 2.391506 -0.000000 0.000002 0.000000 9.109287 -0.518049 2.259875 0.000012 -0.005099 0.000106 -0.000001 0.012004 -0.000002 0.000001 -0.007605 0.000005 -0.000001 0.000001 -0.000008 9.533381 0.000037 0.000049 0.000003 -0.005524 0.015981 -0.000002 0.004328 -0.015979 0.000003 0.002401 -0.000003 0.000002 -0.000005 0.000002 9.104510 -0.043024 -1.865069 0.000011 0.000701 0.000109 0.000001 0.000001 -0.000001 0.000000 0.000004 -0.000005 0.000000 -0.000003 0.000000 8.077771 -0.486873 -3.806252 -0.020175 4.288549 0.510635 -0.016178 -4.078361 -0.510901 -0.000001 -0.007701 -0.000003 0.000003 -0.000001 -0.000006 -8.207787 -6.751666 -1.599563 -9.433331 -4.142179 -13.276218 12.530905 -10.322461 -7.144682 -10.420278 -2.916213 13.000947 -0.868590 0.000011 -0.000003 0.000000 0.000000 -0.000000 8.207791 -6.751697 -1.599558 -14.465456 22.256846 9.350711 4.132508 -4.393493 3.767549 38.951999 -5.298827 -17.113703 -32.791865 0.106003 -2.371931 -0.000000 0.000000 0.000000 
-11.324871 102.595123 1.340638 7.867478 2.898120 8.940631 -0.000005 10.181585 0.131520 -2.305020 -0.531046 -1.614953 -4.635924 -1.026642 -1.125451 -4.642600 -0.995757 -1.124454 0.000002 16.740395 -2.049034 1.761350 1.246959 1.307714 -0.000001 9.617887 1.685004 16.290669 9.064737 -10.581583 0.000005 22.037354 7.501096 -0.000003 -0.000000 -0.000000 -4.569967 11.014917 -2.160884 0.311983 -11.867193 7.607323 -61.412908 26.694790 17.461080 -0.000015 28.813969 -0.000011 -16.584066 14.716334 -33.943120 -2.464793 -1.573975 2.681846 -1.619249 -4.333948 -6.744820 4.223205 -7.640271 -0.059993 -1.560135 0.883064 -1.926123 -0.000002 0.000002 0.000002 -9.108276 -0.517870 2.259823 -0.000000 -0.018790 0.000099 0.000000 0.029297 0.000001 0.000001 -0.010101 -0.000002 0.000002 -0.000004 0.000001 -9.532499 -0.000049 -0.000028 -0.000000 -0.057490 0.000099 0.000000 0.097395 0.000025 -0.000001 -0.036895 -0.000003 -0.000000 -0.000006 0.000002 -9.103584 -0.043075 -1.865151 -0.000000 0.017912 -0.000002 0.000001 -0.025406 0.000043 -0.000000 -0.012901 -0.000004 -0.000000 0.000003 0.000001 -8.076677 -0.486704 -3.806284 -0.000001 0.059612 -0.000501 -0.000000 0.096996 0.000001 0.000000 -0.056900 0.000001 -0.000000 -0.000000 -0.000001 4.570446 11.014708 -2.160855 -0.012383 7.658153 -7.981022 20.566813 -22.586957 -57.725972 -0.000011 -13.604600 -0.000011 -3.314100 -10.796510 15.045416 2.466130 -1.576205 2.681739 -1.336442 4.338055 6.279189 3.576457 7.070876 0.589257 -0.821928 0.916473 2.391506 -0.000000 0.000002 0.000000 9.109287 -0.518049 2.259875 0.000012 -0.005099 0.000106 -0.000001 0.012004 -0.000002 0.000001 -0.007605 0.000005 -0.000001 0.000001 -0.000008 9.533381 0.000037 0.000049 0.000003 -0.005524 0.015981 -0.000002 0.004328 -0.015979 0.000003 0.002401 -0.000003 0.000002 -0.000005 0.000002 9.104510 -0.043024 -1.865069 0.000011 0.000701 0.000109 0.000001 0.000001 -0.000001 0.000000 0.000004 -0.000005 0.000000 -0.000003 0.000000 8.077771 -0.486873 -3.806252 -0.020175 4.288549 0.510635 -0.016178 -4.078361 -0.510901 -0.000001 -0.007701 -0.000003 0.000003 -0.000001 -0.000006 -8.207787 -6.751666 -1.599563 -9.433331 -4.142179 -13.276218 12.530905 -10.322461 -7.144682 -10.420278 -2.916213 13.000947 -0.868590 0.000011 -0.000003 0.000000 0.000000 -0.000000 8.207791 -6.751697 -1.599558 -14.465456 22.256846 9.350711 4.132508 -4.393493 3.767549 38.951999 -5.298827 -17.113703 -32.791865 0.106003 -2.371931 -0.000000 0.000000 0.000000 
-11.324871 102.595123 1.340638 7.867478 2.898120 8.940631 -0.000005 10.181585 0.131520 -2.305020 -0.531046 -1.614953 -4.635924 -1.026642 -1.125451 -4.642600 -0.995757 -1.124454 0.000002 16.740395 -2.049034 1.761350 1.246959 1.307714 -0.000001 9.617887 1.685004 16.290669 9.064737 -10.581583 0.000005 22.037354 7.501096 -0.000003 -0.000000 -0.000000 -4.569967 11.014917 -2.160884 0.311983 -11.867193 7.607323 -61.412908 26.694790 17.461080 -0.000015 28.813969 -0.000011 -16.584066 14.716334 -33.943120 -2.464793 -1.573975 2.681846 -1.619249 -4.333948 -6.744820 4.223205 -7.640271 -0.059993 -1.560135 0.883064 -1.926123 -0.000002 0.000002 0.000002 -9.108276 -0.517870 2.259823 -0.000000 -0.018790 0.000099 0.000000 0.029297 0.000001 0.000001 -0.010101 -0.000002 0.000002 -0.000004 0.000001 -9.532499 -0.000049 -0.000028 -0.000000 -0.057490 0.000099 0.000000 0.097395 0.000025 -0.000001 -0.036895 -0.000003 -0.000000 -0.000006 0.000002 -9.103584 -0.043075 -1.865151 -0.000000 0.017912 -0.000002 0.000001 -0.025406 0.000043 -0.000000 -0.012901 -0.000004 -0.000000 0.000003 0.000001 -8.076677 -0.486704 -3.806284 -0.000001 0.059612 -0.000501 -0.000000 0.096996 0.000001 0.000000 -0.056900 0.000001 -0.000000 -0.000000 -0.000001 4.570446 11.014708 -2.160855 -0.012383 7.658153 -7.981022 20.566813 -22.586957 -57.725972 -0.000011 -13.604600 -0.000011 -3.314100 -10.796510 15.045416 2.466130 -1.576205 2.681739 -1.336442 4.338055 6.279189 3.576457 7.070876 0.589257 -0.821928 0.916473 2.391506 -0.000000 0.000002 0.000000 9.109287 -0.518049 2.259875 0.000012 -0.005099 0.000106 -0.000001 0.012004 -0.000002 0.000001 -0.007605 0.000005 -0.000001 0.000001 -0.000008 9.533381 0.000037 0.000049 0.000003 -0.005524 0.015981 -0.000002 0.004328 -0.015979 0.000003 0.002401 -0.000003 0.000002 -0.000005 0.000002 9.104510 -0.043024 -1.865069 0.000011 0.000701 0.000109 0.000001 0.000001 -0.000001 0.000000 0.000004 -0.000005 0.000000 -0.000003 0.000000 8.077771 -0.486873 -3.806252 -0.020175 4.288549 0.510635 -0.016178 -4.078361 -0.510901 -0.000001 -0.007701 -0.000003 0.000003 -0.000001 -0.000006 -8.207787 -6.751666 -1.599563 -9.433331 -4.142179 -13.276218 12.530905 -10.322461 -7.144682 -10.420278 -2.916213 13.000947 -0.868590 0.000011 -0.000003 0.000000 0.000000 -0.000000 8.207791 -6.751697 -1.599558 -14.465456 22.256846 9.350711 4.132508 -4.393493 3.767549 38.951999 -5.298827 -17.113703 -32.791865 0.106003 -2.371931 -0.000000 0.000000 0.000000 
-11.324871 102.595123 1.340638 7.867478 2.898120 8.940631 -0.000005 10.181585 0.131520 -2.305020 -0.531046 -1.614953 -4.635924 -1.026642 -1.125451 -4.642600 -0.995757 -1.124454 0.000002 16.740395 -2.049034 1.761350 1.246959 1.307714 -0.000001 9.617887 1.685004 16.290669 9.064737 -10.581583 0.000005 22.037354 7.501096 -0.000003 -0.000000 -0.000000 -4.569967 11.014917 -2.160884 0.311983 -11.867193 7.607323 -61.412908 26.694790 17.461080 -0.000015 28.813969 -0.000011 -16.584066 14.716334 -33.943120 -2.464793 -1.573975 2.681846 -1.619249 -4.333948 -6.744820 4.223205 -7.640271 -0.059993 -1.560135 0.883064 -1.926123 -0.000002 0.000002 0.000002 -9.108276 -0.517870 2.259823 -0.000000 -0.018790 0.000099 0.000000 0.029297 0.000001 0.000001 -0.010101 -0.000002 0.000002 -0.000004 0.000001 -9.532499 -0.000049 -0.000028 -0.000000 -0.057490 0.000099 0.000000 0.097395 0.000025 -0.000001 -0.036895 -0.000003 -0.000000 -0.000006 0.000002 -9.103584 -0.043075 -1.865151 -0.000000 0.017912 -0.000002 0.000001 -0.025406 0.000043 -0.000000 -0.012901 -0.000004 -0.000000 0.000003 0.000001 -8.076677 -0.486704 -3.806284 -0.000001 0.059612 -0.000501 -0.000000 0.096996 0.000001 0.000000 -0.056900 0.000001 -0.000000 -0.000000 -0.000001 4.570446 11.014708 -2.160855 -0.012383 7.658153 -7.981022 20.566813 -22.586957 -57.725972 -0.000011 -13.604600 -0.000011 -3.314100 -10.796510 15.045416 2.466130 -1.576205 2.681739 -1.336442 4.338055 6.279189 3.576457 7.070876 0.589257 -0.821928 0.916473 2.391506 -0.000000 0.000002 0.000000 9.109287 -0.518049 2.259875 0.000012 -0.005099 0.000106 -0.000001 0.012004 -0.000002 0.000001 -0.007605 0.000005 -0.000001 0.000001 -0.000008 9.533381 0.000037 0.000049 0.000003 -0.005524 0.015981 -0.000002 0.004328 -0.015979 0.000003 0.002401 -0.000003 0.000002 -0.000005 0.000002 9.104510 -0.043024 -1.865069 0.000011 0.000701 0.000109 0.000001 0.000001 -0.000001 0.000000 0.000004 -0.000005 0.000000 -0.000003 0.000000 8.077771 -0.486873 -3.806252 -0.020175 4.288549 0.510635 -0.016178 -4.078361 -0.510901 -0.000001 -0.007701 -0.000003 0.000003 -0.000001 -0.000006 -8.207787 -6.751666 -1.599563 -9.433331 -4.142179 -13.276218 12.530905 -10.322461 -7.144682 -10.420278 -2.916213 13.000947 -0.868590 0.000011 -0.000003 0.000000 0.000000 -0.000000 8.207791 -6.751697 -1.599558 -14.465456 22.256846 9.350711 4.132508 -4.393493 3.767549 38.951999 -5.298827 -17.113703 -32.791865 0.106003 -2.371931 -0.000000 0.000000 0.000000 
-11.324871 102.595123 1.340638 7.867478 2.898120 8.940631 -0.000005 10.181585 0.131520 -2.305020 -0.531046 -1.614953 -4.635924 -1.026642 -1.125451 -4.642600 -0.995757 -1.124454 0.000002 16.740395 -2.049034 1.761350 1.246959 1.307714 -0.000001 9.617887 1.685004 16.290669 9.064737 -10.581583 0.000005 22.037354 7.501096 -0.000003 -0.000000 -0.000000 -4.569967 11.014917 -2.160884 0.311983 -11.867193 7.607323 -61.412908 26.694790 17.461080 -0.000015 28.813969 -0.000011 -16.584066 14.716334 -33.943120 -2.464793 -1.573975 2.681846 -1.619249 -4.333948 -6.744820 4.223205 -7.640271 -0.059993 -1.560135 0.883064 -1.926123 -0.000002 0.000002 0.000002 -9.108276 -0.517870 2.259823 -0.000000 -0.018790 0.000099 0.000000 0.029297 0.000001 0.000001 -0.010101 -0.000002 0.000002 -0.000004 0.000001 -9.532499 -0.000049 -0.000028 -0.000000 -0.057490 0.000099 0.000000 0.097395 0.000025 -0.000001 -0.036895 -0.000003 -0.000000 -0.000006 0.000002 -9.103584 -0.043075 -1.865151 -0.000000 0.017912 -0.000002 0.000001 -0.025406 0.000043 -0.000000 -0.012901 -0.000004 -0.000000 0.000003 0.000001 -8.076677 -0.486704 -3.806284 -0.000001 0.059612 -0.000501 -0.000000 0.096996 0.000001 0.000000 -0.056900 0.000001 -0.000000 -0.000000 -0.000001 4.570446 11.014708 -2.160855 -0.012383 7.658153 -7.981022 20.566813 -22.586957 -57.725972 -0.000011 -13.604600 -0.000011 -3.314100 -10.796510 15.045416 2.466130 -1.576205 2.681739 -1.336442 4.338055 6.279189 3.576457 7.070876 0.589257 -0.821928 0.916473 2.391506 -0.000000 0.000002 0.000000 9.109287 -0.518049 2.259875 0.000012 -0.005099 0.000106 -0.000001 0.012004 -0.000002 0.000001 -0.007605 0.000005 -0.000001 0.000001 -0.000008 9.533381 0.000037 0.000049 0.000003 -0.005524 0.015981 -0.000002 0.004328 -0.015979 0.000003 0.002401 -0.000003 0.000002 -0.000005 0.000002 9.104510 -0.043024 -1.865069 0.000011 0.000701 0.000109 0.000001 0.000001 -0.000001 0.000000 0.000004 -0.000005 0.000000 -0.000003 0.000000 8.077771 -0.486873 -3.806252 -0.020175 4.288549 0.510635 -0.016178 -4.078361 -0.510901 -0.000001 -0.007701 -0.000003 0.000003 -0.000001 -0.000006 -8.207787 -6.751666 -1.599563 -9.433331 -4.142179 -13.276218 12.530905 -10.322461 -7.144682 -10.420278 -2.916213 13.000947 -0.868590 0.000011 -0.000003 0.000000 0.000000 -0.000000 8.207791 -6.751697 -1.599558 -14.465456 22.256846 9.350711 4.132508 -4.393493 3.767549 38.951999 -5.298827 -17.113703 -32.791865 0.106003 -2.371931 -0.000000 0.000000 0.000000 
-11.324871 102.595123 1.340638 7.867478 2.898120 8.940631 -0.000005 10.181585 0.131520 -2.305020 -0.531046 -1.614953 -4.635924 -1.026642 -1.125451 -4.642600 -0.995757 -1.124454 0.000002 16.740395 -2.049034 1.761350 1.246959 1.307714 -0.000001 9.617887 1.685004 16.290669 9.064737 -10.581583 0.000005 22.037354 7.501096 -0.000003 -0.000000 -0.000000 -4.569967 11.014917 -2.160884 0.311983 -11.867193 7.607323 -61.412908 26.694790 17.461080 -0.000015 28.813969 -0.000011 -16.584066 14.716334 -33.943120 -2.464793 -1.573975 2.681846 -1.619249 -4.333948 -6.744820 4.223205 -7.640271 -0.059993 -1.560135 0.883064 -1.926123 -0.000002 0.000002 0.000002 -9.108276 -0.517870 2.259823 -0.000000 -0.018790 0.000099 0.000000 0.029297 0.000001 0.000001 -0.010101 -0.000002 0.000002 -0.000004 0.000001 -9.532499 -0.000049 -0.000028 -0.000000 -0.057490 0.000099 0.000000 0.097395 0.000025 -0.000001 -0.036895 -0.000003 -0.000000 -0.000006 0.000002 -9.103584 -0.043075 -1.865151 -0.000000 0.017912 -0.000002 0.000001 -0.025406 0.000043 -0.000000 -0.012901 -0.000004 -0.000000 0.000003 0.000001 -8.076677 -0.486704 -3.806284 -0.000001 0.059612 -0.000501 -0.000000 0.096996 0.000001 0.000000 -0.056900 0.000001 -0.000000 -0.000000 -0.000001 4.570446 11.014708 -2.160855 -0.012383 7.658153 -7.981022 20.566813 -22.586957 -57.725972 -0.000011 -13.604600 -0.000011 -3.314100 -10.796510 15.045416 2.466130 -1.576205 2.681739 -1.336442 4.338055 6.279189 3.576457 7.070876 0.589257 -0.821928 0.916473 2.391506 -0.000000 0.000002 0.000000 9.109287 -0.518049 2.259875 0.000012 -0.005099 0.000106 -0.000001 0.012004 -0.000002 0.000001 -0.007605 0.000005 -0.000001 0.000001 -0.000008 9.533381 0.000037 0.000049 0.000003 -0.005524 0.015981 -0.000002 0.004328 -0.015979 0.000003 0.002401 -0.000003 0.000002 -0.000005 0.000002 9.104510 -0.043024 -1.865069 0.000011 0.000701 0.000109 0.000001 0.000001 -0.000001 0.000000 0.000004 -0.000005 0.000000 -0.000003 0.000000 8.077771 -0.486873 -3.806252 -0.020175 4.288549 0.510635 -0.016178 -4.078361 -0.510901 -0.000001 -0.007701 -0.000003 0.000003 -0.000001 -0.000006 -8.207787 -6.751666 -1.599563 -9.433331 -4.142179 -13.276218 12.530905 -10.322461 -7.144682 -10.420278 -2.916213 13.000947 -0.868590 0.000011 -0.000003 0.000000 0.000000 -0.000000 8.207791 -6.751697 -1.599558 -14.465456 22.256846 9.350711 4.132508 -4.393493 3.767549 38.951999 -5.298827 -17.113703 -32.791865 0.106003 -2.371931 -0.000000 0.000000 0.000000 
-11.324871 102.595123 1.340638 7.867478 2.898120 8.940631 -0.000005 10.181585 0.131520 -2.305020 -0.531046 -1.614953 -4.635924 -1.026642 -1.125451 -4.642600 -0.995757 -1.124454 0.000002 16.740395 -2.049034 1.761350 1.246959 1.307714 -0.000001 9.617887 1.685004 16.290669 9.064737 -10.581583 0.000005 22.037354 7.501096 -0.000003 -0.000000 -0.000000 -4.569967 11.014917 -2.160884 0.311983 -11.867193 7.607323 -61.412908 26.694790 17.461080 -0.000015 28.813969 -0.000011 -16.584066 14.716334 -33.943120 -2.464793 -1.573975 2.681846 -1.619249 -4.333948 -6.744820 4.223205 -7.640271 -0.059993 -1.560135 0.883064 -1.926123 -0.000002 0.000002 0.000002 -9.108276 -0.517870 2.259823 -0.000000 -0.018790 0.000099 0.000000 0.029297 0.000001 0.000001 -0.010101 -0.000002 0.000002 -0.000004 0.000001 -9.532499 -0.000049 -0.000028 -0.000000 -0.057490 0.000099 0.000000 0.097395 0.000025 -0.000001 -0.036895 -0.000003 -0.000000 -0.000006 0.000002 -9.103584 -0.043075 -1.865151 -0.000000 0.017912 -0.000002 0.000001 -0.025406 0.000043 -0.000000 -0.012901 -0.000004 -0.000000 0.000003 0.000001 -8.076677 -0.486704 -3.806284 -0.000001 0.059612 -0.000501 -0.000000 0.096996 0.000001 0.000000 -0.056900 0.000001 -0.000000 -0.000000 -0.000001 4.570446 11.014708 -2.160855 -0.012383 7.658153 -7.981022 20.566813 -22.586957 -57.725972 -0.000011 -13.604600 -0.000011 -3.314100 -10.796510 15.045416 2.466130 -1.576205 2.681739 -1.336442 4.338055 6.279189 3.576457 7.070876 0.589257 -0.821928 0.916473 2.391506 -0.000000 0.000002 0.000000 9.109287 -0.518049 2.259875 0.000012 -0.005099 0.000106 -0.000001 0.012004 -0.000002 0.000001 -0.007605 0.000005 -0.000001 0.000001 -0.000008 9.533381 0.000037 0.000049 0.000003 -0.005524 0.015981 -0.000002 0.004328 -0.015979 0.000003 0.002401 -0.000003 0.000002 -0.000005 0.000002 9.104510 -0.043024 -1.865069 0.000011 0.000701 0.000109 0.000001 0.000001 -0.000001 0.000000 0.000004 -0.000005 0.000000 -0.000003 0.000000 8.077771 -0.486873 -3.806252 -0.020175 4.288549 0.510635 -0.016178 -4.078361 -0.510901 -0.000001 -0.007701 -0.000003 0.000003 -0.000001 -0.000006 -8.207787 -6.751666 -1.599563 -9.433331 -4.142179 -13.276218 12.530905 -10.322461 -7.144682 -10.420278 -2.916213 13.000947 -0.868590 0.000011 -0.000003 0.000000 0.000000 -0.000000 8.207791 -6.751697 -1.599558 -14.465456 22.256846 9.350711 4.132508 -4.393493 3.767549 38.951999 -5.298827 -17.113703 -32.791865 0.106003 -2.371931 -0.000000 0.000000 0.000000 
-11.324871 102.595123 1.340638 7.867478 2.898120 8.940631 -0.000005 10.181585 0.131520 -2.305020 -0.531046 -1.614953 -4.635924 -1.026642 -1.125451 -4.642600 -0.995757 -1.124454 0.000002 16.740395 -2.049034 1.761350 1.246959 1.307714 -0.000001 9.617887 1.685004 16.290669 9.064737 -10.581583 0.000005 22.037354 7.501096 -0.000003 -0.000000 -0.000000 -4.569967 11.014917 -2.160884 0.311983 -11.867193 7.607323 -61.412908 26.694790 17.461080 -0.000015 28.813969 -0.000011 -16.584066 14.716334 -33.943120 -2.464793 -1.573975 2.681846 -1.619249 -4.333948 -6.744820 4.223205 -7.640271 -0.059993 -1.560135 0.883064 -1.926123 -0.000002 0.000002 0.000002 -9.108276 -0.517870 2.259823 -0.000000 -0.018790 0.000099 0.000000 0.029297 0.000001 0.000001 -0.010101 -0.000002 0.000002 -0.000004 0.000001 -9.532499 -0.000049 -0.000028 -0.000000 -0.057490 0.000099 0.000000 0.097395 0.000025 -0.000001 -0.036895 -0.000003 -0.000000 -0.000006 0.000002 -9.103584 -0.043075 -1.865151 -0.000000 0.017912 -0.000002 0.000001 -0.025406 0.000043 -0.000000 -0.012901 -0.000004 -0.000000 0.000003 0.000001 -8.076677 -0.486704 -3.806284 -0.000001 0.059612 -0.000501 -0.000000 0.096996 0.000001 0.000000 -0.056900 0.000001 -0.000000 -0.000000 -0.000001 4.570446 11.014708 -2.160855 -0.012383 7.658153 -7.981022 20.566813 -22.586957 -57.725972 -0.000011 -13.604600 -0.000011 -3.314100 -10.796510 15.045416 2.466130 -1.576205 2.681739 -1.336442 4.338055 6.279189 3.576457 7.070876 0.589257 -0.821928 0.916473 2.391506 -0.000000 0.000002 0.000000 9.109287 -0.518049 2.259875 0.000012 -0.005099 0.000106 -0.000001 0.012004 -0.000002 0.000001 -0.007605 0.000005 -0.000001 0.000001 -0.000008 9.533381 0.000037 0.000049 0.000003 -0.005524 0.015981 -0.000002 0.004328 -0.015979 0.000003 0.002401 -0.000003 0.000002 -0.000005 0.000002 9.104510 -0.043024 -1.865069 0.000011 0.000701 0.000109 0.000001 0.000001 -0.000001 0.000000 0.000004 -0.000005 0.000000 -0.000003 0.000000 8.077771 -0.486873 -3.806252 -0.020175 4.288549 0.510635 -0.016178 -4.078361 -0.510901 -0.000001 -0.007701 -0.000003 0.000003 -0.000001 -0.000006 -8.207787 -6.751666 -1.599563 -9.433331 -4.142179 -13.276218 12.530905 -10.322461 -7.144682 -10.420278 -2.916213 13.000947 -0.868590 0.000011 -0.000003 0.000000 0.000000 -0.000000 8.207791 -6.751697 -1.599558 -14.465456 22.256846 9.350711 4.132508 -4.393493 3.767549 38.951999 -5.298827 -17.113703 -32.791865 0.106003 -2.371931 -0.000000 0.000000 0.000000 
-11.324871 102.595123 1.340638 7.867478 2.898120 8.940631 -0.000005 10.181585 0.131520 -2.305020 -0.531046 -1.614953 -4.635924 -1.026642 -1.125451 -4.642600 -0.995757 -1.124454 0.000002 16.740395 -2.049034 1.761350 1.246959 1.307714 -0.000001 9.617887 1.685004 16.290669 9.064737 -10.581583 0.000005 22.037354 7.501096 -0.000003 -0.000000 -0.000000 -4.569967 11.014917 -2.160884 0.311983 -11.867193 7.607323 -61.412908 26.694790 17.461080 -0.000015 28.813969 -0.000011 -16.584066 14.716334 -33.943120 -2.464793 -1.573975 2.681846 -1.619249 -4.333948 -6.744820 4.223205 -7.640271 -0.059993 -1.560135 0.883064 -1.926123 -0.000002 0.000002 0.000002 -9.108276 -0.517870 2.259823 -0.000000 -0.018790 0.000099 0.000000 0.029297 0.000001 0.000001 -0.010101 -0.000002 0.000002 -0.000004 0.000001 -9.532499 -0.000049 -0.000028 -0.000000 -0.057490 0.000099 0.000000 0.097395 0.000025 -0.000001 -0.036895 -0.000003 -0.000000 -0.000006 0.000002 -9.103584 -0.043075 -1.865151 -0.000000 0.017912 -0.000002 0.000001 -0.025406 0.000043 -0.000000 -0.012901 -0.000004 -0.000000 0.000003 0.000001 -8.076677 -0.486704 -3.806284 -0.000001 0.059612 -0.000501 -0.000000 0.096996 0.000001 0.000000 -0.056900 0.000001 -0.000000 -0.000000 -0.000001 4.570446 11.014708 -2.160855 -0.012383 7.658153 -7.981022 20.566813 -22.586957 -57.725972 -0.000011 -13.604600 -0.000011 -3.314100 -10.796510 15.045416 2.466130 -1.576205 2.681739 -1.336442 4.338055 6.279189 3.576457 7.070876 0.589257 -0.821928 0.916473 2.391506 -0.000000 0.000002 0.000000 9.109287 -0.518049 2.259875 0.000012 -0.005099 0.000106 -0.000001 0.012004 -0.000002 0.000001 -0.007605 0.000005 -0.000001 0.000001 -0.000008 9.533381 0.000037 0.000049 0.000003 -0.005524 0.015981 -0.000002 0.004328 -0.015979 0.000003 0.002401 -0.000003 0.000002 -0.000005 0.000002 9.104510 -0.043024 -1.865069 0.000011 0.000701 0.000109 0.000001 0.000001 -0.000001 0.000000 0.000004 -0.000005 0.000000 -0.000003 0.000000 8.077771 -0.486873 -3.806252 -0.020175 4.288549 0.510635 -0.016178 -4.078361 -0.510901 -0.000001 -0.007701 -0.000003 0.000003 -0.000001 -0.000006 -8.207787 -6.751666 -1.599563 -9.433331 -4.142179 -13.276218 12.530905 -10.322461 -7.144682 -10.420278 -2.916213 13.000947 -0.868590 0.000011 -0.000003 0.000000 0.000000 -0.000000 8.207791 -6.751697 -1.599558 -14.465456 22.256846 9.350711 4.132508 -4.393493 3.767549 38.951999 -5.298827 -17.113703 -32.791865 0.106003 -2.371931 -0.000000 0.000000 0.000000 
-11.324871 102.595123 1.340638 7.867478 2.898120 8.940631 -0.000005 10.181585 0.131520 -2.305020 -0.531046 -1.614953 -4.635924 -1.026642 -1.125451 -4.642600 -0.995757 -1.124454 0.000002 16.740395 -2.049034 1.761350 1.246959 1.307714 -0.000001 9.617887 1.685004 16.290669 9.064737 -10.581583 0.000005 22.037354 7.501096 -0.000003 -0.000000 -0.000000 -4.569967 11.014917 -2.160884 0.311983 -11.867193 7.607323 -61.412908 26.694790 17.461080 -0.000015 28.813969 -0.000011 -16.584066 14.716334 -33.943120 -2.464793 -1.573975 2.681846 -1.619249 -4.333948 -6.744820 4.223205 -7.640271 -0.059993 -1.560135 0.883064 -1.926123 -0.000002 0.000002 0.000002 -9.108276 -0.517870 2.259823 -0.000000 -0.018790 0.000099 0.000000 0.029297 0.000001 0.000001 -0.010101 -0.000002 0.000002 -0.000004 0.000001 -9.532499 -0.000049 -0.000028 -0.000000 -0.057490 0.000099 0.000000 0.097395 0.000025 -0.000001 -0.036895 -0.000003 -0.000000 -0.000006 0.000002 -9.103584 -0.043075 -1.865151 -0.000000 0.017912 -0.000002 0.000001 -0.025406 0.000043 -0.000000 -0.012901 -0.000004 -0.000000 0.000003 0.000001 -8.076677 -0.486704 -3.806284 -0.000001 0.059612 -0.000501 -0.000000 0.096996 0.000001 0.000000 -0.056900 0.000001 -0.000000 -0.000000 -0.000001 4.570446 11.014708 -2.160855 -0.012383 7.658153 -7.981022 20.566813 -22.586957 -57.725972 -0.000011 -13.604600 -0.000011 -3.314100 -10.796510 15.045416 2.466130 -1.576205 2.681739 -1.336442 4.338055 6.279189 3.576457 7.070876 0.589257 -0.821928 0.916473 2.391506 -0.000000 0.000002 0.000000 9.109287 -0.518049 2.259875 0.000012 -0.005099 0.000106 -0.000001 0.012004 -0.000002 0.000001 -0.007605 0.000005 -0.000001 0.000001 -0.000008 9.533381 0.000037 0.000049 0.000003 -0.005524 0.015981 -0.000002 0.004328 -0.015979 0.000003 0.002401 -0.000003 0.000002 -0.000005 0.000002 9.104510 -0.043024 -1.865069 0.000011 0.000701 0.000109 0.000001 0.000001 -0.000001 0.000000 0.000004 -0.000005 0.000000 -0.000003 0.000000 8.077771 -0.486873 -3.806252 -0.020175 4.288549 0.510635 -0.016178 -4.078361 -0.510901 -0.000001 -0.007701 -0.000003 0.000003 -0.000001 -0.000006 -8.207787 -6.751666 -1.599563 -9.433331 -4.142179 -13.276218 12.530905 -10.322461 -7.144682 -10.420278 -2.916213 13.000947 -0.868590 0.000011 -0.000003 0.000000 0.000000 -0.000000 8.207791 -6.751697 -1.599558 -14.465456 22.256846 9.350711 4.132508 -4.393493 3.767549 38.951999 -5.298827 -17.113703 -32.791865 0.106003 -2.371931 -0.000000 0.000000 0.000000 
-11.324871 102.595123 1.340638 7.867478 2.898120 8.940631 -0.000005 10.181585 0.131520 -2.305020 -0.531046 -1.614953 -4.635924 -1.026642 -1.125451 -4.642600 -0.995757 -1.124454 0.000002 16.740395 -2.049034 1.761350 1.246959 1.307714 -0.000001 9.617887 1.685004 16.290669 9.064737 -10.581583 0.000005 22.037354 7.501096 -0.000003 -0.000000 -0.000000 -4.569967 11.014917 -2.160884 0.311983 -11.867193 7.607323 -61.412908 26.694790 17.461080 -0.000015 28.813969 -0.000011 -16.584066 14.716334 -33.943120 -2.464793 -1.573975 2.681846 -1.619249 -4.333948 -6.744820 4.223205 -7.640271 -0.059993 -1.560135 0.883064 -1.926123 -0.000002 0.000002 0.000002 -9.108276 -0.517870 2.259823 -0.000000 -0.018790 0.000099 0.000000 0.029297 0.000001 0.000001 -0.010101 -0.000002 0.000002 -0.000004 0.000001 -9.532499 -0.000049 -0.000028 -0.000000 -0.057490 0.000099 0.000000 0.097395 0.000025 -0.000001 -0.036895 -0.000003 -0.000000 -0.000006 0.000002 -9.103584 -0.043075 -1.865151 -0.000000 0.017912 -0.000002 0.000001 -0.025406 0.000043 -0.000000 -0.012901 -0.000004 -0.000000 0.000003 0.000001 -8.076677 -0.486704 -3.806284 -0.000001 0.059612 -0.000501 -0.000000 0.096996 0.000001 0.000000 -0.056900 0.000001 -0.000000 -0.000000 -0.000001 4.570446 11.014708 -2.160855 -0.012383 7.658153 -7.981022 20.566813 -22.586957 -57.725972 -0.000011 -13.604600 -0.000011 -3.314100 -10.796510 15.045416 2.466130 -1.576205 2.681739 -1.336442 4.338055 6.279189 3.576457 7.070876 0.589257 -0.821928 0.916473 2.391506 -0.000000 0.000002 0.000000 9.109287 -0.518049 2.259875 0.000012 -0.005099 0.000106 -0.000001 0.012004 -0.000002 0.000001 -0.007605 0.000005 -0.000001 0.000001 -0.000008 9.533381 0.000037 0.000049 0.000003 -0.005524 0.015981 -0.000002 0.004328 -0.015979 0.000003 0.002401 -0.000003 0.000002 -0.000005 0.000002 9.104510 -0.043024 -1.865069 0.000011 0.000701 0.000109 0.000001 0.000001 -0.000001 0.000000 0.000004 -0.000005 0.000000 -0.000003 0.000000 8.077771 -0.486873 -3.806252 -0.020175 4.288549 0.510635 -0.016178 -4.078361 -0.510901 -0.000001 -0.007701 -0.000003 0.000003 -0.000001 -0.000006 -8.207787 -6.751666 -1.599563 -9.433331 -4.142179 -13.276218 12.530905 -10.322461 -7.144682 -10.420278 -2.916213 13.000947 -0.868590 0.000011 -0.000003 0.000000 0.000000 -0.000000 8.207791 -6.751697 -1.599558 -14.465456 22.256846 9.350711 4.132508 -4.393493 3.767549 38.951999 -5.298827 -17.113703 -32.791865 0.106003 -2.371931 -0.000000 0.000000 0.000000 
-11.324871 102.595123 1.340638 7.867478 2.898120 8.940631 -0.000005 10.181585 0.131520 -2.305020 -0.531046 -1.614953 -4.635924 -1.026642 -1.125451 -4.642600 -0.995757 -1.124454 0.000002 16.740395 -2.049034 1.761350 1.246959 1.307714 -0.000001 9.617887 1.685004 16.290669 9.064737 -10.581583 0.000005 22.037354 7.501096 -0.000003 -0.000000 -0.000000 -4.569967 11.014917 -2.160884 0.311983 -11.867193 7.607323 -61.412908 26.694790 17.461080 -0.000015 28.813969 -0.000011 -16.584066 14.716334 -33.943120 -2.464793 -1.573975 2.681846 -1.619249 -4.333948 -6.744820 4.223205 -7.640271 -0.059993 -1.560135 0.883064 -1.926123 -0.000002 0.000002 0.000002 -9.108276 -0.517870 2.259823 -0.000000 -0.018790 0.000099 0.000000 0.029297 0.000001 0.000001 -0.010101 -0.000002 0.000002 -0.000004 0.000001 -9.532499 -0.000049 -0.000028 -0.000000 -0.057490 0.000099 0.000000 0.097395 0.000025 -0.000001 -0.036895 -0.000003 -0.000000 -0.000006 0.000002 -9.103584 -0.043075 -1.865151 -0.000000 0.017912 -0.000002 0.000001 -0.025406 0.000043 -0.000000 -0.012901 -0.000004 -0.000000 0.000003 0.000001 -8.076677 -0.486704 -3.806284 -0.000001 0.059612 -0.000501 -0.000000 0.096996 0.000001 0.000000 -0.056900 0.000001 -0.000000 -0.000000 -0.000001 4.570446 11.014708 -2.160855 -0.012383 7.658153 -7.981022 20.566813 -22.586957 -57.725972 -0.000011 -13.604600 -0.000011 -3.314100 -10.796510 15.045416 2.466130 -1.576205 2.681739 -1.336442 4.338055 6.279189 3.576457 7.070876 0.589257 -0.821928 0.916473 2.391506 -0.000000 0.000002 0.000000 9.109287 -0.518049 2.259875 0.000012 -0.005099 0.000106 -0.000001 0.012004 -0.000002 0.000001 -0.007605 0.000005 -0.000001 0.000001 -0.000008 9.533381 0.000037 0.000049 0.000003 -0.005524 0.015981 -0.000002 0.004328 -0.015979 0.000003 0.002401 -0.000003 0.000002 -0.000005 0.000002 9.104510 -0.043024 -1.865069 0.000011 0.000701 0.000109 0.000001 0.000001 -0.000001 0.000000 0.000004 -0.000005 0.000000 -0.000003 0.000000 8.077771 -0.486873 -3.806252 -0.020175 4.288549 0.510635 -0.016178 -4.078361 -0.510901 -0.000001 -0.007701 -0.000003 0.000003 -0.000001 -0.000006 -8.207787 -6.751666 -1.599563 -9.433331 -4.142179 -13.276218 12.530905 -10.322461 -7.144682 -10.420278 -2.916213 13.000947 -0.868590 0.000011 -0.000003 0.000000 0.000000 -0.000000 8.207791 -6.751697 -1.599558 -14.465456 22.256846 9.350711 4.132508 -4.393493 3.767549 38.951999 -5.298827 -17.113703 -32.791865 0.106003 -2.371931 -0.000000 0.000000 0.000000 
-11.324871 102.595123 1.340638 7.867478 2.898120 8.940631 -0.000005 10.181585 0.131520 -2.305020 -0.531046 -1.614953 -4.635924 -1.026642 -1.125451 -4.642600 -0.995757 -1.124454 0.000002 16.740395 -2.049034 1.761350 1.246959 1.307714 -0.000001 9.617887 1.685004 16.290669 9.064737 -10.581583 0.000005 22.037354 7.501096 -0.000003 -0.000000 -0.000000 -4.569967 11.014917 -2.160884 0.311983 -11.867193 7.607323 -61.412908 26.694790 17.461080 -0.000015 28.813969 -0.000011 -16.584066 14.716334 -33.943120 -2.464793 -1.573975 2.681846 -1.619249 -4.333948 -6.744820 4.223205 -7.640271 -0.059993 -1.560135 0.883064 -1.926123 -0.000002 0.000002 0.000002 -9.108276 -0.517870 2.259823 -0.000000 -0.018790 0.000099 0.000000 0.029297 0.000001 0.000001 -0.010101 -0.000002 0.000002 -0.000004 0.000001 -9.532499 -0.000049 -0.000028 -0.000000 -0.057490 0.000099 0.000000 0.097395 0.000025 -0.000001 -0.036895 -0.000003 -0.000000 -0.000006 0.000002 -9.103584 -0.043075 -1.865151 -0.000000 0.017912 -0.000002 0.000001 -0.025406 0.000043 -0.000000 -0.012901 -0.000004 -0.000000 0.000003 0.000001 -8.076677 -0.486704 -3.806284 -0.000001 0.059612 -0.000501 -0.000000 0.096996 0.000001 0.000000 -0.056900 0.000001 -0.000000 -0.000000 -0.000001 4.570446 11.014708 -2.160855 -0.012383 7.658153 -7.981022 20.566813 -22.586957 -57.725972 -0.000011 -13.604600 -0.000011 -3.314100 -10.796510 15.045416 2.466130 -1.576205 2.681739 -1.336442 4.338055 6.279189 3.576457 7.070876 0.589257 -0.821928 0.916473 2.391506 -0.000000 0.000002 0.000000 9.109287 -0.518049 2.259875 0.000012 -0.005099 0.000106 -0.000001 0.012004 -0.000002 0.000001 -0.007605 0.000005 -0.000001 0.000001 -0.000008 9.533381 0.000037 0.000049 0.000003 -0.005524 0.015981 -0.000002 0.004328 -0.015979 0.000003 0.002401 -0.000003 0.000002 -0.000005 0.000002 9.104510 -0.043024 -1.865069 0.000011 0.000701 0.000109 0.000001 0.000001 -0.000001 0.000000 0.000004 -0.000005 0.000000 -0.000003 0.000000 8.077771 -0.486873 -3.806252 -0.020175 4.288549 0.510635 -0.016178 -4.078361 -0.510901 -0.000001 -0.007701 -0.000003 0.000003 -0.000001 -0.000006 -8.207787 -6.751666 -1.599563 -9.433331 -4.142179 -13.276218 12.530905 -10.322461 -7.144682 -10.420278 -2.916213 13.000947 -0.868590 0.000011 -0.000003 0.000000 0.000000 -0.000000 8.207791 -6.751697 -1.599558 -14.465456 22.256846 9.350711 4.132508 -4.393493 3.767549 38.951999 -5.298827 -17.113703 -32.791865 0.106003 -2.371931 -0.000000 0.000000 0.000000 
-11.324871 102.595123 1.340638 7.867478 2.898120 8.940631 -0.000005 10.181585 0.131520 -2.305020 -0.531046 -1.614953 -4.635924 -1.026642 -1.125451 -4.642600 -0.995757 -1.124454 0.000002 16.740395 -2.049034 1.761350 1.246959 1.307714 -0.000001 9.617887 1.685004 16.290669 9.064737 -10.581583 0.000005 22.037354 7.501096 -0.000003 -0.000000 -0.000000 -4.569967 11.014917 -2.160884 0.311983 -11.867193 7.607323 -61.412908 26.694790 17.461080 -0.000015 28.813969 -0.000011 -16.584066 14.716334 -33.943120 -2.464793 -1.573975 2.681846 -1.619249 -4.333948 -6.744820 4.223205 -7.640271 -0.059993 -1.560135 0.883064 -1.926123 -0.000002 0.000002 0.000002 -9.108276 -0.517870 2.259823 -0.000000 -0.018790 0.000099 0.000000 0.029297 0.000001 0.000001 -0.010101 -0.000002 0.000002 -0.000004 0.000001 -9.532499 -0.000049 -0.000028 -0.000000 -0.057490 0.000099 0.000000 0.097395 0.000025 -0.000001 -0.036895 -0.000003 -0.000000 -0.000006 0.000002 -9.103584 -0.043075 -1.865151 -0.000000 0.017912 -0.000002 0.000001 -0.025406 0.000043 -0.000000 -0.012901 -0.000004 -0.000000 0.000003 0.000001 -8.076677 -0.486704 -3.806284 -0.000001 0.059612 -0.000501 -0.000000 0.096996 0.000001 0.000000 -0.056900 0.000001 -0.000000 -0.000000 -0.000001 4.570446 11.014708 -2.160855 -0.012383 7.658153 -7.981022 20.566813 -22.586957 -57.725972 -0.000011 -13.604600 -0.000011 -3.314100 -10.796510 15.045416 2.466130 -1.576205 2.681739 -1.336442 4.338055 6.279189 3.576457 7.070876 0.589257 -0.821928 0.916473 2.391506 -0.000000 0.000002 0.000000 9.109287 -0.518049 2.259875 0.000012 -0.005099 0.000106 -0.000001 0.012004 -0.000002 0.000001 -0.007605 0.000005 -0.000001 0.000001 -0.000008 9.533381 0.000037 0.000049 0.000003 -0.005524 0.015981 -0.000002 0.004328 -0.015979 0.000003 0.002401 -0.000003 0.000002 -0.000005 0.000002 9.104510 -0.043024 -1.865069 0.000011 0.000701 0.000109 0.000001 0.000001 -0.000001 0.000000 0.000004 -0.000005 0.000000 -0.000003 0.000000 8.077771 -0.486873 -3.806252 -0.020175 4.288549 0.510635 -0.016178 -4.078361 -0.510901 -0.000001 -0.007701 -0.000003 0.000003 -0.000001 -0.000006 -8.207787 -6.751666 -1.599563 -9.433331 -4.142179 -13.276218 12.530905 -10.322461 -7.144682 -10.420278 -2.916213 13.000947 -0.868590 0.000011 -0.000003 0.000000 0.000000 -0.000000 8.207791 -6.751697 -1.599558 -14.465456 22.256846 9.350711 4.132508 -4.393493 3.767549 38.951999 -5.298827 -17.113703 -32.791865 0.106003 -2.371931 -0.000000 0.000000 0.000000 
-11.324871 102.595123 1.340638 7.867478 2.898120 8.940631 -0.000005 10.181585 0.131520 -2.305020 -0.531046 -1.614953 -4.635924 -1.026642 -1.125451 -4.642600 -0.995757 -1.124454 0.000002 16.740395 -2.049034 1.761350 1.246959 1.307714 -0.000001 9.617887 1.685004 16.290669 9.064737 -10.581583 0.000005 22.037354 7.501096 -0.000003 -0.000000 -0.000000 -4.569967 11.014917 -2.160884 0.311983 -11.867193 7.607323 -61.412908 26.694790 17.461080 -0.000015 28.813969 -0.000011 -16.584066 14.716334 -33.943120 -2.464793 -1.573975 2.681846 -1.619249 -4.333948 -6.744820 4.223205 -7.640271 -0.059993 -1.560135 0.883064 -1.926123 -0.000002 0.000002 0.000002 -9.108276 -0.517870 2.259823 -0.000000 -0.018790 0.000099 0.000000 0.029297 0.000001 0.000001 -0.010101 -0.000002 0.000002 -0.000004 0.000001 -9.532499 -0.000049 -0.000028 -0.000000 -0.057490 0.000099 0.000000 0.097395 0.000025 -0.000001 -0.036895 -0.000003 -0.000000 -0.000006 0.000002 -9.103584 -0.043075 -1.865151 -0.000000 0.017912 -0.000002 0.000001 -0.025406 0.000043 -0.000000 -0.012901 -0.000004 -0.000000 0.000003 0.000001 -8.076677 -0.486704 -3.806284 -0.000001 0.059612 -0.000501 -0.000000 0.096996 0.000001 0.000000 -0.056900 0.000001 -0.000000 -0.000000 -0.000001 4.570446 11.014708 -2.160855 -0.012383 7.658153 -7.981022 20.566813 -22.586957 -57.725972 -0.000011 -13.604600 -0.000011 -3.314100 -10.796510 15.045416 2.466130 -1.576205 2.681739 -1.336442 4.338055 6.279189 3.576457 7.070876 0.589257 -0.821928 0.916473 2.391506 -0.000000 0.000002 0.000000 9.109287 -0.518049 2.259875 0.000012 -0.005099 0.000106 -0.000001 0.012004 -0.000002 0.000001 -0.007605 0.000005 -0.000001 0.000001 -0.000008 9.533381 0.000037 0.000049 0.000003 -0.005524 0.015981 -0.000002 0.004328 -0.015979 0.000003 0.002401 -0.000003 0.000002 -0.000005 0.000002 9.104510 -0.043024 -1.865069 0.000011 0.000701 0.000109 0.000001 0.000001 -0.000001 0.000000 0.000004 -0.000005 0.000000 -0.000003 0.000000 8.077771 -0.486873 -3.806252 -0.020175 4.288549 0.510635 -0.016178 -4.078361 -0.510901 -0.000001 -0.007701 -0.000003 0.000003 -0.000001 -0.000006 -8.207787 -6.751666 -1.599563 -9.433331 -4.142179 -13.276218 12.530905 -10.322461 -7.144682 -10.420278 -2.916213 13.000947 -0.868590 0.000011 -0.000003 0.000000 0.000000 -0.000000 8.207791 -6.751697 -1.599558 -14.465456 22.256846 9.350711 4.132508 -4.393493 3.767549 38.951999 -5.298827 -17.113703 -32.791865 0.106003 -2.371931 -0.000000 0.000000 0.000000 
-11.324871 102.595123 1.340638 7.867478 2.898120 8.940631 -0.000005 10.181585 0.131520 -2.305020 -0.531046 -1.614953 -4.635924 -1.026642 -1.125451 -4.642600 -0.995757 -1.124454 0.000002 16.740395 -2.049034 1.761350 1.246959 1.307714 -0.000001 9.617887 1.685004 16.290669 9.064737 -10.581583 0.000005 22.037354 7.501096 -0.000003 -0.000000 -0.000000 -4.569967 11.014917 -2.160884 0.311983 -11.867193 7.607323 -61.412908 26.694790 17.461080 -0.000015 28.813969 -0.000011 -16.584066 14.716334 -33.943120 -2.464793 -1.573975 2.681846 -1.619249 -4.333948 -6.744820 4.223205 -7.640271 -0.059993 -1.560135 0.883064 -1.926123 -0.000002 0.000002 0.000002 -9.108276 -0.517870 2.259823 -0.000000 -0.018790 0.000099 0.000000 0.029297 0.000001 0.000001 -0.010101 -0.000002 0.000002 -0.000004 0.000001 -9.532499 -0.000049 -0.000028 -0.000000 -0.057490 0.000099 0.000000 0.097395 0.000025 -0.000001 -0.036895 -0.000003 -0.000000 -0.000006 0.000002 -9.103584 -0.043075 -1.865151 -0.000000 0.017912 -0.000002 0.000001 -0.025406 0.000043 -0.000000 -0.012901 -0.000004 -0.000000 0.000003 0.000001 -8.076677 -0.486704 -3.806284 -0.000001 0.059612 -0.000501 -0.000000 0.096996 0.000001 0.000000 -0.056900 0.000001 -0.000000 -0.000000 -0.000001 4.570446 11.014708 -2.160855 -0.012383 7.658153 -7.981022 20.566813 -22.586957 -57.725972 -0.000011 -13.604600 -0.000011 -3.314100 -10.796510 15.045416 2.466130 -1.576205 2.681739 -1.336442 4.338055 6.279189 3.576457 7.070876 0.589257 -0.821928 0.916473 2.391506 -0.000000 0.000002 0.000000 9.109287 -0.518049 2.259875 0.000012 -0.005099 0.000106 -0.000001 0.012004 -0.000002 0.000001 -0.007605 0.000005 -0.000001 0.000001 -0.000008 9.533381 0.000037 0.000049 0.000003 -0.005524 0.015981 -0.000002 0.004328 -0.015979 0.000003 0.002401 -0.000003 0.000002 -0.000005 0.000002 9.104510 -0.043024 -1.865069 0.000011 0.000701 0.000109 0.000001 0.000001 -0.000001 0.000000 0.000004 -0.000005 0.000000 -0.000003 0.000000 8.077771 -0.486873 -3.806252 -0.020175 4.288549 0.510635 -0.016178 -4.078361 -0.510901 -0.000001 -0.007701 -0.000003 0.000003 -0.000001 -0.000006 -8.207787 -6.751666 -1.599563 -9.433331 -4.142179 -13.276218 12.530905 -10.322461 -7.144682 -10.420278 -2.916213 13.000947 -0.868590 0.000011 -0.000003 0.000000 0.000000 -0.000000 8.207791 -6.751697 -1.599558 -14.465456 22.256846 9.350711 4.132508 -4.393493 3.767549 38.951999 -5.298827 -17.113703 -32.791865 0.106003 -2.371931 -0.000000 0.000000 0.000000 
-11.324871 102.595123 1.340638 7.867478 2.898120 8.940631 -0.000005 10.181585 0.131520 -2.305020 -0.531046 -1.614953 -4.635924 -1.026642 -1.125451 -4.642600 -0.995757 -1.124454 0.000002 16.740395 -2.049034 1.761350 1.246959 1.307714 -0.000001 9.617887 1.685004 16.290669 9.064737 -10.581583 0.000005 22.037354 7.501096 -0.000003 -0.000000 -0.000000 -4.569967 11.014917 -2.160884 0.311983 -11.867193 7.607323 -61.412908 26.694790 17.461080 -0.000015 28.813969 -0.000011 -16.584066 14.716334 -33.943120 -2.464793 -1.573975 2.681846 -1.619249 -4.333948 -6.744820 4.223205 -7.640271 -0.059993 -1.560135 0.883064 -1.926123 -0.000002 0.000002 0.000002 -9.108276 -0.517870 2.259823 -0.000000 -0.018790 0.000099 0.000000 0.029297 0.000001 0.000001 -0.010101 -0.000002 0.000002 -0.000004 0.000001 -9.532499 -0.000049 -0.000028 -0.000000 -0.057490 0.000099 0.000000 0.097395 0.000025 -0.000001 -0.036895 -0.000003 -0.000000 -0.000006 0.000002 -9.103584 -0.043075 -1.865151 -0.000000 0.017912 -0.000002 0.000001 -0.025406 0.000043 -0.000000 -0.012901 -0.000004 -0.000000 0.000003 0.000001 -8.076677 -0.486704 -3.806284 -0.000001 0.059612 -0.000501 -0.000000 0.096996 0.000001 0.000000 -0.056900 0.000001 -0.000000 -0.000000 -0.000001 4.570446 11.014708 -2.160855 -0.012383 7.658153 -7.981022 20.566813 -22.586957 -57.725972 -0.000011 -13.604600 -0.000011 -3.314100 -10.796510 15.045416 2.466130 -1.576205 2.681739 -1.336442 4.338055 6.279189 3.576457 7.070876 0.589257 -0.821928 0.916473 2.391506 -0.000000 0.000002 0.000000 9.109287 -0.518049 2.259875 0.000012 -0.005099 0.000106 -0.000001 0.012004 -0.000002 0.000001 -0.007605 0.000005 -0.000001 0.000001 -0.000008 9.533381 0.000037 0.000049 0.000003 -0.005524 0.015981 -0.000002 0.004328 -0.015979 0.000003 0.002401 -0.000003 0.000002 -0.000005 0.000002 9.104510 -0.043024 -1.865069 0.000011 0.000701 0.000109 0.000001 0.000001 -0.000001 0.000000 0.000004 -0.000005 0.000000 -0.000003 0.000000 8.077771 -0.486873 -3.806252 -0.020175 4.288549 0.510635 -0.016178 -4.078361 -0.510901 -0.000001 -0.007701 -0.000003 0.000003 -0.000001 -0.000006 -8.207787 -6.751666 -1.599563 -9.433331 -4.142179 -13.276218 12.530905 -10.322461 -7.144682 -10.420278 -2.916213 13.000947 -0.868590 0.000011 -0.000003 0.000000 0.000000 -0.000000 8.207791 -6.751697 -1.599558 -14.465456 22.256846 9.350711 4.132508 -4.393493 3.767549 38.951999 -5.298827 -17.113703 -32.791865 0.106003 -2.371931 -0.000000 0.000000 0.000000 
-11.324871 102.595123 1.340638 7.867478 2.898120 8.940631 -0.000005 10.181585 0.131520 -2.305020 -0.531046 -1.614953 -4.635924 -1.026642 -1.125451 -4.642600 -0.995757 -1.124454 0.000002 16.740395 -2.049034 1.761350 1.246959 1.307714 -0.000001 9.617887 1.685004 16.290669 9.064737 -10.581583 0.000005 22.037354 7.501096 -0.000003 -0.000000 -0.000000 -4.569967 11.014917 -2.160884 0.311983 -11.867193 7.607323 -61.412908 26.694790 17.461080 -0.000015 28.813969 -0.000011 -16.584066 14.716334 -33.943120 -2.464793 -1.573975 2.681846 -1.619249 -4.333948 -6.744820 4.223205 -7.640271 -0.059993 -1.560135 0.883064 -1.926123 -0.000002 0.000002 0.000002 -9.108276 -0.517870 2.259823 -0.000000 -0.018790 0.000099 0.000000 0.029297 0.000001 0.000001 -0.010101 -0.000002 0.000002 -0.000004 0.000001 -9.532499 -0.000049 -0.000028 -0.000000 -0.057490 0.000099 0.000000 0.097395 0.000025 -0.000001 -0.036895 -0.000003 -0.000000 -0.000006 0.000002 -9.103584 -0.043075 -1.865151 -0.000000 0.017912 -0.000002 0.000001 -0.025406 0.000043 -0.000000 -0.012901 -0.000004 -0.000000 0.000003 0.000001 -8.076677 -0.486704 -3.806284 -0.000001 0.059612 -0.000501 -0.000000 0.096996 0.000001 0.000000 -0.056900 0.000001 -0.000000 -0.000000 -0.000001 4.570446 11.014708 -2.160855 -0.012383 7.658153 -7.981022 20.566813 -22.586957 -57.725972 -0.000011 -13.604600 -0.000011 -3.314100 -10.796510 15.045416 2.466130 -1.576205 2.681739 -1.336442 4.338055 6.279189 3.576457 7.070876 0.589257 -0.821928 0.916473 2.391506 -0.000000 0.000002 0.000000 9.109287 -0.518049 2.259875 0.000012 -0.005099 0.000106 -0.000001 0.012004 -0.000002 0.000001 -0.007605 0.000005 -0.000001 0.000001 -0.000008 9.533381 0.000037 0.000049 0.000003 -0.005524 0.015981 -0.000002 0.004328 -0.015979 0.000003 0.002401 -0.000003 0.000002 -0.000005 0.000002 9.104510 -0.043024 -1.865069 0.000011 0.000701 0.000109 0.000001 0.000001 -0.000001 0.000000 0.000004 -0.000005 0.000000 -0.000003 0.000000 8.077771 -0.486873 -3.806252 -0.020175 4.288549 0.510635 -0.016178 -4.078361 -0.510901 -0.000001 -0.007701 -0.000003 0.000003 -0.000001 -0.000006 -8.207787 -6.751666 -1.599563 -9.433331 -4.142179 -13.276218 12.530905 -10.322461 -7.144682 -10.420278 -2.916213 13.000947 -0.868590 0.000011 -0.000003 0.000000 0.000000 -0.000000 8.207791 -6.751697 -1.599558 -14.465456 22.256846 9.350711 4.132508 -4.393493 3.767549 38.951999 -5.298827 -17.113703 -32.791865 0.106003 -2.371931 -0.000000 0.000000 0.000000 
-11.324871 102.595123 1.340638 7.867478 2.898120 8.940631 -0.000005 10.181585 0.131520 -2.305020 -0.531046 -1.614953 -4.635924 -1.026642 -1.125451 -4.642600 -0.995757 -1.124454 0.000002 16.740395 -2.049034 1.761350 1.246959 1.307714 -0.000001 9.617887 1.685004 16.290669 9.064737 -10.581583 0.000005 22.037354 7.501096 -0.000003 -0.000000 -0.000000 -4.569967 11.014917 -2.160884 0.311983 -11.867193 7.607323 -61.412908 26.694790 17.461080 -0.000015 28.813969 -0.000011 -16.584066 14.716334 -33.943120 -2.464793 -1.573975 2.681846 -1.619249 -4.333948 -6.744820 4.223205 -7.640271 -0.059993 -1.560135 0.883064 -1.926123 -0.000002 0.000002 0.000002 -9.108276 -0.517870 2.259823 -0.000000 -0.018790 0.000099 0.000000 0.029297 0.000001 0.000001 -0.010101 -0.000002 0.000002 -0.000004 0.000001 -9.532499 -0.000049 -0.000028 -0.000000 -0.057490 0.000099 0.000000 0.097395 0.000025 -0.000001 -0.036895 -0.000003 -0.000000 -0.000006 0.000002 -9.103584 -0.043075 -1.865151 -0.000000 0.017912 -0.000002 0.000001 -0.025406 0.000043 -0.000000 -0.012901 -0.000004 -0.000000 0.000003 0.000001 -8.076677 -0.486704 -3.806284 -0.000001 0.059612 -0.000501 -0.000000 0.096996 0.000001 0.000000 -0.056900 0.000001 -0.000000 -0.000000 -0.000001 4.570446 11.014708 -2.160855 -0.012383 7.658153 -7.981022 20.566813 -22.586957 -57.725972 -0.000011 -13.604600 -0.000011 -3.314100 -10.796510 15.045416 2.466130 -1.576205 2.681739 -1.336442 4.338055 6.279189 3.576457 7.070876 0.589257 -0.821928 0.916473 2.391506 -0.000000 0.000002 0.000000 9.109287 -0.518049 2.259875 0.000012 -0.005099 0.000106 -0.000001 0.012004 -0.000002 0.000001 -0.007605 0.000005 -0.000001 0.000001 -0.000008 9.533381 0.000037 0.000049 0.000003 -0.005524 0.015981 -0.000002 0.004328 -0.015979 0.000003 0.002401 -0.000003 0.000002 -0.000005 0.000002 9.104510 -0.043024 -1.865069 0.000011 0.000701 0.000109 0.000001 0.000001 -0.000001 0.000000 0.000004 -0.000005 0.000000 -0.000003 0.000000 8.077771 -0.486873 -3.806252 -0.020175 4.288549 0.510635 -0.016178 -4.078361 -0.510901 -0.000001 -0.007701 -0.000003 0.000003 -0.000001 -0.000006 -8.207787 -6.751666 -1.599563 -9.433331 -4.142179 -13.276218 12.530905 -10.322461 -7.144682 -10.420278 -2.916213 13.000947 -0.868590 0.000011 -0.000003 0.000000 0.000000 -0.000000 8.207791 -6.751697 -1.599558 -14.465456 22.256846 9.350711 4.132508 -4.393493 3.767549 38.951999 -5.298827 -17.113703 -32.791865 0.106003 -2.371931 -0.000000 0.000000 0.000000 
-11.324871 102.595123 1.340638 7.867478 2.898120 8.940631 -0.000005 10.181585 0.131520 -2.305020 -0.531046 -1.614953 -4.635924 -1.026642 -1.125451 -4.642600 -0.995757 -1.124454 0.000002 16.740395 -2.049034 1.761350 1.246959 1.307714 -0.000001 9.617887 1.685004 16.290669 9.064737 -10.581583 0.000005 22.037354 7.501096 -0.000003 -0.000000 -0.000000 -4.569967 11.014917 -2.160884 0.311983 -11.867193 7.607323 -61.412908 26.694790 17.461080 -0.000015 28.813969 -0.000011 -16.584066 14.716334 -33.943120 -2.464793 -1.573975 2.681846 -1.619249 -4.333948 -6.744820 4.223205 -7.640271 -0.059993 -1.560135 0.883064 -1.926123 -0.000002 0.000002 0.000002 -9.108276 -0.517870 2.259823 -0.000000 -0.018790 0.000099 0.000000 0.029297 0.000001 0.000001 -0.010101 -0.000002 0.000002 -0.000004 0.000001 -9.532499 -0.000049 -0.000028 -0.000000 -0.057490 0.000099 0.000000 0.097395 0.000025 -0.000001 -0.036895 -0.000003 -0.000000 -0.000006 0.000002 -9.103584 -0.043075 -1.865151 -0.000000 0.017912 -0.000002 0.000001 -0.025406 0.000043 -0.000000 -0.012901 -0.000004 -0.000000 0.000003 0.000001 -8.076677 -0.486704 -3.806284 -0.000001 0.059612 -0.000501 -0.000000 0.096996 0.000001 0.000000 -0.056900 0.000001 -0.000000 -0.000000 -0.000001 4.570446 11.014708 -2.160855 -0.012383 7.658153 -7.981022 20.566813 -22.586957 -57.725972 -0.000011 -13.604600 -0.000011 -3.314100 -10.796510 15.045416 2.466130 -1.576205 2.681739 -1.336442 4.338055 6.279189 3.576457 7.070876 0.589257 -0.821928 0.916473 2.391506 -0.000000 0.000002 0.000000 9.109287 -0.518049 2.259875 0.000012 -0.005099 0.000106 -0.000001 0.012004 -0.000002 0.000001 -0.007605 0.000005 -0.000001 0.000001 -0.000008 9.533381 0.000037 0.000049 0.000003 -0.005524 0.015981 -0.000002 0.004328 -0.015979 0.000003 0.002401 -0.000003 0.000002 -0.000005 0.000002 9.104510 -0.043024 -1.865069 0.000011 0.000701 0.000109 0.000001 0.000001 -0.000001 0.000000 0.000004 -0.000005 0.000000 -0.000003 0.000000 8.077771 -0.486873 -3.806252 -0.020175 4.288549 0.510635 -0.016178 -4.078361 -0.510901 -0.000001 -0.007701 -0.000003 0.000003 -0.000001 -0.000006 -8.207787 -6.751666 -1.599563 -9.433331 -4.142179 -13.276218 12.530905 -10.322461 -7.144682 -10.420278 -2.916213 13.000947 -0.868590 0.000011 -0.000003 0.000000 0.000000 -0.000000 8.207791 -6.751697 -1.599558 -14.465456 22.256846 9.350711 4.132508 -4.393493 3.767549 38.951999 -5.298827 -17.113703 -32.791865 0.106003 -2.371931 -0.000000 0.000000 0.000000 
-11.324871 102.595123 1.340638 7.867478 2.898120 8.940631 -0.000005 10.181585 0.131520 -2.305020 -0.531046 -1.614953 -4.635924 -1.026642 -1.125451 -4.642600 -0.995757 -1.124454 0.000002 16.740395 -2.049034 1.761350 1.246959 1.307714 -0.000001 9.617887 1.685004 16.290669 9.064737 -10.581583 0.000005 22.037354 7.501096 -0.000003 -0.000000 -0.000000 -4.569967 11.014917 -2.160884 0.311983 -11.867193 7.607323 -61.412908 26.694790 17.461080 -0.000015 28.813969 -0.000011 -16.584066 14.716334 -33.943120 -2.464793 -1.573975 2.681846 -1.619249 -4.333948 -6.744820 4.223205 -7.640271 -0.059993 -1.560135 0.883064 -1.926123 -0.000002 0.000002 0.000002 -9.108276 -0.517870 2.259823 -0.000000 -0.018790 0.000099 0.000000 0.029297 0.000001 0.000001 -0.010101 -0.000002 0.000002 -0.000004 0.000001 -9.532499 -0.000049 -0.000028 -0.000000 -0.057490 0.000099 0.000000 0.097395 0.000025 -0.000001 -0.036895 -0.000003 -0.000000 -0.000006 0.000002 -9.103584 -0.043075 -1.865151 -0.000000 0.017912 -0.000002 0.000001 -0.025406 0.000043 -0.000000 -0.012901 -0.000004 -0.000000 0.000003 0.000001 -8.076677 -0.486704 -3.806284 -0.000001 0.059612 -0.000501 -0.000000 0.096996 0.000001 0.000000 -0.056900 0.000001 -0.000000 -0.000000 -0.000001 4.570446 11.014708 -2.160855 -0.012383 7.658153 -7.981022 20.566813 -22.586957 -57.725972 -0.000011 -13.604600 -0.000011 -3.314100 -10.796510 15.045416 2.466130 -1.576205 2.681739 -1.336442 4.338055 6.279189 3.576457 7.070876 0.589257 -0.821928 0.916473 2.391506 -0.000000 0.000002 0.000000 9.109287 -0.518049 2.259875 0.000012 -0.005099 0.000106 -0.000001 0.012004 -0.000002 0.000001 -0.007605 0.000005 -0.000001 0.000001 -0.000008 9.533381 0.000037 0.000049 0.000003 -0.005524 0.015981 -0.000002 0.004328 -0.015979 0.000003 0.002401 -0.000003 0.000002 -0.000005 0.000002 9.104510 -0.043024 -1.865069 0.000011 0.000701 0.000109 0.000001 0.000001 -0.000001 0.000000 0.000004 -0.000005 0.000000 -0.000003 0.000000 8.077771 -0.486873 -3.806252 -0.020175 4.288549 0.510635 -0.016178 -4.078361 -0.510901 -0.000001 -0.007701 -0.000003 0.000003 -0.000001 -0.000006 -8.207787 -6.751666 -1.599563 -9.433331 -4.142179 -13.276218 12.530905 -10.322461 -7.144682 -10.420278 -2.916213 13.000947 -0.868590 0.000011 -0.000003 0.000000 0.000000 -0.000000 8.207791 -6.751697 -1.599558 -14.465456 22.256846 9.350711 4.132508 -4.393493 3.767549 38.951999 -5.298827 -17.113703 -32.791865 0.106003 -2.371931 -0.000000 0.000000 0.000000 
-11.324871 102.595123 1.340638 7.867478 2.898120 8.940631 -0.000005 10.181585 0.131520 -2.305020 -0.531046 -1.614953 -4.635924 -1.026642 -1.125451 -4.642600 -0.995757 -1.124454 0.000002 16.740395 -2.049034 1.761350 1.246959 1.307714 -0.000001 9.617887 1.685004 16.290669 9.064737 -10.581583 0.000005 22.037354 7.501096 -0.000003 -0.000000 -0.000000 -4.569967 11.014917 -2.160884 0.311983 -11.867193 7.607323 -61.412908 26.694790 17.461080 -0.000015 28.813969 -0.000011 -16.584066 14.716334 -33.943120 -2.464793 -1.573975 2.681846 -1.619249 -4.333948 -6.744820 4.223205 -7.640271 -0.059993 -1.560135 0.883064 -1.926123 -0.000002 0.000002 0.000002 -9.108276 -0.517870 2.259823 -0.000000 -0.018790 0.000099 0.000000 0.029297 0.000001 0.000001 -0.010101 -0.000002 0.000002 -0.000004 0.000001 -9.532499 -0.000049 -0.000028 -0.000000 -0.057490 0.000099 0.000000 0.097395 0.000025 -0.000001 -0.036895 -0.000003 -0.000000 -0.000006 0.000002 -9.103584 -0.043075 -1.865151 -0.000000 0.017912 -0.000002 0.000001 -0.025406 0.000043 -0.000000 -0.012901 -0.000004 -0.000000 0.000003 0.000001 -8.076677 -0.486704 -3.806284 -0.000001 0.059612 -0.000501 -0.000000 0.096996 0.000001 0.000000 -0.056900 0.000001 -0.000000 -0.000000 -0.000001 4.570446 11.014708 -2.160855 -0.012383 7.658153 -7.981022 20.566813 -22.586957 -57.725972 -0.000011 -13.604600 -0.000011 -3.314100 -10.796510 15.045416 2.466130 -1.576205 2.681739 -1.336442 4.338055 6.279189 3.576457 7.070876 0.589257 -0.821928 0.916473 2.391506 -0.000000 0.000002 0.000000 9.109287 -0.518049 2.259875 0.000012 -0.005099 0.000106 -0.000001 0.012004 -0.000002 0.000001 -0.007605 0.000005 -0.000001 0.000001 -0.000008 9.533381 0.000037 0.000049 0.000003 -0.005524 0.015981 -0.000002 0.004328 -0.015979 0.000003 0.002401 -0.000003 0.000002 -0.000005 0.000002 9.104510 -0.043024 -1.865069 0.000011 0.000701 0.000109 0.000001 0.000001 -0.000001 0.000000 0.000004 -0.000005 0.000000 -0.000003 0.000000 8.077771 -0.486873 -3.806252 -0.020175 4.288549 0.510635 -0.016178 -4.078361 -0.510901 -0.000001 -0.007701 -0.000003 0.000003 -0.000001 -0.000006 -8.207787 -6.751666 -1.599563 -9.433331 -4.142179 -13.276218 12.530905 -10.322461 -7.144682 -10.420278 -2.916213 13.000947 -0.868590 0.000011 -0.000003 0.000000 0.000000 -0.000000 8.207791 -6.751697 -1.599558 -14.465456 22.256846 9.350711 4.132508 -4.393493 3.767549 38.951999 -5.298827 -17.113703 -32.791865 0.106003 -2.371931 -0.000000 0.000000 0.000000 
-11.324871 102.595123 1.340638 7.867478 2.898120 8.940631 -0.000005 10.181585 0.131520 -2.305020 -0.531046 -1.614953 -4.635924 -1.026642 -1.125451 -4.642600 -0.995757 -1.124454 0.000002 16.740395 -2.049034 1.761350 1.246959 1.307714 -0.000001 9.617887 1.685004 16.290669 9.064737 -10.581583 0.000005 22.037354 7.501096 -0.000003 -0.000000 -0.000000 -4.569967 11.014917 -2.160884 0.311983 -11.867193 7.607323 -61.412908 26.694790 17.461080 -0.000015 28.813969 -0.000011 -16.584066 14.716334 -33.943120 -2.464793 -1.573975 2.681846 -1.619249 -4.333948 -6.744820 4.223205 -7.640271 -0.059993 -1.560135 0.883064 -1.926123 -0.000002 0.000002 0.000002 -9.108276 -0.517870 2.259823 -0.000000 -0.018790 0.000099 0.000000 0.029297 0.000001 0.000001 -0.010101 -0.000002 0.000002 -0.000004 0.000001 -9.532499 -0.000049 -0.000028 -0.000000 -0.057490 0.000099 0.000000 0.097395 0.000025 -0.000001 -0.036895 -0.000003 -0.000000 -0.000006 0.000002 -9.103584 -0.043075 -1.865151 -0.000000 0.017912 -0.000002 0.000001 -0.025406 0.000043 -0.000000 -0.012901 -0.000004 -0.000000 0.000003 0.000001 -8.076677 -0.486704 -3.806284 -0.000001 0.059612 -0.000501 -0.000000 0.096996 0.000001 0.000000 -0.056900 0.000001 -0.000000 -0.000000 -0.000001 4.570446 11.014708 -2.160855 -0.012383 7.658153 -7.981022 20.566813 -22.586957 -57.725972 -0.000011 -13.604600 -0.000011 -3.314100 -10.796510 15.045416 2.466130 -1.576205 2.681739 -1.336442 4.338055 6.279189 3.576457 7.070876 0.589257 -0.821928 0.916473 2.391506 -0.000000 0.000002 0.000000 9.109287 -0.518049 2.259875 0.000012 -0.005099 0.000106 -0.000001 0.012004 -0.000002 0.000001 -0.007605 0.000005 -0.000001 0.000001 -0.000008 9.533381 0.000037 0.000049 0.000003 -0.005524 0.015981 -0.000002 0.004328 -0.015979 0.000003 0.002401 -0.000003 0.000002 -0.000005 0.000002 9.104510 -0.043024 -1.865069 0.000011 0.000701 0.000109 0.000001 0.000001 -0.000001 0.000000 0.000004 -0.000005 0.000000 -0.000003 0.000000 8.077771 -0.486873 -3.806252 -0.020175 4.288549 0.510635 -0.016178 -4.078361 -0.510901 -0.000001 -0.007701 -0.000003 0.000003 -0.000001 -0.000006 -8.207787 -6.751666 -1.599563 -9.433331 -4.142179 -13.276218 12.530905 -10.322461 -7.144682 -10.420278 -2.916213 13.000947 -0.868590 0.000011 -0.000003 0.000000 0.000000 -0.000000 8.207791 -6.751697 -1.599558 -14.465456 22.256846 9.350711 4.132508 -4.393493 3.767549 38.951999 -5.298827 -17.113703 -32.791865 0.106003 -2.371931 -0.000000 0.000000 0.000000 
-11.324871 102.595123 1.340638 7.867478 2.898120 8.940631 -0.000005 10.181585 0.131520 -2.305020 -0.531046 -1.614953 -4.635924 -1.026642 -1.125451 -4.642600 -0.995757 -1.124454 0.000002 16.740395 -2.049034 1.761350 1.246959 1.307714 -0.000001 9.617887 1.685004 16.290669 9.064737 -10.581583 0.000005 22.037354 7.501096 -0.000003 -0.000000 -0.000000 -4.569967 11.014917 -2.160884 0.311983 -11.867193 7.607323 -61.412908 26.694790 17.461080 -0.000015 28.813969 -0.000011 -16.584066 14.716334 -33.943120 -2.464793 -1.573975 2.681846 -1.619249 -4.333948 -6.744820 4.223205 -7.640271 -0.059993 -1.560135 0.883064 -1.926123 -0.000002 0.000002 0.000002 -9.108276 -0.517870 2.259823 -0.000000 -0.018790 0.000099 0.000000 0.029297 0.000001 0.000001 -0.010101 -0.000002 0.000002 -0.000004 0.000001 -9.532499 -0.000049 -0.000028 -0.000000 -0.057490 0.000099 0.000000 0.097395 0.000025 -0.000001 -0.036895 -0.000003 -0.000000 -0.000006 0.000002 -9.103584 -0.043075 -1.865151 -0.000000 0.017912 -0.000002 0.000001 -0.025406 0.000043 -0.000000 -0.012901 -0.000004 -0.000000 0.000003 0.000001 -8.076677 -0.486704 -3.806284 -0.000001 0.059612 -0.000501 -0.000000 0.096996 0.000001 0.000000 -0.056900 0.000001 -0.000000 -0.000000 -0.000001 4.570446 11.014708 -2.160855 -0.012383 7.658153 -7.981022 20.566813 -22.586957 -57.725972 -0.000011 -13.604600 -0.000011 -3.314100 -10.796510 15.045416 2.466130 -1.576205 2.681739 -1.336442 4.338055 6.279189 3.576457 7.070876 0.589257 -0.821928 0.916473 2.391506 -0.000000 0.000002 0.000000 9.109287 -0.518049 2.259875 0.000012 -0.005099 0.000106 -0.000001 0.012004 -0.000002 0.000001 -0.007605 0.000005 -0.000001 0.000001 -0.000008 9.533381 0.000037 0.000049 0.000003 -0.005524 0.015981 -0.000002 0.004328 -0.015979 0.000003 0.002401 -0.000003 0.000002 -0.000005 0.000002 9.104510 -0.043024 -1.865069 0.000011 0.000701 0.000109 0.000001 0.000001 -0.000001 0.000000 0.000004 -0.000005 0.000000 -0.000003 0.000000 8.077771 -0.486873 -3.806252 -0.020175 4.288549 0.510635 -0.016178 -4.078361 -0.510901 -0.000001 -0.007701 -0.000003 0.000003 -0.000001 -0.000006 -8.207787 -6.751666 -1.599563 -9.433331 -4.142179 -13.276218 12.530905 -10.322461 -7.144682 -10.420278 -2.916213 13.000947 -0.868590 0.000011 -0.000003 0.000000 0.000000 -0.000000 8.207791 -6.751697 -1.599558 -14.465456 22.256846 9.350711 4.132508 -4.393493 3.767549 38.951999 -5.298827 -17.113703 -32.791865 0.106003 -2.371931 -0.000000 0.000000 0.000000 
-11.324871 102.595123 1.340638 7.867478 2.898120 8.940631 -0.000005 10.181585 0.131520 -2.305020 -0.531046 -1.614953 -4.635924 -1.026642 -1.125451 -4.642600 -0.995757 -1.124454 0.000002 16.740395 -2.049034 1.761350 1.246959 1.307714 -0.000001 9.617887 1.685004 16.290669 9.064737 -10.581583 0.000005 22.037354 7.501096 -0.000003 -0.000000 -0.000000 -4.569967 11.014917 -2.160884 0.311983 -11.867193 7.607323 -61.412908 26.694790 17.461080 -0.000015 28.813969 -0.000011 -16.584066 14.716334 -33.943120 -2.464793 -1.573975 2.681846 -1.619249 -4.333948 -6.744820 4.223205 -7.640271 -0.059993 -1.560135 0.883064 -1.926123 -0.000002 0.000002 0.000002 -9.108276 -0.517870 2.259823 -0.000000 -0.018790 0.000099 0.000000 0.029297 0.000001 0.000001 -0.010101 -0.000002 0.000002 -0.000004 0.000001 -9.532499 -0.000049 -0.000028 -0.000000 -0.057490 0.000099 0.000000 0.097395 0.000025 -0.000001 -0.036895 -0.000003 -0.000000 -0.000006 0.000002 -9.103584 -0.043075 -1.865151 -0.000000 0.017912 -0.000002 0.000001 -0.025406 0.000043 -0.000000 -0.012901 -0.000004 -0.000000 0.000003 0.000001 -8.076677 -0.486704 -3.806284 -0.000001 0.059612 -0.000501 -0.000000 0.096996 0.000001 0.000000 -0.056900 0.000001 -0.000000 -0.000000 -0.000001 4.570446 11.014708 -2.160855 -0.012383 7.658153 -7.981022 20.566813 -22.586957 -57.725972 -0.000011 -13.604600 -0.000011 -3.314100 -10.796510 15.045416 2.466130 -1.576205 2.681739 -1.336442 4.338055 6.279189 3.576457 7.070876 0.589257 -0.821928 0.916473 2.391506 -0.000000 0.000002 0.000000 9.109287 -0.518049 2.259875 0.000012 -0.005099 0.000106 -0.000001 0.012004 -0.000002 0.000001 -0.007605 0.000005 -0.000001 0.000001 -0.000008 9.533381 0.000037 0.000049 0.000003 -0.005524 0.015981 -0.000002 0.004328 -0.015979 0.000003 0.002401 -0.000003 0.000002 -0.000005 0.000002 9.104510 -0.043024 -1.865069 0.000011 0.000701 0.000109 0.000001 0.000001 -0.000001 0.000000 0.000004 -0.000005 0.000000 -0.000003 0.000000 8.077771 -0.486873 -3.806252 -0.020175 4.288549 0.510635 -0.016178 -4.078361 -0.510901 -0.000001 -0.007701 -0.000003 0.000003 -0.000001 -0.000006 -8.207787 -6.751666 -1.599563 -9.433331 -4.142179 -13.276218 12.530905 -10.322461 -7.144682 -10.420278 -2.916213 13.000947 -0.868590 0.000011 -0.000003 0.000000 0.000000 -0.000000 8.207791 -6.751697 -1.599558 -14.465456 22.256846 9.350711 4.132508 -4.393493 3.767549 38.951999 -5.298827 -17.113703 -32.791865 0.106003 -2.371931 -0.000000 0.000000 0.000000 
-11.324871 102.595123 1.340638 7.867478 2.898120 8.940631 -0.000005 10.181585 0.131520 -2.305020 -0.531046 -1.614953 -4.635924 -1.026642 -1.125451 -4.642600 -0.995757 -1.124454 0.000002 16.740395 -2.049034 1.761350 1.246959 1.307714 -0.000001 9.617887 1.685004 16.290669 9.064737 -10.581583 0.000005 22.037354 7.501096 -0.000003 -0.000000 -0.000000 -4.569967 11.014917 -2.160884 0.311983 -11.867193 7.607323 -61.412908 26.694790 17.461080 -0.000015 28.813969 -0.000011 -16.584066 14.716334 -33.943120 -2.464793 -1.573975 2.681846 -1.619249 -4.333948 -6.744820 4.223205 -7.640271 -0.059993 -1.560135 0.883064 -1.926123 -0.000002 0.000002 0.000002 -9.108276 -0.517870 2.259823 -0.000000 -0.018790 0.000099 0.000000 0.029297 0.000001 0.000001 -0.010101 -0.000002 0.000002 -0.000004 0.000001 -9.532499 -0.000049 -0.000028 -0.000000 -0.057490 0.000099 0.000000 0.097395 0.000025 -0.000001 -0.036895 -0.000003 -0.000000 -0.000006 0.000002 -9.103584 -0.043075 -1.865151 -0.000000 0.017912 -0.000002 0.000001 -0.025406 0.000043 -0.000000 -0.012901 -0.000004 -0.000000 0.000003 0.000001 -8.076677 -0.486704 -3.806284 -0.000001 0.059612 -0.000501 -0.000000 0.096996 0.000001 0.000000 -0.056900 0.000001 -0.000000 -0.000000 -0.000001 4.570446 11.014708 -2.160855 -0.012383 7.658153 -7.981022 20.566813 -22.586957 -57.725972 -0.000011 -13.604600 -0.000011 -3.314100 -10.796510 15.045416 2.466130 -1.576205 2.681739 -1.336442 4.338055 6.279189 3.576457 7.070876 0.589257 -0.821928 0.916473 2.391506 -0.000000 0.000002 0.000000 9.109287 -0.518049 2.259875 0.000012 -0.005099 0.000106 -0.000001 0.012004 -0.000002 0.000001 -0.007605 0.000005 -0.000001 0.000001 -0.000008 9.533381 0.000037 0.000049 0.000003 -0.005524 0.015981 -0.000002 0.004328 -0.015979 0.000003 0.002401 -0.000003 0.000002 -0.000005 0.000002 9.104510 -0.043024 -1.865069 0.000011 0.000701 0.000109 0.000001 0.000001 -0.000001 0.000000 0.000004 -0.000005 0.000000 -0.000003 0.000000 8.077771 -0.486873 -3.806252 -0.020175 4.288549 0.510635 -0.016178 -4.078361 -0.510901 -0.000001 -0.007701 -0.000003 0.000003 -0.000001 -0.000006 -8.207787 -6.751666 -1.599563 -9.433331 -4.142179 -13.276218 12.530905 -10.322461 -7.144682 -10.420278 -2.916213 13.000947 -0.868590 0.000011 -0.000003 0.000000 0.000000 -0.000000 8.207791 -6.751697 -1.599558 -14.465456 22.256846 9.350711 4.132508 -4.393493 3.767549 38.951999 -5.298827 -17.113703 -32.791865 0.106003 -2.371931 -0.000000 0.000000 0.000000 
-11.324871 102.595123 1.340638 7.867478 2.898120 8.940631 -0.000005 10.181585 0.131520 -2.305020 -0.531046 -1.614953 -4.635924 -1.026642 -1.125451 -4.642600 -0.995757 -1.124454 0.000002 16.740395 -2.049034 1.761350 1.246959 1.307714 -0.000001 9.617887 1.685004 16.290669 9.064737 -10.581583 0.000005 22.037354 7.501096 -0.000003 -0.000000 -0.000000 -4.569967 11.014917 -2.160884 0.311983 -11.867193 7.607323 -61.412908 26.694790 17.461080 -0.000015 28.813969 -0.000011 -16.584066 14.716334 -33.943120 -2.464793 -1.573975 2.681846 -1.619249 -4.333948 -6.744820 4.223205 -7.640271 -0.059993 -1.560135 0.883064 -1.926123 -0.000002 0.000002 0.000002 -9.108276 -0.517870 2.259823 -0.000000 -0.018790 0.000099 0.000000 0.029297 0.000001 0.000001 -0.010101 -0.000002 0.000002 -0.000004 0.000001 -9.532499 -0.000049 -0.000028 -0.000000 -0.057490 0.000099 0.000000 0.097395 0.000025 -0.000001 -0.036895 -0.000003 -0.000000 -0.000006 0.000002 -9.103584 -0.043075 -1.865151 -0.000000 0.017912 -0.000002 0.000001 -0.025406 0.000043 -0.000000 -0.012901 -0.000004 -0.000000 0.000003 0.000001 -8.076677 -0.486704 -3.806284 -0.000001 0.059612 -0.000501 -0.000000 0.096996 0.000001 0.000000 -0.056900 0.000001 -0.000000 -0.000000 -0.000001 4.570446 11.014708 -2.160855 -0.012383 7.658153 -7.981022 20.566813 -22.586957 -57.725972 -0.000011 -13.604600 -0.000011 -3.314100 -10.796510 15.045416 2.466130 -1.576205 2.681739 -1.336442 4.338055 6.279189 3.576457 7.070876 0.589257 -0.821928 0.916473 2.391506 -0.000000 0.000002 0.000000 9.109287 -0.518049 2.259875 0.000012 -0.005099 0.000106 -0.000001 0.012004 -0.000002 0.000001 -0.007605 0.000005 -0.000001 0.000001 -0.000008 9.533381 0.000037 0.000049 0.000003 -0.005524 0.015981 -0.000002 0.004328 -0.015979 0.000003 0.002401 -0.000003 0.000002 -0.000005 0.000002 9.104510 -0.043024 -1.865069 0.000011 0.000701 0.000109 0.000001 0.000001 -0.000001 0.000000 0.000004 -0.000005 0.000000 -0.000003 0.000000 8.077771 -0.486873 -3.806252 -0.020175 4.288549 0.510635 -0.016178 -4.078361 -0.510901 -0.000001 -0.007701 -0.000003 0.000003 -0.000001 -0.000006 -8.207787 -6.751666 -1.599563 -9.433331 -4.142179 -13.276218 12.530905 -10.322461 -7.144682 -10.420278 -2.916213 13.000947 -0.868590 0.000011 -0.000003 0.000000 0.000000 -0.000000 8.207791 -6.751697 -1.599558 -14.465456 22.256846 9.350711 4.132508 -4.393493 3.767549 38.951999 -5.298827 -17.113703 -32.791865 0.106003 -2.371931 -0.000000 0.000000 0.000000 
-11.324871 102.595123 1.340638 7.867478 2.898120 8.940631 -0.000005 10.181585 0.131520 -2.305020 -0.531046 -1.614953 -4.635924 -1.026642 -1.125451 -4.642600 -0.995757 -1.124454 0.000002 16.740395 -2.049034 1.761350 1.246959 1.307714 -0.000001 9.617887 1.685004 16.290669 9.064737 -10.581583 0.000005 22.037354 7.501096 -0.000003 -0.000000 -0.000000 -4.569967 11.014917 -2.160884 0.311983 -11.867193 7.607323 -61.412908 26.694790 17.461080 -0.000015 28.813969 -0.000011 -16.584066 14.716334 -33.943120 -2.464793 -1.573975 2.681846 -1.619249 -4.333948 -6.744820 4.223205 -7.640271 -0.059993 -1.560135 0.883064 -1.926123 -0.000002 0.000002 0.000002 -9.108276 -0.517870 2.259823 -0.000000 -0.018790 0.000099 0.000000 0.029297 0.000001 0.000001 -0.010101 -0.000002 0.000002 -0.000004 0.000001 -9.532499 -0.000049 -0.000028 -0.000000 -0.057490 0.000099 0.000000 0.097395 0.000025 -0.000001 -0.036895 -0.000003 -0.000000 -0.000006 0.000002 -9.103584 -0.043075 -1.865151 -0.000000 0.017912 -0.000002 0.000001 -0.025406 0.000043 -0.000000 -0.012901 -0.000004 -0.000000 0.000003 0.000001 -8.076677 -0.486704 -3.806284 -0.000001 0.059612 -0.000501 -0.000000 0.096996 0.000001 0.000000 -0.056900 0.000001 -0.000000 -0.000000 -0.000001 4.570446 11.014708 -2.160855 -0.012383 7.658153 -7.981022 20.566813 -22.586957 -57.725972 -0.000011 -13.604600 -0.000011 -3.314100 -10.796510 15.045416 2.466130 -1.576205 2.681739 -1.336442 4.338055 6.279189 3.576457 7.070876 0.589257 -0.821928 0.916473 2.391506 -0.000000 0.000002 0.000000 9.109287 -0.518049 2.259875 0.000012 -0.005099 0.000106 -0.000001 0.012004 -0.000002 0.000001 -0.007605 0.000005 -0.000001 0.000001 -0.000008 9.533381 0.000037 0.000049 0.000003 -0.005524 0.015981 -0.000002 0.004328 -0.015979 0.000003 0.002401 -0.000003 0.000002 -0.000005 0.000002 9.104510 -0.043024 -1.865069 0.000011 0.000701 0.000109 0.000001 0.000001 -0.000001 0.000000 0.000004 -0.000005 0.000000 -0.000003 0.000000 8.077771 -0.486873 -3.806252 -0.020175 4.288549 0.510635 -0.016178 -4.078361 -0.510901 -0.000001 -0.007701 -0.000003 0.000003 -0.000001 -0.000006 -8.207787 -6.751666 -1.599563 -9.433331 -4.142179 -13.276218 12.530905 -10.322461 -7.144682 -10.420278 -2.916213 13.000947 -0.868590 0.000011 -0.000003 0.000000 0.000000 -0.000000 8.207791 -6.751697 -1.599558 -14.465456 22.256846 9.350711 4.132508 -4.393493 3.767549 38.951999 -5.298827 -17.113703 -32.791865 0.106003 -2.371931 -0.000000 0.000000 0.000000 
-11.324871 102.595123 1.340638 7.867478 2.898120 8.940631 -0.000005 10.181585 0.131520 -2.305020 -0.531046 -1.614953 -4.635924 -1.026642 -1.125451 -4.642600 -0.995757 -1.124454 0.000002 16.740395 -2.049034 1.761350 1.246959 1.307714 -0.000001 9.617887 1.685004 16.290669 9.064737 -10.581583 0.000005 22.037354 7.501096 -0.000003 -0.000000 -0.000000 -4.569967 11.014917 -2.160884 0.311983 -11.867193 7.607323 -61.412908 26.694790 17.461080 -0.000015 28.813969 -0.000011 -16.584066 14.716334 -33.943120 -2.464793 -1.573975 2.681846 -1.619249 -4.333948 -6.744820 4.223205 -7.640271 -0.059993 -1.560135 0.883064 -1.926123 -0.000002 0.000002 0.000002 -9.108276 -0.517870 2.259823 -0.000000 -0.018790 0.000099 0.000000 0.029297 0.000001 0.000001 -0.010101 -0.000002 0.000002 -0.000004 0.000001 -9.532499 -0.000049 -0.000028 -0.000000 -0.057490 0.000099 0.000000 0.097395 0.000025 -0.000001 -0.036895 -0.000003 -0.000000 -0.000006 0.000002 -9.103584 -0.043075 -1.865151 -0.000000 0.017912 -0.000002 0.000001 -0.025406 0.000043 -0.000000 -0.012901 -0.000004 -0.000000 0.000003 0.000001 -8.076677 -0.486704 -3.806284 -0.000001 0.059612 -0.000501 -0.000000 0.096996 0.000001 0.000000 -0.056900 0.000001 -0.000000 -0.000000 -0.000001 4.570446 11.014708 -2.160855 -0.012383 7.658153 -7.981022 20.566813 -22.586957 -57.725972 -0.000011 -13.604600 -0.000011 -3.314100 -10.796510 15.045416 2.466130 -1.576205 2.681739 -1.336442 4.338055 6.279189 3.576457 7.070876 0.589257 -0.821928 0.916473 2.391506 -0.000000 0.000002 0.000000 9.109287 -0.518049 2.259875 0.000012 -0.005099 0.000106 -0.000001 0.012004 -0.000002 0.000001 -0.007605 0.000005 -0.000001 0.000001 -0.000008 9.533381 0.000037 0.000049 0.000003 -0.005524 0.015981 -0.000002 0.004328 -0.015979 0.000003 0.002401 -0.000003 0.000002 -0.000005 0.000002 9.104510 -0.043024 -1.865069 0.000011 0.000701 0.000109 0.000001 0.000001 -0.000001 0.000000 0.000004 -0.000005 0.000000 -0.000003 0.000000 8.077771 -0.486873 -3.806252 -0.020175 4.288549 0.510635 -0.016178 -4.078361 -0.510901 -0.000001 -0.007701 -0.000003 0.000003 -0.000001 -0.000006 -8.207787 -6.751666 -1.599563 -9.433331 -4.142179 -13.276218 12.530905 -10.322461 -7.144682 -10.420278 -2.916213 13.000947 -0.868590 0.000011 -0.000003 0.000000 0.000000 -0.000000 8.207791 -6.751697 -1.599558 -14.465456 22.256846 9.350711 4.132508 -4.393493 3.767549 38.951999 -5.298827 -17.113703 -32.791865 0.106003 -2.371931 -0.000000 0.000000 0.000000 
-11.324871 102.595123 1.340638 7.867478 2.898120 8.940631 -0.000005 10.181585 0.131520 -2.305020 -0.531046 -1.614953 -4.635924 -1.026642 -1.125451 -4.642600 -0.995757 -1.124454 0.000002 16.740395 -2.049034 1.761350 1.246959 1.307714 -0.000001 9.617887 1.685004 16.290669 9.064737 -10.581583 0.000005 22.037354 7.501096 -0.000003 -0.000000 -0.000000 -4.569967 11.014917 -2.160884 0.311983 -11.867193 7.607323 -61.412908 26.694790 17.461080 -0.000015 28.813969 -0.000011 -16.584066 14.716334 -33.943120 -2.464793 -1.573975 2.681846 -1.619249 -4.333948 -6.744820 4.223205 -7.640271 -0.059993 -1.560135 0.883064 -1.926123 -0.000002 0.000002 0.000002 -9.108276 -0.517870 2.259823 -0.000000 -0.018790 0.000099 0.000000 0.029297 0.000001 0.000001 -0.010101 -0.000002 0.000002 -0.000004 0.000001 -9.532499 -0.000049 -0.000028 -0.000000 -0.057490 0.000099 0.000000 0.097395 0.000025 -0.000001 -0.036895 -0.000003 -0.000000 -0.000006 0.000002 -9.103584 -0.043075 -1.865151 -0.000000 0.017912 -0.000002 0.000001 -0.025406 0.000043 -0.000000 -0.012901 -0.000004 -0.000000 0.000003 0.000001 -8.076677 -0.486704 -3.806284 -0.000001 0.059612 -0.000501 -0.000000 0.096996 0.000001 0.000000 -0.056900 0.000001 -0.000000 -0.000000 -0.000001 4.570446 11.014708 -2.160855 -0.012383 7.658153 -7.981022 20.566813 -22.586957 -57.725972 -0.000011 -13.604600 -0.000011 -3.314100 -10.796510 15.045416 2.466130 -1.576205 2.681739 -1.336442 4.338055 6.279189 3.576457 7.070876 0.589257 -0.821928 0.916473 2.391506 -0.000000 0.000002 0.000000 9.109287 -0.518049 2.259875 0.000012 -0.005099 0.000106 -0.000001 0.012004 -0.000002 0.000001 -0.007605 0.000005 -0.000001 0.000001 -0.000008 9.533381 0.000037 0.000049 0.000003 -0.005524 0.015981 -0.000002 0.004328 -0.015979 0.000003 0.002401 -0.000003 0.000002 -0.000005 0.000002 9.104510 -0.043024 -1.865069 0.000011 0.000701 0.000109 0.000001 0.000001 -0.000001 0.000000 0.000004 -0.000005 0.000000 -0.000003 0.000000 8.077771 -0.486873 -3.806252 -0.020175 4.288549 0.510635 -0.016178 -4.078361 -0.510901 -0.000001 -0.007701 -0.000003 0.000003 -0.000001 -0.000006 -8.207787 -6.751666 -1.599563 -9.433331 -4.142179 -13.276218 12.530905 -10.322461 -7.144682 -10.420278 -2.916213 13.000947 -0.868590 0.000011 -0.000003 0.000000 0.000000 -0.000000 8.207791 -6.751697 -1.599558 -14.465456 22.256846 9.350711 4.132508 -4.393493 3.767549 38.951999 -5.298827 -17.113703 -32.791865 0.106003 -2.371931 -0.000000 0.000000 0.000000 
-11.324871 102.595123 1.340638 7.867478 2.898120 8.940631 -0.000005 10.181585 0.131520 -2.305020 -0.531046 -1.614953 -4.635924 -1.026642 -1.125451 -4.642600 -0.995757 -1.124454 0.000002 16.740395 -2.049034 1.761350 1.246959 1.307714 -0.000001 9.617887 1.685004 16.290669 9.064737 -10.581583 0.000005 22.037354 7.501096 -0.000003 -0.000000 -0.000000 -4.569967 11.014917 -2.160884 0.311983 -11.867193 7.607323 -61.412908 26.694790 17.461080 -0.000015 28.813969 -0.000011 -16.584066 14.716334 -33.943120 -2.464793 -1.573975 2.681846 -1.619249 -4.333948 -6.744820 4.223205 -7.640271 -0.059993 -1.560135 0.883064 -1.926123 -0.000002 0.000002 0.000002 -9.108276 -0.517870 2.259823 -0.000000 -0.018790 0.000099 0.000000 0.029297 0.000001 0.000001 -0.010101 -0.000002 0.000002 -0.000004 0.000001 -9.532499 -0.000049 -0.000028 -0.000000 -0.057490 0.000099 0.000000 0.097395 0.000025 -0.000001 -0.036895 -0.000003 -0.000000 -0.000006 0.000002 -9.103584 -0.043075 -1.865151 -0.000000 0.017912 -0.000002 0.000001 -0.025406 0.000043 -0.000000 -0.012901 -0.000004 -0.000000 0.000003 0.000001 -8.076677 -0.486704 -3.806284 -0.000001 0.059612 -0.000501 -0.000000 0.096996 0.000001 0.000000 -0.056900 0.000001 -0.000000 -0.000000 -0.000001 4.570446 11.014708 -2.160855 -0.012383 7.658153 -7.981022 20.566813 -22.586957 -57.725972 -0.000011 -13.604600 -0.000011 -3.314100 -10.796510 15.045416 2.466130 -1.576205 2.681739 -1.336442 4.338055 6.279189 3.576457 7.070876 0.589257 -0.821928 0.916473 2.391506 -0.000000 0.000002 0.000000 9.109287 -0.518049 2.259875 0.000012 -0.005099 0.000106 -0.000001 0.012004 -0.000002 0.000001 -0.007605 0.000005 -0.000001 0.000001 -0.000008 9.533381 0.000037 0.000049 0.000003 -0.005524 0.015981 -0.000002 0.004328 -0.015979 0.000003 0.002401 -0.000003 0.000002 -0.000005 0.000002 9.104510 -0.043024 -1.865069 0.000011 0.000701 0.000109 0.000001 0.000001 -0.000001 0.000000 0.000004 -0.000005 0.000000 -0.000003 0.000000 8.077771 -0.486873 -3.806252 -0.020175 4.288549 0.510635 -0.016178 -4.078361 -0.510901 -0.000001 -0.007701 -0.000003 0.000003 -0.000001 -0.000006 -8.207787 -6.751666 -1.599563 -9.433331 -4.142179 -13.276218 12.530905 -10.322461 -7.144682 -10.420278 -2.916213 13.000947 -0.868590 0.000011 -0.000003 0.000000 0.000000 -0.000000 8.207791 -6.751697 -1.599558 -14.465456 22.256846 9.350711 4.132508 -4.393493 3.767549 38.951999 -5.298827 -17.113703 -32.791865 0.106003 -2.371931 -0.000000 0.000000 0.000000 
-11.324871 102.595123 1.340638 7.867478 2.898120 8.940631 -0.000005 10.181585 0.131520 -2.305020 -0.531046 -1.614953 -4.635924 -1.026642 -1.125451 -4.642600 -0.995757 -1.124454 0.000002 16.740395 -2.049034 1.761350 1.246959 1.307714 -0.000001 9.617887 1.685004 16.290669 9.064737 -10.581583 0.000005 22.037354 7.501096 -0.000003 -0.000000 -0.000000 -4.569967 11.014917 -2.160884 0.311983 -11.867193 7.607323 -61.412908 26.694790 17.461080 -0.000015 28.813969 -0.000011 -16.584066 14.716334 -33.943120 -2.464793 -1.573975 2.681846 -1.619249 -4.333948 -6.744820 4.223205 -7.640271 -0.059993 -1.560135 0.883064 -1.926123 -0.000002 0.000002 0.000002 -9.108276 -0.517870 2.259823 -0.000000 -0.018790 0.000099 0.000000 0.029297 0.000001 0.000001 -0.010101 -0.000002 0.000002 -0.000004 0.000001 -9.532499 -0.000049 -0.000028 -0.000000 -0.057490 0.000099 0.000000 0.097395 0.000025 -0.000001 -0.036895 -0.000003 -0.000000 -0.000006 0.000002 -9.103584 -0.043075 -1.865151 -0.000000 0.017912 -0.000002 0.000001 -0.025406 0.000043 -0.000000 -0.012901 -0.000004 -0.000000 0.000003 0.000001 -8.076677 -0.486704 -3.806284 -0.000001 0.059612 -0.000501 -0.000000 0.096996 0.000001 0.000000 -0.056900 0.000001 -0.000000 -0.000000 -0.000001 4.570446 11.014708 -2.160855 -0.012383 7.658153 -7.981022 20.566813 -22.586957 -57.725972 -0.000011 -13.604600 -0.000011 -3.314100 -10.796510 15.045416 2.466130 -1.576205 2.681739 -1.336442 4.338055 6.279189 3.576457 7.070876 0.589257 -0.821928 0.916473 2.391506 -0.000000 0.000002 0.000000 9.109287 -0.518049 2.259875 0.000012 -0.005099 0.000106 -0.000001 0.012004 -0.000002 0.000001 -0.007605 0.000005 -0.000001 0.000001 -0.000008 9.533381 0.000037 0.000049 0.000003 -0.005524 0.015981 -0.000002 0.004328 -0.015979 0.000003 0.002401 -0.000003 0.000002 -0.000005 0.000002 9.104510 -0.043024 -1.865069 0.000011 0.000701 0.000109 0.000001 0.000001 -0.000001 0.000000 0.000004 -0.000005 0.000000 -0.000003 0.000000 8.077771 -0.486873 -3.806252 -0.020175 4.288549 0.510635 -0.016178 -4.078361 -0.510901 -0.000001 -0.007701 -0.000003 0.000003 -0.000001 -0.000006 -8.207787 -6.751666 -1.599563 -9.433331 -4.142179 -13.276218 12.530905 -10.322461 -7.144682 -10.420278 -2.916213 13.000947 -0.868590 0.000011 -0.000003 0.000000 0.000000 -0.000000 8.207791 -6.751697 -1.599558 -14.465456 22.256846 9.350711 4.132508 -4.393493 3.767549 38.951999 -5.298827 -17.113703 -32.791865 0.106003 -2.371931 -0.000000 0.000000 0.000000 
-11.324871 102.595123 1.340638 7.867478 2.898120 8.940631 -0.000005 10.181585 0.131520 -2.305020 -0.531046 -1.614953 -4.635924 -1.026642 -1.125451 -4.642600 -0.995757 -1.124454 0.000002 16.740395 -2.049034 1.761350 1.246959 1.307714 -0.000001 9.617887 1.685004 16.290669 9.064737 -10.581583 0.000005 22.037354 7.501096 -0.000003 -0.000000 -0.000000 -4.569967 11.014917 -2.160884 0.311983 -11.867193 7.607323 -61.412908 26.694790 17.461080 -0.000015 28.813969 -0.000011 -16.584066 14.716334 -33.943120 -2.464793 -1.573975 2.681846 -1.619249 -4.333948 -6.744820 4.223205 -7.640271 -0.059993 -1.560135 0.883064 -1.926123 -0.000002 0.000002 0.000002 -9.108276 -0.517870 2.259823 -0.000000 -0.018790 0.000099 0.000000 0.029297 0.000001 0.000001 -0.010101 -0.000002 0.000002 -0.000004 0.000001 -9.532499 -0.000049 -0.000028 -0.000000 -0.057490 0.000099 0.000000 0.097395 0.000025 -0.000001 -0.036895 -0.000003 -0.000000 -0.000006 0.000002 -9.103584 -0.043075 -1.865151 -0.000000 0.017912 -0.000002 0.000001 -0.025406 0.000043 -0.000000 -0.012901 -0.000004 -0.000000 0.000003 0.000001 -8.076677 -0.486704 -3.806284 -0.000001 0.059612 -0.000501 -0.000000 0.096996 0.000001 0.000000 -0.056900 0.000001 -0.000000 -0.000000 -0.000001 4.570446 11.014708 -2.160855 -0.012383 7.658153 -7.981022 20.566813 -22.586957 -57.725972 -0.000011 -13.604600 -0.000011 -3.314100 -10.796510 15.045416 2.466130 -1.576205 2.681739 -1.336442 4.338055 6.279189 3.576457 7.070876 0.589257 -0.821928 0.916473 2.391506 -0.000000 0.000002 0.000000 9.109287 -0.518049 2.259875 0.000012 -0.005099 0.000106 -0.000001 0.012004 -0.000002 0.000001 -0.007605 0.000005 -0.000001 0.000001 -0.000008 9.533381 0.000037 0.000049 0.000003 -0.005524 0.015981 -0.000002 0.004328 -0.015979 0.000003 0.002401 -0.000003 0.000002 -0.000005 0.000002 9.104510 -0.043024 -1.865069 0.000011 0.000701 0.000109 0.000001 0.000001 -0.000001 0.000000 0.000004 -0.000005 0.000000 -0.000003 0.000000 8.077771 -0.486873 -3.806252 -0.020175 4.288549 0.510635 -0.016178 -4.078361 -0.510901 -0.000001 -0.007701 -0.000003 0.000003 -0.000001 -0.000006 -8.207787 -6.751666 -1.599563 -9.433331 -4.142179 -13.276218 12.530905 -10.322461 -7.144682 -10.420278 -2.916213 13.000947 -0.868590 0.000011 -0.000003 0.000000 0.000000 -0.000000 8.207791 -6.751697 -1.599558 -14.465456 22.256846 9.350711 4.132508 -4.393493 3.767549 38.951999 -5.298827 -17.113703 -32.791865 0.106003 -2.371931 -0.000000 0.000000 0.000000 
-11.324871 102.595123 1.340638 7.867478 2.898120 8.940631 -0.000005 10.181585 0.131520 -2.305020 -0.531046 -1.614953 -4.635924 -1.026642 -1.125451 -4.642600 -0.995757 -1.124454 0.000002 16.740395 -2.049034 1.761350 1.246959 1.307714 -0.000001 9.617887 1.685004 16.290669 9.064737 -10.581583 0.000005 22.037354 7.501096 -0.000003 -0.000000 -0.000000 -4.569967 11.014917 -2.160884 0.311983 -11.867193 7.607323 -61.412908 26.694790 17.461080 -0.000015 28.813969 -0.000011 -16.584066 14.716334 -33.943120 -2.464793 -1.573975 2.681846 -1.619249 -4.333948 -6.744820 4.223205 -7.640271 -0.059993 -1.560135 0.883064 -1.926123 -0.000002 0.000002 0.000002 -9.108276 -0.517870 2.259823 -0.000000 -0.018790 0.000099 0.000000 0.029297 0.000001 0.000001 -0.010101 -0.000002 0.000002 -0.000004 0.000001 -9.532499 -0.000049 -0.000028 -0.000000 -0.057490 0.000099 0.000000 0.097395 0.000025 -0.000001 -0.036895 -0.000003 -0.000000 -0.000006 0.000002 -9.103584 -0.043075 -1.865151 -0.000000 0.017912 -0.000002 0.000001 -0.025406 0.000043 -0.000000 -0.012901 -0.000004 -0.000000 0.000003 0.000001 -8.076677 -0.486704 -3.806284 -0.000001 0.059612 -0.000501 -0.000000 0.096996 0.000001 0.000000 -0.056900 0.000001 -0.000000 -0.000000 -0.000001 4.570446 11.014708 -2.160855 -0.012383 7.658153 -7.981022 20.566813 -22.586957 -57.725972 -0.000011 -13.604600 -0.000011 -3.314100 -10.796510 15.045416 2.466130 -1.576205 2.681739 -1.336442 4.338055 6.279189 3.576457 7.070876 0.589257 -0.821928 0.916473 2.391506 -0.000000 0.000002 0.000000 9.109287 -0.518049 2.259875 0.000012 -0.005099 0.000106 -0.000001 0.012004 -0.000002 0.000001 -0.007605 0.000005 -0.000001 0.000001 -0.000008 9.533381 0.000037 0.000049 0.000003 -0.005524 0.015981 -0.000002 0.004328 -0.015979 0.000003 0.002401 -0.000003 0.000002 -0.000005 0.000002 9.104510 -0.043024 -1.865069 0.000011 0.000701 0.000109 0.000001 0.000001 -0.000001 0.000000 0.000004 -0.000005 0.000000 -0.000003 0.000000 8.077771 -0.486873 -3.806252 -0.020175 4.288549 0.510635 -0.016178 -4.078361 -0.510901 -0.000001 -0.007701 -0.000003 0.000003 -0.000001 -0.000006 -8.207787 -6.751666 -1.599563 -9.433331 -4.142179 -13.276218 12.530905 -10.322461 -7.144682 -10.420278 -2.916213 13.000947 -0.868590 0.000011 -0.000003 0.000000 0.000000 -0.000000 8.207791 -6.751697 -1.599558 -14.465456 22.256846 9.350711 4.132508 -4.393493 3.767549 38.951999 -5.298827 -17.113703 -32.791865 0.106003 -2.371931 -0.000000 0.000000 0.000000 
-11.324871 102.595123 1.340638 7.867478 2.898120 8.940631 -0.000005 10.181585 0.131520 -2.305020 -0.531046 -1.614953 -4.635924 -1.026642 -1.125451 -4.642600 -0.995757 -1.124454 0.000002 16.740395 -2.049034 1.761350 1.246959 1.307714 -0.000001 9.617887 1.685004 16.290669 9.064737 -10.581583 0.000005 22.037354 7.501096 -0.000003 -0.000000 -0.000000 -4.569967 11.014917 -2.160884 0.311983 -11.867193 7.607323 -61.412908 26.694790 17.461080 -0.000015 28.813969 -0.000011 -16.584066 14.716334 -33.943120 -2.464793 -1.573975 2.681846 -1.619249 -4.333948 -6.744820 4.223205 -7.640271 -0.059993 -1.560135 0.883064 -1.926123 -0.000002 0.000002 0.000002 -9.108276 -0.517870 2.259823 -0.000000 -0.018790 0.000099 0.000000 0.029297 0.000001 0.000001 -0.010101 -0.000002 0.000002 -0.000004 0.000001 -9.532499 -0.000049 -0.000028 -0.000000 -0.057490 0.000099 0.000000 0.097395 0.000025 -0.000001 -0.036895 -0.000003 -0.000000 -0.000006 0.000002 -9.103584 -0.043075 -1.865151 -0.000000 0.017912 -0.000002 0.000001 -0.025406 0.000043 -0.000000 -0.012901 -0.000004 -0.000000 0.000003 0.000001 -8.076677 -0.486704 -3.806284 -0.000001 0.059612 -0.000501 -0.000000 0.096996 0.000001 0.000000 -0.056900 0.000001 -0.000000 -0.000000 -0.000001 4.570446 11.014708 -2.160855 -0.012383 7.658153 -7.981022 20.566813 -22.586957 -57.725972 -0.000011 -13.604600 -0.000011 -3.314100 -10.796510 15.045416 2.466130 -1.576205 2.681739 -1.336442 4.338055 6.279189 3.576457 7.070876 0.589257 -0.821928 0.916473 2.391506 -0.000000 0.000002 0.000000 9.109287 -0.518049 2.259875 0.000012 -0.005099 0.000106 -0.000001 0.012004 -0.000002 0.000001 -0.007605 0.000005 -0.000001 0.000001 -0.000008 9.533381 0.000037 0.000049 0.000003 -0.005524 0.015981 -0.000002 0.004328 -0.015979 0.000003 0.002401 -0.000003 0.000002 -0.000005 0.000002 9.104510 -0.043024 -1.865069 0.000011 0.000701 0.000109 0.000001 0.000001 -0.000001 0.000000 0.000004 -0.000005 0.000000 -0.000003 0.000000 8.077771 -0.486873 -3.806252 -0.020175 4.288549 0.510635 -0.016178 -4.078361 -0.510901 -0.000001 -0.007701 -0.000003 0.000003 -0.000001 -0.000006 -8.207787 -6.751666 -1.599563 -9.433331 -4.142179 -13.276218 12.530905 -10.322461 -7.144682 -10.420278 -2.916213 13.000947 -0.868590 0.000011 -0.000003 0.000000 0.000000 -0.000000 8.207791 -6.751697 -1.599558 -14.465456 22.256846 9.350711 4.132508 -4.393493 3.767549 38.951999 -5.298827 -17.113703 -32.791865 0.106003 -2.371931 -0.000000 0.000000 0.000000 
-11.324871 102.595123 1.340638 7.867478 2.898120 8.940631 -0.000005 10.181585 0.131520 -2.305020 -0.531046 -1.614953 -4.635924 -1.026642 -1.125451 -4.642600 -0.995757 -1.124454 0.000002 16.740395 -2.049034 1.761350 1.246959 1.307714 -0.000001 9.617887 1.685004 16.290669 9.064737 -10.581583 0.000005 22.037354 7.501096 -0.000003 -0.000000 -0.000000 -4.569967 11.014917 -2.160884 0.311983 -11.867193 7.607323 -61.412908 26.694790 17.461080 -0.000015 28.813969 -0.000011 -16.584066 14.716334 -33.943120 -2.464793 -1.573975 2.681846 -1.619249 -4.333948 -6.744820 4.223205 -7.640271 -0.059993 -1.560135 0.883064 -1.926123 -0.000002 0.000002 0.000002 -9.108276 -0.517870 2.259823 -0.000000 -0.018790 0.000099 0.000000 0.029297 0.000001 0.000001 -0.010101 -0.000002 0.000002 -0.000004 0.000001 -9.532499 -0.000049 -0.000028 -0.000000 -0.057490 0.000099 0.000000 0.097395 0.000025 -0.000001 -0.036895 -0.000003 -0.000000 -0.000006 0.000002 -9.103584 -0.043075 -1.865151 -0.000000 0.017912 -0.000002 0.000001 -0.025406 0.000043 -0.000000 -0.012901 -0.000004 -0.000000 0.000003 0.000001 -8.076677 -0.486704 -3.806284 -0.000001 0.059612 -0.000501 -0.000000 0.096996 0.000001 0.000000 -0.056900 0.000001 -0.000000 -0.000000 -0.000001 4.570446 11.014708 -2.160855 -0.012383 7.658153 -7.981022 20.566813 -22.586957 -57.725972 -0.000011 -13.604600 -0.000011 -3.314100 -10.796510 15.045416 2.466130 -1.576205 2.681739 -1.336442 4.338055 6.279189 3.576457 7.070876 0.589257 -0.821928 0.916473 2.391506 -0.000000 0.000002 0.000000 9.109287 -0.518049 2.259875 0.000012 -0.005099 0.000106 -0.000001 0.012004 -0.000002 0.000001 -0.007605 0.000005 -0.000001 0.000001 -0.000008 9.533381 0.000037 0.000049 0.000003 -0.005524 0.015981 -0.000002 0.004328 -0.015979 0.000003 0.002401 -0.000003 0.000002 -0.000005 0.000002 9.104510 -0.043024 -1.865069 0.000011 0.000701 0.000109 0.000001 0.000001 -0.000001 0.000000 0.000004 -0.000005 0.000000 -0.000003 0.000000 8.077771 -0.486873 -3.806252 -0.020175 4.288549 0.510635 -0.016178 -4.078361 -0.510901 -0.000001 -0.007701 -0.000003 0.000003 -0.000001 -0.000006 -8.207787 -6.751666 -1.599563 -9.433331 -4.142179 -13.276218 12.530905 -10.322461 -7.144682 -10.420278 -2.916213 13.000947 -0.868590 0.000011 -0.000003 0.000000 0.000000 -0.000000 8.207791 -6.751697 -1.599558 -14.465456 22.256846 9.350711 4.132508 -4.393493 3.767549 38.951999 -5.298827 -17.113703 -32.791865 0.106003 -2.371931 -0.000000 0.000000 0.000000 
-11.324871 102.595123 1.340638 7.867478 2.898120 8.940631 -0.000005 10.181585 0.131520 -2.305020 -0.531046 -1.614953 -4.635924 -1.026642 -1.125451 -4.642600 -0.995757 -1.124454 0.000002 16.740395 -2.049034 1.761350 1.246959 1.307714 -0.000001 9.617887 1.685004 16.290669 9.064737 -10.581583 0.000005 22.037354 7.501096 -0.000003 -0.000000 -0.000000 -4.569967 11.014917 -2.160884 0.311983 -11.867193 7.607323 -61.412908 26.694790 17.461080 -0.000015 28.813969 -0.000011 -16.584066 14.716334 -33.943120 -2.464793 -1.573975 2.681846 -1.619249 -4.333948 -6.744820 4.223205 -7.640271 -0.059993 -1.560135 0.883064 -1.926123 -0.000002 0.000002 0.000002 -9.108276 -0.517870 2.259823 -0.000000 -0.018790 0.000099 0.000000 0.029297 0.000001 0.000001 -0.010101 -0.000002 0.000002 -0.000004 0.000001 -9.532499 -0.000049 -0.000028 -0.000000 -0.057490 0.000099 0.000000 0.097395 0.000025 -0.000001 -0.036895 -0.000003 -0.000000 -0.000006 0.000002 -9.103584 -0.043075 -1.865151 -0.000000 0.017912 -0.000002 0.000001 -0.025406 0.000043 -0.000000 -0.012901 -0.000004 -0.000000 0.000003 0.000001 -8.076677 -0.486704 -3.806284 -0.000001 0.059612 -0.000501 -0.000000 0.096996 0.000001 0.000000 -0.056900 0.000001 -0.000000 -0.000000 -0.000001 4.570446 11.014708 -2.160855 -0.012383 7.658153 -7.981022 20.566813 -22.586957 -57.725972 -0.000011 -13.604600 -0.000011 -3.314100 -10.796510 15.045416 2.466130 -1.576205 2.681739 -1.336442 4.338055 6.279189 3.576457 7.070876 0.589257 -0.821928 0.916473 2.391506 -0.000000 0.000002 0.000000 9.109287 -0.518049 2.259875 0.000012 -0.005099 0.000106 -0.000001 0.012004 -0.000002 0.000001 -0.007605 0.000005 -0.000001 0.000001 -0.000008 9.533381 0.000037 0.000049 0.000003 -0.005524 0.015981 -0.000002 0.004328 -0.015979 0.000003 0.002401 -0.000003 0.000002 -0.000005 0.000002 9.104510 -0.043024 -1.865069 0.000011 0.000701 0.000109 0.000001 0.000001 -0.000001 0.000000 0.000004 -0.000005 0.000000 -0.000003 0.000000 8.077771 -0.486873 -3.806252 -0.020175 4.288549 0.510635 -0.016178 -4.078361 -0.510901 -0.000001 -0.007701 -0.000003 0.000003 -0.000001 -0.000006 -8.207787 -6.751666 -1.599563 -9.433331 -4.142179 -13.276218 12.530905 -10.322461 -7.144682 -10.420278 -2.916213 13.000947 -0.868590 0.000011 -0.000003 0.000000 0.000000 -0.000000 8.207791 -6.751697 -1.599558 -14.465456 22.256846 9.350711 4.132508 -4.393493 3.767549 38.951999 -5.298827 -17.113703 -32.791865 0.106003 -2.371931 -0.000000 0.000000 0.000000 
-11.324871 102.595123 1.340638 7.867478 2.898120 8.940631 -0.000005 10.181585 0.131520 -2.305020 -0.531046 -1.614953 -4.635924 -1.026642 -1.125451 -4.642600 -0.995757 -1.124454 0.000002 16.740395 -2.049034 1.761350 1.246959 1.307714 -0.000001 9.617887 1.685004 16.290669 9.064737 -10.581583 0.000005 22.037354 7.501096 -0.000003 -0.000000 -0.000000 -4.569967 11.014917 -2.160884 0.311983 -11.867193 7.607323 -61.412908 26.694790 17.461080 -0.000015 28.813969 -0.000011 -16.584066 14.716334 -33.943120 -2.464793 -1.573975 2.681846 -1.619249 -4.333948 -6.744820 4.223205 -7.640271 -0.059993 -1.560135 0.883064 -1.926123 -0.000002 0.000002 0.000002 -9.108276 -0.517870 2.259823 -0.000000 -0.018790 0.000099 0.000000 0.029297 0.000001 0.000001 -0.010101 -0.000002 0.000002 -0.000004 0.000001 -9.532499 -0.000049 -0.000028 -0.000000 -0.057490 0.000099 0.000000 0.097395 0.000025 -0.000001 -0.036895 -0.000003 -0.000000 -0.000006 0.000002 -9.103584 -0.043075 -1.865151 -0.000000 0.017912 -0.000002 0.000001 -0.025406 0.000043 -0.000000 -0.012901 -0.000004 -0.000000 0.000003 0.000001 -8.076677 -0.486704 -3.806284 -0.000001 0.059612 -0.000501 -0.000000 0.096996 0.000001 0.000000 -0.056900 0.000001 -0.000000 -0.000000 -0.000001 4.570446 11.014708 -2.160855 -0.012383 7.658153 -7.981022 20.566813 -22.586957 -57.725972 -0.000011 -13.604600 -0.000011 -3.314100 -10.796510 15.045416 2.466130 -1.576205 2.681739 -1.336442 4.338055 6.279189 3.576457 7.070876 0.589257 -0.821928 0.916473 2.391506 -0.000000 0.000002 0.000000 9.109287 -0.518049 2.259875 0.000012 -0.005099 0.000106 -0.000001 0.012004 -0.000002 0.000001 -0.007605 0.000005 -0.000001 0.000001 -0.000008 9.533381 0.000037 0.000049 0.000003 -0.005524 0.015981 -0.000002 0.004328 -0.015979 0.000003 0.002401 -0.000003 0.000002 -0.000005 0.000002 9.104510 -0.043024 -1.865069 0.000011 0.000701 0.000109 0.000001 0.000001 -0.000001 0.000000 0.000004 -0.000005 0.000000 -0.000003 0.000000 8.077771 -0.486873 -3.806252 -0.020175 4.288549 0.510635 -0.016178 -4.078361 -0.510901 -0.000001 -0.007701 -0.000003 0.000003 -0.000001 -0.000006 -8.207787 -6.751666 -1.599563 -9.433331 -4.142179 -13.276218 12.530905 -10.322461 -7.144682 -10.420278 -2.916213 13.000947 -0.868590 0.000011 -0.000003 0.000000 0.000000 -0.000000 8.207791 -6.751697 -1.599558 -14.465456 22.256846 9.350711 4.132508 -4.393493 3.767549 38.951999 -5.298827 -17.113703 -32.791865 0.106003 -2.371931 -0.000000 0.000000 0.000000 
-11.324871 102.595123 1.340638 7.867478 2.898120 8.940631 -0.000005 10.181585 0.131520 -2.305020 -0.531046 -1.614953 -4.635924 -1.026642 -1.125451 -4.642600 -0.995757 -1.124454 0.000002 16.740395 -2.049034 1.761350 1.246959 1.307714 -0.000001 9.617887 1.685004 16.290669 9.064737 -10.581583 0.000005 22.037354 7.501096 -0.000003 -0.000000 -0.000000 -4.569967 11.014917 -2.160884 0.311983 -11.867193 7.607323 -61.412908 26.694790 17.461080 -0.000015 28.813969 -0.000011 -16.584066 14.716334 -33.943120 -2.464793 -1.573975 2.681846 -1.619249 -4.333948 -6.744820 4.223205 -7.640271 -0.059993 -1.560135 0.883064 -1.926123 -0.000002 0.000002 0.000002 -9.108276 -0.517870 2.259823 -0.000000 -0.018790 0.000099 0.000000 0.029297 0.000001 0.000001 -0.010101 -0.000002 0.000002 -0.000004 0.000001 -9.532499 -0.000049 -0.000028 -0.000000 -0.057490 0.000099 0.000000 0.097395 0.000025 -0.000001 -0.036895 -0.000003 -0.000000 -0.000006 0.000002 -9.103584 -0.043075 -1.865151 -0.000000 0.017912 -0.000002 0.000001 -0.025406 0.000043 -0.000000 -0.012901 -0.000004 -0.000000 0.000003 0.000001 -8.076677 -0.486704 -3.806284 -0.000001 0.059612 -0.000501 -0.000000 0.096996 0.000001 0.000000 -0.056900 0.000001 -0.000000 -0.000000 -0.000001 4.570446 11.014708 -2.160855 -0.012383 7.658153 -7.981022 20.566813 -22.586957 -57.725972 -0.000011 -13.604600 -0.000011 -3.314100 -10.796510 15.045416 2.466130 -1.576205 2.681739 -1.336442 4.338055 6.279189 3.576457 7.070876 0.589257 -0.821928 0.916473 2.391506 -0.000000 0.000002 0.000000 9.109287 -0.518049 2.259875 0.000012 -0.005099 0.000106 -0.000001 0.012004 -0.000002 0.000001 -0.007605 0.000005 -0.000001 0.000001 -0.000008 9.533381 0.000037 0.000049 0.000003 -0.005524 0.015981 -0.000002 0.004328 -0.015979 0.000003 0.002401 -0.000003 0.000002 -0.000005 0.000002 9.104510 -0.043024 -1.865069 0.000011 0.000701 0.000109 0.000001 0.000001 -0.000001 0.000000 0.000004 -0.000005 0.000000 -0.000003 0.000000 8.077771 -0.486873 -3.806252 -0.020175 4.288549 0.510635 -0.016178 -4.078361 -0.510901 -0.000001 -0.007701 -0.000003 0.000003 -0.000001 -0.000006 -8.207787 -6.751666 -1.599563 -9.433331 -4.142179 -13.276218 12.530905 -10.322461 -7.144682 -10.420278 -2.916213 13.000947 -0.868590 0.000011 -0.000003 0.000000 0.000000 -0.000000 8.207791 -6.751697 -1.599558 -14.465456 22.256846 9.350711 4.132508 -4.393493 3.767549 38.951999 -5.298827 -17.113703 -32.791865 0.106003 -2.371931 -0.000000 0.000000 0.000000 
