HIERARCHY
ROOT Hips
{
	OFFSET -0.000008 104.274872 1.554316
	CHANNELS 6 Xposition Yposition Zposition Xrotation Yrotation Zrotation
	JOINT Spine
	{
		OFFSET -0.000005 10.181587 0.131521
		CHANNELS 6 Xposition Yposition Zposition Xrotation Yrotation Zrotation
		JOINT Spine1
		{
			OFFSET -0.000000 9.893967 -1.470711
			CHANNELS 3 Xrotation Yrotation Zrotation
			JOINT Spine2
			{
				OFFSET -0.000000 9.220772 -1.370643
				CHANNELS 3 Xrotation Yrotation Zrotation
				JOINT Neck
				{
					OFFSET 0.000001 16.740387 -2.049035
					CHANNELS 6 Xposition Yposition Zposition Xrotation Yrotation Zrotation
					JOINT Head
					{
						OFFSET 0.000000 9.617889 1.685008
						CHANNELS 6 Xposition Yposition Zposition Xrotation Yrotation Zrotation
						JOINT HeadTop_End
						{
							OFFSET 0.000002 22.037369 7.501095
							CHANNELS 6 Xposition Yposition Zposition Xrotation Yrotation Zrotation
							End Site
							{
								OFFSET 0.000002 23.106552 -2.828258
							}
						}
					}
				}
				JOINT RightShoulder
				{
					OFFSET -4.569969 11.014908 -2.160884
					CHANNELS 6 Xposition Yposition Zposition Xrotation Yrotation Zrotation
					JOINT RightArm
					{
						OFFSET -10.592846 -0.524811 -2.232097
						CHANNELS 3 Xrotation Yrotation Zrotation
						JOINT RightForeArm
						{
							OFFSET -27.841518 0.000000 -0.000004
							CHANNELS 3 Xrotation Yrotation Zrotation
							JOINT RightHand
							{
								OFFSET -28.328838 0.000000 0.000019
								CHANNELS 3 Xrotation Yrotation Zrotation
								JOINT RightHandThumb1
								{
									OFFSET -2.464806 -1.573990 2.681852
									CHANNELS 6 Xposition Yposition Zposition Xrotation Yrotation Zrotation
									JOINT RightHandThumb2
									{
										OFFSET -3.215187 -1.872772 1.924281
										CHANNELS 3 Xrotation Yrotation Zrotation
										JOINT RightHandThumb3
										{
											OFFSET -2.654839 -1.527985 1.512611
											CHANNELS 3 Xrotation Yrotation Zrotation
											JOINT RightHandThumb4
											{
												OFFSET -2.018822 -1.152008 1.108052
												CHANNELS 3 Xrotation Yrotation Zrotation
												End Site
												{
													OFFSET -1.888100 -1.145340 1.324313
												}
											}
										}
									}
								}
								JOINT RightHandIndex1
								{
									OFFSET -9.108284 -0.517868 2.259834
									CHANNELS 6 Xposition Yposition Zposition Xrotation Yrotation Zrotation
									JOINT RightHandIndex2
									{
										OFFSET -3.699997 0.000015 0.001215
										CHANNELS 3 Xrotation Yrotation Zrotation
										JOINT RightHandIndex3
										{
											OFFSET -2.850006 0.000000 -0.000521
											CHANNELS 3 Xrotation Yrotation Zrotation
											JOINT RightHandIndex4
											{
												OFFSET -2.772186 0.000000 -0.000020
												CHANNELS 3 Xrotation Yrotation Zrotation
												End Site
												{
													OFFSET -2.772186 0.000000 -0.000502
												}
											}
										}
									}
								}
								JOINT RightHandMiddle1
								{
									OFFSET -9.532501 -0.000046 -0.000025
									CHANNELS 6 Xposition Yposition Zposition Xrotation Yrotation Zrotation
									JOINT RightHandMiddle2
									{
										OFFSET -3.699997 0.000015 0.003713
										CHANNELS 3 Xrotation Yrotation Zrotation
										JOINT RightHandMiddle3
										{
											OFFSET -2.949997 0.000000 -0.002054
											CHANNELS 3 Xrotation Yrotation Zrotation
											JOINT RightHandMiddle4
											{
												OFFSET -2.946632 0.000015 -0.000155
												CHANNELS 3 Xrotation Yrotation Zrotation
												End Site
												{
													OFFSET -2.946625 0.000000 -0.001135
												}
											}
										}
									}
								}
								JOINT RightHandRing1
								{
									OFFSET -9.103592 -0.043076 -1.865134
									CHANNELS 6 Xposition Yposition Zposition Xrotation Yrotation Zrotation
									JOINT RightHandRing2
									{
										OFFSET -3.379272 0.000000 -0.001054
										CHANNELS 3 Xrotation Yrotation Zrotation
										JOINT RightHandRing3
										{
											OFFSET -2.889687 0.000000 0.000379
											CHANNELS 3 Xrotation Yrotation Zrotation
											JOINT RightHandRing4
											{
												OFFSET -2.638817 0.000000 0.000942
												CHANNELS 3 Xrotation Yrotation Zrotation
												End Site
												{
													OFFSET -2.638802 0.000000 0.005160
												}
											}
										}
									}
								}
								JOINT RightHandPinky1
								{
									OFFSET -8.076675 -0.486710 -3.806279
									CHANNELS 6 Xposition Yposition Zposition Xrotation Yrotation Zrotation
									JOINT RightHandPinky2
									{
										OFFSET -3.599998 -0.000031 -0.003747
										CHANNELS 3 Xrotation Yrotation Zrotation
										JOINT RightHandPinky3
										{
											OFFSET -2.099991 -0.000015 -0.005740
											CHANNELS 3 Xrotation Yrotation Zrotation
											JOINT RightHandPinky4
											{
												OFFSET -2.115776 -0.000015 -0.003680
												CHANNELS 3 Xrotation Yrotation Zrotation
												End Site
												{
													OFFSET -2.115784 -0.000015 -0.003507
												}
											}
										}
									}
								}
							}
						}
					}
				}
				JOINT LeftShoulder
				{
					OFFSET 4.570447 11.014709 -2.160855
					CHANNELS 6 Xposition Yposition Zposition Xrotation Yrotation Zrotation
					JOINT LeftArm
					{
						OFFSET 10.592369 -0.524597 -2.232120
						CHANNELS 3 Xrotation Yrotation Zrotation
						JOINT LeftForeArm
						{
							OFFSET 27.841522 -0.000031 0.000023
							CHANNELS 3 Xrotation Yrotation Zrotation
							JOINT LeftHand
							{
								OFFSET 28.328835 -0.000031 0.000018
								CHANNELS 3 Xrotation Yrotation Zrotation
								JOINT LeftHandThumb1
								{
									OFFSET 2.466141 -1.576187 2.681734
									CHANNELS 6 Xposition Yposition Zposition Xrotation Yrotation Zrotation
									JOINT LeftHandThumb2
									{
										OFFSET 3.217804 -1.872055 1.916487
										CHANNELS 3 Xrotation Yrotation Zrotation
										JOINT LeftHandThumb3
										{
											OFFSET 2.656013 -1.528809 1.514505
											CHANNELS 3 Xrotation Yrotation Zrotation
											JOINT LeftHandThumb4
											{
												OFFSET 2.020889 -1.154068 1.115134
												CHANNELS 3 Xrotation Yrotation Zrotation
												End Site
												{
													OFFSET 1.908852 -1.150833 1.300489
												}
											}
										}
									}
								}
								JOINT LeftHandIndex1
								{
									OFFSET 9.109306 -0.518036 2.259871
									CHANNELS 6 Xposition Yposition Zposition Xrotation Yrotation Zrotation
									JOINT LeftHandIndex2
									{
										OFFSET 3.699997 -0.000015 -0.000323
										CHANNELS 3 Xrotation Yrotation Zrotation
										JOINT LeftHandIndex3
										{
											OFFSET 2.850006 -0.000015 0.000350
											CHANNELS 3 Xrotation Yrotation Zrotation
											JOINT LeftHandIndex4
											{
												OFFSET 2.774864 0.000000 -0.000027
												CHANNELS 3 Xrotation Yrotation Zrotation
												End Site
												{
													OFFSET 2.774872 -0.000015 -0.000099
												}
											}
										}
									}
								}
								JOINT LeftHandMiddle1
								{
									OFFSET 9.533401 0.000031 0.000044
									CHANNELS 6 Xposition Yposition Zposition Xrotation Yrotation Zrotation
									JOINT LeftHandMiddle2
									{
										OFFSET 3.699997 -0.000015 -0.000231
										CHANNELS 3 Xrotation Yrotation Zrotation
										JOINT LeftHandMiddle3
										{
											OFFSET 2.950005 0.000000 -0.000060
											CHANNELS 3 Xrotation Yrotation Zrotation
											JOINT LeftHandMiddle4
											{
												OFFSET 2.952858 0.000000 0.000063
												CHANNELS 3 Xrotation Yrotation Zrotation
												End Site
												{
													OFFSET 2.952866 0.000000 0.000228
												}
											}
										}
									}
								}
								JOINT LeftHandRing1
								{
									OFFSET 9.104530 -0.043030 -1.865074
									CHANNELS 6 Xposition Yposition Zposition Xrotation Yrotation Zrotation
									JOINT LeftHandRing2
									{
										OFFSET 3.150002 -0.000015 0.000042
										CHANNELS 3 Xrotation Yrotation Zrotation
										JOINT LeftHandRing3
										{
											OFFSET 2.949997 0.000000 0.000037
											CHANNELS 3 Xrotation Yrotation Zrotation
											JOINT LeftHandRing4
											{
												OFFSET 2.644318 -0.000015 0.000059
												CHANNELS 3 Xrotation Yrotation Zrotation
												End Site
												{
													OFFSET 2.644318 0.000000 0.000121
												}
											}
										}
									}
								}
								JOINT LeftHandPinky1
								{
									OFFSET 8.077782 -0.486877 -3.806256
									CHANNELS 6 Xposition Yposition Zposition Xrotation Yrotation Zrotation
									JOINT LeftHandPinky2
									{
										OFFSET 3.599968 0.000031 0.014726
										CHANNELS 3 Xrotation Yrotation Zrotation
										JOINT LeftHandPinky3
										{
											OFFSET 2.099991 0.000015 0.007705
											CHANNELS 3 Xrotation Yrotation Zrotation
											JOINT LeftHandPinky4
											{
												OFFSET 2.125511 0.000015 0.007514
												CHANNELS 3 Xrotation Yrotation Zrotation
												End Site
												{
													OFFSET 2.125526 0.000015 0.006258
												}
											}
										}
									}
								}
							}
						}
					}
				}
			}
		}
	}
	JOINT RightUpLeg
	{
		OFFSET -8.207787 -6.751671 -1.599560
		CHANNELS 6 Xposition Yposition Zposition Xrotation Yrotation Zrotation
		JOINT RightLeg
		{
			OFFSET -0.000001 -44.370113 0.345939
			CHANNELS 3 Xrotation Yrotation Zrotation
			JOINT RightFoot
			{
				OFFSET 0.000001 -44.423676 -3.043536
				CHANNELS 3 Xrotation Yrotation Zrotation
				JOINT RightToeBase
				{
					OFFSET -0.000003 -8.728670 10.710561
					CHANNELS 3 Xrotation Yrotation Zrotation
					JOINT RightToe_End
					{
						OFFSET -0.000003 -0.000677 9.278120
						CHANNELS 3 Xrotation Yrotation Zrotation
						End Site
						{
							OFFSET -0.000003 -0.000677 9.278120
						}
					}
				}
			}
		}
	}
	JOINT LeftUpLeg
	{
		OFFSET 8.207791 -6.751701 -1.599555
		CHANNELS 6 Xposition Yposition Zposition Xrotation Yrotation Zrotation
		JOINT LeftLeg
		{
			OFFSET -0.000002 -44.370033 0.346958
			CHANNELS 3 Xrotation Yrotation Zrotation
			JOINT LeftFoot
			{
				OFFSET 0.000000 -44.423653 -3.044392
				CHANNELS 3 Xrotation Yrotation Zrotation
				JOINT LeftToeBase
				{
					OFFSET -0.000003 -8.728668 10.710560
					CHANNELS 3 Xrotation Yrotation Zrotation
					JOINT LeftToe_End
					{
						OFFSET -0.000003 -0.000677 9.278137
						CHANNELS 3 Xrotation Yrotation Zrotation
						End Site
						{
							OFFSET -0.000003 -0.000677 9.278137
						}
					}
				}
			}
		}
	}
}
MOTION
Frames: 250
Frame Time: 0.033333
0.191181 83.568703 1.157997 -5.173998 -2.181562 -4.225760 -0.000006 10.181591 0.131522 7.486624 1.380053 6.481893 -4.004939 -0.059513 2.988433 -4.019670 -0.542547 -0.015806 0.000000 16.740393 -2.049041 8.927137 -0.205662 -1.249356 0.000001 9.617896 1.685008 6.784057 -0.450678 -4.473233 0.000002 22.037338 7.501097 0.000001 -0.000000 0.000000 -4.569966 11.014914 -2.160886 14.732296 4.892487 -22.415115 -55.377736 19.543956 -11.006095 -15.880678 14.922563 -9.531349 -75.746279 5.089568 -2.619024 -2.464799 -1.573944 2.681842 4.317986 2.099928 -11.412825 13.901126 -28.876076 -8.942122 3.263460 -21.457130 -21.983112 -0.000003 -0.000002 0.000005 -9.108296 -0.517863 2.259834 0.010843 -6.746209 8.585235 1.976123 -0.788212 12.798906 0.941390 -0.852382 11.541965 -0.000003 0.000005 -0.000005 -9.532504 -0.000024 -0.000031 1.186141 -3.079104 9.533214 -1.077268 -0.797422 9.054389 0.276089 -0.984842 11.510257 -0.000000 0.000004 0.000003 -9.103594 -0.043094 -1.865135 -1.645572 -3.752091 9.056870 -4.650941 -2.294130 19.849165 -2.807928 -1.470004 13.121428 -0.000000 0.000003 -0.000000 -8.076688 -0.486714 -3.806286 -6.761177 -4.579570 9.316148 0.164308 -0.334518 13.307429 -4.518177 -3.229444 17.014155 0.000002 0.000006 -0.000000 4.570448 11.014712 -2.160856 14.877689 -5.652323 19.377926 -59.555787 -17.342574 11.949495 -25.533419 -18.547927 -4.909806 -72.138682 -10.636698 5.772877 2.466126 -1.576209 2.681731 5.053082 -0.324267 11.996484 13.679253 26.949503 8.589522 2.200275 15.291467 20.936410 -0.000005 -0.000005 -0.000006 9.109299 -0.518050 2.259865 0.085551 7.048931 -9.142527 2.008047 1.084991 -12.705380 0.963296 1.071205 -11.502348 0.000001 -0.000002 0.000000 9.533388 0.000019 0.000041 1.222677 3.343289 -10.168411 -1.051749 1.081422 -8.942760 0.298353 1.183126 -11.441162 0.000000 -0.000003 0.000002 9.104506 -0.043032 -1.865081 -1.589835 4.115177 -9.661840 -4.585138 2.671991 -19.711339 -2.773606 1.726361 -13.055848 -0.000001 0.000004 -0.000003 8.077765 -0.486870 -3.806265 -6.650240 5.274377 -9.884227 0.274409 0.666840 -13.197680 -4.366046 3.496903 -16.958002 -0.000000 -0.000004 0.000003 -8.207784 -6.751667 -1.599565 -43.778005 -27.039966 -21.173170 72.416685 -4.364393 -9.953037 -29.162200 2.723722 9.467986 1.226766 -0.000004 -0.000002 0.000000 0.000001 -0.000000 8.207795 -6.751706 -1.599553 -40.967608 26.461777 32.039594 77.284922 -9.816419 9.987967 -40.895696 -19.626391 -2.472915 1.349001 0.003411 -0.582173 0.000000 0.000001 0.000000 
0.339545 82.447968 0.942525 -5.868829 -2.315620 -4.100626 -0.000005 10.181585 0.131522 8.499433 1.531523 6.249197 -3.935040 -0.012053 3.010256 -3.949655 -0.496519 0.007435 0.000002 16.740385 -2.049033 8.771306 -0.228187 -1.243051 0.000003 9.617886 1.685005 6.352800 -0.908036 -4.345057 0.000002 22.037323 7.501096 -0.000001 -0.000000 0.000000 -4.569969 11.014915 -2.160885 14.552712 5.010536 -20.633988 -53.811577 21.158816 -10.822585 -15.752042 13.620375 -9.588033 -77.243729 5.111070 -2.412982 -2.464845 -1.573966 2.681850 4.373568 2.086504 -11.466248 13.914874 -28.840583 -8.941538 3.288001 -21.445092 -21.990023 0.000002 0.000004 -0.000002 -9.108316 -0.517861 2.259836 0.002713 -6.744885 8.483150 1.973117 -0.774943 12.653574 0.937082 -0.848887 11.499876 -0.000002 0.000005 0.000001 -9.532536 -0.000051 -0.000027 1.191274 -3.067435 9.437130 -1.066101 -0.796092 8.880644 0.271656 -0.976319 11.412562 -0.000003 0.000003 0.000004 -9.103625 -0.043083 -1.865127 -1.640064 -3.730206 8.945154 -4.650261 -2.293783 19.668604 -2.789571 -1.466963 13.052045 -0.000001 0.000001 -0.000000 -8.076726 -0.486728 -3.806278 -6.755881 -4.541132 9.189861 0.153905 -0.328277 13.116209 -4.491350 -3.219112 16.962203 0.000001 0.000004 -0.000001 4.570441 11.014708 -2.160858 14.651092 -5.569923 20.038563 -57.487797 -18.356545 11.912115 -25.159796 -16.112497 -3.982187 -73.375800 -11.871209 6.737212 2.466148 -1.576189 2.681735 5.029926 -0.329357 11.968759 13.673050 26.966948 8.588528 2.187966 15.296675 20.932885 -0.000002 -0.000002 0.000006 9.109315 -0.518033 2.259873 0.089571 7.049676 -9.190932 2.009409 1.092776 -12.775718 0.965147 1.073175 -11.520912 0.000000 -0.000004 0.000002 9.533417 0.000016 0.000047 1.220348 3.350669 -10.214443 -1.056263 1.084138 -9.027236 0.300524 1.187911 -11.485487 0.000000 0.000009 0.000003 9.104530 -0.043034 -1.865077 -1.591502 4.128469 -9.715941 -4.583665 2.673897 -19.796432 -2.781334 1.728149 -13.086741 -0.000000 0.000002 0.000002 8.077800 -0.486868 -3.806262 -6.650210 5.296873 -9.944904 0.280253 0.671823 -13.289135 -4.377255 3.501329 -16.979919 -0.000000 -0.000002 -0.000001 -8.207790 -6.751677 -1.599564 -44.657679 -26.373964 -21.996477 74.672969 -4.645354 -9.941514 -30.031321 2.910755 9.596316 1.269370 0.000022 0.000001 -0.000000 0.000001 -0.000000 8.207795 -6.751698 -1.599558 -40.906095 25.777475 31.761336 79.409767 -9.807649 9.994975 -42.000650 -18.953293 -2.058647 1.264217 0.003780 -0.612671 -0.000000 -0.000000 0.000000 
0.407905 82.769272 0.732183 -6.464835 -2.461290 -3.589877 -0.000006 10.181577 0.131522 8.668461 1.606121 5.640707 -3.888277 0.038288 2.956647 -3.902985 -0.443054 -0.045594 0.000000 16.740366 -2.049034 8.730917 -0.214953 -1.201196 0.000000 9.617866 1.685009 6.743714 -0.981322 -4.137216 0.000003 22.037323 7.501097 0.000002 0.000000 -0.000000 -4.569971 11.014908 -2.160884 13.713723 5.665318 -18.203950 -53.032891 23.446614 -9.171170 -17.355000 12.158626 -9.777132 -77.999640 4.944266 -3.055556 -2.464801 -1.573971 2.681849 4.373244 2.086779 -11.467790 13.915038 -28.839985 -8.941991 3.288406 -21.445211 -21.990296 0.000002 0.000001 0.000004 -9.108270 -0.517869 2.259831 0.002626 -6.745191 8.481989 1.973241 -0.774767 12.651277 0.937140 -0.848860 11.499972 0.000001 -0.000000 0.000002 -9.532504 -0.000063 -0.000025 1.191381 -3.066949 9.435784 -1.066146 -0.795922 8.877804 0.271611 -0.976306 11.412236 -0.000002 0.000002 0.000002 -9.103572 -0.043058 -1.865137 -1.640238 -3.729227 8.943315 -4.650745 -2.293744 19.666720 -2.789686 -1.467054 13.052067 -0.000000 -0.000002 0.000000 -8.076654 -0.486715 -3.806283 -6.756517 -4.539436 9.187949 0.153786 -0.328057 13.113571 -4.491558 -3.219360 16.962717 -0.000000 0.000002 -0.000006 4.570436 11.014709 -2.160855 14.033548 -5.634995 19.496848 -55.430380 -19.886091 11.639777 -24.650890 -13.607928 -3.156529 -73.971058 -12.390882 7.445414 2.466125 -1.576169 2.681732 5.062022 -0.321655 12.000314 13.680784 26.945906 8.588258 2.202872 15.289348 20.936639 -0.000003 0.000009 0.000009 9.109289 -0.518029 2.259867 0.084591 7.047662 -9.130626 2.007179 1.083199 -12.690213 0.962492 1.070593 -11.496020 -0.000002 -0.000002 -0.000003 9.533393 0.000032 0.000047 1.223157 3.342609 -10.157900 -1.050039 1.081255 -8.924857 0.297624 1.181692 -11.427778 -0.000001 0.000003 -0.000002 9.104524 -0.043010 -1.865072 -1.588623 4.114259 -9.650306 -4.583913 2.671592 -19.689825 -2.770602 1.725483 -13.045665 0.000001 0.000001 -0.000002 8.077796 -0.486876 -3.806257 -6.647863 5.272846 -9.870782 0.272826 0.666056 -13.176571 -4.361685 3.494596 -16.949094 0.000000 0.000000 0.000001 -8.207786 -6.751669 -1.599563 -44.277306 -26.198550 -22.576405 74.209589 -4.391371 -9.938297 -29.674413 3.075956 9.424868 1.354473 -0.000013 -0.000006 -0.000000 0.000001 -0.000000 8.207792 -6.751719 -1.599555 -39.671518 26.055430 30.635922 78.798240 -9.831393 9.992600 -41.078137 -18.418829 -1.711652 0.739913 0.011141 -1.051440 0.000000 -0.000000 -0.000000 
0.401329 84.400818 0.531269 -6.926281 -2.643918 -2.786057 -0.000005 10.181590 0.131523 8.399878 1.590294 4.798351 -3.873891 0.064478 2.818218 -3.888911 -0.410164 -0.184251 0.000001 16.740391 -2.049036 8.758947 -0.175957 -1.108721 -0.000000 9.617902 1.685005 7.379545 -0.745958 -3.825682 0.000002 22.037338 7.501093 -0.000000 -0.000000 0.000000 -4.569963 11.014924 -2.160886 12.866330 6.800331 -15.286624 -52.205742 25.625565 -7.532441 -19.465593 10.924727 -9.902407 -78.181829 4.749237 -3.974470 -2.464802 -1.573970 2.681849 4.354518 2.091375 -11.450247 13.910475 -28.851764 -8.942287 3.280253 -21.449297 -21.988052 -0.000006 0.000002 0.000003 -9.108280 -0.517887 2.259834 0.005331 -6.745713 8.515976 1.974298 -0.779197 12.699524 0.938579 -0.850044 11.514119 -0.000001 -0.000000 0.000002 -9.532505 -0.000045 -0.000019 1.189657 -3.070765 9.467690 -1.069893 -0.796328 8.935446 0.273127 -0.979146 11.444953 -0.000001 0.000005 0.000000 -9.103588 -0.043069 -1.865132 -1.642123 -3.736324 8.980398 -4.651092 -2.293864 19.726906 -2.795888 -1.468087 13.075379 0.000000 0.000003 -0.000004 -8.076666 -0.486677 -3.806283 -6.758471 -4.551928 9.229866 0.157258 -0.330114 13.177217 -4.500595 -3.222863 16.980296 0.000000 0.000003 -0.000005 4.570443 11.014718 -2.160856 13.479220 -6.006617 18.169254 -54.248798 -21.118936 11.484769 -24.206824 -12.225128 -2.797676 -74.148739 -12.036246 7.547505 2.466134 -1.576226 2.681737 5.076724 -0.318260 12.016397 13.684514 26.935515 8.588551 2.210234 15.286018 20.938607 -0.000004 -0.000001 0.000004 9.109294 -0.518044 2.259871 0.082174 7.046960 -9.101382 2.006255 1.078523 -12.648061 0.961293 1.069371 -11.484395 -0.000000 0.000001 -0.000004 9.533398 0.000045 0.000040 1.224558 3.338399 -10.130257 -1.047191 1.079736 -8.874319 0.296287 1.178733 -11.400442 -0.000000 0.000003 -0.000001 9.104513 -0.043026 -1.865073 -1.587405 4.106737 -9.617967 -4.584489 2.670460 -19.638191 -2.765692 1.724314 -13.026407 -0.000000 0.000005 -0.000000 8.077788 -0.486856 -3.806262 -6.647347 5.260140 -9.834435 0.269283 0.663106 -13.121475 -4.354570 3.491668 -16.935027 -0.000000 0.000006 0.000004 -8.207786 -6.751663 -1.599562 -42.731415 -26.524285 -22.861791 71.244467 -3.436712 -9.947652 -28.187501 3.212743 8.923009 1.421078 -0.000018 -0.000000 -0.000000 0.000001 -0.000000 8.207791 -6.751681 -1.599554 -37.093091 27.141249 28.625909 75.370120 -9.864105 9.925288 -39.087308 -17.693928 -1.807751 0.339441 0.012364 -1.107804 -0.000000 -0.000000 -0.000000 
0.327132 86.869690 0.372715 -6.981260 -2.931390 -1.764154 -0.000005 10.181579 0.131520 8.003984 1.648870 3.722810 -3.913604 0.100742 2.643334 -3.929066 -0.365414 -0.360022 0.000002 16.740389 -2.049037 8.792865 -0.143613 -0.984106 0.000001 9.617914 1.685009 7.824357 -0.536692 -3.559387 0.000002 22.037369 7.501093 0.000001 0.000000 0.000000 -4.569968 11.014915 -2.160885 12.469732 8.050258 -12.433189 -50.835343 26.950562 -7.162393 -20.957396 10.133571 -9.745777 -78.080865 4.445995 -4.658240 -2.464830 -1.573958 2.681847 4.349949 2.092435 -11.445354 13.909295 -28.854909 -8.942229 3.278106 -21.450253 -21.987397 0.000003 -0.000005 0.000004 -9.108305 -0.517858 2.259835 0.006027 -6.745750 8.524849 1.974504 -0.780352 12.712376 0.938940 -0.850336 11.517619 0.000000 0.000004 0.000001 -9.532537 -0.000035 -0.000024 1.189206 -3.071856 9.476112 -1.070834 -0.796490 8.950826 0.273497 -0.979876 11.453244 -0.000000 0.000009 0.000010 -9.103601 -0.043077 -1.865134 -1.642567 -3.738427 8.990275 -4.650988 -2.293900 19.742597 -2.797385 -1.468322 13.081193 0.000000 0.000003 -0.000002 -8.076687 -0.486697 -3.806280 -6.758750 -4.555609 9.240974 0.158169 -0.330697 13.193979 -4.502791 -3.223654 16.984520 0.000000 -0.000001 -0.000002 4.570442 11.014706 -2.160856 13.203021 -6.573204 16.781304 -53.468237 -21.797297 11.741634 -23.830329 -11.400438 -2.587809 -74.131301 -11.635798 7.486676 2.466162 -1.576227 2.681736 5.069323 -0.320031 12.009541 13.682751 26.940132 8.588708 2.206930 15.287724 20.937819 -0.000001 -0.000001 0.000006 9.109333 -0.518033 2.259871 0.083283 7.047482 -9.114822 2.006781 1.080642 -12.666972 0.961914 1.069951 -11.490040 0.000000 -0.000004 -0.000004 9.533433 0.000026 0.000046 1.223943 3.340124 -10.142823 -1.048624 1.080354 -8.896938 0.296940 1.180138 -11.413442 0.000001 -0.000001 -0.000000 9.104569 -0.043050 -1.865072 -1.588114 4.109766 -9.632506 -4.584522 2.670963 -19.661917 -2.768161 1.724935 -13.035723 -0.000000 0.000004 -0.000003 8.077821 -0.486855 -3.806260 -6.648039 5.265255 -9.850859 0.270945 0.664357 -13.146455 -4.358148 3.493260 -16.942095 0.000000 0.000002 0.000004 -8.207790 -6.751664 -1.599566 -40.652541 -27.169850 -22.809748 66.409854 -2.390987 -9.963843 -25.805585 3.246397 8.393398 1.467406 -0.000002 -0.000001 0.000000 -0.000000 -0.000000 8.207788 -6.751709 -1.599555 -33.695516 28.525054 25.727315 70.001803 -9.904152 9.907338 -36.064570 -16.925806 -2.122810 -0.007424 0.018856 -1.368106 0.000000 -0.000000 -0.000000 
0.153981 89.642654 0.256268 -6.618231 -3.189025 -0.660784 -0.000005 10.181581 0.131520 7.401119 1.791064 2.550817 -4.009046 0.148768 2.505551 -4.025136 -0.308605 -0.499153 0.000003 16.740383 -2.049036 8.811776 -0.118416 -0.888588 0.000001 9.617878 1.685009 8.139448 -0.382491 -3.470548 0.000003 22.037354 7.501092 0.000001 0.000000 0.000000 -4.569965 11.014928 -2.160884 12.513596 8.911973 -10.366269 -49.678742 27.266810 -7.831708 -21.717756 9.974046 -9.391011 -77.914201 4.103636 -4.872680 -2.464814 -1.573990 2.681850 4.354903 2.091189 -11.449856 13.910463 -28.851836 -8.942088 3.280198 -21.449193 -21.987977 -0.000001 0.000000 0.000004 -9.108286 -0.517892 2.259837 0.005317 -6.745578 8.515985 1.974242 -0.779195 12.699781 0.938526 -0.850036 11.513859 -0.000001 0.000001 0.000003 -9.532502 -0.000063 -0.000028 1.189648 -3.070897 9.467804 -1.069831 -0.796386 8.935793 0.273112 -0.979121 11.444627 -0.000001 0.000003 0.000002 -9.103591 -0.043091 -1.865134 -1.642044 -3.736628 8.980616 -4.650876 -2.293872 19.726809 -2.795752 -1.468036 13.075029 0.000000 0.000004 0.000000 -8.076682 -0.486696 -3.806285 -6.758194 -4.552453 9.230064 0.157261 -0.330156 13.177368 -4.500392 -3.222729 16.979811 0.000000 -0.000002 -0.000005 4.570441 11.014698 -2.160854 13.188172 -7.103185 15.736573 -52.799575 -21.996462 12.349224 -23.589412 -10.532468 -2.227470 -74.074488 -11.713404 7.628347 2.466162 -1.576205 2.681739 5.062692 -0.321672 12.002533 13.681144 26.944765 8.588633 2.203673 15.289221 20.936973 0.000001 0.000000 0.000000 9.109326 -0.518056 2.259879 0.084347 7.047842 -9.127841 2.007218 1.082739 -12.685744 0.962471 1.070497 -11.495322 -0.000002 0.000001 -0.000000 9.533435 0.000018 0.000045 1.223309 3.341940 -10.155086 -1.049883 1.080996 -8.919419 0.297542 1.181471 -11.425761 0.000000 0.000003 -0.000000 9.104563 -0.043042 -1.865067 -1.588687 4.112996 -9.646826 -4.584323 2.671475 -19.685104 -2.770398 1.725476 -13.044458 -0.000000 0.000000 -0.000001 8.077818 -0.486893 -3.806257 -6.648341 5.270704 -9.866978 0.272513 0.665688 -13.171048 -4.361362 3.494590 -16.948575 -0.000000 0.000003 0.000003 -8.207784 -6.751668 -1.599562 -38.313273 -27.882241 -22.326514 60.543821 -1.353756 -9.966724 -22.962266 3.164365 7.942666 1.480745 0.000008 0.000005 -0.000000 0.000003 -0.000000 8.207787 -6.751713 -1.599557 -29.753151 29.744760 22.122527 63.366971 -9.932382 9.959808 -32.845611 -15.792296 -2.803366 -0.019666 0.020130 -1.413548 -0.000000 -0.000001 -0.000000 
0.008544 92.281120 0.181757 -5.848740 -3.299809 0.297933 -0.000005 10.181592 0.131520 6.482201 1.890334 1.594503 -4.139011 0.173375 2.436736 -4.155854 -0.275819 -0.569545 0.000002 16.740385 -2.049029 8.822581 -0.083703 -0.838932 -0.000000 9.617839 1.685006 8.418026 -0.104451 -3.517692 0.000002 22.037369 7.501096 -0.000001 0.000000 -0.000000 -4.569965 11.014928 -2.160880 12.698980 9.026885 -9.433702 -49.588440 27.021174 -8.535453 -22.212170 10.359942 -9.071589 -77.740305 3.935475 -4.714585 -2.464805 -1.573960 2.681851 4.357462 2.090480 -11.452464 13.911070 -28.850067 -8.942088 3.281353 -21.448636 -21.988302 0.000001 0.000000 -0.000001 -9.108287 -0.517872 2.259840 0.004945 -6.745538 8.511059 1.974092 -0.778532 12.692494 0.938335 -0.849851 11.511823 -0.000001 0.000002 0.000005 -9.532502 -0.000027 -0.000021 1.189917 -3.070317 9.463166 -1.069323 -0.796341 8.927100 0.272887 -0.978699 11.439894 -0.000000 -0.000002 0.000008 -9.103591 -0.043074 -1.865125 -1.641778 -3.735551 8.975133 -4.650893 -2.293851 19.717837 -2.794883 -1.467889 13.071659 -0.000000 0.000005 -0.000001 -8.076699 -0.486709 -3.806270 -6.758022 -4.550553 9.223927 0.156797 -0.329795 13.167820 -4.499159 -3.222298 16.977279 -0.000000 0.000000 -0.000004 4.570445 11.014719 -2.160849 13.375928 -7.471754 15.197089 -52.378713 -21.753415 13.067127 -23.772395 -9.788130 -1.815379 -74.040391 -12.069938 7.860983 2.466143 -1.576189 2.681732 5.063656 -0.321564 12.003156 13.681401 26.944396 8.588581 2.204049 15.289010 20.937057 0.000008 -0.000003 -0.000001 9.109333 -0.518047 2.259871 0.084204 7.047759 -9.126481 2.007154 1.082570 -12.684289 0.962395 1.070443 -11.494784 -0.000000 0.000000 0.000003 9.533419 0.000033 0.000046 1.223321 3.341812 -10.153802 -1.049681 1.080936 -8.917655 0.297488 1.181321 -11.424495 -0.000003 -0.000001 -0.000002 9.104540 -0.043024 -1.865070 -1.588621 4.112758 -9.645500 -4.584224 2.671433 -19.683113 -2.770092 1.725401 -13.043538 -0.000000 0.000003 -0.000003 8.077814 -0.486873 -3.806257 -6.648120 5.270291 -9.865423 0.272301 0.665663 -13.169000 -4.360907 3.494330 -16.947916 0.000000 -0.000004 -0.000001 -8.207785 -6.751673 -1.599561 -35.952767 -28.438369 -21.343405 54.355544 -0.675914 -9.983420 -20.094826 2.973236 7.802140 1.798782 -0.000004 -0.000004 -0.000000 0.000001 -0.000000 8.207793 -6.751696 -1.599552 -25.903221 30.359023 18.386687 56.314889 -9.940663 9.952471 -30.471837 -14.032403 -3.875225 0.516182 0.000001 -0.000001 0.000000 0.000000 0.000000 
-0.100312 94.479752 0.130905 -4.864617 -3.256991 0.976776 -0.000005 10.181587 0.131522 5.379522 1.882775 1.054768 -4.281995 0.158765 2.415837 -4.299623 -0.283451 -0.592085 0.000002 16.740419 -2.049033 8.840306 -0.044246 -0.794997 -0.000001 9.617915 1.685007 8.514702 0.322890 -3.662659 0.000002 22.037354 7.501091 -0.000001 -0.000000 -0.000000 -4.569967 11.014921 -2.160885 12.844475 8.486339 -9.522820 -50.367898 26.676740 -8.863980 -22.861611 10.945446 -8.823898 -77.541000 4.086949 -4.484059 -2.464830 -1.573986 2.681857 4.356520 2.090743 -11.451668 13.910875 -28.850610 -8.942118 3.280984 -21.448838 -21.988208 0.000008 -0.000004 0.000000 -9.108292 -0.517862 2.259837 0.005075 -6.745576 8.512683 1.974151 -0.778749 12.694844 0.938405 -0.849915 11.512549 -0.000000 -0.000005 0.000001 -9.532520 -0.000061 -0.000022 1.189843 -3.070485 9.464707 -1.069510 -0.796333 8.929914 0.272950 -0.978855 11.441516 -0.000002 0.000004 0.000003 -9.103600 -0.043067 -1.865138 -1.641876 -3.735858 8.976916 -4.650936 -2.293854 19.720815 -2.795197 -1.467944 13.072822 0.000000 -0.000000 -0.000001 -8.076690 -0.486711 -3.806279 -6.758129 -4.551093 9.225939 0.156947 -0.329897 13.170936 -4.499609 -3.222471 16.978187 -0.000000 0.000006 0.000004 4.570444 11.014734 -2.160856 13.696105 -7.681638 15.236229 -52.181187 -21.081483 13.752485 -24.308587 -9.507423 -1.584934 -74.040029 -12.310577 7.920970 2.466151 -1.576201 2.681738 5.065877 -0.320929 12.005482 13.681886 26.942805 8.588599 2.205122 15.288489 20.937318 -0.000001 0.000003 -0.000005 9.109310 -0.518041 2.259869 0.083869 7.047629 -9.122071 2.006993 1.081838 -12.677740 0.962217 1.070251 -11.492927 0.000000 -0.000004 -0.000001 9.533412 0.000026 0.000047 1.223548 3.341213 -10.149688 -1.049245 1.080727 -8.909843 0.297269 1.180866 -11.420238 -0.000001 0.000000 -0.000002 9.104547 -0.043035 -1.865074 -1.588406 4.111699 -9.640623 -4.584280 2.671250 -19.675038 -2.769347 1.725216 -13.040502 -0.000001 0.000007 -0.000002 8.077821 -0.486877 -3.806259 -6.648046 5.268513 -9.859955 0.271796 0.665168 -13.160477 -4.359823 3.493898 -16.945587 0.000000 0.000001 -0.000000 -8.207783 -6.751663 -1.599562 -33.826058 -28.801368 -19.948896 48.458795 -0.666937 -10.062144 -17.180101 2.795075 7.910951 1.816946 -0.000013 -0.000254 -0.000000 0.000003 -0.000000 8.207791 -6.751697 -1.599557 -23.044093 30.096754 15.487121 50.038318 -9.953624 9.537375 -28.928102 -11.571669 -5.387230 -0.623527 -0.000001 -0.000002 0.000000 -0.000000 -0.000000 
-0.183857 96.043243 0.071008 -3.927478 -3.125844 1.372429 -0.000005 10.181597 0.131521 4.384580 1.798984 0.962090 -4.421636 0.115223 2.420083 -4.440076 -0.321829 -0.589398 0.000002 16.740381 -2.049036 8.864196 -0.020393 -0.734472 -0.000000 9.617888 1.685011 8.315398 0.774443 -4.033257 0.000002 22.037369 7.501094 0.000002 -0.000000 -0.000000 -4.569967 11.014927 -2.160883 12.995927 7.688309 -10.342273 -51.238846 26.352198 -9.073996 -23.711656 11.503601 -8.452714 -77.304477 4.498293 -4.393365 -2.464799 -1.573960 2.681850 4.355927 2.091232 -11.450914 13.910844 -28.851365 -8.942125 3.280709 -21.448963 -21.988126 0.000005 -0.000001 0.000004 -9.108289 -0.517853 2.259837 0.005154 -6.745598 8.514259 1.974200 -0.779027 12.697911 0.938492 -0.849993 11.513383 0.000000 0.000002 -0.000004 -9.532507 -0.000025 -0.000021 1.189693 -3.070667 9.466123 -1.069586 -0.796323 8.933498 0.273026 -0.979004 11.443269 -0.000000 0.000003 -0.000002 -9.103580 -0.043056 -1.865133 -1.641992 -3.736177 8.978851 -4.650828 -2.293856 19.724564 -2.795465 -1.468001 13.074176 -0.000000 0.000000 -0.000001 -8.076684 -0.486683 -3.806275 -6.758044 -4.551630 9.227985 0.157015 -0.330196 13.174860 -4.499921 -3.222459 16.979331 -0.000000 0.000003 -0.000002 4.570443 11.014738 -2.160853 14.036682 -7.738954 15.745423 -51.949025 -20.107935 14.352936 -24.623192 -9.614224 -1.585546 -74.059256 -12.269716 7.807062 2.466142 -1.576235 2.681737 5.065377 -0.320517 12.005358 13.681555 26.942520 8.588599 2.204953 15.288598 20.937267 0.000002 -0.000003 -0.000003 9.109308 -0.518034 2.259871 0.083960 7.047624 -9.122182 2.006966 1.081719 -12.676454 0.962211 1.070225 -11.492691 -0.000004 -0.000000 -0.000000 9.533397 0.000025 0.000043 1.223673 3.341188 -10.149861 -1.049422 1.080767 -8.908464 0.297282 1.180836 -11.419933 -0.000001 0.000000 0.000001 9.104540 -0.043024 -1.865075 -1.588344 4.111690 -9.640366 -4.584517 2.671224 -19.673605 -2.769406 1.725216 -13.040168 0.000000 -0.000002 0.000000 8.077806 -0.486873 -3.806255 -6.648355 5.268564 -9.859863 0.271967 0.664824 -13.159040 -4.360043 3.494183 -16.945115 -0.000001 -0.000004 0.000001 -8.207786 -6.751667 -1.599563 -32.271650 -29.049607 -18.594989 43.743646 -1.226219 -10.267697 -15.065186 2.669590 8.184496 2.601314 0.000048 -0.001930 0.000000 0.000001 -0.000000 8.207792 -6.751692 -1.599555 -21.485714 29.114952 14.033955 45.477445 -9.626181 8.004563 -27.847311 -8.974092 -5.923350 -2.452688 -0.000001 -0.000000 -0.000000 -0.000000 -0.000000 
-0.271609 96.901245 -0.018245 -3.234877 -2.988619 1.611825 -0.000005 10.181578 0.131519 3.804530 1.707342 1.189182 -4.527253 0.061448 2.445670 -4.546586 -0.372599 -0.564955 0.000001 16.740395 -2.049029 8.847043 -0.021949 -0.675505 -0.000000 9.617881 1.685008 7.880635 1.128836 -4.723873 0.000002 22.037338 7.501094 0.000001 0.000000 0.000000 -4.569965 11.014928 -2.160880 13.224684 6.884516 -11.596373 -51.783066 25.980674 -9.426335 -24.395897 12.036913 -7.788659 -77.034787 4.948575 -4.391675 -2.464815 -1.573978 2.681844 4.356208 2.091291 -11.451068 13.911004 -28.851354 -8.942120 3.280821 -21.448891 -21.988172 -0.000001 0.000002 0.000009 -9.108297 -0.517877 2.259830 0.005111 -6.745587 8.513988 1.974198 -0.779031 12.697903 0.938470 -0.849991 11.513344 0.000000 -0.000007 0.000001 -9.532515 -0.000039 -0.000026 1.189658 -3.070645 9.465817 -1.069513 -0.796294 8.933477 0.273027 -0.978998 11.443111 -0.000000 0.000001 0.000002 -9.103603 -0.043072 -1.865135 -1.642003 -3.736134 8.978632 -4.650760 -2.293852 19.724534 -2.795396 -1.467988 13.074071 0.000000 -0.000002 0.000001 -8.076689 -0.486726 -3.806277 -6.757941 -4.551527 9.227691 0.156917 -0.330281 13.174795 -4.499779 -3.222356 16.979340 -0.000000 -0.000004 -0.000001 4.570447 11.014733 -2.160849 14.315892 -7.598850 16.462212 -51.544415 -19.061460 14.846876 -24.427279 -9.782696 -1.686891 -74.066838 -12.087171 7.748498 2.466109 -1.576208 2.681735 5.064559 -0.320645 12.004576 13.681349 26.942972 8.588588 2.204555 15.288794 20.937165 -0.000003 0.000003 0.000002 9.109274 -0.518047 2.259866 0.084113 7.047656 -9.123616 2.007028 1.081928 -12.678294 0.962259 1.070269 -11.493218 -0.000003 -0.000001 0.000003 9.533382 0.000016 0.000044 1.223645 3.341375 -10.151226 -1.049583 1.080839 -8.910661 0.297328 1.180977 -11.421242 0.000001 -0.000007 -0.000003 9.104488 -0.043049 -1.865077 -1.588407 4.112018 -9.641896 -4.584525 2.671272 -19.675909 -2.769657 1.725276 -13.041084 0.000000 -0.000001 0.000000 8.077773 -0.486875 -3.806265 -6.648428 5.269136 -9.861618 0.272163 0.664896 -13.161472 -4.360454 3.494385 -16.945744 0.000000 -0.000003 -0.000005 -8.207785 -6.751668 -1.599563 -31.634653 -29.307973 -17.934176 41.024695 -2.136530 -10.510701 -14.477013 2.590713 8.569365 2.954695 0.000008 0.000003 -0.000000 0.000001 -0.000000 8.207790 -6.751705 -1.599556 -20.918557 27.672481 13.913964 42.792368 -9.566301 5.492515 -27.573083 -6.189739 -5.972189 -4.185815 0.000011 -0.000001 -0.000000 0.000001 -0.000000 
-0.374241 96.965607 -0.228906 -2.899561 -2.906295 1.811571 -0.000005 10.181588 0.131518 3.914102 1.676923 1.568317 -4.549865 0.018831 2.482432 -4.570061 -0.414142 -0.528355 0.000000 16.740389 -2.049035 8.719679 -0.038071 -0.640680 -0.000001 9.617887 1.685006 7.249905 1.356558 -5.559310 0.000002 22.037354 7.501094 -0.000001 0.000000 -0.000000 -4.569971 11.014902 -2.160886 13.528570 6.098874 -13.041940 -52.042302 25.479215 -9.977379 -24.629742 12.557470 -6.883528 -76.736984 5.281044 -4.355037 -2.464788 -1.573966 2.681860 4.355212 2.090662 -11.450541 13.910388 -28.851084 -8.942129 3.280404 -21.449130 -21.988025 0.000004 -0.000009 0.000001 -9.108269 -0.517863 2.259844 0.005283 -6.745579 8.514603 1.974173 -0.778923 12.696611 0.938506 -0.849952 11.513102 -0.000001 -0.000003 -0.000003 -9.532475 -0.000042 -0.000016 1.189826 -3.070700 9.466600 -1.069811 -0.796416 8.932129 0.273023 -0.978992 11.443030 -0.000001 0.000008 0.000005 -9.103585 -0.043075 -1.865122 -1.641933 -3.736292 8.978787 -4.651059 -2.293864 19.723052 -2.795558 -1.467998 13.073831 0.000000 -0.000002 -0.000004 -8.076651 -0.486698 -3.806275 -6.758422 -4.551904 9.228187 0.157286 -0.329790 13.173419 -4.500236 -3.222847 16.978739 -0.000000 0.000003 -0.000003 4.570439 11.014691 -2.160855 14.540479 -7.215154 17.166569 -51.134081 -18.139755 15.220441 -24.110754 -9.853154 -1.779493 -74.051675 -12.010789 7.838326 2.466152 -1.576196 2.681740 5.066718 -0.321713 12.005912 13.682518 26.943203 8.588635 2.205501 15.288291 20.937433 -0.000006 -0.000003 -0.000010 9.109328 -0.518034 2.259875 0.083704 7.047632 -9.121741 2.007010 1.082052 -12.679681 0.962201 1.070317 -11.493363 0.000000 -0.000000 -0.000002 9.533425 0.000045 0.000050 1.223355 3.341148 -10.149170 -1.049012 1.080650 -8.911923 0.297279 1.180927 -11.420702 0.000000 -0.000005 0.000001 9.104549 -0.043008 -1.865070 -1.588507 4.111578 -9.640813 -4.583988 2.671303 -19.677288 -2.769216 1.725224 -13.041064 -0.000001 0.000003 -0.000000 8.077826 -0.486843 -3.806256 -6.647555 5.268170 -9.859847 0.271461 0.665769 -13.162639 -4.359436 3.493426 -16.946492 0.000000 0.000006 -0.000000 -8.207790 -6.751667 -1.599564 -32.340840 -29.596886 -18.445080 40.859148 -2.986791 -10.619355 -14.972505 2.581743 8.852334 2.309895 0.000018 -0.000002 -0.000000 0.000000 -0.000000 8.207791 -6.751692 -1.599556 -21.337499 25.768540 14.582092 42.605549 -9.256126 2.563865 -27.983886 -3.789533 -4.699462 -5.221809 -0.000002 -0.000005 0.000001 -0.000000 0.000000 
-0.488972 96.158966 -0.631118 -2.974583 -2.857675 2.073281 -0.000005 10.181579 0.131520 4.844862 1.711007 1.931079 -4.451340 -0.006742 2.504801 -4.472237 -0.439646 -0.504712 0.000001 16.740417 -2.049036 8.468571 -0.046569 -0.633723 -0.000001 9.617881 1.685009 6.345478 1.562902 -6.246431 0.000002 22.037354 7.501098 -0.000003 -0.000000 0.000000 -4.569967 11.014938 -2.160885 13.902351 5.382003 -14.555292 -52.143109 24.776240 -10.727353 -24.759842 12.973825 -5.950669 -76.414271 5.540436 -4.391781 -2.464810 -1.573965 2.681860 4.353514 2.089922 -11.449466 13.909482 -28.850996 -8.942131 3.279699 -21.449518 -21.987806 -0.000002 -0.000004 0.000000 -9.108286 -0.517853 2.259846 0.005601 -6.745585 8.516205 1.974187 -0.778870 12.695972 0.938542 -0.849957 11.513115 0.000001 -0.000003 0.000002 -9.532520 -0.000059 -0.000012 1.190006 -3.070883 9.468281 -1.070249 -0.796575 8.931665 0.273099 -0.979018 11.443670 0.000001 0.000001 0.000004 -9.103594 -0.043088 -1.865125 -1.641861 -3.736649 8.979847 -4.651453 -2.293861 19.722528 -2.795919 -1.468055 13.074003 -0.000001 0.000003 -0.000001 -8.076683 -0.486714 -3.806272 -6.759071 -4.552667 9.229755 0.157829 -0.329192 13.173053 -4.501028 -3.223554 16.978332 -0.000000 0.000001 -0.000006 4.570446 11.014720 -2.160855 14.735529 -6.547390 17.811981 -51.057631 -17.451956 15.381542 -24.123747 -9.884123 -1.821346 -74.034107 -12.153568 7.945986 2.466153 -1.576192 2.681735 5.069083 -0.322594 12.007515 13.683689 26.943151 8.588666 2.206555 15.287707 20.937728 0.000004 0.000004 -0.000001 9.109322 -0.518038 2.259875 0.083260 7.047586 -9.119268 2.007018 1.082031 -12.679808 0.962105 1.070306 -11.493156 0.000002 -0.000001 0.000004 9.533421 0.000033 0.000048 1.223150 3.340831 -10.146581 -1.048370 1.080429 -8.911689 0.297162 1.180808 -11.419444 0.000001 -0.000002 0.000002 9.104541 -0.043038 -1.865067 -1.588577 4.110976 -9.639004 -4.583465 2.671288 -19.677176 -2.768709 1.725134 -13.040483 0.000000 -0.000003 0.000001 8.077800 -0.486879 -3.806256 -6.646730 5.266955 -9.857298 0.270717 0.666487 -13.162189 -4.358304 3.492480 -16.946782 -0.000001 0.000006 -0.000003 -8.207786 -6.751679 -1.599566 -34.573844 -29.768833 -20.246381 43.394138 -3.557969 -10.521225 -15.859824 2.648021 8.837149 2.547648 -0.000012 -0.000001 -0.000000 -0.000000 -0.000000 8.207791 -6.751707 -1.599556 -22.408462 23.246091 15.463681 44.748934 -8.628721 -0.227332 -28.529012 -1.823024 -3.422052 -5.508514 0.000000 -0.000005 0.000001 -0.000000 -0.000000 
-0.622340 94.507011 -1.149416 -3.469239 -2.693953 2.386265 -0.000005 10.181590 0.131521 6.390603 1.733360 2.237430 -4.247376 -0.034266 2.496866 -4.268982 -0.466937 -0.510076 0.000000 16.740383 -2.049034 8.182279 -0.039164 -0.635614 -0.000003 9.617863 1.685009 5.178729 1.837089 -6.666612 0.000002 22.037323 7.501096 -0.000002 0.000000 -0.000000 -4.569971 11.014903 -2.160879 14.281624 4.811912 -16.054805 -52.233284 23.937916 -11.502789 -25.486636 13.231683 -5.127239 -76.073978 5.874263 -4.694302 -2.464808 -1.573989 2.681858 4.356276 2.091103 -11.451231 13.910923 -28.851136 -8.942128 3.280862 -21.448869 -21.988168 -0.000001 -0.000003 0.000009 -9.108282 -0.517888 2.259842 0.005104 -6.745589 8.513597 1.974190 -0.778935 12.696927 0.938447 -0.849967 11.513073 -0.000000 0.000001 0.000005 -9.532496 -0.000066 -0.000017 1.189726 -3.070595 9.465507 -1.069525 -0.796315 8.932305 0.272995 -0.978949 11.442607 0.000002 0.000001 0.000001 -9.103583 -0.043091 -1.865120 -1.641961 -3.736052 8.978110 -4.650829 -2.293851 19.723324 -2.795339 -1.467967 13.073687 -0.000000 -0.000002 0.000001 -8.076687 -0.486729 -3.806268 -6.758017 -4.551415 9.227186 0.156950 -0.330138 13.173528 -4.499746 -3.222410 16.978945 0.000000 0.000003 -0.000005 4.570438 11.014722 -2.160853 14.828902 -5.647762 18.462746 -51.514304 -17.104681 15.128234 -24.336674 -9.973782 -1.784601 -74.032216 -12.436280 7.950099 2.466140 -1.576206 2.681738 5.063384 -0.320123 12.003792 13.680728 26.942969 8.588569 2.204026 15.289092 20.937018 0.000000 -0.000003 -0.000003 9.109280 -0.518048 2.259868 0.084309 7.047696 -9.124787 2.007016 1.081892 -12.678043 0.962319 1.070275 -11.493268 0.000003 0.000002 0.000000 9.533394 0.000032 0.000043 1.223742 3.341555 -10.152482 -1.049910 1.080957 -8.910542 0.297401 1.181016 -11.421762 -0.000002 -0.000004 -0.000001 9.104535 -0.043035 -1.865075 -1.588367 4.112334 -9.642698 -4.584808 2.671277 -19.675716 -2.769891 1.725307 -13.041276 -0.000000 -0.000002 0.000001 8.077789 -0.486858 -3.806260 -6.648887 5.269776 -9.862809 0.272559 0.664497 -13.161438 -4.361020 3.494861 -16.945513 -0.000001 0.000001 -0.000000 -8.207782 -6.751667 -1.599562 -37.922832 -29.674676 -23.003799 48.241073 -3.581191 -10.277705 -17.000462 2.770436 8.441333 3.314851 0.000001 0.000005 -0.000000 -0.000001 -0.000000 8.207789 -6.751703 -1.599554 -23.895055 20.066389 16.208819 48.954974 -7.278674 -2.549373 -29.006495 -0.480569 -2.770817 -5.264002 0.000012 -0.000002 0.000000 -0.000002 -0.000000 
-0.794615 92.262947 -1.630569 -4.357436 -2.256644 2.603540 -0.000006 10.181572 0.131517 8.072753 1.687535 2.560065 -4.015432 -0.081424 2.470205 -4.037930 -0.513264 -0.533683 0.000001 16.740391 -2.049033 8.008824 -0.031633 -0.614226 0.000000 9.617868 1.685008 4.079317 2.084178 -6.897387 0.000002 22.037354 7.501094 -0.000001 0.000000 -0.000000 -4.569971 11.014918 -2.160883 14.508536 4.473680 -17.238800 -52.292499 23.243520 -12.012154 -26.921148 13.408719 -4.290506 -75.728957 6.321935 -5.148200 -2.464828 -1.573992 2.681848 4.363868 2.094206 -11.456116 13.914778 -28.851358 -8.942109 3.284011 -21.447137 -21.989161 0.000007 -0.000008 0.000000 -9.108303 -0.517873 2.259837 0.003765 -6.745576 8.506298 1.974181 -0.779015 12.698907 0.938172 -0.849989 11.512831 0.000001 -0.000003 0.000003 -9.532535 -0.000051 -0.000021 1.189022 -3.069784 9.457752 -1.067577 -0.795612 8.933347 0.272726 -0.978713 11.439427 -0.000001 0.000001 0.000007 -9.103600 -0.043077 -1.865135 -1.642171 -3.734374 8.973073 -4.649129 -2.293827 19.724785 -2.793760 -1.467757 13.072504 0.000000 -0.000002 -0.000002 -8.076700 -0.486710 -3.806282 -6.755163 -4.547895 9.219797 0.154560 -0.332658 13.174085 -4.496225 -3.219323 16.980417 -0.000000 -0.000001 -0.000002 4.570439 11.014719 -2.160850 14.686461 -4.915956 19.103194 -52.142655 -17.136391 14.431971 -24.175837 -10.189237 -1.752141 -74.049291 -12.682848 7.818132 2.466163 -1.576212 2.681736 5.052285 -0.315485 11.996385 13.675061 26.942745 8.588384 2.199087 15.291767 20.935648 0.000001 0.000006 -0.000001 9.109324 -0.518050 2.259873 0.086367 7.047907 -9.135879 2.007025 1.081744 -12.675317 0.962752 1.070250 -11.493702 0.000000 0.000004 -0.000001 9.533435 0.000031 0.000045 1.224863 3.342992 -10.164212 -1.052845 1.081957 -8.909310 0.297818 1.181501 -11.426675 0.000001 0.000002 0.000001 9.104569 -0.043042 -1.865063 -1.587971 4.115022 -9.650344 -4.587319 2.671258 -19.673866 -2.772295 1.725675 -13.043127 -0.000001 -0.000000 0.000001 8.077839 -0.486883 -3.806254 -6.652944 5.275328 -9.873903 0.276130 0.660751 -13.161042 -4.366366 3.499438 -16.943392 -0.000002 0.000004 0.000000 -8.207787 -6.751667 -1.599571 -41.422140 -29.356600 -25.997300 54.364078 -3.161441 -10.064351 -18.804657 2.905846 7.844243 1.891854 0.000005 -0.000489 -0.000000 0.000001 -0.000000 8.207790 -6.751712 -1.599558 -25.468956 16.540597 16.863199 54.371123 -5.502184 -4.389813 -29.349893 0.235195 -2.920512 -4.650140 0.000012 0.000002 0.000000 -0.000000 0.000000 
-1.019936 89.873291 -1.941025 -5.607031 -1.538337 2.631324 -0.000004 10.181597 0.131519 9.513985 1.552318 2.897573 -3.830716 -0.153457 2.446699 -3.854341 -0.584484 -0.554303 -0.000000 16.740398 -2.049035 8.030718 -0.033862 -0.561954 -0.000002 9.617906 1.685005 3.570380 2.208197 -7.038904 0.000002 22.037338 7.501098 -0.000000 0.000000 -0.000000 -4.569971 11.014919 -2.160882 14.511169 4.600481 -17.559158 -51.814843 22.980904 -12.233711 -28.187262 13.509215 -3.181180 -75.384320 6.716314 -5.412464 -2.464805 -1.573969 2.681859 4.361004 2.093034 -11.454265 13.913303 -28.851265 -8.942112 3.282831 -21.447805 -21.988783 0.000000 0.000004 -0.000003 -9.108286 -0.517871 2.259842 0.004276 -6.745580 8.509068 1.974181 -0.778994 12.698125 0.938276 -0.849971 11.512925 -0.000001 -0.000002 0.000001 -9.532511 -0.000037 -0.000015 1.189279 -3.070091 9.460682 -1.068311 -0.795880 8.932957 0.272837 -0.978800 11.440614 0.000000 -0.000002 0.000000 -9.103587 -0.043069 -1.865129 -1.642087 -3.735002 8.974980 -4.649764 -2.293841 19.724212 -2.794370 -1.467842 13.072950 -0.000000 -0.000000 0.000001 -8.076685 -0.486708 -3.806270 -6.756240 -4.549219 9.222575 0.155459 -0.331712 13.173865 -4.497563 -3.220494 16.979845 0.000000 -0.000002 -0.000004 4.570437 11.014717 -2.160851 14.310335 -4.979039 19.543003 -52.001109 -17.324496 13.753465 -23.200647 -10.564318 -1.983546 -74.077274 -12.679561 7.601259 2.466133 -1.576179 2.681732 5.061852 -0.319530 12.002746 13.679960 26.942965 8.588546 2.203351 15.289452 20.936825 -0.000004 0.000002 -0.000001 9.109306 -0.518020 2.259869 0.084580 7.047722 -9.126392 2.007042 1.081904 -12.677827 0.962369 1.070286 -11.493385 0.000000 -0.000002 0.000002 9.533411 0.000045 0.000042 1.223889 3.341757 -10.154150 -1.050317 1.081074 -8.910586 0.297450 1.181101 -11.422516 -0.000002 0.000002 -0.000002 9.104525 -0.043013 -1.865081 -1.588320 4.112715 -9.643854 -4.585121 2.671279 -19.675658 -2.770264 1.725365 -13.041609 -0.000001 0.000003 0.000004 8.077800 -0.486860 -3.806261 -6.649424 5.270555 -9.864428 0.273033 0.664012 -13.161623 -4.361741 3.495477 -16.945298 -0.000001 -0.000001 0.000008 -8.207787 -6.751679 -1.599561 -44.054788 -28.956252 -28.564761 60.419266 -2.931488 -9.947383 -21.301084 3.007554 7.397278 0.746677 0.000033 -0.000007 -0.000000 0.000001 -0.000000 8.207788 -6.751694 -1.599557 -26.687246 13.319238 17.632031 59.770480 -4.333875 -5.784558 -29.615468 0.486976 -3.425691 -3.816991 0.000002 0.000001 0.000000 0.000000 0.000000 
-1.281434 87.898674 -2.032982 -7.084954 -0.709491 2.530052 -0.000005 10.181572 0.131522 10.565825 1.308941 3.134867 -3.702199 -0.246058 2.436071 -3.726934 -0.676869 -0.562227 0.000001 16.740395 -2.049034 8.192431 -0.030103 -0.510727 0.000002 9.617889 1.685008 3.905833 2.303693 -7.083304 0.000003 22.037384 7.501095 0.000001 -0.000000 -0.000000 -4.569970 11.014929 -2.160883 14.340324 5.344641 -16.641933 -50.252400 23.285249 -12.380914 -28.383355 13.285939 -1.820320 -75.025503 6.827218 -5.435080 -2.464787 -1.573946 2.681847 4.336159 2.082982 -11.438204 13.900681 -28.850600 -8.942214 3.272467 -21.453496 -21.985535 0.000003 -0.000002 0.000002 -9.108281 -0.517864 2.259838 0.008679 -6.745599 8.533141 1.974207 -0.778743 12.692109 0.939210 -0.849909 11.513834 0.000001 -0.000003 -0.000000 -9.532493 -0.000056 -0.000022 1.191598 -3.072742 9.486219 -1.074748 -0.798169 8.930051 0.273752 -0.979595 11.451266 -0.000000 -0.000002 0.000001 -9.103577 -0.043091 -1.865133 -1.641372 -3.740553 8.991651 -4.655271 -2.293897 19.719962 -2.799556 -1.468553 13.076910 -0.000000 0.000002 0.000002 -8.076676 -0.486710 -3.806275 -6.765493 -4.560761 9.246946 0.163237 -0.323544 13.172587 -4.509114 -3.230566 16.975247 0.000000 -0.000000 -0.000003 4.570444 11.014718 -2.160853 13.863534 -5.981057 19.527402 -50.448761 -17.388629 13.680936 -21.519696 -10.958473 -2.638196 -74.100312 -12.112924 7.491958 2.466142 -1.576193 2.681728 5.103041 -0.336794 12.030187 13.701056 26.943752 8.589245 2.221616 15.279524 20.941927 0.000001 -0.000001 -0.000001 9.109312 -0.518050 2.259863 0.076975 7.046959 -9.085371 2.007004 1.082521 -12.687988 0.960773 1.070357 -11.491821 0.000002 0.000005 -0.000000 9.533429 0.000011 0.000043 1.219774 3.336417 -10.110745 -1.039356 1.077304 -8.915505 0.295805 1.179367 -11.404404 0.000002 0.000001 0.000001 9.104548 -0.043027 -1.865080 -1.589753 4.102732 -9.615588 -4.575756 2.671325 -19.682826 -2.761401 1.724026 -13.034869 -0.000001 0.000001 -0.000001 8.077801 -0.486870 -3.806265 -6.634270 5.249937 -9.823299 0.259827 0.677929 -13.163463 -4.342011 3.478479 -16.953310 -0.000001 0.000001 0.000007 -8.207781 -6.751679 -1.599565 -45.189235 -28.645704 -30.326965 65.131926 -2.966888 -9.895342 -23.784606 3.046209 7.264110 0.652718 -0.000004 0.000004 0.000000 0.000001 -0.000000 8.207791 -6.751707 -1.599558 -27.175755 11.071009 18.514814 63.968649 -3.996980 -6.666213 -29.797243 0.509795 -3.817251 -3.116850 -0.000003 -0.000001 -0.000000 0.000001 0.000000 
-1.534022 86.889862 -1.925985 -8.446346 -0.011485 2.413730 -0.000005 10.181587 0.131522 11.086724 1.012418 3.143683 -3.602112 -0.329266 2.434611 -3.627396 -0.760160 -0.561238 0.000001 16.740400 -2.049038 8.379458 -0.005524 -0.489062 0.000003 9.617891 1.685004 4.875523 2.464378 -6.936925 0.000002 22.037369 7.501094 -0.000001 -0.000000 0.000000 -4.569966 11.014920 -2.160886 14.073860 6.516775 -14.683332 -47.746273 24.040009 -12.615073 -28.022811 12.422760 -0.595774 -74.636318 6.715524 -5.789360 -2.464808 -1.573986 2.681848 4.328073 2.079710 -11.432968 13.896571 -28.850391 -8.942231 3.269067 -21.455366 -21.984480 0.000004 -0.000004 0.000002 -9.108306 -0.517874 2.259837 0.010110 -6.745597 8.540991 1.974217 -0.778659 12.690186 0.939519 -0.849882 11.514117 -0.000001 0.000001 0.000002 -9.532517 -0.000050 -0.000022 1.192348 -3.073613 9.494563 -1.076818 -0.798891 8.929151 0.274051 -0.979855 11.454757 -0.000000 0.000003 0.000000 -9.103590 -0.043076 -1.865136 -1.641149 -3.742352 8.997125 -4.657039 -2.293926 19.718608 -2.801273 -1.468776 13.078193 0.000000 -0.000002 -0.000002 -8.076673 -0.486712 -3.806280 -6.768513 -4.564518 9.254902 0.165794 -0.320884 13.172222 -4.512878 -3.233852 16.973754 -0.000000 0.000001 0.000002 4.570446 11.014722 -2.160858 13.471341 -7.283567 18.983182 -47.947658 -17.450824 14.216884 -19.774035 -10.812258 -3.421355 -74.100982 -10.824375 7.709982 2.466157 -1.576233 2.681741 5.105087 -0.337629 12.031540 13.702101 26.943792 8.589285 2.222495 15.279031 20.942188 -0.000002 -0.000008 -0.000004 9.109320 -0.518044 2.259871 0.076584 7.046927 -9.083330 2.007026 1.082534 -12.688461 0.960675 1.070361 -11.491747 0.000000 -0.000001 0.000003 9.533430 0.000030 0.000042 1.219559 3.336155 -10.108576 -1.038802 1.077119 -8.915708 0.295731 1.179279 -11.403488 0.000002 -0.000001 0.000002 9.104545 -0.043026 -1.865076 -1.589855 4.102241 -9.614178 -4.575263 2.671317 -19.683133 -2.760992 1.723962 -13.034531 0.000001 0.000004 0.000002 8.077803 -0.486858 -3.806259 -6.633536 5.248920 -9.821237 0.259179 0.678609 -13.163497 -4.341036 3.477631 -16.953697 0.000000 0.000004 0.000002 -8.207786 -6.751669 -1.599561 -44.875374 -28.668746 -31.128242 67.412314 -3.248246 -9.885456 -25.126854 3.051904 7.379956 0.425711 -0.000004 0.000042 0.000000 0.000002 -0.000000 8.207796 -6.751693 -1.599555 -26.847507 10.082928 19.218382 66.118205 -4.340529 -7.008709 -30.293825 0.413607 -3.623171 -2.942318 -0.000008 -0.000003 0.000000 -0.000001 -0.000000 
-1.746187 87.187729 -1.678097 -9.349752 0.453324 2.433686 -0.000005 10.181578 0.131521 10.999141 0.776605 2.804144 -3.531256 -0.364766 2.430456 -3.556152 -0.795569 -0.563836 0.000001 16.740398 -2.049029 8.533055 0.028923 -0.492118 0.000002 9.617932 1.685009 6.081045 2.590845 -6.579678 0.000002 22.037384 7.501094 0.000000 0.000000 0.000000 -4.569968 11.014916 -2.160882 13.818675 7.776313 -12.337996 -45.090050 24.809259 -12.942198 -29.076798 10.938802 0.178341 -74.258042 7.087834 -7.225428 -2.464789 -1.573969 2.681854 4.397724 2.107826 -11.478038 13.931975 -28.852222 -8.941965 3.298160 -21.439387 -21.993586 0.000001 -0.000002 0.000002 -9.108271 -0.517859 2.259836 -0.002250 -6.745556 8.473433 1.974132 -0.779344 12.706925 0.936873 -0.850067 11.511560 0.000001 -0.000001 -0.000002 -9.532492 -0.000063 -0.000022 1.185858 -3.066186 9.422868 -1.058805 -0.792523 8.937073 0.271459 -0.977603 11.424828 0.000001 0.000000 0.000008 -9.103571 -0.043081 -1.865132 -1.643162 -3.726815 8.950240 -4.641661 -2.293763 19.730345 -2.786675 -1.466801 13.067068 0.000000 0.000002 0.000002 -8.076662 -0.486710 -3.806274 -6.742580 -4.532185 9.186476 0.143955 -0.343767 13.175590 -4.480462 -3.205606 16.986633 -0.000000 0.000001 -0.000003 4.570436 11.014726 -2.160852 13.134409 -8.204265 18.132895 -45.549927 -18.065157 14.844568 -18.440539 -9.389179 -3.608145 -74.065315 -9.486610 8.154293 2.466146 -1.576228 2.681740 4.983472 -0.286624 11.950601 13.639886 26.941483 8.587202 2.168610 15.308349 20.927153 -0.000002 -0.000003 -0.000006 9.109309 -0.518048 2.259877 0.099061 7.049173 -9.204382 2.007047 1.080720 -12.658503 0.965450 1.070139 -11.496347 0.000001 0.000005 0.000003 9.533403 0.000025 0.000052 1.231719 3.351918 -10.236690 -1.071147 1.088268 -8.901253 0.300579 1.184391 -11.456981 -0.000000 0.000004 -0.000001 9.104539 -0.043032 -1.865071 -1.585575 4.131709 -9.697584 -4.602981 2.671196 -19.662100 -2.787024 1.727927 -13.054372 0.000000 0.000000 0.000001 8.077809 -0.486853 -3.806255 -6.678191 5.309836 -9.942553 0.298195 0.637541 -13.158070 -4.399339 3.527810 -16.930043 -0.000001 -0.000005 0.000003 -8.207785 -6.751681 -1.599567 -43.417153 -29.209980 -31.154501 66.845156 -3.479441 -9.891018 -25.272902 2.999270 7.596868 0.479664 -0.000008 0.000002 0.000000 0.000001 -0.000000 8.207794 -6.751697 -1.599554 -25.611521 10.181385 19.337483 65.517189 -4.833575 -7.005837 -30.145269 0.208190 -2.803478 -3.254612 0.000014 -0.000004 -0.000000 0.000002 -0.000000 
-1.898266 88.746689 -1.358546 -9.697980 0.808572 2.694166 -0.000005 10.181581 0.131523 10.466695 0.674150 2.099180 -3.516381 -0.341038 2.413285 -3.540155 -0.771694 -0.580901 0.000003 16.740383 -2.049031 8.665196 0.051983 -0.506126 0.000000 9.617845 1.685011 7.204052 2.540928 -6.131334 0.000002 22.037354 7.501091 0.000002 0.000000 -0.000000 -4.569968 11.014897 -2.160883 13.646034 8.885721 -10.348163 -43.125685 25.063021 -13.261650 -32.749763 9.518044 0.449369 -73.960191 8.870295 -9.534759 -2.464826 -1.573974 2.681859 4.449276 2.128584 -11.511445 13.958184 -28.853581 -8.941757 3.319685 -21.427558 -22.000321 0.000001 0.000002 0.000005 -9.108297 -0.517860 2.259841 -0.011397 -6.745514 8.423432 1.974052 -0.779856 12.719307 0.934922 -0.850207 11.509658 -0.000002 0.000004 -0.000005 -9.532513 -0.000031 -0.000021 1.181045 -3.060683 9.369829 -1.045450 -0.787793 8.942935 0.269540 -0.975952 11.402672 -0.000000 0.000002 0.000006 -9.103603 -0.043070 -1.865125 -1.644637 -3.715321 8.915548 -4.630286 -2.293638 19.739045 -2.775846 -1.465340 13.058818 0.000001 -0.000004 -0.000003 -8.076682 -0.486678 -3.806275 -6.723372 -4.508307 9.135818 0.127811 -0.360698 13.178043 -4.456476 -3.184681 16.996139 -0.000001 0.000003 -0.000001 4.570444 11.014697 -2.160852 12.766708 -8.669017 17.345829 -44.059522 -19.717190 15.049869 -17.206391 -6.778735 -2.462652 -73.999349 -9.395232 8.151692 2.466151 -1.576186 2.681737 4.893446 -0.248717 11.890705 13.593753 26.939799 8.585637 2.128728 15.330069 20.916022 -0.000002 -0.000000 0.000002 9.109335 -0.518049 2.259884 0.115709 7.050796 -9.294080 2.007056 1.079361 -12.636344 0.968969 1.069962 -11.499759 -0.000002 0.000009 -0.000000 9.533445 0.000027 0.000056 1.240751 3.363560 -10.331615 -1.095134 1.096499 -8.890574 0.304198 1.188190 -11.496643 0.000001 -0.000003 0.000007 9.104549 -0.043013 -1.865070 -1.582373 4.153551 -9.759407 -4.623495 2.671081 -19.646576 -2.806348 1.730857 -13.069099 0.000001 0.000003 -0.000002 8.077832 -0.486872 -3.806257 -6.711175 5.355093 -10.032401 0.327127 0.607116 -13.154039 -4.442612 3.564972 -16.912482 -0.000000 -0.000003 0.000001 -8.207785 -6.751687 -1.599563 -41.178794 -30.320760 -30.733700 63.551174 -3.178064 -9.899771 -24.120651 2.899938 7.677641 0.602222 0.000016 0.000017 -0.000000 0.000002 -0.000000 8.207789 -6.751703 -1.599557 -23.375728 10.901703 18.636663 61.927898 -4.930622 -6.944758 -28.562951 0.167212 -2.331928 -3.667707 0.000003 -0.000002 -0.000000 -0.000001 0.000000 
-1.977113 91.146423 -1.023153 -9.466660 1.227614 3.181617 -0.000005 10.181580 0.131520 9.634299 0.693857 1.128830 -3.571679 -0.274010 2.387727 -3.594135 -0.704651 -0.607842 0.000001 16.740398 -2.049030 8.799369 0.062075 -0.536099 0.000002 9.617908 1.685006 8.070632 2.369077 -5.710467 0.000002 22.037369 7.501092 -0.000000 0.000000 0.000000 -4.569969 11.014917 -2.160883 13.456613 9.734587 -9.414723 -42.403068 24.642807 -13.401575 -37.209819 9.048235 0.247032 -73.606299 11.849272 -10.980034 -2.464811 -1.573983 2.681861 4.115244 1.993429 -11.295383 13.788361 -28.844842 -8.943012 3.180145 -21.504255 -21.956702 0.000001 0.000000 -0.000002 -9.108290 -0.517877 2.259845 0.047848 -6.745557 8.747574 1.974507 -0.776583 12.639029 0.947607 -0.849338 11.522031 0.000001 -0.000002 -0.000002 -9.532500 -0.000049 -0.000019 1.212321 -3.096179 9.713755 -1.131994 -0.818391 8.904977 0.281980 -0.986723 11.546287 0.000001 -0.000005 -0.000006 -9.103597 -0.043099 -1.865126 -1.634858 -3.789839 9.140494 -4.704087 -2.294371 19.682807 -2.845902 -1.474864 13.112245 0.000000 -0.000001 0.000000 -8.076685 -0.486716 -3.806272 -6.847362 -4.663785 9.464007 0.232543 -0.250941 13.161927 -4.612105 -3.320164 16.934240 -0.000001 0.000004 -0.000001 4.570441 11.014709 -2.160855 12.275207 -8.831717 17.023704 -44.036579 -22.397894 14.390061 -15.521169 -4.394002 0.140056 -73.941716 -10.866376 6.777835 2.466164 -1.576214 2.681729 5.197114 -0.376070 12.092859 13.749165 26.945523 8.590839 2.263268 15.256870 20.953576 -0.000001 -0.000001 0.000004 9.109332 -0.518052 2.259869 0.059587 7.045159 -8.991784 2.007010 1.083925 -12.711090 0.957086 1.070534 -11.488242 0.000002 -0.000001 -0.000000 9.533442 0.000028 0.000038 1.210419 3.324174 -10.011698 -1.014351 1.068707 -8.926595 0.292046 1.175408 -11.363001 0.000001 -0.000003 0.000003 9.104555 -0.043025 -1.865083 -1.593006 4.079920 -9.551091 -4.554336 2.671399 -19.698986 -2.741265 1.720991 -13.019517 -0.000001 -0.000000 -0.000005 8.077824 -0.486864 -3.806266 -6.599584 5.202968 -9.729447 0.229647 0.709690 -13.167570 -4.296922 3.439647 -16.971502 0.000001 -0.000004 0.000000 -8.207786 -6.751675 -1.599562 -38.590968 -31.894525 -30.051053 58.123448 -2.463747 -9.889602 -21.773989 2.736554 7.650958 0.516597 0.000001 0.000029 -0.000000 0.000004 -0.000000 8.207793 -6.751708 -1.599557 -20.508475 11.771811 17.126643 56.066468 -4.490801 -6.933289 -25.759442 0.224917 -2.012217 -3.946546 0.000005 0.000001 0.000000 0.000003 0.000000 
-1.977226 93.842491 -0.715485 -8.550580 1.763118 3.717233 -0.000004 10.181600 0.131523 8.419840 0.742772 0.124018 -3.693932 -0.199636 2.368374 -3.715346 -0.630161 -0.629749 0.000001 16.740408 -2.049029 8.940918 0.075957 -0.589432 -0.000002 9.617877 1.685007 8.649677 2.267083 -5.309408 0.000002 22.037354 7.501092 0.000001 0.000000 -0.000000 -4.569968 11.014926 -2.160883 13.101803 10.386033 -10.109575 -43.239356 23.900664 -13.105320 -39.001695 9.881275 -0.570183 -72.856091 14.291040 -9.531739 -2.464808 -1.573985 2.681853 3.044081 1.549258 -10.606727 13.242728 -28.816739 -8.945602 2.731605 -21.752269 -21.817579 0.000003 -0.000005 0.000011 -9.108281 -0.517884 2.259838 0.237396 -6.742159 9.790346 1.976017 -0.766065 12.380780 0.988412 -0.846479 11.561830 -0.000000 0.000003 0.000000 -9.532499 -0.000042 -0.000023 1.314886 -3.208019 10.820460 -1.410618 -0.916050 8.782441 0.322251 -1.020964 12.008420 -0.000000 -0.000001 0.000000 -9.103597 -0.043087 -1.865127 -1.600135 -4.029203 9.864418 -4.941552 -2.295754 19.502091 -3.071129 -1.506405 13.284038 -0.000000 0.000001 0.000004 -8.076676 -0.486714 -3.806282 -7.236691 -5.174088 10.515978 0.569928 0.101700 13.107499 -5.114665 -3.753857 16.730644 0.000001 0.000001 0.000002 4.570441 11.014748 -2.160850 11.751755 -8.528727 17.644781 -45.853850 -25.508595 12.528151 -13.414281 -4.056767 3.672414 -74.028029 -12.508902 3.378505 2.466152 -1.576208 2.681738 5.592683 -0.539766 12.357020 13.951443 26.953004 8.597373 2.438331 15.161902 21.002644 -0.000001 -0.000001 0.000004 9.109320 -0.518058 2.259873 -0.013545 7.037172 -8.598595 2.006902 1.089863 -12.808324 0.941650 1.071287 -11.473227 0.000000 0.000003 -0.000002 9.533418 0.000024 0.000046 1.171421 3.272520 -9.595688 -0.909315 1.032384 -8.973337 0.276249 1.158713 -11.189210 0.000001 0.000002 -0.000001 9.104534 -0.043031 -1.865074 -1.606154 3.984097 -9.280203 -4.464411 2.671657 -19.767175 -2.656638 1.708328 -12.954991 0.000001 0.000004 -0.000000 8.077801 -0.486862 -3.806260 -6.452625 5.007066 -9.334644 0.102970 0.843144 -13.184668 -4.107802 3.276223 -17.047411 0.000001 0.000005 -0.000000 -8.207784 -6.751667 -1.599561 -36.091884 -33.731545 -29.020500 51.402224 -1.509688 -9.872478 -18.685345 2.510893 7.603973 0.447529 0.000003 0.000023 -0.000000 -0.000001 -0.000000 8.207790 -6.751696 -1.599553 -17.612046 12.452058 15.132002 48.803337 -3.761704 -6.871555 -22.044371 0.441820 -2.052479 -4.082947 0.000007 -0.000003 -0.000000 -0.000000 -0.000000 
-1.914779 96.365044 -0.456854 -6.989577 2.316440 4.103069 -0.000005 10.181594 0.131521 6.827383 0.713172 -0.694315 -3.876216 -0.155669 2.353098 -3.896996 -0.585701 -0.648383 0.000000 16.740368 -2.049039 9.095718 0.099055 -0.635734 -0.000001 9.617915 1.685005 9.036960 2.275671 -4.834326 0.000003 22.037338 7.501094 0.000003 -0.000000 0.000000 -4.569969 11.014908 -2.160882 12.735899 11.044187 -12.399450 -45.875379 23.260329 -12.156016 -37.053773 12.166940 -1.985717 -71.620209 14.571133 -4.597240 -2.464786 -1.573985 2.681851 1.278866 0.781514 -9.486263 12.339934 -28.770259 -8.944846 1.988271 -22.167968 -21.590983 0.000001 -0.000002 0.000007 -9.108266 -0.517884 2.259837 0.548140 -6.724791 11.519942 1.978589 -0.748695 11.952375 1.056082 -0.841623 11.627862 -0.000000 0.000000 -0.000001 -9.532483 -0.000055 -0.000022 1.491613 -3.385444 12.657507 -1.873783 -1.075482 8.577555 0.389627 -1.076488 12.775078 0.000000 -0.000002 -0.000000 -9.103556 -0.043087 -1.865131 -1.531265 -4.424767 11.066270 -5.335657 -2.294887 19.203027 -3.444496 -1.561774 13.568963 0.000001 -0.000001 0.000002 -8.076647 -0.486712 -3.806281 -7.849646 -6.053835 12.248241 1.131369 0.685257 13.008456 -5.954866 -4.465766 16.377870 0.000001 0.000000 0.000002 4.570441 11.014727 -2.160855 11.513843 -7.453155 19.555255 -49.340371 -28.124612 9.636348 -11.368747 -6.831927 7.524901 -74.485822 -12.624531 -2.281162 2.466146 -1.576205 2.681735 4.278704 0.013553 11.483108 13.278732 26.928205 8.574509 1.855838 15.479119 20.840389 -0.000001 -0.000001 -0.000003 9.109293 -0.518039 2.259866 0.229280 7.060809 -9.907428 2.007224 1.070109 -12.484688 0.993040 1.068759 -11.523199 0.000003 0.000002 0.000001 9.533430 0.000031 0.000045 1.303187 3.442520 -10.980803 -1.259160 1.152592 -8.817335 0.328979 1.213928 -11.767799 0.000001 -0.000000 0.000003 9.104534 -0.043029 -1.865073 -1.559447 4.302768 -10.182168 -4.763775 2.670020 -19.540328 -2.938313 1.751233 -13.169698 0.000001 0.000001 -0.000003 8.077805 -0.486874 -3.806263 -6.933655 5.667600 -10.645520 0.525003 0.399191 -13.125549 -4.738941 3.818343 -16.790980 -0.000000 0.000002 0.000000 -8.207782 -6.751667 -1.599560 -33.935436 -35.592382 -27.543431 44.235461 -0.577819 -9.844140 -15.270722 2.268089 7.590054 0.431316 0.000025 0.000027 0.000000 -0.000001 -0.000000 8.207789 -6.751709 -1.599557 -15.116609 12.838067 12.992161 41.042060 -2.873866 -6.574035 -18.155534 0.725453 -2.222047 -4.102637 0.000017 -0.000001 0.000000 -0.000001 0.000000 
-1.824817 98.403725 -0.246249 -5.148337 2.686705 4.319188 -0.000006 10.181580 0.131522 5.216760 0.600412 -1.305269 -4.099368 -0.146201 2.322064 -4.119699 -0.575495 -0.683173 -0.000001 16.740362 -2.049037 9.266121 0.115488 -0.630392 0.000001 9.617890 1.685007 9.364696 2.226650 -4.277661 0.000001 22.037338 7.501098 0.000002 0.000001 -0.000000 -4.569970 11.014907 -2.160882 12.727036 11.715075 -15.500810 -50.392173 22.838126 -10.518064 -33.203834 16.421964 -3.180767 -70.249097 12.616390 3.107791 -2.464799 -1.573972 2.681849 -0.887865 -0.221556 -8.137225 11.225644 -28.713111 -8.935271 1.068538 -22.690208 -21.317644 0.000001 0.000000 -0.000003 -9.108270 -0.517867 2.259841 0.925902 -6.683326 13.662160 1.981929 -0.727298 11.421625 1.139898 -0.835369 11.709669 -0.000000 0.000003 0.000002 -9.532523 -0.000039 -0.000018 1.721329 -3.590756 14.935407 -2.449255 -1.268506 8.320881 0.474064 -1.143012 13.725115 0.000000 0.000002 0.000004 -9.103598 -0.043073 -1.865127 -1.426529 -4.911634 12.557191 -5.824184 -2.288322 18.833774 -3.906528 -1.635667 13.921696 -0.000001 0.000003 0.000002 -8.076678 -0.486717 -3.806275 -8.550046 -7.198452 14.373054 1.830207 1.405508 12.870583 -7.007476 -5.334160 15.914843 0.000003 0.000002 0.000002 4.570438 11.014703 -2.160851 11.758059 -5.574828 22.445933 -53.927523 -29.585016 6.392756 -9.469061 -12.701675 11.307191 -75.387366 -10.859127 -9.841456 2.466122 -1.576218 2.681737 -0.684945 2.349275 8.282523 10.713979 26.836908 8.456385 -0.370615 16.723139 20.248337 0.000001 0.000001 0.000002 9.109289 -0.518035 2.259870 1.139824 7.073675 -14.926159 2.009229 0.994682 -11.243826 1.189982 1.058269 -11.714855 0.000001 0.000001 0.000001 9.533399 0.000025 0.000046 1.856880 4.038751 -16.301182 -2.606771 1.596113 -8.208628 0.536034 1.416817 -13.987260 -0.000000 -0.000001 0.000003 9.104532 -0.043033 -1.865074 -1.303672 5.512551 -13.648507 -5.912496 2.642866 -18.675499 -4.016403 1.935856 -13.991760 0.000001 -0.000001 0.000008 8.077777 -0.486877 -3.806261 -8.552611 8.409346 -15.588713 2.154122 -1.294096 -12.840883 -7.203400 5.844982 -15.709046 0.000001 0.000003 -0.000010 -8.207789 -6.751679 -1.599561 -32.184524 -37.218678 -25.831419 37.525698 0.328062 -9.800686 -11.995153 2.063789 7.567975 0.452840 0.000006 0.000041 0.000000 0.000004 -0.000000 8.207788 -6.751706 -1.599555 -13.078465 12.961717 10.941479 33.676111 -1.808415 -5.974696 -14.545195 1.039002 -2.579498 -4.010732 0.000004 -0.000002 -0.000000 -0.000002 0.000000 
-1.745489 99.819145 -0.068882 -3.469968 2.654490 4.499197 -0.000005 10.181581 0.131518 4.001211 0.542072 -1.816836 -4.323108 -0.131339 2.271139 -4.343015 -0.559953 -0.737602 0.000002 16.740404 -2.049035 9.415622 0.112832 -0.599506 -0.000001 9.617879 1.685007 9.734269 2.016063 -3.827689 0.000003 22.037369 7.501095 -0.000001 0.000000 -0.000000 -4.569963 11.014916 -2.160881 13.190431 12.235944 -18.667141 -56.233402 22.387695 -8.427682 -29.165809 23.138377 -3.100269 -69.234513 9.382072 12.502929 -2.464825 -1.573977 2.681848 -3.253360 -1.392523 -6.700387 10.001250 -28.650926 -8.913617 0.054886 -23.275726 -21.025730 0.000003 -0.000004 0.000000 -9.108315 -0.517878 2.259837 1.332280 -6.612613 16.025236 1.985811 -0.703824 10.835843 1.232360 -0.828230 11.799980 0.000000 0.000002 -0.000000 -9.532537 -0.000041 -0.000021 1.987639 -3.798095 17.451823 -3.086435 -1.475653 8.034041 0.568409 -1.213521 14.773846 -0.000000 -0.000005 0.000003 -9.103621 -0.043075 -1.865130 -1.286075 -5.443981 14.205374 -6.363597 -2.274072 18.427907 -4.415756 -1.723995 14.310613 -0.000002 -0.000002 -0.000003 -8.076702 -0.486724 -3.806275 -9.244036 -8.527397 16.692403 2.605988 2.196476 12.698942 -8.184805 -6.274008 15.370533 -0.000002 0.000000 -0.000006 4.570447 11.014750 -2.160853 12.308784 -3.214124 25.281300 -59.317550 -29.827757 3.332495 -7.111266 -20.855718 14.921930 -76.567930 -8.316600 -18.384170 2.466129 -1.576184 2.681734 -8.605000 6.863259 3.581134 6.544133 26.707011 8.157924 -4.015017 18.861236 19.383703 0.000003 0.000005 -0.000005 9.109306 -0.518047 2.259869 2.536633 6.840765 -23.176852 2.015646 0.871840 -9.202011 1.513824 1.038238 -12.030338 -0.000001 -0.000001 -0.000005 9.533418 0.000033 0.000043 2.909827 4.810670 -25.086976 -4.845615 2.264454 -7.172557 0.892080 1.719677 -17.642706 0.000001 0.000002 -0.000006 9.104523 -0.043038 -1.865077 -0.620426 7.439728 -19.388566 -7.804253 2.526575 -17.271865 -5.782128 2.309054 -15.338781 0.000002 -0.000001 -0.000001 8.077797 -0.486867 -3.806269 -10.365102 13.532447 -23.488853 4.881628 -4.040767 -12.171690 -11.426993 8.976144 -13.589756 -0.000004 -0.000002 -0.000002 -8.207786 -6.751677 -1.599562 -30.995187 -38.371508 -24.371360 32.197764 1.262849 -9.717286 -9.358943 1.938718 7.479760 0.538604 -0.000014 0.000017 0.000000 0.000004 -0.000000 8.207790 -6.751707 -1.599555 -11.373380 12.922697 9.091364 27.476939 -0.527069 -5.183882 -11.635429 1.331516 -3.090382 -3.844635 -0.000000 -0.000002 0.000000 0.000001 0.000000 
-1.693980 100.626854 0.076011 -2.147483 2.129735 4.716392 -0.000005 10.181597 0.131521 3.255577 0.668896 -2.202574 -4.509006 -0.077003 2.218667 -4.528632 -0.505130 -0.792650 0.000000 16.740383 -2.049029 9.487998 0.104847 -0.651101 -0.000001 9.617888 1.685007 10.202707 1.797230 -3.692984 0.000003 22.037354 7.501096 0.000000 -0.000000 0.000000 -4.569967 11.014904 -2.160877 14.024065 12.659234 -21.727564 -62.259633 21.586302 -6.372880 -25.246184 32.021173 -1.500663 -68.856339 5.768743 22.241592 -2.464828 -1.573977 2.681851 -5.753500 -2.715179 -5.226364 8.698285 -28.585836 -8.877649 -1.027714 -23.912176 -20.725273 -0.000003 0.000005 -0.000000 -9.108307 -0.517863 2.259841 1.752957 -6.508934 18.550225 1.990183 -0.678895 10.209546 1.331185 -0.820250 11.896514 -0.000000 0.000002 0.000005 -9.532526 -0.000049 -0.000020 2.285818 -3.996613 20.145221 -3.770162 -1.690274 7.723398 0.670611 -1.285504 15.895445 0.000001 0.000001 0.000012 -9.103607 -0.043071 -1.865128 -1.107208 -6.006241 15.971346 -6.940587 -2.250723 17.996020 -4.959300 -1.826317 14.725958 0.000001 -0.000002 -0.000001 -8.076690 -0.486697 -3.806280 -9.890448 -10.018566 19.145466 3.441264 3.037219 12.492737 -9.462618 -7.256107 14.749992 0.000001 0.000000 0.000002 4.570436 11.014690 -2.160849 12.881093 -0.863492 26.889652 -65.453074 -29.213590 0.692399 -3.688621 -30.270579 18.431506 -77.820170 -6.276728 -26.912622 2.466167 -1.576192 2.681726 -16.272190 12.081932 -0.348685 2.437197 26.615031 7.733519 -7.646033 21.103697 18.665838 -0.000000 -0.000003 -0.000001 9.109310 -0.518054 2.259871 3.756139 6.325340 -31.405097 2.025919 0.750688 -7.159958 1.837293 1.014684 -12.345999 0.000000 -0.000001 -0.000003 9.533440 0.000025 0.000042 4.088104 5.297496 -33.905855 -7.109996 2.853901 -6.097003 1.264161 1.983060 -21.302406 0.000001 0.000009 0.000006 9.104532 -0.043040 -1.865076 0.382023 9.248493 -25.188187 -9.695051 2.322442 -15.896191 -7.535230 2.768148 -16.675492 -0.000002 0.000004 -0.000001 8.077816 -0.486874 -3.806276 -10.990213 19.206869 -31.246203 7.683908 -6.721458 -11.251162 -15.880772 11.808082 -11.055502 -0.000002 0.000008 0.000002 -8.207788 -6.751667 -1.599559 -30.628850 -38.949396 -23.521952 28.871329 2.178479 -9.584790 -7.665139 1.902123 7.289204 0.649765 -0.000002 0.000033 -0.000000 0.000001 -0.000000 8.207790 -6.751702 -1.599555 -10.182402 12.801203 7.622646 23.152103 0.771535 -4.406341 -9.584845 1.583873 -3.801454 -3.678908 0.000001 0.000001 0.000000 -0.000001 -0.000000 
-1.661494 100.925850 0.145309 -1.200888 1.260692 4.905183 -0.000005 10.181595 0.131522 2.884993 0.932117 -2.324515 -4.635636 -0.002151 2.174660 -4.655139 -0.429961 -0.838099 0.000001 16.740387 -2.049038 9.468436 0.118907 -0.847174 -0.000001 9.617883 1.685009 10.724190 1.820626 -3.834909 0.000002 22.037354 7.501095 -0.000001 0.000000 -0.000000 -4.569961 11.014915 -2.160885 15.315951 12.982735 -24.569159 -67.791806 20.640907 -4.797302 -21.054451 42.107040 0.748768 -69.055009 2.508212 30.759361 -2.464804 -1.573968 2.681846 -8.345445 -4.176938 -3.751338 7.338259 -28.519610 -8.825826 -2.162416 -24.591136 -20.423323 0.000003 -0.000009 0.000011 -9.108258 -0.517860 2.259837 2.177063 -6.370190 21.196923 1.995005 -0.652935 9.552447 1.434840 -0.811553 11.997838 -0.000001 0.000003 -0.000000 -9.532489 -0.000045 -0.000022 2.611813 -4.178300 22.973763 -4.490093 -1.907705 7.393129 0.779098 -1.357203 17.072476 0.000001 0.000000 0.000007 -9.103579 -0.043086 -1.865129 -0.887896 -6.587019 17.828631 -7.546080 -2.217267 17.545344 -5.528461 -1.942394 15.160997 0.000001 0.000002 -0.000006 -8.076690 -0.486726 -3.806282 -10.457871 -11.653641 21.693446 4.324566 3.913130 12.251210 -10.825105 -8.259520 14.056281 0.000001 -0.000000 -0.000000 4.570444 11.014722 -2.160855 13.504981 1.049032 26.511157 -72.008253 -28.341416 -1.252885 1.008980 -40.222421 21.843085 -78.987723 -4.941126 -34.689093 2.466151 -1.576219 2.681733 -20.853816 15.533016 -2.330039 -0.027232 26.583540 7.416226 -9.851498 22.512517 18.306814 -0.000002 0.000003 -0.000005 9.109315 -0.518052 2.259871 4.388826 5.894004 -36.388710 2.033975 0.677948 -5.919177 2.033656 0.998661 -12.537823 -0.000000 -0.000001 -0.000000 9.533403 -0.000010 0.000045 4.838392 5.445970 -39.275435 -8.497605 3.172391 -5.426136 1.496574 2.123482 -23.527898 -0.000000 0.000001 0.000002 9.104549 -0.043054 -1.865077 1.141565 10.270542 -28.746388 -10.841978 2.156231 -15.075831 -8.593054 3.088694 -17.481065 -0.000001 0.000000 0.000003 8.077786 -0.486881 -3.806268 -10.722887 22.817384 -35.988820 9.430666 -8.309470 -10.568126 -18.705100 13.359544 -9.319137 0.000008 0.000006 -0.000001 -8.207781 -6.751657 -1.599561 -31.105511 -39.038247 -23.265347 27.629700 3.053403 -9.483128 -6.943248 1.930710 7.019209 0.742513 -0.000004 0.000025 -0.000000 0.000003 -0.000000 8.207791 -6.751706 -1.599557 -9.808576 12.679089 6.737800 21.172970 1.977236 -3.862710 -8.675791 1.747080 -4.438068 -3.564785 0.000004 -0.000000 -0.000000 0.000002 -0.000000 
-1.632447 100.778091 0.062473 -0.737176 0.339210 5.005248 -0.000005 10.181598 0.131521 3.025341 1.162000 -2.261635 -4.682157 0.051555 2.121570 -4.701049 -0.376002 -0.891862 0.000001 16.740412 -2.049033 9.387853 0.165650 -1.086518 -0.000000 9.617876 1.685011 11.142446 2.152960 -3.940786 0.000003 22.037354 7.501099 0.000000 -0.000000 0.000000 -4.569970 11.014940 -2.160882 17.301692 12.660014 -26.590328 -73.071993 20.346025 -3.783727 -16.630510 52.416593 2.677802 -69.567758 0.112824 36.893851 -2.464790 -1.574015 2.681836 -10.954788 -5.738958 -2.326117 5.960307 -28.454879 -8.758304 -3.317454 -25.294226 -20.130301 -0.000004 0.000006 -0.000007 -9.108275 -0.517863 2.259833 2.588992 -6.198802 23.889705 2.000180 -0.626714 8.883189 1.540375 -0.802291 12.101018 -0.000002 -0.000004 -0.000000 -9.532498 -0.000055 -0.000029 2.955743 -4.334551 25.857431 -5.226088 -2.120933 7.052339 0.890887 -1.426206 18.271612 -0.000004 0.000002 0.000003 -9.103582 -0.043088 -1.865137 -0.631472 -7.167507 19.725624 -8.162810 -2.173785 17.089038 -6.106904 -2.069770 15.603229 -0.000000 0.000000 -0.000003 -8.076687 -0.486714 -3.806287 -10.914302 -13.385150 24.267152 5.232244 4.798099 11.978586 -12.236701 -9.251289 13.305097 -0.000002 0.000001 0.000001 4.570442 11.014722 -2.160857 14.597163 2.267763 24.002297 -78.353813 -27.930430 -2.315906 7.130257 -50.282647 25.463681 -79.936559 -3.589348 -41.183128 2.466137 -1.576201 2.681742 -22.041147 16.459923 -2.792418 -0.664345 26.578846 7.326565 -10.425534 22.884255 18.223517 0.000003 -0.000003 -0.000001 9.109311 -0.518054 2.259873 4.538433 5.769067 -37.682615 2.036289 0.659148 -5.596466 2.084702 0.994289 -12.587715 -0.000000 -0.000002 0.000001 9.533397 0.000006 0.000045 5.035461 5.465983 -40.672841 -8.859873 3.250216 -5.249672 1.557674 2.157556 -24.106902 0.000000 0.000003 0.000001 9.104527 -0.043055 -1.865074 1.357153 10.525252 -29.676342 -11.139913 2.107859 -14.864558 -8.867160 3.177175 -17.689623 -0.000001 -0.000000 0.000002 8.077795 -0.486885 -3.806274 -10.566682 23.767201 -37.236054 9.891022 -8.716695 -10.375074 -19.454433 13.740158 -8.843988 0.000002 -0.000006 0.000003 -8.207787 -6.751666 -1.599564 -32.247635 -38.735956 -23.533499 28.375056 3.777719 -9.482135 -7.115814 1.994255 6.711822 0.749331 -0.000001 0.000038 -0.000000 0.000003 -0.000000 8.207790 -6.751709 -1.599554 -10.437469 12.613243 6.619427 21.889578 2.905610 -3.805162 -9.043625 1.795026 -4.737378 -3.496253 -0.000004 -0.000002 -0.000000 -0.000001 -0.000000 
-1.602232 100.144890 -0.217899 -0.897984 -0.392559 5.019735 -0.000004 10.181585 0.131522 3.931704 1.268783 -2.311302 -4.619397 0.076908 2.038189 -4.636944 -0.350318 -0.975154 0.000002 16.740408 -2.049038 9.271978 0.228923 -1.190648 0.000001 9.617877 1.685007 11.296551 2.608998 -3.670965 0.000002 22.037354 7.501096 0.000002 -0.000001 0.000000 -4.569965 11.014920 -2.160888 19.751862 10.948726 -27.001620 -78.524807 21.283025 -2.729542 -13.579266 62.202751 4.998779 -70.104044 -1.585395 40.464278 -2.464808 -1.573992 2.681839 -13.498673 -7.345761 -0.999742 4.609611 -28.394300 -8.677339 -4.455509 -25.998142 -19.856275 -0.000000 -0.000002 -0.000002 -9.108292 -0.517849 2.259836 2.973330 -6.001732 26.540081 2.005504 -0.601065 8.223656 1.644314 -0.792836 12.202715 0.000001 -0.000003 0.000002 -9.532510 -0.000047 -0.000025 3.304419 -4.459394 28.701558 -5.954069 -2.322842 6.712289 1.002176 -1.490182 19.453624 -0.000000 -0.000002 0.000002 -9.103601 -0.043066 -1.865132 -0.346520 -7.727106 21.600724 -8.770498 -2.121714 16.642185 -6.675610 -2.204370 16.038059 0.000001 -0.000001 -0.000004 -8.076689 -0.486713 -3.806285 -11.239221 -15.148494 26.788682 6.135213 5.662540 11.683606 -13.652101 -10.197063 12.521033 -0.000002 -0.000001 0.000005 4.570440 11.014724 -2.160862 16.567802 2.544341 19.935282 -83.671470 -28.400825 -2.605814 14.892353 -59.841371 30.215623 -80.538968 -1.578567 -45.992100 2.466153 -1.576218 2.681747 -21.682669 16.178835 -2.655148 -0.472109 26.580101 7.353955 -10.252169 22.771770 18.248235 0.000002 0.000007 0.000005 9.109305 -0.518046 2.259873 4.493927 5.807309 -37.291989 2.035581 0.664819 -5.693903 2.069282 0.995636 -12.572664 0.000000 -0.000000 0.000005 9.533431 0.000002 0.000045 4.975909 5.460755 -40.250824 -8.750416 3.226926 -5.303043 1.539195 2.147373 -23.932047 -0.000001 0.000000 0.000005 9.104537 -0.043058 -1.865072 1.291274 10.448838 -29.395304 -11.049959 2.122678 -14.928270 -8.784434 3.150255 -17.626686 -0.000000 -0.000002 0.000003 8.077805 -0.486892 -3.806274 -10.617753 23.480064 -36.858617 9.751723 -8.593981 -10.434041 -19.227498 13.626236 -8.988479 -0.000001 0.000006 -0.000005 -8.207786 -6.751675 -1.599564 -33.972213 -38.030172 -24.390426 31.171071 4.111527 -9.605279 -8.226814 2.083399 6.399001 0.704689 -0.000006 0.000024 -0.000000 -0.000001 -0.000000 8.207791 -6.751700 -1.599555 -12.004405 12.617340 7.274794 25.324062 3.299531 -4.264464 -10.655371 1.735860 -4.723006 -3.435247 0.000004 -0.000001 -0.000000 -0.000001 0.000000 
-1.584251 98.946342 -0.636707 -1.614045 -0.799042 4.896039 -0.000007 10.181600 0.131521 5.462981 1.254354 -2.562100 -4.437034 0.083259 1.931817 -4.454661 -0.343512 -1.079276 0.000001 16.740423 -2.049038 9.125806 0.285742 -1.101937 0.000000 9.617866 1.685009 11.130329 2.956349 -2.941712 0.000003 22.037354 7.501096 -0.000001 -0.000000 0.000000 -4.569969 11.014914 -2.160884 21.929553 7.827629 -25.522105 -84.130493 23.077157 -0.498475 -14.898091 70.613965 10.412313 -70.528028 -3.040866 42.343375 -2.464803 -1.573969 2.681849 -15.907710 -8.939936 0.194074 3.325110 -28.339797 -8.586718 -5.543594 -26.681010 -19.608554 0.000003 -0.000012 -0.000003 -9.108284 -0.517845 2.259836 3.319075 -5.788729 29.070282 2.010821 -0.576761 7.593167 1.743646 -0.783430 12.299938 -0.000003 0.000000 0.000003 -9.532513 -0.000037 -0.000025 3.644817 -4.551193 31.422176 -6.652360 -2.508117 6.383441 1.109506 -1.547641 20.583769 -0.000000 0.000001 0.000003 -9.103596 -0.043058 -1.865129 -0.044578 -8.249111 23.398799 -9.351204 -2.063425 16.217774 -7.217895 -2.341358 16.452683 -0.000001 -0.000002 0.000000 -8.076691 -0.486717 -3.806283 -11.429312 -16.879202 29.191955 7.006840 6.481065 11.377061 -15.028168 -11.070055 11.731318 0.000001 -0.000005 -0.000002 4.570443 11.014739 -2.160854 19.289909 1.713118 15.588279 -87.048889 -29.534469 -2.287183 23.963755 -67.803807 36.757886 -80.752459 1.035285 -49.099375 2.466132 -1.576183 2.681742 -21.418164 15.972088 -2.552544 -0.330202 26.581126 7.373991 -10.124255 22.688920 18.266714 -0.000002 -0.000005 -0.000003 9.109316 -0.518037 2.259870 4.460723 5.835260 -37.003728 2.035065 0.669020 -5.765808 2.057921 0.996576 -12.561537 0.000000 0.000003 0.000001 9.533418 0.000027 0.000042 4.931996 5.456462 -39.939459 -8.669695 3.209635 -5.342377 1.525583 2.139796 -23.803035 0.000001 -0.000003 -0.000006 9.104515 -0.043016 -1.865074 1.243101 10.392178 -29.188079 -10.983584 2.133513 -14.975299 -8.723378 3.130488 -17.580232 -0.000000 0.000006 -0.000004 8.077800 -0.486886 -3.806279 -10.653266 23.268402 -36.580608 9.649111 -8.503309 -10.477170 -19.060464 13.541652 -9.094510 0.000001 0.000005 0.000002 -8.207786 -6.751660 -1.599561 -36.171524 -36.923227 -25.728115 35.873110 3.751779 -9.773590 -10.280268 2.226777 6.119461 0.708628 0.000008 0.000015 0.000000 0.000002 -0.000000 8.207791 -6.751698 -1.599554 -14.303913 12.615335 8.652467 30.907064 2.858409 -5.039642 -13.267992 1.613164 -4.675495 -3.362795 -0.000000 0.000002 -0.000000 0.000001 -0.000000 
-1.589091 97.149567 -1.045007 -2.643807 -0.806646 4.500109 -0.000004 10.181601 0.131521 7.069188 1.043382 -2.723860 -4.181511 0.038089 1.827721 -4.202691 -0.388216 -1.177893 0.000001 16.740385 -2.049032 8.971019 0.327347 -0.928907 -0.000000 9.617879 1.685009 10.713605 3.124040 -1.972557 0.000002 22.037338 7.501091 0.000001 0.000000 0.000000 -4.569966 11.014900 -2.160886 23.505031 4.272259 -22.871510 -89.257383 24.712584 3.195044 -23.118194 76.569330 21.392366 -70.877515 -4.275344 43.670198 -2.464817 -1.573982 2.681843 -18.120249 -10.462312 1.233051 2.142216 -28.292754 -8.491494 -6.551162 -27.321368 -19.391952 0.000005 -0.000001 0.000012 -9.108299 -0.517888 2.259835 3.618985 -5.571530 31.408744 2.015945 -0.554409 7.009720 1.835523 -0.774440 12.389897 -0.000002 0.000002 0.000001 -9.532526 -0.000058 -0.000022 3.964419 -4.611830 33.941297 -7.300661 -2.672804 6.075931 1.209572 -1.597526 21.629893 0.000001 -0.000001 -0.000000 -9.103605 -0.043067 -1.865125 0.260213 -8.719826 25.067978 -9.888396 -2.002103 15.827527 -7.718518 -2.475441 16.835390 -0.000002 -0.000001 -0.000007 -8.076674 -0.486703 -3.806278 -11.496254 -18.513590 31.415954 7.821278 7.231274 11.072004 -16.322076 -11.849536 10.965793 0.000003 -0.000007 -0.000002 4.570446 11.014749 -2.160844 22.140941 0.197927 12.379855 -88.022731 -30.782488 -1.471811 32.520713 -73.140862 43.907495 -80.698678 3.454889 -51.013631 2.466137 -1.576180 2.681737 -21.510270 16.044008 -2.588393 -0.379609 26.580757 7.367028 -10.168786 22.717745 18.260248 0.000007 0.000011 0.000000 9.109302 -0.518044 2.259871 4.472322 5.825553 -37.104101 2.035249 0.667547 -5.740772 2.061872 0.996254 -12.565405 -0.000000 -0.000002 -0.000001 9.533419 0.000025 0.000045 4.947282 5.457996 -40.047872 -8.697786 3.215659 -5.328701 1.530312 2.142453 -23.847954 -0.000001 -0.000002 -0.000004 9.104541 -0.043036 -1.865075 1.259837 10.411940 -29.260220 -11.006701 2.129754 -14.958919 -8.744631 3.137349 -17.596420 0.000007 -0.000000 -0.000002 8.077795 -0.486881 -3.806272 -10.641108 23.342081 -36.677365 9.684819 -8.534905 -10.462200 -19.118582 13.571157 -9.057645 0.000004 -0.000000 0.000001 -8.207788 -6.751668 -1.599564 -38.520679 -35.529992 -27.173732 41.928165 2.677012 -9.851566 -13.040470 2.446358 5.965736 0.636840 -0.000013 0.000037 0.000000 0.000001 -0.000000 8.207792 -6.751706 -1.599558 -17.236995 12.453249 10.731300 38.002281 1.598863 -5.898688 -16.629513 1.403245 -4.404030 -3.276543 -0.000001 0.000001 -0.000000 -0.000001 -0.000000 
-1.594821 94.846611 -1.318400 -3.848669 -0.472407 3.796706 -0.000005 10.181587 0.131521 8.437322 0.582844 -2.523719 -3.949179 -0.087352 1.739426 -3.971671 -0.513478 -1.261456 0.000001 16.740414 -2.049033 8.853095 0.351983 -0.800481 0.000001 9.617870 1.685004 10.150401 3.141839 -1.102655 0.000002 22.037354 7.501090 0.000003 0.000000 -0.000000 -4.569968 11.014914 -2.160884 24.806344 1.519118 -20.393367 -92.740828 25.616643 6.944011 -37.373385 79.730567 36.961097 -71.191390 -5.093808 44.893741 -2.464817 -1.573969 2.681835 -20.067702 -11.845097 2.099023 1.099710 -28.254087 -8.398148 -7.443924 -27.894795 -19.210679 0.000004 -0.000013 -0.000004 -9.108302 -0.517855 2.259841 3.867563 -5.364120 33.476338 2.020615 -0.534779 6.493172 1.916841 -0.766232 12.469582 -0.000000 -0.000001 0.000001 -9.532535 -0.000046 -0.000021 4.249827 -4.645817 36.172217 -7.876181 -2.813064 5.801260 1.298664 -1.639078 22.556126 -0.000000 -0.000003 0.000003 -9.103586 -0.043100 -1.865135 0.550097 -9.125749 26.549954 -10.363683 -1.941953 15.484155 -8.160660 -2.599904 17.173314 0.000001 -0.000001 -0.000000 -8.076693 -0.486722 -3.806283 -11.464912 -19.981753 33.389701 8.548847 7.889157 10.784720 -17.484041 -12.515703 10.260630 0.000003 0.000001 -0.000001 4.570445 11.014737 -2.160854 24.583808 -1.238711 11.050473 -87.043268 -31.689960 -0.315213 37.796733 -75.820926 48.845801 -80.576964 4.869227 -52.323074 2.466136 -1.576201 2.681741 -21.596447 16.111383 -2.621831 -0.425863 26.580419 7.360494 -10.210473 22.744738 18.254232 -0.000001 0.000000 0.000000 9.109310 -0.518046 2.259873 4.483148 5.816447 -37.198054 2.035406 0.666188 -5.717327 2.065574 0.995936 -12.569033 -0.000000 0.000001 -0.000000 9.533409 0.000022 0.000046 4.961599 5.459402 -40.149341 -8.724102 3.221300 -5.315873 1.534754 2.144917 -23.889992 -0.000000 -0.000003 -0.000002 9.104532 -0.043024 -1.865070 1.275540 10.430407 -29.327750 -11.028329 2.126219 -14.943586 -8.764535 3.143782 -17.611556 -0.000000 0.000002 -0.000001 8.077806 -0.486880 -3.806270 -10.629524 23.411059 -36.767953 9.718265 -8.564448 -10.448134 -19.173009 13.598725 -9.023111 0.000001 -0.000002 0.000006 -8.207786 -6.751665 -1.599563 -40.593040 -34.020868 -28.358747 48.613192 1.192502 -9.878513 -16.239856 2.678441 6.092542 0.570081 -0.000004 0.000026 0.000000 0.000002 -0.000000 8.207789 -6.751690 -1.599555 -20.405327 12.041194 13.290222 45.720931 -0.127963 -6.571571 -20.340310 1.132443 -4.037476 -3.144003 0.000009 -0.000002 -0.000000 0.000000 -0.000000 
-1.578269 92.335907 -1.429266 -5.191035 -0.066682 3.013335 -0.000006 10.181579 0.131521 9.708614 0.054715 -2.138093 -3.814016 -0.237002 1.671672 -3.825398 -0.663642 -1.332190 0.000002 16.740400 -2.049026 8.795428 0.359163 -0.769088 0.000000 9.617897 1.685011 9.478233 3.062883 -0.578484 0.000002 22.037369 7.501087 -0.000003 -0.000000 0.000000 -4.569970 11.014915 -2.160881 26.050642 0.126072 -18.987047 -93.952981 25.986162 9.118132 -54.413754 80.977719 54.160552 -71.452357 -5.544127 45.851869 -2.464818 -1.573964 2.681835 -21.677549 -13.016049 2.778716 0.237820 -28.224304 -8.314341 -8.185569 -28.375253 -19.067907 0.000004 -0.000004 0.000007 -9.108294 -0.517850 2.259840 4.061310 -5.181906 35.190385 2.024579 -0.518579 6.064509 1.984309 -0.759266 12.535657 0.000001 -0.000000 -0.000004 -9.532519 -0.000032 -0.000018 4.487682 -4.659922 38.024131 -8.354969 -2.925549 5.571562 1.372951 -1.671691 23.324959 0.000001 0.000003 0.000008 -9.103586 -0.043050 -1.865126 0.804773 -9.454453 27.783055 -10.757883 -1.887859 15.200726 -8.526841 -2.707357 17.453097 0.000000 0.000007 -0.000004 -8.076696 -0.486675 -3.806273 -11.372203 -21.212233 35.034567 9.157573 8.430433 10.533972 -18.460210 -13.050890 9.656097 0.000005 0.000008 -0.000001 4.570445 11.014731 -2.160847 26.362951 -2.246839 11.405023 -85.321248 -31.969554 0.993029 39.899814 -76.813066 51.043455 -80.497242 5.388083 -53.248274 2.466140 -1.576185 2.681734 -21.546663 16.072448 -2.602521 -0.399155 26.580627 7.364273 -10.186384 22.729147 18.257712 0.000001 0.000001 -0.000003 9.109303 -0.518034 2.259868 4.476901 5.821713 -37.143764 2.035314 0.666978 -5.730882 2.063434 0.996117 -12.566921 -0.000001 -0.000001 0.000006 9.533411 0.000017 0.000044 4.953327 5.458589 -40.090704 -8.708896 3.218039 -5.323279 1.532187 2.143495 -23.865712 -0.000002 0.000003 -0.000005 9.104526 -0.043051 -1.865077 1.266468 10.419735 -29.288732 -11.015828 2.128249 -14.952442 -8.753039 3.140079 -17.602801 0.000001 -0.000001 0.000003 8.077801 -0.486873 -3.806273 -10.636240 23.371210 -36.715614 9.698946 -8.547370 -10.456255 -19.141569 13.582803 -9.043066 -0.000003 0.000001 0.000004 -8.207788 -6.751672 -1.599565 -42.129724 -32.533311 -29.234296 55.055747 -0.326884 -9.890238 -19.380631 2.806269 6.468701 0.445796 -0.000006 0.000010 -0.000000 -0.000003 -0.000000 8.207788 -6.751720 -1.599557 -23.076793 11.457531 15.815014 52.893866 -1.982930 -6.924675 -23.877225 0.931077 -3.998694 -2.974526 -0.000008 -0.000001 -0.000000 0.000000 -0.000000 
-1.542052 90.132164 -1.414622 -6.447998 0.126486 2.402425 -0.000006 10.181584 0.131517 10.830159 -0.328733 -1.982444 -3.751048 -0.336115 1.633330 -3.753510 -0.763383 -1.373224 0.000001 16.740364 -2.049033 8.784016 0.367406 -0.846309 0.000000 9.617878 1.685008 8.768628 3.082529 -0.433880 0.000002 22.037354 7.501099 0.000001 0.000000 -0.000000 -4.569967 11.014906 -2.160883 26.972164 -0.214549 -18.502035 -93.744456 26.191798 9.616333 -72.247542 81.166813 71.755570 -71.647059 -5.708233 46.393466 -2.464811 -1.574001 2.681826 -22.901643 -13.921976 3.272695 -0.417146 -28.203106 -8.246607 -8.751476 -28.744175 -18.963843 -0.000003 0.000001 -0.000005 -9.108289 -0.517852 2.259844 4.201091 -5.037218 36.495746 2.027694 -0.506295 5.737787 2.035709 -0.753857 12.586038 -0.000001 0.000002 0.000000 -9.532511 -0.000055 -0.000026 4.669211 -4.662069 39.435945 -8.720595 -3.008829 5.395491 1.429719 -1.695415 23.911063 -0.000002 -0.000004 0.000015 -9.103600 -0.043081 -1.865131 1.007350 -9.699753 28.724941 -11.058245 -1.844102 14.985684 -8.805459 -2.791764 17.665948 0.000001 0.000002 -0.000007 -8.076693 -0.486695 -3.806280 -11.259771 -22.155882 36.294310 9.624671 8.840035 10.335321 -19.211568 -13.447726 9.183633 -0.000002 -0.000001 -0.000004 4.570445 11.014716 -2.160849 27.377580 -2.751668 12.542307 -84.319983 -31.624162 2.111686 42.146539 -77.219380 53.111100 -80.458242 5.932137 -53.798671 2.466140 -1.576210 2.681741 -21.549643 16.074801 -2.603651 -0.400735 26.580608 7.364043 -10.187844 22.730091 18.257504 -0.000000 -0.000005 -0.000003 9.109313 -0.518054 2.259869 4.477270 5.821404 -37.146991 2.035321 0.666936 -5.730070 2.063562 0.996111 -12.567040 -0.000001 -0.000001 -0.000005 9.533420 0.000012 0.000044 4.953824 5.458664 -40.094214 -8.709803 3.218222 -5.322831 1.532347 2.143586 -23.867171 0.000000 -0.000001 0.000003 9.104531 -0.043055 -1.865076 1.267007 10.420410 -29.291065 -11.016575 2.128126 -14.951923 -8.753733 3.140292 -17.603318 0.000001 -0.000004 -0.000003 8.077811 -0.486899 -3.806269 -10.635836 23.373609 -36.718738 9.700093 -8.548406 -10.455771 -19.143431 13.583757 -9.041861 -0.000004 -0.000003 0.000004 -8.207788 -6.751677 -1.599564 -43.135274 -31.305141 -29.896650 60.245192 -1.518787 -9.872734 -21.933686 2.803214 6.867314 0.385692 -0.000003 0.000029 -0.000000 -0.000001 -0.000000 8.207788 -6.751704 -1.599563 -24.862326 10.863795 17.699585 58.615194 -3.319990 -6.973925 -26.799390 0.726204 -3.826316 -2.900735 -0.000002 -0.000001 -0.000000 0.000001 -0.000000 
-1.511481 88.771149 -1.310154 -7.255347 0.163996 1.968462 -0.000004 10.181600 0.131519 11.282952 -0.613245 -2.299862 -3.639815 -0.391558 1.620587 -3.701385 -0.816437 -1.349323 0.000002 16.740404 -2.049034 8.804100 0.401896 -1.015742 -0.000000 9.617869 1.685012 8.290827 3.397438 -0.496272 0.000002 22.037338 7.501097 0.000003 -0.000000 0.000000 -4.569971 11.014922 -2.160877 27.140952 -0.148136 -18.002394 -93.609512 26.503171 9.660258 -86.287494 80.786590 85.655702 -71.801872 -5.382686 46.570938 -2.464813 -1.573972 2.681838 -23.742146 -14.551250 3.600091 -0.866416 -28.189323 -8.198114 -9.140910 -28.999166 -18.894747 0.000004 -0.000003 0.000009 -9.108294 -0.517886 2.259839 4.293164 -4.934971 37.392690 2.029856 -0.497897 5.513108 2.071058 -0.750067 12.620679 -0.000001 0.000001 -0.000002 -9.532500 -0.000065 -0.000023 4.793971 -4.659209 40.406716 -8.972310 -3.064917 5.273923 1.468856 -1.711123 24.314058 -0.000000 -0.000001 0.000001 -9.103584 -0.043080 -1.865129 1.150837 -9.865674 29.373529 -11.264656 -1.812756 14.838308 -8.996770 -2.851063 17.812064 -0.000002 0.000002 -0.000000 -8.076691 -0.486707 -3.806281 -11.161029 -22.806850 37.164176 9.947373 9.120090 10.194967 -19.731764 -13.714864 8.853026 -0.000002 -0.000000 0.000001 4.570446 11.014709 -2.160848 27.648587 -2.493825 13.494575 -84.854090 -31.110685 2.578314 46.280645 -77.457248 56.552402 -80.427895 7.153006 -54.052034 2.466124 -1.576237 2.681737 -21.706199 16.197257 -2.664211 -0.484733 26.580007 7.352157 -10.263549 22.779142 18.246608 0.000002 -0.000000 -0.000015 9.109306 -0.518056 2.259871 4.496877 5.804832 -37.317613 2.035632 0.664448 -5.687513 2.070300 0.995509 -12.573657 0.000000 -0.000001 0.000000 9.533409 -0.000007 0.000044 4.979828 5.461140 -40.278510 -8.757599 3.228452 -5.299543 1.540400 2.148043 -23.943535 -0.000002 -0.000001 0.000005 9.104537 -0.043049 -1.865074 1.295589 10.453879 -29.413755 -11.055862 2.121709 -14.924074 -8.789863 3.151995 -17.630791 -0.000000 -0.000005 -0.000001 8.077805 -0.486894 -3.806268 -10.614513 23.498916 -36.883346 9.760858 -8.602046 -10.430186 -19.242385 13.633750 -8.979031 -0.000002 -0.000000 0.000008 -8.207782 -6.751658 -1.599567 -43.633837 -30.738652 -30.308497 63.277393 -2.162596 -9.844748 -23.496247 2.804531 7.112340 0.448461 -0.000004 0.000027 0.000000 0.000001 -0.000000 8.207792 -6.751693 -1.599559 -25.709127 10.287534 18.683147 62.021560 -3.880751 -6.837472 -28.640470 0.582916 -3.666653 -3.044217 0.000006 0.000003 -0.000000 0.000001 -0.000000 
-1.510462 88.520645 -1.126046 -7.591138 0.531011 1.455896 -0.000006 10.181581 0.131524 10.792185 -0.930210 -3.011971 -3.356258 -0.445620 1.588567 -3.631304 -0.860127 -1.253746 0.000001 16.740391 -2.049036 8.869878 0.450054 -1.218282 -0.000000 9.617889 1.685005 8.407254 3.805971 -0.552258 0.000001 22.037323 7.501096 0.000001 0.000000 0.000000 -4.569968 11.014910 -2.160886 26.376910 -0.206049 -16.661919 -94.106988 26.999267 10.268798 -91.270220 80.757281 90.405784 -71.942874 -4.405320 46.467191 -2.464814 -1.573971 2.681834 -24.236252 -14.923777 3.788025 -1.130367 -28.181519 -8.168901 -9.370126 -29.149663 -18.855014 0.000007 -0.000010 -0.000003 -9.108300 -0.517869 2.259837 4.345771 -4.873778 37.920128 2.031132 -0.492958 5.380939 2.091846 -0.747824 12.641054 -0.000001 0.000001 0.000006 -9.532501 -0.000051 -0.000023 4.867316 -4.655883 40.977853 -9.120525 -3.097405 5.202214 1.491896 -1.720171 24.551176 0.000003 -0.000002 0.000000 -9.103601 -0.043056 -1.865125 1.236844 -9.962201 29.755477 -11.386040 -1.793801 14.751773 -9.109210 -2.886439 17.897928 -0.000001 0.000006 -0.000003 -8.076693 -0.486692 -3.806267 -11.094655 -23.190487 37.677509 10.137841 9.284235 10.110960 -20.039135 -13.869800 8.656373 -0.000000 0.000008 -0.000004 4.570446 11.014729 -2.160858 27.307089 -1.367791 13.892419 -86.225920 -30.935921 2.100996 50.154926 -77.028770 59.600770 -80.383766 8.630946 -54.134747 2.466137 -1.576196 2.681734 -21.599703 16.113929 -2.623082 -0.427601 26.580414 7.360250 -10.212038 22.745764 18.253981 -0.000003 -0.000004 -0.000003 9.109306 -0.518041 2.259869 4.483555 5.816119 -37.201568 2.035416 0.666128 -5.716459 2.065713 0.995926 -12.569159 0.000003 -0.000001 -0.000000 9.533426 0.000039 0.000045 4.962133 5.459462 -40.153149 -8.725089 3.221514 -5.315372 1.534932 2.145003 -23.891592 0.000002 0.000003 -0.000008 9.104527 -0.043014 -1.865076 1.276130 10.431109 -29.330291 -11.029132 2.126093 -14.943025 -8.765288 3.144028 -17.612114 0.000006 -0.000003 0.000000 8.077793 -0.486877 -3.806274 -10.629097 23.413673 -36.771368 9.719523 -8.565564 -10.447620 -19.175054 13.599760 -9.021808 -0.000009 0.000000 0.000000 -8.207786 -6.751693 -1.599563 -43.183611 -31.196886 -30.134303 63.667444 -2.654684 -9.875614 -23.952766 2.935293 7.428400 0.581828 0.000001 0.000012 0.000000 -0.000001 -0.000000 8.207788 -6.751715 -1.599557 -25.737201 9.547320 18.976077 62.928582 -3.774877 -6.619553 -29.213945 0.472446 -3.387443 -3.346228 0.000004 -0.000001 -0.000000 0.000002 -0.000000 
-1.583468 89.291924 -0.858726 -7.870965 1.822793 0.716339 -0.000005 10.181579 0.131520 9.775742 -1.262618 -3.977219 -2.853256 -0.495591 1.448135 -3.537169 -0.887469 -1.150329 0.000002 16.740414 -2.049035 9.004839 0.467614 -1.406765 -0.000002 9.617891 1.685008 9.262655 3.847103 -0.578857 0.000002 22.037384 7.501101 0.000000 -0.000000 0.000001 -4.569967 11.014917 -2.160882 24.849031 -0.681685 -14.523325 -94.654961 27.471852 11.416650 -82.929398 81.697641 81.223476 -72.075066 -2.994224 46.144983 -2.464808 -1.573954 2.681824 -24.419810 -15.062654 3.856951 -1.228340 -28.178651 -8.157878 -9.455358 -29.205698 -18.840445 0.000002 -0.000003 0.000002 -9.108291 -0.517840 2.259834 4.365001 -4.850866 38.116062 2.031613 -0.491132 5.331822 2.099571 -0.746979 12.648633 -0.000000 -0.000000 0.000002 -9.532503 -0.000014 -0.000025 4.894540 -4.654324 41.190050 -9.175627 -3.109406 5.175549 1.500481 -1.723487 24.639257 0.000002 -0.000002 0.000002 -9.103604 -0.043055 -1.865133 1.269086 -9.997863 29.897473 -11.431157 -1.786691 14.719674 -9.150976 -2.899667 17.929837 -0.000001 0.000001 -0.000001 -8.076692 -0.486681 -3.806279 -11.068422 -23.333161 37.868570 10.208737 9.345127 10.079472 -20.153624 -13.926944 8.582893 0.000001 -0.000003 -0.000001 4.570446 11.014711 -2.160858 26.501402 -0.073794 13.729952 -86.610029 -31.064165 0.922125 49.981822 -75.110115 59.104974 -80.348303 8.973778 -54.149791 2.466146 -1.576194 2.681741 -20.421741 15.198716 -2.156346 0.204890 26.585629 7.448117 -9.642783 22.377851 18.338190 -0.000004 0.000003 0.000002 9.109316 -0.518023 2.259877 4.332854 5.938215 -35.917865 2.033150 0.684820 -6.036541 2.015098 1.000222 -12.519677 0.000001 -0.000001 0.000003 9.533422 0.000029 0.000050 4.766856 5.436797 -38.767245 -8.365979 3.143572 -5.490141 1.474427 2.110835 -23.317318 0.000002 0.000002 -0.000006 9.104532 -0.043037 -1.865067 1.064994 10.176721 -28.408616 -10.733579 2.173298 -15.152892 -8.493267 3.057055 -17.405112 0.000001 -0.000004 0.000000 8.077805 -0.486870 -3.806263 -10.770580 22.472714 -35.536948 9.263858 -8.160741 -10.636759 -18.434068 13.218709 -9.489597 0.000002 -0.000002 0.000001 -8.207785 -6.751657 -1.599562 -40.932849 -32.514661 -28.890563 61.511256 -3.712147 -9.924779 -23.403954 2.963171 8.210215 0.607334 0.000008 0.000015 -0.000000 -0.000001 -0.000000 8.207787 -6.751695 -1.599560 -24.820248 8.457503 18.976084 61.523783 -3.666548 -6.389390 -28.551946 0.431707 -3.124177 -3.624291 0.000001 -0.000005 -0.000000 -0.000001 -0.000000 
-1.794248 90.772942 -0.505650 -8.428697 4.289621 -0.054494 -0.000005 10.181600 0.131521 8.842826 -1.543655 -5.200162 -2.143743 -0.518791 1.100724 -3.411588 -0.872767 -1.148166 0.000000 16.740387 -2.049033 9.193584 0.434788 -1.587300 -0.000001 9.617880 1.685009 10.534576 3.375598 -0.675058 0.000000 22.037354 7.501095 -0.000000 -0.000000 0.000000 -4.569968 11.014926 -2.160881 22.840827 -1.653550 -12.378511 -94.816993 27.731811 12.696081 -54.626634 81.967891 51.082237 -72.204580 -1.498902 45.706055 -2.464814 -1.573989 2.681829 -24.316377 -14.984378 3.818130 -1.173119 -28.180242 -8.164080 -9.407319 -29.174115 -18.848640 0.000004 -0.000006 -0.000001 -9.108283 -0.517870 2.259837 4.354181 -4.863804 38.005618 2.031352 -0.492148 5.359504 2.095202 -0.747467 12.644361 0.000000 0.000000 -0.000004 -9.532510 -0.000048 -0.000021 4.879198 -4.655238 41.070467 -9.144583 -3.102649 5.190576 1.495645 -1.721618 24.589615 -0.000000 -0.000002 0.000001 -9.103592 -0.043063 -1.865130 1.250892 -9.977784 29.817426 -11.405720 -1.790704 14.737788 -9.127454 -2.892208 17.911848 0.000003 0.000003 0.000003 -8.076680 -0.486704 -3.806279 -11.083316 -23.252752 37.760872 10.168782 9.310832 10.097227 -20.089082 -13.894777 8.624328 -0.000005 -0.000000 -0.000004 4.570443 11.014709 -2.160854 25.377272 0.030197 12.580101 -84.691805 -31.058376 -0.016085 45.060001 -71.569345 54.543090 -80.401340 6.861273 -54.289967 2.466135 -1.576206 2.681733 -17.766874 13.183857 -1.028140 1.632853 26.602567 7.635130 -8.363380 21.558382 18.542430 -0.000011 -0.000006 0.000001 9.109299 -0.518043 2.259868 3.971683 6.193966 -33.027909 2.028397 0.726968 -6.756284 1.901186 1.009612 -12.408390 -0.000001 0.000001 0.000002 9.533430 0.000005 0.000039 4.330414 5.358208 -35.652047 -7.560493 2.960851 -5.880130 1.339305 2.030398 -22.026281 0.000003 -0.000001 -0.000007 9.104530 -0.043052 -1.865077 0.616909 9.588090 -26.342797 -10.068407 2.271843 -15.627922 -7.880034 2.868995 -16.938205 -0.000002 0.000001 -0.000002 8.077786 -0.486892 -3.806275 -10.959767 20.372190 -32.782275 8.248256 -7.241807 -11.039233 -16.789732 12.327755 -10.506603 -0.000000 0.000002 0.000001 -8.207786 -6.751666 -1.599565 -36.378093 -33.874064 -26.142605 57.430450 -5.428712 -9.920573 -22.053771 2.043064 9.449123 0.509725 -0.000016 0.000035 0.000000 -0.000003 -0.000000 8.207789 -6.751678 -1.599556 -22.912556 7.033531 18.847465 58.285016 -3.940790 -6.180437 -26.864954 0.468660 -2.985793 -3.796106 -0.000002 -0.000002 0.000000 -0.000000 0.000000 
-2.164108 92.602158 -0.075999 -9.201428 7.649800 -0.569819 -0.000005 10.181582 0.131522 8.222256 -1.783419 -6.712508 -1.252698 -0.522292 0.496131 -3.236002 -0.820223 -1.321424 -0.000000 16.740383 -2.049035 9.386650 0.370904 -1.748348 0.000002 9.617884 1.685007 11.580742 2.621932 -0.715191 0.000002 22.037354 7.501092 0.000002 -0.000001 0.000001 -4.569967 11.014925 -2.160883 20.641189 -2.933398 -10.960808 -95.008737 27.907741 13.993502 -25.348435 78.305831 18.830681 -72.308761 0.100098 45.155665 -2.464813 -1.573963 2.681834 -23.945579 -14.704393 3.677897 -0.975117 -28.186058 -8.186159 -9.235242 -29.061082 -18.878289 -0.000001 -0.000000 0.000000 -9.108289 -0.517870 2.259836 4.314957 -4.909858 37.609829 2.030377 -0.495855 5.458709 2.079614 -0.749145 12.629074 0.000000 0.000000 -0.000004 -9.532513 -0.000051 -0.000023 4.824171 -4.657979 40.641825 -9.033316 -3.078326 5.244439 1.478341 -1.714868 24.411668 -0.000000 -0.000002 0.000010 -9.103589 -0.043071 -1.865133 1.186097 -9.905496 29.530736 -11.314628 -1.804997 14.802676 -9.043062 -2.865578 17.847421 -0.000001 0.000002 0.000002 -8.076685 -0.486706 -3.806273 -11.134452 -22.964737 37.375348 10.025738 9.187734 10.160520 -19.858181 -13.778836 8.772264 0.000001 0.000005 -0.000007 4.570445 11.014721 -2.160852 24.052031 -2.034137 9.540040 -81.028542 -30.553974 0.085054 37.235514 -67.483239 47.376490 -80.548476 2.499361 -54.739038 2.466139 -1.576209 2.681739 -13.998383 10.455188 0.742350 3.659662 26.637770 7.873475 -6.560005 20.422267 18.864525 0.000002 0.000008 0.000002 9.109305 -0.518072 2.259867 3.412928 6.506539 -28.945751 2.022454 0.786776 -7.771102 1.740526 1.022102 -12.251495 -0.000001 0.000007 -0.000000 9.533404 0.000001 0.000042 3.726042 5.182987 -31.263777 -6.429746 2.685935 -6.422778 1.151341 1.908429 -20.206746 -0.000001 0.000005 -0.000001 9.104529 -0.043043 -1.865074 0.049229 8.722261 -23.445461 -9.129506 2.392652 -16.304672 -7.012072 2.621782 -16.276757 -0.000003 0.000000 0.000000 8.077805 -0.486895 -3.806273 -10.936668 17.465579 -28.926783 6.836345 -5.927295 -11.553143 -14.522743 10.995128 -11.856715 0.000002 -0.000001 0.000000 -8.207782 -6.751677 -1.599560 -29.940961 -34.172249 -22.019936 52.334303 -7.340939 -9.405446 -20.031907 -0.805510 10.572395 0.412864 0.000008 0.000044 -0.000000 0.000002 -0.000000 8.207790 -6.751705 -1.599555 -20.342731 5.385790 18.568747 53.879466 -4.578430 -6.007001 -24.479413 0.531281 -2.802558 -3.932111 0.000003 -0.000002 -0.000000 -0.000001 -0.000000 
-2.626249 94.437965 0.411495 -9.936863 11.386970 -0.854137 -0.000004 10.181595 0.131524 7.813993 -1.969877 -8.323327 -0.205377 -0.525451 -0.331742 -2.999145 -0.747078 -1.655452 0.000001 16.740400 -2.049033 9.558101 0.291256 -1.810540 -0.000004 9.617898 1.685010 12.044816 1.731959 -0.390774 0.000011 22.037323 7.501096 0.000006 -0.000001 -0.000001 -4.569965 11.014925 -2.160879 18.616881 -4.115734 -10.349279 -95.676914 28.358168 15.112366 -13.039339 71.660234 2.610600 -72.268784 2.105369 44.235928 -2.464811 -1.573954 2.681838 -23.317728 -14.232786 3.436002 -0.639591 -28.196184 -8.222798 -8.944187 -28.870264 -18.929401 -0.000001 -0.000006 0.000002 -9.108283 -0.517851 2.259837 4.247072 -4.986872 36.939722 2.028762 -0.502135 5.626582 2.053198 -0.751980 12.603183 -0.000000 0.000002 0.000003 -9.532506 -0.000031 -0.000023 4.730967 -4.661088 39.916418 -8.845134 -3.036705 5.335372 1.449093 -1.703233 24.110515 0.000000 0.000004 -0.000001 -9.103583 -0.043059 -1.865129 1.077941 -9.782139 29.045858 -11.160407 -1.828709 14.912676 -8.900165 -2.820997 17.738288 0.000003 0.000005 -0.000005 -8.076691 -0.486690 -3.806281 -11.213099 -22.477859 36.724438 9.784217 8.978806 10.266247 -19.468653 -13.580516 9.020592 -0.000001 0.000006 -0.000006 4.570447 11.014731 -2.160855 22.396650 -6.080074 3.948310 -77.745987 -29.611810 0.880517 28.371725 -64.165591 39.161579 -80.569069 -2.457617 -54.739226 2.466131 -1.576196 2.681730 -9.709709 7.566551 2.973010 5.955704 26.691292 8.105133 -4.532369 19.174306 19.272258 -0.000004 0.000005 0.000002 9.109286 -0.518047 2.259866 2.722293 6.783623 -24.349756 2.016891 0.854484 -8.911346 1.559888 1.035114 -12.075249 0.000002 -0.000001 -0.000005 9.533430 0.000042 0.000043 3.071317 4.897914 -26.340459 -5.166383 2.353227 -7.021758 0.944137 1.759612 -18.163384 -0.000004 -0.000003 0.000005 9.104534 -0.043031 -1.865078 -0.496974 7.705467 -20.210101 -8.073533 2.502844 -17.074250 -6.032498 2.369158 -15.529755 -0.000000 -0.000003 0.000006 8.077782 -0.486863 -3.806268 -10.530033 14.312179 -24.596964 5.275518 -4.426817 -12.056066 -12.046458 9.398743 -13.254088 -0.000001 -0.000002 0.000000 -8.207784 -6.751679 -1.599560 -22.895445 -32.921645 -17.154918 47.110287 -9.035798 -8.214772 -17.660434 -5.871730 11.102606 0.694001 -0.000003 -0.000007 -0.000000 0.000003 -0.000000 8.207791 -6.751698 -1.599557 -17.654835 3.515315 18.291223 49.041315 -5.689600 -5.881144 -21.745786 0.676765 -2.628010 -4.072495 0.000001 0.000001 0.000000 0.000001 -0.000000 
-3.053761 95.995964 0.924910 -10.484553 15.188785 -1.194287 -0.000005 10.181593 0.131521 7.552471 -2.013475 -9.739434 0.982684 -0.527829 -1.291011 -2.688185 -0.653737 -2.072308 -0.000002 16.740396 -2.049034 9.720686 0.182306 -1.699763 -0.000000 9.617877 1.685009 12.091362 0.545146 0.403181 -0.000001 22.037369 7.501093 0.000003 -0.000000 0.000000 -4.569967 11.014918 -2.160882 16.973519 -4.947782 -10.349324 -96.398913 29.211865 15.476085 -9.277437 64.737407 -5.399677 -71.889783 4.317013 42.568573 -2.464804 -1.573985 2.681839 -22.420724 -13.564515 3.081030 -0.159875 -28.211280 -8.273622 -8.528964 -28.598885 -19.004272 0.000004 -0.000005 0.000000 -9.108269 -0.517851 2.259834 4.146962 -5.094671 35.982741 2.026466 -0.511128 5.866211 2.015512 -0.755981 12.566245 -0.000001 -0.000000 0.000002 -9.532504 -0.000070 -0.000024 4.597845 -4.662098 38.880968 -8.576800 -2.976360 5.464794 1.407393 -1.686189 23.680671 -0.000000 0.000000 0.000003 -9.103583 -0.043060 -1.865131 0.926844 -9.603885 28.354487 -10.940183 -1.861555 15.070136 -8.695983 -2.758328 17.582328 0.000002 -0.000000 -0.000002 -8.076694 -0.486727 -3.806278 -11.308340 -21.784420 35.798408 9.440723 8.679332 10.414188 -18.915468 -13.292901 9.370557 0.000002 0.000002 -0.000004 4.570447 11.014722 -2.160851 19.830976 -11.088273 -4.240207 -76.746328 -28.768132 1.203461 20.358637 -62.187698 31.322698 -80.081086 -6.552690 -52.633424 2.466157 -1.576200 2.681742 -5.272524 4.848803 5.490391 8.309745 26.758463 8.300486 -2.467584 17.938612 19.734186 -0.000005 -0.000006 -0.000004 9.109308 -0.518044 2.259874 1.961037 6.976767 -19.670113 2.012442 0.923873 -10.070349 1.376149 1.047190 -11.896181 0.000000 0.000000 0.000001 9.533414 0.000030 0.000046 2.443208 4.515785 -21.346199 -3.890308 1.989717 -7.618221 0.738504 1.595653 -16.087691 -0.000001 -0.000001 0.000002 9.104542 -0.043027 -1.865071 -0.950557 6.632021 -16.941162 -6.999700 2.586858 -17.865652 -5.032629 2.139811 -14.767002 -0.000000 0.000002 -0.000002 8.077800 -0.486860 -3.806264 -9.730866 11.272250 -20.157980 3.713671 -2.879659 -12.486891 -9.603932 7.678059 -14.542279 0.000002 -0.000002 0.000000 -8.207786 -6.751661 -1.599560 -16.549572 -30.489575 -12.375809 42.694437 -10.053914 -6.720171 -15.411154 -11.965780 10.921735 1.310908 -0.014047 0.246485 0.000000 0.000001 -0.000000 8.207787 -6.751700 -1.599553 -15.304379 1.376842 18.261508 44.556766 -6.951155 -5.793788 -19.359900 0.901468 -2.534229 -4.157624 -0.000002 -0.000005 0.000000 0.000002 -0.000000 
-3.334967 97.094528 1.402109 -10.864066 19.019661 -1.740825 -0.000005 10.181592 0.131521 7.550536 -1.922302 -10.926243 2.306347 -0.529857 -2.285064 -2.279860 -0.545309 -2.491619 -0.000005 16.740389 -2.049029 9.889925 0.030949 -1.432925 0.000006 9.617869 1.685012 11.887114 -1.159430 1.571267 -0.000004 22.037354 7.501089 0.000003 -0.000001 -0.000000 -4.569969 11.014899 -2.160877 15.435599 -5.438650 -11.316929 -95.969629 29.993751 14.484555 -9.174526 59.487300 -9.259765 -71.035825 5.814212 39.959854 -2.464810 -1.573969 2.681831 -21.234469 -12.691380 2.594999 0.474999 -28.232283 -8.338008 -7.981132 -28.242472 -19.106527 0.000006 -0.000010 0.000004 -9.108290 -0.517849 2.259835 4.009076 -5.232969 34.718282 2.023479 -0.523050 6.182627 1.965716 -0.761206 12.517438 0.000001 0.000000 -0.000001 -9.532510 -0.000044 -0.000024 4.422092 -4.657297 37.513827 -8.222948 -2.894919 5.634984 1.352442 -1.662878 23.113102 0.000000 -0.000001 0.000005 -9.103599 -0.043076 -1.865135 0.733329 -9.364639 27.443015 -10.649297 -1.903134 15.278689 -8.426019 -2.677399 17.376058 -0.000002 0.000002 -0.000007 -8.076692 -0.486709 -3.806284 -11.403905 -20.872264 34.580544 8.989392 8.281737 10.604159 -18.190175 -12.905067 9.824408 0.000001 0.000001 0.000003 4.570443 11.014732 -2.160849 15.558640 -15.815665 -14.395520 -78.062041 -28.093504 0.282273 14.764926 -61.424000 24.431447 -78.971221 -9.087114 -48.083569 2.466121 -1.576206 2.681733 -0.993475 2.507202 8.089411 10.553310 26.831420 8.447295 -0.510432 16.802883 20.212703 -0.000003 -0.000005 -0.000005 9.109285 -0.518035 2.259868 1.195835 7.070456 -15.242042 2.009395 0.989948 -11.165726 1.202386 1.057595 -11.726955 0.000001 0.000003 -0.000001 9.533403 0.000026 0.000043 1.894136 4.073210 -16.636570 -2.691932 1.623105 -8.169789 0.549326 1.429133 -14.127057 0.000001 -0.000004 0.000001 9.104517 -0.043031 -1.865076 -1.283514 5.587910 -13.867192 -5.984863 2.640054 -18.621379 -4.084153 1.948544 -14.043452 0.000001 0.000004 0.000003 8.077800 -0.486884 -3.806266 -8.642035 8.592287 -15.895795 2.257319 -1.400161 -12.819893 -7.361014 5.969640 -15.635712 -0.000001 0.000005 -0.000001 -8.207786 -6.751665 -1.599561 -11.247815 -27.725720 -8.173568 39.337692 -10.058482 -5.573842 -13.331963 -16.927663 11.675332 0.724893 0.007118 -0.141327 -0.000000 0.000002 -0.000000 8.207790 -6.751690 -1.599554 -13.662871 -1.070735 18.576175 41.254213 -7.986601 -5.751100 -17.654173 1.018229 -2.576457 -4.160155 -0.000011 -0.000001 0.000000 0.000002 -0.000000 
-3.431699 97.637451 1.748806 -11.168341 22.922284 -2.360096 -0.000004 10.181591 0.131520 8.014208 -1.898831 -12.057797 3.752260 -0.566042 -3.243831 -1.755419 -0.462781 -2.866124 0.000004 16.740376 -2.049032 10.040153 -0.145479 -1.079977 0.000001 9.617848 1.685011 11.231247 -3.330434 3.040467 0.000017 22.037323 7.501094 0.000002 -0.000001 -0.000001 -4.569966 11.014911 -2.160884 13.751594 -5.343908 -14.127300 -92.945672 29.894857 11.548549 -10.766928 56.623638 -10.166652 -69.768108 5.815720 36.641325 -2.464809 -1.573987 2.681839 -19.764617 -11.627396 1.967341 1.261983 -28.259909 -8.413288 -7.304618 -27.804973 -19.238290 0.000003 -0.000011 0.000009 -9.108303 -0.517868 2.259839 3.829878 -5.397350 33.154052 2.019872 -0.537841 6.573715 1.904159 -0.767535 12.457084 0.000000 -0.000001 0.000002 -9.532524 -0.000061 -0.000020 4.205222 -4.641736 35.824247 -7.786346 -2.791546 5.844218 1.284740 -1.632757 22.411645 -0.000002 -0.000001 0.000011 -9.103586 -0.043115 -1.865129 0.503667 -9.063142 26.318556 -10.289571 -1.951694 15.537540 -8.091775 -2.580128 17.120643 0.000000 -0.000000 -0.000000 -8.076677 -0.486706 -3.806278 -11.475543 -19.751683 33.081386 8.434980 7.786964 10.830546 -17.301817 -12.413334 10.372262 -0.000001 0.000001 -0.000002 4.570451 11.014702 -2.160849 9.844720 -19.104770 -24.497430 -79.736544 -26.461171 -1.223803 12.139022 -61.197730 18.910916 -77.466209 -9.822464 -42.673321 2.466103 -1.576218 2.681733 2.543181 0.786187 10.345108 12.386274 26.895748 8.539032 1.082163 15.905794 20.629494 -0.000007 -0.000003 -0.000003 9.109275 -0.518042 2.259868 0.549246 7.079119 -11.648691 2.007734 1.043865 -12.054143 1.061384 1.065274 -11.589629 -0.000000 -0.000006 0.000001 9.533392 0.000025 0.000044 1.486842 3.659574 -12.824993 -1.725567 1.309626 -8.608017 0.399951 1.285913 -12.537623 -0.000000 0.000003 0.000007 9.104512 -0.043027 -1.865072 -1.484469 4.724913 -11.383255 -5.162177 2.664351 -19.239314 -3.312733 1.811644 -13.455088 0.000001 -0.000004 0.000004 8.077759 -0.486870 -3.806262 -7.536719 6.582451 -12.375055 1.088163 -0.190001 -13.037188 -5.585795 4.531090 -16.433280 -0.000001 -0.000002 -0.000008 -8.207786 -6.751670 -1.599560 -6.792639 -25.449635 -4.462799 36.852924 -10.045370 -5.274406 -12.612699 -18.574061 12.362845 -0.064410 0.001796 -0.057946 -0.000000 0.000001 -0.000000 8.207793 -6.751695 -1.599555 -12.981863 -3.827145 19.066400 39.730046 -8.761032 -5.810976 -16.732597 0.688121 -2.607727 -4.118797 0.000001 -0.000000 0.000000 0.000002 -0.000000 
-3.368812 97.557549 1.895942 -11.503376 26.875903 -2.831858 -0.000005 10.181592 0.131518 9.123515 -2.092057 -13.182089 5.297880 -0.663299 -4.136222 -1.103406 -0.438808 -3.188032 0.000006 16.740379 -2.049031 10.097426 -0.322216 -0.641108 -0.000007 9.617885 1.685010 9.921394 -5.721045 4.745778 0.000000 22.037338 7.501102 -0.000002 0.000001 0.000001 -4.569968 11.014899 -2.160879 12.291094 -4.162260 -19.164795 -86.609579 28.261462 6.564151 -12.448377 55.572342 -9.299023 -68.327785 4.547732 33.248046 -2.464811 -1.573990 2.681837 -18.049103 -10.412524 1.200521 2.180292 -28.294190 -8.494740 -6.518637 -27.300589 -19.398743 0.000004 -0.000009 0.000007 -9.108289 -0.517886 2.259837 3.609632 -5.578800 31.333339 2.015763 -0.555138 7.028515 1.832567 -0.774721 12.386969 0.000002 0.000003 0.000010 -9.532520 -0.000059 -0.000024 3.954066 -4.610236 33.859993 -7.279708 -2.667576 6.085902 1.206316 -1.595978 21.596090 -0.000000 0.000001 0.000000 -9.103591 -0.043100 -1.865132 0.250014 -8.704844 25.014014 -9.871062 -2.004182 15.840069 -7.702389 -2.470987 16.823031 0.000000 0.000000 -0.000001 -8.076682 -0.486712 -3.806281 -11.495763 -18.460425 31.344124 7.794880 7.207192 11.082135 -16.280009 -11.824832 10.990994 0.000000 0.000000 0.000000 4.570448 11.014700 -2.160852 4.818461 -20.917425 -30.822287 -79.444334 -22.400048 -1.825765 10.594038 -60.526227 14.925507 -75.828712 -9.190849 -37.819055 2.466131 -1.576195 2.681735 4.646302 -0.143983 11.726555 13.467168 26.935090 8.581329 2.019092 15.389871 20.885545 -0.000002 -0.000003 0.000004 9.109297 -0.518035 2.259870 0.161387 7.055027 -9.540386 2.007108 1.075639 -12.575373 0.978621 1.069476 -11.509086 0.000001 -0.000002 0.000000 9.533400 0.000030 0.000043 1.265667 3.395437 -10.592292 -1.160987 1.119077 -8.861154 0.314140 1.198541 -11.605456 0.000001 -0.000006 0.000001 9.104523 -0.043016 -1.865077 -1.573401 4.213530 -9.929131 -4.679819 2.670702 -19.603794 -2.859352 1.738968 -13.109395 0.000000 0.000001 -0.000004 8.077785 -0.486879 -3.806264 -6.801175 5.479998 -10.278874 0.406583 0.523574 -13.142705 -4.561528 3.666872 -16.863855 0.000001 -0.000000 -0.000002 -8.207787 -6.751652 -1.599561 -3.350218 -24.028298 -1.480613 35.469698 -10.014196 -5.701449 -13.329749 -17.418181 13.019910 -1.155274 -0.001150 0.116214 0.000000 0.000003 -0.000000 8.207790 -6.751685 -1.599560 -13.355705 -6.870019 19.459863 40.256664 -9.340483 -6.059074 -16.718415 -0.268096 -2.442462 -4.026256 -0.000015 -0.000001 0.000000 -0.000001 -0.000000 
-3.188748 96.809860 1.861812 -11.999832 30.627617 -3.014392 -0.000007 10.181586 0.131518 10.857805 -2.326435 -14.238343 6.890799 -0.766647 -4.962433 -0.345496 -0.422204 -3.470737 0.000005 16.740396 -2.049037 10.021184 -0.495453 -0.065354 -0.000007 9.617891 1.685008 8.278417 -8.222241 6.658614 -0.000005 22.037384 7.501092 -0.000001 -0.000000 -0.000004 -4.569967 11.014910 -2.160881 11.559184 -1.760765 -25.717126 -77.990167 24.953406 0.999895 -13.006235 55.402622 -8.018027 -66.949917 2.936836 30.348976 -2.464811 -1.574001 2.681837 -16.137266 -9.095363 0.304475 3.202533 -28.334789 -8.577328 -5.647790 -26.746882 -19.585561 0.000006 -0.000011 0.000003 -9.108303 -0.517871 2.259838 3.351007 -5.767160 29.312344 2.011342 -0.574439 7.532865 1.753149 -0.782526 12.309321 -0.000001 0.000001 0.000003 -9.532518 -0.000044 -0.000022 3.677693 -4.558566 31.682737 -6.719322 -2.525457 6.351814 1.119827 -1.552956 20.692031 0.000000 -0.000000 0.000003 -9.103604 -0.043067 -1.865130 -0.014178 -8.298384 23.571249 -9.406788 -2.057422 16.177383 -7.269730 -2.354923 16.492371 0.000000 -0.000001 -0.000001 -8.076685 -0.486713 -3.806278 -11.441154 -17.046907 29.421914 7.090714 6.558994 11.346516 -15.161068 -11.151996 11.653757 0.000001 0.000004 0.000000 4.570450 11.014702 -2.160855 2.404806 -22.524181 -30.627729 -76.694534 -15.330853 -1.332917 6.365687 -58.435342 11.176819 -74.341111 -7.963453 -33.801698 2.466139 -1.576206 2.681741 5.258615 -0.401686 12.133874 13.780667 26.946691 8.591814 2.290508 15.242073 20.961186 -0.000001 0.000000 0.000001 9.109309 -0.518039 2.259874 0.048211 7.043993 -8.930617 2.006995 1.084844 -12.726282 0.954689 1.070672 -11.485959 0.000000 -0.000003 -0.000002 9.533409 0.000019 0.000048 1.204321 3.316185 -9.947006 -0.997992 1.063058 -8.933912 0.289588 1.172820 -11.336028 0.000001 0.000003 0.000004 9.104540 -0.043065 -1.865072 -1.595096 4.065023 -9.508968 -4.540353 2.671459 -19.709662 -2.728085 1.719010 -13.009536 -0.000000 -0.000003 0.000001 8.077797 -0.486879 -3.806256 -6.576852 5.172351 -9.668110 0.209934 0.730442 -13.170305 -4.267460 3.414247 -16.983462 0.000000 -0.000003 -0.000004 -8.207788 -6.751665 -1.599562 -1.379231 -23.544454 0.319783 35.840287 -9.968623 -6.306433 -15.793390 -15.105599 13.490559 -2.703542 0.000001 -0.000002 0.000000 -0.000001 -0.000000 8.207788 -6.751709 -1.599555 -14.603510 -10.096093 19.553915 42.770829 -9.550846 -6.533690 -17.703825 -1.582673 -2.218455 -3.837512 0.000011 0.000003 0.000000 0.000001 0.000000 
-2.935086 95.426857 1.727431 -12.767798 33.552444 -2.893196 0.000001 10.181582 0.131520 12.879881 -2.221257 -15.316945 8.420359 -0.758430 -5.722668 0.433714 -0.298910 -3.719049 0.000004 16.740396 -2.049028 9.864179 -0.664466 0.590443 -0.000003 9.617855 1.685010 6.966013 -10.798181 8.805092 -0.000014 22.037354 7.501097 0.000003 0.000000 0.000001 -4.569957 11.014911 -2.160879 11.546407 1.579333 -32.385646 -69.317548 21.044921 -3.010580 -12.337802 55.481019 -7.163846 -65.753425 1.609723 28.109753 -2.464811 -1.573965 2.681845 -14.074452 -7.720533 -0.708737 4.303042 -28.381051 -8.656833 -4.714673 -26.159963 -19.796004 -0.000002 0.000003 0.000004 -9.108287 -0.517855 2.259839 3.057666 -5.953166 27.143209 2.006761 -0.595254 8.073536 1.667990 -0.790633 12.226016 -0.000001 -0.000000 0.000001 -9.532516 -0.000007 -0.000021 3.384941 -4.483749 29.349606 -6.120192 -2.367673 6.634339 1.027668 -1.504219 19.722945 0.000000 0.000001 0.000006 -9.103591 -0.043063 -1.865129 -0.277196 -7.852664 22.028642 -8.908864 -2.108614 16.540944 -6.804899 -2.236278 16.137048 -0.000000 0.000001 -0.000000 -8.076681 -0.486704 -3.806279 -11.295357 -15.557084 27.361649 6.342075 5.858228 11.612815 -13.977844 -10.407874 12.336603 0.000002 0.000001 -0.000007 4.570451 11.014721 -2.160853 2.278391 -24.508189 -25.172316 -73.117366 -6.164754 -1.018180 -0.723528 -54.850664 7.227360 -73.263901 -6.691526 -30.447395 2.466139 -1.576183 2.681738 5.136301 -0.350683 12.052313 13.718111 26.944468 8.589566 2.236309 15.271504 20.946052 0.000006 0.000008 -0.000001 9.109308 -0.518050 2.259872 0.070844 7.046413 -9.052541 2.007010 1.083027 -12.696335 0.959476 1.070457 -11.490907 0.000001 0.000001 -0.000001 9.533404 0.000012 0.000047 1.216469 3.332114 -10.075999 -1.030500 1.074281 -8.919541 0.294485 1.178000 -11.390115 0.000000 0.000002 0.000002 9.104531 -0.043052 -1.865072 -1.590904 4.094689 -9.593048 -4.568177 2.671386 -19.688821 -2.754278 1.722971 -13.029790 0.000000 0.000002 0.000001 8.077800 -0.486858 -3.806261 -6.622022 5.233343 -9.790389 0.249166 0.689176 -13.165097 -4.326042 3.464776 -16.960099 -0.000001 -0.000008 -0.000004 -8.207786 -6.751670 -1.599561 -1.576874 -23.781904 0.430001 39.032670 -9.803715 -6.612693 -19.176873 -13.382817 13.825527 -4.754877 -0.000002 -0.000002 -0.000000 -0.000001 -0.000000 8.207794 -6.751703 -1.599557 -16.328406 -13.294214 19.333752 46.940236 -9.485263 -7.196708 -19.397923 -2.645629 -2.288719 -3.601430 -0.000011 0.000000 0.000000 -0.000001 0.000000 
-2.627317 93.579796 1.541231 -13.796247 35.037545 -2.624269 -0.000001 10.181577 0.131520 14.727594 -1.639451 -16.567826 9.763820 -0.588527 -6.386375 1.140200 -0.025824 -3.915702 -0.000002 16.740368 -2.049034 9.706708 -0.805654 1.137944 -0.000001 9.617904 1.685013 6.191975 -13.115406 10.992442 -0.000005 22.037354 7.501092 -0.000001 -0.000000 0.000002 -4.569970 11.014899 -2.160883 11.900914 5.319759 -37.891321 -62.485965 18.329181 -4.962460 -11.428593 55.473075 -6.776039 -64.808892 0.510236 26.512641 -2.464827 -1.573986 2.681843 -11.901329 -6.327347 -1.825024 5.458476 -28.431960 -8.730033 -3.739538 -25.554026 -20.026936 0.000004 -0.000006 0.000000 -9.108285 -0.517859 2.259838 2.734134 -6.128848 24.873006 2.002125 -0.617162 8.638467 1.578916 -0.798828 12.138575 0.000000 -0.000001 0.000007 -9.532510 -0.000028 -0.000021 3.084046 -4.384251 26.911944 -5.495792 -2.196767 6.926632 0.932031 -1.450392 18.709809 -0.000000 0.000000 0.000004 -9.103609 -0.043074 -1.865130 -0.529502 -7.376560 20.420302 -8.388220 -2.155515 16.922830 -6.317992 -2.118629 15.764471 -0.000001 0.000001 -0.000008 -8.076683 -0.486682 -3.806281 -11.049546 -14.032992 25.203608 5.566139 5.119649 11.872121 -12.758845 -9.605800 13.019202 -0.000002 0.000004 -0.000012 4.570446 11.014699 -2.160853 2.729334 -26.346751 -18.168699 -70.722429 3.315633 -1.706010 -6.857457 -51.133395 4.162955 -72.712589 -5.615370 -27.882531 2.466142 -1.576222 2.681738 5.005621 -0.295927 11.965312 13.651192 26.941927 8.587545 2.178424 15.303018 20.929892 -0.000005 -0.000001 0.000006 9.109305 -0.518069 2.259871 0.094983 7.048782 -9.182393 2.007033 1.081057 -12.663981 0.964576 1.070179 -11.495570 -0.000003 0.000000 -0.000000 9.533401 0.000010 0.000048 1.229497 3.349057 -10.213407 -1.065272 1.086239 -8.903917 0.299712 1.183459 -11.447313 -0.000002 -0.000001 0.000004 9.104555 -0.043050 -1.865069 -1.586350 4.126367 -9.682447 -4.597928 2.671205 -19.665986 -2.782289 1.727205 -13.050822 0.000000 0.000000 -0.000001 8.077796 -0.486890 -3.806260 -6.670077 5.298734 -9.920524 0.291087 0.645026 -13.159106 -4.388734 3.518688 -16.934414 0.000000 0.000002 -0.000009 -8.207783 -6.751670 -1.599561 -3.746847 -24.294358 -0.998276 44.631711 -9.801484 -6.553590 -21.740352 -12.762534 14.265503 -6.959472 0.000001 0.000000 -0.000000 0.000001 0.000000 8.207793 -6.751710 -1.599560 -17.990283 -16.132287 18.950029 52.076108 -9.529985 -7.920977 -21.802107 -3.182127 -2.122809 -3.441066 -0.000005 -0.000001 -0.000000 0.000000 0.000000 
-2.281986 91.514610 1.286567 -14.961432 35.155332 -2.399020 -0.000000 10.181595 0.131519 16.192338 -0.903245 -17.910682 10.837354 -0.339597 -6.878460 1.728566 0.301735 -4.018337 -0.000013 16.740389 -2.049041 9.589390 -0.887433 1.389105 0.000002 9.617857 1.685009 5.428527 -14.717010 12.734121 0.000006 22.037354 7.501095 -0.000002 -0.000000 -0.000001 -4.569970 11.014919 -2.160886 12.250611 8.664325 -41.738016 -58.338142 17.449815 -5.816691 -11.038396 55.289162 -6.659069 -64.190459 -0.651250 25.630877 -2.464812 -1.573971 2.681847 -9.657963 -4.951509 -3.026581 6.646098 -28.486605 -8.794155 -2.741834 -24.942369 -20.274505 0.000005 -0.000006 0.000013 -9.108293 -0.517870 2.259838 2.386319 -6.287818 22.547612 1.997577 -0.639726 9.216458 1.487762 -0.806921 12.049067 -0.000000 -0.000001 -0.000000 -9.532506 -0.000062 -0.000022 2.782941 -4.260327 24.419477 -4.858919 -2.015684 7.222513 0.835001 -1.392282 17.673401 0.000000 0.000001 0.000000 -9.103592 -0.043071 -1.865132 -0.763429 -6.879656 18.779072 -7.855434 -2.196579 17.315653 -5.818768 -2.005055 15.382414 0.000001 -0.000001 -0.000001 -8.076679 -0.486716 -3.806283 -10.702478 -12.514268 22.986349 4.778822 4.357957 12.117505 -11.530145 -8.760802 13.684583 0.000004 0.000002 -0.000003 4.570434 11.014717 -2.160857 2.762015 -27.697916 -12.033496 -70.371138 11.730039 -3.098893 -9.792569 -48.926100 2.229156 -72.574196 -4.510377 -26.964585 2.466125 -1.576194 2.681733 5.029138 -0.305800 11.980953 13.663092 26.942110 8.588724 2.188849 15.297336 20.932793 0.000002 0.000002 -0.000001 9.109296 -0.518045 2.259869 0.090623 7.048081 -9.158235 2.007013 1.081347 -12.669159 0.963629 1.070110 -11.493572 0.000002 -0.000003 0.000009 9.533405 0.000027 0.000044 1.227143 3.345922 -10.187882 -1.059012 1.084053 -8.906255 0.298741 1.182366 -11.435855 0.000002 0.000003 -0.000004 9.104525 -0.043038 -1.865077 -1.587182 4.120575 -9.665551 -4.592597 2.671151 -19.669055 -2.777276 1.726321 -13.045889 -0.000000 -0.000000 -0.000001 8.077800 -0.486867 -3.806263 -6.661444 5.286876 -9.896308 0.283524 0.652890 -13.159514 -4.377481 3.508875 -16.937877 -0.000001 0.000002 -0.000008 -8.207788 -6.751663 -1.599562 -6.355220 -24.710933 -2.908215 50.885323 -9.776192 -6.330391 -23.609754 -12.734055 14.621866 -9.043774 0.000001 -0.000007 0.000000 0.000000 -0.000000 8.207794 -6.751684 -1.599559 -19.322924 -18.348122 18.599850 57.419508 -9.628531 -8.557491 -24.527585 -3.264179 -1.842516 -3.389031 0.000002 -0.000002 -0.000000 0.000002 0.000000 
-1.973479 89.434952 0.954640 -16.118832 34.635739 -2.258666 -0.000008 10.181589 0.131517 17.394386 -0.441913 -19.051103 11.589918 -0.125509 -7.121312 2.183444 0.558258 -3.982208 -0.000003 16.740408 -2.049034 9.514232 -0.903618 1.286877 0.000003 9.617864 1.685006 4.119675 -15.514896 13.714750 0.000006 22.037384 7.501093 -0.000001 -0.000000 -0.000002 -4.569963 11.014900 -2.160882 12.291622 10.960469 -44.136034 -56.463227 17.647513 -6.168381 -10.895389 55.017543 -6.812035 -63.828883 -1.720048 25.484501 -2.464807 -1.573958 2.681848 -7.389186 -3.627079 -4.288919 7.841079 -28.543876 -8.846656 -1.742307 -24.338382 -20.533509 0.000004 -0.000009 0.000006 -9.108294 -0.517849 2.259838 2.022184 -6.425095 20.217145 1.993198 -0.662520 9.795824 1.396452 -0.814832 11.960384 0.000000 -0.000001 -0.000001 -9.532514 -0.000041 -0.000021 2.489627 -4.114261 21.926019 -4.223168 -1.828123 7.515967 0.738768 -1.331116 16.636649 0.000000 -0.000001 0.000002 -9.103594 -0.043059 -1.865128 -0.972871 -6.373147 17.140300 -7.321843 -2.230731 17.712007 -5.317816 -1.898368 15.000047 -0.000002 0.000001 -0.000005 -8.076688 -0.486697 -3.806278 -10.261273 -11.040222 20.752666 3.996602 3.589541 12.343704 -10.317886 -7.891286 14.318326 -0.000002 -0.000000 0.000002 4.570446 11.014728 -2.160853 2.601869 -28.783554 -7.103146 -71.543062 18.228144 -4.392531 -10.517989 -48.576100 0.911081 -72.579509 -3.072136 -28.388648 2.466135 -1.576204 2.681734 5.077633 -0.326134 12.013259 13.687942 26.943057 8.589481 2.210344 15.285646 20.938785 0.000007 0.000006 0.000002 9.109303 -0.518049 2.259866 0.081655 7.047218 -9.109990 2.007004 1.082067 -12.681184 0.961737 1.070211 -11.491840 0.000002 -0.000004 0.000001 9.533405 0.000030 0.000042 1.222288 3.339644 -10.136827 -1.046105 1.079605 -8.912059 0.296806 1.180338 -11.414645 0.000000 -0.000005 -0.000002 9.104529 -0.043024 -1.865076 -1.588890 4.108820 -9.632329 -4.581546 2.671212 -19.677568 -2.766865 1.724747 -13.038067 -0.000000 0.000000 0.000003 8.077800 -0.486876 -3.806265 -6.643626 5.262567 -9.847979 0.267963 0.669296 -13.161736 -4.354205 3.488872 -16.947427 -0.000000 -0.000000 0.000002 -8.207785 -6.751672 -1.599559 -8.748606 -24.800844 -4.724370 56.815426 -9.599968 -6.074053 -25.059617 -12.549191 14.843289 -10.719896 0.000007 -0.000002 0.000000 0.000001 0.000000 8.207788 -6.751702 -1.599554 -20.473069 -19.875830 18.371809 62.463139 -9.651678 -9.014348 -27.095929 -3.208600 -1.676209 -3.353979 0.000002 0.000001 0.000000 0.000000 -0.000000 
-1.786752 87.532875 0.589373 -17.148486 34.089529 -2.153900 -0.000006 10.181584 0.131520 18.460630 -0.386352 -19.768847 12.006212 0.011811 -7.121406 2.497564 0.703890 -3.819921 -0.000009 16.740402 -2.049037 9.462331 -0.875965 0.961718 -0.000002 9.617909 1.685008 2.357604 -15.764736 14.147306 0.000006 22.037354 7.501092 -0.000002 -0.000001 -0.000000 -4.569973 11.014909 -2.160886 11.939240 12.138150 -45.318804 -55.607241 18.004657 -5.995668 -11.223638 54.804219 -6.650925 -63.331153 -2.112874 25.688154 -2.464806 -1.573994 2.681843 -5.150287 -2.388133 -5.577605 9.013710 -28.601902 -8.886418 -0.765437 -23.756974 -20.796949 -0.000001 -0.000001 0.000002 -9.108280 -0.517896 2.259836 1.652461 -6.537028 17.939640 1.989120 -0.684987 10.362287 1.307280 -0.822341 11.874795 -0.000000 0.000000 -0.000003 -9.532515 -0.000075 -0.000021 2.212397 -3.950805 19.493387 -3.604205 -1.639004 7.799719 0.645742 -1.268504 15.625265 0.000001 -0.000002 -0.000002 -9.103592 -0.043082 -1.865132 -1.153223 -5.870785 15.544170 -6.800717 -2.257325 18.101939 -4.827647 -1.800971 14.627000 0.000003 -0.000001 0.000002 -8.076688 -0.486724 -3.806280 -9.743021 -9.651033 18.554499 3.238207 2.833930 12.545850 -9.150953 -7.020608 14.905686 -0.000001 0.000001 -0.000009 4.570445 11.014723 -2.160854 2.578191 -29.843173 -3.315542 -73.573548 21.914664 -4.706115 -11.060396 -49.105939 -0.396958 -72.564237 -1.893931 -31.207879 2.466141 -1.576198 2.681735 5.080780 -0.327464 12.015329 13.689959 26.943915 8.587089 2.211725 15.284908 20.939190 -0.000000 0.000005 0.000000 9.109298 -0.518052 2.259872 0.081147 7.047968 -9.109288 2.007051 1.082335 -12.683903 0.961701 1.070562 -11.495163 -0.000002 -0.000002 -0.000000 9.533403 0.000044 0.000046 1.222042 3.339466 -10.136007 -1.045274 1.079464 -8.913810 0.296751 1.180558 -11.416701 -0.000000 -0.000001 0.000000 9.104529 -0.043032 -1.865075 -1.588960 4.108303 -9.632657 -4.580770 2.671512 -19.681149 -2.766160 1.725013 -13.041023 0.000001 0.000006 0.000002 8.077786 -0.486874 -3.806259 -6.642458 5.261264 -9.847321 0.267016 0.670543 -13.163917 -4.352634 3.487934 -16.951479 0.000000 -0.000001 -0.000006 -8.207786 -6.751673 -1.599556 -10.801595 -24.578581 -6.283814 61.881972 -9.481171 -5.789376 -26.145197 -11.927245 15.060917 -12.040780 0.000004 -0.000006 -0.000001 0.000000 -0.000001 8.207788 -6.751682 -1.599551 -21.556217 -20.806609 18.303681 66.762927 -9.741596 -9.271331 -29.157726 -3.171201 -1.750218 -3.269902 0.000000 -0.000004 -0.000000 -0.000002 -0.000000 
-1.741664 86.039635 0.258196 -17.938501 33.446163 -2.081620 -0.000005 10.181591 0.131521 19.199737 -0.550227 -20.148740 12.126084 0.090616 -6.985947 2.686736 0.772475 -3.617740 -0.000001 16.740395 -2.049040 9.424188 -0.825198 0.641889 0.000000 9.617893 1.685010 0.706183 -15.724031 14.552099 -0.000002 22.037369 7.501094 -0.000001 -0.000000 0.000001 -4.569963 11.014917 -2.160891 11.388716 12.553249 -45.343922 -54.737177 18.109668 -5.419671 -13.459656 54.806510 -4.892762 -62.155070 -1.602129 25.573944 -2.464814 -1.573948 2.681848 -2.999625 -1.263150 -6.852619 10.133115 -28.657835 -8.915795 0.164103 -23.212133 -21.056698 0.000002 -0.000002 0.000002 -9.108290 -0.517865 2.259837 1.289064 -6.621690 15.771260 1.985401 -0.706389 10.899575 1.222405 -0.829084 11.791242 0.000000 0.000000 0.000002 -9.532525 -0.000055 -0.000022 1.958331 -3.776778 17.181134 -3.017627 -1.453681 8.065548 0.558212 -1.206143 14.661792 -0.000000 -0.000000 0.000006 -9.103602 -0.043054 -1.865130 -1.302453 -5.386933 14.028250 -6.305413 -2.276058 18.472482 -4.360887 -1.714249 14.269717 -0.000001 0.000001 0.000002 -8.076694 -0.486694 -3.806280 -9.173279 -8.381064 16.444287 2.522078 2.111385 12.719017 -8.056988 -6.173794 15.431907 -0.000003 0.000001 0.000001 4.570447 11.014723 -2.160860 2.513585 -30.544637 -1.061670 -76.708652 21.973837 -3.549389 -11.992925 -49.675556 -1.990602 -72.523235 -2.016627 -33.439640 2.466133 -1.576216 2.681732 5.065232 -0.320934 12.005003 13.682281 26.944157 8.585260 2.204844 15.288660 20.937253 -0.000004 0.000000 0.000000 9.109298 -0.518042 2.259869 0.084041 7.048809 -9.126263 2.007098 1.082201 -12.681323 0.962352 1.070761 -11.497969 0.000001 0.000002 -0.000000 9.533398 0.000027 0.000042 1.223614 3.341658 -10.153927 -1.049378 1.080963 -8.912852 0.297421 1.181431 -11.425753 -0.000000 0.000005 -0.000002 9.104535 -0.043027 -1.865077 -1.588396 4.112245 -9.644866 -4.584274 2.671690 -19.680413 -2.769456 1.725732 -13.045756 0.000002 0.000001 -0.000002 8.077795 -0.486862 -3.806261 -6.648159 5.269199 -9.864385 0.272031 0.665431 -13.164505 -4.360047 3.494572 -16.950684 -0.000000 -0.000001 0.000000 -8.207788 -6.751668 -1.599563 -12.407075 -24.228564 -7.581539 65.699398 -9.357042 -5.441778 -26.895328 -11.009695 15.251843 -13.051613 0.000006 -0.000004 0.000000 0.000000 0.000001 8.207793 -6.751711 -1.599560 -22.405765 -21.206658 18.316749 70.005006 -9.740396 -9.323157 -30.632698 -3.002497 -1.888103 -3.202459 0.000013 -0.000005 -0.000000 0.000001 -0.000000 
-1.801745 85.213226 0.013837 -18.388481 32.259649 -2.127270 -0.000007 10.181600 0.131518 19.209222 -0.675129 -20.477370 12.024238 0.132530 -6.844021 2.793098 0.800219 -3.479893 0.000003 16.740398 -2.049027 9.426546 -0.746395 0.493112 0.000015 9.617884 1.685011 -0.259779 -15.469378 15.414888 0.000014 22.037384 7.501092 -0.000001 -0.000000 -0.000001 -4.569969 11.014916 -2.160880 10.938187 12.582236 -44.413770 -53.632264 17.871595 -4.882039 -18.284235 54.996321 -1.078887 -60.049568 -0.645675 24.746826 -2.464807 -1.573987 2.681848 -0.973166 -0.262409 -8.084740 11.181065 -28.709747 -8.937773 1.032185 -22.711042 -21.306982 -0.000002 0.000000 -0.000002 -9.108283 -0.517869 2.259837 0.940558 -6.680290 13.743894 1.982020 -0.726254 11.398129 1.143120 -0.834810 11.708548 -0.000000 -0.000001 0.000005 -9.532501 -0.000058 -0.000021 1.730569 -3.598328 15.022521 -2.472109 -1.275859 8.308896 0.477336 -1.145272 13.758382 0.000000 -0.000002 0.000006 -9.103587 -0.043073 -1.865130 -1.422025 -4.930580 12.613138 -5.843582 -2.287547 18.815346 -3.924879 -1.638272 13.931307 0.000003 -0.000001 -0.000003 -8.076680 -0.486730 -3.806279 -8.576488 -7.244572 14.453604 1.857969 1.434064 12.862214 -7.049611 -5.367647 15.891588 -0.000001 -0.000001 -0.000008 4.570448 11.014724 -2.160850 1.950016 -30.099660 -0.783500 -81.270693 18.192820 -1.902734 -12.143734 -50.354617 -3.687889 -72.479488 -3.399499 -34.176426 2.466135 -1.576201 2.681740 5.060315 -0.318885 12.001720 13.678656 26.941946 8.591498 2.202655 15.289816 20.936640 0.000000 0.000002 -0.000001 9.109317 -0.518045 2.259876 0.084809 7.046735 -9.125012 2.006962 1.081632 -12.675053 0.962343 1.069852 -11.489229 0.000001 0.000003 0.000001 9.533404 0.000031 0.000048 1.223977 3.341649 -10.152768 -1.050735 1.081058 -8.908715 0.297421 1.180736 -11.418977 0.000000 -0.000002 0.000000 9.104525 -0.043041 -1.865069 -1.588314 4.112769 -9.641919 -4.585548 2.670912 -19.671660 -2.770637 1.724985 -13.037629 0.000001 -0.000000 -0.000008 8.077802 -0.486859 -3.806258 -6.650002 5.270999 -9.862945 0.273466 0.663253 -13.159053 -4.362563 3.495671 -16.940802 0.000001 -0.000004 -0.000004 -8.207784 -6.751664 -1.599559 -13.563232 -23.898806 -8.685076 67.870210 -9.327404 -5.039963 -27.092007 -9.998198 15.499542 -13.620423 -0.000002 0.000001 -0.000002 0.000000 0.000000 8.207790 -6.751703 -1.599559 -22.623161 -21.072884 18.366833 71.786149 -9.710012 -9.163997 -31.549095 -2.431401 -1.896665 -3.267619 -0.000002 -0.000003 0.000000 0.000001 -0.000000 
-1.942925 85.248581 -0.114080 -18.479143 30.439766 -2.401672 -0.000011 10.181576 0.131523 18.327677 -0.677597 -20.918508 11.751156 0.136456 -6.761720 2.845628 0.790586 -3.460217 0.000007 16.740385 -2.049030 9.522598 -0.622370 0.547580 0.000011 9.617882 1.685008 -0.112123 -14.973139 16.983129 0.000008 22.037338 7.501095 -0.000000 -0.000000 -0.000000 -4.569963 11.014900 -2.160880 10.820204 12.534551 -42.775849 -52.458810 17.224340 -4.884993 -24.496940 55.037108 3.738787 -57.207619 0.202730 23.332560 -2.464796 -1.573980 2.681849 0.911854 0.616303 -9.255656 12.150859 -28.759000 -8.948401 1.833059 -22.255473 -21.544307 0.000004 -0.000009 0.000007 -9.108287 -0.517896 2.259837 0.612307 -6.717918 11.876890 1.979077 -0.744785 11.859243 1.070081 -0.840105 11.635299 0.000000 0.000001 -0.000001 -9.532503 -0.000046 -0.000022 1.529433 -3.420872 13.037032 -1.970755 -1.108153 8.531915 0.403676 -1.087387 12.928961 -0.000001 0.000001 -0.000005 -9.103587 -0.043087 -1.865130 -1.515194 -4.506786 11.313065 -5.418108 -2.293661 19.135038 -3.522540 -1.573231 13.622129 0.000003 0.000000 -0.000003 -8.076678 -0.486723 -3.806279 -7.972502 -6.242244 12.603741 1.248995 0.807189 12.982636 -6.131688 -4.612594 16.295435 -0.000000 -0.000000 0.000003 4.570450 11.014712 -2.160852 0.666011 -28.024838 -2.383225 -86.934607 11.356877 -2.099703 -10.251462 -51.455913 -5.339485 -72.477446 -4.829231 -34.093460 2.466145 -1.576207 2.681736 5.064169 -0.320487 12.004288 13.678951 26.938814 8.601022 2.204371 15.288894 20.937125 0.000001 -0.000001 0.000007 9.109303 -0.518043 2.259868 0.083867 7.043444 -9.111919 2.006767 1.080941 -12.668431 0.961877 1.068531 -11.475722 0.000000 -0.000001 0.000002 9.533408 0.000028 0.000040 1.223389 3.340202 -10.139213 -1.049787 1.080171 -8.903794 0.296988 1.179231 -11.403929 -0.000000 0.000001 0.000002 9.104523 -0.043023 -1.865077 -1.588574 4.110877 -9.629765 -4.584908 2.669720 -19.660513 -2.769981 1.723489 -13.023641 -0.000000 -0.000000 -0.000000 8.077786 -0.486862 -3.806262 -6.648638 5.268080 -9.849606 0.272016 0.663788 -13.151383 -4.360964 3.492677 -16.928168 0.000001 -0.000003 0.000008 -8.207788 -6.751676 -1.599563 -14.096483 -23.756399 -9.433845 68.060424 -9.342275 -4.629350 -26.608740 -8.918506 15.752636 -13.630232 0.000006 0.000001 -0.000001 -0.000000 -0.000000 8.207791 -6.751709 -1.599559 -21.968100 -20.402461 18.515495 71.847101 -9.444995 -8.762203 -31.844251 -1.434467 -1.875709 -3.498037 -0.000012 -0.000001 -0.000000 0.000002 -0.000000 
-2.176115 86.168640 -0.114668 -18.259307 28.441043 -3.049791 -0.000007 10.181586 0.131520 16.778877 -0.679148 -21.260721 11.293035 0.094192 -6.697696 2.818052 0.730492 -3.513489 -0.000003 16.740393 -2.049035 9.762129 -0.456661 0.703037 -0.000008 9.617876 1.685011 1.249146 -14.226085 19.012912 0.000005 22.037369 7.501096 0.000001 -0.000000 -0.000001 -4.569975 11.014907 -2.160884 11.212901 12.818458 -40.565692 -51.287846 16.125861 -5.730345 -30.657246 54.504203 8.349274 -54.001395 0.830414 21.693635 -2.464813 -1.573977 2.681849 2.570444 1.347636 -10.304284 13.002006 -28.806364 -8.939882 2.532670 -21.862949 -21.756434 0.000007 -0.000007 0.000001 -9.108279 -0.517899 2.259837 0.321148 -6.740881 10.259076 1.976788 -0.761804 12.271066 1.006676 -0.845861 11.588126 0.000002 0.000001 0.000003 -9.532497 -0.000044 -0.000024 1.361500 -3.256957 11.317878 -1.534361 -0.959333 8.731284 0.340359 -1.036657 12.222116 -0.000000 0.000000 -0.000002 -9.103598 -0.043087 -1.865130 -1.582994 -4.135729 10.191934 -5.046854 -2.296574 19.429633 -3.170965 -1.521604 13.368901 0.000001 -0.000000 -0.000002 -8.076681 -0.486722 -3.806277 -7.404690 -5.406034 10.987058 0.719929 0.257646 13.087142 -5.338447 -3.946107 16.646732 0.000001 -0.000003 0.000002 4.570446 11.014714 -2.160854 -0.659222 -24.690063 -4.622518 -93.377599 3.537102 -5.739376 -5.840608 -52.995783 -6.380607 -72.563889 -5.502200 -33.777597 2.466134 -1.576215 2.681736 5.066736 -0.321573 12.005976 13.682437 26.943006 8.588770 2.205493 15.288289 20.937438 0.000002 -0.000001 -0.000003 9.109308 -0.518024 2.259873 0.083697 7.047584 -9.121388 2.007013 1.081958 -12.678906 0.962187 1.070265 -11.492995 0.000000 0.000001 -0.000004 9.533405 0.000031 0.000045 1.223399 3.341106 -10.148862 -1.049009 1.080629 -8.911068 0.297258 1.180876 -11.420179 0.000000 -0.000000 -0.000002 9.104536 -0.043036 -1.865073 -1.588493 4.111516 -9.640365 -4.584025 2.671274 -19.676313 -2.769190 1.725179 -13.040594 -0.000000 0.000000 -0.000003 8.077799 -0.486859 -3.806260 -6.647625 5.268095 -9.859389 0.271472 0.665642 -13.161706 -4.359419 3.493447 -16.946032 -0.000001 -0.000001 -0.000001 -8.207788 -6.751671 -1.599559 -13.647645 -24.033132 -9.410612 66.119530 -9.101246 -4.253031 -25.567070 -7.705959 15.823926 -13.072497 0.000007 0.000001 -0.000001 -0.000001 -0.000001 8.207789 -6.751711 -1.599555 -20.565471 -19.301922 18.972008 70.255278 -8.539042 -8.085442 -31.371298 -0.341648 -2.061384 -3.807401 0.000006 0.000002 0.000000 0.000002 -0.000000 
-2.499914 87.784279 -0.004395 -17.733936 26.778966 -4.226098 -0.000002 10.181596 0.131522 14.889112 -0.869585 -21.068130 10.608640 0.002020 -6.536328 2.656580 0.607179 -3.519331 -0.000011 16.740372 -2.049033 10.149363 -0.277651 0.777995 -0.000003 9.617884 1.685009 3.312945 -13.289937 20.820213 0.000001 22.037354 7.501099 0.000001 -0.000000 0.000000 -4.569988 11.014902 -2.160883 12.297593 13.852282 -38.241444 -50.330701 14.580820 -7.452121 -36.692036 53.028933 12.612857 -50.738774 1.632328 20.047133 -2.464805 -1.573988 2.681849 3.780577 1.856415 -11.079553 13.621315 -28.842185 -8.925494 3.040226 -21.581397 -21.913110 0.000004 -0.000008 -0.000001 -9.108287 -0.517864 2.259838 0.107493 -6.750985 9.090966 1.975289 -0.774459 12.573283 0.960824 -0.850508 11.560552 0.000001 0.000002 0.000002 -9.532516 -0.000057 -0.000021 1.244317 -3.132916 10.077419 -1.218729 -0.849846 8.877304 0.294974 -0.999536 11.716530 -0.000000 0.000001 -0.000001 -9.103592 -0.043091 -1.865131 -1.624384 -3.866098 9.384785 -4.777843 -2.296872 19.649495 -2.915911 -1.486740 13.191943 0.000001 0.000003 -0.000010 -8.076680 -0.486730 -3.806279 -6.970374 -4.822956 9.811290 0.337882 -0.142036 13.160693 -4.768255 -3.458175 16.897557 -0.000002 -0.000002 0.000002 4.570431 11.014709 -2.160856 -0.540613 -21.027859 -5.129912 -100.204298 -2.720305 -12.214159 0.503869 -54.593432 -5.374207 -72.735361 -5.907113 -32.808424 2.466151 -1.576206 2.681735 5.066087 -0.321293 12.005561 13.688892 26.955927 8.550552 2.205210 15.288431 20.937354 -0.000001 0.000001 0.000009 9.109313 -0.518051 2.259869 0.084699 7.060657 -9.159355 2.007821 1.084993 -12.709349 0.963463 1.075649 -11.547006 -0.000000 0.000000 -0.000000 9.533405 0.000028 0.000044 1.224249 3.345045 -10.187924 -1.048869 1.082889 -8.932579 0.298410 1.186315 -11.474434 0.000000 -0.000000 -0.000001 9.104552 -0.043050 -1.865076 -1.587965 4.115632 -9.679174 -4.583221 2.676048 -19.723950 -2.768611 1.730732 -13.094672 0.000000 0.000001 -0.000001 8.077793 -0.486876 -3.806262 -6.647655 5.272463 -9.898390 0.272533 0.668520 -13.193347 -4.358744 3.499383 -16.999897 0.000000 0.000001 0.000001 -8.207787 -6.751671 -1.599557 -11.995387 -24.915077 -8.175597 62.212286 -9.003117 -3.958600 -24.329236 -6.311419 15.402883 -11.961182 0.000001 -0.000006 -0.000001 0.000001 -0.000000 8.207792 -6.751701 -1.599556 -18.749057 -18.009856 20.035819 67.189718 -7.462290 -7.183517 -29.961455 0.564853 -2.796581 -4.072174 0.000002 -0.000001 -0.000000 -0.000000 -0.000000 
-2.862135 89.764359 0.174536 -16.800327 25.611688 -5.904306 -0.000011 10.181573 0.131518 12.869704 -1.337502 -20.138603 9.706921 -0.137963 -6.201320 2.354274 0.418610 -3.393667 -0.000007 16.740412 -2.049037 10.597634 -0.118224 0.675138 -0.000010 9.617879 1.685003 5.190201 -12.310071 21.845132 0.000003 22.037354 7.501092 -0.000000 0.000000 0.000001 -4.569975 11.014930 -2.160887 14.069030 15.473899 -36.574276 -50.434773 12.781479 -9.826892 -42.677730 50.644248 16.543048 -47.651330 3.155088 18.311527 -2.464810 -1.573986 2.681855 4.355400 2.090767 -11.450659 13.909778 -28.849780 -8.946243 3.280497 -21.449096 -21.988056 0.000001 -0.000009 0.000006 -9.108290 -0.517882 2.259841 0.005192 -6.744272 8.510466 1.974115 -0.778677 12.693504 0.938374 -0.849499 11.507367 0.000000 0.000001 -0.000004 -9.532520 -0.000063 -0.000018 1.189728 -3.070355 9.462320 -1.069774 -0.796205 8.929977 0.272936 -0.978516 11.437226 -0.000000 -0.000003 0.000007 -9.103597 -0.043068 -1.865129 -1.641977 -3.735906 8.974629 -4.651074 -2.293462 19.718141 -2.795579 -1.467530 13.068046 -0.000002 -0.000001 -0.000002 -8.076675 -0.486722 -3.806277 -6.758323 -4.551461 9.223965 0.157163 -0.329611 13.170182 -4.500185 -3.222246 16.973054 -0.000002 0.000000 -0.000006 4.570436 11.014735 -2.160857 1.840316 -17.573894 -2.179449 -106.320958 -6.473185 -19.316128 6.783602 -55.397889 -1.694184 -72.944870 -6.706658 -30.895497 2.466134 -1.576223 2.681736 5.065090 -0.320879 12.004900 13.686870 26.953016 8.559091 2.204791 15.288656 20.937229 0.000003 0.000006 -0.000001 9.109292 -0.518060 2.259873 0.084674 7.057757 -9.151969 2.007647 1.084287 -12.702242 0.963215 1.074445 -11.534945 -0.000000 0.000000 -0.000000 9.533392 0.000016 0.000045 1.224169 3.344314 -10.180360 -1.049202 1.082483 -8.927641 0.298192 1.185145 -11.462766 0.000000 -0.000000 -0.000002 9.104525 -0.043048 -1.865075 -1.588048 4.114989 -9.671246 -4.583648 2.674973 -19.713113 -2.768996 1.729527 -13.082753 -0.000001 -0.000000 0.000001 8.077780 -0.486892 -3.806262 -6.648068 5.272054 -9.890799 0.272653 0.667498 -13.186193 -4.359431 3.498520 -16.987632 0.000000 -0.000000 -0.000005 -8.207789 -6.751680 -1.599563 -9.382353 -26.210267 -5.842246 56.985665 -9.016241 -3.758311 -23.414097 -5.027310 15.075090 -10.304256 -0.000002 -0.000002 -0.000000 0.000001 -0.000000 8.207786 -6.751722 -1.599561 -17.019744 -16.670726 21.592296 63.170535 -6.515487 -6.160344 -27.970005 1.082475 -3.698024 -4.236517 0.000010 0.000001 -0.000000 0.000003 -0.000000 
-3.178877 91.756592 0.370218 -15.395989 24.722339 -7.742594 -0.000014 10.181597 0.131524 10.846918 -1.916979 -18.729702 8.666597 -0.286203 -5.718730 1.971149 0.208684 -3.150475 -0.000006 16.740383 -2.049034 10.963667 -0.004464 0.474294 -0.000007 9.617895 1.685009 6.371569 -11.448406 22.051057 -0.000001 22.037354 7.501095 0.000002 0.000000 0.000001 -4.569963 11.014924 -2.160884 16.164136 16.777084 -35.739395 -52.867413 11.479117 -12.453697 -47.296048 48.167915 19.398921 -45.003263 5.629858 16.392596 -2.464806 -1.573949 2.681852 4.430378 2.120971 -11.499208 13.938643 -28.834528 -8.998883 3.311779 -21.431880 -21.997855 0.000006 -0.000006 -0.000006 -9.108282 -0.517868 2.259839 -0.008948 -6.727316 8.386148 1.973121 -0.776096 12.669360 0.934112 -0.843811 11.430285 0.000001 0.000000 -0.000001 -9.532512 -0.000030 -0.000022 1.181863 -3.058169 9.332322 -1.050682 -0.786938 8.908756 0.268917 -0.970163 11.330708 -0.000000 0.000001 0.000004 -9.103589 -0.043076 -1.865130 -1.644546 -3.714829 8.871351 -4.635381 -2.288025 19.665032 -2.780538 -1.459332 12.981768 0.000001 0.000001 0.000001 -8.076693 -0.486709 -3.806277 -6.730150 -4.512223 9.097495 0.132954 -0.350774 13.130165 -4.465779 -3.185462 16.912575 0.000001 0.000003 -0.000003 4.570433 11.014722 -2.160852 5.572299 -14.062553 3.285720 -110.715693 -9.304651 -25.032771 11.162230 -55.035571 3.300572 -73.104382 -7.770236 -28.519458 2.466122 -1.576198 2.681731 5.065057 -0.320885 12.004866 13.665378 26.912142 8.680015 2.204774 15.288692 20.937229 -0.000004 0.000002 -0.000006 9.109284 -0.518048 2.259871 0.081942 7.016404 -9.033915 2.005117 1.074677 -12.605382 0.959259 1.057407 -11.364113 -0.000000 -0.000000 0.000000 9.533394 0.000030 0.000041 1.221692 3.332103 -10.058943 -1.050192 1.075557 -8.859322 0.294632 1.168002 -11.291970 0.000000 -0.000000 0.000003 9.104523 -0.043029 -1.865077 -1.589644 4.102469 -9.549859 -4.586670 2.659842 -19.561945 -2.771274 1.712033 -12.911925 0.000000 -0.000000 -0.000000 8.077785 -0.486858 -3.806260 -6.648755 5.259258 -9.769442 0.269972 0.657697 -13.085960 -4.362560 3.480601 -16.816698 -0.000001 -0.000001 -0.000003 -8.207791 -6.751659 -1.599558 -6.577456 -27.515646 -3.111040 51.079614 -8.819005 -3.659019 -22.421115 -3.861058 14.891250 -8.180489 -0.000002 0.000001 -0.000000 0.000000 -0.000000 8.207788 -6.751704 -1.599559 -15.813152 -15.332021 23.127246 58.825496 -5.720845 -5.181678 -25.772882 1.343139 -4.534627 -4.310990 0.000009 0.000001 0.000000 0.000001 -0.000000 
-3.375155 93.485756 0.526239 -13.712356 23.718723 -9.247750 -0.000006 10.181585 0.131520 8.877210 -2.330292 -17.265086 7.575470 -0.380452 -5.150841 1.576265 0.046342 -2.838666 -0.000011 16.740391 -2.049032 11.170068 0.056806 0.295571 -0.000011 9.617906 1.685010 7.042784 -10.738102 21.712401 -0.000001 22.037338 7.501096 0.000000 0.000001 0.000002 -4.569972 11.014908 -2.160882 18.118661 17.124029 -35.002168 -58.209256 11.891339 -14.813646 -48.640803 46.669245 20.365843 -43.153323 9.067033 14.543284 -2.464804 -1.573974 2.681852 4.354294 2.090300 -11.449955 13.905691 -28.843209 -8.966219 3.280033 -21.449326 -21.987936 -0.000001 0.000000 0.000000 -9.108295 -0.517848 2.259836 0.005053 -6.737887 8.492037 1.973774 -0.777406 12.677295 0.937894 -0.847284 11.479314 -0.000001 -0.000002 0.000000 -9.532513 -0.000031 -0.000022 1.189501 -3.068886 9.443489 -1.070192 -0.795401 8.918569 0.272509 -0.976311 11.409649 0.000001 0.000001 0.000000 -9.103606 -0.043050 -1.865133 -1.642103 -3.734501 8.955405 -4.651667 -2.291458 19.693075 -2.796072 -1.465267 13.040158 0.000001 -0.000001 0.000002 -8.076682 -0.486697 -3.806277 -6.758652 -4.550259 9.205086 0.157251 -0.327928 13.153612 -4.500923 -3.220298 16.944753 0.000000 0.000001 0.000002 4.570435 11.014709 -2.160852 9.189341 -10.283792 8.736766 -113.251271 -13.375905 -28.479128 13.784239 -54.224308 8.017524 -73.102306 -8.744032 -26.022435 2.466134 -1.576224 2.681735 5.065358 -0.321006 12.005064 13.655138 26.892270 8.738895 2.204894 15.288603 20.937252 -0.000004 0.000000 -0.000004 9.109281 -0.518037 2.259873 0.080601 6.996283 -8.976120 2.003890 1.069993 -12.558283 0.957356 1.049108 -11.280926 0.000000 -0.000000 0.000001 9.533396 0.000035 0.000046 1.220447 3.326143 -9.999471 -1.050569 1.072142 -8.826091 0.292901 1.159630 -11.208667 0.000000 -0.000000 -0.000002 9.104506 -0.043039 -1.865073 -1.590418 4.096305 -9.490521 -4.588066 2.652477 -19.488432 -2.772328 1.703504 -12.828710 0.000001 -0.000000 0.000003 8.077766 -0.486860 -3.806259 -6.648952 5.252872 -9.710013 0.268555 0.653040 -13.037166 -4.363910 3.471731 -16.733526 0.000001 -0.000001 -0.000001 -8.207788 -6.751660 -1.599562 -4.392180 -28.585113 -0.862674 45.407378 -8.467633 -3.699324 -21.345057 -2.825943 14.774389 -5.877770 0.000003 0.000005 -0.000000 0.000000 -0.000000 8.207792 -6.751689 -1.599555 -15.181707 -13.991460 24.110769 54.720856 -4.922023 -4.408495 -23.728393 1.545959 -5.245724 -4.319908 0.000004 0.000004 0.000000 -0.000001 -0.000000 
-3.411754 94.809311 0.588593 -12.119220 22.297007 -10.081375 -0.000004 10.181584 0.131525 6.938069 -2.529943 -15.946350 6.490619 -0.414587 -4.518987 1.211496 -0.059251 -2.472680 -0.000001 16.740381 -2.049036 11.245847 0.085381 0.169338 -0.000002 9.617868 1.685013 7.657923 -9.950963 20.930070 -0.000009 22.037384 7.501093 -0.000001 0.000001 0.000004 -4.569952 11.014921 -2.160883 19.909976 16.856722 -33.746315 -65.462924 14.657349 -16.106660 -46.000433 46.420978 19.264680 -42.349417 13.345010 13.248912 -2.464803 -1.573950 2.681851 4.330064 2.080520 -11.434279 13.923928 -28.899449 -8.791880 3.269915 -21.454908 -21.984753 0.000009 -0.000009 0.000003 -9.108287 -0.517873 2.259840 0.012364 -6.793581 8.685528 1.976783 -0.788104 12.810276 0.943504 -0.866568 11.725031 0.000000 0.000001 -0.000001 -9.532506 -0.000024 -0.000016 1.194756 -3.085348 9.642482 -1.075447 -0.805545 9.013719 0.277546 -0.996619 11.664857 -0.000001 0.000001 0.000000 -9.103588 -0.043067 -1.865127 -1.639922 -3.754289 9.145691 -4.654167 -2.308919 19.905521 -2.798918 -1.486010 13.288823 -0.000000 0.000001 -0.000002 -8.076676 -0.486686 -3.806278 -6.768356 -4.576472 9.402747 0.167125 -0.331250 13.296079 -4.510410 -3.251348 17.185086 0.000000 0.000003 -0.000005 4.570445 11.014712 -2.160858 12.310324 -6.419584 12.822491 -114.068742 -19.191085 -29.427843 15.542461 -53.803398 11.908053 -72.858215 -9.795628 -23.148134 2.466110 -1.576200 2.681740 5.065472 -0.321025 12.005135 13.712694 27.001749 8.415145 2.204974 15.288578 20.937289 -0.000006 -0.000001 0.000004 9.109273 -0.518040 2.259876 0.088060 7.106971 -9.292168 2.010698 1.095724 -12.817624 0.967973 1.094698 -11.738276 0.000000 -0.000002 -0.000001 9.533397 0.000028 0.000047 1.227153 3.358775 -10.324582 -1.047939 1.090703 -9.008938 0.302476 1.205528 -11.665948 0.000000 0.000000 0.000008 9.104520 -0.043046 -1.865073 -1.586133 4.129802 -9.815544 -4.579981 2.692984 -19.893015 -2.766146 1.750344 -13.286022 0.000000 0.000000 -0.000005 8.077785 -0.486871 -3.806258 -6.647130 5.287131 -10.034916 0.275773 0.679253 -13.305495 -4.355544 3.519736 -17.191180 0.000000 -0.000001 -0.000003 -8.207788 -6.751677 -1.599559 -3.572811 -29.466792 0.165705 41.053453 -8.019488 -3.956452 -19.903870 -1.912196 14.716257 -3.967516 0.000006 -0.000003 -0.000001 0.000001 -0.000000 8.207791 -6.751708 -1.599555 -14.882333 -12.669870 24.314374 51.306602 -3.913741 -3.921482 -22.062647 1.750290 -5.822627 -4.290670 0.000005 -0.000002 -0.000000 0.000001 -0.000000 
-3.296505 95.673553 0.522092 -10.909567 20.436862 -10.172062 0.000001 10.181577 0.131516 5.088451 -2.678830 -14.705324 5.466455 -0.439998 -3.820107 0.917994 -0.158015 -2.047245 0.000002 16.740385 -2.049031 11.234780 0.102303 0.092801 0.000011 9.617881 1.685007 8.432324 -8.739642 19.425092 -0.000010 22.037354 7.501098 0.000001 0.000001 0.000004 -4.569969 11.014900 -2.160879 22.095672 16.715708 -32.382784 -72.303563 18.778704 -15.947424 -40.845409 46.849326 17.050481 -42.414167 17.843173 12.660543 -2.464805 -1.573970 2.681844 4.350952 2.088979 -11.447778 13.918335 -28.869830 -8.884365 3.278614 -21.450093 -21.987465 0.000004 -0.000003 0.000004 -9.108293 -0.517857 2.259830 0.007024 -6.764042 8.575161 1.975173 -0.782505 12.741751 0.940210 -0.856378 11.594446 -0.000000 -0.000001 0.000000 -9.532504 -0.000049 -0.000027 1.191191 -3.075767 9.528733 -1.070552 -0.799442 8.964303 0.274561 -0.985598 11.526074 0.000000 -0.000001 0.000002 -9.103597 -0.043057 -1.865140 -1.641327 -3.742019 9.039436 -4.651033 -2.299657 19.794330 -2.795713 -1.474775 13.155691 -0.000001 0.000000 -0.000002 -8.076683 -0.486714 -3.806278 -6.760221 -4.558843 9.290113 0.159374 -0.332172 13.221015 -4.501623 -3.231586 17.059157 -0.000000 -0.000000 -0.000006 4.570441 11.014716 -2.160848 15.357423 -2.885679 15.898802 -112.892836 -25.685165 -27.558729 16.149736 -54.100446 14.648603 -72.345849 -11.143976 -19.827756 2.466118 -1.576203 2.681732 5.065469 -0.320985 12.005152 13.772312 27.114552 8.082601 2.204943 15.288593 20.937308 -0.000001 0.000006 0.000002 9.109268 -0.518032 2.259871 0.096880 7.220627 -9.616681 2.017813 1.122085 -13.083725 0.979341 1.141383 -12.207640 0.000001 -0.000002 -0.000005 9.533396 0.000033 0.000039 1.234267 3.392240 -10.658357 -1.045212 1.109745 -9.196527 0.312714 1.252554 -12.135324 -0.000000 0.000002 -0.000002 9.104516 -0.043018 -1.865077 -1.581578 4.164223 -10.149149 -4.571658 2.734546 -20.308186 -2.759673 1.798426 -13.755354 -0.000000 0.000002 -0.000006 8.077771 -0.486862 -3.806263 -6.645325 5.322421 -10.368454 0.283343 0.706049 -13.580850 -4.346900 3.569172 -17.660822 0.000000 0.000001 -0.000004 -8.207784 -6.751667 -1.599563 -4.341785 -30.426324 -0.191303 38.534971 -7.929249 -4.469370 -18.200912 -1.061434 14.221823 -2.892617 0.000010 -0.000001 0.000000 0.000001 -0.000000 8.207794 -6.751697 -1.599557 -14.709608 -11.429304 23.801184 48.888158 -2.611175 -3.711708 -20.935221 1.916242 -6.280712 -4.252275 -0.000002 -0.000000 0.000000 -0.000000 0.000000 
-3.042760 96.082985 0.307496 -10.156555 18.379023 -9.686007 -0.000001 10.181601 0.131521 3.587113 -2.867357 -13.278251 4.566076 -0.488783 -3.065590 0.744053 -0.278242 -1.569364 -0.000001 16.740398 -2.049031 11.121303 0.105400 0.045456 -0.000010 9.617883 1.685010 9.188058 -7.028211 16.866331 0.000000 22.037338 7.501095 0.000000 0.000000 0.000002 -4.569964 11.014912 -2.160881 25.312056 16.940765 -32.010238 -76.211572 22.456308 -15.573521 -35.783023 47.655422 15.431641 -42.764286 21.856353 12.162411 -2.464802 -1.573963 2.681849 4.363508 2.094078 -11.455896 13.715497 -28.476385 -10.101452 3.283865 -21.447204 -21.989079 0.000003 0.000002 0.000000 -9.108267 -0.517864 2.259848 -0.008894 -6.375462 7.375463 1.955304 -0.705983 11.774921 0.909285 -0.720530 9.883500 0.000003 0.000001 -0.000002 -9.532497 -0.000046 -0.000018 1.170540 -2.977136 8.299572 -1.074196 -0.742958 8.281718 0.247411 -0.848280 9.810212 -0.000000 0.000001 0.000003 -9.103589 -0.043060 -1.865129 -1.651205 -3.638853 7.815290 -4.668141 -2.178372 18.283575 -2.807814 -1.334580 11.443258 -0.000000 0.000001 -0.000001 -8.076677 -0.486706 -3.806275 -6.750876 -4.449382 8.062850 0.140014 -0.257129 12.218039 -4.507615 -3.079531 15.350806 0.000002 0.000002 -0.000003 4.570449 11.014709 -2.160852 18.333278 -0.162238 18.472194 -109.414310 -31.380905 -22.848504 15.074178 -55.205352 15.694938 -71.586229 -12.495327 -16.585926 2.466139 -1.576204 2.681732 5.065346 -0.320989 12.005069 13.544259 26.679351 9.371491 2.204899 15.288613 20.937255 -0.000004 0.000001 0.000006 9.109305 -0.518044 2.259871 0.069024 6.779906 -8.357571 1.991035 1.019534 -12.050847 0.937757 0.959625 -10.386069 0.000000 -0.000001 0.000006 9.533401 0.000023 0.000043 1.207987 3.262114 -9.363064 -1.055599 1.035790 -8.468169 0.275262 1.069600 -10.313838 0.000001 0.000003 0.000001 9.104520 -0.043032 -1.865077 -1.598384 4.030700 -8.854323 -4.603786 2.573255 -18.696654 -2.783793 1.611882 -11.933920 -0.000001 -0.000001 -0.000001 8.077785 -0.486860 -3.806261 -6.652527 5.185915 -9.073927 0.254757 0.601611 -12.512005 -4.379977 3.378048 -15.838078 -0.000000 -0.000000 -0.000006 -8.207784 -6.751669 -1.599562 -6.472210 -31.651937 -1.787523 37.748854 -7.860710 -5.246275 -16.426234 -0.419875 13.817836 -2.293947 0.000002 0.000001 0.000000 -0.000002 -0.000000 8.207794 -6.751686 -1.599554 -14.704434 -10.365075 22.769329 47.670031 -1.018861 -3.728471 -20.367943 2.002096 -6.610780 -4.207228 -0.000005 -0.000001 0.000000 0.000002 0.000000 
-2.661835 96.015320 -0.067887 -9.726270 16.337295 -8.800414 -0.000006 10.181591 0.131521 2.679844 -3.028377 -11.470814 3.821052 -0.546642 -2.288217 0.704817 -0.400159 -1.063473 0.000000 16.740391 -2.049032 10.874627 0.087050 -0.080559 -0.000002 9.617886 1.685009 9.601462 -5.156204 13.394214 0.000000 22.037354 7.501095 0.000000 0.000000 0.000000 -4.569961 11.014915 -2.160880 29.553706 16.944627 -33.108796 -76.446216 24.974208 -16.563371 -32.234887 49.191637 15.137560 -42.882281 25.207346 11.167720 -2.464797 -1.574014 2.681858 4.359548 2.092417 -11.453344 13.256207 -27.584716 -12.920801 3.282232 -21.448133 -21.988628 -0.000000 0.000000 0.000005 -9.108280 -0.517900 2.259838 0.014887 -5.477515 4.616696 1.916264 -0.525937 9.516463 0.857200 -0.400523 5.902861 0.000001 -0.000000 -0.000002 -9.532505 -0.000039 -0.000026 1.135463 -2.749397 5.473296 -1.089419 -0.614305 6.688609 0.201974 -0.527112 5.831152 0.000000 -0.000002 0.000001 -9.103599 -0.043069 -1.865136 -1.667909 -3.406993 4.988330 -4.715951 -1.897541 14.761144 -2.836679 -1.010473 7.462959 0.000000 -0.000001 0.000000 -8.076677 -0.486720 -3.806278 -6.744700 -4.214042 5.238289 0.110844 -0.069773 9.881623 -4.535506 -2.746201 11.368261 0.000000 -0.000000 0.000003 4.570453 11.014701 -2.160847 20.508025 1.584218 19.912790 -104.702627 -35.291734 -17.022196 13.269417 -57.221132 14.933696 -70.605257 -13.663384 -13.811922 2.466133 -1.576200 2.681735 5.065125 -0.321019 12.004886 12.857775 25.305238 13.569305 2.204760 15.288615 20.937168 -0.000000 0.000001 -0.000003 9.109305 -0.518035 2.259871 0.094825 5.347429 -4.236069 1.920536 0.679684 -8.667116 0.848174 0.355104 -4.419143 0.000003 0.000001 0.000004 9.533395 0.000030 0.000046 1.146382 2.831660 -5.120583 -1.084156 0.792915 -6.081763 0.194829 0.463388 -4.346945 0.000001 -0.000001 -0.000000 9.104512 -0.043013 -1.865074 -1.638237 3.594276 -4.612733 -4.703812 2.045966 -13.417047 -2.841277 1.002076 -5.966527 -0.000001 -0.000000 0.000004 8.077785 -0.486857 -3.806262 -6.678309 4.745618 -4.832047 0.174948 0.254537 -9.010567 -4.476903 2.762236 -9.866572 -0.000001 0.000001 0.000002 -8.207788 -6.751665 -1.599561 -9.833598 -33.080939 -4.371584 38.548744 -7.699499 -6.299477 -15.573757 0.024967 13.115902 -1.304600 -0.000016 0.000004 0.000000 -0.000000 0.000000 8.207789 -6.751698 -1.599553 -15.126683 -9.537742 21.354221 47.816590 0.733790 -3.939190 -20.400793 2.023315 -6.825809 -4.112288 0.000009 0.000001 -0.000000 0.000001 -0.000000 
-2.188186 95.419777 -0.577995 -9.380099 14.308050 -7.575192 -0.000003 10.181577 0.131521 2.298086 -3.067655 -9.393133 3.202355 -0.587212 -1.545980 0.755009 -0.492626 -0.579234 0.000006 16.740372 -2.049032 10.542470 0.061237 -0.377528 -0.000005 9.617879 1.685007 9.592873 -3.504437 9.617270 0.000003 22.037338 7.501091 -0.000003 0.000000 0.000001 -4.569961 11.014907 -2.160880 33.738351 16.125158 -34.606202 -75.136480 26.950065 -18.519037 -30.028107 51.603152 15.670804 -42.797262 27.614475 10.105038 -2.464812 -1.573977 2.681847 4.354582 2.090263 -11.450169 12.675208 -26.398884 -16.840776 3.280214 -21.449326 -21.988054 0.000001 0.000001 0.000002 -9.108280 -0.517882 2.259834 0.175235 -4.244175 0.754923 1.878464 -0.270925 6.355496 0.828649 0.052857 0.331483 0.000002 0.000001 -0.000003 -9.532509 -0.000059 -0.000028 1.109697 -2.428030 1.517746 -1.106031 -0.433719 4.458649 0.177468 -0.073975 0.261712 0.000000 0.000001 -0.000003 -9.103596 -0.043076 -1.865139 -1.679071 -3.084777 1.031394 -4.784572 -1.506018 9.830650 -2.862518 -0.559187 1.891699 0.000000 -0.000001 -0.000001 -8.076680 -0.486698 -3.806287 -6.744125 -3.892452 1.283264 0.082965 0.195707 6.611314 -4.572507 -2.293668 5.793724 -0.000002 -0.000001 -0.000001 4.570438 11.014723 -2.160853 21.609352 2.323470 19.339841 -100.649046 -37.676502 -12.294604 12.291744 -60.191677 13.223143 -69.361275 -14.862210 -11.204942 2.466133 -1.576184 2.681733 5.065166 -0.321024 12.004916 12.043522 23.562464 19.269045 2.204790 15.288610 20.937206 -0.000005 -0.000003 -0.000006 9.109286 -0.518022 2.259869 0.414952 3.440755 1.410210 1.867404 0.207432 -4.033390 0.843248 -0.482843 3.751986 -0.000001 0.000002 0.000003 9.533388 0.000050 0.000044 1.123693 2.236674 0.687221 -1.110032 0.459121 -2.812828 0.190860 -0.373524 3.824263 -0.000001 -0.000001 0.000001 9.104506 -0.043018 -1.865075 -1.655661 3.000695 1.195262 -4.829190 1.322102 -6.186931 -2.868194 0.170474 2.205597 -0.000001 0.000000 0.000002 8.077780 -0.486861 -3.806260 -6.721260 4.155693 0.978774 0.100690 -0.231440 -4.215449 -4.587105 1.940029 -1.689751 0.000001 -0.000001 -0.000002 -8.207786 -6.751674 -1.599560 -14.420391 -34.210546 -7.849241 40.724381 -7.545647 -7.450302 -16.107656 0.242265 12.266531 0.422017 0.000008 -0.000000 -0.000000 0.000003 -0.000000 8.207791 -6.751703 -1.599555 -16.234055 -8.909732 19.596943 49.367788 2.449371 -4.342355 -21.134881 2.032174 -6.994032 -3.934719 -0.000000 0.000001 0.000000 0.000002 -0.000000 
-1.686870 94.331154 -1.131077 -8.956606 12.229898 -6.049212 -0.000005 10.181576 0.131520 2.156283 -2.976337 -7.389500 2.656242 -0.601432 -0.911433 0.825998 -0.544785 -0.183315 -0.000002 16.740376 -2.049032 10.242420 0.053734 -0.739489 -0.000003 9.617885 1.685008 9.419563 -2.066592 6.111368 0.000000 22.037369 7.501094 0.000001 0.000000 0.000000 -4.569957 11.014903 -2.160879 36.296189 14.834689 -34.705766 -75.147886 29.380472 -19.543439 -28.759215 54.535038 16.764213 -42.814054 28.667550 9.604066 -2.464805 -1.573971 2.681858 4.354431 2.090317 -11.450043 12.156066 -25.291224 -20.736497 3.280113 -21.449321 -21.987984 0.000003 -0.000003 0.000005 -9.108291 -0.517875 2.259838 0.479408 -3.051273 -3.114668 1.860411 -0.013839 3.196994 0.852059 0.507297 -5.238973 0.000001 -0.000001 0.000000 -9.532491 -0.000046 -0.000011 1.110833 -2.105167 -2.440485 -1.115878 -0.252662 2.230770 0.198611 0.379294 -5.308747 -0.000001 0.000002 -0.000001 -9.103582 -0.043071 -1.865126 -1.676511 -2.764807 -2.926874 -4.854455 -1.113957 4.903106 -2.870919 -0.110160 -3.679230 0.000001 0.000001 -0.000005 -8.076674 -0.486717 -3.806266 -6.751990 -3.576095 -2.675695 0.068812 0.462713 3.342940 -4.607240 -1.852866 0.221347 -0.000001 0.000002 0.000000 4.570439 11.014699 -2.160853 22.591990 2.039212 17.194393 -97.592359 -39.488254 -8.707707 12.933451 -63.718200 12.494141 -67.791588 -16.117163 -8.350773 2.466126 -1.576200 2.681738 5.065869 -0.320913 12.005494 11.518516 22.398938 23.405515 2.205254 15.288583 20.937521 0.000001 0.000002 -0.000001 9.109287 -0.518034 2.259876 0.849432 2.112446 5.545340 1.860652 -0.139797 -0.648736 0.925988 -1.090788 9.720896 -0.000002 -0.000002 0.000001 9.533401 0.000012 0.000050 1.152407 1.802415 4.928455 -1.119296 0.214682 -0.423843 0.265564 -0.980270 9.793333 0.000000 -0.000000 -0.000002 9.104529 -0.043048 -1.865070 -1.641854 2.571330 5.437495 -4.912819 0.787771 -0.906468 -2.851037 -0.434363 8.174113 -0.000002 -0.000001 0.000002 8.077784 -0.486885 -3.806255 -6.759568 3.729987 5.224011 0.072696 -0.592488 -0.712447 -4.655510 1.349656 4.280776 0.000000 -0.000001 -0.000003 -8.207787 -6.751682 -1.599561 -20.369246 -34.271120 -12.132807 44.539329 -7.440508 -8.538840 -17.015027 0.323835 11.765663 2.346683 -0.000015 -0.000105 -0.000000 -0.000000 -0.000000 8.207790 -6.751699 -1.599560 -18.031718 -8.363171 17.613610 52.089598 3.882034 -4.929243 -22.441671 2.063938 -7.185554 -3.726891 0.000000 0.000002 0.000000 0.000000 0.000000 
-1.238776 92.891724 -1.615361 -8.537400 10.225883 -4.365509 -0.000004 10.181589 0.131519 2.163827 -2.824971 -5.727218 2.158992 -0.599310 -0.433206 0.881247 -0.568286 0.079977 -0.000001 16.740421 -2.049035 10.066438 0.066098 -0.945351 -0.000002 9.617891 1.685007 9.349677 -0.744052 3.194958 0.000003 22.037369 7.501095 -0.000003 0.000000 -0.000000 -4.569963 11.014904 -2.160885 36.727457 13.945990 -32.580248 -77.357623 32.457735 -18.527317 -28.091603 57.550382 18.346551 -42.926462 28.908308 9.422900 -2.464815 -1.573955 2.681850 4.355214 2.091165 -11.450425 11.814694 -24.550345 -23.508160 3.280226 -21.448947 -21.987752 -0.000000 0.000001 0.000002 -9.108283 -0.517865 2.259839 0.782278 -2.231643 -5.883551 1.859624 0.170295 0.942611 0.900570 0.829285 -9.217316 -0.000002 0.000001 0.000001 -9.532507 -0.000041 -0.000016 1.128173 -1.875128 -5.266992 -1.119129 -0.123399 0.641806 0.241583 0.700506 -9.287565 -0.000000 0.000001 0.000005 -9.103589 -0.043084 -1.865131 -1.666568 -2.538372 -5.752864 -4.905422 -0.832081 1.386195 -2.866727 0.209602 -7.657708 -0.000001 -0.000002 0.000006 -8.076691 -0.486702 -3.806277 -6.763895 -3.352819 -5.502947 0.067744 0.654238 1.010532 -4.632589 -1.543615 -3.757415 -0.000000 -0.000000 0.000000 4.570444 11.014722 -2.160854 24.271958 1.072459 14.843131 -94.671162 -41.521403 -5.668295 14.635355 -66.570541 14.109064 -65.956671 -17.265736 -5.528810 2.466151 -1.576213 2.681736 5.066309 -0.320855 12.005842 11.367070 22.062870 24.664873 2.205565 15.288566 20.937718 -0.000002 0.000001 0.000002 9.109326 -0.518048 2.259869 1.014630 1.720847 6.810931 1.863937 -0.204123 -0.022299 0.965663 -1.274179 11.543565 0.000000 0.000001 0.000001 9.533436 0.000047 0.000043 1.168796 1.670440 6.223402 -1.120612 0.169550 0.000065 0.301312 -1.163487 11.616071 0.000001 0.000002 -0.000000 9.104544 -0.043034 -1.865075 -1.633230 2.441074 6.732905 -4.937438 0.688142 -0.000059 -2.839701 -0.618632 9.996301 -0.000000 0.000001 0.000005 8.077797 -0.486843 -3.806260 -6.772507 3.600246 6.520388 0.070047 -0.660263 -0.064815 -4.674795 1.170329 6.103194 0.000000 -0.000000 0.000001 -8.207786 -6.751664 -1.599569 -26.348098 -32.919026 -16.293546 49.167981 -7.259233 -9.347192 -18.093671 0.277445 11.918196 2.316912 -0.000017 -0.000168 -0.000000 0.000001 -0.000000 8.207790 -6.751702 -1.599558 -20.195925 -7.769050 15.699560 55.557951 4.970797 -5.638389 -24.001397 2.117848 -7.458668 -3.573930 -0.000002 -0.000004 0.000000 -0.000001 -0.000001 
-0.906112 91.289864 -1.976959 -8.382674 8.568676 -2.807394 -0.000005 10.181585 0.131519 2.522842 -2.724205 -4.337222 1.729263 -0.605726 -0.103669 0.926594 -0.591471 0.223557 0.000001 16.740398 -2.049032 10.010873 0.073466 -0.931230 0.000001 9.617910 1.685005 9.369541 0.259908 1.006917 0.000001 22.037369 7.501095 -0.000001 0.000000 -0.000001 -4.569965 11.014894 -2.160883 36.102642 13.894141 -29.062680 -80.303504 35.444198 -16.373782 -27.266735 60.076486 19.408754 -42.944657 29.398893 9.049891 -2.464797 -1.573972 2.681842 4.355540 2.091317 -11.450623 11.673702 -24.244854 -24.696933 3.280365 -21.448862 -21.987765 -0.000001 -0.000003 0.000004 -9.108278 -0.517874 2.259827 0.933815 -1.889159 -7.075955 1.862433 0.245895 0.017034 0.929565 0.966430 -10.927722 0.000002 -0.000003 -0.000011 -9.532501 -0.000024 -0.000033 1.140001 -1.776638 -6.482159 -1.119844 -0.070180 0.001022 0.267171 0.837447 -10.998090 0.000000 0.000001 -0.000006 -9.103577 -0.043083 -1.865136 -1.660150 -2.441590 -6.968077 -4.927912 -0.715351 -0.001640 -2.862609 0.347053 -9.367890 -0.000002 -0.000002 -0.000001 -8.076669 -0.486701 -3.806279 -6.770887 -3.257119 -6.718796 0.069698 0.733429 0.051921 -4.644391 -1.411738 -5.467713 0.000000 -0.000001 0.000000 4.570441 11.014698 -2.160854 26.227423 0.198248 13.061920 -91.728006 -44.387873 -3.923357 14.469822 -67.363567 15.882444 -63.987439 -18.488774 -3.312447 2.466150 -1.576208 2.681738 5.064486 -0.321125 12.004398 11.405898 22.149615 24.339803 2.204319 15.288658 20.936854 -0.000000 -0.000002 0.000001 9.109325 -0.518027 2.259871 0.970498 1.821560 6.478949 1.862771 -0.204200 -0.022333 0.954690 -1.226668 11.069890 -0.000001 0.000002 0.000002 9.533406 0.000035 0.000049 1.163833 1.704979 5.884119 -1.120105 0.169702 0.000096 0.291420 -1.115976 11.141981 -0.000002 0.000001 0.000000 9.104522 -0.043037 -1.865070 -1.636082 2.475518 6.392957 -4.930289 0.688717 -0.000151 -2.842573 -0.570515 9.522864 -0.000002 0.000001 0.000003 8.077792 -0.486870 -3.806260 -6.769480 3.635195 6.179739 0.070238 -0.659571 -0.064747 -4.669465 1.217111 5.629760 0.000000 0.000001 0.000001 -8.207787 -6.751674 -1.599570 -30.844335 -30.576933 -19.310234 53.838440 -7.408435 -9.780606 -19.552369 0.199930 12.221656 2.088129 -0.000008 -0.000049 -0.000000 -0.000000 -0.000000 8.207790 -6.751699 -1.599562 -22.206750 -7.064079 14.261860 59.276883 5.558127 -6.351626 -25.739594 2.121137 -7.548274 -3.473776 -0.000007 -0.000002 0.000000 0.000001 -0.000000 
-0.695366 89.755180 -2.238913 -8.613523 7.419051 -1.619837 -0.000004 10.181590 0.131521 3.360067 -2.781972 -2.999624 1.407456 -0.651679 0.115635 0.984096 -0.648284 0.294234 0.000003 16.740374 -2.049034 9.981340 0.067228 -0.821560 -0.000001 9.617892 1.685007 9.297957 0.804508 -0.481951 0.000001 22.037369 7.501092 0.000000 0.000000 -0.000000 -4.569961 11.014898 -2.160879 35.730588 14.474930 -25.871700 -82.069962 37.757678 -14.807131 -25.951606 61.197484 18.981558 -42.815519 30.279379 8.443096 -2.464807 -1.573936 2.681850 4.357856 2.090697 -11.452517 11.662633 -24.220285 -24.788210 3.281899 -21.448896 -21.989051 -0.000001 -0.000001 -0.000003 -9.108278 -0.517856 2.259841 0.946042 -1.862824 -7.175238 1.862969 0.245713 0.017031 0.932087 0.977299 -11.063973 0.000001 0.000003 -0.000001 -9.532507 -0.000026 -0.000022 1.141634 -1.768483 -6.582887 -1.120335 -0.069960 0.001095 0.269417 0.848318 -11.134756 -0.000000 -0.000000 -0.000001 -9.103594 -0.043053 -1.865129 -1.658968 -2.433075 -7.069886 -4.930703 -0.714383 -0.001521 -2.862908 0.358438 -9.503823 -0.000001 -0.000003 -0.000002 -8.076684 -0.486711 -3.806277 -6.771063 -3.247831 -6.821145 0.069494 0.734126 0.051972 -4.646259 -1.401018 -5.603796 0.000000 -0.000006 -0.000009 4.570444 11.014718 -2.160851 27.679149 -0.194836 11.841025 -89.405960 -47.918671 -3.649182 10.634063 -66.170142 14.954902 -61.863708 -20.187630 -1.531305 2.466140 -1.576171 2.681729 5.061822 -0.321533 12.002211 11.444054 22.235312 24.022684 2.202460 15.288750 20.935551 -0.000004 0.000004 -0.000001 9.109292 -0.518013 2.259868 0.928433 1.920436 6.152449 1.861604 -0.191206 -0.150480 0.944419 -1.180054 10.606211 -0.000003 0.000002 -0.000000 9.533393 0.000040 0.000041 1.159053 1.739008 5.550508 -1.119549 0.179800 -0.079216 0.282125 -1.069369 10.677728 -0.000001 0.000002 -0.000005 9.104513 -0.043020 -1.865076 -1.638926 2.509632 6.058392 -4.923255 0.710132 -0.130289 -2.844963 -0.523243 9.059559 -0.000001 0.000001 0.000005 8.077792 -0.486851 -3.806265 -6.766750 3.670080 5.844219 0.071118 -0.644811 -0.200672 -4.663990 1.263030 5.166377 -0.000000 0.000000 0.000004 -8.207783 -6.751668 -1.599566 -33.559530 -27.898186 -20.954430 57.894985 -7.952424 -9.958842 -21.008260 0.051117 12.721871 2.052434 -0.000004 -0.000015 0.000000 0.000001 -0.000000 8.207791 -6.751685 -1.599560 -23.685725 -6.277436 13.555924 62.654924 5.477713 -6.954040 -27.368138 2.109868 -7.601656 -3.366129 0.000013 -0.000000 -0.000000 0.000001 0.000000 
-0.573582 88.531929 -2.443886 -9.050212 6.647168 -0.773684 -0.000004 10.181583 0.131518 4.465272 -2.944524 -1.772679 1.222644 -0.726795 0.245303 1.059835 -0.729696 0.322209 0.000001 16.740391 -2.049033 9.902444 0.064765 -0.718610 -0.000001 9.617886 1.685011 8.978349 1.053633 -1.344965 0.000002 22.037354 7.501097 0.000001 0.000000 0.000001 -4.569970 11.014915 -2.160890 35.978694 15.070420 -24.176682 -82.239391 39.278270 -14.456565 -24.846184 60.590232 17.623112 -42.571886 31.019389 7.738945 -2.464803 -1.573959 2.681851 4.359889 2.090235 -11.454144 11.682291 -24.262070 -24.619017 3.283234 -21.448899 -21.990136 0.000004 -0.000004 0.000002 -9.108273 -0.517862 2.259843 0.923595 -1.910929 -7.011669 1.862653 0.244718 0.027232 0.927686 0.958148 -10.824331 -0.000000 0.000001 -0.000003 -9.532491 -0.000045 -0.000016 1.140240 -1.781987 -6.415977 -1.120480 -0.069798 0.001238 0.265548 0.829193 -10.895453 -0.000001 0.000001 -0.000003 -9.103575 -0.043072 -1.865127 -1.659459 -2.445926 -6.903742 -4.928233 -0.714762 -0.001432 -2.864101 0.339533 -9.264031 -0.000002 0.000001 0.000003 -8.076672 -0.486707 -3.806274 -6.769582 -3.259889 -6.655231 0.069212 0.733850 0.058770 -4.645187 -1.419235 -5.364049 -0.000000 -0.000002 0.000004 4.570446 11.014703 -2.160843 28.496780 -0.379613 11.201520 -87.914616 -50.428157 -3.445027 5.731247 -64.715803 12.240283 -59.452255 -22.253579 0.477097 2.466155 -1.576210 2.681737 5.065367 -0.320992 12.005082 11.436838 22.217837 24.081500 2.204877 15.288603 20.937257 0.000002 -0.000002 0.000001 9.109321 -0.518052 2.259867 0.936226 1.901549 6.222092 1.862080 -0.196616 -0.095541 0.946413 -1.189247 10.697652 0.000001 0.000002 0.000003 9.533408 0.000036 0.000044 1.160606 1.731770 5.621211 -1.119972 0.174883 -0.034466 0.283963 -1.078594 10.769968 0.000001 -0.000002 0.000000 9.104515 -0.043049 -1.865069 -1.637652 2.501761 6.130253 -4.925616 0.699996 -0.043747 -2.845167 -0.533032 9.150713 -0.000000 -0.000000 0.000004 8.077789 -0.486849 -3.806262 -6.766594 3.661004 5.917090 0.070362 -0.651679 -0.140503 -4.665762 1.253604 5.257507 0.000000 0.000001 0.000001 -8.207788 -6.751677 -1.599565 -34.839190 -25.381270 -21.555532 60.924843 -8.518738 -9.976922 -22.121036 -0.259357 13.254594 2.031874 -0.000009 -0.000019 -0.000000 -0.000000 -0.000000 8.207792 -6.751701 -1.599559 -24.596806 -5.380589 13.375395 65.207010 5.078576 -7.375284 -28.599264 2.072426 -7.615430 -3.268530 0.000002 -0.000000 -0.000000 0.000000 -0.000000 
-0.489982 87.891418 -2.592152 -9.434820 6.004116 -0.162504 -0.000005 10.181588 0.131519 5.460655 -2.995093 -0.842016 1.162370 -0.770475 0.293626 1.133398 -0.775629 0.318467 0.000001 16.740379 -2.049035 9.812523 0.071851 -0.630715 -0.000000 9.617881 1.685006 8.409581 1.102852 -1.625538 0.000001 22.037354 7.501096 0.000000 -0.000000 0.000000 -4.569963 11.014906 -2.160888 36.465345 15.168848 -23.922852 -81.831622 40.074465 -14.705722 -24.219431 59.370040 16.287860 -42.214459 31.509992 6.898139 -2.464809 -1.573971 2.681842 4.353201 2.091349 -11.448875 11.686684 -24.274233 -24.584364 3.279029 -21.449033 -21.986821 -0.000006 0.000001 0.000002 -9.108276 -0.517874 2.259830 0.918950 -1.921540 -6.957070 1.861927 0.241808 0.068106 0.926573 0.953238 -10.762564 0.000001 0.000003 0.000002 -9.532498 -0.000051 -0.000028 1.138440 -1.786468 -6.361280 -1.119754 -0.073671 0.028081 0.264514 0.824206 -10.832196 -0.000001 -0.000004 -0.000000 -9.103579 -0.043076 -1.865136 -1.661257 -2.451662 -6.846830 -4.925253 -0.722479 0.023037 -2.862813 0.333542 -9.202820 -0.000000 -0.000002 -0.000002 -8.076661 -0.486720 -3.806278 -6.770852 -3.267860 -6.596493 0.070035 0.728632 0.107409 -4.643204 -1.424763 -5.302824 -0.000000 0.000001 -0.000003 4.570445 11.014690 -2.160849 28.934385 -0.534894 11.110723 -87.159621 -50.622149 -2.662131 2.217851 -64.656285 9.444293 -56.825931 -24.025066 2.686950 2.466151 -1.576227 2.681731 5.076249 -0.319315 12.013909 11.421640 22.179834 24.203675 2.212439 15.288158 20.942536 0.000003 0.000005 0.000002 9.109298 -0.518044 2.259866 0.952519 1.861766 6.377278 1.863470 -0.203405 -0.022227 0.950722 -1.208955 10.893912 -0.000004 0.000002 -0.000002 9.533407 0.000027 0.000038 1.164594 1.715664 5.778322 -1.121212 0.168581 0.000194 0.287980 -1.098444 10.968644 -0.000000 0.000001 -0.000001 9.104532 -0.043026 -1.865081 -1.634168 2.483601 6.290907 -4.931705 0.684405 -0.000113 -2.846270 -0.554530 9.345992 0.000000 0.000000 -0.000001 8.077796 -0.486847 -3.806268 -6.765559 3.639106 6.080778 0.068521 -0.661527 -0.064932 -4.670285 1.233007 5.452764 -0.000000 0.000000 -0.000008 -8.207784 -6.751667 -1.599567 -35.133062 -23.326824 -21.451244 62.466151 -9.107353 -9.965488 -22.565649 -0.782545 13.725208 2.080111 -0.000012 -0.000040 -0.000000 0.000001 -0.000000 8.207790 -6.751688 -1.599560 -24.920302 -4.321989 13.404674 66.446525 4.505513 -7.599056 -29.271360 1.905612 -7.221393 -3.263116 -0.000000 -0.000003 -0.000000 0.000002 -0.000000 
-0.406587 88.031219 -2.641582 -9.652825 5.406359 0.265076 -0.000005 10.181591 0.131523 6.059278 -2.860495 -0.218017 1.168222 -0.759388 0.288967 1.175857 -0.763770 0.299298 0.000001 16.740385 -2.049033 9.799324 0.072100 -0.574608 0.000000 9.617908 1.685009 7.875814 0.854692 -1.576830 0.000002 22.037323 7.501098 0.000001 0.000000 0.000000 -4.569970 11.014917 -2.160885 36.872957 14.830446 -24.506123 -81.842489 40.365240 -14.924365 -23.530622 58.918598 15.272076 -41.682056 32.056762 5.740070 -2.464810 -1.573991 2.681842 4.341297 2.093328 -11.439440 11.681684 -24.268181 -24.631486 3.271544 -21.449278 -21.980956 0.000004 -0.000003 -0.000005 -9.108288 -0.517890 2.259830 0.925089 -1.909275 -6.969753 1.860959 0.243926 0.051865 0.927446 0.957001 -10.809466 0.000001 0.000001 -0.000001 -9.532512 -0.000061 -0.000025 1.136466 -1.785355 -6.375803 -1.118559 -0.075436 0.036249 0.265169 0.827883 -10.876719 -0.000001 -0.000004 -0.000009 -9.103603 -0.043103 -1.865139 -1.663788 -2.452918 -6.857517 -4.922185 -0.724773 -0.000432 -2.860120 0.335508 -9.250672 -0.000000 -0.000001 -0.000003 -8.076690 -0.486716 -3.806281 -6.773759 -3.272930 -6.604834 0.071734 0.727037 0.101405 -4.640813 -1.422533 -5.350704 -0.000000 -0.000002 0.000002 4.570443 11.014697 -2.160848 29.030763 -0.544229 11.126676 -87.461904 -49.414192 -2.220123 0.210076 -65.991847 7.208599 -54.285671 -25.148893 4.397955 2.466138 -1.576223 2.681736 5.073777 -0.319706 12.011892 11.420865 22.179098 24.211108 2.210747 15.288263 20.941348 0.000003 -0.000002 0.000000 9.109295 -0.518059 2.259870 0.953467 1.859892 6.377374 1.863268 -0.203580 -0.022250 0.950861 -1.209600 10.900263 -0.000002 -0.000000 -0.000001 9.533399 0.000023 0.000046 1.164160 1.715645 5.778802 -1.120963 0.168806 0.000036 0.288064 -1.099068 10.974430 0.000001 -0.000000 -0.000003 9.104539 -0.043030 -1.865077 -1.634710 2.484093 6.290601 -4.931011 0.685297 -0.000085 -2.845687 -0.554796 9.352537 -0.000000 0.000002 0.000002 8.077782 -0.486870 -3.806260 -6.766154 3.640456 6.079807 0.068871 -0.661092 -0.064878 -4.669799 1.232674 5.459322 -0.000000 0.000001 0.000003 -8.207787 -6.751666 -1.599560 -34.513202 -21.857121 -20.828918 62.201945 -9.488699 -9.957595 -22.210288 -1.434397 14.027092 2.143390 -0.000021 -0.000073 0.000000 0.000002 -0.000000 8.207789 -6.751690 -1.599554 -24.532906 -3.083063 13.460792 66.004271 4.054004 -7.659826 -29.200090 1.665571 -6.589185 -3.372652 -0.000003 -0.000002 -0.000000 0.000000 0.000000 
-0.307415 88.973190 -2.554610 -9.669687 4.869327 0.563952 -0.000005 10.181584 0.131518 6.130930 -2.691508 0.221556 1.160889 -0.733573 0.273782 1.163095 -0.735999 0.285531 0.000001 16.740412 -2.049037 9.892019 0.057168 -0.598417 0.000000 9.617866 1.685010 7.736374 0.324248 -1.638270 0.000002 22.037338 7.501091 -0.000003 0.000000 0.000000 -4.569967 11.014913 -2.160886 37.323104 14.449484 -25.614652 -82.310371 40.420155 -15.158384 -22.494958 59.450820 14.449345 -40.884245 32.904945 4.072355 -2.464808 -1.573968 2.681836 4.353110 2.091415 -11.448773 11.678099 -24.255600 -24.658054 3.278939 -21.449026 -21.986739 0.000001 0.000000 0.000004 -9.108278 -0.517866 2.259833 0.928706 -1.900422 -7.031463 1.862155 0.245997 0.017033 0.928478 0.961695 -10.868469 0.000001 0.000001 -0.000005 -9.532504 -0.000039 -0.000026 1.139242 -1.780278 -6.437043 -1.119774 -0.070375 0.001205 0.266202 0.832706 -10.938640 -0.000000 -0.000002 -0.000003 -9.103583 -0.043070 -1.865136 -1.660814 -2.445534 -6.922608 -4.926808 -0.715883 -0.001628 -2.862483 0.342018 -9.308737 -0.000000 -0.000002 0.000002 -8.076671 -0.486705 -3.806275 -6.771193 -3.261428 -6.673751 0.070105 0.733187 0.051923 -4.643866 -1.416614 -5.408742 -0.000000 -0.000001 0.000001 4.570446 11.014738 -2.160849 28.659265 -0.364240 10.723084 -88.686755 -48.401879 -2.918077 -1.444428 -67.529445 5.244194 -51.988145 -26.003198 5.325070 2.466138 -1.576200 2.681730 5.039585 -0.324935 11.984176 11.428518 22.209675 24.161016 2.187052 15.289658 20.924787 0.000001 0.000009 -0.000001 9.109298 -0.518034 2.259865 0.946321 1.881214 6.224952 1.859888 -0.200010 -0.079117 0.947971 -1.196239 10.766550 -0.000000 -0.000001 0.000000 9.533402 0.000046 0.000041 1.155978 1.731292 5.628099 -1.117344 0.180607 -0.066485 0.285088 -1.085213 10.833099 -0.000000 0.000004 0.000012 9.104524 -0.043012 -1.865079 -1.643369 2.506665 6.128907 -4.918210 0.707479 -0.024534 -2.839115 -0.536044 9.221727 -0.000000 0.000001 0.000005 8.077784 -0.486858 -3.806266 -6.772891 3.674945 5.908746 0.074190 -0.646350 -0.147716 -4.660650 1.249888 5.328683 0.000000 0.000001 0.000001 -8.207787 -6.751664 -1.599564 -32.982331 -20.920091 -19.836761 60.096205 -9.444291 -9.956499 -21.116705 -2.029554 14.127639 2.132238 -0.000024 -0.000072 0.000000 0.000005 -0.000000 8.207791 -6.751708 -1.599562 -23.410552 -1.670349 13.412782 63.822141 4.082192 -7.599878 -28.290068 1.452959 -6.027089 -3.544805 0.000003 0.000002 -0.000000 -0.000000 -0.000000 
-0.204303 90.550232 -2.339056 -9.423338 4.288588 0.858066 -0.000005 10.181579 0.131519 5.711897 -2.556188 0.452559 1.084704 -0.709794 0.268186 1.080322 -0.710861 0.281234 0.000001 16.740398 -2.049034 10.041088 0.040309 -0.684230 0.000000 9.617878 1.685009 8.010984 -0.307396 -1.941530 0.000002 22.037369 7.501092 -0.000002 0.000000 0.000000 -4.569969 11.014895 -2.160879 38.002582 14.206228 -27.145841 -82.830380 40.430898 -15.616034 -21.305880 60.303091 13.629632 -39.793512 34.070124 1.879136 -2.464802 -1.573970 2.681842 4.398742 2.084113 -11.484795 11.675662 -24.231894 -24.663017 3.307516 -21.448035 -22.009045 0.000003 -0.000000 -0.000003 -9.108279 -0.517867 2.259833 0.929695 -1.894330 -7.169062 1.866372 0.243071 0.016802 0.930001 0.968518 -10.955307 -0.000000 -0.000002 0.000008 -9.532516 -0.000040 -0.000027 1.148793 -1.769114 -6.571138 -1.124439 -0.066227 0.001059 0.267971 0.839952 -11.035000 -0.000002 0.000003 -0.000002 -9.103583 -0.043088 -1.865134 -1.650003 -2.425586 -7.071196 -4.942083 -0.699955 -0.001608 -2.871932 0.355879 -9.391934 0.000001 0.000004 -0.000005 -8.076675 -0.486735 -3.806275 -6.761006 -3.226739 -6.832552 0.063566 0.741183 0.052553 -4.654581 -1.404578 -5.491748 0.000001 -0.000007 0.000003 4.570445 11.014696 -2.160846 27.931616 -0.078463 9.796800 -90.241620 -48.195126 -4.494980 -3.502574 -68.443680 3.186042 -49.809155 -27.155405 5.943480 2.466136 -1.576202 2.681730 5.023832 -0.327336 11.971399 11.431434 22.222386 24.143132 2.176154 15.290312 20.917132 -0.000000 0.000002 -0.000006 9.109294 -0.518044 2.259870 0.943736 1.889440 6.159925 1.858371 -0.196482 -0.123624 0.946810 -1.190835 10.712429 0.000000 0.000002 -0.000001 9.533395 0.000028 0.000043 1.152305 1.737985 5.563985 -1.115682 0.188033 -0.124555 0.283888 -1.079568 10.775464 0.000000 -0.000003 -0.000002 9.104517 -0.043036 -1.865075 -1.647299 2.516561 6.059711 -4.912385 0.720734 -0.097872 -2.836036 -0.528176 9.168940 0.000000 0.000001 0.000009 8.077783 -0.486867 -3.806263 -6.776022 3.690334 5.835233 0.076751 -0.637242 -0.208572 -4.656511 1.257068 5.275980 0.000000 0.000000 0.000002 -8.207785 -6.751663 -1.599562 -30.873739 -20.337694 -18.695713 56.394642 -9.325614 -9.959225 -19.366079 -2.388134 14.121352 2.103800 -0.000008 -0.000052 -0.000000 -0.000000 -0.000000 8.207792 -6.751700 -1.599555 -21.693239 -0.109737 13.108567 60.082476 4.411676 -7.437557 -26.676050 1.256121 -5.409334 -3.715826 0.000001 -0.000000 -0.000000 -0.000000 -0.000000 
-0.117355 92.503624 -2.045449 -8.876324 3.559213 1.254766 -0.000005 10.181585 0.131522 5.004668 -2.341982 0.347039 0.934912 -0.655363 0.260904 0.931574 -0.656286 0.271504 0.000001 16.740379 -2.049035 10.162924 0.036532 -0.723844 0.000000 9.617869 1.685006 8.372039 -0.926920 -2.164719 0.000001 22.037354 7.501095 0.000000 0.000000 0.000000 -4.569964 11.014920 -2.160887 38.746625 13.893454 -28.745176 -83.448417 40.461508 -16.144445 -20.343992 60.936434 12.948033 -38.602382 35.237376 -0.423742 -2.464796 -1.573958 2.681865 4.397370 2.084352 -11.483685 11.676956 -24.235342 -24.652057 3.306643 -21.448020 -22.008360 -0.000001 0.000001 0.000002 -9.108274 -0.517868 2.259844 0.928182 -1.897729 -7.151941 1.866192 0.243159 0.016823 0.929666 0.967036 -10.936761 0.000001 0.000001 0.000001 -9.532497 -0.000053 -0.000010 1.148272 -1.770627 -6.553944 -1.124200 -0.066361 0.001051 0.267636 0.838368 -11.014909 -0.000002 -0.000005 -0.000007 -9.103570 -0.043064 -1.865127 -1.650523 -2.427530 -7.053369 -4.940850 -0.700752 -0.001516 -2.871661 0.354208 -9.373504 -0.000001 0.000001 0.000004 -8.076660 -0.486700 -3.806268 -6.761581 -3.230135 -6.810937 0.063956 0.740904 0.052525 -4.654146 -1.406151 -5.473343 0.000001 -0.000003 -0.000001 4.570446 11.014716 -2.160854 27.279569 0.234807 8.686807 -91.659827 -48.565056 -5.896016 -5.657290 -68.913761 1.281441 -47.559171 -28.666683 6.820606 2.466156 -1.576214 2.681761 5.116481 -0.313141 12.046523 11.421700 22.163964 24.187001 2.240315 15.286518 20.962011 -0.000000 0.000003 0.000000 9.109325 -0.518056 2.259885 0.950902 1.860137 6.480676 1.867214 -0.200763 -0.021966 0.951728 -1.213657 10.941781 -0.000001 0.000000 -0.000002 9.533422 0.000034 0.000063 1.173219 1.705191 5.877920 -1.125362 0.164801 0.000012 0.289276 -1.103766 11.025511 -0.000001 -0.000000 0.000002 9.104546 -0.043030 -1.865059 -1.624478 2.464886 6.403440 -4.945266 0.669770 -0.000085 -2.854688 -0.565543 9.390495 0.000001 -0.000004 -0.000004 8.077813 -0.486857 -3.806241 -6.756754 3.606347 6.204313 0.062644 -0.668769 -0.065719 -4.679877 1.223495 5.497034 -0.000001 0.000002 0.000004 -8.207783 -6.751670 -1.599565 -28.603485 -19.961788 -17.627028 51.502983 -9.360499 -9.940925 -16.969303 -2.450169 14.012706 1.876216 -0.000014 0.000008 -0.000000 -0.000000 -0.000000 8.207793 -6.751694 -1.599554 -19.563262 1.534852 12.459899 55.055187 4.807488 -7.170231 -24.451299 1.151577 -4.942702 -3.846355 0.000002 -0.000003 0.000000 0.000000 -0.000000 
-0.028794 94.603157 -1.725660 -8.050193 2.792498 1.685834 -0.000005 10.181585 0.131520 4.191926 -2.006109 0.032204 0.738791 -0.562533 0.239767 0.737819 -0.563780 0.246920 0.000002 16.740398 -2.049037 10.196558 0.045416 -0.645820 0.000000 9.617889 1.685009 8.573140 -1.538851 -2.062686 0.000002 22.037369 7.501094 0.000000 0.000000 -0.000000 -4.569952 11.014893 -2.160887 39.228146 13.232170 -29.918343 -84.529588 40.438354 -16.602704 -20.085995 61.103439 12.893883 -37.811377 35.787370 -1.926992 -2.464818 -1.573973 2.681848 4.259666 2.106259 -11.374936 11.688383 -24.315813 -24.601834 3.220434 -21.451078 -21.940992 0.000004 -0.000005 -0.000003 -9.108286 -0.517864 2.259835 0.920619 -1.926331 -6.699878 1.853298 0.234836 0.227415 0.924271 0.942351 -10.623862 0.000000 -0.000001 -0.000008 -9.532514 -0.000036 -0.000021 1.119151 -1.807587 -6.111900 -1.110218 -0.104122 0.297312 0.261570 0.812337 -10.672212 0.000003 0.000006 0.000001 -9.103585 -0.043076 -1.865131 -1.683192 -2.491157 -6.567416 -4.893471 -0.777725 0.296096 -2.843172 0.308421 -9.071534 -0.000000 -0.000001 0.000003 -8.076684 -0.486689 -3.806284 -6.792004 -3.338915 -6.291749 0.083223 0.691689 0.360180 -4.621368 -1.446306 -5.171934 0.000000 -0.000001 0.000003 4.570445 11.014696 -2.160844 27.040647 0.608830 7.755058 -92.956621 -49.064162 -6.390134 -7.798751 -69.384176 -0.557939 -45.326539 -29.763550 7.775493 2.466134 -1.576231 2.681756 5.199963 -0.300231 12.114115 11.413208 22.111967 24.224352 2.298184 15.283187 21.002395 0.000002 0.000003 0.000004 9.109270 -0.518044 2.259892 0.957217 1.834461 6.767446 1.875200 -0.195209 -0.021403 0.956168 -1.233894 11.145310 0.000000 0.000004 -0.000003 9.533397 0.000028 0.000059 1.192226 1.676064 6.158531 -1.134043 0.156921 0.000089 0.294161 -1.125222 11.247630 0.000002 -0.000003 0.000005 9.104521 -0.043031 -1.865062 -1.603625 2.418795 6.710892 -4.974652 0.639234 -0.000032 -2.871380 -0.599030 9.586899 0.000000 -0.000002 -0.000000 8.077765 -0.486883 -3.806245 -6.738908 3.531151 6.534599 0.050585 -0.683951 -0.067309 -4.700803 1.193430 5.693012 -0.000001 -0.000001 -0.000001 -8.207785 -6.751678 -1.599565 -26.311651 -19.798719 -16.646969 45.776088 -9.375953 -9.876880 -14.063089 -2.310384 13.700864 1.441019 -0.000659 0.050898 -0.000000 -0.000000 -0.000000 8.207788 -6.751708 -1.599559 -17.249211 3.153577 11.526513 49.139376 5.368548 -6.767883 -21.733187 1.132453 -4.654055 -3.925988 -0.000005 -0.000001 0.000000 -0.000000 -0.000000 
0.102251 96.647141 -1.398440 -6.969898 2.212528 1.979424 -0.000005 10.181585 0.131520 3.211721 -1.722023 -0.102550 0.520836 -0.488197 0.213339 0.520078 -0.489225 0.218090 0.000001 16.740396 -2.049034 10.136929 0.061500 -0.522705 0.000001 9.617890 1.685005 8.814593 -2.083348 -1.897748 0.000002 22.037369 7.501089 0.000004 -0.000000 -0.000000 -4.569967 11.014915 -2.160887 39.448557 12.318325 -30.654633 -85.851373 40.193228 -17.327693 -20.355914 60.468143 13.229373 -37.944382 35.225300 -1.728689 -2.464793 -1.573982 2.681847 4.167962 2.120635 -11.302379 11.695702 -24.368781 -24.571308 3.163143 -21.453332 -21.896125 -0.000001 -0.000008 0.000001 -9.108270 -0.517871 2.259834 0.916193 -1.944196 -6.408083 1.844804 0.224914 0.421104 0.920834 0.926316 -10.420706 0.000004 0.000002 -0.000005 -9.532497 -0.000040 -0.000026 1.100281 -1.831335 -5.826726 -1.101034 -0.135421 0.580615 0.257771 0.795692 -10.453097 -0.000001 0.000002 -0.000005 -9.103593 -0.043064 -1.865145 -1.704243 -2.532174 -6.253684 -4.863274 -0.833532 0.603185 -2.824173 0.278433 -8.875564 -0.000001 -0.000000 0.000005 -8.076669 -0.486707 -3.806281 -6.810750 -3.406934 -5.966464 0.095585 0.653010 0.640124 -4.599537 -1.472559 -4.976367 -0.000002 -0.000001 -0.000002 4.570444 11.014696 -2.160854 27.076343 1.207925 7.147036 -94.593844 -49.403373 -6.500109 -10.300049 -69.503124 -2.661035 -43.595912 -29.281543 7.783865 2.466120 -1.576212 2.681745 4.761240 -0.366707 11.757760 11.454138 22.377532 24.058730 1.994376 15.301558 20.789728 -0.000003 0.000000 0.000001 9.109284 -0.518027 2.259876 0.929422 1.960428 5.289993 1.833645 -0.155512 -0.690549 0.934637 -1.131816 10.119664 -0.000001 0.000002 -0.000007 9.533382 0.000026 0.000053 1.094584 1.827915 4.714400 -1.087154 0.298937 -0.969492 0.270239 -1.016625 10.124031 0.000000 -0.000003 -0.000001 9.104507 -0.043030 -1.865063 -1.709981 2.660493 5.125662 -4.817685 0.912288 -1.047870 -2.781943 -0.428775 8.598263 0.000001 -0.000004 -0.000007 8.077765 -0.486882 -3.806247 -6.828199 3.926109 4.829345 0.120154 -0.504871 -1.042146 -4.590320 1.345846 4.706661 0.000001 -0.000002 -0.000001 -8.207787 -6.751665 -1.599565 -24.462321 -19.766386 -15.644816 40.139693 -9.480725 -9.861730 -10.233564 -1.943915 12.475378 0.323511 -0.004607 0.676986 0.000000 -0.000002 -0.000000 8.207789 -6.751700 -1.599555 -15.017715 4.613909 10.514588 42.781494 5.936143 -6.213405 -18.727021 1.145644 -4.396321 -3.944804 -0.000009 -0.000004 0.000000 0.000001 0.000000 
0.279457 98.429184 -1.056246 -5.664868 1.918121 2.085486 -0.000005 10.181591 0.131523 1.818923 -1.711837 0.110659 0.290289 -0.498047 0.202197 0.288724 -0.498193 0.205406 -0.000000 16.740400 -2.049031 10.023396 0.090767 -0.505028 0.000000 9.617885 1.685010 9.602591 -2.391002 -2.134953 0.000002 22.037354 7.501096 -0.000003 -0.000000 -0.000000 -4.569972 11.014911 -2.160882 39.630619 11.664739 -31.444323 -86.495856 39.611597 -18.451537 -19.171803 58.674412 11.774372 -38.965782 33.853419 0.158849 -2.464795 -1.573977 2.681864 4.518999 2.064632 -11.579581 11.666230 -24.162645 -24.703293 3.382939 -21.445713 -22.067902 0.000008 -0.000003 0.000005 -9.108259 -0.517867 2.259851 0.936200 -1.869935 -7.568925 1.877631 0.235329 0.016165 0.934753 0.989758 -11.224867 0.000002 -0.000003 0.000004 -9.532485 -0.000068 -0.000007 1.174916 -1.736373 -6.962018 -1.136985 -0.055138 0.001159 0.273421 0.862768 -11.335881 -0.000000 -0.000002 -0.000003 -9.103569 -0.043096 -1.865118 -1.620484 -2.368868 -7.501301 -4.985047 -0.656286 -0.001647 -2.896762 0.395721 -9.651926 0.000000 -0.000003 -0.000006 -8.076661 -0.486707 -3.806273 -6.732184 -3.126825 -7.304746 0.045586 0.762482 0.054270 -4.683115 -1.369625 -5.751197 0.000000 -0.000003 -0.000002 4.570445 11.014714 -2.160853 26.909521 2.077384 6.806533 -96.738387 -49.675430 -7.603332 -11.429176 -67.952131 -2.770148 -42.635882 -26.849562 6.220239 2.466140 -1.576202 2.681725 3.267393 -0.567623 10.523456 11.593456 23.290243 23.495490 0.963698 15.378492 20.055951 -0.000003 -0.000002 -0.000008 9.109307 -0.518045 2.259870 0.858974 2.398486 0.234304 1.700875 0.094565 -3.998288 0.876810 -0.780128 6.612837 -0.000002 0.000002 -0.000004 9.533422 0.000036 0.000036 0.796650 2.380467 -0.224604 -0.890375 0.921386 -5.849844 0.204480 -0.641685 6.281830 0.000000 0.000000 0.000000 9.104540 -0.043030 -1.865082 -2.014750 3.530865 -0.294871 -4.211248 1.958564 -6.596678 -2.451886 0.128548 5.213516 -0.000000 -0.000001 -0.000000 8.077790 -0.486871 -3.806263 -7.039998 5.323426 -1.002100 0.419019 0.231097 -5.881407 -4.196845 1.841576 1.329397 -0.000001 0.000000 -0.000001 -8.207788 -6.751660 -1.599561 -22.806898 -19.822100 -14.647361 34.579076 -9.358691 -9.821408 -6.002530 -1.777707 11.980992 -1.323608 -0.011279 1.057355 -0.000000 0.000001 -0.000000 8.207790 -6.751700 -1.599553 -13.082257 5.868964 9.578974 36.452142 6.270681 -5.558053 -15.828716 1.174953 -4.141068 -3.901286 0.000000 -0.000002 -0.000000 0.000000 -0.000000 
0.450516 99.764572 -0.692017 -4.295453 1.829135 2.105837 -0.000005 10.181606 0.131520 -0.051758 -1.979387 0.536390 0.063676 -0.586423 0.223051 0.061510 -0.585630 0.224729 0.000001 16.740364 -2.049035 9.896726 0.135824 -0.642198 -0.000001 9.617894 1.685006 11.109101 -2.451168 -2.838681 0.000003 22.037308 7.501091 0.000001 0.000000 -0.000000 -4.569962 11.014889 -2.160889 39.501071 11.746103 -32.184992 -85.961237 38.765172 -18.856414 -14.069115 55.824106 6.358787 -40.323053 32.775165 2.712639 -2.464807 -1.573959 2.681855 4.952007 1.993051 -11.919063 11.629881 -23.909743 -24.864035 3.654501 -21.437408 -22.278428 0.000006 -0.000012 -0.000001 -9.108282 -0.517851 2.259839 0.962046 -1.781503 -8.971459 1.917573 0.206571 0.013813 0.953232 1.067009 -12.208145 -0.000001 -0.000002 0.000002 -9.532507 -0.000032 -0.000016 1.268593 -1.626351 -8.333789 -1.179375 -0.014359 0.001201 0.293684 0.943254 -12.400995 0.000000 0.000003 -0.000007 -9.103580 -0.043065 -1.865128 -1.513518 -2.178166 -9.009167 -5.123159 -0.503048 -0.001602 -2.983219 0.542447 -10.600617 0.000001 -0.000002 0.000000 -8.076681 -0.486698 -3.806269 -6.631498 -2.806292 -8.875208 -0.012184 0.840524 0.060562 -4.784189 -1.240532 -6.698050 -0.000000 -0.000001 0.000002 4.570444 11.014713 -2.160853 26.188798 2.896219 6.476377 -98.980684 -50.270233 -10.961600 -7.071612 -63.373944 3.498285 -42.058990 -23.356547 3.816691 2.466151 -1.576203 2.681723 0.749908 -0.813782 8.369630 11.829322 24.862051 22.542049 -0.760659 15.559965 18.784543 -0.000004 0.000003 0.000004 9.109307 -0.518019 2.259861 0.829032 3.164492 -8.392410 1.511589 0.554545 -9.637785 0.834965 -0.175251 0.634566 -0.000001 0.000004 -0.000002 9.533394 0.000025 0.000038 0.432507 3.426554 -8.643977 -0.431062 1.908068 -14.188296 0.150480 0.006514 -0.268380 0.000002 0.000003 -0.000002 9.104547 -0.043012 -1.865085 -2.301954 5.145820 -9.534784 -2.958667 3.487482 -16.115486 -1.811288 0.984208 -0.572115 0.000001 -0.000001 0.000002 8.077793 -0.486857 -3.806274 -7.039642 7.832114 -10.954867 1.112816 1.357096 -14.156495 -3.478527 2.593171 -4.443958 -0.000002 0.000001 -0.000002 -8.207784 -6.751665 -1.599561 -21.519906 -19.838658 -13.720761 29.856038 -9.223631 -9.801842 -2.892009 -1.820616 11.541514 -2.243129 -0.007091 0.838440 -0.000000 0.000002 -0.000000 8.207789 -6.751688 -1.599553 -11.650547 6.963191 8.807855 30.951193 6.307304 -4.942447 -13.358750 1.203779 -3.912176 -3.842098 0.000016 -0.000001 0.000000 0.000000 -0.000000 
0.559494 100.539810 -0.349121 -3.233421 1.818887 2.077766 -0.000005 10.181587 0.131521 -1.989029 -2.313420 0.967855 -0.106071 -0.684201 0.281137 -0.108764 -0.682645 0.281200 0.000001 16.740404 -2.049038 9.760139 0.175568 -0.806543 0.000001 9.617902 1.685009 12.709158 -2.515847 -3.591819 0.000003 22.037354 7.501092 -0.000001 -0.000000 0.000000 -4.569962 11.014928 -2.160877 38.325964 12.830564 -31.543637 -84.461218 38.073179 -17.197721 -5.136279 52.749507 -1.661613 -41.534145 32.707273 4.838734 -2.464791 -1.573983 2.681871 3.510819 2.219976 -10.778837 11.751096 -24.756606 -24.323782 2.752928 -21.470679 -21.572456 0.000001 0.000000 0.000004 -9.108270 -0.517862 2.259850 0.881904 -2.088597 -4.183167 1.784185 0.148789 1.849740 0.897439 0.806318 -8.905246 -0.000000 -0.000001 -0.000005 -9.532495 -0.000044 -0.000006 0.964379 -2.021866 -3.651329 -1.025894 -0.367608 2.730004 0.230592 0.666403 -8.761227 -0.000003 -0.000001 -0.000008 -9.103580 -0.043077 -1.865120 -1.852737 -2.856597 -3.863594 -4.602239 -1.272086 3.163529 -2.682615 0.062946 -7.411692 -0.000002 0.000001 -0.000004 -8.076659 -0.486696 -3.806259 -6.947874 -3.987133 -3.271748 0.200728 0.368201 2.773102 -4.439194 -1.661015 -3.515343 0.000001 0.000001 0.000004 4.570447 11.014740 -2.160852 24.970687 3.187119 5.739660 -101.016264 -51.586954 -16.958762 3.447027 -54.844578 15.095259 -41.445151 -20.210198 1.751823 2.466133 -1.576207 2.681729 -2.313230 -0.946710 5.622096 12.120294 26.840463 21.365709 -2.839094 15.873404 17.175462 0.000001 0.000002 0.000001 9.109307 -0.518007 2.259864 0.955660 4.127188 -19.114079 1.349837 1.177357 -16.637770 0.882637 0.574147 -6.789021 -0.000003 -0.000000 0.000002 9.533417 0.000039 0.000047 0.267784 4.861716 -19.099156 0.329420 2.972312 -24.568549 0.186656 0.815950 -8.402100 -0.000000 -0.000003 0.000000 9.104536 -0.043009 -1.865069 -2.199534 7.301984 -21.022154 -1.121283 4.885686 -28.029160 -0.903915 1.867616 -7.782754 -0.000000 -0.000002 -0.000001 8.077794 -0.486848 -3.806267 -6.341465 11.047072 -23.383195 2.248036 2.476560 -24.472530 -2.525859 3.357850 -11.637850 0.000001 -0.000002 -0.000001 -8.207784 -6.751675 -1.599560 -20.717427 -19.723116 -13.021342 26.776724 -9.139924 -9.792445 -1.031015 -2.032708 11.215445 -2.721649 -0.004883 0.695513 0.000000 0.000002 -0.000000 8.207788 -6.751704 -1.599555 -10.855564 7.953602 8.408365 27.308524 5.887337 -4.541044 -11.756159 1.206600 -3.680176 -3.798573 0.000000 -0.000003 0.000000 -0.000000 0.000000 
0.600899 100.715202 -0.147097 -2.868838 1.825677 1.903610 -0.000005 10.181597 0.131521 -3.253855 -2.585973 1.392141 -0.147413 -0.753164 0.375701 -0.150982 -0.750459 0.374993 0.000002 16.740400 -2.049032 9.577950 0.192080 -0.866501 0.000001 9.617908 1.685009 13.519613 -2.740462 -4.030423 0.000002 22.037338 7.501096 0.000002 -0.000000 0.000000 -4.569968 11.014909 -2.160873 35.764281 14.936821 -28.010766 -82.318157 38.179907 -13.480164 5.369098 51.364177 -9.062462 -42.378295 33.110343 6.071512 -2.464786 -1.573981 2.681845 -1.659944 2.743279 -6.447168 12.191120 -27.901324 -22.367377 -0.421132 -21.748384 -18.922651 -0.000003 -0.000001 -0.000001 -9.108260 -0.517866 2.259835 0.813076 -3.268400 13.177837 1.383981 -0.552096 13.200172 0.844250 -0.158131 3.132613 0.000000 0.000002 0.000001 -9.532489 -0.000047 -0.000018 0.256620 -3.788209 13.305420 -0.147883 -1.975023 19.523015 0.150727 -0.362361 4.424620 0.000001 -0.000003 -0.000002 -9.103577 -0.043066 -1.865133 -2.413387 -5.739032 14.763983 -2.128331 -3.838282 22.335704 -1.366525 -1.377674 4.253985 -0.000002 0.000003 0.000002 -8.076678 -0.486717 -3.806285 -7.000165 -8.641297 16.787975 1.473676 -1.511376 19.452785 -3.058497 -2.899706 8.126775 -0.000001 -0.000001 -0.000007 4.570446 11.014721 -2.160851 23.688725 2.651789 4.248686 -102.284350 -53.541177 -24.103965 17.089898 -43.292126 25.233938 -40.871709 -18.475740 0.348364 2.466113 -1.576225 2.681733 -5.498007 -0.874333 2.611699 12.430019 28.988020 20.116203 -4.980007 16.315688 15.423149 -0.000002 0.000002 -0.000006 9.109288 -0.518050 2.259866 1.295829 5.133811 -30.594883 1.277605 1.894071 -24.120000 1.054061 1.356449 -14.729916 -0.000001 -0.000002 0.000001 9.533405 0.000033 0.000039 0.484666 6.482670 -30.296496 1.327679 3.876655 -35.699299 0.351957 1.669873 -17.102225 -0.000001 -0.000006 0.000000 9.104549 -0.043044 -1.865079 -1.470503 9.656243 -33.366068 1.020035 5.724544 -40.857481 0.164273 2.578488 -15.522904 -0.000001 0.000000 0.000003 8.077811 -0.486875 -3.806276 -4.669648 14.399828 -36.856585 3.707732 3.268486 -35.548823 -1.466812 3.967257 -19.355902 -0.000001 0.000003 0.000000 -8.207786 -6.751673 -1.599559 -20.399767 -19.503902 -12.549340 25.992917 -9.150656 -9.806044 -0.633751 -2.395218 11.035509 -2.805607 -0.004006 0.633006 0.000000 0.000004 -0.000000 8.207791 -6.751699 -1.599553 -10.823736 8.848076 8.664205 26.432583 5.019878 -4.466489 -11.506138 1.166200 -3.436994 -3.715628 -0.000000 -0.000003 0.000000 -0.000000 -0.000000 
0.608215 100.323540 -0.208942 -3.312403 1.775833 1.550864 -0.000005 10.181603 0.131522 -3.330745 -2.855449 1.945091 -0.019010 -0.815835 0.507281 -0.023887 -0.810837 0.507756 0.000001 16.740398 -2.049033 9.325432 0.204603 -0.867965 -0.000002 9.617884 1.685010 13.381803 -2.937312 -4.329167 0.000003 22.037354 7.501092 -0.000001 0.000000 -0.000000 -4.569969 11.014927 -2.160879 32.011461 17.420193 -21.325234 -80.147987 39.244146 -8.009990 16.151271 53.422284 -15.432377 -42.838602 32.913544 6.525650 -2.464813 -1.573993 2.681856 -9.186779 2.584320 0.558699 12.859547 -32.857827 -19.423892 -4.885817 -22.636739 -14.689184 -0.000002 -0.000008 0.000002 -9.108293 -0.517880 2.259846 1.430912 -5.067776 39.697725 1.133717 -1.889830 30.520222 1.212701 -1.572076 21.520936 0.000000 0.000005 -0.000012 -9.532511 -0.000045 -0.000015 0.707364 -7.014305 39.206611 1.900283 -3.493909 45.229188 0.484749 -1.910976 24.535009 -0.000000 -0.000001 -0.000001 -9.103605 -0.043067 -1.865127 -0.769982 -10.588058 43.343353 2.370780 -4.975999 51.834073 1.036581 -2.542225 22.177580 0.000006 -0.000002 0.000001 -8.076706 -0.486708 -3.806272 -3.260339 -15.724557 47.888591 4.454839 -2.753042 45.039569 -0.816145 -3.888470 25.996438 -0.000000 -0.000003 -0.000000 4.570446 11.014715 -2.160852 22.903139 1.111542 2.046393 -100.486412 -55.391854 -28.923204 32.068640 -33.929965 30.807312 -40.725549 -18.104367 -1.164822 2.466147 -1.576205 2.681731 -8.600876 -0.576209 -0.482966 12.741810 31.187559 18.864631 -7.050007 16.872102 13.627215 -0.000004 -0.000000 -0.000003 9.109321 -0.518065 2.259868 1.849898 6.081679 -42.199719 1.320643 2.653854 -31.667626 1.348534 2.106931 -22.746488 0.000000 0.000008 -0.000003 9.533438 0.000021 0.000033 1.142072 8.106416 -41.634835 2.467197 4.515638 -46.956970 0.648711 2.499447 -25.885252 0.000001 0.000005 -0.000002 9.104552 -0.043037 -1.865091 -0.054472 11.910990 -45.934795 3.165614 5.886215 -53.847237 1.297800 3.042114 -23.356264 -0.000000 -0.000006 -0.000007 8.077806 -0.486901 -3.806275 -1.982278 17.432588 -50.744539 5.320920 3.595815 -46.755797 -0.394362 4.368502 -27.161526 0.000002 0.000003 0.000000 -8.207788 -6.751656 -1.599564 -20.485368 -19.229166 -12.261901 27.448855 -9.066990 -9.833352 -1.701480 -2.889937 10.913485 -2.472305 -0.003200 0.563511 0.000000 0.000003 -0.000000 8.207791 -6.751698 -1.599555 -11.541815 9.615393 9.656755 28.355848 3.955027 -4.721747 -12.501591 1.112697 -3.446430 -3.545104 -0.000006 -0.000004 0.000000 0.000002 -0.000000 
0.590613 99.456512 -0.539295 -4.393580 1.490983 1.211534 -0.000006 10.181571 0.131521 -2.261605 -3.104859 2.586615 0.270811 -0.875478 0.657080 0.264600 -0.867057 0.660922 0.000002 16.740398 -2.049032 9.028919 0.243635 -0.914132 -0.000000 9.617884 1.685006 12.857343 -2.856626 -4.991540 0.000002 22.037354 7.501096 0.000005 0.000000 -0.000000 -4.569968 11.014904 -2.160880 27.266805 19.385288 -12.555419 -77.952088 40.503404 -0.735666 27.624582 58.266213 -22.989495 -43.013963 31.491755 6.539774 -2.464825 -1.573960 2.681846 -15.258943 1.488367 6.906190 13.447469 -37.332346 -16.898055 -8.369065 -23.855020 -10.844467 0.000005 -0.000006 0.000009 -9.108285 -0.517856 2.259842 2.668093 -6.344316 62.951777 1.361895 -3.200207 45.651342 1.938658 -2.617231 37.603716 0.000001 -0.000001 -0.000007 -9.532516 -0.000056 -0.000017 2.807921 -9.562191 62.035760 3.908390 -3.754446 67.757246 1.206402 -3.112736 42.132835 -0.000002 -0.000001 0.000004 -9.103587 -0.043064 -1.865122 3.316950 -13.910782 68.821416 5.493409 -3.477210 77.651785 3.133506 -2.507728 37.887729 0.000000 0.000001 -0.000007 -8.076681 -0.486703 -3.806270 3.864141 -19.837113 76.285802 7.152482 -1.963473 67.444689 0.969599 -3.934835 41.640631 0.000003 -0.000001 -0.000004 4.570446 11.014721 -2.160850 22.705407 -1.689626 -0.569289 -92.951143 -56.132984 -28.542263 45.992687 -32.765698 35.355433 -41.179149 -17.661694 -3.450863 2.466157 -1.576182 2.681727 -11.489628 -0.073284 -3.523007 13.044176 33.351701 17.659688 -8.967118 17.514833 11.862583 -0.000001 -0.000002 -0.000006 9.109314 -0.518031 2.259865 2.577170 6.894052 -53.479268 1.481318 3.408397 -38.989554 1.743616 2.780040 -30.528330 0.000003 -0.000000 -0.000007 9.533422 0.000036 0.000035 2.204255 9.565178 -52.691737 3.635635 4.859269 -57.893865 1.055917 3.254672 -34.411524 0.000001 -0.000002 -0.000005 9.104536 -0.043013 -1.865083 1.961488 13.807311 -58.273118 5.048226 5.441397 -66.444873 2.404683 3.248064 -30.968791 -0.000002 -0.000003 0.000005 8.077812 -0.486873 -3.806277 1.543150 19.772107 -64.551448 6.898130 3.443565 -57.634243 0.614171 4.563290 -34.742147 -0.000003 0.000000 -0.000002 -8.207785 -6.751673 -1.599563 -20.989042 -18.845458 -12.263059 30.585054 -8.916032 -9.851650 -3.863653 -3.476664 10.804686 -1.707419 -0.003179 0.561746 -0.000000 -0.000001 -0.000000 8.207790 -6.751703 -1.599556 -12.675902 10.253432 11.052779 32.175727 2.866789 -5.202529 -14.310812 1.034184 -3.544260 -3.362267 0.000003 0.000001 0.000000 0.000000 -0.000000 
0.504157 98.219284 -1.003812 -5.860178 0.850364 1.166720 -0.000006 10.181603 0.131522 -0.442285 -3.122832 3.031896 0.668871 -0.877972 0.776709 0.662054 -0.866136 0.784916 0.000000 16.740379 -2.049031 8.730951 0.308931 -0.971575 -0.000000 9.617884 1.685010 12.407540 -2.517479 -6.318301 0.000002 22.037354 7.501098 -0.000002 -0.000000 -0.000000 -4.569971 11.014879 -2.160877 21.026403 20.308509 -2.348468 -73.204117 41.388023 7.150011 40.518793 63.586759 -33.332908 -43.040598 28.620414 6.441017 -2.464823 -1.573970 2.681840 -17.864558 0.692716 9.868945 13.718824 -39.440439 -15.742717 -9.835937 -24.542623 -9.026523 0.000001 -0.000007 0.000006 -9.108289 -0.517872 2.259833 3.421757 -6.760998 73.745518 1.623861 -3.808510 52.648645 2.380598 -3.007360 45.044913 -0.000000 -0.000002 -0.000001 -9.532515 -0.000050 -0.000021 4.277981 -10.415675 72.693608 4.768094 -3.552515 78.194553 1.661370 -3.586482 50.299385 -0.000000 -0.000002 0.000007 -9.103596 -0.043085 -1.865134 5.915354 -14.763234 80.800243 6.342200 -2.248202 89.626063 3.993755 -2.186299 45.147106 -0.000000 -0.000001 -0.000004 -8.076686 -0.486724 -3.806283 8.093730 -20.496138 89.837765 8.155499 -1.047048 77.801011 1.665704 -3.744290 48.867046 0.000000 -0.000002 0.000000 4.570446 11.014720 -2.160855 22.093575 -6.106958 -4.000895 -79.738477 -54.707394 -23.165423 56.143790 -41.338617 42.819801 -41.780458 -15.604245 -5.614235 2.466139 -1.576187 2.681734 -13.926862 0.541599 -6.223256 13.311625 35.284846 16.604596 -10.580115 18.163759 10.291007 0.000000 0.000003 -0.000001 9.109308 -0.518031 2.259873 3.357350 7.492436 -63.445928 1.724175 4.073339 -45.449557 2.173881 3.316209 -37.396618 -0.000002 -0.000000 0.000004 9.533406 0.000005 0.000045 3.471636 10.674306 -62.500657 4.667318 4.937058 -67.544055 1.506299 3.866425 -41.937549 0.000003 -0.000001 0.000005 9.104520 -0.043041 -1.865070 4.218123 15.106989 -69.282085 6.422892 4.636673 -77.525707 3.351493 3.236346 -37.686593 -0.000002 -0.000000 0.000006 8.077800 -0.486871 -3.806270 5.294548 21.141454 -76.981778 8.203416 2.935213 -67.216185 1.452194 4.588893 -41.428837 0.000002 -0.000000 0.000004 -8.207786 -6.751659 -1.599563 -21.904990 -18.259293 -12.711548 34.789968 -8.809213 -9.852900 -6.819888 -4.127720 10.666412 -0.481644 -0.005159 0.716163 0.000000 0.000002 -0.000000 8.207790 -6.751690 -1.599554 -13.833330 10.801802 12.349843 36.931338 1.923688 -5.751362 -16.565954 0.888742 -3.374220 -3.278727 0.000002 -0.000001 -0.000001 0.000001 -0.000000 
0.301588 96.721733 -1.431287 -7.376521 0.000617 1.450710 -0.000005 10.181574 0.131522 1.652509 -2.780761 3.187426 1.080302 -0.790162 0.839588 1.073862 -0.776002 0.851248 0.000001 16.740379 -2.049036 8.428326 0.381298 -0.960718 0.000001 9.617850 1.685010 11.978394 -2.091365 -8.274016 0.000002 22.037338 7.501099 -0.000002 -0.000000 -0.000000 -4.569969 11.014886 -2.160879 13.017745 19.337483 9.317141 -62.024880 42.775917 12.597611 54.173318 67.552627 -45.710157 -43.028232 24.208931 6.468453 -2.464815 -1.573972 2.681836 -17.997610 0.653776 10.029418 13.722658 -39.550139 -15.672226 -9.914010 -24.563027 -8.915169 0.000003 -0.000008 0.000001 -9.108294 -0.517854 2.259833 3.457279 -6.781293 74.341275 1.641388 -3.841198 53.031996 2.406786 -3.027065 45.458112 0.000001 0.000001 0.000001 -9.532530 -0.000030 -0.000029 4.366048 -10.456789 73.287950 4.814274 -3.536016 78.783964 1.689697 -3.611808 50.770411 -0.000000 -0.000004 0.000003 -9.103596 -0.043068 -1.865135 6.076002 -14.796959 81.478351 6.381528 -2.166124 90.372439 4.037186 -2.164105 45.550217 0.000000 -0.000004 -0.000004 -8.076684 -0.486721 -3.806288 8.382666 -20.507863 90.692713 8.205343 -0.987515 78.388066 1.700230 -3.731182 49.268374 0.000001 0.000004 0.000001 4.570446 11.014694 -2.160847 19.269304 -12.094052 -9.606059 -62.649152 -50.208577 -14.755469 67.133964 -56.542034 55.593457 -41.997163 -11.685904 -6.526721 2.466129 -1.576217 2.681736 -15.580995 1.070975 -8.136223 13.502268 36.664391 15.864147 -11.673738 18.668691 9.174603 -0.000002 -0.000002 -0.000004 9.109304 -0.518058 2.259868 3.976855 7.834952 -70.497347 1.953807 4.535333 -50.015201 2.519608 3.656869 -42.250806 0.000001 0.000001 0.000012 9.533424 0.000008 0.000044 4.537007 11.318983 -69.463529 5.373175 4.869705 -74.359197 1.872028 4.261597 -47.257341 -0.000000 -0.000001 -0.000004 9.104555 -0.043047 -1.865078 6.041238 15.753430 -77.121763 7.185570 3.886270 -85.330079 3.987294 3.124281 -42.430457 -0.000000 -0.000004 -0.000006 8.077811 -0.486905 -3.806274 8.214786 21.630664 -85.861079 9.032807 2.379356 -73.971017 2.004115 4.532214 -46.149635 -0.000001 0.000002 0.000006 -8.207786 -6.751673 -1.599562 -23.157212 -17.427366 -13.609636 39.523364 -8.547866 -9.825960 -9.752347 -4.914041 11.483322 0.835474 -0.021085 1.446854 -0.000000 -0.000002 -0.000000 8.207790 -6.751708 -1.599553 -14.887278 11.272349 13.370803 41.860232 1.126422 -6.228398 -18.937640 0.748412 -3.241644 -3.282922 -0.000000 -0.000001 -0.000000 -0.000002 -0.000000 
-0.008382 95.101852 -1.715645 -8.497769 -0.786905 1.742308 -0.000005 10.181595 0.131523 3.634054 -2.242966 3.401896 1.404340 -0.662063 0.874756 1.398574 -0.646485 0.885841 -0.000000 16.740379 -2.049035 8.065884 0.455367 -0.927561 0.000004 9.617916 1.685005 11.177095 -1.663965 -10.556329 0.000001 22.037369 7.501100 0.000002 -0.000000 0.000000 -4.569976 11.014934 -2.160883 5.954703 15.734399 19.777388 -43.571501 44.157562 13.212693 65.285837 69.154224 -57.284055 -43.059391 18.748649 6.862784 -2.464802 -1.573973 2.681844 -17.574642 0.801974 9.536658 13.674892 -39.196728 -15.861419 -9.678048 -24.438243 -9.216086 -0.000000 0.000000 0.000000 -9.108301 -0.517857 2.259840 3.323465 -6.723002 72.555317 1.590107 -3.741394 51.870960 2.329029 -2.967799 44.224724 -0.000002 0.000005 0.000001 -9.532516 -0.000053 -0.000020 4.101362 -10.338519 71.522661 4.679315 -3.583980 77.060455 1.609315 -3.538680 49.422812 0.000001 0.000004 -0.000001 -9.103599 -0.043077 -1.865128 5.620933 -14.700565 79.494174 6.280587 -2.382322 88.430459 3.902323 -2.231204 44.347940 0.000001 -0.000004 -0.000008 -8.076701 -0.486723 -3.806273 7.671160 -20.477759 88.486549 8.058861 -1.162947 76.679781 1.592540 -3.771742 48.071589 0.000001 0.000004 -0.000005 4.570447 11.014710 -2.160855 13.576723 -18.096146 -17.284883 -44.517332 -41.177045 -6.987040 94.145504 -68.382003 84.377220 -42.021496 -7.017079 -6.829113 2.466129 -1.576183 2.681737 -16.305011 1.334678 -8.995794 13.589498 37.288048 15.533795 -12.151929 18.909529 8.673145 -0.000001 0.000003 -0.000005 9.109312 -0.518036 2.259871 4.272042 7.964718 -73.668385 2.072550 4.739222 -52.066177 2.685076 3.798561 -44.430609 0.000001 0.000002 0.000012 9.533425 0.000019 0.000043 5.056907 11.564095 -72.600123 5.679778 4.808093 -77.418760 2.048107 4.427893 -49.646569 0.000000 0.000004 -0.000004 9.104532 -0.043030 -1.865071 6.910436 15.960024 -80.655887 7.465259 3.511439 -88.828290 4.261005 3.047415 -44.559061 -0.000001 0.000002 -0.000002 8.077799 -0.486904 -3.806271 9.574048 21.708271 -89.860714 9.372506 2.080887 -77.000021 2.239342 4.488344 -48.267717 -0.000001 0.000011 0.000000 -8.207787 -6.751673 -1.599565 -24.847462 -16.436005 -14.530876 44.517387 -7.950979 -9.805879 -11.992270 -5.764176 13.095861 0.122867 -0.000004 0.000025 -0.000000 0.000002 -0.000000 8.207793 -6.751705 -1.599556 -16.174675 11.592434 14.353470 46.592105 0.415026 -6.543143 -21.234744 0.670111 -3.372109 -3.277631 -0.000006 -0.000003 0.000000 0.000001 -0.000000 
-0.384040 93.542519 -1.850481 -9.014882 -1.478648 1.792217 -0.000006 10.181582 0.131522 5.453558 -1.750208 3.994875 1.615162 -0.566367 0.906929 1.609829 -0.549052 0.911831 0.000000 16.740404 -2.049036 7.558923 0.546403 -0.969522 0.000002 9.617881 1.685009 9.515435 -1.173814 -12.571863 -0.000000 22.037369 7.501090 0.000000 0.000000 0.000001 -4.569975 11.014900 -2.160884 3.426964 11.066125 24.400991 -24.098118 42.457569 13.086508 69.033794 67.876050 -64.297290 -43.223606 13.513980 7.824873 -2.464803 -1.573979 2.681846 -17.537721 0.791276 9.480420 13.702053 -39.171791 -15.907765 -9.646138 -24.481217 -9.287215 0.000005 -0.000005 0.000002 -9.108306 -0.517879 2.259841 3.338447 -6.714954 72.404773 1.583284 -3.730123 51.736364 2.319075 -2.959916 44.065194 -0.000001 -0.000001 -0.000008 -9.532513 -0.000061 -0.000020 4.079167 -10.321292 71.358620 4.664820 -3.588462 76.872625 1.598821 -3.529016 49.247662 0.000000 -0.000003 0.000005 -9.103597 -0.043100 -1.865129 5.556309 -14.682270 79.281516 6.269951 -2.405943 88.189859 3.889030 -2.238018 44.191423 0.000000 -0.000002 0.000002 -8.076693 -0.486726 -3.806278 7.534645 -20.462866 88.193950 8.043010 -1.181193 76.485824 1.582398 -3.774863 47.915584 0.000004 0.000002 -0.000008 4.570450 11.014702 -2.160858 7.737645 -22.209096 -22.928079 -30.107388 -27.342509 -5.967649 123.830701 -66.882913 116.621150 -42.229793 -3.321885 -7.410981 2.466135 -1.576198 2.681726 -16.378350 1.362051 -9.083906 13.597858 37.351842 15.499589 -12.200652 18.933653 8.621002 -0.000000 0.000003 0.000004 9.109324 -0.518026 2.259871 4.302174 7.977098 -73.992102 2.085277 4.759941 -52.276407 2.702390 3.812697 -44.654254 0.000002 0.000001 -0.000001 9.533423 0.000030 0.000041 5.111306 11.587580 -72.920869 5.710725 4.800753 -77.731951 2.066574 4.444558 -49.891677 -0.000001 -0.000001 0.000004 9.104549 -0.043031 -1.865080 7.001223 15.978220 -81.017894 7.491594 3.472005 -89.186513 4.288545 3.038681 -44.777405 -0.000000 -0.000003 0.000000 8.077789 -0.486902 -3.806273 9.715458 21.711245 -90.271045 9.406029 2.048749 -77.310078 2.262925 4.483259 -48.485016 0.000003 0.000000 0.000003 -8.207784 -6.751674 -1.599563 -26.895301 -15.552954 -14.893789 49.311268 -7.655784 -9.845143 -14.383422 -6.231561 12.940844 0.476541 0.000020 0.000027 0.000000 -0.000001 -0.000000 8.207788 -6.751711 -1.599554 -17.825327 11.723129 15.486542 50.846394 -0.116542 -6.684463 -23.299059 0.646237 -3.639656 -3.220595 0.000004 0.000001 -0.000000 0.000001 0.000000 
-0.806086 92.264259 -1.879333 -8.962041 -2.286487 1.775070 -0.000006 10.181585 0.131520 7.312321 -1.360730 4.757471 1.773100 -0.515835 0.913273 1.768010 -0.496045 0.907441 0.000005 16.740385 -2.049032 6.829719 0.678242 -1.091086 0.000002 9.617884 1.685009 6.702964 -0.428088 -13.717620 0.000001 22.037369 7.501094 0.000000 0.000000 -0.000000 -4.569968 11.014917 -2.160884 5.115547 7.134862 22.399942 -11.758674 37.971125 18.340532 65.163638 64.184121 -65.569154 -43.497117 9.664889 9.099519 -2.464818 -1.573979 2.681854 -17.702324 0.712501 9.658728 13.750233 -39.314186 -15.862247 -9.727386 -24.579986 -9.213180 -0.000003 -0.000003 -0.000001 -9.108304 -0.517863 2.259839 3.414350 -6.734520 73.103740 1.600384 -3.766582 52.156018 2.345955 -2.980842 44.495342 0.000002 0.000000 -0.000008 -9.532514 -0.000053 -0.000022 4.181044 -10.362538 72.035300 4.715612 -3.571096 77.510523 1.626610 -3.554979 49.720666 0.000005 -0.000003 0.000008 -9.103621 -0.043077 -1.865138 5.707952 -14.714801 80.015987 6.311551 -2.325705 88.893109 3.940724 -2.214014 44.609857 0.000001 -0.000006 -0.000000 -8.076701 -0.486716 -3.806275 7.744357 -20.471030 88.974176 8.099016 -1.117342 77.110951 1.624248 -3.759393 48.331935 0.000001 -0.000008 -0.000005 4.570458 11.014719 -2.160856 5.364875 -24.591111 -22.258424 -21.281758 -12.071402 -13.360063 128.104597 -61.636249 125.067730 -42.633204 -1.516513 -7.686129 2.466133 -1.576191 2.681743 -16.274256 1.319147 -8.961180 13.580595 37.260427 15.542951 -12.134097 18.890572 8.686988 0.000004 0.000003 -0.000006 9.109329 -0.518036 2.259876 4.254565 7.959884 -73.529630 2.067764 4.730977 -51.983559 2.678490 3.793162 -44.345317 0.000001 0.000001 0.000000 9.533421 0.000039 0.000049 5.033781 11.555161 -72.465425 5.667179 4.811119 -77.292518 2.041078 4.421499 -49.552537 -0.000000 0.000009 0.000000 9.104532 -0.043046 -1.865065 6.876555 15.953671 -80.508929 7.454243 3.527508 -88.686817 4.249721 3.050990 -44.476010 0.000001 0.000004 0.000001 8.077809 -0.486882 -3.806271 9.526872 21.708288 -89.702049 9.358883 2.093846 -76.876368 2.229624 4.490604 -48.185089 -0.000003 0.000002 0.000000 -8.207784 -6.751672 -1.599564 -28.877931 -14.800293 -14.946190 52.970880 -7.387165 -9.806080 -16.093225 -6.424008 12.641752 0.284519 -0.000003 0.000041 0.000000 0.000006 -0.000000 8.207789 -6.751700 -1.599553 -19.441404 11.782535 16.481684 54.055043 -0.394247 -6.717957 -24.875537 0.735146 -4.167924 -3.185898 -0.000003 -0.000003 -0.000000 -0.000001 -0.000000 
-1.275800 91.531906 -1.852790 -8.420086 -3.210210 2.012246 -0.000005 10.181574 0.131519 9.134381 -1.053990 5.289950 1.924222 -0.487450 0.882199 1.919270 -0.465620 0.862119 -0.000000 16.740358 -2.049033 5.903488 0.854087 -1.230151 -0.000000 9.617906 1.685006 3.059003 0.711197 -14.019838 -0.000000 22.037369 7.501096 0.000001 -0.000000 0.000000 -4.569974 11.014908 -2.160880 8.139202 4.102752 17.378156 -6.830797 32.471986 26.692103 59.242431 60.250779 -63.574281 -43.688031 7.585664 9.916258 -2.464816 -1.573962 2.681836 -17.669184 0.775836 9.651068 13.676715 -39.274708 -15.809258 -9.732854 -24.450930 -9.135159 0.000004 -0.000006 -0.000001 -9.108294 -0.517852 2.259830 3.343355 -6.735729 72.934515 1.602198 -3.764480 52.139840 2.347243 -2.981909 44.515075 -0.000001 -0.000003 0.000004 -9.532509 -0.000026 -0.000035 4.157535 -10.366412 71.902481 4.709075 -3.573794 77.444954 1.627840 -3.555751 49.734422 0.000000 0.000000 0.000005 -9.103595 -0.043063 -1.865139 5.726489 -14.725721 79.930330 6.301396 -2.335914 88.858473 3.932558 -2.216261 44.631547 0.000001 -0.000003 -0.000007 -8.076679 -0.486706 -3.806291 7.842702 -20.489946 88.977318 8.091415 -1.123917 77.063747 1.616432 -3.763217 48.353819 -0.000001 0.000003 -0.000005 4.570450 11.014725 -2.160853 6.035672 -26.031840 -17.042724 -15.821915 1.255168 -24.632242 123.572356 -60.218540 123.371726 -42.987684 -1.115054 -6.822176 2.466142 -1.576212 2.681720 -16.246872 1.307075 -8.929263 13.574996 37.236146 15.553464 -12.117089 18.877460 8.702802 -0.000004 0.000004 0.000000 9.109330 -0.518035 2.259861 4.241217 7.955348 -73.407629 2.063257 4.723427 -51.907423 2.672322 3.788095 -44.265428 0.000002 0.000002 0.000004 9.533428 0.000017 0.000031 5.013340 11.546738 -72.345487 5.655804 4.813784 -77.177723 2.034515 4.415482 -49.464742 -0.000001 0.000004 0.000001 9.104557 -0.043039 -1.865100 6.844524 15.947322 -80.375870 7.444346 3.542036 -88.556797 4.239527 3.054222 -44.398077 -0.000000 -0.000004 -0.000000 8.077819 -0.486896 -3.806287 9.479517 21.707543 -89.554661 9.346490 2.105589 -76.763273 2.220848 4.492574 -48.107570 -0.000004 -0.000007 -0.000000 -8.207788 -6.751677 -1.599566 -30.646687 -14.159438 -14.935120 55.148098 -7.173283 -9.789650 -17.207586 -6.446517 12.227946 0.332365 -0.000004 0.000053 -0.000000 0.000002 0.000000 8.207791 -6.751706 -1.599555 -20.633996 11.918857 16.873559 55.705046 -0.341364 -6.707887 -25.709267 0.824810 -4.509859 -3.290740 -0.000009 -0.000002 -0.000000 0.000001 -0.000000 
-1.817759 91.534172 -1.776384 -7.464523 -3.759188 2.505853 -0.000005 10.181582 0.131522 10.478464 -1.051703 5.661335 2.031308 -0.533788 0.858885 2.025911 -0.510650 0.823012 0.000001 16.740395 -2.049034 4.967314 1.041445 -1.382858 0.000001 9.617885 1.685009 -0.441320 2.149989 -14.199530 -0.000001 22.037354 7.501095 0.000003 0.000000 0.000001 -4.569971 11.014920 -2.160883 10.584209 1.904229 12.817769 -4.804503 26.257884 33.592158 55.315192 58.885124 -61.261428 -43.674289 6.592026 9.898145 -2.464827 -1.573968 2.681839 -17.466488 0.948309 9.476349 13.516213 -39.082482 -15.765146 -9.668476 -24.155195 -9.078875 -0.000005 -0.000000 0.000000 -9.108301 -0.517865 2.259834 3.164514 -6.718840 72.040792 1.589650 -3.727911 51.731907 2.324783 -2.964612 44.154946 -0.000000 0.000001 0.000001 -9.532530 -0.000050 -0.000031 4.029043 -10.334581 71.085481 4.652395 -3.593716 76.760179 1.604320 -3.533286 49.323169 0.000000 -0.000003 0.000007 -9.103613 -0.043074 -1.865137 5.618347 -14.713276 79.134538 6.246754 -2.425723 88.156603 3.872393 -2.241599 44.285154 0.000000 -0.000001 0.000002 -8.076691 -0.486722 -3.806283 7.804306 -20.513602 88.263523 8.028216 -1.192286 76.419742 1.565754 -3.783316 48.009700 -0.000001 -0.000005 -0.000007 4.570447 11.014715 -2.160857 6.688390 -27.073982 -12.289745 -11.274327 11.113937 -35.132912 119.721728 -61.797134 119.450774 -43.137777 -1.171512 -5.204658 2.466135 -1.576215 2.681731 -16.291372 1.333455 -8.976545 13.592970 37.276574 15.546462 -12.140237 18.913793 8.691279 -0.000001 0.000003 -0.000007 9.109308 -0.518044 2.259873 4.271144 7.961566 -73.609277 2.069551 4.734688 -52.020176 2.681016 3.795230 -44.378123 0.000003 0.000001 -0.000001 9.533420 0.000005 0.000042 5.046484 11.558588 -72.538392 5.673512 4.809616 -77.353730 2.043827 4.424044 -49.590015 0.000003 0.000003 -0.000001 9.104533 -0.043054 -1.865086 6.888418 15.955206 -80.581260 7.460506 3.519642 -88.750454 4.255398 3.049333 -44.507715 0.000001 0.000000 -0.000003 8.077812 -0.486913 -3.806272 9.534281 21.706403 -89.768206 9.365799 2.087781 -76.934097 2.234608 4.489286 -48.216552 -0.000000 0.000000 -0.000001 -8.207787 -6.751673 -1.599563 -31.827162 -13.784225 -14.847173 55.461597 -7.232614 -9.783561 -17.526201 -6.496536 11.833911 0.518453 0.000022 0.000034 -0.000000 0.000006 -0.000000 8.207791 -6.751705 -1.599554 -21.295854 12.141687 16.670303 55.425950 -0.268804 -6.664677 -25.562104 0.837626 -4.467611 -3.522308 -0.000003 -0.000002 -0.000000 0.000002 0.000000 
-2.456897 92.286499 -1.627685 -6.240222 -3.388602 2.898180 -0.000005 10.181585 0.131520 10.893225 -1.812148 6.383484 2.018499 -0.790775 0.901579 2.011273 -0.766284 0.850838 0.000004 16.740414 -2.049035 4.285120 1.207254 -1.608776 -0.000003 9.617877 1.685010 -2.712574 3.718927 -14.794565 0.000002 22.037338 7.501096 -0.000000 0.000000 0.000000 -4.569969 11.014924 -2.160884 12.214069 0.242594 9.840904 -1.648706 20.208318 38.181444 54.761848 60.467576 -62.222545 -43.559135 5.107724 9.617596 -2.464814 -1.573982 2.681836 -17.585355 0.820163 9.563905 13.646399 -39.202390 -15.824546 -9.692126 -24.390855 -9.162834 0.000006 -0.000011 0.000001 -9.108309 -0.517877 2.259833 3.308216 -6.730329 72.613203 1.594222 -3.746599 51.935567 2.334384 -2.971935 44.309206 0.000001 0.000004 -0.000006 -9.532524 -0.000051 -0.000031 4.109931 -10.348016 71.592042 4.684586 -3.582633 77.136994 1.614542 -3.543309 49.507202 -0.000003 0.000002 -0.000001 -9.103612 -0.043076 -1.865137 5.656886 -14.709646 79.594052 6.281784 -2.375607 88.521820 3.906373 -2.228351 44.431863 0.000002 -0.000007 -0.000003 -8.076699 -0.486712 -3.806279 7.748584 -20.484731 88.604151 8.064645 -1.155634 76.763881 1.595018 -3.771448 48.155033 0.000003 -0.000005 -0.000012 4.570448 11.014690 -2.160852 6.169641 -27.920188 -9.774825 -7.887899 17.073899 -42.645471 117.753390 -63.199802 116.026759 -43.120876 -1.314948 -3.733328 2.466139 -1.576202 2.681726 -16.326753 1.359456 -9.011103 13.613812 37.309649 15.547747 -12.155489 18.953563 8.692196 0.000002 0.000003 0.000006 9.109313 -0.518051 2.259856 4.300401 7.965542 -73.770599 2.073868 4.742956 -52.102551 2.687059 3.800169 -44.456376 0.000002 0.000003 -0.000002 9.533414 0.000022 0.000031 5.072929 11.566608 -72.690398 5.687020 4.806385 -77.486693 2.050363 4.430026 -49.678066 0.000001 0.000004 0.000003 9.104551 -0.043038 -1.865083 6.917802 15.959707 -80.737030 7.473254 3.502543 -88.892658 4.267619 3.045567 -44.583571 -0.000000 0.000001 0.000001 8.077805 -0.486893 -3.806273 9.562457 21.703696 -89.920397 9.380516 2.074330 -77.061418 2.245252 4.486517 -48.291941 0.000002 0.000004 0.000008 -8.207783 -6.751665 -1.599566 -31.958455 -13.930652 -14.408422 53.805351 -7.329826 -9.771970 -17.054619 -6.746862 11.489982 0.604669 -0.000004 0.000052 -0.000000 0.000001 -0.000000 8.207793 -6.751692 -1.599555 -21.538701 12.443666 16.385354 53.162402 -0.494294 -6.516153 -24.135954 0.866153 -4.615916 -3.712472 -0.000004 -0.000003 0.000000 0.000001 -0.000000 
-3.219524 93.589394 -1.408238 -4.927253 -2.212049 2.978046 -0.000005 10.181586 0.131522 10.291827 -3.490397 7.539691 1.863689 -1.301526 1.019668 1.852542 -1.276962 0.954410 0.000002 16.740368 -2.049035 4.031743 1.349535 -1.877148 -0.000002 9.617868 1.685011 -3.262911 5.340022 -15.512738 0.000003 22.037354 7.501096 0.000000 -0.000000 -0.000000 -4.569968 11.014923 -2.160882 13.300438 -1.174607 8.365692 3.753983 15.703269 41.650507 59.920396 62.622542 -70.817532 -43.504507 2.286746 9.932536 -2.464823 -1.573978 2.681848 -17.782497 0.627137 9.721006 13.836136 -39.397347 -15.895428 -9.742115 -24.735445 -9.263652 -0.000000 -0.000001 0.000009 -9.108320 -0.517859 2.259836 3.517529 -6.742911 73.527724 1.604304 -3.779877 52.303229 2.353255 -2.986306 44.611241 0.000002 0.000001 0.000005 -9.532513 -0.000058 -0.000020 4.240358 -10.372781 72.412969 4.738502 -3.563290 77.783403 1.634511 -3.562479 49.859609 -0.000001 0.000003 -0.000001 -9.103635 -0.043080 -1.865133 5.740044 -14.712692 80.363268 6.336182 -2.289530 89.167259 3.963590 -2.204879 44.721094 -0.000004 -0.000006 -0.000006 -8.076713 -0.486710 -3.806279 7.716130 -20.451711 89.232392 8.124953 -1.091069 77.363162 1.643728 -3.751679 48.441863 -0.000002 -0.000000 -0.000001 4.570446 11.014715 -2.160850 5.448646 -28.051741 -8.252556 -7.690503 19.729632 -45.734895 116.941322 -63.185452 113.778842 -43.017262 -2.011604 -2.263872 2.466131 -1.576223 2.681718 -16.289596 1.325593 -8.978166 13.583345 37.273227 15.538590 -12.143534 18.897673 8.678802 0.000001 0.000001 -0.000003 9.109324 -0.518038 2.259869 4.261084 7.961593 -73.591955 2.070064 4.734907 -52.023980 2.681662 3.795780 -44.386538 0.000001 0.000001 0.000001 9.533415 0.000007 0.000031 5.044064 11.559658 -72.527941 5.673366 4.809847 -77.353812 2.044522 4.424584 -49.598266 -0.000001 -0.000008 0.000002 9.104532 -0.043042 -1.865091 6.892808 15.957250 -80.578460 7.460138 3.520091 -88.755467 4.255173 3.049557 -44.516284 -0.000001 -0.000008 -0.000002 8.077806 -0.486911 -3.806279 9.551226 21.709008 -89.779818 9.365745 2.088005 -76.936678 2.234328 4.489801 -48.225114 0.000004 0.000006 0.000009 -8.207787 -6.751667 -1.599566 -31.038166 -14.602466 -13.480405 50.528858 -7.420751 -9.757711 -15.959208 -7.177746 11.137029 0.590046 -0.000016 0.000056 -0.000000 0.000003 -0.000000 8.207789 -6.751693 -1.599553 -21.531507 13.115531 16.340666 49.432401 -1.201967 -6.123767 -21.706290 0.839532 -4.880845 -3.719343 -0.000000 -0.000000 -0.000000 -0.000000 -0.000000 
-4.088099 95.126282 -1.167342 -3.627659 -0.970063 2.887160 -0.000003 10.181583 0.131521 8.966841 -5.613502 8.637006 1.617586 -1.917860 1.174316 1.600324 -1.897222 1.090310 -0.000005 16.740381 -2.049034 4.186238 1.479078 -2.047714 0.000002 9.617895 1.685005 -2.352558 6.943258 -15.690058 0.000004 22.037338 7.501099 0.000000 0.000000 0.000000 -4.569973 11.014910 -2.160882 13.914595 -2.273250 8.064114 9.697982 13.266047 44.204697 70.752174 62.553611 -86.774043 -43.525319 -0.873248 10.824755 -2.464819 -1.573973 2.681836 -17.975770 0.437186 9.874982 14.022968 -39.589242 -15.962934 -9.792777 -25.072947 -9.363196 -0.000001 -0.000006 0.000002 -9.108310 -0.517871 2.259831 3.722565 -6.749842 74.425559 1.614570 -3.812686 52.665611 2.371975 -3.000371 44.909457 -0.000000 0.000002 -0.000004 -9.532497 -0.000050 -0.000027 4.368986 -10.395173 73.219198 4.791016 -3.543553 78.419205 1.654382 -3.581281 50.207413 -0.000000 -0.000004 0.000005 -9.103616 -0.043074 -1.865138 5.822469 -14.715907 81.119288 6.387871 -2.203980 89.802590 4.019606 -2.181228 45.006729 -0.000003 -0.000001 0.000001 -8.076696 -0.486723 -3.806295 7.685332 -20.422279 89.851398 8.183271 -1.026377 77.952840 1.691312 -3.731915 48.725145 -0.000004 -0.000005 -0.000000 4.570443 11.014721 -2.160854 5.095929 -27.097476 -7.178910 -11.836640 19.854510 -43.832575 116.703795 -64.057667 111.803250 -42.852825 -3.841652 0.151069 2.466133 -1.576207 2.681724 -16.201026 1.240377 -8.902765 13.504816 37.185811 15.509604 -12.118280 18.754164 8.637280 0.000002 0.000000 0.000000 9.109306 -0.518049 2.259856 4.163824 7.952846 -73.172554 2.061788 4.716457 -51.844387 2.669796 3.786070 -44.232008 0.000004 0.000003 -0.000000 9.533420 0.000015 0.000031 4.976022 11.544172 -72.145663 5.641441 4.817779 -77.045026 2.031556 4.412466 -49.420199 0.000001 0.000001 0.000003 9.104529 -0.043043 -1.865094 6.839323 15.952904 -80.211331 7.428495 3.560793 -88.441394 4.225946 3.058694 -44.367693 -0.000002 0.000001 -0.000001 8.077820 -0.486900 -3.806278 9.539776 21.723512 -89.463580 9.330970 2.119386 -76.648526 2.208571 4.497594 -48.077674 -0.000001 -0.000003 0.000009 -8.207787 -6.751659 -1.599563 -29.597884 -15.474548 -12.214136 46.301391 -7.797337 -9.751225 -14.433400 -7.588035 10.710525 0.638158 -0.000006 0.000060 -0.000000 -0.000001 -0.000000 8.207788 -6.751701 -1.599559 -21.413256 14.582896 16.489595 45.030460 -2.655323 -5.371435 -18.965391 0.798996 -5.257370 -3.542682 0.000002 0.000000 -0.000000 0.000000 0.000000 
-4.963012 96.610123 -0.970951 -2.352557 -0.318242 2.869642 -0.000005 10.181579 0.131521 7.316248 -7.507043 9.288091 1.343930 -2.443995 1.313269 1.319626 -2.431632 1.201990 -0.000002 16.740395 -2.049035 4.581439 1.597228 -2.036232 0.000004 9.617874 1.685013 -0.626028 8.478466 -15.109499 0.000001 22.037354 7.501095 0.000001 -0.000000 0.000000 -4.569973 11.014897 -2.160879 14.023553 -3.100774 8.269209 13.599117 12.121991 44.788402 81.773545 60.164179 -102.846530 -43.644185 -2.708966 11.005422 -2.464821 -1.573972 2.681835 -18.165084 0.250459 10.025862 14.206825 -39.777984 -16.027230 -9.844002 -25.403200 -9.461457 0.000008 -0.000014 -0.000003 -9.108308 -0.517861 2.259835 3.923114 -6.751420 75.306237 1.625002 -3.844999 53.022420 2.390530 -3.014122 45.203613 0.000001 0.000002 0.000005 -9.532525 -0.000041 -0.000020 4.495706 -10.415323 74.010373 4.842199 -3.523463 79.043997 1.674090 -3.599731 50.550343 0.000001 0.000006 0.000006 -9.103601 -0.043078 -1.865129 5.904100 -14.719297 81.861689 6.436865 -2.119086 90.427422 4.074408 -2.157495 45.288546 0.000000 -0.000005 0.000000 -8.076697 -0.486721 -3.806283 7.656208 -20.396284 90.460747 8.239597 -0.961729 78.532491 1.737817 -3.712142 49.004633 0.000001 0.000007 0.000004 4.570445 11.014713 -2.160852 4.709732 -25.395702 -7.028928 -19.455387 17.761835 -38.471239 114.285696 -68.449772 106.391220 -42.610514 -6.423869 3.167829 2.466129 -1.576205 2.681726 -16.241217 1.279735 -8.935977 13.541361 37.225163 15.524755 -12.129079 18.821068 8.658201 -0.000003 -0.000001 -0.000003 9.109311 -0.518058 2.259856 4.211088 7.957322 -73.370821 2.065309 4.724537 -51.923423 2.674894 3.790224 -44.298261 0.000003 0.000001 -0.000002 9.533413 0.000023 0.000030 5.006985 11.551112 -72.320673 5.655814 4.814318 -77.183112 2.037127 4.417713 -49.497141 0.000003 -0.000002 0.000000 9.104551 -0.043057 -1.865092 6.862229 15.954560 -80.377987 7.443131 3.542747 -88.580457 4.238999 3.054759 -44.431350 0.000004 -0.000001 0.000004 8.077808 -0.486891 -3.806273 9.541159 21.716860 -89.602356 9.346643 2.105648 -76.776264 2.220114 4.494177 -48.140823 -0.000001 0.000002 -0.000001 -8.207783 -6.751675 -1.599564 -28.220395 -16.150266 -10.929018 41.890810 -8.198236 -9.752914 -12.760749 -7.723488 10.137549 0.766518 -0.000002 0.000027 -0.000000 0.000004 -0.000000 8.207790 -6.751706 -1.599556 -21.362004 17.072908 16.596354 40.647487 -4.658064 -4.165539 -16.085224 0.821324 -5.946994 -3.214131 0.000003 -0.000002 -0.000000 -0.000000 -0.000000 
-5.729523 97.844429 -0.861153 -1.148760 -0.483503 3.066518 -0.000003 10.181583 0.131522 5.754399 -8.834171 9.532079 1.076258 -2.801727 1.393765 1.045869 -2.799909 1.246524 0.000003 16.740385 -2.049035 5.058651 1.703839 -1.907153 0.000002 9.617864 1.685006 1.253056 10.080015 -14.188606 0.000002 22.037354 7.501098 0.000000 -0.000000 0.000000 -4.569969 11.014901 -2.160889 13.666776 -3.879923 8.202833 13.175621 11.186883 42.442813 90.653672 58.119172 -114.263573 -43.855706 -2.530917 9.054512 -2.464817 -1.573974 2.681848 -18.350372 0.067059 10.173525 14.387542 -39.963399 -16.088324 -9.895684 -25.726157 -9.558352 0.000002 -0.000006 0.000004 -9.108321 -0.517868 2.259832 4.118997 -6.748011 76.169334 1.635610 -3.876794 53.373332 2.408887 -3.027562 45.493455 -0.000001 -0.000001 -0.000011 -9.532526 -0.000050 -0.000028 4.620392 -10.433298 74.786077 4.891980 -3.503074 79.657361 1.693582 -3.617792 50.888092 -0.000000 0.000003 -0.000001 -9.103615 -0.043077 -1.865141 5.984877 -14.722789 82.590128 6.483220 -2.034983 91.041319 4.127938 -2.133714 45.566241 0.000000 0.000001 -0.000008 -8.076705 -0.486713 -3.806283 7.628785 -20.373546 91.060021 8.293910 -0.897223 79.101746 1.783197 -3.692385 49.280013 0.000002 -0.000000 -0.000010 4.570448 11.014699 -2.160856 3.991581 -23.513013 -7.700014 -27.984064 14.165498 -32.146531 97.340052 -75.177508 85.272146 -42.398765 -8.644927 4.905001 2.466146 -1.576223 2.681747 -16.335808 1.370859 -9.015441 13.624907 37.316783 15.560583 -12.155884 18.974940 8.704042 -0.000002 -0.000004 0.000001 9.109308 -0.518051 2.259877 4.315742 7.965230 -73.819038 2.073665 4.743706 -52.110290 2.686959 3.800047 -44.454952 0.000006 -0.000002 0.000002 9.533427 -0.000008 0.000049 5.078673 11.567150 -72.724794 5.689590 4.805970 -77.508652 2.050370 4.430070 -49.679053 0.000000 -0.000007 -0.000002 9.104548 -0.043064 -1.865073 6.917234 15.959114 -80.764958 7.477153 3.499847 -88.908094 4.269879 3.045314 -44.581857 0.000003 -0.000000 0.000001 8.077816 -0.486910 -3.806268 9.549599 21.702045 -89.932090 9.383485 2.072890 -77.078391 2.247374 4.485981 -48.289991 0.000003 0.000006 -0.000001 -8.207784 -6.751679 -1.599567 -27.253271 -16.417586 -9.912249 37.952902 -8.421259 -9.749357 -11.204005 -7.325219 9.490573 0.858308 -0.000017 0.000038 -0.000000 -0.000001 -0.000000 8.207794 -6.751696 -1.599556 -21.521311 20.481451 16.437142 37.024396 -6.735524 -2.415785 -13.539232 0.837384 -6.984504 -2.709398 0.000003 -0.000001 0.000000 -0.000001 -0.000000 
-6.350830 98.735214 -0.837551 -0.099827 -1.551111 3.534073 -0.000007 10.181581 0.131520 4.589258 -9.555413 9.577906 0.823380 -3.001546 1.407291 0.788712 -3.010786 1.218155 0.000000 16.740400 -2.049032 5.549074 1.803561 -1.813770 0.000004 9.617878 1.685010 2.876545 11.958937 -13.507500 0.000002 22.037354 7.501093 -0.000000 0.000000 -0.000000 -4.569970 11.014918 -2.160881 12.800577 -4.316943 7.485459 6.755823 10.074381 37.434597 98.344315 58.285412 -120.038157 -43.867740 -0.702882 4.925366 -2.464825 -1.573949 2.681836 -18.531505 -0.112882 10.317923 14.565015 -40.145403 -16.146320 -9.947714 -26.041609 -9.653826 -0.000000 -0.000007 0.000001 -9.108311 -0.517849 2.259827 4.310101 -6.739886 77.014365 1.646321 -3.907988 53.718103 2.427016 -3.040698 45.778697 0.000001 -0.000000 0.000007 -9.532525 -0.000040 -0.000025 4.742953 -10.449150 75.545861 4.940353 -3.482456 80.258957 1.712934 -3.635436 51.220395 0.000001 -0.000002 0.000010 -9.103620 -0.043073 -1.865142 6.064676 -14.726347 83.304095 6.526993 -1.951805 91.643838 4.180182 -2.109939 45.839568 0.000001 -0.000003 -0.000008 -8.076685 -0.486707 -3.806282 7.602999 -20.353875 91.648735 8.346211 -0.833004 79.660285 1.827394 -3.672723 49.551069 -0.000003 -0.000000 -0.000015 4.570450 11.014715 -2.160852 3.006649 -21.648220 -8.833918 -35.166011 10.321977 -26.030601 49.552520 -75.261834 33.066578 -42.383837 -9.915739 4.401210 2.466136 -1.576207 2.681734 -16.433573 1.471331 -9.093845 13.720785 37.415834 15.597224 -12.180160 19.147126 8.763753 0.000000 0.000004 0.000001 9.109304 -0.518026 2.259872 4.433233 7.972607 -74.293819 2.082283 4.763342 -52.301641 2.699316 3.810041 -44.615322 0.000001 -0.000003 0.000000 9.533422 0.000038 0.000041 5.154722 11.581792 -73.150370 5.724069 4.797193 -77.841945 2.063941 4.442658 -49.865247 0.000001 0.000004 0.000006 9.104555 -0.043043 -1.865077 6.969462 15.961614 -81.165487 7.511602 3.455704 -89.243532 4.301463 3.035489 -44.735871 0.000002 -0.000002 -0.000004 8.077804 -0.486893 -3.806270 9.541877 21.684901 -90.261257 9.421017 2.039003 -77.387717 2.275203 4.477412 -48.442697 0.000004 0.000002 0.000003 -8.207787 -6.751653 -1.599566 -26.873938 -16.276339 -9.316517 34.962990 -8.566058 -9.739991 -10.001105 -6.149505 8.867022 0.900692 -0.000016 0.000022 -0.000000 -0.000001 -0.000000 8.207793 -6.751702 -1.599554 -21.806130 24.486346 15.921004 34.533327 -8.542991 -0.091760 -11.582049 0.592659 -8.149319 -2.134104 0.000015 -0.000000 -0.000000 0.000001 -0.000000 
-6.858608 99.255959 -0.876365 0.785638 -3.689687 4.316770 -0.000005 10.181592 0.131521 3.951831 -9.603245 9.550858 0.596235 -3.032957 1.377977 0.559062 -3.053120 1.143875 -0.000002 16.740402 -2.049035 6.001550 1.895261 -1.861904 0.000001 9.617872 1.685013 4.156589 14.100254 -13.341574 0.000001 22.037338 7.501098 -0.000001 0.000000 0.000000 -4.569973 11.014937 -2.160882 11.342390 -3.774454 6.186206 -5.568137 9.554197 31.499811 103.613041 60.890884 -119.042479 -43.096653 1.911691 0.176208 -2.464821 -1.573966 2.681842 -18.708447 -0.289237 10.458977 14.739138 -40.323815 -16.201296 -9.999955 -26.349475 -9.747769 0.000005 -0.000010 0.000006 -9.108293 -0.517871 2.259838 4.496229 -6.727429 77.840927 1.657134 -3.938620 54.056450 2.444911 -3.053507 46.059060 -0.000001 0.000002 0.000003 -9.532530 -0.000057 -0.000013 4.863227 -10.463021 76.289354 4.987352 -3.461663 80.848355 1.732024 -3.652659 51.546878 -0.000007 -0.000001 0.000003 -9.103601 -0.043069 -1.865130 6.143469 -14.729948 84.003233 6.568245 -1.869624 92.234547 4.231103 -2.086198 46.108292 0.000001 0.000001 -0.000006 -8.076712 -0.486728 -3.806278 7.578882 -20.337151 92.226460 8.396545 -0.769089 80.207622 1.870403 -3.653162 49.817515 0.000001 -0.000005 -0.000007 4.570448 11.014720 -2.160854 1.899561 -19.710524 -10.596441 -40.762603 6.960425 -20.176249 24.059876 -63.539775 3.578395 -42.514482 -10.576683 2.803770 2.466139 -1.576203 2.681737 -16.534092 1.580017 -9.171244 13.827607 37.521436 15.634441 -12.202257 19.335547 8.835972 -0.000003 -0.000001 0.000004 9.109308 -0.518061 2.259866 4.562137 7.978951 -74.792060 2.091181 4.783374 -52.496885 2.711983 3.820200 -44.778853 -0.000002 0.000002 0.000003 9.533421 0.000000 0.000036 5.234637 11.594981 -73.594892 5.759178 4.788017 -78.182116 2.077847 4.455444 -50.055164 0.000003 -0.000003 -0.000005 9.104559 -0.043035 -1.865081 7.019227 15.962328 -81.577922 7.546283 3.410345 -89.585670 4.333618 3.025327 -44.892945 -0.000002 0.000006 -0.000013 8.077815 -0.486897 -3.806258 9.519705 21.665949 -90.589748 9.459021 2.004127 -77.703408 2.303560 4.468594 -48.598411 0.000001 0.000002 0.000003 -8.207788 -6.751669 -1.599567 -27.252515 -15.801378 -9.174038 33.247332 -8.743981 -9.719686 -9.343491 -4.108516 8.262345 0.970350 0.000018 -0.000002 -0.000000 0.000004 -0.000000 8.207791 -6.751694 -1.599557 -22.077709 28.706865 15.096364 33.264538 -9.808659 2.621982 -10.143511 -0.128050 -9.074299 -1.858012 0.000003 -0.000001 0.000000 -0.000002 -0.000000 
-7.255021 99.384766 -0.965229 1.581904 -6.968355 5.482595 -0.000008 10.181587 0.131520 3.936618 -8.865285 9.455705 0.417493 -2.861549 1.320970 0.379851 -2.892003 1.040502 -0.000001 16.740395 -2.049034 6.309716 1.969466 -2.045648 -0.000003 9.617866 1.685012 5.019652 16.250169 -13.594001 -0.000001 22.037338 7.501096 0.000001 0.000000 0.000000 -4.569971 11.014902 -2.160884 9.401432 -2.121335 4.666609 -21.192400 10.531244 26.788251 102.276503 65.004276 -108.899956 -41.034878 4.123218 -3.362703 -2.464825 -1.573985 2.681844 -18.881056 -0.461925 10.596612 14.909721 -40.498483 -16.253338 -10.052272 -26.649651 -9.840172 -0.000004 0.000002 0.000005 -9.108281 -0.517875 2.259845 4.677273 -6.710970 78.648542 1.668014 -3.968672 54.388127 2.462572 -3.065972 46.334333 0.000002 -0.000003 -0.000011 -9.532522 -0.000047 -0.000018 4.981124 -10.475015 77.016127 5.032900 -3.440742 81.425158 1.750857 -3.669491 51.867336 -0.000005 0.000000 -0.000000 -9.103617 -0.043082 -1.865123 6.221185 -14.733591 84.687160 6.607073 -1.788646 92.813050 4.280714 -2.062512 46.372138 -0.000002 0.000000 -0.000009 -8.076694 -0.486718 -3.806267 7.556379 -20.323168 92.792744 8.444877 -0.705699 80.743477 1.912256 -3.633732 50.079142 0.000001 -0.000002 -0.000004 4.570447 11.014714 -2.160855 0.826876 -17.673719 -13.168943 -45.528511 4.268655 -14.675469 19.533552 -48.298959 -4.673818 -42.589064 -11.185955 1.739040 2.466135 -1.576210 2.681754 -16.636932 1.695955 -9.247590 13.944151 37.632795 15.671931 -12.222629 19.538052 8.919274 -0.000002 0.000001 -0.000003 9.109328 -0.518043 2.259869 4.701013 7.983834 -75.310636 2.100340 4.803706 -52.695429 2.724873 3.830499 -44.945104 -0.000001 -0.000004 0.000002 9.533415 0.000020 0.000049 5.317945 11.606789 -74.055841 5.794781 4.778388 -78.528099 2.092041 4.468422 -50.248250 -0.000004 -0.000003 0.000001 9.104528 -0.043052 -1.865059 7.066759 15.961572 -82.000581 7.581085 3.363917 -89.933593 4.366282 3.014817 -45.052628 -0.000006 -0.000002 0.000000 8.077820 -0.486895 -3.806261 9.484876 21.645732 -90.917550 9.497418 1.968247 -78.024468 2.332326 4.459494 -48.756718 0.000001 -0.000004 -0.000001 -8.207787 -6.751666 -1.599564 -28.569324 -15.008678 -9.489177 33.092243 -8.671738 -9.675567 -9.334792 -1.502152 7.620939 1.060947 0.000028 0.000003 -0.000000 -0.000002 -0.000000 8.207790 -6.751702 -1.599555 -22.315270 32.773915 14.127404 33.204224 -9.809172 5.244276 -9.273464 -1.704428 -9.677949 -2.212902 0.000002 -0.000001 -0.000000 0.000002 -0.000000 
-7.481226 99.067749 -1.098767 2.311070 -11.117735 7.129658 -0.000002 10.181596 0.131523 4.701471 -7.421039 9.204508 0.312252 -2.500236 1.222052 0.276679 -2.539456 0.894412 -0.000003 16.740404 -2.049035 6.380396 2.018488 -2.331785 -0.000002 9.617890 1.685010 5.170888 18.166176 -13.996951 0.000001 22.037354 7.501090 0.000003 -0.000000 0.000000 -4.569978 11.014904 -2.160883 7.114792 0.168044 3.428363 -36.887154 12.857537 24.705687 88.758506 67.958968 -85.804736 -37.706093 5.133322 -4.985691 -2.464810 -1.573965 2.681833 -19.049290 -0.630768 10.730776 15.076746 -40.669333 -16.302550 -10.104581 -26.941987 -9.930845 -0.000003 0.000000 -0.000008 -9.108282 -0.517878 2.259836 4.853161 -6.690823 79.436794 1.678952 -3.998044 54.712814 2.479960 -3.078084 46.604228 -0.000000 -0.000005 0.000002 -9.532517 -0.000063 -0.000031 5.096544 -10.485181 77.725743 5.077032 -3.419794 81.989003 1.769443 -3.685886 52.181392 -0.000004 -0.000002 0.000011 -9.103615 -0.043080 -1.865153 6.297710 -14.737187 85.355365 6.643488 -1.708913 93.378945 4.328948 -2.039002 46.630846 -0.000001 0.000002 0.000006 -8.076705 -0.486721 -3.806284 7.535489 -20.311751 93.347137 8.491268 -0.642870 81.267401 1.952907 -3.614455 50.335711 0.000001 -0.000000 -0.000001 4.570449 11.014711 -2.160856 -0.050352 -15.676136 -16.026110 -49.254140 2.838944 -9.728578 20.931786 -35.154256 -7.004756 -42.530208 -11.868428 1.741295 2.466135 -1.576200 2.681724 -16.741755 1.818049 -9.322971 14.069087 37.749120 15.709549 -12.241708 19.752552 9.012234 0.000007 0.000012 -0.000002 9.109318 -0.518043 2.259867 4.848345 7.986842 -75.846437 2.109690 4.824321 -52.896752 2.737963 3.840866 -45.113639 -0.000004 -0.000001 0.000001 9.533401 0.000009 0.000038 5.404101 11.617156 -74.530669 5.830727 4.768402 -78.878884 2.106441 4.481517 -50.443993 0.000001 -0.000002 -0.000002 9.104557 -0.043037 -1.865066 7.112323 15.959598 -82.431839 7.615901 3.316551 -90.286310 4.399316 3.003986 -45.214452 -0.000005 -0.000002 -0.000009 8.077804 -0.486896 -3.806272 9.439019 21.624731 -91.244531 9.536095 1.931553 -78.350022 2.361407 4.450129 -48.917132 0.000002 0.000001 -0.000002 -8.207788 -6.751663 -1.599563 -30.893174 -13.824873 -10.308516 34.802833 -7.735368 -9.644829 -10.045776 0.998783 6.930023 1.132218 -0.000009 0.000011 -0.000000 0.000003 -0.000000 8.207791 -6.751684 -1.599555 -22.508776 36.405141 13.125872 34.467419 -9.799717 7.170653 -9.364172 -2.478949 -9.825885 -3.047809 0.000006 -0.000005 -0.000000 0.000000 -0.000000 
-7.503170 98.241325 -1.228614 2.858583 -15.531461 9.250598 -0.000004 10.181583 0.131522 6.294857 -5.623113 8.763260 0.299291 -2.034518 1.065278 0.268148 -2.079690 0.689288 0.000001 16.740396 -2.049031 6.252869 2.032023 -2.718190 0.000003 9.617849 1.685015 4.387049 19.712742 -14.401546 0.000002 22.037369 7.501091 0.000001 -0.000000 -0.000000 -4.569972 11.014905 -2.160882 4.532490 2.604219 2.587504 -50.424729 15.643534 25.384029 65.936099 65.703005 -53.985211 -33.482414 5.295038 -5.383814 -2.464809 -1.573970 2.681843 -19.213042 -0.795716 10.861386 15.240005 -40.836181 -16.348944 -10.156736 -27.226357 -10.019831 0.000003 -0.000008 0.000002 -9.108311 -0.517867 2.259845 5.023745 -6.667331 80.205238 1.689869 -4.026758 55.030271 2.497026 -3.089896 46.868458 -0.000004 -0.000002 -0.000001 -9.532517 -0.000054 -0.000030 5.209343 -10.493655 78.417887 5.119692 -3.398830 82.539482 1.787707 -3.701843 52.488836 0.000005 0.000003 0.000003 -9.103606 -0.043075 -1.865135 6.372979 -14.740783 86.007525 6.677598 -1.630594 93.931767 4.375808 -2.015645 46.884136 -0.000000 -0.000003 -0.000002 -8.076692 -0.486723 -3.806284 7.516121 -20.302739 93.889187 8.535702 -0.580749 81.779084 1.992334 -3.595385 50.586888 0.000003 -0.000004 -0.000004 4.570445 11.014687 -2.160851 -0.650747 -13.823675 -18.257893 -50.990463 3.764130 -5.474366 22.083728 -28.720112 -7.510978 -42.477285 -12.130571 2.052977 2.466150 -1.576204 2.681745 -16.848169 1.945294 -9.397391 14.201118 37.869526 15.747073 -12.259814 19.977011 9.113343 -0.000001 0.000003 -0.000003 9.109337 -0.518047 2.259872 5.002669 7.987677 -76.396424 2.119269 4.845171 -53.100274 2.751240 3.851290 -45.283929 -0.000003 0.000002 0.000008 9.533416 0.000007 0.000053 5.492604 11.626142 -75.016856 5.866960 4.758047 -79.233521 2.121066 4.494714 -50.641792 0.000002 -0.000000 -0.000004 9.104557 -0.043041 -1.865075 7.156203 15.956649 -82.870023 7.650595 3.268354 -90.642826 4.432642 2.992885 -45.377970 -0.000003 -0.000002 -0.000001 8.077822 -0.486897 -3.806264 9.383958 21.603414 -91.570659 9.574866 1.894078 -78.679128 2.390767 4.440532 -49.079253 -0.000003 -0.000005 0.000005 -8.207786 -6.751662 -1.599559 -34.029754 -12.197485 -11.637839 38.461823 -5.880580 -9.670312 -11.459503 2.786677 6.205827 1.099922 0.000006 -0.000000 -0.000000 0.000001 -0.000000 8.207792 -6.751693 -1.599553 -22.586891 39.432871 12.208614 37.114186 -9.786723 8.079763 -10.782437 -2.509914 -9.718047 -3.774023 0.000002 -0.000002 -0.000000 -0.000000 -0.000000 
-7.400224 96.914566 -1.256332 3.037065 -19.441198 11.499184 -0.000006 10.181583 0.131522 8.383786 -3.837853 8.326189 0.374300 -1.560934 0.874903 0.348831 -1.608039 0.447615 0.000003 16.740396 -2.049033 6.100536 1.976029 -3.138932 -0.000002 9.617884 1.685008 2.950939 20.645444 -14.872151 0.000008 22.037369 7.501092 -0.000000 -0.000000 -0.000002 -4.569967 11.014917 -2.160884 2.152175 5.231731 1.193159 -59.609554 17.958647 26.975545 47.384502 57.675005 -28.930202 -28.714023 5.338649 -5.875709 -2.464815 -1.574000 2.681827 -19.372211 -0.956572 10.988399 15.399382 -40.998911 -16.392743 -10.208580 -27.502655 -10.106939 -0.000001 0.000000 0.000004 -9.108311 -0.517883 2.259828 5.188940 -6.640821 80.953444 1.700806 -4.054777 55.340218 2.513810 -3.101327 47.126762 -0.000006 0.000000 -0.000000 -9.532534 -0.000075 -0.000042 5.319459 -10.500519 79.092054 5.160947 -3.377921 83.076165 1.805681 -3.717343 52.789279 0.000003 0.000001 0.000011 -9.103610 -0.043073 -1.865138 6.446890 -14.744300 86.643169 6.709472 -1.553753 94.471092 4.421287 -1.992520 47.131813 -0.000002 0.000000 -0.000002 -8.076690 -0.486741 -3.806289 7.498289 -20.295972 94.418445 8.578226 -0.519458 82.278139 2.030531 -3.576536 50.832494 -0.000003 -0.000002 -0.000006 4.570456 11.014722 -2.160856 -0.938179 -12.098043 -19.552784 -50.889622 7.259293 -2.397577 19.464945 -31.926958 -6.971913 -42.540225 -11.299903 1.551791 2.466132 -1.576210 2.681749 -16.955793 2.076630 -9.470928 14.338886 37.993207 15.784364 -12.277369 20.209297 9.221188 0.000002 0.000001 0.000002 9.109324 -0.518044 2.259877 5.162459 7.986032 -76.957360 2.128994 4.866164 -53.305422 2.764642 3.861781 -45.455530 -0.000003 -0.000004 -0.000003 9.533417 0.000019 0.000059 5.582954 11.633816 -75.511833 5.903347 4.747307 -79.591033 2.135829 4.507987 -50.841155 0.000000 0.000001 -0.000002 9.104548 -0.043034 -1.865063 7.198660 15.953018 -83.313493 7.685016 3.219467 -91.002094 4.466173 2.981543 -45.542735 -0.000001 0.000003 0.000004 8.077804 -0.486912 -3.806256 9.321399 21.582191 -91.895803 9.613674 1.855922 -79.010891 2.420267 4.430759 -49.242587 -0.000004 0.000006 0.000006 -8.207785 -6.751675 -1.599564 -37.412518 -10.281178 -13.242004 43.625221 -3.738659 -9.781122 -13.503247 3.757253 5.502381 0.998261 -0.000011 -0.000001 0.000000 -0.000003 -0.000000 8.207789 -6.751709 -1.599555 -22.524431 41.823608 11.565402 40.857478 -9.781316 8.175947 -13.433000 -2.246693 -9.529915 -3.934772 0.000002 -0.000001 0.000000 -0.000001 -0.000000 
-7.327768 95.174263 -1.105155 2.617720 -22.156164 13.192781 -0.000003 10.181589 0.131521 10.398415 -2.149391 8.231626 0.506028 -1.114970 0.722336 0.486263 -1.160420 0.238517 -0.000001 16.740362 -2.049029 6.080104 1.802294 -3.407147 -0.000011 9.617860 1.685018 1.477157 20.480937 -15.327110 0.000004 22.037338 7.501095 0.000001 0.000000 0.000000 -4.569970 11.014912 -2.160882 1.227929 8.319731 -2.091481 -62.295724 19.343191 26.232877 35.201443 47.588923 -14.874520 -23.760237 5.274072 -6.903354 -2.464811 -1.573986 2.681833 -19.526725 -1.113250 11.111709 15.554759 -41.157395 -16.433900 -10.260039 -27.770755 -10.192135 0.000004 -0.000002 0.000009 -9.108276 -0.517873 2.259832 5.348691 -6.611611 81.680989 1.711700 -4.082057 55.642372 2.530218 -3.112424 47.378922 -0.000000 0.000004 0.000001 -9.532521 -0.000066 -0.000026 5.426800 -10.505862 79.747861 5.200701 -3.357123 83.598722 1.823274 -3.732396 53.082434 -0.000001 0.000002 0.000009 -9.103614 -0.043080 -1.865143 6.519385 -14.747729 87.261889 6.739177 -1.478521 94.996477 4.465311 -1.969646 47.373584 -0.000003 0.000004 -0.000004 -8.076698 -0.486727 -3.806286 7.481939 -20.291259 94.934432 8.618845 -0.459083 82.764141 2.067483 -3.558010 51.072231 -0.000002 -0.000003 -0.000003 4.570450 11.014719 -2.160853 -0.786522 -10.494209 -20.314268 -50.271234 12.026355 -1.459275 13.348327 -44.534705 -7.680904 -42.362455 -9.677311 0.683819 2.466127 -1.576215 2.681747 -17.064195 2.211050 -9.543576 14.481137 38.119293 15.821146 -12.294681 20.447349 9.334311 -0.000004 -0.000004 -0.000004 9.109312 -0.518043 2.259889 5.326253 7.981739 -77.526192 2.138886 4.887273 -53.511616 2.778155 3.872263 -45.627983 -0.000000 0.000004 -0.000003 9.533403 0.000027 0.000053 5.674630 11.640224 -76.013168 5.939821 4.736276 -79.950370 2.150713 4.521240 -51.041498 0.000003 -0.000005 0.000005 9.104548 -0.043043 -1.865068 7.239980 15.948946 -83.760550 7.719116 3.170037 -91.363172 4.499807 2.969976 -45.708333 -0.000003 0.000001 0.000002 8.077806 -0.486906 -3.806253 9.253115 21.561406 -92.219889 9.652341 1.817257 -79.344306 2.449844 4.420770 -49.406754 -0.000001 0.000003 0.000005 -8.207785 -6.751661 -1.599564 -40.299499 -8.402321 -14.776266 49.580797 -2.172545 -9.819300 -16.138115 4.290945 4.930718 0.974721 -0.000006 0.000022 -0.000000 0.000001 -0.000000 8.207790 -6.751694 -1.599555 -22.707795 43.523311 11.692521 45.452348 -9.781525 8.072381 -16.847531 -2.111058 -9.361132 -3.625187 0.000001 0.000000 0.000000 -0.000000 -0.000000 
-7.378947 93.152679 -0.785770 1.422088 -23.223412 13.749520 -0.000006 10.181578 0.131520 11.960827 -0.482750 8.188820 0.659144 -0.693936 0.673246 0.644449 -0.735908 0.127047 0.000010 16.740410 -2.049031 6.190343 1.496203 -3.366481 0.000000 9.617908 1.685006 0.211571 18.866740 -15.281536 -0.000001 22.037323 7.501097 0.000000 0.000000 0.000001 -4.569956 11.014938 -2.160886 2.439994 11.017354 -6.725540 -58.982222 19.194954 21.885934 26.559028 40.048688 -8.668545 -19.075964 4.694302 -7.729102 -2.464821 -1.573973 2.681844 -19.676501 -1.265610 11.231283 15.706032 -41.311504 -16.472579 -10.310961 -28.030538 -10.275300 -0.000003 -0.000006 -0.000006 -9.108306 -0.517874 2.259841 5.502896 -6.580030 82.387463 1.722558 -4.108651 55.936456 2.546275 -3.123098 47.624597 -0.000002 -0.000002 0.000007 -9.532521 -0.000048 -0.000022 5.531205 -10.509834 80.384940 5.239020 -3.336508 84.106704 1.840519 -3.746970 53.368062 0.000003 -0.000001 0.000005 -9.103607 -0.043079 -1.865134 6.590369 -14.751064 87.863287 6.766796 -1.405005 95.507567 4.507908 -1.947119 47.609198 -0.000001 0.000001 -0.000001 -8.076687 -0.486735 -3.806277 7.467002 -20.288425 95.436710 8.657591 -0.399740 83.236742 2.103185 -3.539760 51.305833 -0.000003 0.000003 0.000002 4.570456 11.014712 -2.160850 -0.047602 -9.160428 -20.859379 -49.624555 16.731554 -3.428947 5.159425 -63.009875 -12.798437 -41.343606 -8.457278 1.427172 2.466119 -1.576199 2.681727 -17.173027 2.347527 -9.615411 14.626486 38.247017 15.857380 -12.312085 20.689063 9.451150 0.000001 -0.000002 -0.000010 9.109317 -0.518037 2.259871 5.492541 7.974704 -78.099791 2.148899 4.908422 -53.718359 2.791735 3.882725 -45.800810 0.000001 0.000005 0.000002 9.533417 0.000021 0.000052 5.767111 11.645435 -76.518261 5.976229 4.724943 -80.310566 2.165687 4.534484 -51.242306 0.000004 -0.000005 -0.000000 9.104539 -0.043038 -1.865070 7.280428 15.944633 -84.209607 7.752742 3.120166 -91.725042 4.533445 2.958198 -45.874269 -0.000003 -0.000000 0.000002 8.077818 -0.486892 -3.806256 9.180846 21.541467 -92.542861 9.690841 1.778051 -79.678555 2.479407 4.410630 -49.571215 -0.000004 0.000001 0.000004 -8.207784 -6.751671 -1.599566 -42.123805 -6.969187 -15.892170 55.549686 -2.095420 -9.825329 -19.187130 4.642606 4.860328 1.012390 0.000003 0.000007 -0.000000 0.000001 -0.000000 8.207791 -6.751712 -1.599555 -23.799821 44.360446 13.174506 50.933120 -9.773576 8.335956 -20.324158 -2.546382 -9.126444 -3.281462 0.000002 -0.000004 -0.000000 0.000000 -0.000000 
-7.519390 91.068474 -0.383705 -0.433945 -22.489308 13.143626 -0.000008 10.181577 0.131520 13.004650 1.079736 8.241998 0.798300 -0.330253 0.731352 0.787858 -0.368078 0.118959 0.000008 16.740417 -2.049038 6.330042 1.096093 -3.075570 -0.000003 9.617880 1.685010 -1.080557 16.050280 -14.389612 0.000003 22.037323 7.501100 -0.000002 -0.000000 -0.000001 -4.569965 11.014923 -2.160885 4.108340 11.597607 -9.570581 -52.914288 17.198362 16.077980 20.245581 38.422778 -5.675188 -15.098581 3.343128 -7.954730 -2.464807 -1.573957 2.681835 -19.821455 -1.413541 11.347036 15.853031 -41.461092 -16.508856 -10.361213 -28.281863 -10.356378 0.000009 -0.000008 0.000004 -9.108300 -0.517861 2.259832 5.651530 -6.546389 83.072435 1.733290 -4.134457 56.222193 2.561939 -3.133449 47.863579 0.000003 -0.000003 -0.000005 -9.532530 -0.000053 -0.000030 5.632644 -10.512459 81.002833 5.275853 -3.316137 84.599741 1.857357 -3.761069 53.645846 -0.000001 -0.000003 0.000005 -9.103614 -0.043077 -1.865139 6.659700 -14.754288 88.446927 6.792423 -1.333350 96.003923 4.549038 -1.924940 47.838406 -0.000006 -0.000002 0.000006 -8.076708 -0.486718 -3.806277 7.453373 -20.287345 95.924830 8.694482 -0.341576 83.695513 2.137587 -3.521836 51.533108 0.000001 -0.000007 0.000003 4.570455 11.014731 -2.160855 1.199648 -8.412512 -20.982896 -47.448310 21.101680 -8.397350 -16.488183 -82.645726 -34.225176 -39.312100 -7.939125 4.541802 2.466133 -1.576213 2.681730 -17.281893 2.484958 -9.686531 14.773540 38.375455 15.892877 -12.329881 20.932397 9.570287 -0.000003 -0.000001 -0.000003 9.109324 -0.518049 2.259865 5.659854 7.964842 -78.675037 2.158994 4.929532 -53.924979 2.805342 3.893116 -45.973525 -0.000001 0.000002 -0.000000 9.533409 0.000019 0.000036 5.859962 11.649580 -77.024583 6.012495 4.713325 -80.670633 2.180679 4.547664 -51.443007 0.000004 -0.000000 -0.000005 9.104526 -0.043034 -1.865077 7.320334 15.940290 -84.658938 7.785844 3.070045 -92.086728 4.567015 2.946274 -46.040075 -0.000004 -0.000002 -0.000004 8.077809 -0.486884 -3.806265 9.106386 21.522606 -92.864632 9.729001 1.738533 -80.012681 2.508874 4.400375 -49.735576 0.000000 0.000000 0.000000 -8.207789 -6.751688 -1.599563 -42.718974 -6.255935 -16.546183 60.889217 -3.383224 -9.829564 -22.285253 4.618894 5.459345 0.966418 0.000020 0.000060 -0.000000 0.000004 -0.000000 8.207789 -6.751707 -1.599557 -25.873163 44.209400 15.942553 56.827976 -9.751213 9.049266 -23.386400 -3.702735 -8.840801 -3.213371 0.000006 -0.000002 -0.000000 0.000001 -0.000000 
-7.683466 89.212585 0.008727 -2.550649 -20.284941 11.878153 -0.000003 10.181582 0.131518 13.586592 2.297758 8.369166 0.883848 -0.080504 0.848928 0.876621 -0.114153 0.169720 0.000006 16.740377 -2.049035 6.454348 0.666474 -2.776345 -0.000002 9.617884 1.685009 -2.457620 12.773489 -12.972490 0.000002 22.037354 7.501096 0.000000 0.000000 -0.000000 -4.569965 11.014903 -2.160884 4.113017 9.678226 -8.056112 -46.204573 14.290303 11.234038 15.522617 42.767264 -2.650272 -12.244793 1.109617 -7.929790 -2.464812 -1.573993 2.681830 -19.961484 -1.556941 11.458888 15.995663 -41.606056 -16.542815 -10.410676 -28.524651 -10.435244 0.000003 -0.000006 -0.000003 -9.108293 -0.517868 2.259825 5.794535 -6.511014 83.735490 1.743883 -4.159451 56.499301 2.577186 -3.143421 48.095580 0.000001 -0.000002 -0.000002 -9.532506 -0.000079 -0.000033 5.730971 -10.513930 81.601165 5.311228 -3.296031 85.077444 1.873770 -3.774667 53.915437 0.000001 0.000000 0.000009 -9.103603 -0.043085 -1.865138 6.727338 -14.757392 89.012405 6.816168 -1.263604 96.485090 4.588662 -1.903165 48.060937 -0.000002 -0.000002 0.000006 -8.076693 -0.486740 -3.806300 7.441081 -20.287830 96.398298 8.729505 -0.284627 84.140192 2.170729 -3.504341 51.753761 0.000002 0.000002 -0.000004 4.570451 11.014700 -2.160852 2.633477 -8.423076 -20.212031 -41.890998 24.685029 -15.700723 15.013020 -101.550488 -3.122489 -36.622576 -7.204317 8.202933 2.466144 -1.576207 2.681728 -17.390367 2.622375 -9.756981 14.920990 38.503788 15.927557 -12.348319 21.175273 9.690099 0.000004 0.000006 0.000000 9.109303 -0.518052 2.259862 5.826658 7.952234 -79.248752 2.169177 4.950576 -54.131018 2.818946 3.903453 -46.145677 0.000002 -0.000004 -0.000003 9.533418 0.000015 0.000038 5.952629 11.652766 -77.529648 6.048512 4.701496 -81.029601 2.195697 4.560754 -51.643081 -0.000001 -0.000004 0.000002 9.104528 -0.043042 -1.865085 7.359952 15.936122 -85.106971 7.818251 3.019790 -92.447232 4.600388 2.934213 -46.205335 -0.000001 -0.000000 -0.000003 8.077818 -0.486885 -3.806273 9.031508 21.505098 -93.185118 9.766710 1.698728 -80.345735 2.538177 4.390012 -49.899405 0.000007 -0.000009 0.000002 -8.207789 -6.751681 -1.599570 -42.267724 -6.263946 -16.978652 65.199592 -4.885146 -9.676742 -25.026532 3.917436 6.317131 0.820265 0.000001 0.000068 -0.000000 0.000003 -0.000000 8.207788 -6.751710 -1.599555 -28.366464 43.178362 19.352557 62.221931 -9.720950 9.827806 -25.588585 -5.534326 -8.574553 -3.501744 0.000004 -0.000001 0.000000 -0.000001 -0.000000 
-7.882958 87.821022 0.342973 -4.512913 -17.513199 10.594603 -0.000007 10.181577 0.131518 13.837000 2.997244 8.521300 0.895952 0.032249 0.987579 0.890419 0.000484 0.243442 -0.000005 16.740395 -2.049034 6.578952 0.277907 -2.699964 -0.000003 9.617872 1.685008 -3.540225 9.869693 -11.715390 0.000003 22.037354 7.501093 -0.000000 -0.000000 -0.000000 -4.569974 11.014906 -2.160881 3.121186 6.514196 -3.533783 -38.350177 10.999491 8.213076 11.806159 51.006381 0.041178 -10.915139 -1.730821 -7.608636 -2.464813 -1.573972 2.681828 -20.096517 -1.695626 11.566823 16.133721 -41.746243 -16.574564 -10.459198 -28.758733 -10.511846 0.000008 -0.000006 -0.000004 -9.108279 -0.517864 2.259834 5.931880 -6.474201 84.376209 1.754315 -4.183622 56.767546 2.592033 -3.153008 48.320351 -0.000001 0.000002 -0.000007 -9.532518 -0.000055 -0.000023 5.826133 -10.514286 82.179552 5.345146 -3.276261 85.539411 1.889749 -3.787771 54.176582 -0.000001 -0.000014 0.000011 -9.103595 -0.043067 -1.865137 6.793161 -14.760351 89.559291 6.838059 -1.195891 96.950594 4.626812 -1.881816 48.276556 -0.000002 0.000005 0.000001 -8.076689 -0.486725 -3.806291 7.429969 -20.289697 96.856720 8.762772 -0.229040 84.570344 2.202581 -3.487228 51.967542 0.000001 -0.000000 -0.000011 4.570439 11.014709 -2.160850 3.934895 -8.848131 -18.377759 -34.020394 26.269167 -23.455136 3.376292 -114.626434 -13.944977 -33.577917 -6.159321 10.543724 2.466129 -1.576225 2.681722 -17.498098 2.758699 -9.826853 15.067399 38.631202 15.961380 -12.367628 21.415609 9.809147 0.000002 0.000003 -0.000003 9.109303 -0.518059 2.259862 5.991478 7.936986 -79.817843 2.179401 4.971507 -54.335832 2.832489 3.913659 -46.316783 -0.000001 -0.000002 0.000001 9.533407 -0.000004 0.000030 6.044611 11.655147 -78.030936 6.084161 4.689496 -81.386451 2.210677 4.573737 -51.841928 -0.000002 0.000007 0.000004 9.104534 -0.043043 -1.865095 7.399607 15.932272 -85.552006 7.849963 2.969546 -92.805557 4.633488 2.922061 -46.369577 0.000001 -0.000002 0.000003 8.077801 -0.486898 -3.806282 8.957978 21.489133 -93.504238 9.803872 1.658818 -80.676856 2.567228 4.379574 -50.062216 0.000002 -0.000003 -0.000005 -8.207786 -6.751684 -1.599567 -41.185757 -6.858677 -17.259239 68.278034 -5.806385 -9.494216 -27.176599 2.467495 6.939809 0.762879 -0.000005 0.000100 -0.000000 0.000003 -0.000000 8.207788 -6.751701 -1.599555 -30.465021 41.656996 22.737160 66.279801 -9.696204 10.054302 -26.801123 -8.094877 -8.358451 -4.174861 0.000004 0.000001 -0.000000 0.000000 0.000000 
-8.159183 86.991264 0.611609 -5.907516 -15.208043 9.730801 -0.000003 10.181602 0.131523 13.793253 3.131399 8.642055 0.838262 0.017599 1.155197 0.832473 -0.018474 0.349184 -0.000002 16.740402 -2.049035 6.672406 -0.003111 -2.923290 -0.000003 9.617878 1.685004 -3.964284 8.051617 -11.226720 0.000003 22.037354 7.501095 -0.000002 -0.000000 -0.000000 -4.569973 11.014915 -2.160882 2.897248 3.971379 0.473401 -28.561722 7.268809 7.667097 10.271186 61.118049 -1.134187 -11.216374 -4.353880 -6.596267 -2.464816 -1.573963 2.681843 -20.226451 -1.829552 11.670720 16.267188 -41.881538 -16.604164 -10.506665 -28.984017 -10.586067 -0.000003 -0.000001 0.000004 -9.108292 -0.517864 2.259841 6.063558 -6.436281 84.994225 1.764600 -4.206958 57.026602 2.606397 -3.162213 48.537606 0.000001 0.000005 -0.000001 -9.532532 -0.000047 -0.000025 5.918054 -10.513677 82.737558 5.377581 -3.256858 85.985272 1.905243 -3.800377 54.428989 0.000003 0.000003 0.000009 -9.103605 -0.043072 -1.865134 6.857103 -14.763169 90.087204 6.858177 -1.130322 97.400109 4.663431 -1.861043 48.484996 -0.000001 0.000001 -0.000000 -8.076696 -0.486721 -3.806276 7.420053 -20.292847 97.299617 8.794291 -0.174935 84.985558 2.233118 -3.470562 52.174172 0.000005 0.000002 -0.000001 4.570447 11.014723 -2.160855 4.885785 -9.057169 -15.961677 -28.126338 25.862361 -28.211828 1.782252 -121.373076 -14.038496 -30.139361 -5.917154 12.291570 2.466140 -1.576217 2.681726 -17.604669 2.892907 -9.896282 15.211385 38.756795 15.994290 -12.388069 21.651420 9.925785 -0.000007 -0.000006 -0.000006 9.109320 -0.518053 2.259861 6.152827 7.919309 -80.379155 2.189625 4.992232 -54.538907 2.845946 3.923750 -46.486390 -0.000004 0.000009 0.000004 9.533417 0.000011 0.000043 6.135479 11.656843 -78.525906 6.119401 4.677309 -81.740207 2.225547 4.586536 -52.039088 -0.000001 0.000007 0.000005 9.104540 -0.043038 -1.865088 7.439615 15.928952 -85.992416 7.880852 2.919450 -93.160714 4.666231 2.909884 -46.532385 0.000005 0.000000 -0.000002 8.077811 -0.486897 -3.806286 8.887594 21.474922 -93.821951 9.840386 1.618903 -81.005060 2.595932 4.369147 -50.223593 0.000001 0.000011 0.000000 -8.207786 -6.751663 -1.599567 -40.074277 -7.648134 -17.331605 70.096988 -6.155688 -9.387998 -28.612783 0.686130 7.137062 0.826045 0.000005 0.000028 -0.000000 -0.000003 -0.000000 8.207790 -6.751695 -1.599553 -31.906918 40.375208 25.463478 68.742214 -9.678987 10.042368 -27.077187 -10.900599 -8.366595 -5.222436 -0.000010 0.000001 0.000000 -0.000000 0.000000 
-8.469039 86.745567 0.805246 -6.329936 -13.906835 9.397089 -0.000004 10.181577 0.131520 13.364736 2.822551 8.719589 0.706053 -0.095680 1.385724 0.698014 -0.144570 0.520459 0.000004 16.740391 -2.049033 6.666458 -0.147594 -3.361011 0.000003 9.617889 1.685005 -3.783191 7.655232 -11.789234 0.000005 22.037354 7.501097 -0.000000 -0.000000 -0.000001 -4.569973 11.014898 -2.160880 3.657379 3.036476 2.183223 -17.567892 4.178267 9.905944 15.182124 71.689208 -11.269263 -12.955051 -6.109311 -5.328701 -2.464816 -1.573984 2.681830 -20.351192 -1.958531 11.770515 16.395835 -42.011841 -16.631722 -10.552966 -29.200356 -10.657797 0.000003 -0.000009 -0.000013 -9.108295 -0.517866 2.259832 6.189506 -6.397556 85.589060 1.774632 -4.229429 57.276225 2.620296 -3.171026 48.747101 0.000002 -0.000000 -0.000002 -9.532508 -0.000055 -0.000024 6.006596 -10.512192 83.274780 5.408545 -3.237924 86.414638 1.920246 -3.812475 54.672341 0.000002 -0.000001 0.000005 -9.103621 -0.043101 -1.865138 6.919044 -14.765829 90.595670 6.876656 -1.066935 97.833178 4.698488 -1.840802 48.685981 -0.000002 -0.000002 0.000002 -8.076704 -0.486742 -3.806290 7.411151 -20.297078 97.726476 8.824043 -0.122399 85.385465 2.262339 -3.454390 52.373467 -0.000000 -0.000001 0.000004 4.570447 11.014695 -2.160851 5.344225 -8.809181 -13.613895 -27.475153 24.972135 -27.556823 9.018817 -121.793119 -6.290057 -26.278123 -6.769383 15.118610 2.466142 -1.576216 2.681749 -17.709685 3.023980 -9.965278 15.351525 38.879715 16.026238 -12.409780 21.880619 10.038462 -0.000003 0.000003 -0.000006 9.109303 -0.518057 2.259882 6.309257 7.899522 -80.929545 2.199862 5.012687 -54.739639 2.859266 3.933662 -46.654027 -0.000005 -0.000006 -0.000002 9.533409 0.000013 0.000060 6.224695 11.658106 -79.012018 6.154061 4.665015 -82.089837 2.240309 4.599161 -52.233926 0.000000 -0.000002 0.000003 9.104546 -0.043067 -1.865061 7.480275 15.926261 -86.426529 7.910857 2.869693 -93.511744 4.698521 2.897659 -46.693294 0.000001 -0.000006 0.000002 8.077793 -0.486897 -3.806259 8.822139 21.462625 -94.138134 9.876192 1.579104 -81.329439 2.624246 4.358683 -50.383071 0.000002 0.000004 0.000003 -8.207783 -6.751663 -1.599561 -39.461886 -8.145610 -17.123306 70.662555 -6.274659 -9.326162 -29.271189 -0.689517 7.072068 0.959246 -0.000011 0.000017 -0.000000 -0.000001 -0.000000 8.207790 -6.751700 -1.599556 -32.974258 39.846661 27.288105 69.642241 -9.669146 10.038338 -26.673533 -13.497054 -8.666673 -6.473428 0.000001 -0.000003 -0.000000 0.000000 0.000000 
-8.710966 87.106049 0.899669 -5.747048 -13.527771 9.502949 -0.000007 10.181580 0.131518 12.641867 2.417414 8.777142 0.487293 -0.240309 1.686572 0.475624 -0.309414 0.762160 0.000006 16.740414 -2.049036 6.568258 -0.186473 -3.830353 -0.000002 9.617884 1.685009 -3.352733 8.330520 -13.059722 0.000001 22.037354 7.501095 0.000000 -0.000000 -0.000000 -4.569968 11.014937 -2.160886 4.524837 3.168094 2.398681 -7.908138 3.248419 13.264150 42.737836 80.354799 -44.815036 -15.912246 -6.989385 -4.806316 -2.464813 -1.573978 2.681835 -20.470716 -2.082480 11.866150 16.519555 -42.136970 -16.657353 -10.597902 -29.407649 -10.726956 0.000002 -0.000006 0.000002 -9.108298 -0.517877 2.259835 6.309722 -6.358255 86.160391 1.784453 -4.251013 57.516115 2.633704 -3.179452 48.948547 -0.000000 -0.000005 -0.000005 -9.532505 -0.000033 -0.000024 6.091696 -10.509931 83.790876 5.438037 -3.219507 86.827024 1.934728 -3.824038 54.906316 -0.000000 -0.000007 -0.000004 -9.103612 -0.043075 -1.865141 6.978892 -14.768334 91.084322 6.893550 -1.005881 98.249341 4.732017 -1.821162 48.879330 -0.000002 0.000003 -0.000009 -8.076704 -0.486732 -3.806284 7.403225 -20.302275 98.136916 8.852102 -0.071539 85.769725 2.290230 -3.438727 52.565098 -0.000000 -0.000002 -0.000006 4.570446 11.014727 -2.160855 5.311091 -8.533007 -11.518256 -31.474249 23.975159 -22.473527 25.576748 -118.161234 10.170745 -22.217198 -7.639703 18.566524 2.466131 -1.576205 2.681731 -17.812734 3.150838 -10.034080 15.486359 38.999072 16.057249 -12.432958 22.101200 10.145627 -0.000001 0.000000 -0.000001 9.109329 -0.518034 2.259864 6.459290 7.877898 -81.465927 2.209994 5.032850 -54.937476 2.872430 3.943386 -46.819212 -0.000002 -0.000001 0.000002 9.533428 0.000006 0.000040 6.311757 11.659006 -79.486736 6.188082 4.652687 -82.434427 2.254898 4.611532 -52.425943 0.000000 -0.000002 0.000001 9.104559 -0.043031 -1.865081 7.521905 15.924315 -86.852685 7.939915 2.820381 -93.857598 4.730276 2.885466 -46.851812 0.000002 -0.000001 0.000003 8.077805 -0.486898 -3.806282 8.763378 21.452268 -94.452692 9.911132 1.539530 -81.649099 2.652058 4.348267 -50.540207 -0.000000 0.000009 -0.000003 -8.207786 -6.751673 -1.599566 -39.413258 -8.244695 -16.774289 69.907533 -6.439355 -9.257854 -29.085814 -1.017573 7.005068 1.031488 -0.000001 0.000005 -0.000000 0.000003 -0.000000 8.207794 -6.751702 -1.599555 -33.762913 40.154310 28.099234 69.090785 -9.670122 10.038787 -25.698045 -15.411314 -9.000446 -7.632987 0.000008 -0.000006 -0.000000 -0.000000 0.000000 
-8.832797 88.080551 0.885757 -4.566881 -13.712240 9.983725 -0.000002 10.181574 0.131519 11.917934 2.285339 8.815143 0.195021 -0.331445 2.008359 0.179250 -0.425248 1.021880 -0.000004 16.740387 -2.049035 6.463438 -0.173374 -4.132564 -0.000006 9.617875 1.685008 -3.002823 9.306673 -14.178588 0.000001 22.037323 7.501094 -0.000001 -0.000000 0.000000 -4.569972 11.014915 -2.160885 4.720540 3.305412 2.556671 -3.094723 4.535652 14.950154 104.278650 80.164120 -110.311858 -19.867649 -7.045293 -5.393797 -2.464819 -1.573966 2.681841 -20.584858 -2.201270 11.957548 16.638233 -42.256820 -16.681125 -10.641419 -29.605793 -10.793496 -0.000006 0.000005 -0.000005 -9.108306 -0.517876 2.259834 6.424239 -6.318712 86.707735 1.794004 -4.271655 57.746012 2.646595 -3.187459 49.141729 0.000001 -0.000001 0.000001 -9.532525 -0.000057 -0.000031 6.173280 -10.506932 84.285374 5.466079 -3.201625 87.222185 1.948654 -3.835057 55.130688 0.000001 -0.000004 -0.000001 -9.103608 -0.043084 -1.865141 7.036511 -14.770677 91.552689 6.908960 -0.947263 98.648210 4.763948 -1.802170 49.064725 -0.000002 -0.000001 -0.000001 -8.076699 -0.486728 -3.806282 7.396194 -20.308229 98.530376 8.878510 -0.022448 86.137927 2.316777 -3.423620 52.748854 0.000001 -0.000000 0.000003 4.570439 11.014719 -2.160852 4.917274 -8.807571 -9.652183 -36.697271 22.118661 -16.139001 51.654856 -113.559750 37.745237 -18.376948 -7.714790 20.308149 2.466143 -1.576218 2.681735 -17.913421 3.272539 -10.102704 15.614454 39.114103 16.087336 -12.457714 22.311086 10.245601 0.000002 0.000003 -0.000003 9.109331 -0.518040 2.259882 6.601507 7.854949 -81.985151 2.220064 5.052649 -55.131842 2.885416 3.952910 -46.981480 -0.000003 0.000008 -0.000004 9.533395 0.000022 0.000043 6.396253 11.659887 -79.947596 6.221384 4.640310 -82.772897 2.269261 4.623654 -52.614549 -0.000000 -0.000005 0.000002 9.104541 -0.043036 -1.865068 7.564804 15.923297 -87.269300 7.967943 2.771731 -94.197338 4.761410 2.873362 -47.007534 -0.000004 -0.000004 0.000003 8.077808 -0.486896 -3.806265 8.713197 21.444009 -94.765651 9.945175 1.500321 -81.963117 2.679304 4.337919 -50.694521 -0.000003 0.000003 0.000003 -8.207786 -6.751694 -1.599568 -39.656905 -8.433790 -16.779663 67.791499 -6.775967 -9.189515 -28.130923 -0.097509 7.013648 1.122683 -0.000001 -0.000003 0.000000 -0.000002 -0.000000 8.207791 -6.751727 -1.599556 -33.757360 41.129104 27.580031 67.029858 -9.682005 10.044068 -24.237992 -16.509609 -9.264590 -8.453686 0.000001 -0.000004 0.000000 -0.000000 0.000000 
-8.828322 89.560654 0.789148 -3.136271 -14.103968 10.805122 -0.000004 10.181594 0.131519 11.297641 2.482267 8.817379 -0.134930 -0.342587 2.284426 -0.154915 -0.462816 1.232042 -0.000002 16.740381 -2.049036 6.410893 -0.127785 -4.166920 0.000000 9.617894 1.685005 -2.830103 10.157541 -14.502286 0.000002 22.037354 7.501094 0.000001 0.000000 0.000001 -4.569973 11.014913 -2.160882 4.050543 2.863188 3.134323 -5.803891 7.531417 13.754617 131.589222 74.231397 -137.249947 -24.555394 -5.951604 -6.872286 -2.464815 -1.573965 2.681835 -20.693593 -2.314742 12.044627 16.751741 -42.371280 -16.703122 -10.683335 -29.794627 -10.857259 -0.000004 0.000007 0.000007 -9.108300 -0.517878 2.259834 6.532997 -6.279188 87.230716 1.803233 -4.291391 57.965657 2.658931 -3.195077 49.326298 -0.000000 -0.000002 -0.000004 -9.532515 -0.000050 -0.000021 6.251269 -10.503415 84.757873 5.492611 -3.184346 87.599594 1.962028 -3.845562 55.345067 -0.000001 0.000002 0.000008 -9.103612 -0.043082 -1.865132 7.091831 -14.772873 92.000428 6.922959 -0.891112 99.029342 4.794317 -1.783889 49.241860 0.000001 -0.000002 -0.000003 -8.076693 -0.486727 -3.806278 7.389932 -20.314880 98.906487 8.903277 0.024753 86.489722 2.341975 -3.409078 52.924472 -0.000003 -0.000001 -0.000006 4.570441 11.014709 -2.160855 4.309928 -9.647816 -8.234205 -40.225764 19.233270 -11.068793 87.941588 -112.343197 78.477712 -14.956760 -7.276222 19.023711 2.466131 -1.576200 2.681729 -18.011361 3.387942 -10.171372 15.734346 39.223833 16.116574 -12.484157 22.508287 10.336772 -0.000000 0.000012 -0.000005 9.109321 -0.518046 2.259879 6.734464 7.831083 -82.484049 2.230014 5.072022 -55.322210 2.898139 3.962156 -47.140309 0.000003 0.000004 -0.000005 9.533420 0.000007 0.000035 6.477675 11.660876 -80.392037 6.253857 4.628007 -83.104339 2.283358 4.635482 -52.799268 0.000002 0.000002 0.000006 9.104509 -0.043059 -1.865090 7.609316 15.923227 -87.674671 7.994919 2.723858 -94.529907 4.791792 2.861351 -47.159987 0.000000 -0.000000 0.000004 8.077803 -0.486899 -3.806268 8.673266 21.437776 -95.076841 9.978199 1.461672 -82.270585 2.705933 4.327691 -50.845663 -0.000003 0.000000 0.000000 -8.207784 -6.751671 -1.599566 -40.154720 -9.466649 -17.612078 64.565771 -6.649236 -9.268613 -26.693047 1.743326 6.785907 1.524124 -0.000006 0.000004 -0.000000 0.000001 -0.000000 8.207792 -6.751699 -1.599558 -32.551008 42.374965 25.405288 63.516900 -9.695900 10.058341 -22.323442 -16.538251 -9.576528 -8.819634 0.000003 -0.000001 -0.000000 -0.000000 0.000000 
-8.651100 91.248299 0.650383 -1.476518 -14.486300 11.787289 -0.000007 10.181586 0.131522 10.653009 2.751121 8.800077 -0.470301 -0.322736 2.512846 -0.494826 -0.468717 1.391989 -0.000002 16.740391 -2.049033 6.387998 -0.033807 -3.996548 0.000008 9.617918 1.685007 -2.759607 11.074082 -14.111492 -0.000002 22.037354 7.501095 0.000000 -0.000000 -0.000001 -4.569974 11.014918 -2.160885 2.893963 1.967636 3.494464 -16.414280 12.673156 11.774580 145.526988 70.054484 -145.818269 -29.642519 -3.245774 -8.779635 -2.464823 -1.573987 2.681829 -20.796787 -2.422815 12.127333 16.859943 -42.480266 -16.723469 -10.723535 -29.974067 -10.918164 -0.000001 -0.000001 0.000000 -9.108311 -0.517893 2.259822 6.636022 -6.239943 87.728985 1.812120 -4.310143 58.174750 2.670718 -3.202299 49.502062 -0.000007 -0.000002 -0.000003 -9.532528 -0.000064 -0.000031 6.325578 -10.499392 85.208031 5.517680 -3.167704 87.958937 1.974777 -3.855503 55.549249 -0.000001 -0.000003 0.000008 -9.103619 -0.043077 -1.865139 7.144746 -14.774881 92.427069 6.935647 -0.837527 99.392305 4.823060 -1.766337 49.410616 0.000000 -0.000005 -0.000001 -8.076698 -0.486719 -3.806295 7.384344 -20.322027 99.264731 8.926439 0.069983 86.824723 2.365822 -3.395180 53.091692 0.000002 0.000000 0.000000 4.570447 11.014724 -2.160855 3.577985 -10.495943 -7.466835 -41.809347 15.652231 -7.884014 119.805753 -118.919467 117.504211 -11.936414 -6.949075 15.754335 2.466146 -1.576211 2.681740 -18.106106 3.496061 -10.240159 15.844558 39.327440 16.144984 -12.512423 22.690799 10.417504 -0.000001 -0.000005 -0.000008 9.109311 -0.518046 2.259865 6.856744 7.806899 -82.959560 2.239810 5.090925 -55.507981 2.910582 3.971199 -47.295327 -0.000005 -0.000002 -0.000007 9.533409 0.000026 0.000046 6.555584 11.662259 -80.817551 6.285407 4.615744 -83.427667 2.297155 4.646973 -52.979482 -0.000001 0.000002 -0.000005 9.104553 -0.043044 -1.865081 7.655709 15.924226 -88.067134 8.020742 2.676962 -94.854430 4.821412 2.849521 -47.308749 -0.000002 0.000003 0.000003 8.077803 -0.486902 -3.806270 8.645478 21.433649 -95.386221 10.010149 1.423610 -82.570580 2.731818 4.317609 -50.993110 -0.000001 0.000001 0.000001 -8.207786 -6.751679 -1.599567 -41.257222 -11.709446 -19.172348 60.847826 -5.199456 -9.658401 -25.066564 3.754423 6.061924 2.454755 -0.000033 0.000005 0.000000 0.000003 -0.000000 8.207788 -6.751714 -1.599554 -30.405735 43.158056 21.782283 59.012589 -9.709157 9.848351 -20.209329 -15.235150 -9.877084 -8.692686 0.000002 -0.000001 -0.000000 0.000001 0.000000 
-8.237698 92.696518 0.491087 0.441493 -14.879866 12.657784 -0.000004 10.181587 0.131518 10.004917 2.843603 8.790887 -0.787992 -0.323853 2.777044 -0.816727 -0.492192 1.586595 -0.000004 16.740412 -2.049035 6.317258 0.117947 -3.766216 0.000003 9.617862 1.685011 -2.861084 12.388524 -13.496753 0.000003 22.037384 7.501094 -0.000001 0.000000 0.000001 -4.569973 11.014920 -2.160885 1.936967 1.075566 2.525828 -32.761006 19.186037 13.231634 152.685737 69.217315 -145.071551 -34.840368 0.998827 -9.901986 -2.464816 -1.573966 2.681849 -20.894343 -2.525351 12.205575 16.962679 -42.583555 -16.742213 -10.761965 -30.143937 -10.976174 0.000003 -0.000003 0.000000 -9.108292 -0.517874 2.259835 6.733329 -6.201247 88.202058 1.820680 -4.327913 58.373010 2.681932 -3.209083 49.668743 0.000001 -0.000001 -0.000006 -9.532513 -0.000051 -0.000029 6.396126 -10.494954 85.635402 5.541305 -3.151772 88.299804 1.986919 -3.864912 55.742881 0.000001 -0.000004 0.000009 -9.103601 -0.043075 -1.865134 7.195185 -14.776742 92.832168 6.947082 -0.786614 99.736676 4.850189 -1.749612 49.570641 -0.000005 -0.000002 -0.000006 -8.076682 -0.486724 -3.806283 7.379370 -20.329580 99.604635 8.948061 0.113168 87.142504 2.388297 -3.381937 53.250289 -0.000005 -0.000001 -0.000008 4.570441 11.014729 -2.160854 2.796306 -10.907291 -7.131387 -42.278864 12.204163 -6.085022 135.339256 -130.310188 141.712218 -9.298339 -6.947292 12.710334 2.466150 -1.576195 2.681742 -18.197268 3.595913 -10.309187 15.943625 39.424036 16.172631 -12.542545 22.856560 10.486138 0.000003 0.000006 0.000007 9.109328 -0.518058 2.259875 6.966991 7.782982 -83.408549 2.249401 5.109290 -55.688592 2.922717 3.979923 -47.446015 -0.000001 -0.000004 0.000003 9.533414 -0.000001 0.000044 6.629477 11.664302 -81.221625 6.315978 4.603693 -83.741992 2.310622 4.658084 -53.154684 -0.000003 0.000003 -0.000001 9.104563 -0.043059 -1.865066 7.704375 15.926435 -88.445083 8.045433 2.631149 -95.169773 4.850131 2.837880 -47.453357 -0.000000 0.000000 -0.000004 8.077795 -0.486915 -3.806279 8.631599 21.431588 -95.693751 10.040916 1.386383 -82.862141 2.756939 4.307729 -51.136411 0.000000 -0.000002 -0.000002 -8.207783 -6.751675 -1.599559 -43.192897 -14.474277 -21.048664 57.648265 -2.340550 -9.850888 -23.416101 5.331876 4.798907 3.501000 -0.000009 -0.000000 -0.000000 -0.000000 -0.000000 8.207789 -6.751696 -1.599553 -28.267549 42.638883 17.810996 54.584990 -9.735925 8.782648 -18.240736 -12.622398 -9.780927 -8.040912 -0.000006 -0.000002 -0.000000 -0.000000 0.000000 
-7.621593 93.552650 0.288542 2.514754 -15.461428 13.282420 -0.000004 10.181579 0.131520 9.594757 2.751431 8.788112 -1.064587 -0.341348 3.150682 -1.095197 -0.526769 1.889853 -0.000015 16.740364 -2.049033 6.117810 0.309762 -3.575681 -0.000014 9.617845 1.685014 -3.473986 14.117737 -12.993020 -0.000001 22.037384 7.501094 -0.000001 0.000000 0.000000 -4.569984 11.014900 -2.160884 1.684967 0.432950 -0.186496 -51.080683 23.726460 19.605320 145.233099 70.265503 -131.305414 -40.228288 5.793355 -8.655619 -2.464806 -1.573979 2.681834 -20.986250 -2.622245 12.279295 17.059861 -42.681056 -16.759418 -10.798386 -30.304163 -11.031156 0.000009 -0.000014 -0.000003 -9.108270 -0.517879 2.259833 6.824902 -6.163351 88.649606 1.828832 -4.344694 58.560177 2.692534 -3.215448 49.826046 -0.000002 -0.000010 0.000001 -9.532511 -0.000051 -0.000018 6.462858 -10.490224 86.039633 5.563425 -3.136569 88.621786 1.998422 -3.873747 55.925637 -0.000000 -0.000009 0.000002 -9.103600 -0.043070 -1.865132 7.242991 -14.778431 93.215355 6.957365 -0.738460 100.062039 4.875662 -1.733689 49.721663 -0.000005 -0.000002 0.000003 -8.076679 -0.486721 -3.806284 7.374863 -20.337360 99.925770 8.968133 0.154192 87.442759 2.409406 -3.369380 53.399963 -0.000001 -0.000000 -0.000006 4.570434 11.014705 -2.160855 2.066041 -11.025899 -6.834382 -41.285905 10.247045 -4.669140 142.304041 -140.762276 156.039510 -7.000476 -7.175609 11.329255 2.466133 -1.576197 2.681743 -18.284463 3.686367 -10.378696 16.030012 39.512805 16.199658 -12.574603 23.003616 10.540966 -0.000002 -0.000002 0.000009 9.109322 -0.518050 2.259876 7.063805 7.759862 -83.827909 2.258777 5.127046 -55.863462 2.934474 3.988321 -47.591884 -0.000000 0.000002 0.000006 9.533413 0.000003 0.000054 6.698925 11.667182 -81.601739 6.345405 4.591813 -84.046284 2.323666 4.668826 -53.324308 0.000003 0.000001 -0.000001 9.104540 -0.043044 -1.865076 7.755587 15.929830 -88.806864 8.068893 2.586657 -95.475062 4.877866 2.826526 -47.593352 0.000001 0.000002 0.000004 8.077795 -0.486899 -3.806267 8.633440 21.431441 -95.999299 10.070445 1.350072 -83.144398 2.781184 4.298062 -51.275139 0.000003 -0.000003 0.000001 -8.207788 -6.751666 -1.599563 -45.736350 -16.639567 -22.447278 55.716995 0.923329 -9.830783 -22.045091 6.068270 3.449342 4.551405 0.000011 -0.000234 0.000000 0.000002 -0.000000 8.207790 -6.751705 -1.599557 -26.999953 40.871200 14.201822 51.233918 -9.766280 7.566248 -17.264673 -8.496399 -9.625150 -6.897291 0.000001 -0.000004 -0.000000 -0.000000 0.000000 
-6.945858 93.814522 -0.002706 4.589581 -16.281762 13.667050 -0.000000 10.181589 0.131518 9.580229 2.690817 8.789977 -1.273828 -0.331708 3.566980 -1.302964 -0.530450 2.234460 -0.000000 16.740395 -2.049034 5.756143 0.501663 -3.445082 -0.000005 9.617854 1.685018 -4.929025 15.915978 -12.672115 0.000004 22.037369 7.501092 0.000001 0.000000 0.000001 -4.569976 11.014920 -2.160880 1.991129 -0.113181 -3.460853 -66.999060 24.575765 27.548595 122.384955 67.795877 -104.924294 -46.132983 9.860112 -4.617076 -2.464813 -1.573996 2.681821 -21.072329 -2.713380 12.348389 17.151332 -42.772700 -16.775243 -10.832730 -30.454611 -11.083022 0.000008 -0.000008 -0.000001 -9.108311 -0.517876 2.259825 6.910789 -6.126497 89.071213 1.836600 -4.360421 58.736014 2.702477 -3.221409 49.973721 0.000002 -0.000001 -0.000005 -9.532538 -0.000065 -0.000029 6.525675 -10.485312 86.420273 5.584076 -3.122165 88.924541 2.009248 -3.882002 56.097293 0.000001 -0.000008 0.000013 -9.103637 -0.043076 -1.865140 7.288102 -14.779978 93.576221 6.966563 -0.693102 100.367943 4.899491 -1.718657 49.863489 0.000004 0.000002 -0.000006 -8.076698 -0.486731 -3.806277 7.370759 -20.345330 100.227658 8.986707 0.192951 87.725078 2.429110 -3.357527 53.540507 -0.000000 0.000002 -0.000007 4.570441 11.014719 -2.160853 1.476418 -11.253704 -6.544492 -37.871353 10.476129 -2.858436 148.584263 -147.703578 164.238360 -5.089795 -7.637184 11.113639 2.466133 -1.576220 2.681723 -18.367226 3.766507 -10.448764 16.102236 39.592803 16.226115 -12.608665 23.129949 10.580338 0.000003 0.000006 0.000002 9.109323 -0.518043 2.259866 7.145823 7.738259 -84.214593 2.267875 5.144164 -56.032014 2.945845 3.996401 -47.732487 0.000001 0.000001 0.000003 9.533416 -0.000000 0.000040 6.763468 11.671251 -81.955406 6.373687 4.580182 -84.339552 2.336290 4.679144 -53.487819 -0.000000 0.000003 0.000006 9.104550 -0.043058 -1.865085 7.809676 15.934536 -89.150812 8.091121 2.543595 -95.769286 4.904542 2.815446 -47.728238 -0.000001 0.000006 -0.000003 8.077805 -0.486902 -3.806271 8.652800 21.433175 -96.302901 10.098681 1.314815 -83.416431 2.804508 4.288661 -51.408877 0.000004 -0.000002 -0.000005 -8.207783 -6.751667 -1.599565 -48.260792 -17.568061 -22.710627 54.957092 3.249725 -9.820786 -21.119749 6.071433 2.510620 5.535729 0.000000 -0.000531 0.000000 -0.000001 -0.000000 8.207791 -6.751691 -1.599558 -26.923387 38.435646 11.606523 49.120268 -9.158090 6.419288 -17.436530 -4.405960 -9.556153 -5.504426 0.000002 -0.000003 0.000000 -0.000000 0.000000 
-6.369872 93.771332 -0.401932 6.422476 -17.094205 13.784242 -0.000005 10.181605 0.131521 9.980856 2.934619 8.820015 -1.399327 -0.264500 3.835792 -1.425638 -0.477543 2.430120 0.000007 16.740402 -2.049037 5.274820 0.644115 -3.350068 -0.000007 9.617869 1.685013 -7.201691 17.252727 -12.560902 0.000005 22.037338 7.501100 0.000003 -0.000000 -0.000001 -4.569967 11.014909 -2.160887 2.228301 -0.807970 -5.158654 -77.899148 23.527329 33.392631 105.363857 58.994625 -84.796887 -52.485284 12.259109 0.985844 -2.464841 -1.573980 2.681841 -21.152529 -2.798623 12.412801 17.236998 -42.858354 -16.789688 -10.864873 -30.595166 -11.131707 0.000000 -0.000002 0.000000 -9.108317 -0.517878 2.259834 6.990957 -6.090863 89.466449 1.843883 -4.375113 58.900164 2.711801 -3.226922 50.111496 0.000002 0.000005 0.000001 -9.532522 -0.000073 -0.000032 6.584515 -10.480276 86.776952 5.603250 -3.108606 89.207605 2.019375 -3.889696 56.257481 0.000000 0.000001 0.000000 -9.103621 -0.043087 -1.865139 7.330390 -14.781369 93.914316 6.974772 -0.650655 100.653977 4.921628 -1.704557 49.995847 0.000002 0.000004 0.000003 -8.076718 -0.486727 -3.806285 7.366917 -20.353270 100.509854 9.003798 0.229336 87.989086 2.447426 -3.346446 53.671616 -0.000001 0.000003 -0.000007 4.570450 11.014724 -2.160856 1.090768 -11.709011 -6.493691 -32.580340 12.171365 -1.329284 156.405158 -150.792477 167.634835 -4.032916 -8.253485 10.585678 2.466135 -1.576207 2.681724 -18.445235 3.835166 -10.519576 16.158785 39.663192 16.252102 -12.644810 23.233546 10.602579 -0.000002 0.000000 0.000000 9.109297 -0.518058 2.259862 7.211664 7.718742 -84.565358 2.276678 5.160568 -56.193746 2.956756 4.004111 -47.867342 -0.000002 -0.000001 -0.000001 9.533419 0.000002 0.000027 6.822626 11.676733 -82.280092 6.400718 4.568881 -84.620798 2.348412 4.689013 -53.644654 0.000000 -0.000002 -0.000001 9.104540 -0.043048 -1.865086 7.866967 15.940598 -89.475280 8.112064 2.502149 -96.051400 4.930084 2.804779 -47.857674 0.000002 -0.000001 -0.000007 8.077818 -0.486895 -3.806278 8.691485 21.436610 -96.604372 10.125516 1.280810 -83.677303 2.826814 4.279605 -51.537121 -0.000000 -0.000003 0.000001 -8.207786 -6.751661 -1.599558 -50.146047 -17.533724 -21.903903 54.644399 4.221944 -9.823074 -20.388714 5.792936 2.073006 6.104459 0.000005 -0.000780 0.000000 -0.000003 -0.000000 8.207792 -6.751678 -1.599554 -27.774520 36.280978 10.383874 47.785178 -7.376067 5.417394 -18.120019 -2.307106 -9.689387 -4.389699 -0.000690 0.262475 0.000000 0.000000 0.000000 
-5.975169 93.598991 -0.892296 7.631083 -17.514640 13.545385 -0.000008 10.181579 0.131519 10.883150 3.526026 8.899154 -1.446878 -0.166496 3.850830 -1.472180 -0.397436 2.371334 -0.000008 16.740368 -2.049034 4.767037 0.711095 -3.260395 -0.000007 9.617892 1.685004 -9.937669 17.825484 -12.714956 0.000005 22.037384 7.501094 -0.000003 0.000000 0.000001 -4.569973 11.014924 -2.160883 2.032580 -1.686860 -3.792949 -83.460773 22.942945 36.034780 100.467896 48.705686 -75.610529 -58.717620 12.542775 6.454702 -2.464815 -1.573995 2.681837 -21.226792 -2.877854 12.472482 17.316700 -42.937878 -16.802904 -10.894693 -30.725678 -11.177118 0.000003 -0.000009 0.000007 -9.108309 -0.517884 2.259825 7.065477 -6.056749 89.834971 1.850704 -4.388707 59.052381 2.720449 -3.232006 50.239156 0.000002 -0.000006 -0.000009 -9.532506 -0.000072 -0.000031 6.639314 -10.475197 87.109289 5.620948 -3.095914 89.470588 2.028785 -3.896799 56.405970 -0.000000 -0.000013 0.000002 -9.103619 -0.043099 -1.865140 7.369785 -14.782609 94.229208 6.982028 -0.611170 100.919699 4.942094 -1.691426 50.118463 0.000002 -0.000011 -0.000000 -8.076700 -0.486720 -3.806293 7.363235 -20.361134 100.771880 9.019465 0.263311 88.234378 2.464297 -3.336155 53.793088 0.000001 -0.000002 -0.000003 4.570446 11.014712 -2.160858 0.936944 -12.227514 -6.767725 -27.404263 13.814463 -1.508582 162.583624 -149.736639 168.147250 -4.837096 -8.505921 9.187921 2.466138 -1.576200 2.681738 -18.518021 3.891382 -10.591232 16.198202 39.723072 16.277686 -12.683062 23.312429 10.605953 -0.000003 0.000001 0.000002 9.109309 -0.518033 2.259873 7.260011 7.701967 -84.877217 2.285116 5.176202 -56.348057 2.967187 4.011454 -47.995958 0.000001 0.000013 -0.000004 9.533415 0.000019 0.000050 6.875943 11.683920 -82.573224 6.426381 4.557970 -84.889027 2.360025 4.698395 -53.794286 -0.000003 0.000001 -0.000000 9.104544 -0.043048 -1.865072 7.927721 15.948102 -89.778581 8.131710 2.462489 -96.320489 4.954407 2.794471 -47.981099 0.000001 -0.000001 -0.000002 8.077800 -0.486911 -3.806273 8.751268 21.441583 -96.903644 10.150909 1.248176 -83.926113 2.848040 4.270874 -51.659446 -0.000003 0.000004 0.000001 -8.207789 -6.751673 -1.599570 -51.244853 -17.259757 -20.708544 54.458683 4.174005 -9.833578 -19.617230 5.564525 1.968298 5.853608 0.000016 -0.000873 -0.000000 0.000000 -0.000000 8.207788 -6.751701 -1.599561 -29.206794 35.236929 10.736543 47.257263 -6.241181 4.514410 -18.830722 -1.784591 -9.318460 -4.157545 -0.014862 0.964202 0.000000 0.000001 -0.000000 
-5.740742 93.134048 -1.437756 7.912660 -17.283046 12.886523 -0.000006 10.181583 0.131520 12.368734 4.134647 9.012573 -1.426731 -0.121037 3.722434 -1.453862 -0.370122 2.169957 -0.000008 16.740406 -2.049032 4.310387 0.724539 -3.173551 -0.000003 9.617896 1.685011 -12.775155 17.841038 -13.078883 -0.000005 22.037338 7.501094 0.000000 0.000000 0.000001 -4.569981 11.014906 -2.160882 1.751963 -2.624308 0.282917 -83.961917 23.426246 35.993622 100.860358 40.573765 -71.813586 -64.268685 10.971350 10.899075 -2.464794 -1.573987 2.681840 -21.294967 -2.950954 12.527274 17.390304 -43.011149 -16.814964 -10.922089 -30.846056 -11.219188 0.000004 -0.000007 0.000007 -9.108272 -0.517867 2.259836 7.134334 -6.024316 90.176331 1.857020 -4.401212 59.192434 2.728412 -3.236670 50.356362 0.000003 0.000000 -0.000001 -9.532497 -0.000055 -0.000019 6.690012 -10.470156 87.416866 5.637160 -3.084172 89.713182 2.037458 -3.903276 56.542393 0.000001 -0.000003 0.000000 -9.103601 -0.043076 -1.865121 7.406171 -14.783728 94.520563 6.988436 -0.574729 101.164712 4.960817 -1.679312 50.231100 0.000003 -0.000006 0.000004 -8.076675 -0.486719 -3.806280 7.359638 -20.368807 101.013211 9.033707 0.294770 88.460635 2.479792 -3.326652 53.904635 -0.000001 0.000007 -0.000008 4.570443 11.014729 -2.160858 0.969873 -12.770941 -7.522539 -23.894179 14.551146 -3.688139 163.454473 -144.657300 167.512671 -8.432600 -7.811188 7.426745 2.466117 -1.576181 2.681736 -18.585221 3.934108 -10.663956 16.218998 39.771621 16.302914 -12.723511 23.364554 10.588812 -0.000001 0.000003 -0.000003 9.109317 -0.518034 2.259874 7.289507 7.688529 -85.147051 2.293179 5.191013 -56.494376 2.977095 4.018372 -48.117935 0.000000 0.000002 0.000008 9.533419 0.000022 0.000045 6.922987 11.693090 -82.832368 6.450641 4.547482 -85.143246 2.371048 4.707242 -53.936167 0.000001 0.000000 -0.000002 9.104547 -0.043027 -1.865079 7.992307 15.957118 -90.059138 8.150031 2.424784 -96.575494 4.977411 2.784653 -48.098114 -0.000000 0.000001 -0.000003 8.077799 -0.486901 -3.806270 8.833975 21.447899 -97.200716 10.174789 1.217073 -84.161946 2.868117 4.262570 -51.775429 0.000003 0.000003 0.000001 -8.207790 -6.751666 -1.599569 -51.925530 -17.170658 -19.828478 54.990427 3.304648 -9.874808 -19.170335 5.474302 2.065361 5.019521 0.000022 -0.001124 -0.000000 -0.000001 0.000000 8.207790 -6.751691 -1.599559 -31.155221 35.611380 12.583956 48.098735 -6.774201 4.029529 -20.399306 -2.485814 -8.240746 -3.154765 -0.006749 0.588577 -0.000000 0.000002 -0.000000 
-5.608106 92.092514 -1.969941 7.261992 -16.342005 11.709524 -0.000005 10.181579 0.131522 14.250671 4.383829 9.136090 -1.339416 -0.193616 3.642988 -1.370150 -0.455605 2.019399 -0.000003 16.740391 -2.049033 3.921124 0.724227 -3.101433 -0.000007 9.617890 1.685017 -15.493676 17.635075 -13.410949 0.000004 22.037354 7.501097 -0.000002 0.000000 -0.000000 -4.569978 11.014902 -2.160880 2.112656 -3.455056 4.922314 -80.005257 23.388267 34.456272 101.128935 34.460084 -70.007001 -68.785776 8.588401 14.110774 -2.464808 -1.573972 2.681841 -21.356984 -3.017829 12.577146 17.457762 -43.078047 -16.825860 -10.946933 -30.956159 -11.257840 -0.000002 0.000001 0.000002 -9.108302 -0.517882 2.259840 7.197526 -5.993751 90.490171 1.862825 -4.412570 59.320002 2.735643 -3.240893 50.462889 0.000005 -0.000000 -0.000002 -9.532498 -0.000069 -0.000028 6.736519 -10.465248 87.699287 5.651885 -3.073355 89.934911 2.045355 -3.909185 56.666480 0.000001 -0.000005 0.000004 -9.103613 -0.043078 -1.865129 7.439458 -14.784686 94.787863 6.994054 -0.541411 101.388551 4.977828 -1.668234 50.333491 -0.000002 0.000001 0.000001 -8.076702 -0.486722 -3.806278 7.355992 -20.376169 101.233464 9.046578 0.323601 88.667426 2.493815 -3.317971 54.006029 -0.000003 -0.000005 0.000002 4.570444 11.014707 -2.160851 1.071321 -13.469901 -9.090973 -22.105800 14.631910 -7.114238 159.498714 -135.972756 165.604876 -14.901330 -6.219046 5.963718 2.466135 -1.576198 2.681741 -18.646398 3.962325 -10.737850 16.219671 39.807924 16.327885 -12.766263 23.388007 10.549445 -0.000004 -0.000002 0.000001 9.109314 -0.518050 2.259866 7.298792 7.678983 -85.371743 2.300819 5.204930 -56.632111 2.986434 4.024878 -48.232754 -0.000000 0.000007 -0.000001 9.533416 0.000000 0.000039 6.963280 11.704506 -83.054964 6.473360 4.537514 -85.382528 2.381457 4.715586 -54.069707 0.000000 -0.000000 -0.000005 9.104539 -0.043043 -1.865079 8.061027 15.967720 -90.315270 8.166979 2.389216 -96.815473 4.999020 2.775360 -48.208295 -0.000002 0.000003 0.000003 8.077799 -0.486916 -3.806278 8.941410 21.455333 -97.495438 10.197084 1.187624 -84.383879 2.886995 4.254709 -51.884603 -0.000002 -0.000005 -0.000000 -8.207788 -6.751678 -1.599564 -52.559685 -17.280285 -19.428794 57.019816 1.684068 -9.941574 -19.689309 5.487272 2.377514 4.258353 0.000083 -0.001617 0.000000 0.000004 -0.000000 8.207790 -6.751705 -1.599557 -34.093531 36.888441 15.871488 51.012296 -8.501461 4.452802 -23.303154 -4.119528 -7.035062 -1.822512 0.000006 0.000002 -0.000000 0.000000 -0.000000 
-5.551338 90.352440 -2.387905 5.923996 -14.774860 9.852619 -0.000001 10.181583 0.131523 16.105144 4.281018 9.277037 -1.202680 -0.354978 3.682803 -1.236982 -0.623398 1.989557 0.000001 16.740402 -2.049032 3.583640 0.718681 -3.016611 -0.000003 9.617890 1.685019 -17.990536 17.150168 -13.430478 0.000004 22.037369 7.501094 0.000001 0.000000 0.000001 -4.569974 11.014920 -2.160880 3.492972 -4.205355 8.005578 -73.104170 20.692946 33.087089 99.122137 29.584234 -68.649036 -72.024871 6.505273 15.819002 -2.464825 -1.573996 2.681835 -21.412756 -3.078380 12.622030 17.518870 -43.138461 -16.835740 -10.969123 -31.055815 -11.292980 -0.000004 -0.000003 0.000000 -9.108313 -0.517872 2.259829 7.255065 -5.965265 90.776090 1.868080 -4.422810 59.434824 2.742181 -3.244651 50.558457 -0.000004 0.000002 0.000002 -9.532526 -0.000064 -0.000029 6.778770 -10.460527 87.956157 5.665128 -3.063543 90.135418 2.052467 -3.914447 56.777962 0.000001 0.000007 0.000007 -9.103612 -0.043082 -1.865143 7.469509 -14.785527 95.030751 6.998913 -0.511277 101.590786 4.993064 -1.658269 50.425422 0.000002 -0.000001 -0.000009 -8.076698 -0.486742 -3.806287 7.352149 -20.383153 101.432148 9.058053 0.349771 88.854361 2.506383 -3.310205 54.096977 -0.000000 0.000003 -0.000001 4.570448 11.014720 -2.160855 1.157162 -14.171022 -11.345967 -20.890518 14.227918 -11.740674 154.608954 -124.285332 162.497550 -23.524758 -4.247593 5.037632 2.466138 -1.576201 2.681761 -18.701218 3.974952 -10.813129 16.198772 39.831136 16.352627 -12.811423 23.380685 10.486208 0.000003 0.000005 0.000000 9.109331 -0.518059 2.259885 7.286511 7.673837 -85.548242 2.307992 5.217940 -56.760720 2.995169 4.030904 -48.339906 0.000000 0.000004 -0.000003 9.533414 0.000017 0.000066 6.996313 11.718444 -83.238546 6.494501 4.528116 -85.605773 2.391192 4.723339 -54.194423 -0.000001 0.000002 -0.000001 9.104540 -0.043041 -1.865056 8.134149 15.980013 -90.545318 8.182568 2.355920 -97.039435 5.019173 2.766611 -48.311164 -0.000003 -0.000006 0.000004 8.077819 -0.486912 -3.806246 9.075324 21.463644 -97.787798 10.217745 1.160036 -84.590991 2.904569 4.247335 -51.986516 -0.000002 0.000004 0.000002 -8.207786 -6.751675 -1.599558 -53.151491 -17.571036 -19.146229 60.629636 -0.704137 -9.987839 -21.381308 5.507241 3.035025 3.867362 0.000098 -0.001871 0.000000 0.000000 -0.000000 8.207792 -6.751698 -1.599560 -38.631803 37.801511 20.694160 56.326361 -9.749904 5.913753 -26.532143 -6.958342 -6.337417 -1.325007 0.000006 -0.000001 0.000000 0.000000 -0.000000 
-5.561090 88.046005 -2.599132 4.165074 -12.734044 7.374217 -0.000004 10.181587 0.131523 17.593553 4.101710 9.431228 -1.055396 -0.508887 3.768214 -1.091230 -0.779510 2.005287 0.000002 16.740402 -2.049039 3.320118 0.681177 -2.870412 -0.000004 9.617868 1.685018 -20.283522 16.058372 -13.057454 0.000001 22.037354 7.501097 -0.000003 -0.000000 0.000000 -4.569970 11.014899 -2.160885 5.675710 -5.336119 9.373114 -65.016571 14.998327 33.610101 95.315242 26.411300 -67.561335 -73.918643 5.197007 15.879522 -2.464829 -1.573996 2.681838 -21.462191 -3.132462 12.661790 17.573559 -43.192279 -16.844630 -10.988559 -31.144990 -11.324565 -0.000001 0.000000 0.000005 -9.108291 -0.517889 2.259825 7.306967 -5.939037 91.033663 1.872747 -4.431867 59.536621 2.747938 -3.247965 50.642837 -0.000006 0.000002 -0.000001 -9.532537 -0.000066 -0.000038 6.816710 -10.456054 88.187072 5.676893 -3.054766 90.314300 2.058762 -3.919073 56.876498 -0.000002 0.000003 0.000011 -9.103624 -0.043096 -1.865140 7.496268 -14.786214 95.248771 7.003108 -0.484393 101.771034 5.006544 -1.649422 50.506551 -0.000001 -0.000005 0.000006 -8.076710 -0.486739 -3.806294 7.348080 -20.389636 101.608797 9.068196 0.373178 89.021093 2.517497 -3.303303 54.177272 -0.000000 0.000004 -0.000014 4.570444 11.014715 -2.160858 1.275659 -14.530425 -13.625055 -18.320632 13.118248 -18.724907 154.635865 -110.246903 162.833964 -33.350581 -2.060672 4.496489 2.466135 -1.576200 2.681728 -18.749260 3.970962 -10.889821 16.154898 39.840343 16.377049 -12.859151 23.340628 10.397410 -0.000005 -0.000006 0.000004 9.109307 -0.518042 2.259862 7.251283 7.673502 -85.673351 2.314658 5.229939 -56.879664 3.003251 4.036477 -48.438991 0.000001 0.000001 0.000000 9.533421 0.000012 0.000028 7.021617 11.735153 -83.380511 6.513995 4.519352 -85.812093 2.400203 4.730474 -54.309720 -0.000002 -0.000000 0.000002 9.104533 -0.043060 -1.865080 8.211989 15.994097 -90.747615 8.196767 2.325103 -97.246396 5.037778 2.758482 -48.406240 0.000001 0.000001 -0.000001 8.077794 -0.486904 -3.806281 9.237512 21.472516 -98.077589 10.236689 1.134384 -84.782353 2.920765 4.240484 -52.080742 -0.000000 0.000004 -0.000001 -8.207788 -6.751675 -1.599562 -53.486925 -18.127722 -18.700122 65.263544 -3.549879 -10.005212 -23.978241 5.381321 4.094715 3.847519 0.000103 -0.001893 0.000000 0.000000 -0.000000 8.207791 -6.751691 -1.599555 -43.728698 37.279736 26.165121 62.832761 -9.779913 7.901019 -30.161036 -10.707776 -6.462576 -1.053521 -0.000002 0.000001 -0.000000 -0.000000 -0.000000 
-5.565050 85.521286 -2.547118 2.118001 -10.449775 4.727481 -0.000003 10.181600 0.131519 18.689633 3.978317 9.586651 -0.911832 -0.592000 3.794287 -0.946128 -0.860904 1.960313 -0.000000 16.740408 -2.049035 3.178050 0.588474 -2.677936 0.000005 9.617887 1.685009 -22.387594 14.240732 -12.488382 0.000001 22.037354 7.501092 0.000004 0.000000 -0.000000 -4.569972 11.014922 -2.160881 8.233291 -7.181574 10.267440 -56.490493 8.153613 36.977562 90.893193 25.760538 -67.197915 -74.730841 5.087522 15.088764 -2.464822 -1.573964 2.681840 -21.465258 -3.137352 12.665754 17.578103 -43.197292 -16.845198 -10.986808 -31.153767 -11.325437 0.000001 -0.000004 0.000000 -9.108302 -0.517869 2.259834 7.316220 -5.933372 91.077554 1.873243 -4.432578 59.545610 2.748397 -3.248176 50.649165 0.000001 -0.000002 0.000004 -9.532532 -0.000053 -0.000021 6.822298 -10.455333 88.223552 5.677986 -3.054008 90.335174 2.059330 -3.919433 56.884602 0.000003 -0.000002 0.000002 -9.103622 -0.043075 -1.865139 7.499757 -14.786593 95.282498 7.003120 -0.481548 101.792167 5.007232 -1.649046 50.513057 -0.000001 0.000002 -0.000003 -8.076698 -0.486721 -3.806282 7.346505 -20.391561 101.627792 9.069167 0.375902 89.040976 2.517995 -3.303211 54.183443 -0.000001 0.000002 -0.000005 4.570446 11.014745 -2.160856 1.467180 -14.682045 -15.579696 -12.303080 10.803881 -28.412527 194.565219 -96.916211 203.818623 -43.534806 0.319597 4.504185 2.466138 -1.576219 2.681723 -18.790194 3.949275 -10.968135 16.086608 39.834732 16.401151 -12.909650 23.265887 10.281446 -0.000002 0.000000 -0.000001 9.109324 -0.518045 2.259851 7.191723 7.678242 -85.744023 2.320755 5.240879 -56.988319 3.010657 4.041553 -48.529495 -0.000000 -0.000000 0.000005 9.533415 0.000027 0.000031 7.038722 11.754867 -83.478388 6.531715 4.511285 -86.000449 2.408444 4.736974 -54.415055 0.000002 0.000001 -0.000003 9.104537 -0.043042 -1.865099 8.294840 16.010115 -90.920521 8.209530 2.296913 -97.435285 5.054739 2.751054 -48.493100 0.000000 -0.000003 -0.000010 8.077798 -0.486902 -3.806293 9.429788 21.481660 -98.364792 10.253897 1.110863 -84.957103 2.935582 4.234217 -52.166803 -0.000000 -0.000001 -0.000007 -8.207785 -6.751676 -1.599563 -53.336507 -18.843071 -18.417308 70.175126 -6.044262 -9.789585 -26.870354 5.076660 5.294338 3.826729 0.000077 -0.001628 0.000000 0.000002 0.000000 8.207794 -6.751699 -1.599560 -47.825838 35.123531 30.948868 69.530943 -9.729870 9.464592 -33.397764 -13.672446 -6.470363 -0.950306 0.000007 -0.000004 0.000000 -0.000001 -0.000000 
-5.452761 83.318146 -2.246509 -0.092550 -8.222253 2.549278 -0.000004 10.181565 0.131521 19.496152 3.780370 9.681126 -0.756165 -0.615083 3.708760 -0.786214 -0.876675 1.802181 0.000001 16.740396 -2.049032 3.158367 0.448797 -2.520954 0.000001 9.617883 1.685006 -24.108944 11.919682 -11.994354 0.000003 22.037354 7.501095 0.000000 -0.000000 -0.000000 -4.569970 11.014912 -2.160879 10.840235 -9.272533 11.395447 -47.932823 2.533938 42.684827 87.044593 26.945327 -68.094145 -74.962248 5.860177 14.466897 -2.464824 -1.573960 2.681827 -20.918269 -2.565243 12.238118 17.001859 -42.629219 -16.732833 -10.742727 -30.216801 -10.981384 0.000004 -0.000005 -0.000003 -9.108302 -0.517859 2.259826 6.784432 -6.172460 88.417502 1.825782 -4.334315 58.456987 2.686944 -3.211664 49.737154 0.000000 -0.000001 -0.000004 -9.532526 -0.000042 -0.000036 6.424459 -10.491787 85.831360 5.547421 -3.148321 88.431941 1.992751 -3.868725 55.826715 -0.000001 -0.000001 0.000008 -9.103612 -0.043069 -1.865147 7.210787 -14.779908 93.010210 6.946207 -0.770953 99.879898 4.855007 -1.746645 49.641313 0.000001 -0.000002 0.000004 -8.076691 -0.486721 -3.806297 7.365541 -20.339946 99.722053 8.954172 0.129463 87.274135 2.391312 -3.382232 53.318021 0.000001 -0.000000 0.000002 4.570446 11.014730 -2.160850 1.620749 -15.090567 -17.386923 -2.788525 5.880102 -38.786558 275.893361 -104.023808 289.398940 -53.331551 1.928902 5.245730 2.466136 -1.576201 2.681751 -18.823624 3.908854 -11.048158 15.992540 39.813422 16.424899 -12.963115 23.154321 10.136684 -0.000005 -0.000007 0.000001 9.109335 -0.518057 2.259885 7.106406 7.688300 -85.757157 2.326294 5.250739 -57.086175 3.017328 4.046144 -48.610969 -0.000003 0.000002 -0.000002 9.533417 0.000019 0.000058 7.047096 11.777825 -83.529669 6.547599 4.503945 -86.169851 2.415858 4.742841 -54.509926 -0.000001 -0.000005 -0.000001 9.104535 -0.043035 -1.865071 8.383031 16.028188 -91.062384 8.220832 2.271494 -97.605275 5.069992 2.744355 -48.571313 0.000001 0.000003 0.000001 8.077807 -0.486904 -3.806264 9.653900 21.490741 -98.649228 10.269252 1.089650 -85.114232 2.948882 4.228583 -52.244308 -0.000001 0.000003 0.000003 -8.207783 -6.751678 -1.599562 -52.547080 -19.444000 -18.859549 74.451507 -7.801857 -9.035531 -29.455351 4.726353 6.328741 3.734254 0.000063 -0.001476 0.000000 0.000002 -0.000000 8.207792 -6.751710 -1.599555 -49.547097 32.261275 34.009639 74.927790 -9.687891 10.006250 -35.989640 -16.060727 -6.269697 -0.919784 0.000006 0.000001 -0.000000 -0.000000 -0.000000 
-5.178438 81.922852 -1.794409 -2.129771 -6.285494 1.112476 -0.000004 10.181591 0.131518 19.814640 3.317574 9.714017 -0.611601 -0.633821 3.529869 -0.636153 -0.884731 1.550169 -0.000004 16.740385 -2.049033 3.249369 0.299678 -2.460096 -0.000003 9.617876 1.685006 -24.994727 9.499777 -11.659240 0.000005 22.037384 7.501091 0.000001 0.000000 -0.000000 -4.569975 11.014917 -2.160882 13.140088 -10.693954 12.383476 -40.109473 -0.898399 48.634068 84.691935 28.636965 -70.741164 -75.013229 6.525090 13.870973 -2.464804 -1.573964 2.681845 -19.235889 -0.859575 10.903048 15.309688 -40.914619 -16.314615 -10.095079 -27.354935 -10.033160 0.000000 -0.000002 -0.000002 -9.108293 -0.517862 2.259837 5.087445 -6.638445 80.357777 1.698268 -4.035584 55.155789 2.504845 -3.094207 46.973994 0.000000 0.000003 -0.000002 -9.532531 -0.000054 -0.000021 5.229031 -10.488967 78.589659 5.121274 -3.400114 82.660001 1.796970 -3.708086 52.619965 -0.000000 -0.000003 0.000008 -9.103614 -0.043082 -1.865128 6.366113 -14.744203 86.141321 6.671364 -1.622080 94.080603 4.377271 -2.015477 46.997453 0.000001 -0.000001 -0.000010 -8.076686 -0.486722 -3.806279 7.458271 -20.311396 93.962209 8.540009 -0.567934 81.913229 1.991021 -3.601387 50.693825 -0.000001 -0.000002 -0.000006 4.570446 11.014690 -2.160854 1.615826 -15.744800 -18.992458 6.850304 -2.226943 -46.574886 281.855788 -113.946379 302.306577 -61.834427 1.622773 5.990166 2.466131 -1.576197 2.681744 -18.849200 3.848656 -11.129996 15.871384 39.775525 16.447990 -13.019914 23.003995 9.961536 -0.000006 -0.000002 -0.000006 9.109303 -0.518062 2.259880 6.993881 7.703770 -85.709606 2.331198 5.259434 -57.172638 3.023224 4.050134 -48.682928 -0.000001 0.000006 0.000002 9.533398 -0.000005 0.000052 7.046211 11.804269 -83.531786 6.561576 4.497470 -86.319343 2.422459 4.747986 -54.593685 -0.000000 0.000000 -0.000007 9.104545 -0.043050 -1.865062 8.476776 16.048580 -91.171517 8.230698 2.249048 -97.755266 5.083414 2.738436 -48.640403 0.000001 -0.000000 -0.000003 8.077801 -0.486903 -3.806263 9.911562 21.499470 -98.930707 10.282721 1.070852 -85.252953 2.960576 4.223602 -52.312743 0.000002 -0.000003 -0.000007 -8.207787 -6.751666 -1.599567 -51.215064 -20.153023 -19.698020 77.153892 -8.682606 -8.531408 -31.295022 4.274616 7.217404 3.714644 0.000097 -0.001486 0.000000 -0.000003 -0.000000 8.207791 -6.751696 -1.599557 -49.173117 29.890957 35.250074 78.256927 -9.657607 10.008784 -37.796324 -17.715122 -6.136818 -0.866480 0.000003 -0.000002 0.000000 0.000000 0.000000 
-4.834879 81.620384 -1.306557 -3.586531 -4.738765 0.276333 -0.000002 10.181596 0.131520 19.182994 2.532019 9.697715 -0.574307 -0.692667 3.341723 -0.594010 -0.938875 1.289733 -0.000002 16.740391 -2.049035 3.513176 0.183698 -2.501257 0.000004 9.617891 1.685016 -24.421401 7.376609 -11.452050 0.000002 22.037399 7.501090 -0.000002 0.000000 -0.000000 -4.569978 11.014915 -2.160882 14.805128 -10.927566 12.634253 -33.563522 -2.542262 52.430106 83.795554 30.572555 -75.385454 -75.014130 7.064742 12.856360 -2.464822 -1.573970 2.681835 -15.222490 2.885352 7.638897 11.673699 -37.035564 -14.957612 -9.038219 -20.673880 -8.274510 0.000005 -0.000012 -0.000001 -9.108315 -0.517860 2.259830 1.082249 -6.194976 62.038998 1.498267 -3.354826 47.596207 2.114339 -2.787870 40.646739 0.000001 -0.000001 -0.000006 -9.532518 -0.000046 -0.000028 2.649055 -9.879454 62.077841 4.007408 -3.759349 69.479683 1.385472 -3.303787 45.276689 0.000000 -0.000000 0.000002 -9.103611 -0.043078 -1.865134 4.572801 -14.612058 70.507339 5.506680 -3.326417 80.822865 3.199065 -2.474751 40.934953 -0.000000 -0.000002 0.000002 -8.076708 -0.486721 -3.806283 7.715305 -20.976904 80.876045 7.279526 -1.835492 69.656004 0.986336 -3.985341 44.676278 -0.000001 -0.000001 0.000003 4.570449 11.014735 -2.160852 1.498422 -16.195844 -19.911939 13.310825 -10.558478 -49.444033 283.648139 -118.242036 310.576078 -67.980285 -0.283229 5.917145 2.466142 -1.576199 2.681754 -18.866605 3.767588 -11.213727 15.721849 39.720248 16.470248 -13.080432 22.812851 9.754466 -0.000004 0.000000 0.000006 9.109303 -0.518044 2.259882 6.852675 7.724378 -85.598273 2.335439 5.266904 -57.247091 3.028315 4.053611 -48.744939 0.000000 0.000001 -0.000002 9.533421 0.000013 0.000039 7.035518 11.834303 -83.482199 6.573552 4.491865 -86.447894 2.428120 4.752426 -54.665880 0.000000 0.000001 0.000004 9.104527 -0.043044 -1.865064 8.576378 16.071423 -91.246273 8.239024 2.229738 -97.884254 5.094966 2.733356 -48.699915 -0.000000 -0.000001 0.000002 8.077818 -0.486892 -3.806266 10.204588 21.507385 -99.209147 10.294244 1.054632 -85.372201 2.970658 4.219337 -52.371729 -0.000000 0.000002 0.000006 -8.207785 -6.751663 -1.599562 -49.510880 -21.069260 -20.492104 77.763227 -8.818059 -8.320373 -32.140551 3.939689 7.829663 3.793253 0.000087 -0.001684 0.000000 -0.000001 -0.000000 8.207793 -6.751700 -1.599560 -47.700675 28.663780 35.233524 79.136197 -9.640737 10.009432 -38.878236 -18.818368 -6.350286 -0.733135 -0.000006 0.000005 -0.000000 0.000000 0.000000 
-4.520309 82.430786 -0.841092 -4.360362 -3.596869 -0.282840 -0.000006 10.181586 0.131521 17.370634 1.635953 9.650605 -0.750308 -0.773371 3.247946 -0.767438 -1.030669 1.124153 0.000001 16.740412 -2.049037 4.068874 0.111456 -2.591770 0.000002 9.617901 1.685016 -21.833682 5.644389 -11.402581 0.000003 22.037369 7.501100 0.000001 0.000000 0.000000 -4.569969 11.014913 -2.160884 15.811316 -10.135643 12.041198 -28.746118 -3.211507 52.404859 84.000801 32.767320 -81.845829 -74.994227 7.818062 11.789434 -2.464812 -1.573975 2.681841 -8.297100 8.299519 1.790200 6.416447 -31.057215 -11.799056 -8.303070 -9.778823 -6.421237 0.000004 -0.000006 0.000000 -9.108294 -0.517871 2.259830 -3.759555 -1.473029 33.385497 1.428883 -2.320115 35.506841 1.579667 -2.200462 30.530133 0.000000 -0.000001 -0.000001 -9.532529 -0.000042 -0.000028 -0.530557 -7.444038 35.902001 2.018412 -3.608251 48.449353 0.845627 -2.566712 33.536748 -0.000001 -0.000001 0.000004 -9.103601 -0.043074 -1.865136 1.841686 -14.342530 45.610955 2.408266 -4.897470 59.583244 1.143289 -2.723538 31.233205 -0.000001 0.000001 -0.000001 -8.076699 -0.486712 -3.806285 7.228504 -23.990013 59.896142 4.689658 -2.729264 50.047310 -0.822318 -4.219692 35.041452 0.000000 -0.000001 -0.000000 4.570453 11.014728 -2.160856 1.550087 -16.160065 -19.621378 16.069973 -15.085554 -47.206477 287.820784 -119.179916 318.253866 -71.198227 -2.417815 5.150397 2.466138 -1.576193 2.681740 -18.875486 3.664552 -11.299437 15.542691 39.646663 16.491348 -13.145094 22.578789 9.513955 0.000001 -0.000002 0.000001 9.109311 -0.518054 2.259880 6.681299 7.749867 -85.420040 2.338947 5.273125 -57.309051 3.032532 4.056462 -48.796480 -0.000000 0.000002 0.000004 9.533422 0.000019 0.000051 7.014470 11.868142 -83.378435 6.583452 4.487241 -86.554548 2.432870 4.756098 -54.725955 -0.000000 0.000003 0.000004 9.104548 -0.043041 -1.865067 8.682157 16.097052 -91.285062 8.245871 2.213716 -97.991283 5.104577 2.729146 -48.749423 0.000001 -0.000000 -0.000004 8.077794 -0.486912 -3.806271 10.534739 21.514206 -99.484376 10.303757 1.041155 -85.471184 2.979012 4.215817 -52.420752 -0.000001 0.000004 -0.000007 -8.207778 -6.751672 -1.599567 -47.406318 -22.247166 -20.766159 76.185364 -8.637557 -8.262583 -31.916911 3.748454 8.204788 3.923554 0.000121 -0.001945 -0.000000 0.000000 -0.000000 8.207788 -6.751707 -1.599555 -45.788540 28.463849 34.684322 77.668799 -9.651366 10.005396 -38.987522 -19.890670 -6.666676 -0.597960 -0.000005 0.000001 0.000000 0.000000 -0.000000 
-4.259293 84.100723 -0.384385 -4.662670 -2.810255 -0.760279 -0.000005 10.181588 0.131522 14.591883 0.961481 9.575484 -1.175444 -0.808831 3.280773 -1.192388 -1.093770 1.083412 -0.000001 16.740404 -2.049035 4.988273 0.054877 -2.600608 -0.000002 9.617877 1.685010 -17.167013 3.992271 -11.420773 0.000001 22.037369 7.501093 -0.000004 0.000001 -0.000000 -4.569970 11.014936 -2.160880 16.285503 -8.763829 10.842237 -26.366058 -4.205274 48.058085 85.335871 35.665230 -89.243819 -74.964769 8.868246 11.165693 -2.464806 -1.573980 2.681843 -0.202285 13.075931 -5.294244 1.387713 -25.120423 -7.359310 -8.443747 1.874601 -5.424745 -0.000001 -0.000006 0.000004 -9.108286 -0.517862 2.259837 -4.004884 6.786989 3.692794 1.648057 -1.367674 22.644201 1.154165 -1.468055 19.776560 -0.000001 0.000003 0.000006 -9.532494 -0.000038 -0.000024 -1.983265 -3.699400 8.400829 0.037395 -2.397709 26.143044 0.448303 -1.692151 21.058177 0.000000 0.000002 0.000003 -9.103590 -0.043067 -1.865138 -1.315617 -13.852342 19.171849 -1.704297 -4.387488 37.014141 -1.124686 -2.292405 20.946127 0.000002 0.000003 -0.000001 -8.076681 -0.486721 -3.806283 3.710497 -28.869939 36.775736 1.860592 -1.994624 29.223760 -2.902944 -3.898220 24.811367 -0.000002 0.000003 -0.000001 4.570445 11.014730 -2.160856 2.126494 -15.646765 -17.728822 15.662201 -15.274251 -41.429305 289.647340 -118.780145 320.229758 -72.045348 -3.761909 4.366643 2.466130 -1.576210 2.681726 -18.669362 3.228894 -11.277267 14.983377 39.276200 16.453658 -13.191438 21.750587 8.920493 0.000001 0.000005 -0.000005 9.109308 -0.518062 2.259870 6.102861 7.843102 -83.978685 2.319399 5.238354 -56.967486 3.009129 4.040495 -48.510473 0.000000 0.000001 0.000009 9.533413 -0.000000 0.000035 6.785979 11.928382 -82.181533 6.527521 4.513645 -85.957623 2.406853 4.735610 -54.394086 -0.000000 -0.000001 -0.000006 9.104530 -0.043058 -1.865088 8.740311 16.150240 -90.404910 8.206990 2.304132 -97.392467 5.051258 2.753902 -48.475406 0.000000 0.000001 0.000004 8.077807 -0.486919 -3.806273 11.145720 21.538134 -99.198136 10.250226 1.116780 -84.918212 2.932610 4.236786 -52.149027 -0.000000 0.000002 0.000009 -8.207786 -6.751666 -1.599565 -44.759148 -23.542124 -20.295241 72.795910 -8.277097 -8.270631 -30.663540 3.578823 8.391804 3.763798 0.000088 -0.001591 0.000000 0.000002 -0.000000 8.207792 -6.751696 -1.599560 -43.683701 28.923290 33.928592 74.532185 -9.681702 9.996961 -37.716916 -20.726790 -7.014650 -0.646264 -0.000004 0.000001 -0.000000 -0.000000 -0.000000 
-4.012559 86.199409 0.099804 -4.676824 -2.290610 -1.067606 -0.000004 10.181590 0.131523 11.296804 0.671614 9.455633 -1.781095 -0.750053 3.371236 -1.798891 -1.070300 1.097159 0.000000 16.740396 -2.049035 6.175115 -0.015493 -2.397728 0.000000 9.617872 1.685008 -11.125630 2.085690 -11.146735 0.000003 22.037354 7.501092 0.000000 -0.000000 0.000000 -4.569969 11.014915 -2.160876 16.312268 -7.240416 9.237060 -27.761364 -6.307232 40.629268 88.356611 40.512792 -96.165573 -74.912641 10.472399 10.973649 -2.464809 -1.573988 2.681844 5.462495 15.472822 -10.359957 -1.588230 -21.555290 -4.011558 -8.843212 9.286889 -5.272562 0.000007 -0.000007 0.000005 -9.108278 -0.517871 2.259820 -0.669256 12.013301 -15.814352 1.919496 -0.863816 14.254793 0.966130 -0.946452 12.770291 0.000003 0.000009 -0.000001 -9.532504 -0.000040 -0.000032 -1.720584 -1.189823 -9.359281 -0.939454 -1.071731 11.623396 0.293840 -1.090947 12.927805 -0.000001 0.000003 0.000005 -9.103592 -0.043069 -1.865138 -3.634636 -13.151025 1.979597 -4.243597 -2.702666 22.416877 -2.560319 -1.619681 14.281005 -0.000000 0.000000 0.000000 -8.076681 -0.486725 -3.806282 -1.123644 -31.920766 20.687962 0.377598 -0.637956 15.693323 -4.274888 -3.352127 18.172811 -0.000001 0.000007 0.000003 4.570450 11.014688 -2.160853 3.050950 -14.823872 -14.539079 13.272126 -13.316193 -33.725514 284.684716 -117.221114 312.729063 -71.894476 -4.248500 4.052204 2.466134 -1.576200 2.681740 -18.022434 2.478226 -10.779292 14.253234 38.567206 16.229766 -13.016529 20.500931 8.404251 -0.000002 0.000004 -0.000001 9.109324 -0.518047 2.259870 5.265310 7.941900 -80.674725 2.247709 5.105886 -55.667117 2.920928 3.978578 -47.422311 0.000002 0.000001 -0.000009 9.533427 0.000023 0.000044 6.228216 11.914753 -79.219942 6.311561 4.607624 -83.692255 2.308955 4.656352 -53.130826 -0.000000 0.000000 0.000007 9.104555 -0.043038 -1.865076 8.384932 16.177228 -87.655772 8.046040 2.641713 -95.119195 4.846029 2.843233 -47.432283 -0.000001 -0.000001 0.000005 8.077821 -0.486890 -3.806269 11.281499 21.615694 -97.001800 10.038339 1.395965 -82.818810 2.753609 4.312732 -51.114738 0.000000 -0.000000 -0.000001 -8.207786 -6.751664 -1.599569 -41.742100 -24.508040 -19.281723 68.332983 -7.980776 -8.224407 -28.597983 3.304166 8.550990 3.063142 0.000039 -0.000569 -0.000000 -0.000000 -0.000000 8.207792 -6.751701 -1.599557 -41.475832 29.708943 32.913206 70.682950 -9.724582 9.985717 -35.072987 -21.256628 -7.213534 -0.948520 -0.000004 -0.000001 0.000000 -0.000001 -0.000000 
-3.736436 88.254738 0.609061 -4.401958 -1.937898 -1.066357 -0.000006 10.181590 0.131521 7.933764 0.679390 9.179932 -2.432218 -0.611840 3.424211 -2.450588 -0.964246 1.071707 -0.000005 16.740379 -2.049030 7.371022 -0.100272 -1.992033 0.000002 9.617896 1.685008 -4.856960 -0.008463 -10.276989 0.000002 22.037369 7.501096 0.000000 0.000000 -0.000000 -4.569974 11.014905 -2.160880 15.984461 -5.924847 7.312390 -34.253464 -8.215165 32.570194 93.067502 47.341810 -101.006272 -74.844154 13.067876 10.951111 -2.464801 -1.573968 2.681856 7.114416 15.952641 -11.853896 -2.303830 -20.626954 -3.056697 -8.884836 11.164323 -5.418797 0.000001 -0.000004 0.000000 -9.108272 -0.517870 2.259830 0.734503 13.162894 -21.381905 2.011499 -0.739905 11.862292 0.926230 -0.793053 10.772449 -0.000001 0.000010 -0.000000 -9.532502 -0.000043 -0.000018 -1.466187 -0.540688 -14.304513 -1.151220 -0.625937 7.458708 0.265313 -0.917037 10.609866 -0.000002 -0.000000 0.000003 -9.103601 -0.043080 -1.865132 -4.301161 -12.806483 -2.872506 -4.887772 -2.030537 18.255615 -2.954898 -1.372114 12.388329 0.000001 -0.000001 -0.000002 -8.076681 -0.486703 -3.806271 -2.949692 -32.541152 15.853957 0.042254 -0.063436 11.807049 -4.661247 -3.146936 16.285953 0.000000 -0.000000 -0.000001 4.570444 11.014724 -2.160851 3.388049 -13.957410 -11.462840 9.966975 -10.731058 -24.482905 273.270896 -115.638340 296.465017 -71.803839 -4.368347 4.244719 2.466143 -1.576201 2.681732 -17.016499 1.712392 -9.762193 13.737111 37.751166 15.830862 -12.551296 19.389476 8.413293 0.000001 -0.000002 -0.000010 9.109329 -0.518050 2.259866 4.559365 7.965501 -76.346652 2.139774 4.888662 -53.546132 2.779893 3.873501 -45.647428 0.000002 0.000002 -0.000008 9.533423 0.000023 0.000045 5.490839 11.741856 -75.168308 5.946093 4.738897 -79.997894 2.153166 4.522778 -51.070315 -0.000003 -0.000001 0.000003 9.104549 -0.043041 -1.865079 7.543982 16.093200 -83.467999 7.734270 3.170809 -91.410266 4.503822 2.974651 -45.729923 0.000004 0.000002 -0.000005 8.077797 -0.486889 -3.806281 10.449034 21.712799 -92.884371 9.662380 1.820864 -79.393224 2.453738 4.425595 -49.426794 0.000002 0.000001 -0.000008 -8.207784 -6.751681 -1.599564 -38.927236 -24.759188 -18.165785 63.740917 -7.970635 -8.039760 -26.225739 2.965454 8.822255 2.024424 0.000003 -0.000002 0.000000 0.000001 -0.000000 8.207790 -6.751706 -1.599559 -39.391419 30.603913 31.566669 66.946229 -9.764528 9.974450 -31.861111 -21.441682 -7.300780 -1.349849 -0.000005 -0.000002 0.000000 -0.000000 -0.000000 
-3.406245 89.882607 1.095297 -3.786749 -1.695672 -0.884188 -0.000002 10.181579 0.131520 4.827518 0.817742 8.692703 -3.022464 -0.450187 3.409996 -3.040787 -0.826434 0.980150 -0.000002 16.740400 -2.049036 8.337833 -0.179042 -1.536316 0.000004 9.617897 1.685008 0.672599 -1.875807 -8.930973 0.000001 22.037354 7.501095 0.000000 -0.000000 0.000000 -4.569971 11.014938 -2.160886 15.353336 -4.893151 5.205586 -44.927372 -7.926109 26.157229 96.713156 54.509336 -101.180127 -74.777847 16.665817 10.854447 -2.464814 -1.573958 2.681857 6.685428 15.893012 -11.460834 -2.181431 -20.841089 -3.272033 -8.942850 10.810597 -5.291933 -0.000003 -0.000000 0.000004 -9.108276 -0.517873 2.259834 0.415200 12.979794 -20.139573 1.986763 -0.771949 12.495808 0.936228 -0.833700 11.299738 -0.000001 -0.000000 0.000002 -9.532512 -0.000051 -0.000019 -1.547844 -0.688794 -13.128671 -1.100356 -0.743571 8.533787 0.272249 -0.963100 11.222665 0.000000 0.000006 -0.000002 -9.103586 -0.043071 -1.865137 -4.147463 -12.938071 -1.670893 -4.726789 -2.212558 19.328462 -2.852103 -1.439787 12.888112 -0.000002 -0.000005 -0.000000 -8.076694 -0.486710 -3.806270 -2.431860 -32.455327 17.132413 0.123692 -0.273604 12.819254 -4.560343 -3.203343 16.783906 -0.000002 -0.000000 -0.000006 4.570443 11.014732 -2.160857 2.579233 -13.287418 -9.585475 5.246914 -8.454260 -13.876869 258.384854 -115.366690 274.681522 -71.977094 -4.506716 4.737955 2.466130 -1.576200 2.681724 -15.559577 1.033118 -8.099557 13.566564 36.854403 15.240561 -11.670774 18.609168 9.165906 0.000002 0.000007 -0.000001 9.109326 -0.518041 2.259850 4.114888 7.943566 -70.946227 2.001764 4.569270 -50.442730 2.580239 3.710907 -43.050177 -0.000000 0.000002 -0.000002 9.533423 0.000014 0.000043 4.607253 11.329894 -69.932162 5.384894 4.879377 -74.587476 1.934272 4.317967 -48.055196 -0.000002 0.000001 -0.000005 9.104539 -0.043030 -1.865085 6.130076 15.755553 -77.605607 7.171846 3.887848 -85.973046 3.987867 3.134553 -43.237235 -0.000005 -0.000006 0.000001 8.077808 -0.486898 -3.806281 8.328074 21.628889 -86.379831 9.049648 2.369987 -74.371860 1.998385 4.565607 -46.954945 0.000002 -0.000001 -0.000000 -8.207788 -6.751672 -1.599570 -37.132395 -24.376662 -17.238144 60.146038 -8.626247 -7.771282 -23.974601 2.996941 8.343709 1.233597 -0.033172 0.915791 -0.000000 0.000005 -0.000000 8.207791 -6.751706 -1.599555 -37.911563 31.353724 30.163471 64.009569 -9.794411 9.965402 -28.976975 -21.370284 -7.264174 -1.599866 0.000008 -0.000000 -0.000000 0.000000 -0.000000 
-3.016930 90.885559 1.503417 -2.952697 -1.617600 -0.815481 -0.000004 10.181588 0.131522 2.219097 1.034742 8.119923 -3.514031 -0.298439 3.370688 -3.531932 -0.691317 0.866390 -0.000003 16.740379 -2.049038 9.001490 -0.240399 -1.195381 0.000003 9.617917 1.685008 4.927618 -3.202699 -7.564218 0.000003 22.037354 7.501094 0.000000 -0.000000 0.000000 -4.569971 11.014907 -2.160887 14.351421 -3.886768 3.304796 -56.831347 -4.823547 22.154636 93.444904 60.637900 -92.238146 -74.766953 19.775168 10.703829 -2.464812 -1.573976 2.681854 6.346886 16.154712 -11.121371 -2.409129 -20.880611 -3.275073 -9.356793 11.208170 -4.730445 0.000002 -0.000005 0.000004 -9.108284 -0.517884 2.259839 0.339584 13.229137 -19.602998 1.964783 -0.801446 13.068159 0.945627 -0.870334 11.776020 0.000002 0.000000 -0.000002 -9.532517 -0.000053 -0.000019 -1.668815 -0.751000 -12.547288 -1.051397 -0.850017 9.524085 0.278923 -1.004668 11.776275 0.000002 -0.000001 0.000000 -9.103592 -0.043078 -1.865134 -4.098087 -13.260472 -0.809246 -4.575510 -2.374187 20.317690 -2.758779 -1.499445 13.339833 0.000000 0.000002 -0.000001 -8.076696 -0.486707 -3.806267 -1.681863 -33.045138 18.566805 0.202079 -0.392898 13.741053 -4.469029 -3.252991 17.233896 -0.000000 0.000000 -0.000005 4.570444 11.014696 -2.160858 1.794264 -12.902857 -7.621323 -1.564610 -8.012461 -3.804447 241.557290 -116.942947 250.646742 -72.198364 -4.763853 5.312658 2.466127 -1.576221 2.681751 -13.459935 0.383983 -5.683682 13.613422 35.738804 14.425069 -10.280412 17.988043 10.582783 -0.000003 0.000003 0.000002 9.109310 -0.518050 2.259883 3.774887 7.925190 -63.826950 1.847315 4.120345 -46.083915 2.314187 3.465486 -39.402016 0.000004 0.000001 0.000006 9.533433 0.000041 0.000059 3.565500 10.597269 -62.944858 4.556002 4.966362 -66.980346 1.645964 4.012548 -43.820380 -0.000005 -0.000003 -0.000000 9.104537 -0.043034 -1.865065 4.188490 14.971962 -69.537207 6.185257 4.751567 -78.313679 3.236813 3.292125 -39.733683 0.000002 0.000003 -0.000002 8.077802 -0.486891 -3.806251 5.038192 20.983082 -77.036884 8.082905 2.982328 -67.301624 1.328770 4.709504 -43.479963 -0.000000 -0.000005 -0.000000 -8.207786 -6.751689 -1.599566 -36.455585 -23.878186 -16.681292 57.915708 -9.086196 -7.530130 -22.028992 3.113663 8.253979 0.143174 -0.055332 1.355002 -0.000000 0.000001 -0.000000 8.207796 -6.751724 -1.599557 -37.213101 31.809810 29.091442 62.097389 -9.636343 9.953199 -27.408658 -21.293222 -7.207327 -1.627033 -0.000386 0.196351 -0.000000 0.000000 -0.000000 
-2.573223 91.266373 1.804112 -2.190509 -1.620834 -0.970587 -0.000005 10.181603 0.131520 0.318417 1.378752 7.501820 -3.907263 -0.148221 3.347378 -3.924737 -0.553808 0.771826 0.000003 16.740374 -2.049034 9.422365 -0.293354 -1.029866 -0.000002 9.617888 1.685007 7.803601 -4.039875 -6.564482 0.000002 22.037354 7.501097 0.000001 -0.000000 -0.000000 -4.569967 11.014880 -2.160882 13.014120 -2.484562 1.928664 -67.392097 0.812779 19.328546 76.736882 63.974011 -69.603104 -74.897273 20.015702 10.709444 -2.464812 -1.573964 2.681850 6.402806 15.981270 -11.189609 -2.234873 -20.929014 -3.343318 -9.132542 10.859102 -5.018677 0.000003 -0.000004 -0.000006 -9.108282 -0.517867 2.259833 0.273884 13.010799 -19.461258 1.969658 -0.795156 12.944765 0.943601 -0.862337 11.671802 0.000003 0.000000 0.000002 -9.532521 -0.000052 -0.000024 -1.624595 -0.766481 -12.481551 -1.062201 -0.827241 9.315636 0.277505 -0.995682 11.656066 -0.000001 -0.000007 0.000003 -9.103579 -0.043094 -1.865134 -4.075556 -13.116230 -0.899426 -4.608082 -2.339494 20.109605 -2.779742 -1.486459 13.241547 -0.000002 0.000000 0.000002 -8.076700 -0.486700 -3.806273 -1.940301 -32.693414 18.172714 0.185477 -0.367387 13.547579 -4.489680 -3.242350 17.135625 0.000003 0.000003 -0.000006 4.570450 11.014731 -2.160852 2.877042 -12.820615 -3.241013 -9.833212 -9.865695 2.916856 223.694323 -121.206543 227.890163 -72.327148 -5.127243 5.840604 2.466127 -1.576195 2.681712 -10.648001 -0.243254 -2.599633 13.688315 34.314867 13.402843 -8.401371 17.325615 12.413192 -0.000005 0.000000 -0.000004 9.109309 -0.518038 2.259853 3.325848 7.909242 -54.756213 1.715171 3.551893 -40.508766 2.000500 3.124333 -34.736047 -0.000000 -0.000006 0.000010 9.533414 0.000018 0.000019 2.476869 9.500686 -54.081796 3.457576 4.877601 -57.245024 1.311811 3.594269 -38.404644 -0.000001 0.000005 -0.000004 9.104539 -0.043033 -1.865093 2.041148 13.589383 -59.319278 4.636283 5.551185 -68.483220 2.241604 3.375729 -35.251436 0.000002 0.000003 0.000000 8.077811 -0.486877 -3.806290 1.230627 19.402740 -65.223280 6.714271 3.469655 -58.236467 0.428854 4.798902 -39.032407 -0.000000 -0.000003 -0.000004 -8.207788 -6.751654 -1.599566 -36.498799 -23.947415 -16.467560 56.845011 -9.093807 -7.552833 -21.491004 3.228072 8.258423 0.178646 -0.063257 1.610339 -0.000000 -0.000001 -0.000000 8.207796 -6.751688 -1.599558 -37.047455 32.014142 28.452075 61.071146 -9.523071 9.944936 -27.452948 -21.116228 -6.981112 -1.364872 -0.003083 0.553765 -0.000000 -0.000000 -0.000000 
-2.090464 91.154991 1.975554 -1.748793 -1.650911 -1.203056 -0.000006 10.181591 0.131522 -0.728426 1.824064 6.867950 -4.203650 0.005447 3.331270 -4.220908 -0.411685 0.687347 0.000002 16.740389 -2.049034 9.670577 -0.346319 -0.990718 -0.000001 9.617899 1.685005 9.558868 -4.571601 -5.984349 0.000001 22.037354 7.501094 0.000002 -0.000000 0.000000 -4.569970 11.014915 -2.160881 11.864615 -0.477871 0.436581 -74.712803 8.155160 15.767977 49.920343 60.601106 -39.381730 -75.022313 17.047010 10.496271 -2.464830 -1.573974 2.681856 6.187039 13.622434 -11.224630 0.289021 -22.050672 -4.630167 -6.530421 5.567374 -8.301650 0.000003 -0.000003 -0.000001 -9.108289 -0.517867 2.259837 -1.019906 9.757344 -15.070804 1.978111 -0.784152 12.729253 0.940085 -0.848411 11.490729 0.000000 0.000001 -0.000001 -9.532510 -0.000061 -0.000020 -1.209637 -1.265599 -9.114703 -1.081157 -0.786791 8.942499 0.275047 -0.979965 11.446620 0.000001 -0.000004 0.000000 -9.103609 -0.043080 -1.865123 -3.469624 -11.539471 0.510324 -4.665777 -2.278036 19.736976 -2.815792 -1.463770 13.070405 0.000001 -0.000004 -0.000002 -8.076703 -0.486731 -3.806266 -3.782192 -28.067650 16.075202 0.155827 -0.322153 13.200900 -4.525140 -3.223611 16.964778 -0.000001 0.000003 -0.000008 4.570447 11.014711 -2.160852 5.689228 -12.758241 3.118420 -18.702806 -12.542100 6.177111 207.972785 -128.415070 210.092972 -72.366291 -5.577096 6.255956 2.466137 -1.576207 2.681732 -7.280262 -0.729204 0.871304 13.716901 32.657067 12.261186 -6.161583 16.634026 14.427516 0.000002 0.000002 0.000000 9.109304 -0.518039 2.259866 2.705346 7.853635 -44.342015 1.650030 2.922189 -34.154812 1.682554 2.701689 -29.419981 -0.000001 0.000000 0.000003 9.533413 0.000012 0.000039 1.572349 8.105918 -43.987890 2.209853 4.491371 -46.156322 0.981404 3.084382 -32.234910 -0.000001 -0.000005 -0.000003 9.104548 -0.043013 -1.865081 0.155481 11.639982 -47.794245 2.579880 5.957609 -57.253777 1.078341 3.304387 -30.147847 -0.000001 -0.000004 -0.000010 8.077822 -0.486875 -3.806270 -2.252079 16.819853 -52.099983 5.063651 3.591842 -47.893249 -0.642004 4.763970 -33.964936 -0.000001 0.000002 -0.000000 -8.207787 -6.751661 -1.599566 -37.001392 -24.748489 -16.743504 56.677811 -8.412543 -7.941861 -22.062389 3.225519 8.275582 0.856942 -0.067719 1.696710 -0.000000 0.000004 -0.000000 8.207792 -6.751697 -1.599556 -36.992878 32.111171 28.062211 60.721734 -9.574394 9.943354 -28.800264 -20.952906 -6.483110 -0.856486 -0.000271 0.027987 -0.000000 -0.000000 -0.000000 
-1.587852 90.686646 1.984694 -1.755306 -1.704956 -1.358069 -0.000006 10.181582 0.131521 -0.769810 2.225116 6.255351 -4.377905 0.137715 3.289614 -4.395309 -0.291580 0.579887 0.000001 16.740391 -2.049033 9.746239 -0.391924 -0.990214 -0.000004 9.617853 1.685013 10.511512 -4.811499 -5.659321 0.000002 22.037369 7.501091 0.000000 -0.000000 0.000000 -4.569970 11.014912 -2.160883 11.786633 1.590747 -2.747851 -76.861717 15.158106 10.458908 27.316367 49.964620 -18.891801 -74.911186 12.997799 9.124135 -2.464829 -1.573971 2.681851 5.465947 8.901449 -11.176894 5.602136 -24.653902 -6.880321 -2.061868 -5.364843 -14.216817 0.000008 -0.000004 0.000000 -9.108309 -0.517887 2.259836 -2.169928 2.889921 -5.623147 1.978455 -0.783923 12.723129 0.940023 -0.847932 11.484390 0.000002 0.000007 -0.000002 -9.532518 -0.000039 -0.000024 -0.314414 -2.185785 -1.588085 -1.082124 -0.785099 8.928944 0.275014 -0.979493 11.440020 -0.000003 0.000004 0.000005 -9.103588 -0.043056 -1.865136 -2.447142 -8.409088 4.022064 -4.668252 -2.275521 19.723489 -2.817436 -1.462941 13.064854 0.000000 -0.000001 -0.000003 -8.076715 -0.486711 -3.806278 -5.942874 -18.605164 13.162555 0.154660 -0.320346 13.188687 -4.526893 -3.223074 16.958972 0.000002 -0.000001 -0.000002 4.570446 11.014725 -2.160853 8.505118 -12.630597 8.903531 -27.865336 -15.051333 8.210768 195.706107 -137.300422 197.141895 -72.353362 -6.119747 6.470164 2.466130 -1.576187 2.681729 -3.631595 -0.947995 4.404905 13.716182 30.916636 11.103220 -3.724861 16.039342 16.469188 0.000002 0.000008 0.000004 9.109287 -0.518033 2.259862 1.971461 7.725885 -33.516688 1.671990 2.302133 -27.567432 1.401174 2.230242 -23.912012 0.000003 -0.000004 -0.000011 9.533390 0.000030 0.000030 1.030854 6.582907 -33.559813 0.995286 3.771261 -34.683806 0.698846 2.524719 -25.842781 -0.000002 0.000001 -0.000004 9.104522 -0.043028 -1.865082 -1.132167 9.357175 -35.983188 0.276445 5.731742 -45.624987 -0.136231 3.039154 -24.870261 0.000002 0.000001 0.000000 8.077784 -0.486881 -3.806269 -4.816450 13.527541 -38.864637 3.370764 3.220430 -37.183881 -1.783844 4.566692 -28.719900 0.000002 0.000008 0.000008 -8.207784 -6.751667 -1.599562 -37.892575 -25.842808 -17.699851 57.439418 -6.682997 -8.576066 -22.640991 2.837220 9.362101 0.763774 -0.026855 0.445426 -0.000000 0.000001 -0.000000 8.207793 -6.751711 -1.599558 -36.860226 32.153720 27.777816 61.055963 -9.658438 9.945658 -30.845489 -20.835122 -5.821974 -0.024132 0.007445 -0.767512 -0.000000 -0.000000 0.000000 
-1.168977 89.900116 1.895503 -2.215986 -1.779308 -1.486300 -0.000005 10.181572 0.131519 0.320989 2.458056 5.712684 -4.397394 0.221583 3.210697 -4.415271 -0.220983 0.437512 0.000001 16.740385 -2.049034 9.624086 -0.414104 -0.979064 -0.000001 9.617877 1.685010 10.739921 -4.633607 -5.403196 0.000002 22.037323 7.501101 -0.000001 0.000000 0.000000 -4.569969 11.014898 -2.160883 12.901659 2.742789 -8.160867 -73.558228 19.307312 4.028691 10.706293 37.139085 -10.875309 -74.679116 9.796867 6.135865 -2.464804 -1.573972 2.681854 4.666830 4.188020 -11.284351 11.264493 -27.541321 -8.478883 1.730477 -16.490793 -19.653454 -0.000002 0.000004 0.000007 -9.108290 -0.517872 2.259835 -1.142099 -3.909817 4.144655 1.975758 -0.787766 12.796095 0.941235 -0.852523 11.544124 0.000001 0.000004 -0.000002 -9.532499 -0.000030 -0.000025 0.703391 -2.868429 6.140315 -1.076250 -0.798273 9.053286 0.275891 -0.984775 11.510029 -0.000003 -0.000001 0.000002 -9.103595 -0.043079 -1.865134 -1.806465 -5.203853 7.570208 -4.649616 -2.295561 19.847732 -2.806078 -1.470407 13.121852 -0.000000 0.000003 0.000002 -8.076678 -0.486707 -3.806282 -6.775940 -8.928231 10.565471 0.164424 -0.335220 13.304836 -4.515884 -3.229360 17.015518 0.000001 -0.000000 -0.000001 4.570444 11.014715 -2.160855 10.575768 -12.509595 13.092643 -37.065111 -17.404181 9.934260 185.740683 -146.529578 187.596200 -72.320297 -6.859233 6.383580 2.466134 -1.576211 2.681722 -0.057998 -0.872333 7.664007 13.707659 29.260841 10.033202 -1.309776 15.626810 18.370811 -0.000002 -0.000003 0.000001 9.109316 -0.518059 2.259858 1.215408 7.520995 -23.290110 1.768693 1.757107 -21.337204 1.183280 1.758109 -18.706920 0.000002 -0.000001 0.000001 9.533400 0.000032 0.000032 0.885638 5.155903 -23.740537 -0.008761 2.807872 -23.867145 0.490226 1.972695 -19.802158 0.000000 -0.000005 0.000001 9.104527 -0.043027 -1.865087 -1.723225 7.105928 -24.916002 -1.894849 4.874740 -34.688308 -1.269496 2.608300 -19.899116 0.000003 0.000004 0.000003 8.077784 -0.486873 -3.806279 -6.240456 10.088043 -26.616675 1.902790 2.419084 -27.092524 -2.874033 4.224532 -23.774379 0.000001 -0.000002 0.000002 -8.207787 -6.751681 -1.599560 -39.037857 -26.821287 -18.863960 59.269260 -5.069070 -9.302430 -23.534549 2.637450 9.544347 0.880913 0.000010 0.000038 0.000000 0.000001 -0.000000 8.207794 -6.751694 -1.599558 -36.814306 31.950648 27.777906 62.330066 -9.729752 9.951785 -32.953508 -20.557213 -5.145981 0.570564 0.012009 -1.091920 -0.000000 0.000001 -0.000000 
-0.822618 88.749512 1.754330 -2.883144 -1.867621 -1.824363 -0.000006 10.181597 0.131520 2.318451 2.463512 5.360256 -4.283972 0.236929 3.112304 -4.302182 -0.218702 0.278021 0.000002 16.740391 -2.049036 9.353942 -0.397212 -0.976051 0.000003 9.617910 1.685007 10.209823 -3.926989 -5.110159 0.000002 22.037323 7.501096 -0.000003 0.000000 -0.000000 -4.569967 11.014923 -2.160883 13.991917 3.032244 -14.036345 -67.314048 20.183274 -1.738654 -2.328441 26.946486 -9.562875 -74.626374 7.836349 2.224665 -2.464823 -1.573987 2.681854 4.253902 1.805397 -11.424179 14.283558 -29.073615 -8.999571 3.465552 -22.164025 -22.303257 -0.000001 -0.000005 0.000004 -9.108276 -0.517898 2.259835 0.212111 -7.136571 9.264656 1.975015 -0.789000 12.818658 0.941639 -0.853889 11.561766 0.000001 -0.000001 0.000004 -9.532532 -0.000041 -0.000019 1.253952 -3.108244 10.053070 -1.074625 -0.802153 9.091609 0.276202 -0.986373 11.531235 -0.000001 0.000004 0.000003 -9.103583 -0.043080 -1.865131 -1.630864 -3.551508 9.308230 -4.644132 -2.301391 19.886086 -2.802977 -1.472582 13.138998 -0.000000 0.000001 -0.000001 -8.076694 -0.486730 -3.806271 -6.741636 -3.971755 9.179531 0.167393 -0.339618 13.340879 -4.512955 -3.231267 17.032357 -0.000000 -0.000003 0.000002 4.570439 11.014716 -2.160854 12.250157 -11.821261 16.228688 -45.746708 -19.109811 10.772827 176.837627 -154.628297 181.526771 -72.292771 -7.935077 6.046439 2.466125 -1.576203 2.681726 2.893750 -0.613746 10.212878 13.695530 27.920246 9.188680 0.710064 15.401943 19.875557 0.000004 0.000000 -0.000001 9.109320 -0.518037 2.259868 0.568963 7.278716 -15.063338 1.894293 1.353477 -16.317863 1.043507 1.362591 -14.516751 -0.000002 -0.000003 -0.000000 9.533403 0.000031 0.000037 1.011097 4.069029 -15.849022 -0.672206 1.853429 -15.180375 0.364775 1.516204 -14.939261 0.000004 -0.000001 -0.000002 9.104526 -0.043025 -1.865080 -1.773250 5.328520 -16.042489 -3.526017 3.732133 -25.950520 -2.156322 2.135187 -15.912942 0.000001 0.000004 0.000000 8.077798 -0.486857 -3.806273 -6.691468 7.259430 -16.869141 0.885593 1.482724 -18.999829 -3.746658 3.837317 -19.805045 -0.000000 0.000002 -0.000007 -8.207784 -6.751662 -1.599563 -40.254061 -27.362551 -19.833609 61.931313 -4.197908 -9.780188 -24.717321 2.589694 9.354078 1.030223 -0.000011 0.000038 0.000000 -0.000002 -0.000000 8.207789 -6.751701 -1.599555 -37.336447 31.178810 28.381393 64.952640 -9.846170 9.959410 -34.818399 -20.210854 -4.585529 0.897355 0.013883 -1.173824 -0.000000 0.000000 -0.000000 
-0.460169 87.240517 1.578635 -3.625504 -1.964388 -2.533626 -0.000007 10.181581 0.131521 4.514384 2.175848 5.635224 -4.129678 0.156791 3.023458 -4.147223 -0.309666 0.130656 0.000001 16.740414 -2.049037 9.077350 -0.336994 -1.028907 -0.000000 9.617874 1.685007 9.122495 -2.723384 -4.818809 0.000002 22.037369 7.501094 0.000001 0.000000 -0.000000 -4.569968 11.014917 -2.160885 14.297709 3.610077 -18.389202 -61.204943 19.646634 -5.973227 -11.147004 20.487364 -9.974316 -74.865669 6.612634 -1.109271 -2.464807 -1.573967 2.681851 4.230857 1.609075 -11.446717 14.535093 -29.195640 -9.029944 3.609860 -22.628591 -22.523322 0.000002 0.000002 0.000000 -9.108290 -0.517874 2.259835 0.344694 -7.390198 9.661326 1.975766 -0.788258 12.802676 0.941389 -0.852772 11.547315 0.000002 -0.000003 0.000002 -9.532512 -0.000045 -0.000024 1.301058 -3.121787 10.344082 -1.076301 -0.798831 9.063218 0.276039 -0.985185 11.515126 0.000002 -0.000005 0.000003 -9.103590 -0.043070 -1.865131 -1.619099 -3.410494 9.416387 -4.648860 -2.296324 19.857832 -2.806197 -1.470744 13.125712 0.000000 0.000000 -0.000003 -8.076668 -0.486703 -3.806280 -6.723067 -3.556474 9.026962 0.165104 -0.335954 13.314880 -4.516219 -3.229848 17.018866 -0.000001 -0.000004 -0.000005 4.570441 11.014748 -2.160856 13.675075 -9.944965 18.496883 -53.020040 -19.351012 10.804943 168.350216 -159.752702 178.696791 -72.266195 -9.201487 5.732680 2.466122 -1.576211 2.681738 4.644503 -0.384273 11.664383 13.684050 27.133152 8.702047 1.918254 15.311168 20.739229 -0.000002 0.000005 -0.000005 9.109284 -0.518040 2.259873 0.178110 7.097292 -10.259090 1.985234 1.133994 -13.385115 0.977055 1.126447 -12.069759 0.000001 -0.000002 -0.000000 9.533390 0.000049 0.000038 1.175784 3.475710 -11.239602 -0.987006 1.231703 -10.115887 0.309277 1.246024 -12.099388 -0.000001 0.000003 0.000000 9.104511 -0.043027 -1.865069 -1.637612 4.337329 -10.863813 -4.394630 2.886223 -20.882195 -2.658799 1.807647 -13.592774 0.000001 -0.000005 -0.000000 8.077772 -0.486854 -3.806262 -6.680360 5.640379 -11.197889 0.380787 0.828776 -14.288185 -4.250003 3.564897 -17.493240 -0.000001 0.000002 0.000002 -8.207785 -6.751686 -1.599567 -41.398429 -27.473224 -20.423534 65.142533 -4.077269 -9.918097 -26.094456 2.578335 9.342060 1.150366 0.000003 0.000003 -0.000000 0.000001 -0.000000 8.207790 -6.751700 -1.599554 -38.461185 29.829451 29.559303 68.734550 -9.861617 9.967228 -36.753914 -20.098906 -3.794155 1.057387 0.011873 -1.085782 -0.000000 -0.000000 -0.000000 
-0.106805 85.475540 1.376510 -4.404767 -2.068546 -3.452046 -0.000006 10.181592 0.131521 6.271569 1.676763 6.256716 -4.029395 0.011075 2.973855 -4.045285 -0.463757 0.024838 0.000002 16.740368 -2.049031 8.928107 -0.257860 -1.141946 0.000000 9.617888 1.685007 7.900832 -1.375579 -4.610011 0.000002 22.037338 7.501098 0.000001 -0.000000 0.000000 -4.569963 11.014919 -2.160882 14.405634 4.666460 -20.961864 -57.055388 19.272579 -9.078212 -15.245542 16.780817 -9.977988 -75.282809 5.731074 -2.713517 -2.464837 -1.573972 2.681846 4.305159 2.008025 -11.421694 14.018790 -28.933825 -8.958376 3.330228 -21.674856 -22.085239 0.000004 0.000001 0.000004 -9.108297 -0.517871 2.259832 0.070499 -6.866690 8.776576 1.976198 -0.787883 12.793668 0.941277 -0.852119 11.538694 0.000000 0.000006 -0.000004 -9.532525 -0.000047 -0.000025 1.207864 -3.086457 9.675872 -1.077402 -0.796803 9.046524 0.275990 -0.984498 11.505803 -0.000002 0.000001 0.000005 -9.103614 -0.043070 -1.865134 -1.639862 -3.687037 9.114613 -4.651804 -2.293210 19.841247 -2.808237 -1.469624 13.117920 -0.000002 -0.000003 -0.000003 -8.076703 -0.486709 -3.806283 -6.754672 -4.386597 9.252512 0.163735 -0.333746 13.299733 -4.518345 -3.229032 17.010899 0.000001 -0.000001 -0.000003 4.570440 11.014709 -2.160851 14.592349 -7.404177 19.527588 -57.856156 -18.398549 11.028112 160.561355 -161.483581 177.173577 -72.214217 -10.171047 5.670285 2.466107 -1.576222 2.681741 5.154433 -0.308105 12.078606 13.679084 26.904424 8.561908 2.270914 15.288576 20.985953 0.000002 0.000001 -0.000003 9.109271 -0.518060 2.259875 0.063113 7.037720 -8.867688 2.013763 1.072895 -12.536668 0.959963 1.057500 -11.361861 -0.000000 0.000002 -0.000000 9.533383 0.000008 0.000045 1.234960 3.310922 -9.904437 -1.067155 1.043937 -8.651991 0.295707 1.167494 -11.277930 -0.000002 -0.000001 -0.000001 9.104494 -0.043051 -1.865073 -1.577037 4.060086 -9.364770 -4.631499 2.618014 -19.421207 -2.801730 1.705933 -12.922792 0.000000 -0.000002 0.000001 8.077746 -0.486867 -3.806260 -6.641131 5.182597 -9.558469 0.248655 0.626205 -12.927256 -4.394484 3.479746 -16.825440 0.000001 -0.000001 0.000001 -8.207783 -6.751657 -1.599561 -42.497498 -27.333797 -20.736246 68.687606 -4.221798 -9.929049 -27.605862 2.616147 9.416975 1.235878 0.000015 -0.000001 -0.000000 -0.000001 -0.000000 8.207787 -6.751685 -1.599560 -39.792143 28.144303 30.943619 72.999614 -9.840358 9.976380 -38.789959 -19.971577 -3.133037 1.185339 0.007587 -0.868045 0.000000 0.000000 -0.000000 
0.191181 83.568703 1.157997 -5.173998 -2.181562 -4.225760 -0.000006 10.181591 0.131522 7.486624 1.380053 6.481893 -4.004939 -0.059513 2.988433 -4.019670 -0.542547 -0.015807 0.000001 16.740408 -2.049041 8.927138 -0.205662 -1.249356 0.000001 9.617896 1.685008 6.784055 -0.450678 -4.473234 0.000002 22.037338 7.501098 0.000001 -0.000000 0.000000 -4.569965 11.014930 -2.160885 14.732298 4.892481 -22.415115 -55.377722 19.543966 -11.006101 -15.880675 14.922549 -9.531345 -75.746265 5.089596 -2.619008 -2.464804 -1.573960 2.681860 4.317966 2.099915 -11.412831 13.901145 -28.876073 -8.942117 3.263461 -21.457133 -21.983116 0.000003 0.000004 0.000002 -9.108295 -0.517864 2.259844 0.010831 -6.746219 8.585238 1.976129 -0.788220 12.798886 0.941394 -0.852376 11.541964 -0.000005 -0.000003 -0.000001 -9.532508 -0.000042 -0.000020 1.186126 -3.079117 9.533194 -1.077261 -0.797427 9.054381 0.276071 -0.984854 11.510250 -0.000002 0.000002 0.000001 -9.103603 -0.043079 -1.865125 -1.645575 -3.752090 9.056861 -4.650955 -2.294144 19.849163 -2.807913 -1.469998 13.121435 -0.000001 0.000004 -0.000002 -8.076703 -0.486713 -3.806268 -6.761198 -4.579589 9.316143 0.164312 -0.334515 13.307436 -4.518150 -3.229440 17.014167 0.000003 0.000002 -0.000003 4.570448 11.014728 -2.160854 14.877691 -5.652323 19.377930 -59.555787 -17.342566 11.949489 154.466586 -161.452053 175.090192 -72.138723 -10.636690 5.772887 2.466132 -1.576217 2.681732 5.053098 -0.324284 11.996479 13.679234 26.949521 8.589516 2.200285 15.291443 20.936415 0.000007 0.000002 0.000000 9.109295 -0.518051 2.259866 0.085574 7.048918 -9.142534 2.008049 1.084994 -12.705369 0.963287 1.071201 -11.502347 0.000000 0.000001 0.000002 9.533408 0.000035 0.000039 1.222678 3.343282 -10.168417 -1.051724 1.081422 -8.942754 0.298326 1.183129 -11.441172 -0.000000 -0.000001 0.000003 9.104515 -0.043036 -1.865082 -1.589825 4.115167 -9.661848 -4.585152 2.671997 -19.711325 -2.773591 1.726358 -13.055840 -0.000001 0.000005 0.000003 8.077783 -0.486871 -3.806268 -6.650216 5.274366 -9.884221 0.274386 0.666833 -13.197698 -4.366036 3.496910 -16.958012 -0.000000 -0.000001 0.000001 -8.207786 -6.751667 -1.599565 -43.778016 -27.039959 -21.173171 72.416712 -4.364396 -9.953030 -29.162203 2.723732 9.467975 1.226766 0.000003 0.000008 -0.000000 0.000001 -0.000000 8.207791 -6.751713 -1.599556 -40.967625 26.461755 32.039605 77.284970 -9.816422 9.987978 -40.895717 -19.626376 -2.472912 1.348921 0.003415 -0.582313 -0.000000 0.000000 0.000000 
0.191181 83.568703 1.157997 -5.173998 -2.181562 -4.225760 -0.000006 10.181591 0.131522 7.486624 1.380053 6.481893 -4.004939 -0.059513 2.988433 -4.019670 -0.542547 -0.015807 0.000001 16.740408 -2.049041 8.927138 -0.205662 -1.249356 0.000001 9.617896 1.685008 6.784055 -0.450678 -4.473234 0.000002 22.037338 7.501098 0.000001 -0.000000 0.000000 -4.569965 11.014930 -2.160885 14.732298 4.892481 -22.415115 -55.377722 19.543966 -11.006101 -15.880675 14.922549 -9.531345 -75.746265 5.089596 -2.619008 -2.464804 -1.573960 2.681860 4.317966 2.099915 -11.412831 13.901145 -28.876073 -8.942117 3.263461 -21.457133 -21.983116 0.000003 0.000004 0.000002 -9.108295 -0.517864 2.259844 0.010831 -6.746219 8.585238 1.976129 -0.788220 12.798886 0.941394 -0.852376 11.541964 -0.000005 -0.000003 -0.000001 -9.532508 -0.000042 -0.000020 1.186126 -3.079117 9.533194 -1.077261 -0.797427 9.054381 0.276071 -0.984854 11.510250 -0.000002 0.000002 0.000001 -9.103603 -0.043079 -1.865125 -1.645575 -3.752090 9.056861 -4.650955 -2.294144 19.849163 -2.807913 -1.469998 13.121435 -0.000001 0.000004 -0.000002 -8.076703 -0.486713 -3.806268 -6.761198 -4.579589 9.316143 0.164312 -0.334515 13.307436 -4.518150 -3.229440 17.014167 0.000003 0.000002 -0.000003 4.570448 11.014728 -2.160854 14.877691 -5.652323 19.377930 -59.555787 -17.342566 11.949489 154.466586 -161.452053 175.090192 -72.138723 -10.636690 5.772887 2.466132 -1.576217 2.681732 5.053098 -0.324284 11.996479 13.679234 26.949521 8.589516 2.200285 15.291443 20.936415 0.000007 0.000002 0.000000 9.109295 -0.518051 2.259866 0.085574 7.048918 -9.142534 2.008049 1.084994 -12.705369 0.963287 1.071201 -11.502347 0.000000 0.000001 0.000002 9.533408 0.000035 0.000039 1.222678 3.343282 -10.168417 -1.051724 1.081422 -8.942754 0.298326 1.183129 -11.441172 -0.000000 -0.000001 0.000003 9.104515 -0.043036 -1.865082 -1.589825 4.115167 -9.661848 -4.585152 2.671997 -19.711325 -2.773591 1.726358 -13.055840 -0.000001 0.000005 0.000003 8.077783 -0.486871 -3.806268 -6.650216 5.274366 -9.884221 0.274386 0.666833 -13.197698 -4.366036 3.496910 -16.958012 -0.000000 -0.000001 0.000001 -8.207786 -6.751667 -1.599565 -43.778016 -27.039959 -21.173171 72.416712 -4.364396 -9.953030 -29.162203 2.723732 9.467975 1.226766 0.000003 0.000008 -0.000000 0.000001 -0.000000 8.207791 -6.751713 -1.599556 -40.967625 26.461755 32.039605 77.284970 -9.816422 9.987978 -40.895717 -19.626376 -2.472912 1.348921 0.003415 -0.582313 -0.000000 0.000000 0.000000 
0.191181 83.568703 1.157997 -5.173998 -2.181562 -4.225760 -0.000006 10.181591 0.131522 7.486624 1.380053 6.481893 -4.004939 -0.059513 2.988433 -4.019670 -0.542547 -0.015807 0.000001 16.740408 -2.049041 8.927138 -0.205662 -1.249356 0.000001 9.617896 1.685008 6.784055 -0.450678 -4.473234 0.000002 22.037338 7.501098 0.000001 -0.000000 0.000000 -4.569965 11.014930 -2.160885 14.732298 4.892481 -22.415115 -55.377722 19.543966 -11.006101 -15.880675 14.922549 -9.531345 -75.746265 5.089596 -2.619008 -2.464804 -1.573960 2.681860 4.317966 2.099915 -11.412831 13.901145 -28.876073 -8.942117 3.263461 -21.457133 -21.983116 0.000003 0.000004 0.000002 -9.108295 -0.517864 2.259844 0.010831 -6.746219 8.585238 1.976129 -0.788220 12.798886 0.941394 -0.852376 11.541964 -0.000005 -0.000003 -0.000001 -9.532508 -0.000042 -0.000020 1.186126 -3.079117 9.533194 -1.077261 -0.797427 9.054381 0.276071 -0.984854 11.510250 -0.000002 0.000002 0.000001 -9.103603 -0.043079 -1.865125 -1.645575 -3.752090 9.056861 -4.650955 -2.294144 19.849163 -2.807913 -1.469998 13.121435 -0.000001 0.000004 -0.000002 -8.076703 -0.486713 -3.806268 -6.761198 -4.579589 9.316143 0.164312 -0.334515 13.307436 -4.518150 -3.229440 17.014167 0.000003 0.000002 -0.000003 4.570448 11.014728 -2.160854 14.877691 -5.652323 19.377930 -59.555787 -17.342566 11.949489 154.466586 -161.452053 175.090192 -72.138723 -10.636690 5.772887 2.466132 -1.576217 2.681732 5.053098 -0.324284 11.996479 13.679234 26.949521 8.589516 2.200285 15.291443 20.936415 0.000007 0.000002 0.000000 9.109295 -0.518051 2.259866 0.085574 7.048918 -9.142534 2.008049 1.084994 -12.705369 0.963287 1.071201 -11.502347 0.000000 0.000001 0.000002 9.533408 0.000035 0.000039 1.222678 3.343282 -10.168417 -1.051724 1.081422 -8.942754 0.298326 1.183129 -11.441172 -0.000000 -0.000001 0.000003 9.104515 -0.043036 -1.865082 -1.589825 4.115167 -9.661848 -4.585152 2.671997 -19.711325 -2.773591 1.726358 -13.055840 -0.000001 0.000005 0.000003 8.077783 -0.486871 -3.806268 -6.650216 5.274366 -9.884221 0.274386 0.666833 -13.197698 -4.366036 3.496910 -16.958012 -0.000000 -0.000001 0.000001 -8.207786 -6.751667 -1.599565 -43.778016 -27.039959 -21.173171 72.416712 -4.364396 -9.953030 -29.162203 2.723732 9.467975 1.226766 0.000003 0.000008 -0.000000 0.000001 -0.000000 8.207791 -6.751713 -1.599556 -40.967625 26.461755 32.039605 77.284970 -9.816422 9.987978 -40.895717 -19.626376 -2.472912 1.348921 0.003415 -0.582313 -0.000000 0.000000 0.000000 
0.191181 83.568703 1.157997 -5.173998 -2.181562 -4.225760 -0.000006 10.181591 0.131522 7.486624 1.380053 6.481893 -4.004939 -0.059513 2.988433 -4.019670 -0.542547 -0.015807 0.000001 16.740408 -2.049041 8.927138 -0.205662 -1.249356 0.000001 9.617896 1.685008 6.784055 -0.450678 -4.473234 0.000002 22.037338 7.501098 0.000001 -0.000000 0.000000 -4.569965 11.014930 -2.160885 14.732298 4.892481 -22.415115 -55.377722 19.543966 -11.006101 -15.880675 14.922549 -9.531345 -75.746265 5.089596 -2.619008 -2.464804 -1.573960 2.681860 4.317966 2.099915 -11.412831 13.901145 -28.876073 -8.942117 3.263461 -21.457133 -21.983116 0.000003 0.000004 0.000002 -9.108295 -0.517864 2.259844 0.010831 -6.746219 8.585238 1.976129 -0.788220 12.798886 0.941394 -0.852376 11.541964 -0.000005 -0.000003 -0.000001 -9.532508 -0.000042 -0.000020 1.186126 -3.079117 9.533194 -1.077261 -0.797427 9.054381 0.276071 -0.984854 11.510250 -0.000002 0.000002 0.000001 -9.103603 -0.043079 -1.865125 -1.645575 -3.752090 9.056861 -4.650955 -2.294144 19.849163 -2.807913 -1.469998 13.121435 -0.000001 0.000004 -0.000002 -8.076703 -0.486713 -3.806268 -6.761198 -4.579589 9.316143 0.164312 -0.334515 13.307436 -4.518150 -3.229440 17.014167 0.000003 0.000002 -0.000003 4.570448 11.014728 -2.160854 14.877691 -5.652323 19.377930 -59.555787 -17.342566 11.949489 154.466586 -161.452053 175.090192 -72.138723 -10.636690 5.772887 2.466132 -1.576217 2.681732 5.053098 -0.324284 11.996479 13.679234 26.949521 8.589516 2.200285 15.291443 20.936415 0.000007 0.000002 0.000000 9.109295 -0.518051 2.259866 0.085574 7.048918 -9.142534 2.008049 1.084994 -12.705369 0.963287 1.071201 -11.502347 0.000000 0.000001 0.000002 9.533408 0.000035 0.000039 1.222678 3.343282 -10.168417 -1.051724 1.081422 -8.942754 0.298326 1.183129 -11.441172 -0.000000 -0.000001 0.000003 9.104515 -0.043036 -1.865082 -1.589825 4.115167 -9.661848 -4.585152 2.671997 -19.711325 -2.773591 1.726358 -13.055840 -0.000001 0.000005 0.000003 8.077783 -0.486871 -3.806268 -6.650216 5.274366 -9.884221 0.274386 0.666833 -13.197698 -4.366036 3.496910 -16.958012 -0.000000 -0.000001 0.000001 -8.207786 -6.751667 -1.599565 -43.778016 -27.039959 -21.173171 72.416712 -4.364396 -9.953030 -29.162203 2.723732 9.467975 1.226766 0.000003 0.000008 -0.000000 0.000001 -0.000000 8.207791 -6.751713 -1.599556 -40.967625 26.461755 32.039605 77.284970 -9.816422 9.987978 -40.895717 -19.626376 -2.472912 1.348921 0.003415 -0.582313 -0.000000 0.000000 0.000000 
0.191181 83.568703 1.157997 -5.173998 -2.181562 -4.225760 -0.000006 10.181591 0.131522 7.486624 1.380053 6.481893 -4.004939 -0.059513 2.988433 -4.019670 -0.542547 -0.015807 0.000001 16.740408 -2.049041 8.927138 -0.205662 -1.249356 0.000001 9.617896 1.685008 6.784055 -0.450678 -4.473234 0.000002 22.037338 7.501098 0.000001 -0.000000 0.000000 -4.569965 11.014930 -2.160885 14.732298 4.892481 -22.415115 -55.377722 19.543966 -11.006101 -15.880675 14.922549 -9.531345 -75.746265 5.089596 -2.619008 -2.464804 -1.573960 2.681860 4.317966 2.099915 -11.412831 13.901145 -28.876073 -8.942117 3.263461 -21.457133 -21.983116 0.000003 0.000004 0.000002 -9.108295 -0.517864 2.259844 0.010831 -6.746219 8.585238 1.976129 -0.788220 12.798886 0.941394 -0.852376 11.541964 -0.000005 -0.000003 -0.000001 -9.532508 -0.000042 -0.000020 1.186126 -3.079117 9.533194 -1.077261 -0.797427 9.054381 0.276071 -0.984854 11.510250 -0.000002 0.000002 0.000001 -9.103603 -0.043079 -1.865125 -1.645575 -3.752090 9.056861 -4.650955 -2.294144 19.849163 -2.807913 -1.469998 13.121435 -0.000001 0.000004 -0.000002 -8.076703 -0.486713 -3.806268 -6.761198 -4.579589 9.316143 0.164312 -0.334515 13.307436 -4.518150 -3.229440 17.014167 0.000003 0.000002 -0.000003 4.570448 11.014728 -2.160854 14.877691 -5.652323 19.377930 -59.555787 -17.342566 11.949489 154.466586 -161.452053 175.090192 -72.138723 -10.636690 5.772887 2.466132 -1.576217 2.681732 5.053098 -0.324284 11.996479 13.679234 26.949521 8.589516 2.200285 15.291443 20.936415 0.000007 0.000002 0.000000 9.109295 -0.518051 2.259866 0.085574 7.048918 -9.142534 2.008049 1.084994 -12.705369 0.963287 1.071201 -11.502347 0.000000 0.000001 0.000002 9.533408 0.000035 0.000039 1.222678 3.343282 -10.168417 -1.051724 1.081422 -8.942754 0.298326 1.183129 -11.441172 -0.000000 -0.000001 0.000003 9.104515 -0.043036 -1.865082 -1.589825 4.115167 -9.661848 -4.585152 2.671997 -19.711325 -2.773591 1.726358 -13.055840 -0.000001 0.000005 0.000003 8.077783 -0.486871 -3.806268 -6.650216 5.274366 -9.884221 0.274386 0.666833 -13.197698 -4.366036 3.496910 -16.958012 -0.000000 -0.000001 0.000001 -8.207786 -6.751667 -1.599565 -43.778016 -27.039959 -21.173171 72.416712 -4.364396 -9.953030 -29.162203 2.723732 9.467975 1.226766 0.000003 0.000008 -0.000000 0.000001 -0.000000 8.207791 -6.751713 -1.599556 -40.967625 26.461755 32.039605 77.284970 -9.816422 9.987978 -40.895717 -19.626376 -2.472912 1.348921 0.003415 -0.582313 -0.000000 0.000000 0.000000 
0.191181 83.568703 1.157997 -5.173998 -2.181562 -4.225760 -0.000006 10.181591 0.131522 7.486624 1.380053 6.481893 -4.004939 -0.059513 2.988433 -4.019670 -0.542547 -0.015807 0.000001 16.740408 -2.049041 8.927138 -0.205662 -1.249356 0.000001 9.617896 1.685008 6.784055 -0.450678 -4.473234 0.000002 22.037338 7.501098 0.000001 -0.000000 0.000000 -4.569965 11.014930 -2.160885 14.732298 4.892481 -22.415115 -55.377722 19.543966 -11.006101 -15.880675 14.922549 -9.531345 -75.746265 5.089596 -2.619008 -2.464804 -1.573960 2.681860 4.317966 2.099915 -11.412831 13.901145 -28.876073 -8.942117 3.263461 -21.457133 -21.983116 0.000003 0.000004 0.000002 -9.108295 -0.517864 2.259844 0.010831 -6.746219 8.585238 1.976129 -0.788220 12.798886 0.941394 -0.852376 11.541964 -0.000005 -0.000003 -0.000001 -9.532508 -0.000042 -0.000020 1.186126 -3.079117 9.533194 -1.077261 -0.797427 9.054381 0.276071 -0.984854 11.510250 -0.000002 0.000002 0.000001 -9.103603 -0.043079 -1.865125 -1.645575 -3.752090 9.056861 -4.650955 -2.294144 19.849163 -2.807913 -1.469998 13.121435 -0.000001 0.000004 -0.000002 -8.076703 -0.486713 -3.806268 -6.761198 -4.579589 9.316143 0.164312 -0.334515 13.307436 -4.518150 -3.229440 17.014167 0.000003 0.000002 -0.000003 4.570448 11.014728 -2.160854 14.877691 -5.652323 19.377930 -59.555787 -17.342566 11.949489 154.466586 -161.452053 175.090192 -72.138723 -10.636690 5.772887 2.466132 -1.576217 2.681732 5.053098 -0.324284 11.996479 13.679234 26.949521 8.589516 2.200285 15.291443 20.936415 0.000007 0.000002 0.000000 9.109295 -0.518051 2.259866 0.085574 7.048918 -9.142534 2.008049 1.084994 -12.705369 0.963287 1.071201 -11.502347 0.000000 0.000001 0.000002 9.533408 0.000035 0.000039 1.222678 3.343282 -10.168417 -1.051724 1.081422 -8.942754 0.298326 1.183129 -11.441172 -0.000000 -0.000001 0.000003 9.104515 -0.043036 -1.865082 -1.589825 4.115167 -9.661848 -4.585152 2.671997 -19.711325 -2.773591 1.726358 -13.055840 -0.000001 0.000005 0.000003 8.077783 -0.486871 -3.806268 -6.650216 5.274366 -9.884221 0.274386 0.666833 -13.197698 -4.366036 3.496910 -16.958012 -0.000000 -0.000001 0.000001 -8.207786 -6.751667 -1.599565 -43.778016 -27.039959 -21.173171 72.416712 -4.364396 -9.953030 -29.162203 2.723732 9.467975 1.226766 0.000003 0.000008 -0.000000 0.000001 -0.000000 8.207791 -6.751713 -1.599556 -40.967625 26.461755 32.039605 77.284970 -9.816422 9.987978 -40.895717 -19.626376 -2.472912 1.348921 0.003415 -0.582313 -0.000000 0.000000 0.000000 
0.191181 83.568703 1.157997 -5.173998 -2.181562 -4.225760 -0.000006 10.181591 0.131522 7.486624 1.380053 6.481893 -4.004939 -0.059513 2.988433 -4.019670 -0.542547 -0.015807 0.000001 16.740408 -2.049041 8.927138 -0.205662 -1.249356 0.000001 9.617896 1.685008 6.784055 -0.450678 -4.473234 0.000002 22.037338 7.501098 0.000001 -0.000000 0.000000 -4.569965 11.014930 -2.160885 14.732298 4.892481 -22.415115 -55.377722 19.543966 -11.006101 -15.880675 14.922549 -9.531345 -75.746265 5.089596 -2.619008 -2.464804 -1.573960 2.681860 4.317966 2.099915 -11.412831 13.901145 -28.876073 -8.942117 3.263461 -21.457133 -21.983116 0.000003 0.000004 0.000002 -9.108295 -0.517864 2.259844 0.010831 -6.746219 8.585238 1.976129 -0.788220 12.798886 0.941394 -0.852376 11.541964 -0.000005 -0.000003 -0.000001 -9.532508 -0.000042 -0.000020 1.186126 -3.079117 9.533194 -1.077261 -0.797427 9.054381 0.276071 -0.984854 11.510250 -0.000002 0.000002 0.000001 -9.103603 -0.043079 -1.865125 -1.645575 -3.752090 9.056861 -4.650955 -2.294144 19.849163 -2.807913 -1.469998 13.121435 -0.000001 0.000004 -0.000002 -8.076703 -0.486713 -3.806268 -6.761198 -4.579589 9.316143 0.164312 -0.334515 13.307436 -4.518150 -3.229440 17.014167 0.000003 0.000002 -0.000003 4.570448 11.014728 -2.160854 14.877691 -5.652323 19.377930 -59.555787 -17.342566 11.949489 154.466586 -161.452053 175.090192 -72.138723 -10.636690 5.772887 2.466132 -1.576217 2.681732 5.053098 -0.324284 11.996479 13.679234 26.949521 8.589516 2.200285 15.291443 20.936415 0.000007 0.000002 0.000000 9.109295 -0.518051 2.259866 0.085574 7.048918 -9.142534 2.008049 1.084994 -12.705369 0.963287 1.071201 -11.502347 0.000000 0.000001 0.000002 9.533408 0.000035 0.000039 1.222678 3.343282 -10.168417 -1.051724 1.081422 -8.942754 0.298326 1.183129 -11.441172 -0.000000 -0.000001 0.000003 9.104515 -0.043036 -1.865082 -1.589825 4.115167 -9.661848 -4.585152 2.671997 -19.711325 -2.773591 1.726358 -13.055840 -0.000001 0.000005 0.000003 8.077783 -0.486871 -3.806268 -6.650216 5.274366 -9.884221 0.274386 0.666833 -13.197698 -4.366036 3.496910 -16.958012 -0.000000 -0.000001 0.000001 -8.207786 -6.751667 -1.599565 -43.778016 -27.039959 -21.173171 72.416712 -4.364396 -9.953030 -29.162203 2.723732 9.467975 1.226766 0.000003 0.000008 -0.000000 0.000001 -0.000000 8.207791 -6.751713 -1.599556 -40.967625 26.461755 32.039605 77.284970 -9.816422 9.987978 -40.895717 -19.626376 -2.472912 1.348921 0.003415 -0.582313 -0.000000 0.000000 0.000000 
0.191181 83.568703 1.157997 -5.173998 -2.181562 -4.225760 -0.000006 10.181591 0.131522 7.486624 1.380053 6.481893 -4.004939 -0.059513 2.988433 -4.019670 -0.542547 -0.015807 0.000001 16.740408 -2.049041 8.927138 -0.205662 -1.249356 0.000001 9.617896 1.685008 6.784055 -0.450678 -4.473234 0.000002 22.037338 7.501098 0.000001 -0.000000 0.000000 -4.569965 11.014930 -2.160885 14.732298 4.892481 -22.415115 -55.377722 19.543966 -11.006101 -15.880675 14.922549 -9.531345 -75.746265 5.089596 -2.619008 -2.464804 -1.573960 2.681860 4.317966 2.099915 -11.412831 13.901145 -28.876073 -8.942117 3.263461 -21.457133 -21.983116 0.000003 0.000004 0.000002 -9.108295 -0.517864 2.259844 0.010831 -6.746219 8.585238 1.976129 -0.788220 12.798886 0.941394 -0.852376 11.541964 -0.000005 -0.000003 -0.000001 -9.532508 -0.000042 -0.000020 1.186126 -3.079117 9.533194 -1.077261 -0.797427 9.054381 0.276071 -0.984854 11.510250 -0.000002 0.000002 0.000001 -9.103603 -0.043079 -1.865125 -1.645575 -3.752090 9.056861 -4.650955 -2.294144 19.849163 -2.807913 -1.469998 13.121435 -0.000001 0.000004 -0.000002 -8.076703 -0.486713 -3.806268 -6.761198 -4.579589 9.316143 0.164312 -0.334515 13.307436 -4.518150 -3.229440 17.014167 0.000003 0.000002 -0.000003 4.570448 11.014728 -2.160854 14.877691 -5.652323 19.377930 -59.555787 -17.342566 11.949489 154.466586 -161.452053 175.090192 -72.138723 -10.636690 5.772887 2.466132 -1.576217 2.681732 5.053098 -0.324284 11.996479 13.679234 26.949521 8.589516 2.200285 15.291443 20.936415 0.000007 0.000002 0.000000 9.109295 -0.518051 2.259866 0.085574 7.048918 -9.142534 2.008049 1.084994 -12.705369 0.963287 1.071201 -11.502347 0.000000 0.000001 0.000002 9.533408 0.000035 0.000039 1.222678 3.343282 -10.168417 -1.051724 1.081422 -8.942754 0.298326 1.183129 -11.441172 -0.000000 -0.000001 0.000003 9.104515 -0.043036 -1.865082 -1.589825 4.115167 -9.661848 -4.585152 2.671997 -19.711325 -2.773591 1.726358 -13.055840 -0.000001 0.000005 0.000003 8.077783 -0.486871 -3.806268 -6.650216 5.274366 -9.884221 0.274386 0.666833 -13.197698 -4.366036 3.496910 -16.958012 -0.000000 -0.000001 0.000001 -8.207786 -6.751667 -1.599565 -43.778016 -27.039959 -21.173171 72.416712 -4.364396 -9.953030 -29.162203 2.723732 9.467975 1.226766 0.000003 0.000008 -0.000000 0.000001 -0.000000 8.207791 -6.751713 -1.599556 -40.967625 26.461755 32.039605 77.284970 -9.816422 9.987978 -40.895717 -19.626376 -2.472912 1.348921 0.003415 -0.582313 -0.000000 0.000000 0.000000 
0.191181 83.568703 1.157997 -5.173998 -2.181562 -4.225760 -0.000006 10.181591 0.131522 7.486624 1.380053 6.481893 -4.004939 -0.059513 2.988433 -4.019670 -0.542547 -0.015807 0.000001 16.740408 -2.049041 8.927138 -0.205662 -1.249356 0.000001 9.617896 1.685008 6.784055 -0.450678 -4.473234 0.000002 22.037338 7.501098 0.000001 -0.000000 0.000000 -4.569965 11.014930 -2.160885 14.732298 4.892481 -22.415115 -55.377722 19.543966 -11.006101 -15.880675 14.922549 -9.531345 -75.746265 5.089596 -2.619008 -2.464804 -1.573960 2.681860 4.317966 2.099915 -11.412831 13.901145 -28.876073 -8.942117 3.263461 -21.457133 -21.983116 0.000003 0.000004 0.000002 -9.108295 -0.517864 2.259844 0.010831 -6.746219 8.585238 1.976129 -0.788220 12.798886 0.941394 -0.852376 11.541964 -0.000005 -0.000003 -0.000001 -9.532508 -0.000042 -0.000020 1.186126 -3.079117 9.533194 -1.077261 -0.797427 9.054381 0.276071 -0.984854 11.510250 -0.000002 0.000002 0.000001 -9.103603 -0.043079 -1.865125 -1.645575 -3.752090 9.056861 -4.650955 -2.294144 19.849163 -2.807913 -1.469998 13.121435 -0.000001 0.000004 -0.000002 -8.076703 -0.486713 -3.806268 -6.761198 -4.579589 9.316143 0.164312 -0.334515 13.307436 -4.518150 -3.229440 17.014167 0.000003 0.000002 -0.000003 4.570448 11.014728 -2.160854 14.877691 -5.652323 19.377930 -59.555787 -17.342566 11.949489 154.466586 -161.452053 175.090192 -72.138723 -10.636690 5.772887 2.466132 -1.576217 2.681732 5.053098 -0.324284 11.996479 13.679234 26.949521 8.589516 2.200285 15.291443 20.936415 0.000007 0.000002 0.000000 9.109295 -0.518051 2.259866 0.085574 7.048918 -9.142534 2.008049 1.084994 -12.705369 0.963287 1.071201 -11.502347 0.000000 0.000001 0.000002 9.533408 0.000035 0.000039 1.222678 3.343282 -10.168417 -1.051724 1.081422 -8.942754 0.298326 1.183129 -11.441172 -0.000000 -0.000001 0.000003 9.104515 -0.043036 -1.865082 -1.589825 4.115167 -9.661848 -4.585152 2.671997 -19.711325 -2.773591 1.726358 -13.055840 -0.000001 0.000005 0.000003 8.077783 -0.486871 -3.806268 -6.650216 5.274366 -9.884221 0.274386 0.666833 -13.197698 -4.366036 3.496910 -16.958012 -0.000000 -0.000001 0.000001 -8.207786 -6.751667 -1.599565 -43.778016 -27.039959 -21.173171 72.416712 -4.364396 -9.953030 -29.162203 2.723732 9.467975 1.226766 0.000003 0.000008 -0.000000 0.000001 -0.000000 8.207791 -6.751713 -1.599556 -40.967625 26.461755 32.039605 77.284970 -9.816422 9.987978 -40.895717 -19.626376 -2.472912 1.348921 0.003415 -0.582313 -0.000000 0.000000 0.000000 
0.191181 83.568703 1.157997 -5.173998 -2.181562 -4.225760 -0.000006 10.181591 0.131522 7.486624 1.380053 6.481893 -4.004939 -0.059513 2.988433 -4.019670 -0.542547 -0.015807 0.000001 16.740408 -2.049041 8.927138 -0.205662 -1.249356 0.000001 9.617896 1.685008 6.784055 -0.450678 -4.473234 0.000002 22.037338 7.501098 0.000001 -0.000000 0.000000 -4.569965 11.014930 -2.160885 14.732298 4.892481 -22.415115 -55.377722 19.543966 -11.006101 -15.880675 14.922549 -9.531345 -75.746265 5.089596 -2.619008 -2.464804 -1.573960 2.681860 4.317966 2.099915 -11.412831 13.901145 -28.876073 -8.942117 3.263461 -21.457133 -21.983116 0.000003 0.000004 0.000002 -9.108295 -0.517864 2.259844 0.010831 -6.746219 8.585238 1.976129 -0.788220 12.798886 0.941394 -0.852376 11.541964 -0.000005 -0.000003 -0.000001 -9.532508 -0.000042 -0.000020 1.186126 -3.079117 9.533194 -1.077261 -0.797427 9.054381 0.276071 -0.984854 11.510250 -0.000002 0.000002 0.000001 -9.103603 -0.043079 -1.865125 -1.645575 -3.752090 9.056861 -4.650955 -2.294144 19.849163 -2.807913 -1.469998 13.121435 -0.000001 0.000004 -0.000002 -8.076703 -0.486713 -3.806268 -6.761198 -4.579589 9.316143 0.164312 -0.334515 13.307436 -4.518150 -3.229440 17.014167 0.000003 0.000002 -0.000003 4.570448 11.014728 -2.160854 14.877691 -5.652323 19.377930 -59.555787 -17.342566 11.949489 154.466586 -161.452053 175.090192 -72.138723 -10.636690 5.772887 2.466132 -1.576217 2.681732 5.053098 -0.324284 11.996479 13.679234 26.949521 8.589516 2.200285 15.291443 20.936415 0.000007 0.000002 0.000000 9.109295 -0.518051 2.259866 0.085574 7.048918 -9.142534 2.008049 1.084994 -12.705369 0.963287 1.071201 -11.502347 0.000000 0.000001 0.000002 9.533408 0.000035 0.000039 1.222678 3.343282 -10.168417 -1.051724 1.081422 -8.942754 0.298326 1.183129 -11.441172 -0.000000 -0.000001 0.000003 9.104515 -0.043036 -1.865082 -1.589825 4.115167 -9.661848 -4.585152 2.671997 -19.711325 -2.773591 1.726358 -13.055840 -0.000001 0.000005 0.000003 8.077783 -0.486871 -3.806268 -6.650216 5.274366 -9.884221 0.274386 0.666833 -13.197698 -4.366036 3.496910 -16.958012 -0.000000 -0.000001 0.000001 -8.207786 -6.751667 -1.599565 -43.778016 -27.039959 -21.173171 72.416712 -4.364396 -9.953030 -29.162203 2.723732 9.467975 1.226766 0.000003 0.000008 -0.000000 0.000001 -0.000000 8.207791 -6.751713 -1.599556 -40.967625 26.461755 32.039605 77.284970 -9.816422 9.987978 -40.895717 -19.626376 -2.472912 1.348921 0.003415 -0.582313 -0.000000 0.000000 0.000000 
0.191181 83.568703 1.157997 -5.173998 -2.181562 -4.225760 -0.000006 10.181591 0.131522 7.486624 1.380053 6.481893 -4.004939 -0.059513 2.988433 -4.019670 -0.542547 -0.015807 0.000001 16.740408 -2.049041 8.927138 -0.205662 -1.249356 0.000001 9.617896 1.685008 6.784055 -0.450678 -4.473234 0.000002 22.037338 7.501098 0.000001 -0.000000 0.000000 -4.569965 11.014930 -2.160885 14.732298 4.892481 -22.415115 -55.377722 19.543966 -11.006101 -15.880675 14.922549 -9.531345 -75.746265 5.089596 -2.619008 -2.464804 -1.573960 2.681860 4.317966 2.099915 -11.412831 13.901145 -28.876073 -8.942117 3.263461 -21.457133 -21.983116 0.000003 0.000004 0.000002 -9.108295 -0.517864 2.259844 0.010831 -6.746219 8.585238 1.976129 -0.788220 12.798886 0.941394 -0.852376 11.541964 -0.000005 -0.000003 -0.000001 -9.532508 -0.000042 -0.000020 1.186126 -3.079117 9.533194 -1.077261 -0.797427 9.054381 0.276071 -0.984854 11.510250 -0.000002 0.000002 0.000001 -9.103603 -0.043079 -1.865125 -1.645575 -3.752090 9.056861 -4.650955 -2.294144 19.849163 -2.807913 -1.469998 13.121435 -0.000001 0.000004 -0.000002 -8.076703 -0.486713 -3.806268 -6.761198 -4.579589 9.316143 0.164312 -0.334515 13.307436 -4.518150 -3.229440 17.014167 0.000003 0.000002 -0.000003 4.570448 11.014728 -2.160854 14.877691 -5.652323 19.377930 -59.555787 -17.342566 11.949489 154.466586 -161.452053 175.090192 -72.138723 -10.636690 5.772887 2.466132 -1.576217 2.681732 5.053098 -0.324284 11.996479 13.679234 26.949521 8.589516 2.200285 15.291443 20.936415 0.000007 0.000002 0.000000 9.109295 -0.518051 2.259866 0.085574 7.048918 -9.142534 2.008049 1.084994 -12.705369 0.963287 1.071201 -11.502347 0.000000 0.000001 0.000002 9.533408 0.000035 0.000039 1.222678 3.343282 -10.168417 -1.051724 1.081422 -8.942754 0.298326 1.183129 -11.441172 -0.000000 -0.000001 0.000003 9.104515 -0.043036 -1.865082 -1.589825 4.115167 -9.661848 -4.585152 2.671997 -19.711325 -2.773591 1.726358 -13.055840 -0.000001 0.000005 0.000003 8.077783 -0.486871 -3.806268 -6.650216 5.274366 -9.884221 0.274386 0.666833 -13.197698 -4.366036 3.496910 -16.958012 -0.000000 -0.000001 0.000001 -8.207786 -6.751667 -1.599565 -43.778016 -27.039959 -21.173171 72.416712 -4.364396 -9.953030 -29.162203 2.723732 9.467975 1.226766 0.000003 0.000008 -0.000000 0.000001 -0.000000 8.207791 -6.751713 -1.599556 -40.967625 26.461755 32.039605 77.284970 -9.816422 9.987978 -40.895717 -19.626376 -2.472912 1.348921 0.003415 -0.582313 -0.000000 0.000000 0.000000 
0.191181 83.568703 1.157997 -5.173998 -2.181562 -4.225760 -0.000006 10.181591 0.131522 7.486624 1.380053 6.481893 -4.004939 -0.059513 2.988433 -4.019670 -0.542547 -0.015807 0.000001 16.740408 -2.049041 8.927138 -0.205662 -1.249356 0.000001 9.617896 1.685008 6.784055 -0.450678 -4.473234 0.000002 22.037338 7.501098 0.000001 -0.000000 0.000000 -4.569965 11.014930 -2.160885 14.732298 4.892481 -22.415115 -55.377722 19.543966 -11.006101 -15.880675 14.922549 -9.531345 -75.746265 5.089596 -2.619008 -2.464804 -1.573960 2.681860 4.317966 2.099915 -11.412831 13.901145 -28.876073 -8.942117 3.263461 -21.457133 -21.983116 0.000003 0.000004 0.000002 -9.108295 -0.517864 2.259844 0.010831 -6.746219 8.585238 1.976129 -0.788220 12.798886 0.941394 -0.852376 11.541964 -0.000005 -0.000003 -0.000001 -9.532508 -0.000042 -0.000020 1.186126 -3.079117 9.533194 -1.077261 -0.797427 9.054381 0.276071 -0.984854 11.510250 -0.000002 0.000002 0.000001 -9.103603 -0.043079 -1.865125 -1.645575 -3.752090 9.056861 -4.650955 -2.294144 19.849163 -2.807913 -1.469998 13.121435 -0.000001 0.000004 -0.000002 -8.076703 -0.486713 -3.806268 -6.761198 -4.579589 9.316143 0.164312 -0.334515 13.307436 -4.518150 -3.229440 17.014167 0.000003 0.000002 -0.000003 4.570448 11.014728 -2.160854 14.877691 -5.652323 19.377930 -59.555787 -17.342566 11.949489 154.466586 -161.452053 175.090192 -72.138723 -10.636690 5.772887 2.466132 -1.576217 2.681732 5.053098 -0.324284 11.996479 13.679234 26.949521 8.589516 2.200285 15.291443 20.936415 0.000007 0.000002 0.000000 9.109295 -0.518051 2.259866 0.085574 7.048918 -9.142534 2.008049 1.084994 -12.705369 0.963287 1.071201 -11.502347 0.000000 0.000001 0.000002 9.533408 0.000035 0.000039 1.222678 3.343282 -10.168417 -1.051724 1.081422 -8.942754 0.298326 1.183129 -11.441172 -0.000000 -0.000001 0.000003 9.104515 -0.043036 -1.865082 -1.589825 4.115167 -9.661848 -4.585152 2.671997 -19.711325 -2.773591 1.726358 -13.055840 -0.000001 0.000005 0.000003 8.077783 -0.486871 -3.806268 -6.650216 5.274366 -9.884221 0.274386 0.666833 -13.197698 -4.366036 3.496910 -16.958012 -0.000000 -0.000001 0.000001 -8.207786 -6.751667 -1.599565 -43.778016 -27.039959 -21.173171 72.416712 -4.364396 -9.953030 -29.162203 2.723732 9.467975 1.226766 0.000003 0.000008 -0.000000 0.000001 -0.000000 8.207791 -6.751713 -1.599556 -40.967625 26.461755 32.039605 77.284970 -9.816422 9.987978 -40.895717 -19.626376 -2.472912 1.348921 0.003415 -0.582313 -0.000000 0.000000 0.000000 
0.191181 83.568703 1.157997 -5.173998 -2.181562 -4.225760 -0.000006 10.181591 0.131522 7.486624 1.380053 6.481893 -4.004939 -0.059513 2.988433 -4.019670 -0.542547 -0.015807 0.000001 16.740408 -2.049041 8.927138 -0.205662 -1.249356 0.000001 9.617896 1.685008 6.784055 -0.450678 -4.473234 0.000002 22.037338 7.501098 0.000001 -0.000000 0.000000 -4.569965 11.014930 -2.160885 14.732298 4.892481 -22.415115 -55.377722 19.543966 -11.006101 -15.880675 14.922549 -9.531345 -75.746265 5.089596 -2.619008 -2.464804 -1.573960 2.681860 4.317966 2.099915 -11.412831 13.901145 -28.876073 -8.942117 3.263461 -21.457133 -21.983116 0.000003 0.000004 0.000002 -9.108295 -0.517864 2.259844 0.010831 -6.746219 8.585238 1.976129 -0.788220 12.798886 0.941394 -0.852376 11.541964 -0.000005 -0.000003 -0.000001 -9.532508 -0.000042 -0.000020 1.186126 -3.079117 9.533194 -1.077261 -0.797427 9.054381 0.276071 -0.984854 11.510250 -0.000002 0.000002 0.000001 -9.103603 -0.043079 -1.865125 -1.645575 -3.752090 9.056861 -4.650955 -2.294144 19.849163 -2.807913 -1.469998 13.121435 -0.000001 0.000004 -0.000002 -8.076703 -0.486713 -3.806268 -6.761198 -4.579589 9.316143 0.164312 -0.334515 13.307436 -4.518150 -3.229440 17.014167 0.000003 0.000002 -0.000003 4.570448 11.014728 -2.160854 14.877691 -5.652323 19.377930 -59.555787 -17.342566 11.949489 154.466586 -161.452053 175.090192 -72.138723 -10.636690 5.772887 2.466132 -1.576217 2.681732 5.053098 -0.324284 11.996479 13.679234 26.949521 8.589516 2.200285 15.291443 20.936415 0.000007 0.000002 0.000000 9.109295 -0.518051 2.259866 0.085574 7.048918 -9.142534 2.008049 1.084994 -12.705369 0.963287 1.071201 -11.502347 0.000000 0.000001 0.000002 9.533408 0.000035 0.000039 1.222678 3.343282 -10.168417 -1.051724 1.081422 -8.942754 0.298326 1.183129 -11.441172 -0.000000 -0.000001 0.000003 9.104515 -0.043036 -1.865082 -1.589825 4.115167 -9.661848 -4.585152 2.671997 -19.711325 -2.773591 1.726358 -13.055840 -0.000001 0.000005 0.000003 8.077783 -0.486871 -3.806268 -6.650216 5.274366 -9.884221 0.274386 0.666833 -13.197698 -4.366036 3.496910 -16.958012 -0.000000 -0.000001 0.000001 -8.207786 -6.751667 -1.599565 -43.778016 -27.039959 -21.173171 72.416712 -4.364396 -9.953030 -29.162203 2.723732 9.467975 1.226766 0.000003 0.000008 -0.000000 0.000001 -0.000000 8.207791 -6.751713 -1.599556 -40.967625 26.461755 32.039605 77.284970 -9.816422 9.987978 -40.895717 -19.626376 -2.472912 1.348921 0.003415 -0.582313 -0.000000 0.000000 0.000000 
0.191181 83.568703 1.157997 -5.173998 -2.181562 -4.225760 -0.000006 10.181591 0.131522 7.486624 1.380053 6.481893 -4.004939 -0.059513 2.988433 -4.019670 -0.542547 -0.015807 0.000001 16.740408 -2.049041 8.927138 -0.205662 -1.249356 0.000001 9.617896 1.685008 6.784055 -0.450678 -4.473234 0.000002 22.037338 7.501098 0.000001 -0.000000 0.000000 -4.569965 11.014930 -2.160885 14.732298 4.892481 -22.415115 -55.377722 19.543966 -11.006101 -15.880675 14.922549 -9.531345 -75.746265 5.089596 -2.619008 -2.464804 -1.573960 2.681860 4.317966 2.099915 -11.412831 13.901145 -28.876073 -8.942117 3.263461 -21.457133 -21.983116 0.000003 0.000004 0.000002 -9.108295 -0.517864 2.259844 0.010831 -6.746219 8.585238 1.976129 -0.788220 12.798886 0.941394 -0.852376 11.541964 -0.000005 -0.000003 -0.000001 -9.532508 -0.000042 -0.000020 1.186126 -3.079117 9.533194 -1.077261 -0.797427 9.054381 0.276071 -0.984854 11.510250 -0.000002 0.000002 0.000001 -9.103603 -0.043079 -1.865125 -1.645575 -3.752090 9.056861 -4.650955 -2.294144 19.849163 -2.807913 -1.469998 13.121435 -0.000001 0.000004 -0.000002 -8.076703 -0.486713 -3.806268 -6.761198 -4.579589 9.316143 0.164312 -0.334515 13.307436 -4.518150 -3.229440 17.014167 0.000003 0.000002 -0.000003 4.570448 11.014728 -2.160854 14.877691 -5.652323 19.377930 -59.555787 -17.342566 11.949489 154.466586 -161.452053 175.090192 -72.138723 -10.636690 5.772887 2.466132 -1.576217 2.681732 5.053098 -0.324284 11.996479 13.679234 26.949521 8.589516 2.200285 15.291443 20.936415 0.000007 0.000002 0.000000 9.109295 -0.518051 2.259866 0.085574 7.048918 -9.142534 2.008049 1.084994 -12.705369 0.963287 1.071201 -11.502347 0.000000 0.000001 0.000002 9.533408 0.000035 0.000039 1.222678 3.343282 -10.168417 -1.051724 1.081422 -8.942754 0.298326 1.183129 -11.441172 -0.000000 -0.000001 0.000003 9.104515 -0.043036 -1.865082 -1.589825 4.115167 -9.661848 -4.585152 2.671997 -19.711325 -2.773591 1.726358 -13.055840 -0.000001 0.000005 0.000003 8.077783 -0.486871 -3.806268 -6.650216 5.274366 -9.884221 0.274386 0.666833 -13.197698 -4.366036 3.496910 -16.958012 -0.000000 -0.000001 0.000001 -8.207786 -6.751667 -1.599565 -43.778016 -27.039959 -21.173171 72.416712 -4.364396 -9.953030 -29.162203 2.723732 9.467975 1.226766 0.000003 0.000008 -0.000000 0.000001 -0.000000 8.207791 -6.751713 -1.599556 -40.967625 26.461755 32.039605 77.284970 -9.816422 9.987978 -40.895717 -19.626376 -2.472912 1.348921 0.003415 -0.582313 -0.000000 0.000000 0.000000 
0.191181 83.568703 1.157997 -5.173998 -2.181562 -4.225760 -0.000006 10.181591 0.131522 7.486624 1.380053 6.481893 -4.004939 -0.059513 2.988433 -4.019670 -0.542547 -0.015807 0.000001 16.740408 -2.049041 8.927138 -0.205662 -1.249356 0.000001 9.617896 1.685008 6.784055 -0.450678 -4.473234 0.000002 22.037338 7.501098 0.000001 -0.000000 0.000000 -4.569965 11.014930 -2.160885 14.732298 4.892481 -22.415115 -55.377722 19.543966 -11.006101 -15.880675 14.922549 -9.531345 -75.746265 5.089596 -2.619008 -2.464804 -1.573960 2.681860 4.317966 2.099915 -11.412831 13.901145 -28.876073 -8.942117 3.263461 -21.457133 -21.983116 0.000003 0.000004 0.000002 -9.108295 -0.517864 2.259844 0.010831 -6.746219 8.585238 1.976129 -0.788220 12.798886 0.941394 -0.852376 11.541964 -0.000005 -0.000003 -0.000001 -9.532508 -0.000042 -0.000020 1.186126 -3.079117 9.533194 -1.077261 -0.797427 9.054381 0.276071 -0.984854 11.510250 -0.000002 0.000002 0.000001 -9.103603 -0.043079 -1.865125 -1.645575 -3.752090 9.056861 -4.650955 -2.294144 19.849163 -2.807913 -1.469998 13.121435 -0.000001 0.000004 -0.000002 -8.076703 -0.486713 -3.806268 -6.761198 -4.579589 9.316143 0.164312 -0.334515 13.307436 -4.518150 -3.229440 17.014167 0.000003 0.000002 -0.000003 4.570448 11.014728 -2.160854 14.877691 -5.652323 19.377930 -59.555787 -17.342566 11.949489 154.466586 -161.452053 175.090192 -72.138723 -10.636690 5.772887 2.466132 -1.576217 2.681732 5.053098 -0.324284 11.996479 13.679234 26.949521 8.589516 2.200285 15.291443 20.936415 0.000007 0.000002 0.000000 9.109295 -0.518051 2.259866 0.085574 7.048918 -9.142534 2.008049 1.084994 -12.705369 0.963287 1.071201 -11.502347 0.000000 0.000001 0.000002 9.533408 0.000035 0.000039 1.222678 3.343282 -10.168417 -1.051724 1.081422 -8.942754 0.298326 1.183129 -11.441172 -0.000000 -0.000001 0.000003 9.104515 -0.043036 -1.865082 -1.589825 4.115167 -9.661848 -4.585152 2.671997 -19.711325 -2.773591 1.726358 -13.055840 -0.000001 0.000005 0.000003 8.077783 -0.486871 -3.806268 -6.650216 5.274366 -9.884221 0.274386 0.666833 -13.197698 -4.366036 3.496910 -16.958012 -0.000000 -0.000001 0.000001 -8.207786 -6.751667 -1.599565 -43.778016 -27.039959 -21.173171 72.416712 -4.364396 -9.953030 -29.162203 2.723732 9.467975 1.226766 0.000003 0.000008 -0.000000 0.000001 -0.000000 8.207791 -6.751713 -1.599556 -40.967625 26.461755 32.039605 77.284970 -9.816422 9.987978 -40.895717 -19.626376 -2.472912 1.348921 0.003415 -0.582313 -0.000000 0.000000 0.000000 
0.191181 83.568703 1.157997 -5.173998 -2.181562 -4.225760 -0.000006 10.181591 0.131522 7.486624 1.380053 6.481893 -4.004939 -0.059513 2.988433 -4.019670 -0.542547 -0.015807 0.000001 16.740408 -2.049041 8.927138 -0.205662 -1.249356 0.000001 9.617896 1.685008 6.784055 -0.450678 -4.473234 0.000002 22.037338 7.501098 0.000001 -0.000000 0.000000 -4.569965 11.014930 -2.160885 14.732298 4.892481 -22.415115 -55.377722 19.543966 -11.006101 -15.880675 14.922549 -9.531345 -75.746265 5.089596 -2.619008 -2.464804 -1.573960 2.681860 4.317966 2.099915 -11.412831 13.901145 -28.876073 -8.942117 3.263461 -21.457133 -21.983116 0.000003 0.000004 0.000002 -9.108295 -0.517864 2.259844 0.010831 -6.746219 8.585238 1.976129 -0.788220 12.798886 0.941394 -0.852376 11.541964 -0.000005 -0.000003 -0.000001 -9.532508 -0.000042 -0.000020 1.186126 -3.079117 9.533194 -1.077261 -0.797427 9.054381 0.276071 -0.984854 11.510250 -0.000002 0.000002 0.000001 -9.103603 -0.043079 -1.865125 -1.645575 -3.752090 9.056861 -4.650955 -2.294144 19.849163 -2.807913 -1.469998 13.121435 -0.000001 0.000004 -0.000002 -8.076703 -0.486713 -3.806268 -6.761198 -4.579589 9.316143 0.164312 -0.334515 13.307436 -4.518150 -3.229440 17.014167 0.000003 0.000002 -0.000003 4.570448 11.014728 -2.160854 14.877691 -5.652323 19.377930 -59.555787 -17.342566 11.949489 154.466586 -161.452053 175.090192 -72.138723 -10.636690 5.772887 2.466132 -1.576217 2.681732 5.053098 -0.324284 11.996479 13.679234 26.949521 8.589516 2.200285 15.291443 20.936415 0.000007 0.000002 0.000000 9.109295 -0.518051 2.259866 0.085574 7.048918 -9.142534 2.008049 1.084994 -12.705369 0.963287 1.071201 -11.502347 0.000000 0.000001 0.000002 9.533408 0.000035 0.000039 1.222678 3.343282 -10.168417 -1.051724 1.081422 -8.942754 0.298326 1.183129 -11.441172 -0.000000 -0.000001 0.000003 9.104515 -0.043036 -1.865082 -1.589825 4.115167 -9.661848 -4.585152 2.671997 -19.711325 -2.773591 1.726358 -13.055840 -0.000001 0.000005 0.000003 8.077783 -0.486871 -3.806268 -6.650216 5.274366 -9.884221 0.274386 0.666833 -13.197698 -4.366036 3.496910 -16.958012 -0.000000 -0.000001 0.000001 -8.207786 -6.751667 -1.599565 -43.778016 -27.039959 -21.173171 72.416712 -4.364396 -9.953030 -29.162203 2.723732 9.467975 1.226766 0.000003 0.000008 -0.000000 0.000001 -0.000000 8.207791 -6.751713 -1.599556 -40.967625 26.461755 32.039605 77.284970 -9.816422 9.987978 -40.895717 -19.626376 -2.472912 1.348921 0.003415 -0.582313 -0.000000 0.000000 0.000000 
0.191181 83.568703 1.157997 -5.173998 -2.181562 -4.225760 -0.000006 10.181591 0.131522 7.486624 1.380053 6.481893 -4.004939 -0.059513 2.988433 -4.019670 -0.542547 -0.015807 0.000001 16.740408 -2.049041 8.927138 -0.205662 -1.249356 0.000001 9.617896 1.685008 6.784055 -0.450678 -4.473234 0.000002 22.037338 7.501098 0.000001 -0.000000 0.000000 -4.569965 11.014930 -2.160885 14.732298 4.892481 -22.415115 -55.377722 19.543966 -11.006101 -15.880675 14.922549 -9.531345 -75.746265 5.089596 -2.619008 -2.464804 -1.573960 2.681860 4.317966 2.099915 -11.412831 13.901145 -28.876073 -8.942117 3.263461 -21.457133 -21.983116 0.000003 0.000004 0.000002 -9.108295 -0.517864 2.259844 0.010831 -6.746219 8.585238 1.976129 -0.788220 12.798886 0.941394 -0.852376 11.541964 -0.000005 -0.000003 -0.000001 -9.532508 -0.000042 -0.000020 1.186126 -3.079117 9.533194 -1.077261 -0.797427 9.054381 0.276071 -0.984854 11.510250 -0.000002 0.000002 0.000001 -9.103603 -0.043079 -1.865125 -1.645575 -3.752090 9.056861 -4.650955 -2.294144 19.849163 -2.807913 -1.469998 13.121435 -0.000001 0.000004 -0.000002 -8.076703 -0.486713 -3.806268 -6.761198 -4.579589 9.316143 0.164312 -0.334515 13.307436 -4.518150 -3.229440 17.014167 0.000003 0.000002 -0.000003 4.570448 11.014728 -2.160854 14.877691 -5.652323 19.377930 -59.555787 -17.342566 11.949489 154.466586 -161.452053 175.090192 -72.138723 -10.636690 5.772887 2.466132 -1.576217 2.681732 5.053098 -0.324284 11.996479 13.679234 26.949521 8.589516 2.200285 15.291443 20.936415 0.000007 0.000002 0.000000 9.109295 -0.518051 2.259866 0.085574 7.048918 -9.142534 2.008049 1.084994 -12.705369 0.963287 1.071201 -11.502347 0.000000 0.000001 0.000002 9.533408 0.000035 0.000039 1.222678 3.343282 -10.168417 -1.051724 1.081422 -8.942754 0.298326 1.183129 -11.441172 -0.000000 -0.000001 0.000003 9.104515 -0.043036 -1.865082 -1.589825 4.115167 -9.661848 -4.585152 2.671997 -19.711325 -2.773591 1.726358 -13.055840 -0.000001 0.000005 0.000003 8.077783 -0.486871 -3.806268 -6.650216 5.274366 -9.884221 0.274386 0.666833 -13.197698 -4.366036 3.496910 -16.958012 -0.000000 -0.000001 0.000001 -8.207786 -6.751667 -1.599565 -43.778016 -27.039959 -21.173171 72.416712 -4.364396 -9.953030 -29.162203 2.723732 9.467975 1.226766 0.000003 0.000008 -0.000000 0.000001 -0.000000 8.207791 -6.751713 -1.599556 -40.967625 26.461755 32.039605 77.284970 -9.816422 9.987978 -40.895717 -19.626376 -2.472912 1.348921 0.003415 -0.582313 -0.000000 0.000000 0.000000 
0.191181 83.568703 1.157997 -5.173998 -2.181562 -4.225760 -0.000006 10.181591 0.131522 7.486624 1.380053 6.481893 -4.004939 -0.059513 2.988433 -4.019670 -0.542547 -0.015807 0.000001 16.740408 -2.049041 8.927138 -0.205662 -1.249356 0.000001 9.617896 1.685008 6.784055 -0.450678 -4.473234 0.000002 22.037338 7.501098 0.000001 -0.000000 0.000000 -4.569965 11.014930 -2.160885 14.732298 4.892481 -22.415115 -55.377722 19.543966 -11.006101 -15.880675 14.922549 -9.531345 -75.746265 5.089596 -2.619008 -2.464804 -1.573960 2.681860 4.317966 2.099915 -11.412831 13.901145 -28.876073 -8.942117 3.263461 -21.457133 -21.983116 0.000003 0.000004 0.000002 -9.108295 -0.517864 2.259844 0.010831 -6.746219 8.585238 1.976129 -0.788220 12.798886 0.941394 -0.852376 11.541964 -0.000005 -0.000003 -0.000001 -9.532508 -0.000042 -0.000020 1.186126 -3.079117 9.533194 -1.077261 -0.797427 9.054381 0.276071 -0.984854 11.510250 -0.000002 0.000002 0.000001 -9.103603 -0.043079 -1.865125 -1.645575 -3.752090 9.056861 -4.650955 -2.294144 19.849163 -2.807913 -1.469998 13.121435 -0.000001 0.000004 -0.000002 -8.076703 -0.486713 -3.806268 -6.761198 -4.579589 9.316143 0.164312 -0.334515 13.307436 -4.518150 -3.229440 17.014167 0.000003 0.000002 -0.000003 4.570448 11.014728 -2.160854 14.877691 -5.652323 19.377930 -59.555787 -17.342566 11.949489 154.466586 -161.452053 175.090192 -72.138723 -10.636690 5.772887 2.466132 -1.576217 2.681732 5.053098 -0.324284 11.996479 13.679234 26.949521 8.589516 2.200285 15.291443 20.936415 0.000007 0.000002 0.000000 9.109295 -0.518051 2.259866 0.085574 7.048918 -9.142534 2.008049 1.084994 -12.705369 0.963287 1.071201 -11.502347 0.000000 0.000001 0.000002 9.533408 0.000035 0.000039 1.222678 3.343282 -10.168417 -1.051724 1.081422 -8.942754 0.298326 1.183129 -11.441172 -0.000000 -0.000001 0.000003 9.104515 -0.043036 -1.865082 -1.589825 4.115167 -9.661848 -4.585152 2.671997 -19.711325 -2.773591 1.726358 -13.055840 -0.000001 0.000005 0.000003 8.077783 -0.486871 -3.806268 -6.650216 5.274366 -9.884221 0.274386 0.666833 -13.197698 -4.366036 3.496910 -16.958012 -0.000000 -0.000001 0.000001 -8.207786 -6.751667 -1.599565 -43.778016 -27.039959 -21.173171 72.416712 -4.364396 -9.953030 -29.162203 2.723732 9.467975 1.226766 0.000003 0.000008 -0.000000 0.000001 -0.000000 8.207791 -6.751713 -1.599556 -40.967625 26.461755 32.039605 77.284970 -9.816422 9.987978 -40.895717 -19.626376 -2.472912 1.348921 0.003415 -0.582313 -0.000000 0.000000 0.000000 
0.191181 83.568703 1.157997 -5.173998 -2.181562 -4.225760 -0.000006 10.181591 0.131522 7.486624 1.380053 6.481893 -4.004939 -0.059513 2.988433 -4.019670 -0.542547 -0.015807 0.000001 16.740408 -2.049041 8.927138 -0.205662 -1.249356 0.000001 9.617896 1.685008 6.784055 -0.450678 -4.473234 0.000002 22.037338 7.501098 0.000001 -0.000000 0.000000 -4.569965 11.014930 -2.160885 14.732298 4.892481 -22.415115 -55.377722 19.543966 -11.006101 -15.880675 14.922549 -9.531345 -75.746265 5.089596 -2.619008 -2.464804 -1.573960 2.681860 4.317966 2.099915 -11.412831 13.901145 -28.876073 -8.942117 3.263461 -21.457133 -21.983116 0.000003 0.000004 0.000002 -9.108295 -0.517864 2.259844 0.010831 -6.746219 8.585238 1.976129 -0.788220 12.798886 0.941394 -0.852376 11.541964 -0.000005 -0.000003 -0.000001 -9.532508 -0.000042 -0.000020 1.186126 -3.079117 9.533194 -1.077261 -0.797427 9.054381 0.276071 -0.984854 11.510250 -0.000002 0.000002 0.000001 -9.103603 -0.043079 -1.865125 -1.645575 -3.752090 9.056861 -4.650955 -2.294144 19.849163 -2.807913 -1.469998 13.121435 -0.000001 0.000004 -0.000002 -8.076703 -0.486713 -3.806268 -6.761198 -4.579589 9.316143 0.164312 -0.334515 13.307436 -4.518150 -3.229440 17.014167 0.000003 0.000002 -0.000003 4.570448 11.014728 -2.160854 14.877691 -5.652323 19.377930 -59.555787 -17.342566 11.949489 154.466586 -161.452053 175.090192 -72.138723 -10.636690 5.772887 2.466132 -1.576217 2.681732 5.053098 -0.324284 11.996479 13.679234 26.949521 8.589516 2.200285 15.291443 20.936415 0.000007 0.000002 0.000000 9.109295 -0.518051 2.259866 0.085574 7.048918 -9.142534 2.008049 1.084994 -12.705369 0.963287 1.071201 -11.502347 0.000000 0.000001 0.000002 9.533408 0.000035 0.000039 1.222678 3.343282 -10.168417 -1.051724 1.081422 -8.942754 0.298326 1.183129 -11.441172 -0.000000 -0.000001 0.000003 9.104515 -0.043036 -1.865082 -1.589825 4.115167 -9.661848 -4.585152 2.671997 -19.711325 -2.773591 1.726358 -13.055840 -0.000001 0.000005 0.000003 8.077783 -0.486871 -3.806268 -6.650216 5.274366 -9.884221 0.274386 0.666833 -13.197698 -4.366036 3.496910 -16.958012 -0.000000 -0.000001 0.000001 -8.207786 -6.751667 -1.599565 -43.778016 -27.039959 -21.173171 72.416712 -4.364396 -9.953030 -29.162203 2.723732 9.467975 1.226766 0.000003 0.000008 -0.000000 0.000001 -0.000000 8.207791 -6.751713 -1.599556 -40.967625 26.461755 32.039605 77.284970 -9.816422 9.987978 -40.895717 -19.626376 -2.472912 1.348921 0.003415 -0.582313 -0.000000 0.000000 0.000000 
0.191181 83.568703 1.157997 -5.173998 -2.181562 -4.225760 -0.000006 10.181591 0.131522 7.486624 1.380053 6.481893 -4.004939 -0.059513 2.988433 -4.019670 -0.542547 -0.015807 0.000001 16.740408 -2.049041 8.927138 -0.205662 -1.249356 0.000001 9.617896 1.685008 6.784055 -0.450678 -4.473234 0.000002 22.037338 7.501098 0.000001 -0.000000 0.000000 -4.569965 11.014930 -2.160885 14.732298 4.892481 -22.415115 -55.377722 19.543966 -11.006101 -15.880675 14.922549 -9.531345 -75.746265 5.089596 -2.619008 -2.464804 -1.573960 2.681860 4.317966 2.099915 -11.412831 13.901145 -28.876073 -8.942117 3.263461 -21.457133 -21.983116 0.000003 0.000004 0.000002 -9.108295 -0.517864 2.259844 0.010831 -6.746219 8.585238 1.976129 -0.788220 12.798886 0.941394 -0.852376 11.541964 -0.000005 -0.000003 -0.000001 -9.532508 -0.000042 -0.000020 1.186126 -3.079117 9.533194 -1.077261 -0.797427 9.054381 0.276071 -0.984854 11.510250 -0.000002 0.000002 0.000001 -9.103603 -0.043079 -1.865125 -1.645575 -3.752090 9.056861 -4.650955 -2.294144 19.849163 -2.807913 -1.469998 13.121435 -0.000001 0.000004 -0.000002 -8.076703 -0.486713 -3.806268 -6.761198 -4.579589 9.316143 0.164312 -0.334515 13.307436 -4.518150 -3.229440 17.014167 0.000003 0.000002 -0.000003 4.570448 11.014728 -2.160854 14.877691 -5.652323 19.377930 -59.555787 -17.342566 11.949489 154.466586 -161.452053 175.090192 -72.138723 -10.636690 5.772887 2.466132 -1.576217 2.681732 5.053098 -0.324284 11.996479 13.679234 26.949521 8.589516 2.200285 15.291443 20.936415 0.000007 0.000002 0.000000 9.109295 -0.518051 2.259866 0.085574 7.048918 -9.142534 2.008049 1.084994 -12.705369 0.963287 1.071201 -11.502347 0.000000 0.000001 0.000002 9.533408 0.000035 0.000039 1.222678 3.343282 -10.168417 -1.051724 1.081422 -8.942754 0.298326 1.183129 -11.441172 -0.000000 -0.000001 0.000003 9.104515 -0.043036 -1.865082 -1.589825 4.115167 -9.661848 -4.585152 2.671997 -19.711325 -2.773591 1.726358 -13.055840 -0.000001 0.000005 0.000003 8.077783 -0.486871 -3.806268 -6.650216 5.274366 -9.884221 0.274386 0.666833 -13.197698 -4.366036 3.496910 -16.958012 -0.000000 -0.000001 0.000001 -8.207786 -6.751667 -1.599565 -43.778016 -27.039959 -21.173171 72.416712 -4.364396 -9.953030 -29.162203 2.723732 9.467975 1.226766 0.000003 0.000008 -0.000000 0.000001 -0.000000 8.207791 -6.751713 -1.599556 -40.967625 26.461755 32.039605 77.284970 -9.816422 9.987978 -40.895717 -19.626376 -2.472912 1.348921 0.003415 -0.582313 -0.000000 0.000000 0.000000 
0.191181 83.568703 1.157997 -5.173998 -2.181562 -4.225760 -0.000006 10.181591 0.131522 7.486624 1.380053 6.481893 -4.004939 -0.059513 2.988433 -4.019670 -0.542547 -0.015807 0.000001 16.740408 -2.049041 8.927138 -0.205662 -1.249356 0.000001 9.617896 1.685008 6.784055 -0.450678 -4.473234 0.000002 22.037338 7.501098 0.000001 -0.000000 0.000000 -4.569965 11.014930 -2.160885 14.732298 4.892481 -22.415115 -55.377722 19.543966 -11.006101 -15.880675 14.922549 -9.531345 -75.746265 5.089596 -2.619008 -2.464804 -1.573960 2.681860 4.317966 2.099915 -11.412831 13.901145 -28.876073 -8.942117 3.263461 -21.457133 -21.983116 0.000003 0.000004 0.000002 -9.108295 -0.517864 2.259844 0.010831 -6.746219 8.585238 1.976129 -0.788220 12.798886 0.941394 -0.852376 11.541964 -0.000005 -0.000003 -0.000001 -9.532508 -0.000042 -0.000020 1.186126 -3.079117 9.533194 -1.077261 -0.797427 9.054381 0.276071 -0.984854 11.510250 -0.000002 0.000002 0.000001 -9.103603 -0.043079 -1.865125 -1.645575 -3.752090 9.056861 -4.650955 -2.294144 19.849163 -2.807913 -1.469998 13.121435 -0.000001 0.000004 -0.000002 -8.076703 -0.486713 -3.806268 -6.761198 -4.579589 9.316143 0.164312 -0.334515 13.307436 -4.518150 -3.229440 17.014167 0.000003 0.000002 -0.000003 4.570448 11.014728 -2.160854 14.877691 -5.652323 19.377930 -59.555787 -17.342566 11.949489 154.466586 -161.452053 175.090192 -72.138723 -10.636690 5.772887 2.466132 -1.576217 2.681732 5.053098 -0.324284 11.996479 13.679234 26.949521 8.589516 2.200285 15.291443 20.936415 0.000007 0.000002 0.000000 9.109295 -0.518051 2.259866 0.085574 7.048918 -9.142534 2.008049 1.084994 -12.705369 0.963287 1.071201 -11.502347 0.000000 0.000001 0.000002 9.533408 0.000035 0.000039 1.222678 3.343282 -10.168417 -1.051724 1.081422 -8.942754 0.298326 1.183129 -11.441172 -0.000000 -0.000001 0.000003 9.104515 -0.043036 -1.865082 -1.589825 4.115167 -9.661848 -4.585152 2.671997 -19.711325 -2.773591 1.726358 -13.055840 -0.000001 0.000005 0.000003 8.077783 -0.486871 -3.806268 -6.650216 5.274366 -9.884221 0.274386 0.666833 -13.197698 -4.366036 3.496910 -16.958012 -0.000000 -0.000001 0.000001 -8.207786 -6.751667 -1.599565 -43.778016 -27.039959 -21.173171 72.416712 -4.364396 -9.953030 -29.162203 2.723732 9.467975 1.226766 0.000003 0.000008 -0.000000 0.000001 -0.000000 8.207791 -6.751713 -1.599556 -40.967625 26.461755 32.039605 77.284970 -9.816422 9.987978 -40.895717 -19.626376 -2.472912 1.348921 0.003415 -0.582313 -0.000000 0.000000 0.000000 
0.191181 83.568703 1.157997 -5.173998 -2.181562 -4.225760 -0.000006 10.181591 0.131522 7.486624 1.380053 6.481893 -4.004939 -0.059513 2.988433 -4.019670 -0.542547 -0.015807 0.000001 16.740408 -2.049041 8.927138 -0.205662 -1.249356 0.000001 9.617896 1.685008 6.784055 -0.450678 -4.473234 0.000002 22.037338 7.501098 0.000001 -0.000000 0.000000 -4.569965 11.014930 -2.160885 14.732298 4.892481 -22.415115 -55.377722 19.543966 -11.006101 -15.880675 14.922549 -9.531345 -75.746265 5.089596 -2.619008 -2.464804 -1.573960 2.681860 4.317966 2.099915 -11.412831 13.901145 -28.876073 -8.942117 3.263461 -21.457133 -21.983116 0.000003 0.000004 0.000002 -9.108295 -0.517864 2.259844 0.010831 -6.746219 8.585238 1.976129 -0.788220 12.798886 0.941394 -0.852376 11.541964 -0.000005 -0.000003 -0.000001 -9.532508 -0.000042 -0.000020 1.186126 -3.079117 9.533194 -1.077261 -0.797427 9.054381 0.276071 -0.984854 11.510250 -0.000002 0.000002 0.000001 -9.103603 -0.043079 -1.865125 -1.645575 -3.752090 9.056861 -4.650955 -2.294144 19.849163 -2.807913 -1.469998 13.121435 -0.000001 0.000004 -0.000002 -8.076703 -0.486713 -3.806268 -6.761198 -4.579589 9.316143 0.164312 -0.334515 13.307436 -4.518150 -3.229440 17.014167 0.000003 0.000002 -0.000003 4.570448 11.014728 -2.160854 14.877691 -5.652323 19.377930 -59.555787 -17.342566 11.949489 154.466586 -161.452053 175.090192 -72.138723 -10.636690 5.772887 2.466132 -1.576217 2.681732 5.053098 -0.324284 11.996479 13.679234 26.949521 8.589516 2.200285 15.291443 20.936415 0.000007 0.000002 0.000000 9.109295 -0.518051 2.259866 0.085574 7.048918 -9.142534 2.008049 1.084994 -12.705369 0.963287 1.071201 -11.502347 0.000000 0.000001 0.000002 9.533408 0.000035 0.000039 1.222678 3.343282 -10.168417 -1.051724 1.081422 -8.942754 0.298326 1.183129 -11.441172 -0.000000 -0.000001 0.000003 9.104515 -0.043036 -1.865082 -1.589825 4.115167 -9.661848 -4.585152 2.671997 -19.711325 -2.773591 1.726358 -13.055840 -0.000001 0.000005 0.000003 8.077783 -0.486871 -3.806268 -6.650216 5.274366 -9.884221 0.274386 0.666833 -13.197698 -4.366036 3.496910 -16.958012 -0.000000 -0.000001 0.000001 -8.207786 -6.751667 -1.599565 -43.778016 -27.039959 -21.173171 72.416712 -4.364396 -9.953030 -29.162203 2.723732 9.467975 1.226766 0.000003 0.000008 -0.000000 0.000001 -0.000000 8.207791 -6.751713 -1.599556 -40.967625 26.461755 32.039605 77.284970 -9.816422 9.987978 -40.895717 -19.626376 -2.472912 1.348921 0.003415 -0.582313 -0.000000 0.000000 0.000000 
0.191181 83.568703 1.157997 -5.173998 -2.181562 -4.225760 -0.000006 10.181591 0.131522 7.486624 1.380053 6.481893 -4.004939 -0.059513 2.988433 -4.019670 -0.542547 -0.015807 0.000001 16.740408 -2.049041 8.927138 -0.205662 -1.249356 0.000001 9.617896 1.685008 6.784055 -0.450678 -4.473234 0.000002 22.037338 7.501098 0.000001 -0.000000 0.000000 -4.569965 11.014930 -2.160885 14.732298 4.892481 -22.415115 -55.377722 19.543966 -11.006101 -15.880675 14.922549 -9.531345 -75.746265 5.089596 -2.619008 -2.464804 -1.573960 2.681860 4.317966 2.099915 -11.412831 13.901145 -28.876073 -8.942117 3.263461 -21.457133 -21.983116 0.000003 0.000004 0.000002 -9.108295 -0.517864 2.259844 0.010831 -6.746219 8.585238 1.976129 -0.788220 12.798886 0.941394 -0.852376 11.541964 -0.000005 -0.000003 -0.000001 -9.532508 -0.000042 -0.000020 1.186126 -3.079117 9.533194 -1.077261 -0.797427 9.054381 0.276071 -0.984854 11.510250 -0.000002 0.000002 0.000001 -9.103603 -0.043079 -1.865125 -1.645575 -3.752090 9.056861 -4.650955 -2.294144 19.849163 -2.807913 -1.469998 13.121435 -0.000001 0.000004 -0.000002 -8.076703 -0.486713 -3.806268 -6.761198 -4.579589 9.316143 0.164312 -0.334515 13.307436 -4.518150 -3.229440 17.014167 0.000003 0.000002 -0.000003 4.570448 11.014728 -2.160854 14.877691 -5.652323 19.377930 -59.555787 -17.342566 11.949489 154.466586 -161.452053 175.090192 -72.138723 -10.636690 5.772887 2.466132 -1.576217 2.681732 5.053098 -0.324284 11.996479 13.679234 26.949521 8.589516 2.200285 15.291443 20.936415 0.000007 0.000002 0.000000 9.109295 -0.518051 2.259866 0.085574 7.048918 -9.142534 2.008049 1.084994 -12.705369 0.963287 1.071201 -11.502347 0.000000 0.000001 0.000002 9.533408 0.000035 0.000039 1.222678 3.343282 -10.168417 -1.051724 1.081422 -8.942754 0.298326 1.183129 -11.441172 -0.000000 -0.000001 0.000003 9.104515 -0.043036 -1.865082 -1.589825 4.115167 -9.661848 -4.585152 2.671997 -19.711325 -2.773591 1.726358 -13.055840 -0.000001 0.000005 0.000003 8.077783 -0.486871 -3.806268 -6.650216 5.274366 -9.884221 0.274386 0.666833 -13.197698 -4.366036 3.496910 -16.958012 -0.000000 -0.000001 0.000001 -8.207786 -6.751667 -1.599565 -43.778016 -27.039959 -21.173171 72.416712 -4.364396 -9.953030 -29.162203 2.723732 9.467975 1.226766 0.000003 0.000008 -0.000000 0.000001 -0.000000 8.207791 -6.751713 -1.599556 -40.967625 26.461755 32.039605 77.284970 -9.816422 9.987978 -40.895717 -19.626376 -2.472912 1.348921 0.003415 -0.582313 -0.000000 0.000000 0.000000 
0.191181 83.568703 1.157997 -5.173998 -2.181562 -4.225760 -0.000006 10.181591 0.131522 7.486624 1.380053 6.481893 -4.004939 -0.059513 2.988433 -4.019670 -0.542547 -0.015807 0.000001 16.740408 -2.049041 8.927138 -0.205662 -1.249356 0.000001 9.617896 1.685008 6.784055 -0.450678 -4.473234 0.000002 22.037338 7.501098 0.000001 -0.000000 0.000000 -4.569965 11.014930 -2.160885 14.732298 4.892481 -22.415115 -55.377722 19.543966 -11.006101 -15.880675 14.922549 -9.531345 -75.746265 5.089596 -2.619008 -2.464804 -1.573960 2.681860 4.317966 2.099915 -11.412831 13.901145 -28.876073 -8.942117 3.263461 -21.457133 -21.983116 0.000003 0.000004 0.000002 -9.108295 -0.517864 2.259844 0.010831 -6.746219 8.585238 1.976129 -0.788220 12.798886 0.941394 -0.852376 11.541964 -0.000005 -0.000003 -0.000001 -9.532508 -0.000042 -0.000020 1.186126 -3.079117 9.533194 -1.077261 -0.797427 9.054381 0.276071 -0.984854 11.510250 -0.000002 0.000002 0.000001 -9.103603 -0.043079 -1.865125 -1.645575 -3.752090 9.056861 -4.650955 -2.294144 19.849163 -2.807913 -1.469998 13.121435 -0.000001 0.000004 -0.000002 -8.076703 -0.486713 -3.806268 -6.761198 -4.579589 9.316143 0.164312 -0.334515 13.307436 -4.518150 -3.229440 17.014167 0.000003 0.000002 -0.000003 4.570448 11.014728 -2.160854 14.877691 -5.652323 19.377930 -59.555787 -17.342566 11.949489 154.466586 -161.452053 175.090192 -72.138723 -10.636690 5.772887 2.466132 -1.576217 2.681732 5.053098 -0.324284 11.996479 13.679234 26.949521 8.589516 2.200285 15.291443 20.936415 0.000007 0.000002 0.000000 9.109295 -0.518051 2.259866 0.085574 7.048918 -9.142534 2.008049 1.084994 -12.705369 0.963287 1.071201 -11.502347 0.000000 0.000001 0.000002 9.533408 0.000035 0.000039 1.222678 3.343282 -10.168417 -1.051724 1.081422 -8.942754 0.298326 1.183129 -11.441172 -0.000000 -0.000001 0.000003 9.104515 -0.043036 -1.865082 -1.589825 4.115167 -9.661848 -4.585152 2.671997 -19.711325 -2.773591 1.726358 -13.055840 -0.000001 0.000005 0.000003 8.077783 -0.486871 -3.806268 -6.650216 5.274366 -9.884221 0.274386 0.666833 -13.197698 -4.366036 3.496910 -16.958012 -0.000000 -0.000001 0.000001 -8.207786 -6.751667 -1.599565 -43.778016 -27.039959 -21.173171 72.416712 -4.364396 -9.953030 -29.162203 2.723732 9.467975 1.226766 0.000003 0.000008 -0.000000 0.000001 -0.000000 8.207791 -6.751713 -1.599556 -40.967625 26.461755 32.039605 77.284970 -9.816422 9.987978 -40.895717 -19.626376 -2.472912 1.348921 0.003415 -0.582313 -0.000000 0.000000 0.000000 
0.191181 83.568703 1.157997 -5.173998 -2.181562 -4.225760 -0.000006 10.181591 0.131522 7.486624 1.380053 6.481893 -4.004939 -0.059513 2.988433 -4.019670 -0.542547 -0.015807 0.000001 16.740408 -2.049041 8.927138 -0.205662 -1.249356 0.000001 9.617896 1.685008 6.784055 -0.450678 -4.473234 0.000002 22.037338 7.501098 0.000001 -0.000000 0.000000 -4.569965 11.014930 -2.160885 14.732298 4.892481 -22.415115 -55.377722 19.543966 -11.006101 -15.880675 14.922549 -9.531345 -75.746265 5.089596 -2.619008 -2.464804 -1.573960 2.681860 4.317966 2.099915 -11.412831 13.901145 -28.876073 -8.942117 3.263461 -21.457133 -21.983116 0.000003 0.000004 0.000002 -9.108295 -0.517864 2.259844 0.010831 -6.746219 8.585238 1.976129 -0.788220 12.798886 0.941394 -0.852376 11.541964 -0.000005 -0.000003 -0.000001 -9.532508 -0.000042 -0.000020 1.186126 -3.079117 9.533194 -1.077261 -0.797427 9.054381 0.276071 -0.984854 11.510250 -0.000002 0.000002 0.000001 -9.103603 -0.043079 -1.865125 -1.645575 -3.752090 9.056861 -4.650955 -2.294144 19.849163 -2.807913 -1.469998 13.121435 -0.000001 0.000004 -0.000002 -8.076703 -0.486713 -3.806268 -6.761198 -4.579589 9.316143 0.164312 -0.334515 13.307436 -4.518150 -3.229440 17.014167 0.000003 0.000002 -0.000003 4.570448 11.014728 -2.160854 14.877691 -5.652323 19.377930 -59.555787 -17.342566 11.949489 154.466586 -161.452053 175.090192 -72.138723 -10.636690 5.772887 2.466132 -1.576217 2.681732 5.053098 -0.324284 11.996479 13.679234 26.949521 8.589516 2.200285 15.291443 20.936415 0.000007 0.000002 0.000000 9.109295 -0.518051 2.259866 0.085574 7.048918 -9.142534 2.008049 1.084994 -12.705369 0.963287 1.071201 -11.502347 0.000000 0.000001 0.000002 9.533408 0.000035 0.000039 1.222678 3.343282 -10.168417 -1.051724 1.081422 -8.942754 0.298326 1.183129 -11.441172 -0.000000 -0.000001 0.000003 9.104515 -0.043036 -1.865082 -1.589825 4.115167 -9.661848 -4.585152 2.671997 -19.711325 -2.773591 1.726358 -13.055840 -0.000001 0.000005 0.000003 8.077783 -0.486871 -3.806268 -6.650216 5.274366 -9.884221 0.274386 0.666833 -13.197698 -4.366036 3.496910 -16.958012 -0.000000 -0.000001 0.000001 -8.207786 -6.751667 -1.599565 -43.778016 -27.039959 -21.173171 72.416712 -4.364396 -9.953030 -29.162203 2.723732 9.467975 1.226766 0.000003 0.000008 -0.000000 0.000001 -0.000000 8.207791 -6.751713 -1.599556 -40.967625 26.461755 32.039605 77.284970 -9.816422 9.987978 -40.895717 -19.626376 -2.472912 1.348921 0.003415 -0.582313 -0.000000 0.000000 0.000000 
0.191181 83.568703 1.157997 -5.173998 -2.181562 -4.225760 -0.000006 10.181591 0.131522 7.486624 1.380053 6.481893 -4.004939 -0.059513 2.988433 -4.019670 -0.542547 -0.015807 0.000001 16.740408 -2.049041 8.927138 -0.205662 -1.249356 0.000001 9.617896 1.685008 6.784055 -0.450678 -4.473234 0.000002 22.037338 7.501098 0.000001 -0.000000 0.000000 -4.569965 11.014930 -2.160885 14.732298 4.892481 -22.415115 -55.377722 19.543966 -11.006101 -15.880675 14.922549 -9.531345 -75.746265 5.089596 -2.619008 -2.464804 -1.573960 2.681860 4.317966 2.099915 -11.412831 13.901145 -28.876073 -8.942117 3.263461 -21.457133 -21.983116 0.000003 0.000004 0.000002 -9.108295 -0.517864 2.259844 0.010831 -6.746219 8.585238 1.976129 -0.788220 12.798886 0.941394 -0.852376 11.541964 -0.000005 -0.000003 -0.000001 -9.532508 -0.000042 -0.000020 1.186126 -3.079117 9.533194 -1.077261 -0.797427 9.054381 0.276071 -0.984854 11.510250 -0.000002 0.000002 0.000001 -9.103603 -0.043079 -1.865125 -1.645575 -3.752090 9.056861 -4.650955 -2.294144 19.849163 -2.807913 -1.469998 13.121435 -0.000001 0.000004 -0.000002 -8.076703 -0.486713 -3.806268 -6.761198 -4.579589 9.316143 0.164312 -0.334515 13.307436 -4.518150 -3.229440 17.014167 0.000003 0.000002 -0.000003 4.570448 11.014728 -2.160854 14.877691 -5.652323 19.377930 -59.555787 -17.342566 11.949489 154.466586 -161.452053 175.090192 -72.138723 -10.636690 5.772887 2.466132 -1.576217 2.681732 5.053098 -0.324284 11.996479 13.679234 26.949521 8.589516 2.200285 15.291443 20.936415 0.000007 0.000002 0.000000 9.109295 -0.518051 2.259866 0.085574 7.048918 -9.142534 2.008049 1.084994 -12.705369 0.963287 1.071201 -11.502347 0.000000 0.000001 0.000002 9.533408 0.000035 0.000039 1.222678 3.343282 -10.168417 -1.051724 1.081422 -8.942754 0.298326 1.183129 -11.441172 -0.000000 -0.000001 0.000003 9.104515 -0.043036 -1.865082 -1.589825 4.115167 -9.661848 -4.585152 2.671997 -19.711325 -2.773591 1.726358 -13.055840 -0.000001 0.000005 0.000003 8.077783 -0.486871 -3.806268 -6.650216 5.274366 -9.884221 0.274386 0.666833 -13.197698 -4.366036 3.496910 -16.958012 -0.000000 -0.000001 0.000001 -8.207786 -6.751667 -1.599565 -43.778016 -27.039959 -21.173171 72.416712 -4.364396 -9.953030 -29.162203 2.723732 9.467975 1.226766 0.000003 0.000008 -0.000000 0.000001 -0.000000 8.207791 -6.751713 -1.599556 -40.967625 26.461755 32.039605 77.284970 -9.816422 9.987978 -40.895717 -19.626376 -2.472912 1.348921 0.003415 -0.582313 -0.000000 0.000000 0.000000 
0.191181 83.568703 1.157997 -5.173998 -2.181562 -4.225760 -0.000006 10.181591 0.131522 7.486624 1.380053 6.481893 -4.004939 -0.059513 2.988433 -4.019670 -0.542547 -0.015807 0.000001 16.740408 -2.049041 8.927138 -0.205662 -1.249356 0.000001 9.617896 1.685008 6.784055 -0.450678 -4.473234 0.000002 22.037338 7.501098 0.000001 -0.000000 0.000000 -4.569965 11.014930 -2.160885 14.732298 4.892481 -22.415115 -55.377722 19.543966 -11.006101 -15.880675 14.922549 -9.531345 -75.746265 5.089596 -2.619008 -2.464804 -1.573960 2.681860 4.317966 2.099915 -11.412831 13.901145 -28.876073 -8.942117 3.263461 -21.457133 -21.983116 0.000003 0.000004 0.000002 -9.108295 -0.517864 2.259844 0.010831 -6.746219 8.585238 1.976129 -0.788220 12.798886 0.941394 -0.852376 11.541964 -0.000005 -0.000003 -0.000001 -9.532508 -0.000042 -0.000020 1.186126 -3.079117 9.533194 -1.077261 -0.797427 9.054381 0.276071 -0.984854 11.510250 -0.000002 0.000002 0.000001 -9.103603 -0.043079 -1.865125 -1.645575 -3.752090 9.056861 -4.650955 -2.294144 19.849163 -2.807913 -1.469998 13.121435 -0.000001 0.000004 -0.000002 -8.076703 -0.486713 -3.806268 -6.761198 -4.579589 9.316143 0.164312 -0.334515 13.307436 -4.518150 -3.229440 17.014167 0.000003 0.000002 -0.000003 4.570448 11.014728 -2.160854 14.877691 -5.652323 19.377930 -59.555787 -17.342566 11.949489 154.466586 -161.452053 175.090192 -72.138723 -10.636690 5.772887 2.466132 -1.576217 2.681732 5.053098 -0.324284 11.996479 13.679234 26.949521 8.589516 2.200285 15.291443 20.936415 0.000007 0.000002 0.000000 9.109295 -0.518051 2.259866 0.085574 7.048918 -9.142534 2.008049 1.084994 -12.705369 0.963287 1.071201 -11.502347 0.000000 0.000001 0.000002 9.533408 0.000035 0.000039 1.222678 3.343282 -10.168417 -1.051724 1.081422 -8.942754 0.298326 1.183129 -11.441172 -0.000000 -0.000001 0.000003 9.104515 -0.043036 -1.865082 -1.589825 4.115167 -9.661848 -4.585152 2.671997 -19.711325 -2.773591 1.726358 -13.055840 -0.000001 0.000005 0.000003 8.077783 -0.486871 -3.806268 -6.650216 5.274366 -9.884221 0.274386 0.666833 -13.197698 -4.366036 3.496910 -16.958012 -0.000000 -0.000001 0.000001 -8.207786 -6.751667 -1.599565 -43.778016 -27.039959 -21.173171 72.416712 -4.364396 -9.953030 -29.162203 2.723732 9.467975 1.226766 0.000003 0.000008 -0.000000 0.000001 -0.000000 8.207791 -6.751713 -1.599556 -40.967625 26.461755 32.039605 77.284970 -9.816422 9.987978 -40.895717 -19.626376 -2.472912 1.348921 0.003415 -0.582313 -0.000000 0.000000 0.000000 
0.191181 83.568703 1.157997 -5.173998 -2.181562 -4.225760 -0.000006 10.181591 0.131522 7.486624 1.380053 6.481893 -4.004939 -0.059513 2.988433 -4.019670 -0.542547 -0.015807 0.000001 16.740408 -2.049041 8.927138 -0.205662 -1.249356 0.000001 9.617896 1.685008 6.784055 -0.450678 -4.473234 0.000002 22.037338 7.501098 0.000001 -0.000000 0.000000 -4.569965 11.014930 -2.160885 14.732298 4.892481 -22.415115 -55.377722 19.543966 -11.006101 -15.880675 14.922549 -9.531345 -75.746265 5.089596 -2.619008 -2.464804 -1.573960 2.681860 4.317966 2.099915 -11.412831 13.901145 -28.876073 -8.942117 3.263461 -21.457133 -21.983116 0.000003 0.000004 0.000002 -9.108295 -0.517864 2.259844 0.010831 -6.746219 8.585238 1.976129 -0.788220 12.798886 0.941394 -0.852376 11.541964 -0.000005 -0.000003 -0.000001 -9.532508 -0.000042 -0.000020 1.186126 -3.079117 9.533194 -1.077261 -0.797427 9.054381 0.276071 -0.984854 11.510250 -0.000002 0.000002 0.000001 -9.103603 -0.043079 -1.865125 -1.645575 -3.752090 9.056861 -4.650955 -2.294144 19.849163 -2.807913 -1.469998 13.121435 -0.000001 0.000004 -0.000002 -8.076703 -0.486713 -3.806268 -6.761198 -4.579589 9.316143 0.164312 -0.334515 13.307436 -4.518150 -3.229440 17.014167 0.000003 0.000002 -0.000003 4.570448 11.014728 -2.160854 14.877691 -5.652323 19.377930 -59.555787 -17.342566 11.949489 154.466586 -161.452053 175.090192 -72.138723 -10.636690 5.772887 2.466132 -1.576217 2.681732 5.053098 -0.324284 11.996479 13.679234 26.949521 8.589516 2.200285 15.291443 20.936415 0.000007 0.000002 0.000000 9.109295 -0.518051 2.259866 0.085574 7.048918 -9.142534 2.008049 1.084994 -12.705369 0.963287 1.071201 -11.502347 0.000000 0.000001 0.000002 9.533408 0.000035 0.000039 1.222678 3.343282 -10.168417 -1.051724 1.081422 -8.942754 0.298326 1.183129 -11.441172 -0.000000 -0.000001 0.000003 9.104515 -0.043036 -1.865082 -1.589825 4.115167 -9.661848 -4.585152 2.671997 -19.711325 -2.773591 1.726358 -13.055840 -0.000001 0.000005 0.000003 8.077783 -0.486871 -3.806268 -6.650216 5.274366 -9.884221 0.274386 0.666833 -13.197698 -4.366036 3.496910 -16.958012 -0.000000 -0.000001 0.000001 -8.207786 -6.751667 -1.599565 -43.778016 -27.039959 -21.173171 72.416712 -4.364396 -9.953030 -29.162203 2.723732 9.467975 1.226766 0.000003 0.000008 -0.000000 0.000001 -0.000000 8.207791 -6.751713 -1.599556 -40.967625 26.461755 32.039605 77.284970 -9.816422 9.987978 -40.895717 -19.626376 -2.472912 1.348921 0.003415 -0.582313 -0.000000 0.000000 0.000000 
0.191181 83.568703 1.157997 -5.173998 -2.181562 -4.225760 -0.000006 10.181591 0.131522 7.486624 1.380053 6.481893 -4.004939 -0.059513 2.988433 -4.019670 -0.542547 -0.015807 0.000001 16.740408 -2.049041 8.927138 -0.205662 -1.249356 0.000001 9.617896 1.685008 6.784055 -0.450678 -4.473234 0.000002 22.037338 7.501098 0.000001 -0.000000 0.000000 -4.569965 11.014930 -2.160885 14.732298 4.892481 -22.415115 -55.377722 19.543966 -11.006101 -15.880675 14.922549 -9.531345 -75.746265 5.089596 -2.619008 -2.464804 -1.573960 2.681860 4.317966 2.099915 -11.412831 13.901145 -28.876073 -8.942117 3.263461 -21.457133 -21.983116 0.000003 0.000004 0.000002 -9.108295 -0.517864 2.259844 0.010831 -6.746219 8.585238 1.976129 -0.788220 12.798886 0.941394 -0.852376 11.541964 -0.000005 -0.000003 -0.000001 -9.532508 -0.000042 -0.000020 1.186126 -3.079117 9.533194 -1.077261 -0.797427 9.054381 0.276071 -0.984854 11.510250 -0.000002 0.000002 0.000001 -9.103603 -0.043079 -1.865125 -1.645575 -3.752090 9.056861 -4.650955 -2.294144 19.849163 -2.807913 -1.469998 13.121435 -0.000001 0.000004 -0.000002 -8.076703 -0.486713 -3.806268 -6.761198 -4.579589 9.316143 0.164312 -0.334515 13.307436 -4.518150 -3.229440 17.014167 0.000003 0.000002 -0.000003 4.570448 11.014728 -2.160854 14.877691 -5.652323 19.377930 -59.555787 -17.342566 11.949489 154.466586 -161.452053 175.090192 -72.138723 -10.636690 5.772887 2.466132 -1.576217 2.681732 5.053098 -0.324284 11.996479 13.679234 26.949521 8.589516 2.200285 15.291443 20.936415 0.000007 0.000002 0.000000 9.109295 -0.518051 2.259866 0.085574 7.048918 -9.142534 2.008049 1.084994 -12.705369 0.963287 1.071201 -11.502347 0.000000 0.000001 0.000002 9.533408 0.000035 0.000039 1.222678 3.343282 -10.168417 -1.051724 1.081422 -8.942754 0.298326 1.183129 -11.441172 -0.000000 -0.000001 0.000003 9.104515 -0.043036 -1.865082 -1.589825 4.115167 -9.661848 -4.585152 2.671997 -19.711325 -2.773591 1.726358 -13.055840 -0.000001 0.000005 0.000003 8.077783 -0.486871 -3.806268 -6.650216 5.274366 -9.884221 0.274386 0.666833 -13.197698 -4.366036 3.496910 -16.958012 -0.000000 -0.000001 0.000001 -8.207786 -6.751667 -1.599565 -43.778016 -27.039959 -21.173171 72.416712 -4.364396 -9.953030 -29.162203 2.723732 9.467975 1.226766 0.000003 0.000008 -0.000000 0.000001 -0.000000 8.207791 -6.751713 -1.599556 -40.967625 26.461755 32.039605 77.284970 -9.816422 9.987978 -40.895717 -19.626376 -2.472912 1.348921 0.003415 -0.582313 -0.000000 0.000000 0.000000 
0.191181 83.568703 1.157997 -5.173998 -2.181562 -4.225760 -0.000006 10.181591 0.131522 7.486624 1.380053 6.481893 -4.004939 -0.059513 2.988433 -4.019670 -0.542547 -0.015807 0.000001 16.740408 -2.049041 8.927138 -0.205662 -1.249356 0.000001 9.617896 1.685008 6.784055 -0.450678 -4.473234 0.000002 22.037338 7.501098 0.000001 -0.000000 0.000000 -4.569965 11.014930 -2.160885 14.732298 4.892481 -22.415115 -55.377722 19.543966 -11.006101 -15.880675 14.922549 -9.531345 -75.746265 5.089596 -2.619008 -2.464804 -1.573960 2.681860 4.317966 2.099915 -11.412831 13.901145 -28.876073 -8.942117 3.263461 -21.457133 -21.983116 0.000003 0.000004 0.000002 -9.108295 -0.517864 2.259844 0.010831 -6.746219 8.585238 1.976129 -0.788220 12.798886 0.941394 -0.852376 11.541964 -0.000005 -0.000003 -0.000001 -9.532508 -0.000042 -0.000020 1.186126 -3.079117 9.533194 -1.077261 -0.797427 9.054381 0.276071 -0.984854 11.510250 -0.000002 0.000002 0.000001 -9.103603 -0.043079 -1.865125 -1.645575 -3.752090 9.056861 -4.650955 -2.294144 19.849163 -2.807913 -1.469998 13.121435 -0.000001 0.000004 -0.000002 -8.076703 -0.486713 -3.806268 -6.761198 -4.579589 9.316143 0.164312 -0.334515 13.307436 -4.518150 -3.229440 17.014167 0.000003 0.000002 -0.000003 4.570448 11.014728 -2.160854 14.877691 -5.652323 19.377930 -59.555787 -17.342566 11.949489 154.466586 -161.452053 175.090192 -72.138723 -10.636690 5.772887 2.466132 -1.576217 2.681732 5.053098 -0.324284 11.996479 13.679234 26.949521 8.589516 2.200285 15.291443 20.936415 0.000007 0.000002 0.000000 9.109295 -0.518051 2.259866 0.085574 7.048918 -9.142534 2.008049 1.084994 -12.705369 0.963287 1.071201 -11.502347 0.000000 0.000001 0.000002 9.533408 0.000035 0.000039 1.222678 3.343282 -10.168417 -1.051724 1.081422 -8.942754 0.298326 1.183129 -11.441172 -0.000000 -0.000001 0.000003 9.104515 -0.043036 -1.865082 -1.589825 4.115167 -9.661848 -4.585152 2.671997 -19.711325 -2.773591 1.726358 -13.055840 -0.000001 0.000005 0.000003 8.077783 -0.486871 -3.806268 -6.650216 5.274366 -9.884221 0.274386 0.666833 -13.197698 -4.366036 3.496910 -16.958012 -0.000000 -0.000001 0.000001 -8.207786 -6.751667 -1.599565 -43.778016 -27.039959 -21.173171 72.416712 -4.364396 -9.953030 -29.162203 2.723732 9.467975 1.226766 0.000003 0.000008 -0.000000 0.000001 -0.000000 8.207791 -6.751713 -1.599556 -40.967625 26.461755 32.039605 77.284970 -9.816422 9.987978 -40.895717 -19.626376 -2.472912 1.348921 0.003415 -0.582313 -0.000000 0.000000 0.000000 
0.191181 83.568703 1.157997 -5.173998 -2.181562 -4.225760 -0.000006 10.181591 0.131522 7.486624 1.380053 6.481893 -4.004939 -0.059513 2.988433 -4.019670 -0.542547 -0.015807 0.000001 16.740408 -2.049041 8.927138 -0.205662 -1.249356 0.000001 9.617896 1.685008 6.784055 -0.450678 -4.473234 0.000002 22.037338 7.501098 0.000001 -0.000000 0.000000 -4.569965 11.014930 -2.160885 14.732298 4.892481 -22.415115 -55.377722 19.543966 -11.006101 -15.880675 14.922549 -9.531345 -75.746265 5.089596 -2.619008 -2.464804 -1.573960 2.681860 4.317966 2.099915 -11.412831 13.901145 -28.876073 -8.942117 3.263461 -21.457133 -21.983116 0.000003 0.000004 0.000002 -9.108295 -0.517864 2.259844 0.010831 -6.746219 8.585238 1.976129 -0.788220 12.798886 0.941394 -0.852376 11.541964 -0.000005 -0.000003 -0.000001 -9.532508 -0.000042 -0.000020 1.186126 -3.079117 9.533194 -1.077261 -0.797427 9.054381 0.276071 -0.984854 11.510250 -0.000002 0.000002 0.000001 -9.103603 -0.043079 -1.865125 -1.645575 -3.752090 9.056861 -4.650955 -2.294144 19.849163 -2.807913 -1.469998 13.121435 -0.000001 0.000004 -0.000002 -8.076703 -0.486713 -3.806268 -6.761198 -4.579589 9.316143 0.164312 -0.334515 13.307436 -4.518150 -3.229440 17.014167 0.000003 0.000002 -0.000003 4.570448 11.014728 -2.160854 14.877691 -5.652323 19.377930 -59.555787 -17.342566 11.949489 154.466586 -161.452053 175.090192 -72.138723 -10.636690 5.772887 2.466132 -1.576217 2.681732 5.053098 -0.324284 11.996479 13.679234 26.949521 8.589516 2.200285 15.291443 20.936415 0.000007 0.000002 0.000000 9.109295 -0.518051 2.259866 0.085574 7.048918 -9.142534 2.008049 1.084994 -12.705369 0.963287 1.071201 -11.502347 0.000000 0.000001 0.000002 9.533408 0.000035 0.000039 1.222678 3.343282 -10.168417 -1.051724 1.081422 -8.942754 0.298326 1.183129 -11.441172 -0.000000 -0.000001 0.000003 9.104515 -0.043036 -1.865082 -1.589825 4.115167 -9.661848 -4.585152 2.671997 -19.711325 -2.773591 1.726358 -13.055840 -0.000001 0.000005 0.000003 8.077783 -0.486871 -3.806268 -6.650216 5.274366 -9.884221 0.274386 0.666833 -13.197698 -4.366036 3.496910 -16.958012 -0.000000 -0.000001 0.000001 -8.207786 -6.751667 -1.599565 -43.778016 -27.039959 -21.173171 72.416712 -4.364396 -9.953030 -29.162203 2.723732 9.467975 1.226766 0.000003 0.000008 -0.000000 0.000001 -0.000000 8.207791 -6.751713 -1.599556 -40.967625 26.461755 32.039605 77.284970 -9.816422 9.987978 -40.895717 -19.626376 -2.472912 1.348921 0.003415 -0.582313 -0.000000 0.000000 0.000000 
0.191181 83.568703 1.157997 -5.173998 -2.181562 -4.225760 -0.000006 10.181591 0.131522 7.486624 1.380053 6.481893 -4.004939 -0.059513 2.988433 -4.019670 -0.542547 -0.015807 0.000001 16.740408 -2.049041 8.927138 -0.205662 -1.249356 0.000001 9.617896 1.685008 6.784055 -0.450678 -4.473234 0.000002 22.037338 7.501098 0.000001 -0.000000 0.000000 -4.569965 11.014930 -2.160885 14.732298 4.892481 -22.415115 -55.377722 19.543966 -11.006101 -15.880675 14.922549 -9.531345 -75.746265 5.089596 -2.619008 -2.464804 -1.573960 2.681860 4.317966 2.099915 -11.412831 13.901145 -28.876073 -8.942117 3.263461 -21.457133 -21.983116 0.000003 0.000004 0.000002 -9.108295 -0.517864 2.259844 0.010831 -6.746219 8.585238 1.976129 -0.788220 12.798886 0.941394 -0.852376 11.541964 -0.000005 -0.000003 -0.000001 -9.532508 -0.000042 -0.000020 1.186126 -3.079117 9.533194 -1.077261 -0.797427 9.054381 0.276071 -0.984854 11.510250 -0.000002 0.000002 0.000001 -9.103603 -0.043079 -1.865125 -1.645575 -3.752090 9.056861 -4.650955 -2.294144 19.849163 -2.807913 -1.469998 13.121435 -0.000001 0.000004 -0.000002 -8.076703 -0.486713 -3.806268 -6.761198 -4.579589 9.316143 0.164312 -0.334515 13.307436 -4.518150 -3.229440 17.014167 0.000003 0.000002 -0.000003 4.570448 11.014728 -2.160854 14.877691 -5.652323 19.377930 -59.555787 -17.342566 11.949489 154.466586 -161.452053 175.090192 -72.138723 -10.636690 5.772887 2.466132 -1.576217 2.681732 5.053098 -0.324284 11.996479 13.679234 26.949521 8.589516 2.200285 15.291443 20.936415 0.000007 0.000002 0.000000 9.109295 -0.518051 2.259866 0.085574 7.048918 -9.142534 2.008049 1.084994 -12.705369 0.963287 1.071201 -11.502347 0.000000 0.000001 0.000002 9.533408 0.000035 0.000039 1.222678 3.343282 -10.168417 -1.051724 1.081422 -8.942754 0.298326 1.183129 -11.441172 -0.000000 -0.000001 0.000003 9.104515 -0.043036 -1.865082 -1.589825 4.115167 -9.661848 -4.585152 2.671997 -19.711325 -2.773591 1.726358 -13.055840 -0.000001 0.000005 0.000003 8.077783 -0.486871 -3.806268 -6.650216 5.274366 -9.884221 0.274386 0.666833 -13.197698 -4.366036 3.496910 -16.958012 -0.000000 -0.000001 0.000001 -8.207786 -6.751667 -1.599565 -43.778016 -27.039959 -21.173171 72.416712 -4.364396 -9.953030 -29.162203 2.723732 9.467975 1.226766 0.000003 0.000008 -0.000000 0.000001 -0.000000 8.207791 -6.751713 -1.599556 -40.967625 26.461755 32.039605 77.284970 -9.816422 9.987978 -40.895717 -19.626376 -2.472912 1.348921 0.003415 -0.582313 -0.000000 0.000000 0.000000 
0.191181 83.568703 1.157997 -5.173998 -2.181562 -4.225760 -0.000006 10.181591 0.131522 7.486624 1.380053 6.481893 -4.004939 -0.059513 2.988433 -4.019670 -0.542547 -0.015807 0.000001 16.740408 -2.049041 8.927138 -0.205662 -1.249356 0.000001 9.617896 1.685008 6.784055 -0.450678 -4.473234 0.000002 22.037338 7.501098 0.000001 -0.000000 0.000000 -4.569965 11.014930 -2.160885 14.732298 4.892481 -22.415115 -55.377722 19.543966 -11.006101 -15.880675 14.922549 -9.531345 -75.746265 5.089596 -2.619008 -2.464804 -1.573960 2.681860 4.317966 2.099915 -11.412831 13.901145 -28.876073 -8.942117 3.263461 -21.457133 -21.983116 0.000003 0.000004 0.000002 -9.108295 -0.517864 2.259844 0.010831 -6.746219 8.585238 1.976129 -0.788220 12.798886 0.941394 -0.852376 11.541964 -0.000005 -0.000003 -0.000001 -9.532508 -0.000042 -0.000020 1.186126 -3.079117 9.533194 -1.077261 -0.797427 9.054381 0.276071 -0.984854 11.510250 -0.000002 0.000002 0.000001 -9.103603 -0.043079 -1.865125 -1.645575 -3.752090 9.056861 -4.650955 -2.294144 19.849163 -2.807913 -1.469998 13.121435 -0.000001 0.000004 -0.000002 -8.076703 -0.486713 -3.806268 -6.761198 -4.579589 9.316143 0.164312 -0.334515 13.307436 -4.518150 -3.229440 17.014167 0.000003 0.000002 -0.000003 4.570448 11.014728 -2.160854 14.877691 -5.652323 19.377930 -59.555787 -17.342566 11.949489 154.466586 -161.452053 175.090192 -72.138723 -10.636690 5.772887 2.466132 -1.576217 2.681732 5.053098 -0.324284 11.996479 13.679234 26.949521 8.589516 2.200285 15.291443 20.936415 0.000007 0.000002 0.000000 9.109295 -0.518051 2.259866 0.085574 7.048918 -9.142534 2.008049 1.084994 -12.705369 0.963287 1.071201 -11.502347 0.000000 0.000001 0.000002 9.533408 0.000035 0.000039 1.222678 3.343282 -10.168417 -1.051724 1.081422 -8.942754 0.298326 1.183129 -11.441172 -0.000000 -0.000001 0.000003 9.104515 -0.043036 -1.865082 -1.589825 4.115167 -9.661848 -4.585152 2.671997 -19.711325 -2.773591 1.726358 -13.055840 -0.000001 0.000005 0.000003 8.077783 -0.486871 -3.806268 -6.650216 5.274366 -9.884221 0.274386 0.666833 -13.197698 -4.366036 3.496910 -16.958012 -0.000000 -0.000001 0.000001 -8.207786 -6.751667 -1.599565 -43.778016 -27.039959 -21.173171 72.416712 -4.364396 -9.953030 -29.162203 2.723732 9.467975 1.226766 0.000003 0.000008 -0.000000 0.000001 -0.000000 8.207791 -6.751713 -1.599556 -40.967625 26.461755 32.039605 77.284970 -9.816422 9.987978 -40.895717 -19.626376 -2.472912 1.348921 0.003415 -0.582313 -0.000000 0.000000 0.000000 
0.191181 83.568703 1.157997 -5.173998 -2.181562 -4.225760 -0.000006 10.181591 0.131522 7.486624 1.380053 6.481893 -4.004939 -0.059513 2.988433 -4.019670 -0.542547 -0.015807 0.000001 16.740408 -2.049041 8.927138 -0.205662 -1.249356 0.000001 9.617896 1.685008 6.784055 -0.450678 -4.473234 0.000002 22.037338 7.501098 0.000001 -0.000000 0.000000 -4.569965 11.014930 -2.160885 14.732298 4.892481 -22.415115 -55.377722 19.543966 -11.006101 -15.880675 14.922549 -9.531345 -75.746265 5.089596 -2.619008 -2.464804 -1.573960 2.681860 4.317966 2.099915 -11.412831 13.901145 -28.876073 -8.942117 3.263461 -21.457133 -21.983116 0.000003 0.000004 0.000002 -9.108295 -0.517864 2.259844 0.010831 -6.746219 8.585238 1.976129 -0.788220 12.798886 0.941394 -0.852376 11.541964 -0.000005 -0.000003 -0.000001 -9.532508 -0.000042 -0.000020 1.186126 -3.079117 9.533194 -1.077261 -0.797427 9.054381 0.276071 -0.984854 11.510250 -0.000002 0.000002 0.000001 -9.103603 -0.043079 -1.865125 -1.645575 -3.752090 9.056861 -4.650955 -2.294144 19.849163 -2.807913 -1.469998 13.121435 -0.000001 0.000004 -0.000002 -8.076703 -0.486713 -3.806268 -6.761198 -4.579589 9.316143 0.164312 -0.334515 13.307436 -4.518150 -3.229440 17.014167 0.000003 0.000002 -0.000003 4.570448 11.014728 -2.160854 14.877691 -5.652323 19.377930 -59.555787 -17.342566 11.949489 154.466586 -161.452053 175.090192 -72.138723 -10.636690 5.772887 2.466132 -1.576217 2.681732 5.053098 -0.324284 11.996479 13.679234 26.949521 8.589516 2.200285 15.291443 20.936415 0.000007 0.000002 0.000000 9.109295 -0.518051 2.259866 0.085574 7.048918 -9.142534 2.008049 1.084994 -12.705369 0.963287 1.071201 -11.502347 0.000000 0.000001 0.000002 9.533408 0.000035 0.000039 1.222678 3.343282 -10.168417 -1.051724 1.081422 -8.942754 0.298326 1.183129 -11.441172 -0.000000 -0.000001 0.000003 9.104515 -0.043036 -1.865082 -1.589825 4.115167 -9.661848 -4.585152 2.671997 -19.711325 -2.773591 1.726358 -13.055840 -0.000001 0.000005 0.000003 8.077783 -0.486871 -3.806268 -6.650216 5.274366 -9.884221 0.274386 0.666833 -13.197698 -4.366036 3.496910 -16.958012 -0.000000 -0.000001 0.000001 -8.207786 -6.751667 -1.599565 -43.778016 -27.039959 -21.173171 72.416712 -4.364396 -9.953030 -29.162203 2.723732 9.467975 1.226766 0.000003 0.000008 -0.000000 0.000001 -0.000000 8.207791 -6.751713 -1.599556 -40.967625 26.461755 32.039605 77.284970 -9.816422 9.987978 -40.895717 -19.626376 -2.472912 1.348921 0.003415 -0.582313 -0.000000 0.000000 0.000000 
0.191181 83.568703 1.157997 -5.173998 -2.181562 -4.225760 -0.000006 10.181591 0.131522 7.486624 1.380053 6.481893 -4.004939 -0.059513 2.988433 -4.019670 -0.542547 -0.015807 0.000001 16.740408 -2.049041 8.927138 -0.205662 -1.249356 0.000001 9.617896 1.685008 6.784055 -0.450678 -4.473234 0.000002 22.037338 7.501098 0.000001 -0.000000 0.000000 -4.569965 11.014930 -2.160885 14.732298 4.892481 -22.415115 -55.377722 19.543966 -11.006101 -15.880675 14.922549 -9.531345 -75.746265 5.089596 -2.619008 -2.464804 -1.573960 2.681860 4.317966 2.099915 -11.412831 13.901145 -28.876073 -8.942117 3.263461 -21.457133 -21.983116 0.000003 0.000004 0.000002 -9.108295 -0.517864 2.259844 0.010831 -6.746219 8.585238 1.976129 -0.788220 12.798886 0.941394 -0.852376 11.541964 -0.000005 -0.000003 -0.000001 -9.532508 -0.000042 -0.000020 1.186126 -3.079117 9.533194 -1.077261 -0.797427 9.054381 0.276071 -0.984854 11.510250 -0.000002 0.000002 0.000001 -9.103603 -0.043079 -1.865125 -1.645575 -3.752090 9.056861 -4.650955 -2.294144 19.849163 -2.807913 -1.469998 13.121435 -0.000001 0.000004 -0.000002 -8.076703 -0.486713 -3.806268 -6.761198 -4.579589 9.316143 0.164312 -0.334515 13.307436 -4.518150 -3.229440 17.014167 0.000003 0.000002 -0.000003 4.570448 11.014728 -2.160854 14.877691 -5.652323 19.377930 -59.555787 -17.342566 11.949489 154.466586 -161.452053 175.090192 -72.138723 -10.636690 5.772887 2.466132 -1.576217 2.681732 5.053098 -0.324284 11.996479 13.679234 26.949521 8.589516 2.200285 15.291443 20.936415 0.000007 0.000002 0.000000 9.109295 -0.518051 2.259866 0.085574 7.048918 -9.142534 2.008049 1.084994 -12.705369 0.963287 1.071201 -11.502347 0.000000 0.000001 0.000002 9.533408 0.000035 0.000039 1.222678 3.343282 -10.168417 -1.051724 1.081422 -8.942754 0.298326 1.183129 -11.441172 -0.000000 -0.000001 0.000003 9.104515 -0.043036 -1.865082 -1.589825 4.115167 -9.661848 -4.585152 2.671997 -19.711325 -2.773591 1.726358 -13.055840 -0.000001 0.000005 0.000003 8.077783 -0.486871 -3.806268 -6.650216 5.274366 -9.884221 0.274386 0.666833 -13.197698 -4.366036 3.496910 -16.958012 -0.000000 -0.000001 0.000001 -8.207786 -6.751667 -1.599565 -43.778016 -27.039959 -21.173171 72.416712 -4.364396 -9.953030 -29.162203 2.723732 9.467975 1.226766 0.000003 0.000008 -0.000000 0.000001 -0.000000 8.207791 -6.751713 -1.599556 -40.967625 26.461755 32.039605 77.284970 -9.816422 9.987978 -40.895717 -19.626376 -2.472912 1.348921 0.003415 -0.582313 -0.000000 0.000000 0.000000 
0.191181 83.568703 1.157997 -5.173998 -2.181562 -4.225760 -0.000006 10.181591 0.131522 7.486624 1.380053 6.481893 -4.004939 -0.059513 2.988433 -4.019670 -0.542547 -0.015807 0.000001 16.740408 -2.049041 8.927138 -0.205662 -1.249356 0.000001 9.617896 1.685008 6.784055 -0.450678 -4.473234 0.000002 22.037338 7.501098 0.000001 -0.000000 0.000000 -4.569965 11.014930 -2.160885 14.732298 4.892481 -22.415115 -55.377722 19.543966 -11.006101 -15.880675 14.922549 -9.531345 -75.746265 5.089596 -2.619008 -2.464804 -1.573960 2.681860 4.317966 2.099915 -11.412831 13.901145 -28.876073 -8.942117 3.263461 -21.457133 -21.983116 0.000003 0.000004 0.000002 -9.108295 -0.517864 2.259844 0.010831 -6.746219 8.585238 1.976129 -0.788220 12.798886 0.941394 -0.852376 11.541964 -0.000005 -0.000003 -0.000001 -9.532508 -0.000042 -0.000020 1.186126 -3.079117 9.533194 -1.077261 -0.797427 9.054381 0.276071 -0.984854 11.510250 -0.000002 0.000002 0.000001 -9.103603 -0.043079 -1.865125 -1.645575 -3.752090 9.056861 -4.650955 -2.294144 19.849163 -2.807913 -1.469998 13.121435 -0.000001 0.000004 -0.000002 -8.076703 -0.486713 -3.806268 -6.761198 -4.579589 9.316143 0.164312 -0.334515 13.307436 -4.518150 -3.229440 17.014167 0.000003 0.000002 -0.000003 4.570448 11.014728 -2.160854 14.877691 -5.652323 19.377930 -59.555787 -17.342566 11.949489 154.466586 -161.452053 175.090192 -72.138723 -10.636690 5.772887 2.466132 -1.576217 2.681732 5.053098 -0.324284 11.996479 13.679234 26.949521 8.589516 2.200285 15.291443 20.936415 0.000007 0.000002 0.000000 9.109295 -0.518051 2.259866 0.085574 7.048918 -9.142534 2.008049 1.084994 -12.705369 0.963287 1.071201 -11.502347 0.000000 0.000001 0.000002 9.533408 0.000035 0.000039 1.222678 3.343282 -10.168417 -1.051724 1.081422 -8.942754 0.298326 1.183129 -11.441172 -0.000000 -0.000001 0.000003 9.104515 -0.043036 -1.865082 -1.589825 4.115167 -9.661848 -4.585152 2.671997 -19.711325 -2.773591 1.726358 -13.055840 -0.000001 0.000005 0.000003 8.077783 -0.486871 -3.806268 -6.650216 5.274366 -9.884221 0.274386 0.666833 -13.197698 -4.366036 3.496910 -16.958012 -0.000000 -0.000001 0.000001 -8.207786 -6.751667 -1.599565 -43.778016 -27.039959 -21.173171 72.416712 -4.364396 -9.953030 -29.162203 2.723732 9.467975 1.226766 0.000003 0.000008 -0.000000 0.000001 -0.000000 8.207791 -6.751713 -1.599556 -40.967625 26.461755 32.039605 77.284970 -9.816422 9.987978 -40.895717 -19.626376 -2.472912 1.348921 0.003415 -0.582313 -0.000000 0.000000 0.000000 
0.191181 83.568703 1.157997 -5.173998 -2.181562 -4.225760 -0.000006 10.181591 0.131522 7.486624 1.380053 6.481893 -4.004939 -0.059513 2.988433 -4.019670 -0.542547 -0.015807 0.000001 16.740408 -2.049041 8.927138 -0.205662 -1.249356 0.000001 9.617896 1.685008 6.784055 -0.450678 -4.473234 0.000002 22.037338 7.501098 0.000001 -0.000000 0.000000 -4.569965 11.014930 -2.160885 14.732298 4.892481 -22.415115 -55.377722 19.543966 -11.006101 -15.880675 14.922549 -9.531345 -75.746265 5.089596 -2.619008 -2.464804 -1.573960 2.681860 4.317966 2.099915 -11.412831 13.901145 -28.876073 -8.942117 3.263461 -21.457133 -21.983116 0.000003 0.000004 0.000002 -9.108295 -0.517864 2.259844 0.010831 -6.746219 8.585238 1.976129 -0.788220 12.798886 0.941394 -0.852376 11.541964 -0.000005 -0.000003 -0.000001 -9.532508 -0.000042 -0.000020 1.186126 -3.079117 9.533194 -1.077261 -0.797427 9.054381 0.276071 -0.984854 11.510250 -0.000002 0.000002 0.000001 -9.103603 -0.043079 -1.865125 -1.645575 -3.752090 9.056861 -4.650955 -2.294144 19.849163 -2.807913 -1.469998 13.121435 -0.000001 0.000004 -0.000002 -8.076703 -0.486713 -3.806268 -6.761198 -4.579589 9.316143 0.164312 -0.334515 13.307436 -4.518150 -3.229440 17.014167 0.000003 0.000002 -0.000003 4.570448 11.014728 -2.160854 14.877691 -5.652323 19.377930 -59.555787 -17.342566 11.949489 154.466586 -161.452053 175.090192 -72.138723 -10.636690 5.772887 2.466132 -1.576217 2.681732 5.053098 -0.324284 11.996479 13.679234 26.949521 8.589516 2.200285 15.291443 20.936415 0.000007 0.000002 0.000000 9.109295 -0.518051 2.259866 0.085574 7.048918 -9.142534 2.008049 1.084994 -12.705369 0.963287 1.071201 -11.502347 0.000000 0.000001 0.000002 9.533408 0.000035 0.000039 1.222678 3.343282 -10.168417 -1.051724 1.081422 -8.942754 0.298326 1.183129 -11.441172 -0.000000 -0.000001 0.000003 9.104515 -0.043036 -1.865082 -1.589825 4.115167 -9.661848 -4.585152 2.671997 -19.711325 -2.773591 1.726358 -13.055840 -0.000001 0.000005 0.000003 8.077783 -0.486871 -3.806268 -6.650216 5.274366 -9.884221 0.274386 0.666833 -13.197698 -4.366036 3.496910 -16.958012 -0.000000 -0.000001 0.000001 -8.207786 -6.751667 -1.599565 -43.778016 -27.039959 -21.173171 72.416712 -4.364396 -9.953030 -29.162203 2.723732 9.467975 1.226766 0.000003 0.000008 -0.000000 0.000001 -0.000000 8.207791 -6.751713 -1.599556 -40.967625 26.461755 32.039605 77.284970 -9.816422 9.987978 -40.895717 -19.626376 -2.472912 1.348921 0.003415 -0.582313 -0.000000 0.000000 0.000000 
0.191181 83.568703 1.157997 -5.173998 -2.181562 -4.225760 -0.000006 10.181591 0.131522 7.486624 1.380053 6.481893 -4.004939 -0.059513 2.988433 -4.019670 -0.542547 -0.015807 0.000001 16.740408 -2.049041 8.927138 -0.205662 -1.249356 0.000001 9.617896 1.685008 6.784055 -0.450678 -4.473234 0.000002 22.037338 7.501098 0.000001 -0.000000 0.000000 -4.569965 11.014930 -2.160885 14.732298 4.892481 -22.415115 -55.377722 19.543966 -11.006101 -15.880675 14.922549 -9.531345 -75.746265 5.089596 -2.619008 -2.464804 -1.573960 2.681860 4.317966 2.099915 -11.412831 13.901145 -28.876073 -8.942117 3.263461 -21.457133 -21.983116 0.000003 0.000004 0.000002 -9.108295 -0.517864 2.259844 0.010831 -6.746219 8.585238 1.976129 -0.788220 12.798886 0.941394 -0.852376 11.541964 -0.000005 -0.000003 -0.000001 -9.532508 -0.000042 -0.000020 1.186126 -3.079117 9.533194 -1.077261 -0.797427 9.054381 0.276071 -0.984854 11.510250 -0.000002 0.000002 0.000001 -9.103603 -0.043079 -1.865125 -1.645575 -3.752090 9.056861 -4.650955 -2.294144 19.849163 -2.807913 -1.469998 13.121435 -0.000001 0.000004 -0.000002 -8.076703 -0.486713 -3.806268 -6.761198 -4.579589 9.316143 0.164312 -0.334515 13.307436 -4.518150 -3.229440 17.014167 0.000003 0.000002 -0.000003 4.570448 11.014728 -2.160854 14.877691 -5.652323 19.377930 -59.555787 -17.342566 11.949489 154.466586 -161.452053 175.090192 -72.138723 -10.636690 5.772887 2.466132 -1.576217 2.681732 5.053098 -0.324284 11.996479 13.679234 26.949521 8.589516 2.200285 15.291443 20.936415 0.000007 0.000002 0.000000 9.109295 -0.518051 2.259866 0.085574 7.048918 -9.142534 2.008049 1.084994 -12.705369 0.963287 1.071201 -11.502347 0.000000 0.000001 0.000002 9.533408 0.000035 0.000039 1.222678 3.343282 -10.168417 -1.051724 1.081422 -8.942754 0.298326 1.183129 -11.441172 -0.000000 -0.000001 0.000003 9.104515 -0.043036 -1.865082 -1.589825 4.115167 -9.661848 -4.585152 2.671997 -19.711325 -2.773591 1.726358 -13.055840 -0.000001 0.000005 0.000003 8.077783 -0.486871 -3.806268 -6.650216 5.274366 -9.884221 0.274386 0.666833 -13.197698 -4.366036 3.496910 -16.958012 -0.000000 -0.000001 0.000001 -8.207786 -6.751667 -1.599565 -43.778016 -27.039959 -21.173171 72.416712 -4.364396 -9.953030 -29.162203 2.723732 9.467975 1.226766 0.000003 0.000008 -0.000000 0.000001 -0.000000 8.207791 -6.751713 -1.599556 -40.967625 26.461755 32.039605 77.284970 -9.816422 9.987978 -40.895717 -19.626376 -2.472912 1.348921 0.003415 -0.582313 -0.000000 0.000000 0.000000 
0.191181 83.568703 1.157997 -5.173998 -2.181562 -4.225760 -0.000006 10.181591 0.131522 7.486624 1.380053 6.481893 -4.004939 -0.059513 2.988433 -4.019670 -0.542547 -0.015807 0.000001 16.740408 -2.049041 8.927138 -0.205662 -1.249356 0.000001 9.617896 1.685008 6.784055 -0.450678 -4.473234 0.000002 22.037338 7.501098 0.000001 -0.000000 0.000000 -4.569965 11.014930 -2.160885 14.732298 4.892481 -22.415115 -55.377722 19.543966 -11.006101 -15.880675 14.922549 -9.531345 -75.746265 5.089596 -2.619008 -2.464804 -1.573960 2.681860 4.317966 2.099915 -11.412831 13.901145 -28.876073 -8.942117 3.263461 -21.457133 -21.983116 0.000003 0.000004 0.000002 -9.108295 -0.517864 2.259844 0.010831 -6.746219 8.585238 1.976129 -0.788220 12.798886 0.941394 -0.852376 11.541964 -0.000005 -0.000003 -0.000001 -9.532508 -0.000042 -0.000020 1.186126 -3.079117 9.533194 -1.077261 -0.797427 9.054381 0.276071 -0.984854 11.510250 -0.000002 0.000002 0.000001 -9.103603 -0.043079 -1.865125 -1.645575 -3.752090 9.056861 -4.650955 -2.294144 19.849163 -2.807913 -1.469998 13.121435 -0.000001 0.000004 -0.000002 -8.076703 -0.486713 -3.806268 -6.761198 -4.579589 9.316143 0.164312 -0.334515 13.307436 -4.518150 -3.229440 17.014167 0.000003 0.000002 -0.000003 4.570448 11.014728 -2.160854 14.877691 -5.652323 19.377930 -59.555787 -17.342566 11.949489 154.466586 -161.452053 175.090192 -72.138723 -10.636690 5.772887 2.466132 -1.576217 2.681732 5.053098 -0.324284 11.996479 13.679234 26.949521 8.589516 2.200285 15.291443 20.936415 0.000007 0.000002 0.000000 9.109295 -0.518051 2.259866 0.085574 7.048918 -9.142534 2.008049 1.084994 -12.705369 0.963287 1.071201 -11.502347 0.000000 0.000001 0.000002 9.533408 0.000035 0.000039 1.222678 3.343282 -10.168417 -1.051724 1.081422 -8.942754 0.298326 1.183129 -11.441172 -0.000000 -0.000001 0.000003 9.104515 -0.043036 -1.865082 -1.589825 4.115167 -9.661848 -4.585152 2.671997 -19.711325 -2.773591 1.726358 -13.055840 -0.000001 0.000005 0.000003 8.077783 -0.486871 -3.806268 -6.650216 5.274366 -9.884221 0.274386 0.666833 -13.197698 -4.366036 3.496910 -16.958012 -0.000000 -0.000001 0.000001 -8.207786 -6.751667 -1.599565 -43.778016 -27.039959 -21.173171 72.416712 -4.364396 -9.953030 -29.162203 2.723732 9.467975 1.226766 0.000003 0.000008 -0.000000 0.000001 -0.000000 8.207791 -6.751713 -1.599556 -40.967625 26.461755 32.039605 77.284970 -9.816422 9.987978 -40.895717 -19.626376 -2.472912 1.348921 0.003415 -0.582313 -0.000000 0.000000 0.000000 
0.191181 83.568703 1.157997 -5.173998 -2.181562 -4.225760 -0.000006 10.181591 0.131522 7.486624 1.380053 6.481893 -4.004939 -0.059513 2.988433 -4.019670 -0.542547 -0.015807 0.000001 16.740408 -2.049041 8.927138 -0.205662 -1.249356 0.000001 9.617896 1.685008 6.784055 -0.450678 -4.473234 0.000002 22.037338 7.501098 0.000001 -0.000000 0.000000 -4.569965 11.014930 -2.160885 14.732298 4.892481 -22.415115 -55.377722 19.543966 -11.006101 -15.880675 14.922549 -9.531345 -75.746265 5.089596 -2.619008 -2.464804 -1.573960 2.681860 4.317966 2.099915 -11.412831 13.901145 -28.876073 -8.942117 3.263461 -21.457133 -21.983116 0.000003 0.000004 0.000002 -9.108295 -0.517864 2.259844 0.010831 -6.746219 8.585238 1.976129 -0.788220 12.798886 0.941394 -0.852376 11.541964 -0.000005 -0.000003 -0.000001 -9.532508 -0.000042 -0.000020 1.186126 -3.079117 9.533194 -1.077261 -0.797427 9.054381 0.276071 -0.984854 11.510250 -0.000002 0.000002 0.000001 -9.103603 -0.043079 -1.865125 -1.645575 -3.752090 9.056861 -4.650955 -2.294144 19.849163 -2.807913 -1.469998 13.121435 -0.000001 0.000004 -0.000002 -8.076703 -0.486713 -3.806268 -6.761198 -4.579589 9.316143 0.164312 -0.334515 13.307436 -4.518150 -3.229440 17.014167 0.000003 0.000002 -0.000003 4.570448 11.014728 -2.160854 14.877691 -5.652323 19.377930 -59.555787 -17.342566 11.949489 154.466586 -161.452053 175.090192 -72.138723 -10.636690 5.772887 2.466132 -1.576217 2.681732 5.053098 -0.324284 11.996479 13.679234 26.949521 8.589516 2.200285 15.291443 20.936415 0.000007 0.000002 0.000000 9.109295 -0.518051 2.259866 0.085574 7.048918 -9.142534 2.008049 1.084994 -12.705369 0.963287 1.071201 -11.502347 0.000000 0.000001 0.000002 9.533408 0.000035 0.000039 1.222678 3.343282 -10.168417 -1.051724 1.081422 -8.942754 0.298326 1.183129 -11.441172 -0.000000 -0.000001 0.000003 9.104515 -0.043036 -1.865082 -1.589825 4.115167 -9.661848 -4.585152 2.671997 -19.711325 -2.773591 1.726358 -13.055840 -0.000001 0.000005 0.000003 8.077783 -0.486871 -3.806268 -6.650216 5.274366 -9.884221 0.274386 0.666833 -13.197698 -4.366036 3.496910 -16.958012 -0.000000 -0.000001 0.000001 -8.207786 -6.751667 -1.599565 -43.778016 -27.039959 -21.173171 72.416712 -4.364396 -9.953030 -29.162203 2.723732 9.467975 1.226766 0.000003 0.000008 -0.000000 0.000001 -0.000000 8.207791 -6.751713 -1.599556 -40.967625 26.461755 32.039605 77.284970 -9.816422 9.987978 -40.895717 -19.626376 -2.472912 1.348921 0.003415 -0.582313 -0.000000 0.000000 0.000000 
0.191181 83.568703 1.157997 -5.173998 -2.181562 -4.225760 -0.000006 10.181591 0.131522 7.486624 1.380053 6.481893 -4.004939 -0.059513 2.988433 -4.019670 -0.542547 -0.015807 0.000001 16.740408 -2.049041 8.927138 -0.205662 -1.249356 0.000001 9.617896 1.685008 6.784055 -0.450678 -4.473234 0.000002 22.037338 7.501098 0.000001 -0.000000 0.000000 -4.569965 11.014930 -2.160885 14.732298 4.892481 -22.415115 -55.377722 19.543966 -11.006101 -15.880675 14.922549 -9.531345 -75.746265 5.089596 -2.619008 -2.464804 -1.573960 2.681860 4.317966 2.099915 -11.412831 13.901145 -28.876073 -8.942117 3.263461 -21.457133 -21.983116 0.000003 0.000004 0.000002 -9.108295 -0.517864 2.259844 0.010831 -6.746219 8.585238 1.976129 -0.788220 12.798886 0.941394 -0.852376 11.541964 -0.000005 -0.000003 -0.000001 -9.532508 -0.000042 -0.000020 1.186126 -3.079117 9.533194 -1.077261 -0.797427 9.054381 0.276071 -0.984854 11.510250 -0.000002 0.000002 0.000001 -9.103603 -0.043079 -1.865125 -1.645575 -3.752090 9.056861 -4.650955 -2.294144 19.849163 -2.807913 -1.469998 13.121435 -0.000001 0.000004 -0.000002 -8.076703 -0.486713 -3.806268 -6.761198 -4.579589 9.316143 0.164312 -0.334515 13.307436 -4.518150 -3.229440 17.014167 0.000003 0.000002 -0.000003 4.570448 11.014728 -2.160854 14.877691 -5.652323 19.377930 -59.555787 -17.342566 11.949489 154.466586 -161.452053 175.090192 -72.138723 -10.636690 5.772887 2.466132 -1.576217 2.681732 5.053098 -0.324284 11.996479 13.679234 26.949521 8.589516 2.200285 15.291443 20.936415 0.000007 0.000002 0.000000 9.109295 -0.518051 2.259866 0.085574 7.048918 -9.142534 2.008049 1.084994 -12.705369 0.963287 1.071201 -11.502347 0.000000 0.000001 0.000002 9.533408 0.000035 0.000039 1.222678 3.343282 -10.168417 -1.051724 1.081422 -8.942754 0.298326 1.183129 -11.441172 -0.000000 -0.000001 0.000003 9.104515 -0.043036 -1.865082 -1.589825 4.115167 -9.661848 -4.585152 2.671997 -19.711325 -2.773591 1.726358 -13.055840 -0.000001 0.000005 0.000003 8.077783 -0.486871 -3.806268 -6.650216 5.274366 -9.884221 0.274386 0.666833 -13.197698 -4.366036 3.496910 -16.958012 -0.000000 -0.000001 0.000001 -8.207786 -6.751667 -1.599565 -43.778016 -27.039959 -21.173171 72.416712 -4.364396 -9.953030 -29.162203 2.723732 9.467975 1.226766 0.000003 0.000008 -0.000000 0.000001 -0.000000 8.207791 -6.751713 -1.599556 -40.967625 26.461755 32.039605 77.284970 -9.816422 9.987978 -40.895717 -19.626376 -2.472912 1.348921 0.003415 -0.582313 -0.000000 0.000000 0.000000 
0.191181 83.568703 1.157997 -5.173998 -2.181562 -4.225760 -0.000006 10.181591 0.131522 7.486624 1.380053 6.481893 -4.004939 -0.059513 2.988433 -4.019670 -0.542547 -0.015807 0.000001 16.740408 -2.049041 8.927138 -0.205662 -1.249356 0.000001 9.617896 1.685008 6.784055 -0.450678 -4.473234 0.000002 22.037338 7.501098 0.000001 -0.000000 0.000000 -4.569965 11.014930 -2.160885 14.732298 4.892481 -22.415115 -55.377722 19.543966 -11.006101 -15.880675 14.922549 -9.531345 -75.746265 5.089596 -2.619008 -2.464804 -1.573960 2.681860 4.317966 2.099915 -11.412831 13.901145 -28.876073 -8.942117 3.263461 -21.457133 -21.983116 0.000003 0.000004 0.000002 -9.108295 -0.517864 2.259844 0.010831 -6.746219 8.585238 1.976129 -0.788220 12.798886 0.941394 -0.852376 11.541964 -0.000005 -0.000003 -0.000001 -9.532508 -0.000042 -0.000020 1.186126 -3.079117 9.533194 -1.077261 -0.797427 9.054381 0.276071 -0.984854 11.510250 -0.000002 0.000002 0.000001 -9.103603 -0.043079 -1.865125 -1.645575 -3.752090 9.056861 -4.650955 -2.294144 19.849163 -2.807913 -1.469998 13.121435 -0.000001 0.000004 -0.000002 -8.076703 -0.486713 -3.806268 -6.761198 -4.579589 9.316143 0.164312 -0.334515 13.307436 -4.518150 -3.229440 17.014167 0.000003 0.000002 -0.000003 4.570448 11.014728 -2.160854 14.877691 -5.652323 19.377930 -59.555787 -17.342566 11.949489 154.466586 -161.452053 175.090192 -72.138723 -10.636690 5.772887 2.466132 -1.576217 2.681732 5.053098 -0.324284 11.996479 13.679234 26.949521 8.589516 2.200285 15.291443 20.936415 0.000007 0.000002 0.000000 9.109295 -0.518051 2.259866 0.085574 7.048918 -9.142534 2.008049 1.084994 -12.705369 0.963287 1.071201 -11.502347 0.000000 0.000001 0.000002 9.533408 0.000035 0.000039 1.222678 3.343282 -10.168417 -1.051724 1.081422 -8.942754 0.298326 1.183129 -11.441172 -0.000000 -0.000001 0.000003 9.104515 -0.043036 -1.865082 -1.589825 4.115167 -9.661848 -4.585152 2.671997 -19.711325 -2.773591 1.726358 -13.055840 -0.000001 0.000005 0.000003 8.077783 -0.486871 -3.806268 -6.650216 5.274366 -9.884221 0.274386 0.666833 -13.197698 -4.366036 3.496910 -16.958012 -0.000000 -0.000001 0.000001 -8.207786 -6.751667 -1.599565 -43.778016 -27.039959 -21.173171 72.416712 -4.364396 -9.953030 -29.162203 2.723732 9.467975 1.226766 0.000003 0.000008 -0.000000 0.000001 -0.000000 8.207791 -6.751713 -1.599556 -40.967625 26.461755 32.039605 77.284970 -9.816422 9.987978 -40.895717 -19.626376 -2.472912 1.348921 0.003415 -0.582313 -0.000000 0.000000 0.000000 
0.191181 83.568703 1.157997 -5.173998 -2.181562 -4.225760 -0.000006 10.181591 0.131522 7.486624 1.380053 6.481893 -4.004939 -0.059513 2.988433 -4.019670 -0.542547 -0.015807 0.000001 16.740408 -2.049041 8.927138 -0.205662 -1.249356 0.000001 9.617896 1.685008 6.784055 -0.450678 -4.473234 0.000002 22.037338 7.501098 0.000001 -0.000000 0.000000 -4.569965 11.014930 -2.160885 14.732298 4.892481 -22.415115 -55.377722 19.543966 -11.006101 -15.880675 14.922549 -9.531345 -75.746265 5.089596 -2.619008 -2.464804 -1.573960 2.681860 4.317966 2.099915 -11.412831 13.901145 -28.876073 -8.942117 3.263461 -21.457133 -21.983116 0.000003 0.000004 0.000002 -9.108295 -0.517864 2.259844 0.010831 -6.746219 8.585238 1.976129 -0.788220 12.798886 0.941394 -0.852376 11.541964 -0.000005 -0.000003 -0.000001 -9.532508 -0.000042 -0.000020 1.186126 -3.079117 9.533194 -1.077261 -0.797427 9.054381 0.276071 -0.984854 11.510250 -0.000002 0.000002 0.000001 -9.103603 -0.043079 -1.865125 -1.645575 -3.752090 9.056861 -4.650955 -2.294144 19.849163 -2.807913 -1.469998 13.121435 -0.000001 0.000004 -0.000002 -8.076703 -0.486713 -3.806268 -6.761198 -4.579589 9.316143 0.164312 -0.334515 13.307436 -4.518150 -3.229440 17.014167 0.000003 0.000002 -0.000003 4.570448 11.014728 -2.160854 14.877691 -5.652323 19.377930 -59.555787 -17.342566 11.949489 154.466586 -161.452053 175.090192 -72.138723 -10.636690 5.772887 2.466132 -1.576217 2.681732 5.053098 -0.324284 11.996479 13.679234 26.949521 8.589516 2.200285 15.291443 20.936415 0.000007 0.000002 0.000000 9.109295 -0.518051 2.259866 0.085574 7.048918 -9.142534 2.008049 1.084994 -12.705369 0.963287 1.071201 -11.502347 0.000000 0.000001 0.000002 9.533408 0.000035 0.000039 1.222678 3.343282 -10.168417 -1.051724 1.081422 -8.942754 0.298326 1.183129 -11.441172 -0.000000 -0.000001 0.000003 9.104515 -0.043036 -1.865082 -1.589825 4.115167 -9.661848 -4.585152 2.671997 -19.711325 -2.773591 1.726358 -13.055840 -0.000001 0.000005 0.000003 8.077783 -0.486871 -3.806268 -6.650216 5.274366 -9.884221 0.274386 0.666833 -13.197698 -4.366036 3.496910 -16.958012 -0.000000 -0.000001 0.000001 -8.207786 -6.751667 -1.599565 -43.778016 -27.039959 -21.173171 72.416712 -4.364396 -9.953030 -29.162203 2.723732 9.467975 1.226766 0.000003 0.000008 -0.000000 0.000001 -0.000000 8.207791 -6.751713 -1.599556 -40.967625 26.461755 32.039605 77.284970 -9.816422 9.987978 -40.895717 -19.626376 -2.472912 1.348921 0.003415 -0.582313 -0.000000 0.000000 0.000000 
0.191181 83.568703 1.157997 -5.173998 -2.181562 -4.225760 -0.000006 10.181591 0.131522 7.486624 1.380053 6.481893 -4.004939 -0.059513 2.988433 -4.019670 -0.542547 -0.015807 0.000001 16.740408 -2.049041 8.927138 -0.205662 -1.249356 0.000001 9.617896 1.685008 6.784055 -0.450678 -4.473234 0.000002 22.037338 7.501098 0.000001 -0.000000 0.000000 -4.569965 11.014930 -2.160885 14.732298 4.892481 -22.415115 -55.377722 19.543966 -11.006101 -15.880675 14.922549 -9.531345 -75.746265 5.089596 -2.619008 -2.464804 -1.573960 2.681860 4.317966 2.099915 -11.412831 13.901145 -28.876073 -8.942117 3.263461 -21.457133 -21.983116 0.000003 0.000004 0.000002 -9.108295 -0.517864 2.259844 0.010831 -6.746219 8.585238 1.976129 -0.788220 12.798886 0.941394 -0.852376 11.541964 -0.000005 -0.000003 -0.000001 -9.532508 -0.000042 -0.000020 1.186126 -3.079117 9.533194 -1.077261 -0.797427 9.054381 0.276071 -0.984854 11.510250 -0.000002 0.000002 0.000001 -9.103603 -0.043079 -1.865125 -1.645575 -3.752090 9.056861 -4.650955 -2.294144 19.849163 -2.807913 -1.469998 13.121435 -0.000001 0.000004 -0.000002 -8.076703 -0.486713 -3.806268 -6.761198 -4.579589 9.316143 0.164312 -0.334515 13.307436 -4.518150 -3.229440 17.014167 0.000003 0.000002 -0.000003 4.570448 11.014728 -2.160854 14.877691 -5.652323 19.377930 -59.555787 -17.342566 11.949489 154.466586 -161.452053 175.090192 -72.138723 -10.636690 5.772887 2.466132 -1.576217 2.681732 5.053098 -0.324284 11.996479 13.679234 26.949521 8.589516 2.200285 15.291443 20.936415 0.000007 0.000002 0.000000 9.109295 -0.518051 2.259866 0.085574 7.048918 -9.142534 2.008049 1.084994 -12.705369 0.963287 1.071201 -11.502347 0.000000 0.000001 0.000002 9.533408 0.000035 0.000039 1.222678 3.343282 -10.168417 -1.051724 1.081422 -8.942754 0.298326 1.183129 -11.441172 -0.000000 -0.000001 0.000003 9.104515 -0.043036 -1.865082 -1.589825 4.115167 -9.661848 -4.585152 2.671997 -19.711325 -2.773591 1.726358 -13.055840 -0.000001 0.000005 0.000003 8.077783 -0.486871 -3.806268 -6.650216 5.274366 -9.884221 0.274386 0.666833 -13.197698 -4.366036 3.496910 -16.958012 -0.000000 -0.000001 0.000001 -8.207786 -6.751667 -1.599565 -43.778016 -27.039959 -21.173171 72.416712 -4.364396 -9.953030 -29.162203 2.723732 9.467975 1.226766 0.000003 0.000008 -0.000000 0.000001 -0.000000 8.207791 -6.751713 -1.599556 -40.967625 26.461755 32.039605 77.284970 -9.816422 9.987978 -40.895717 -19.626376 -2.472912 1.348921 0.003415 -0.582313 -0.000000 0.000000 0.000000 
0.191181 83.568703 1.157997 -5.173998 -2.181562 -4.225760 -0.000006 10.181591 0.131522 7.486624 1.380053 6.481893 -4.004939 -0.059513 2.988433 -4.019670 -0.542547 -0.015807 0.000001 16.740408 -2.049041 8.927138 -0.205662 -1.249356 0.000001 9.617896 1.685008 6.784055 -0.450678 -4.473234 0.000002 22.037338 7.501098 0.000001 -0.000000 0.000000 -4.569965 11.014930 -2.160885 14.732298 4.892481 -22.415115 -55.377722 19.543966 -11.006101 -15.880675 14.922549 -9.531345 -75.746265 5.089596 -2.619008 -2.464804 -1.573960 2.681860 4.317966 2.099915 -11.412831 13.901145 -28.876073 -8.942117 3.263461 -21.457133 -21.983116 0.000003 0.000004 0.000002 -9.108295 -0.517864 2.259844 0.010831 -6.746219 8.585238 1.976129 -0.788220 12.798886 0.941394 -0.852376 11.541964 -0.000005 -0.000003 -0.000001 -9.532508 -0.000042 -0.000020 1.186126 -3.079117 9.533194 -1.077261 -0.797427 9.054381 0.276071 -0.984854 11.510250 -0.000002 0.000002 0.000001 -9.103603 -0.043079 -1.865125 -1.645575 -3.752090 9.056861 -4.650955 -2.294144 19.849163 -2.807913 -1.469998 13.121435 -0.000001 0.000004 -0.000002 -8.076703 -0.486713 -3.806268 -6.761198 -4.579589 9.316143 0.164312 -0.334515 13.307436 -4.518150 -3.229440 17.014167 0.000003 0.000002 -0.000003 4.570448 11.014728 -2.160854 14.877691 -5.652323 19.377930 -59.555787 -17.342566 11.949489 154.466586 -161.452053 175.090192 -72.138723 -10.636690 5.772887 2.466132 -1.576217 2.681732 5.053098 -0.324284 11.996479 13.679234 26.949521 8.589516 2.200285 15.291443 20.936415 0.000007 0.000002 0.000000 9.109295 -0.518051 2.259866 0.085574 7.048918 -9.142534 2.008049 1.084994 -12.705369 0.963287 1.071201 -11.502347 0.000000 0.000001 0.000002 9.533408 0.000035 0.000039 1.222678 3.343282 -10.168417 -1.051724 1.081422 -8.942754 0.298326 1.183129 -11.441172 -0.000000 -0.000001 0.000003 9.104515 -0.043036 -1.865082 -1.589825 4.115167 -9.661848 -4.585152 2.671997 -19.711325 -2.773591 1.726358 -13.055840 -0.000001 0.000005 0.000003 8.077783 -0.486871 -3.806268 -6.650216 5.274366 -9.884221 0.274386 0.666833 -13.197698 -4.366036 3.496910 -16.958012 -0.000000 -0.000001 0.000001 -8.207786 -6.751667 -1.599565 -43.778016 -27.039959 -21.173171 72.416712 -4.364396 -9.953030 -29.162203 2.723732 9.467975 1.226766 0.000003 0.000008 -0.000000 0.000001 -0.000000 8.207791 -6.751713 -1.599556 -40.967625 26.461755 32.039605 77.284970 -9.816422 9.987978 -40.895717 -19.626376 -2.472912 1.348921 0.003415 -0.582313 -0.000000 0.000000 0.000000 
0.191181 83.568703 1.157997 -5.173998 -2.181562 -4.225760 -0.000006 10.181591 0.131522 7.486624 1.380053 6.481893 -4.004939 -0.059513 2.988433 -4.019670 -0.542547 -0.015807 0.000001 16.740408 -2.049041 8.927138 -0.205662 -1.249356 0.000001 9.617896 1.685008 6.784055 -0.450678 -4.473234 0.000002 22.037338 7.501098 0.000001 -0.000000 0.000000 -4.569965 11.014930 -2.160885 14.732298 4.892481 -22.415115 -55.377722 19.543966 -11.006101 -15.880675 14.922549 -9.531345 -75.746265 5.089596 -2.619008 -2.464804 -1.573960 2.681860 4.317966 2.099915 -11.412831 13.901145 -28.876073 -8.942117 3.263461 -21.457133 -21.983116 0.000003 0.000004 0.000002 -9.108295 -0.517864 2.259844 0.010831 -6.746219 8.585238 1.976129 -0.788220 12.798886 0.941394 -0.852376 11.541964 -0.000005 -0.000003 -0.000001 -9.532508 -0.000042 -0.000020 1.186126 -3.079117 9.533194 -1.077261 -0.797427 9.054381 0.276071 -0.984854 11.510250 -0.000002 0.000002 0.000001 -9.103603 -0.043079 -1.865125 -1.645575 -3.752090 9.056861 -4.650955 -2.294144 19.849163 -2.807913 -1.469998 13.121435 -0.000001 0.000004 -0.000002 -8.076703 -0.486713 -3.806268 -6.761198 -4.579589 9.316143 0.164312 -0.334515 13.307436 -4.518150 -3.229440 17.014167 0.000003 0.000002 -0.000003 4.570448 11.014728 -2.160854 14.877691 -5.652323 19.377930 -59.555787 -17.342566 11.949489 154.466586 -161.452053 175.090192 -72.138723 -10.636690 5.772887 2.466132 -1.576217 2.681732 5.053098 -0.324284 11.996479 13.679234 26.949521 8.589516 2.200285 15.291443 20.936415 0.000007 0.000002 0.000000 9.109295 -0.518051 2.259866 0.085574 7.048918 -9.142534 2.008049 1.084994 -12.705369 0.963287 1.071201 -11.502347 0.000000 0.000001 0.000002 9.533408 0.000035 0.000039 1.222678 3.343282 -10.168417 -1.051724 1.081422 -8.942754 0.298326 1.183129 -11.441172 -0.000000 -0.000001 0.000003 9.104515 -0.043036 -1.865082 -1.589825 4.115167 -9.661848 -4.585152 2.671997 -19.711325 -2.773591 1.726358 -13.055840 -0.000001 0.000005 0.000003 8.077783 -0.486871 -3.806268 -6.650216 5.274366 -9.884221 0.274386 0.666833 -13.197698 -4.366036 3.496910 -16.958012 -0.000000 -0.000001 0.000001 -8.207786 -6.751667 -1.599565 -43.778016 -27.039959 -21.173171 72.416712 -4.364396 -9.953030 -29.162203 2.723732 9.467975 1.226766 0.000003 0.000008 -0.000000 0.000001 -0.000000 8.207791 -6.751713 -1.599556 -40.967625 26.461755 32.039605 77.284970 -9.816422 9.987978 -40.895717 -19.626376 -2.472912 1.348921 0.003415 -0.582313 -0.000000 0.000000 0.000000 
0.191181 83.568703 1.157997 -5.173998 -2.181562 -4.225760 -0.000006 10.181591 0.131522 7.486624 1.380053 6.481893 -4.004939 -0.059513 2.988433 -4.019670 -0.542547 -0.015807 0.000001 16.740408 -2.049041 8.927138 -0.205662 -1.249356 0.000001 9.617896 1.685008 6.784055 -0.450678 -4.473234 0.000002 22.037338 7.501098 0.000001 -0.000000 0.000000 -4.569965 11.014930 -2.160885 14.732298 4.892481 -22.415115 -55.377722 19.543966 -11.006101 -15.880675 14.922549 -9.531345 -75.746265 5.089596 -2.619008 -2.464804 -1.573960 2.681860 4.317966 2.099915 -11.412831 13.901145 -28.876073 -8.942117 3.263461 -21.457133 -21.983116 0.000003 0.000004 0.000002 -9.108295 -0.517864 2.259844 0.010831 -6.746219 8.585238 1.976129 -0.788220 12.798886 0.941394 -0.852376 11.541964 -0.000005 -0.000003 -0.000001 -9.532508 -0.000042 -0.000020 1.186126 -3.079117 9.533194 -1.077261 -0.797427 9.054381 0.276071 -0.984854 11.510250 -0.000002 0.000002 0.000001 -9.103603 -0.043079 -1.865125 -1.645575 -3.752090 9.056861 -4.650955 -2.294144 19.849163 -2.807913 -1.469998 13.121435 -0.000001 0.000004 -0.000002 -8.076703 -0.486713 -3.806268 -6.761198 -4.579589 9.316143 0.164312 -0.334515 13.307436 -4.518150 -3.229440 17.014167 0.000003 0.000002 -0.000003 4.570448 11.014728 -2.160854 14.877691 -5.652323 19.377930 -59.555787 -17.342566 11.949489 154.466586 -161.452053 175.090192 -72.138723 -10.636690 5.772887 2.466132 -1.576217 2.681732 5.053098 -0.324284 11.996479 13.679234 26.949521 8.589516 2.200285 15.291443 20.936415 0.000007 0.000002 0.000000 9.109295 -0.518051 2.259866 0.085574 7.048918 -9.142534 2.008049 1.084994 -12.705369 0.963287 1.071201 -11.502347 0.000000 0.000001 0.000002 9.533408 0.000035 0.000039 1.222678 3.343282 -10.168417 -1.051724 1.081422 -8.942754 0.298326 1.183129 -11.441172 -0.000000 -0.000001 0.000003 9.104515 -0.043036 -1.865082 -1.589825 4.115167 -9.661848 -4.585152 2.671997 -19.711325 -2.773591 1.726358 -13.055840 -0.000001 0.000005 0.000003 8.077783 -0.486871 -3.806268 -6.650216 5.274366 -9.884221 0.274386 0.666833 -13.197698 -4.366036 3.496910 -16.958012 -0.000000 -0.000001 0.000001 -8.207786 -6.751667 -1.599565 -43.778016 -27.039959 -21.173171 72.416712 -4.364396 -9.953030 -29.162203 2.723732 9.467975 1.226766 0.000003 0.000008 -0.000000 0.000001 -0.000000 8.207791 -6.751713 -1.599556 -40.967625 26.461755 32.039605 77.284970 -9.816422 9.987978 -40.895717 -19.626376 -2.472912 1.348921 0.003415 -0.582313 -0.000000 0.000000 0.000000 
0.191181 83.568703 1.157997 -5.173998 -2.181562 -4.225760 -0.000006 10.181591 0.131522 7.486624 1.380053 6.481893 -4.004939 -0.059513 2.988433 -4.019670 -0.542547 -0.015807 0.000001 16.740408 -2.049041 8.927138 -0.205662 -1.249356 0.000001 9.617896 1.685008 6.784055 -0.450678 -4.473234 0.000002 22.037338 7.501098 0.000001 -0.000000 0.000000 -4.569965 11.014930 -2.160885 14.732298 4.892481 -22.415115 -55.377722 19.543966 -11.006101 -15.880675 14.922549 -9.531345 -75.746265 5.089596 -2.619008 -2.464804 -1.573960 2.681860 4.317966 2.099915 -11.412831 13.901145 -28.876073 -8.942117 3.263461 -21.457133 -21.983116 0.000003 0.000004 0.000002 -9.108295 -0.517864 2.259844 0.010831 -6.746219 8.585238 1.976129 -0.788220 12.798886 0.941394 -0.852376 11.541964 -0.000005 -0.000003 -0.000001 -9.532508 -0.000042 -0.000020 1.186126 -3.079117 9.533194 -1.077261 -0.797427 9.054381 0.276071 -0.984854 11.510250 -0.000002 0.000002 0.000001 -9.103603 -0.043079 -1.865125 -1.645575 -3.752090 9.056861 -4.650955 -2.294144 19.849163 -2.807913 -1.469998 13.121435 -0.000001 0.000004 -0.000002 -8.076703 -0.486713 -3.806268 -6.761198 -4.579589 9.316143 0.164312 -0.334515 13.307436 -4.518150 -3.229440 17.014167 0.000003 0.000002 -0.000003 4.570448 11.014728 -2.160854 14.877691 -5.652323 19.377930 -59.555787 -17.342566 11.949489 154.466586 -161.452053 175.090192 -72.138723 -10.636690 5.772887 2.466132 -1.576217 2.681732 5.053098 -0.324284 11.996479 13.679234 26.949521 8.589516 2.200285 15.291443 20.936415 0.000007 0.000002 0.000000 9.109295 -0.518051 2.259866 0.085574 7.048918 -9.142534 2.008049 1.084994 -12.705369 0.963287 1.071201 -11.502347 0.000000 0.000001 0.000002 9.533408 0.000035 0.000039 1.222678 3.343282 -10.168417 -1.051724 1.081422 -8.942754 0.298326 1.183129 -11.441172 -0.000000 -0.000001 0.000003 9.104515 -0.043036 -1.865082 -1.589825 4.115167 -9.661848 -4.585152 2.671997 -19.711325 -2.773591 1.726358 -13.055840 -0.000001 0.000005 0.000003 8.077783 -0.486871 -3.806268 -6.650216 5.274366 -9.884221 0.274386 0.666833 -13.197698 -4.366036 3.496910 -16.958012 -0.000000 -0.000001 0.000001 -8.207786 -6.751667 -1.599565 -43.778016 -27.039959 -21.173171 72.416712 -4.364396 -9.953030 -29.162203 2.723732 9.467975 1.226766 0.000003 0.000008 -0.000000 0.000001 -0.000000 8.207791 -6.751713 -1.599556 -40.967625 26.461755 32.039605 77.284970 -9.816422 9.987978 -40.895717 -19.626376 -2.472912 1.348921 0.003415 -0.582313 -0.000000 0.000000 0.000000 
0.191181 83.568703 1.157997 -5.173998 -2.181562 -4.225760 -0.000006 10.181591 0.131522 7.486624 1.380053 6.481893 -4.004939 -0.059513 2.988433 -4.019670 -0.542547 -0.015807 0.000001 16.740408 -2.049041 8.927138 -0.205662 -1.249356 0.000001 9.617896 1.685008 6.784055 -0.450678 -4.473234 0.000002 22.037338 7.501098 0.000001 -0.000000 0.000000 -4.569965 11.014930 -2.160885 14.732298 4.892481 -22.415115 -55.377722 19.543966 -11.006101 -15.880675 14.922549 -9.531345 -75.746265 5.089596 -2.619008 -2.464804 -1.573960 2.681860 4.317966 2.099915 -11.412831 13.901145 -28.876073 -8.942117 3.263461 -21.457133 -21.983116 0.000003 0.000004 0.000002 -9.108295 -0.517864 2.259844 0.010831 -6.746219 8.585238 1.976129 -0.788220 12.798886 0.941394 -0.852376 11.541964 -0.000005 -0.000003 -0.000001 -9.532508 -0.000042 -0.000020 1.186126 -3.079117 9.533194 -1.077261 -0.797427 9.054381 0.276071 -0.984854 11.510250 -0.000002 0.000002 0.000001 -9.103603 -0.043079 -1.865125 -1.645575 -3.752090 9.056861 -4.650955 -2.294144 19.849163 -2.807913 -1.469998 13.121435 -0.000001 0.000004 -0.000002 -8.076703 -0.486713 -3.806268 -6.761198 -4.579589 9.316143 0.164312 -0.334515 13.307436 -4.518150 -3.229440 17.014167 0.000003 0.000002 -0.000003 4.570448 11.014728 -2.160854 14.877691 -5.652323 19.377930 -59.555787 -17.342566 11.949489 154.466586 -161.452053 175.090192 -72.138723 -10.636690 5.772887 2.466132 -1.576217 2.681732 5.053098 -0.324284 11.996479 13.679234 26.949521 8.589516 2.200285 15.291443 20.936415 0.000007 0.000002 0.000000 9.109295 -0.518051 2.259866 0.085574 7.048918 -9.142534 2.008049 1.084994 -12.705369 0.963287 1.071201 -11.502347 0.000000 0.000001 0.000002 9.533408 0.000035 0.000039 1.222678 3.343282 -10.168417 -1.051724 1.081422 -8.942754 0.298326 1.183129 -11.441172 -0.000000 -0.000001 0.000003 9.104515 -0.043036 -1.865082 -1.589825 4.115167 -9.661848 -4.585152 2.671997 -19.711325 -2.773591 1.726358 -13.055840 -0.000001 0.000005 0.000003 8.077783 -0.486871 -3.806268 -6.650216 5.274366 -9.884221 0.274386 0.666833 -13.197698 -4.366036 3.496910 -16.958012 -0.000000 -0.000001 0.000001 -8.207786 -6.751667 -1.599565 -43.778016 -27.039959 -21.173171 72.416712 -4.364396 -9.953030 -29.162203 2.723732 9.467975 1.226766 0.000003 0.000008 -0.000000 0.000001 -0.000000 8.207791 -6.751713 -1.599556 -40.967625 26.461755 32.039605 77.284970 -9.816422 9.987978 -40.895717 -19.626376 -2.472912 1.348921 0.003415 -0.582313 -0.000000 0.000000 0.000000 
0.191181 83.568703 1.157997 -5.173998 -2.181562 -4.225760 -0.000006 10.181591 0.131522 7.486624 1.380053 6.481893 -4.004939 -0.059513 2.988433 -4.019670 -0.542547 -0.015807 0.000001 16.740408 -2.049041 8.927138 -0.205662 -1.249356 0.000001 9.617896 1.685008 6.784055 -0.450678 -4.473234 0.000002 22.037338 7.501098 0.000001 -0.000000 0.000000 -4.569965 11.014930 -2.160885 14.732298 4.892481 -22.415115 -55.377722 19.543966 -11.006101 -15.880675 14.922549 -9.531345 -75.746265 5.089596 -2.619008 -2.464804 -1.573960 2.681860 4.317966 2.099915 -11.412831 13.901145 -28.876073 -8.942117 3.263461 -21.457133 -21.983116 0.000003 0.000004 0.000002 -9.108295 -0.517864 2.259844 0.010831 -6.746219 8.585238 1.976129 -0.788220 12.798886 0.941394 -0.852376 11.541964 -0.000005 -0.000003 -0.000001 -9.532508 -0.000042 -0.000020 1.186126 -3.079117 9.533194 -1.077261 -0.797427 9.054381 0.276071 -0.984854 11.510250 -0.000002 0.000002 0.000001 -9.103603 -0.043079 -1.865125 -1.645575 -3.752090 9.056861 -4.650955 -2.294144 19.849163 -2.807913 -1.469998 13.121435 -0.000001 0.000004 -0.000002 -8.076703 -0.486713 -3.806268 -6.761198 -4.579589 9.316143 0.164312 -0.334515 13.307436 -4.518150 -3.229440 17.014167 0.000003 0.000002 -0.000003 4.570448 11.014728 -2.160854 14.877691 -5.652323 19.377930 -59.555787 -17.342566 11.949489 154.466586 -161.452053 175.090192 -72.138723 -10.636690 5.772887 2.466132 -1.576217 2.681732 5.053098 -0.324284 11.996479 13.679234 26.949521 8.589516 2.200285 15.291443 20.936415 0.000007 0.000002 0.000000 9.109295 -0.518051 2.259866 0.085574 7.048918 -9.142534 2.008049 1.084994 -12.705369 0.963287 1.071201 -11.502347 0.000000 0.000001 0.000002 9.533408 0.000035 0.000039 1.222678 3.343282 -10.168417 -1.051724 1.081422 -8.942754 0.298326 1.183129 -11.441172 -0.000000 -0.000001 0.000003 9.104515 -0.043036 -1.865082 -1.589825 4.115167 -9.661848 -4.585152 2.671997 -19.711325 -2.773591 1.726358 -13.055840 -0.000001 0.000005 0.000003 8.077783 -0.486871 -3.806268 -6.650216 5.274366 -9.884221 0.274386 0.666833 -13.197698 -4.366036 3.496910 -16.958012 -0.000000 -0.000001 0.000001 -8.207786 -6.751667 -1.599565 -43.778016 -27.039959 -21.173171 72.416712 -4.364396 -9.953030 -29.162203 2.723732 9.467975 1.226766 0.000003 0.000008 -0.000000 0.000001 -0.000000 8.207791 -6.751713 -1.599556 -40.967625 26.461755 32.039605 77.284970 -9.816422 9.987978 -40.895717 -19.626376 -2.472912 1.348921 0.003415 -0.582313 -0.000000 0.000000 0.000000 
0.191181 83.568703 1.157997 -5.173998 -2.181562 -4.225760 -0.000006 10.181591 0.131522 7.486624 1.380053 6.481893 -4.004939 -0.059513 2.988433 -4.019670 -0.542547 -0.015807 0.000001 16.740408 -2.049041 8.927138 -0.205662 -1.249356 0.000001 9.617896 1.685008 6.784055 -0.450678 -4.473234 0.000002 22.037338 7.501098 0.000001 -0.000000 0.000000 -4.569965 11.014930 -2.160885 14.732298 4.892481 -22.415115 -55.377722 19.543966 -11.006101 -15.880675 14.922549 -9.531345 -75.746265 5.089596 -2.619008 -2.464804 -1.573960 2.681860 4.317966 2.099915 -11.412831 13.901145 -28.876073 -8.942117 3.263461 -21.457133 -21.983116 0.000003 0.000004 0.000002 -9.108295 -0.517864 2.259844 0.010831 -6.746219 8.585238 1.976129 -0.788220 12.798886 0.941394 -0.852376 11.541964 -0.000005 -0.000003 -0.000001 -9.532508 -0.000042 -0.000020 1.186126 -3.079117 9.533194 -1.077261 -0.797427 9.054381 0.276071 -0.984854 11.510250 -0.000002 0.000002 0.000001 -9.103603 -0.043079 -1.865125 -1.645575 -3.752090 9.056861 -4.650955 -2.294144 19.849163 -2.807913 -1.469998 13.121435 -0.000001 0.000004 -0.000002 -8.076703 -0.486713 -3.806268 -6.761198 -4.579589 9.316143 0.164312 -0.334515 13.307436 -4.518150 -3.229440 17.014167 0.000003 0.000002 -0.000003 4.570448 11.014728 -2.160854 14.877691 -5.652323 19.377930 -59.555787 -17.342566 11.949489 154.466586 -161.452053 175.090192 -72.138723 -10.636690 5.772887 2.466132 -1.576217 2.681732 5.053098 -0.324284 11.996479 13.679234 26.949521 8.589516 2.200285 15.291443 20.936415 0.000007 0.000002 0.000000 9.109295 -0.518051 2.259866 0.085574 7.048918 -9.142534 2.008049 1.084994 -12.705369 0.963287 1.071201 -11.502347 0.000000 0.000001 0.000002 9.533408 0.000035 0.000039 1.222678 3.343282 -10.168417 -1.051724 1.081422 -8.942754 0.298326 1.183129 -11.441172 -0.000000 -0.000001 0.000003 9.104515 -0.043036 -1.865082 -1.589825 4.115167 -9.661848 -4.585152 2.671997 -19.711325 -2.773591 1.726358 -13.055840 -0.000001 0.000005 0.000003 8.077783 -0.486871 -3.806268 -6.650216 5.274366 -9.884221 0.274386 0.666833 -13.197698 -4.366036 3.496910 -16.958012 -0.000000 -0.000001 0.000001 -8.207786 -6.751667 -1.599565 -43.778016 -27.039959 -21.173171 72.416712 -4.364396 -9.953030 -29.162203 2.723732 9.467975 1.226766 0.000003 0.000008 -0.000000 0.000001 -0.000000 8.207791 -6.751713 -1.599556 -40.967625 26.461755 32.039605 77.284970 -9.816422 9.987978 -40.895717 -19.626376 -2.472912 1.348921 0.003415 -0.582313 -0.000000 0.000000 0.000000 
0.191181 83.568703 1.157997 -5.173998 -2.181562 -4.225760 -0.000006 10.181591 0.131522 7.486624 1.380053 6.481893 -4.004939 -0.059513 2.988433 -4.019670 -0.542547 -0.015807 0.000001 16.740408 -2.049041 8.927138 -0.205662 -1.249356 0.000001 9.617896 1.685008 6.784055 -0.450678 -4.473234 0.000002 22.037338 7.501098 0.000001 -0.000000 0.000000 -4.569965 11.014930 -2.160885 14.732298 4.892481 -22.415115 -55.377722 19.543966 -11.006101 -15.880675 14.922549 -9.531345 -75.746265 5.089596 -2.619008 -2.464804 -1.573960 2.681860 4.317966 2.099915 -11.412831 13.901145 -28.876073 -8.942117 3.263461 -21.457133 -21.983116 0.000003 0.000004 0.000002 -9.108295 -0.517864 2.259844 0.010831 -6.746219 8.585238 1.976129 -0.788220 12.798886 0.941394 -0.852376 11.541964 -0.000005 -0.000003 -0.000001 -9.532508 -0.000042 -0.000020 1.186126 -3.079117 9.533194 -1.077261 -0.797427 9.054381 0.276071 -0.984854 11.510250 -0.000002 0.000002 0.000001 -9.103603 -0.043079 -1.865125 -1.645575 -3.752090 9.056861 -4.650955 -2.294144 19.849163 -2.807913 -1.469998 13.121435 -0.000001 0.000004 -0.000002 -8.076703 -0.486713 -3.806268 -6.761198 -4.579589 9.316143 0.164312 -0.334515 13.307436 -4.518150 -3.229440 17.014167 0.000003 0.000002 -0.000003 4.570448 11.014728 -2.160854 14.877691 -5.652323 19.377930 -59.555787 -17.342566 11.949489 154.466586 -161.452053 175.090192 -72.138723 -10.636690 5.772887 2.466132 -1.576217 2.681732 5.053098 -0.324284 11.996479 13.679234 26.949521 8.589516 2.200285 15.291443 20.936415 0.000007 0.000002 0.000000 9.109295 -0.518051 2.259866 0.085574 7.048918 -9.142534 2.008049 1.084994 -12.705369 0.963287 1.071201 -11.502347 0.000000 0.000001 0.000002 9.533408 0.000035 0.000039 1.222678 3.343282 -10.168417 -1.051724 1.081422 -8.942754 0.298326 1.183129 -11.441172 -0.000000 -0.000001 0.000003 9.104515 -0.043036 -1.865082 -1.589825 4.115167 -9.661848 -4.585152 2.671997 -19.711325 -2.773591 1.726358 -13.055840 -0.000001 0.000005 0.000003 8.077783 -0.486871 -3.806268 -6.650216 5.274366 -9.884221 0.274386 0.666833 -13.197698 -4.366036 3.496910 -16.958012 -0.000000 -0.000001 0.000001 -8.207786 -6.751667 -1.599565 -43.778016 -27.039959 -21.173171 72.416712 -4.364396 -9.953030 -29.162203 2.723732 9.467975 1.226766 0.000003 0.000008 -0.000000 0.000001 -0.000000 8.207791 -6.751713 -1.599556 -40.967625 26.461755 32.039605 77.284970 -9.816422 9.987978 -40.895717 -19.626376 -2.472912 1.348921 0.003415 -0.582313 -0.000000 0.000000 0.000000 
0.191181 83.568703 1.157997 -5.173998 -2.181562 -4.225760 -0.000006 10.181591 0.131522 7.486624 1.380053 6.481893 -4.004939 -0.059513 2.988433 -4.019670 -0.542547 -0.015807 0.000001 16.740408 -2.049041 8.927138 -0.205662 -1.249356 0.000001 9.617896 1.685008 6.784055 -0.450678 -4.473234 0.000002 22.037338 7.501098 0.000001 -0.000000 0.000000 -4.569965 11.014930 -2.160885 14.732298 4.892481 -22.415115 -55.377722 19.543966 -11.006101 -15.880675 14.922549 -9.531345 -75.746265 5.089596 -2.619008 -2.464804 -1.573960 2.681860 4.317966 2.099915 -11.412831 13.901145 -28.876073 -8.942117 3.263461 -21.457133 -21.983116 0.000003 0.000004 0.000002 -9.108295 -0.517864 2.259844 0.010831 -6.746219 8.585238 1.976129 -0.788220 12.798886 0.941394 -0.852376 11.541964 -0.000005 -0.000003 -0.000001 -9.532508 -0.000042 -0.000020 1.186126 -3.079117 9.533194 -1.077261 -0.797427 9.054381 0.276071 -0.984854 11.510250 -0.000002 0.000002 0.000001 -9.103603 -0.043079 -1.865125 -1.645575 -3.752090 9.056861 -4.650955 -2.294144 19.849163 -2.807913 -1.469998 13.121435 -0.000001 0.000004 -0.000002 -8.076703 -0.486713 -3.806268 -6.761198 -4.579589 9.316143 0.164312 -0.334515 13.307436 -4.518150 -3.229440 17.014167 0.000003 0.000002 -0.000003 4.570448 11.014728 -2.160854 14.877691 -5.652323 19.377930 -59.555787 -17.342566 11.949489 154.466586 -161.452053 175.090192 -72.138723 -10.636690 5.772887 2.466132 -1.576217 2.681732 5.053098 -0.324284 11.996479 13.679234 26.949521 8.589516 2.200285 15.291443 20.936415 0.000007 0.000002 0.000000 9.109295 -0.518051 2.259866 0.085574 7.048918 -9.142534 2.008049 1.084994 -12.705369 0.963287 1.071201 -11.502347 0.000000 0.000001 0.000002 9.533408 0.000035 0.000039 1.222678 3.343282 -10.168417 -1.051724 1.081422 -8.942754 0.298326 1.183129 -11.441172 -0.000000 -0.000001 0.000003 9.104515 -0.043036 -1.865082 -1.589825 4.115167 -9.661848 -4.585152 2.671997 -19.711325 -2.773591 1.726358 -13.055840 -0.000001 0.000005 0.000003 8.077783 -0.486871 -3.806268 -6.650216 5.274366 -9.884221 0.274386 0.666833 -13.197698 -4.366036 3.496910 -16.958012 -0.000000 -0.000001 0.000001 -8.207786 -6.751667 -1.599565 -43.778016 -27.039959 -21.173171 72.416712 -4.364396 -9.953030 -29.162203 2.723732 9.467975 1.226766 0.000003 0.000008 -0.000000 0.000001 -0.000000 8.207791 -6.751713 -1.599556 -40.967625 26.461755 32.039605 77.284970 -9.816422 9.987978 -40.895717 -19.626376 -2.472912 1.348921 0.003415 -0.582313 -0.000000 0.000000 0.000000 
0.191181 83.568703 1.157997 -5.173998 -2.181562 -4.225760 -0.000006 10.181591 0.131522 7.486624 1.380053 6.481893 -4.004939 -0.059513 2.988433 -4.019670 -0.542547 -0.015807 0.000001 16.740408 -2.049041 8.927138 -0.205662 -1.249356 0.000001 9.617896 1.685008 6.784055 -0.450678 -4.473234 0.000002 22.037338 7.501098 0.000001 -0.000000 0.000000 -4.569965 11.014930 -2.160885 14.732298 4.892481 -22.415115 -55.377722 19.543966 -11.006101 -15.880675 14.922549 -9.531345 -75.746265 5.089596 -2.619008 -2.464804 -1.573960 2.681860 4.317966 2.099915 -11.412831 13.901145 -28.876073 -8.942117 3.263461 -21.457133 -21.983116 0.000003 0.000004 0.000002 -9.108295 -0.517864 2.259844 0.010831 -6.746219 8.585238 1.976129 -0.788220 12.798886 0.941394 -0.852376 11.541964 -0.000005 -0.000003 -0.000001 -9.532508 -0.000042 -0.000020 1.186126 -3.079117 9.533194 -1.077261 -0.797427 9.054381 0.276071 -0.984854 11.510250 -0.000002 0.000002 0.000001 -9.103603 -0.043079 -1.865125 -1.645575 -3.752090 9.056861 -4.650955 -2.294144 19.849163 -2.807913 -1.469998 13.121435 -0.000001 0.000004 -0.000002 -8.076703 -0.486713 -3.806268 -6.761198 -4.579589 9.316143 0.164312 -0.334515 13.307436 -4.518150 -3.229440 17.014167 0.000003 0.000002 -0.000003 4.570448 11.014728 -2.160854 14.877691 -5.652323 19.377930 -59.555787 -17.342566 11.949489 154.466586 -161.452053 175.090192 -72.138723 -10.636690 5.772887 2.466132 -1.576217 2.681732 5.053098 -0.324284 11.996479 13.679234 26.949521 8.589516 2.200285 15.291443 20.936415 0.000007 0.000002 0.000000 9.109295 -0.518051 2.259866 0.085574 7.048918 -9.142534 2.008049 1.084994 -12.705369 0.963287 1.071201 -11.502347 0.000000 0.000001 0.000002 9.533408 0.000035 0.000039 1.222678 3.343282 -10.168417 -1.051724 1.081422 -8.942754 0.298326 1.183129 -11.441172 -0.000000 -0.000001 0.000003 9.104515 -0.043036 -1.865082 -1.589825 4.115167 -9.661848 -4.585152 2.671997 -19.711325 -2.773591 1.726358 -13.055840 -0.000001 0.000005 0.000003 8.077783 -0.486871 -3.806268 -6.650216 5.274366 -9.884221 0.274386 0.666833 -13.197698 -4.366036 3.496910 -16.958012 -0.000000 -0.000001 0.000001 -8.207786 -6.751667 -1.599565 -43.778016 -27.039959 -21.173171 72.416712 -4.364396 -9.953030 -29.162203 2.723732 9.467975 1.226766 0.000003 0.000008 -0.000000 0.000001 -0.000000 8.207791 -6.751713 -1.599556 -40.967625 26.461755 32.039605 77.284970 -9.816422 9.987978 -40.895717 -19.626376 -2.472912 1.348921 0.003415 -0.582313 -0.000000 0.000000 0.000000 
0.191181 83.568703 1.157997 -5.173998 -2.181562 -4.225760 -0.000006 10.181591 0.131522 7.486624 1.380053 6.481893 -4.004939 -0.059513 2.988433 -4.019670 -0.542547 -0.015807 0.000001 16.740408 -2.049041 8.927138 -0.205662 -1.249356 0.000001 9.617896 1.685008 6.784055 -0.450678 -4.473234 0.000002 22.037338 7.501098 0.000001 -0.000000 0.000000 -4.569965 11.014930 -2.160885 14.732298 4.892481 -22.415115 -55.377722 19.543966 -11.006101 -15.880675 14.922549 -9.531345 -75.746265 5.089596 -2.619008 -2.464804 -1.573960 2.681860 4.317966 2.099915 -11.412831 13.901145 -28.876073 -8.942117 3.263461 -21.457133 -21.983116 0.000003 0.000004 0.000002 -9.108295 -0.517864 2.259844 0.010831 -6.746219 8.585238 1.976129 -0.788220 12.798886 0.941394 -0.852376 11.541964 -0.000005 -0.000003 -0.000001 -9.532508 -0.000042 -0.000020 1.186126 -3.079117 9.533194 -1.077261 -0.797427 9.054381 0.276071 -0.984854 11.510250 -0.000002 0.000002 0.000001 -9.103603 -0.043079 -1.865125 -1.645575 -3.752090 9.056861 -4.650955 -2.294144 19.849163 -2.807913 -1.469998 13.121435 -0.000001 0.000004 -0.000002 -8.076703 -0.486713 -3.806268 -6.761198 -4.579589 9.316143 0.164312 -0.334515 13.307436 -4.518150 -3.229440 17.014167 0.000003 0.000002 -0.000003 4.570448 11.014728 -2.160854 14.877691 -5.652323 19.377930 -59.555787 -17.342566 11.949489 154.466586 -161.452053 175.090192 -72.138723 -10.636690 5.772887 2.466132 -1.576217 2.681732 5.053098 -0.324284 11.996479 13.679234 26.949521 8.589516 2.200285 15.291443 20.936415 0.000007 0.000002 0.000000 9.109295 -0.518051 2.259866 0.085574 7.048918 -9.142534 2.008049 1.084994 -12.705369 0.963287 1.071201 -11.502347 0.000000 0.000001 0.000002 9.533408 0.000035 0.000039 1.222678 3.343282 -10.168417 -1.051724 1.081422 -8.942754 0.298326 1.183129 -11.441172 -0.000000 -0.000001 0.000003 9.104515 -0.043036 -1.865082 -1.589825 4.115167 -9.661848 -4.585152 2.671997 -19.711325 -2.773591 1.726358 -13.055840 -0.000001 0.000005 0.000003 8.077783 -0.486871 -3.806268 -6.650216 5.274366 -9.884221 0.274386 0.666833 -13.197698 -4.366036 3.496910 -16.958012 -0.000000 -0.000001 0.000001 -8.207786 -6.751667 -1.599565 -43.778016 -27.039959 -21.173171 72.416712 -4.364396 -9.953030 -29.162203 2.723732 9.467975 1.226766 0.000003 0.000008 -0.000000 0.000001 -0.000000 8.207791 -6.751713 -1.599556 -40.967625 26.461755 32.039605 77.284970 -9.816422 9.987978 -40.895717 -19.626376 -2.472912 1.348921 0.003415 -0.582313 -0.000000 0.000000 0.000000 
0.191181 83.568703 1.157997 -5.173998 -2.181562 -4.225760 -0.000006 10.181591 0.131522 7.486624 1.380053 6.481893 -4.004939 -0.059513 2.988433 -4.019670 -0.542547 -0.015807 0.000001 16.740408 -2.049041 8.927138 -0.205662 -1.249356 0.000001 9.617896 1.685008 6.784055 -0.450678 -4.473234 0.000002 22.037338 7.501098 0.000001 -0.000000 0.000000 -4.569965 11.014930 -2.160885 14.732298 4.892481 -22.415115 -55.377722 19.543966 -11.006101 -15.880675 14.922549 -9.531345 -75.746265 5.089596 -2.619008 -2.464804 -1.573960 2.681860 4.317966 2.099915 -11.412831 13.901145 -28.876073 -8.942117 3.263461 -21.457133 -21.983116 0.000003 0.000004 0.000002 -9.108295 -0.517864 2.259844 0.010831 -6.746219 8.585238 1.976129 -0.788220 12.798886 0.941394 -0.852376 11.541964 -0.000005 -0.000003 -0.000001 -9.532508 -0.000042 -0.000020 1.186126 -3.079117 9.533194 -1.077261 -0.797427 9.054381 0.276071 -0.984854 11.510250 -0.000002 0.000002 0.000001 -9.103603 -0.043079 -1.865125 -1.645575 -3.752090 9.056861 -4.650955 -2.294144 19.849163 -2.807913 -1.469998 13.121435 -0.000001 0.000004 -0.000002 -8.076703 -0.486713 -3.806268 -6.761198 -4.579589 9.316143 0.164312 -0.334515 13.307436 -4.518150 -3.229440 17.014167 0.000003 0.000002 -0.000003 4.570448 11.014728 -2.160854 14.877691 -5.652323 19.377930 -59.555787 -17.342566 11.949489 154.466586 -161.452053 175.090192 -72.138723 -10.636690 5.772887 2.466132 -1.576217 2.681732 5.053098 -0.324284 11.996479 13.679234 26.949521 8.589516 2.200285 15.291443 20.936415 0.000007 0.000002 0.000000 9.109295 -0.518051 2.259866 0.085574 7.048918 -9.142534 2.008049 1.084994 -12.705369 0.963287 1.071201 -11.502347 0.000000 0.000001 0.000002 9.533408 0.000035 0.000039 1.222678 3.343282 -10.168417 -1.051724 1.081422 -8.942754 0.298326 1.183129 -11.441172 -0.000000 -0.000001 0.000003 9.104515 -0.043036 -1.865082 -1.589825 4.115167 -9.661848 -4.585152 2.671997 -19.711325 -2.773591 1.726358 -13.055840 -0.000001 0.000005 0.000003 8.077783 -0.486871 -3.806268 -6.650216 5.274366 -9.884221 0.274386 0.666833 -13.197698 -4.366036 3.496910 -16.958012 -0.000000 -0.000001 0.000001 -8.207786 -6.751667 -1.599565 -43.778016 -27.039959 -21.173171 72.416712 -4.364396 -9.953030 -29.162203 2.723732 9.467975 1.226766 0.000003 0.000008 -0.000000 0.000001 -0.000000 8.207791 -6.751713 -1.599556 -40.967625 26.461755 32.039605 77.284970 -9.816422 9.987978 -40.895717 -19.626376 -2.472912 1.348921 0.003415 -0.582313 -0.000000 0.000000 0.000000 
0.191181 83.568703 1.157997 -5.173998 -2.181562 -4.225760 -0.000006 10.181591 0.131522 7.486624 1.380053 6.481893 -4.004939 -0.059513 2.988433 -4.019670 -0.542547 -0.015807 0.000001 16.740408 -2.049041 8.927138 -0.205662 -1.249356 0.000001 9.617896 1.685008 6.784055 -0.450678 -4.473234 0.000002 22.037338 7.501098 0.000001 -0.000000 0.000000 -4.569965 11.014930 -2.160885 14.732298 4.892481 -22.415115 -55.377722 19.543966 -11.006101 -15.880675 14.922549 -9.531345 -75.746265 5.089596 -2.619008 -2.464804 -1.573960 2.681860 4.317966 2.099915 -11.412831 13.901145 -28.876073 -8.942117 3.263461 -21.457133 -21.983116 0.000003 0.000004 0.000002 -9.108295 -0.517864 2.259844 0.010831 -6.746219 8.585238 1.976129 -0.788220 12.798886 0.941394 -0.852376 11.541964 -0.000005 -0.000003 -0.000001 -9.532508 -0.000042 -0.000020 1.186126 -3.079117 9.533194 -1.077261 -0.797427 9.054381 0.276071 -0.984854 11.510250 -0.000002 0.000002 0.000001 -9.103603 -0.043079 -1.865125 -1.645575 -3.752090 9.056861 -4.650955 -2.294144 19.849163 -2.807913 -1.469998 13.121435 -0.000001 0.000004 -0.000002 -8.076703 -0.486713 -3.806268 -6.761198 -4.579589 9.316143 0.164312 -0.334515 13.307436 -4.518150 -3.229440 17.014167 0.000003 0.000002 -0.000003 4.570448 11.014728 -2.160854 14.877691 -5.652323 19.377930 -59.555787 -17.342566 11.949489 154.466586 -161.452053 175.090192 -72.138723 -10.636690 5.772887 2.466132 -1.576217 2.681732 5.053098 -0.324284 11.996479 13.679234 26.949521 8.589516 2.200285 15.291443 20.936415 0.000007 0.000002 0.000000 9.109295 -0.518051 2.259866 0.085574 7.048918 -9.142534 2.008049 1.084994 -12.705369 0.963287 1.071201 -11.502347 0.000000 0.000001 0.000002 9.533408 0.000035 0.000039 1.222678 3.343282 -10.168417 -1.051724 1.081422 -8.942754 0.298326 1.183129 -11.441172 -0.000000 -0.000001 0.000003 9.104515 -0.043036 -1.865082 -1.589825 4.115167 -9.661848 -4.585152 2.671997 -19.711325 -2.773591 1.726358 -13.055840 -0.000001 0.000005 0.000003 8.077783 -0.486871 -3.806268 -6.650216 5.274366 -9.884221 0.274386 0.666833 -13.197698 -4.366036 3.496910 -16.958012 -0.000000 -0.000001 0.000001 -8.207786 -6.751667 -1.599565 -43.778016 -27.039959 -21.173171 72.416712 -4.364396 -9.953030 -29.162203 2.723732 9.467975 1.226766 0.000003 0.000008 -0.000000 0.000001 -0.000000 8.207791 -6.751713 -1.599556 -40.967625 26.461755 32.039605 77.284970 -9.816422 9.987978 -40.895717 -19.626376 -2.472912 1.348921 0.003415 -0.582313 -0.000000 0.000000 0.000000 
0.191181 83.568703 1.157997 -5.173998 -2.181562 -4.225760 -0.000006 10.181591 0.131522 7.486624 1.380053 6.481893 -4.004939 -0.059513 2.988433 -4.019670 -0.542547 -0.015807 0.000001 16.740408 -2.049041 8.927138 -0.205662 -1.249356 0.000001 9.617896 1.685008 6.784055 -0.450678 -4.473234 0.000002 22.037338 7.501098 0.000001 -0.000000 0.000000 -4.569965 11.014930 -2.160885 14.732298 4.892481 -22.415115 -55.377722 19.543966 -11.006101 -15.880675 14.922549 -9.531345 -75.746265 5.089596 -2.619008 -2.464804 -1.573960 2.681860 4.317966 2.099915 -11.412831 13.901145 -28.876073 -8.942117 3.263461 -21.457133 -21.983116 0.000003 0.000004 0.000002 -9.108295 -0.517864 2.259844 0.010831 -6.746219 8.585238 1.976129 -0.788220 12.798886 0.941394 -0.852376 11.541964 -0.000005 -0.000003 -0.000001 -9.532508 -0.000042 -0.000020 1.186126 -3.079117 9.533194 -1.077261 -0.797427 9.054381 0.276071 -0.984854 11.510250 -0.000002 0.000002 0.000001 -9.103603 -0.043079 -1.865125 -1.645575 -3.752090 9.056861 -4.650955 -2.294144 19.849163 -2.807913 -1.469998 13.121435 -0.000001 0.000004 -0.000002 -8.076703 -0.486713 -3.806268 -6.761198 -4.579589 9.316143 0.164312 -0.334515 13.307436 -4.518150 -3.229440 17.014167 0.000003 0.000002 -0.000003 4.570448 11.014728 -2.160854 14.877691 -5.652323 19.377930 -59.555787 -17.342566 11.949489 154.466586 -161.452053 175.090192 -72.138723 -10.636690 5.772887 2.466132 -1.576217 2.681732 5.053098 -0.324284 11.996479 13.679234 26.949521 8.589516 2.200285 15.291443 20.936415 0.000007 0.000002 0.000000 9.109295 -0.518051 2.259866 0.085574 7.048918 -9.142534 2.008049 1.084994 -12.705369 0.963287 1.071201 -11.502347 0.000000 0.000001 0.000002 9.533408 0.000035 0.000039 1.222678 3.343282 -10.168417 -1.051724 1.081422 -8.942754 0.298326 1.183129 -11.441172 -0.000000 -0.000001 0.000003 9.104515 -0.043036 -1.865082 -1.589825 4.115167 -9.661848 -4.585152 2.671997 -19.711325 -2.773591 1.726358 -13.055840 -0.000001 0.000005 0.000003 8.077783 -0.486871 -3.806268 -6.650216 5.274366 -9.884221 0.274386 0.666833 -13.197698 -4.366036 3.496910 -16.958012 -0.000000 -0.000001 0.000001 -8.207786 -6.751667 -1.599565 -43.778016 -27.039959 -21.173171 72.416712 -4.364396 -9.953030 -29.162203 2.723732 9.467975 1.226766 0.000003 0.000008 -0.000000 0.000001 -0.000000 8.207791 -6.751713 -1.599556 -40.967625 26.461755 32.039605 77.284970 -9.816422 9.987978 -40.895717 -19.626376 -2.472912 1.348921 0.003415 -0.582313 -0.000000 0.000000 0.000000 
0.191181 83.568703 1.157997 -5.173998 -2.181562 -4.225760 -0.000006 10.181591 0.131522 7.486624 1.380053 6.481893 -4.004939 -0.059513 2.988433 -4.019670 -0.542547 -0.015807 0.000001 16.740408 -2.049041 8.927138 -0.205662 -1.249356 0.000001 9.617896 1.685008 6.784055 -0.450678 -4.473234 0.000002 22.037338 7.501098 0.000001 -0.000000 0.000000 -4.569965 11.014930 -2.160885 14.732298 4.892481 -22.415115 -55.377722 19.543966 -11.006101 -15.880675 14.922549 -9.531345 -75.746265 5.089596 -2.619008 -2.464804 -1.573960 2.681860 4.317966 2.099915 -11.412831 13.901145 -28.876073 -8.942117 3.263461 -21.457133 -21.983116 0.000003 0.000004 0.000002 -9.108295 -0.517864 2.259844 0.010831 -6.746219 8.585238 1.976129 -0.788220 12.798886 0.941394 -0.852376 11.541964 -0.000005 -0.000003 -0.000001 -9.532508 -0.000042 -0.000020 1.186126 -3.079117 9.533194 -1.077261 -0.797427 9.054381 0.276071 -0.984854 11.510250 -0.000002 0.000002 0.000001 -9.103603 -0.043079 -1.865125 -1.645575 -3.752090 9.056861 -4.650955 -2.294144 19.849163 -2.807913 -1.469998 13.121435 -0.000001 0.000004 -0.000002 -8.076703 -0.486713 -3.806268 -6.761198 -4.579589 9.316143 0.164312 -0.334515 13.307436 -4.518150 -3.229440 17.014167 0.000003 0.000002 -0.000003 4.570448 11.014728 -2.160854 14.877691 -5.652323 19.377930 -59.555787 -17.342566 11.949489 154.466586 -161.452053 175.090192 -72.138723 -10.636690 5.772887 2.466132 -1.576217 2.681732 5.053098 -0.324284 11.996479 13.679234 26.949521 8.589516 2.200285 15.291443 20.936415 0.000007 0.000002 0.000000 9.109295 -0.518051 2.259866 0.085574 7.048918 -9.142534 2.008049 1.084994 -12.705369 0.963287 1.071201 -11.502347 0.000000 0.000001 0.000002 9.533408 0.000035 0.000039 1.222678 3.343282 -10.168417 -1.051724 1.081422 -8.942754 0.298326 1.183129 -11.441172 -0.000000 -0.000001 0.000003 9.104515 -0.043036 -1.865082 -1.589825 4.115167 -9.661848 -4.585152 2.671997 -19.711325 -2.773591 1.726358 -13.055840 -0.000001 0.000005 0.000003 8.077783 -0.486871 -3.806268 -6.650216 5.274366 -9.884221 0.274386 0.666833 -13.197698 -4.366036 3.496910 -16.958012 -0.000000 -0.000001 0.000001 -8.207786 -6.751667 -1.599565 -43.778016 -27.039959 -21.173171 72.416712 -4.364396 -9.953030 -29.162203 2.723732 9.467975 1.226766 0.000003 0.000008 -0.000000 0.000001 -0.000000 8.207791 -6.751713 -1.599556 -40.967625 26.461755 32.039605 77.284970 -9.816422 9.987978 -40.895717 -19.626376 -2.472912 1.348921 0.003415 -0.582313 -0.000000 0.000000 0.000000 
0.191181 83.568703 1.157997 -5.173998 -2.181562 -4.225760 -0.000006 10.181591 0.131522 7.486624 1.380053 6.481893 -4.004939 -0.059513 2.988433 -4.019670 -0.542547 -0.015807 0.000001 16.740408 -2.049041 8.927138 -0.205662 -1.249356 0.000001 9.617896 1.685008 6.784055 -0.450678 -4.473234 0.000002 22.037338 7.501098 0.000001 -0.000000 0.000000 -4.569965 11.014930 -2.160885 14.732298 4.892481 -22.415115 -55.377722 19.543966 -11.006101 -15.880675 14.922549 -9.531345 -75.746265 5.089596 -2.619008 -2.464804 -1.573960 2.681860 4.317966 2.099915 -11.412831 13.901145 -28.876073 -8.942117 3.263461 -21.457133 -21.983116 0.000003 0.000004 0.000002 -9.108295 -0.517864 2.259844 0.010831 -6.746219 8.585238 1.976129 -0.788220 12.798886 0.941394 -0.852376 11.541964 -0.000005 -0.000003 -0.000001 -9.532508 -0.000042 -0.000020 1.186126 -3.079117 9.533194 -1.077261 -0.797427 9.054381 0.276071 -0.984854 11.510250 -0.000002 0.000002 0.000001 -9.103603 -0.043079 -1.865125 -1.645575 -3.752090 9.056861 -4.650955 -2.294144 19.849163 -2.807913 -1.469998 13.121435 -0.000001 0.000004 -0.000002 -8.076703 -0.486713 -3.806268 -6.761198 -4.579589 9.316143 0.164312 -0.334515 13.307436 -4.518150 -3.229440 17.014167 0.000003 0.000002 -0.000003 4.570448 11.014728 -2.160854 14.877691 -5.652323 19.377930 -59.555787 -17.342566 11.949489 154.466586 -161.452053 175.090192 -72.138723 -10.636690 5.772887 2.466132 -1.576217 2.681732 5.053098 -0.324284 11.996479 13.679234 26.949521 8.589516 2.200285 15.291443 20.936415 0.000007 0.000002 0.000000 9.109295 -0.518051 2.259866 0.085574 7.048918 -9.142534 2.008049 1.084994 -12.705369 0.963287 1.071201 -11.502347 0.000000 0.000001 0.000002 9.533408 0.000035 0.000039 1.222678 3.343282 -10.168417 -1.051724 1.081422 -8.942754 0.298326 1.183129 -11.441172 -0.000000 -0.000001 0.000003 9.104515 -0.043036 -1.865082 -1.589825 4.115167 -9.661848 -4.585152 2.671997 -19.711325 -2.773591 1.726358 -13.055840 -0.000001 0.000005 0.000003 8.077783 -0.486871 -3.806268 -6.650216 5.274366 -9.884221 0.274386 0.666833 -13.197698 -4.366036 3.496910 -16.958012 -0.000000 -0.000001 0.000001 -8.207786 -6.751667 -1.599565 -43.778016 -27.039959 -21.173171 72.416712 -4.364396 -9.953030 -29.162203 2.723732 9.467975 1.226766 0.000003 0.000008 -0.000000 0.000001 -0.000000 8.207791 -6.751713 -1.599556 -40.967625 26.461755 32.039605 77.284970 -9.816422 9.987978 -40.895717 -19.626376 -2.472912 1.348921 0.003415 -0.582313 -0.000000 0.000000 0.000000 
0.191181 83.568703 1.157997 -5.173998 -2.181562 -4.225760 -0.000006 10.181591 0.131522 7.486624 1.380053 6.481893 -4.004939 -0.059513 2.988433 -4.019670 -0.542547 -0.015807 0.000001 16.740408 -2.049041 8.927138 -0.205662 -1.249356 0.000001 9.617896 1.685008 6.784055 -0.450678 -4.473234 0.000002 22.037338 7.501098 0.000001 -0.000000 0.000000 -4.569965 11.014930 -2.160885 14.732298 4.892481 -22.415115 -55.377722 19.543966 -11.006101 -15.880675 14.922549 -9.531345 -75.746265 5.089596 -2.619008 -2.464804 -1.573960 2.681860 4.317966 2.099915 -11.412831 13.901145 -28.876073 -8.942117 3.263461 -21.457133 -21.983116 0.000003 0.000004 0.000002 -9.108295 -0.517864 2.259844 0.010831 -6.746219 8.585238 1.976129 -0.788220 12.798886 0.941394 -0.852376 11.541964 -0.000005 -0.000003 -0.000001 -9.532508 -0.000042 -0.000020 1.186126 -3.079117 9.533194 -1.077261 -0.797427 9.054381 0.276071 -0.984854 11.510250 -0.000002 0.000002 0.000001 -9.103603 -0.043079 -1.865125 -1.645575 -3.752090 9.056861 -4.650955 -2.294144 19.849163 -2.807913 -1.469998 13.121435 -0.000001 0.000004 -0.000002 -8.076703 -0.486713 -3.806268 -6.761198 -4.579589 9.316143 0.164312 -0.334515 13.307436 -4.518150 -3.229440 17.014167 0.000003 0.000002 -0.000003 4.570448 11.014728 -2.160854 14.877691 -5.652323 19.377930 -59.555787 -17.342566 11.949489 154.466586 -161.452053 175.090192 -72.138723 -10.636690 5.772887 2.466132 -1.576217 2.681732 5.053098 -0.324284 11.996479 13.679234 26.949521 8.589516 2.200285 15.291443 20.936415 0.000007 0.000002 0.000000 9.109295 -0.518051 2.259866 0.085574 7.048918 -9.142534 2.008049 1.084994 -12.705369 0.963287 1.071201 -11.502347 0.000000 0.000001 0.000002 9.533408 0.000035 0.000039 1.222678 3.343282 -10.168417 -1.051724 1.081422 -8.942754 0.298326 1.183129 -11.441172 -0.000000 -0.000001 0.000003 9.104515 -0.043036 -1.865082 -1.589825 4.115167 -9.661848 -4.585152 2.671997 -19.711325 -2.773591 1.726358 -13.055840 -0.000001 0.000005 0.000003 8.077783 -0.486871 -3.806268 -6.650216 5.274366 -9.884221 0.274386 0.666833 -13.197698 -4.366036 3.496910 -16.958012 -0.000000 -0.000001 0.000001 -8.207786 -6.751667 -1.599565 -43.778016 -27.039959 -21.173171 72.416712 -4.364396 -9.953030 -29.162203 2.723732 9.467975 1.226766 0.000003 0.000008 -0.000000 0.000001 -0.000000 8.207791 -6.751713 -1.599556 -40.967625 26.461755 32.039605 77.284970 -9.816422 9.987978 -40.895717 -19.626376 -2.472912 1.348921 0.003415 -0.582313 -0.000000 0.000000 0.000000 
0.191181 83.568703 1.157997 -5.173998 -2.181562 -4.225760 -0.000006 10.181591 0.131522 7.486624 1.380053 6.481893 -4.004939 -0.059513 2.988433 -4.019670 -0.542547 -0.015807 0.000001 16.740408 -2.049041 8.927138 -0.205662 -1.249356 0.000001 9.617896 1.685008 6.784055 -0.450678 -4.473234 0.000002 22.037338 7.501098 0.000001 -0.000000 0.000000 -4.569965 11.014930 -2.160885 14.732298 4.892481 -22.415115 -55.377722 19.543966 -11.006101 -15.880675 14.922549 -9.531345 -75.746265 5.089596 -2.619008 -2.464804 -1.573960 2.681860 4.317966 2.099915 -11.412831 13.901145 -28.876073 -8.942117 3.263461 -21.457133 -21.983116 0.000003 0.000004 0.000002 -9.108295 -0.517864 2.259844 0.010831 -6.746219 8.585238 1.976129 -0.788220 12.798886 0.941394 -0.852376 11.541964 -0.000005 -0.000003 -0.000001 -9.532508 -0.000042 -0.000020 1.186126 -3.079117 9.533194 -1.077261 -0.797427 9.054381 0.276071 -0.984854 11.510250 -0.000002 0.000002 0.000001 -9.103603 -0.043079 -1.865125 -1.645575 -3.752090 9.056861 -4.650955 -2.294144 19.849163 -2.807913 -1.469998 13.121435 -0.000001 0.000004 -0.000002 -8.076703 -0.486713 -3.806268 -6.761198 -4.579589 9.316143 0.164312 -0.334515 13.307436 -4.518150 -3.229440 17.014167 0.000003 0.000002 -0.000003 4.570448 11.014728 -2.160854 14.877691 -5.652323 19.377930 -59.555787 -17.342566 11.949489 154.466586 -161.452053 175.090192 -72.138723 -10.636690 5.772887 2.466132 -1.576217 2.681732 5.053098 -0.324284 11.996479 13.679234 26.949521 8.589516 2.200285 15.291443 20.936415 0.000007 0.000002 0.000000 9.109295 -0.518051 2.259866 0.085574 7.048918 -9.142534 2.008049 1.084994 -12.705369 0.963287 1.071201 -11.502347 0.000000 0.000001 0.000002 9.533408 0.000035 0.000039 1.222678 3.343282 -10.168417 -1.051724 1.081422 -8.942754 0.298326 1.183129 -11.441172 -0.000000 -0.000001 0.000003 9.104515 -0.043036 -1.865082 -1.589825 4.115167 -9.661848 -4.585152 2.671997 -19.711325 -2.773591 1.726358 -13.055840 -0.000001 0.000005 0.000003 8.077783 -0.486871 -3.806268 -6.650216 5.274366 -9.884221 0.274386 0.666833 -13.197698 -4.366036 3.496910 -16.958012 -0.000000 -0.000001 0.000001 -8.207786 -6.751667 -1.599565 -43.778016 -27.039959 -21.173171 72.416712 -4.364396 -9.953030 -29.162203 2.723732 9.467975 1.226766 0.000003 0.000008 -0.000000 0.000001 -0.000000 8.207791 -6.751713 -1.599556 -40.967625 26.461755 32.039605 77.284970 -9.816422 9.987978 -40.895717 -19.626376 -2.472912 1.348921 0.003415 -0.582313 -0.000000 0.000000 0.000000 
0.191181 83.568703 1.157997 -5.173998 -2.181562 -4.225760 -0.000006 10.181591 0.131522 7.486624 1.380053 6.481893 -4.004939 -0.059513 2.988433 -4.019670 -0.542547 -0.015807 0.000001 16.740408 -2.049041 8.927138 -0.205662 -1.249356 0.000001 9.617896 1.685008 6.784055 -0.450678 -4.473234 0.000002 22.037338 7.501098 0.000001 -0.000000 0.000000 -4.569965 11.014930 -2.160885 14.732298 4.892481 -22.415115 -55.377722 19.543966 -11.006101 -15.880675 14.922549 -9.531345 -75.746265 5.089596 -2.619008 -2.464804 -1.573960 2.681860 4.317966 2.099915 -11.412831 13.901145 -28.876073 -8.942117 3.263461 -21.457133 -21.983116 0.000003 0.000004 0.000002 -9.108295 -0.517864 2.259844 0.010831 -6.746219 8.585238 1.976129 -0.788220 12.798886 0.941394 -0.852376 11.541964 -0.000005 -0.000003 -0.000001 -9.532508 -0.000042 -0.000020 1.186126 -3.079117 9.533194 -1.077261 -0.797427 9.054381 0.276071 -0.984854 11.510250 -0.000002 0.000002 0.000001 -9.103603 -0.043079 -1.865125 -1.645575 -3.752090 9.056861 -4.650955 -2.294144 19.849163 -2.807913 -1.469998 13.121435 -0.000001 0.000004 -0.000002 -8.076703 -0.486713 -3.806268 -6.761198 -4.579589 9.316143 0.164312 -0.334515 13.307436 -4.518150 -3.229440 17.014167 0.000003 0.000002 -0.000003 4.570448 11.014728 -2.160854 14.877691 -5.652323 19.377930 -59.555787 -17.342566 11.949489 154.466586 -161.452053 175.090192 -72.138723 -10.636690 5.772887 2.466132 -1.576217 2.681732 5.053098 -0.324284 11.996479 13.679234 26.949521 8.589516 2.200285 15.291443 20.936415 0.000007 0.000002 0.000000 9.109295 -0.518051 2.259866 0.085574 7.048918 -9.142534 2.008049 1.084994 -12.705369 0.963287 1.071201 -11.502347 0.000000 0.000001 0.000002 9.533408 0.000035 0.000039 1.222678 3.343282 -10.168417 -1.051724 1.081422 -8.942754 0.298326 1.183129 -11.441172 -0.000000 -0.000001 0.000003 9.104515 -0.043036 -1.865082 -1.589825 4.115167 -9.661848 -4.585152 2.671997 -19.711325 -2.773591 1.726358 -13.055840 -0.000001 0.000005 0.000003 8.077783 -0.486871 -3.806268 -6.650216 5.274366 -9.884221 0.274386 0.666833 -13.197698 -4.366036 3.496910 -16.958012 -0.000000 -0.000001 0.000001 -8.207786 -6.751667 -1.599565 -43.778016 -27.039959 -21.173171 72.416712 -4.364396 -9.953030 -29.162203 2.723732 9.467975 1.226766 0.000003 0.000008 -0.000000 0.000001 -0.000000 8.207791 -6.751713 -1.599556 -40.967625 26.461755 32.039605 77.284970 -9.816422 9.987978 -40.895717 -19.626376 -2.472912 1.348921 0.003415 -0.582313 -0.000000 0.000000 0.000000 
0.191181 83.568703 1.157997 -5.173998 -2.181562 -4.225760 -0.000006 10.181591 0.131522 7.486624 1.380053 6.481893 -4.004939 -0.059513 2.988433 -4.019670 -0.542547 -0.015807 0.000001 16.740408 -2.049041 8.927138 -0.205662 -1.249356 0.000001 9.617896 1.685008 6.784055 -0.450678 -4.473234 0.000002 22.037338 7.501098 0.000001 -0.000000 0.000000 -4.569965 11.014930 -2.160885 14.732298 4.892481 -22.415115 -55.377722 19.543966 -11.006101 -15.880675 14.922549 -9.531345 -75.746265 5.089596 -2.619008 -2.464804 -1.573960 2.681860 4.317966 2.099915 -11.412831 13.901145 -28.876073 -8.942117 3.263461 -21.457133 -21.983116 0.000003 0.000004 0.000002 -9.108295 -0.517864 2.259844 0.010831 -6.746219 8.585238 1.976129 -0.788220 12.798886 0.941394 -0.852376 11.541964 -0.000005 -0.000003 -0.000001 -9.532508 -0.000042 -0.000020 1.186126 -3.079117 9.533194 -1.077261 -0.797427 9.054381 0.276071 -0.984854 11.510250 -0.000002 0.000002 0.000001 -9.103603 -0.043079 -1.865125 -1.645575 -3.752090 9.056861 -4.650955 -2.294144 19.849163 -2.807913 -1.469998 13.121435 -0.000001 0.000004 -0.000002 -8.076703 -0.486713 -3.806268 -6.761198 -4.579589 9.316143 0.164312 -0.334515 13.307436 -4.518150 -3.229440 17.014167 0.000003 0.000002 -0.000003 4.570448 11.014728 -2.160854 14.877691 -5.652323 19.377930 -59.555787 -17.342566 11.949489 154.466586 -161.452053 175.090192 -72.138723 -10.636690 5.772887 2.466132 -1.576217 2.681732 5.053098 -0.324284 11.996479 13.679234 26.949521 8.589516 2.200285 15.291443 20.936415 0.000007 0.000002 0.000000 9.109295 -0.518051 2.259866 0.085574 7.048918 -9.142534 2.008049 1.084994 -12.705369 0.963287 1.071201 -11.502347 0.000000 0.000001 0.000002 9.533408 0.000035 0.000039 1.222678 3.343282 -10.168417 -1.051724 1.081422 -8.942754 0.298326 1.183129 -11.441172 -0.000000 -0.000001 0.000003 9.104515 -0.043036 -1.865082 -1.589825 4.115167 -9.661848 -4.585152 2.671997 -19.711325 -2.773591 1.726358 -13.055840 -0.000001 0.000005 0.000003 8.077783 -0.486871 -3.806268 -6.650216 5.274366 -9.884221 0.274386 0.666833 -13.197698 -4.366036 3.496910 -16.958012 -0.000000 -0.000001 0.000001 -8.207786 -6.751667 -1.599565 -43.778016 -27.039959 -21.173171 72.416712 -4.364396 -9.953030 -29.162203 2.723732 9.467975 1.226766 0.000003 0.000008 -0.000000 0.000001 -0.000000 8.207791 -6.751713 -1.599556 -40.967625 26.461755 32.039605 77.284970 -9.816422 9.987978 -40.895717 -19.626376 -2.472912 1.348921 0.003415 -0.582313 -0.000000 0.000000 0.000000 
0.191181 83.568703 1.157997 -5.173998 -2.181562 -4.225760 -0.000006 10.181591 0.131522 7.486624 1.380053 6.481893 -4.004939 -0.059513 2.988433 -4.019670 -0.542547 -0.015807 0.000001 16.740408 -2.049041 8.927138 -0.205662 -1.249356 0.000001 9.617896 1.685008 6.784055 -0.450678 -4.473234 0.000002 22.037338 7.501098 0.000001 -0.000000 0.000000 -4.569965 11.014930 -2.160885 14.732298 4.892481 -22.415115 -55.377722 19.543966 -11.006101 -15.880675 14.922549 -9.531345 -75.746265 5.089596 -2.619008 -2.464804 -1.573960 2.681860 4.317966 2.099915 -11.412831 13.901145 -28.876073 -8.942117 3.263461 -21.457133 -21.983116 0.000003 0.000004 0.000002 -9.108295 -0.517864 2.259844 0.010831 -6.746219 8.585238 1.976129 -0.788220 12.798886 0.941394 -0.852376 11.541964 -0.000005 -0.000003 -0.000001 -9.532508 -0.000042 -0.000020 1.186126 -3.079117 9.533194 -1.077261 -0.797427 9.054381 0.276071 -0.984854 11.510250 -0.000002 0.000002 0.000001 -9.103603 -0.043079 -1.865125 -1.645575 -3.752090 9.056861 -4.650955 -2.294144 19.849163 -2.807913 -1.469998 13.121435 -0.000001 0.000004 -0.000002 -8.076703 -0.486713 -3.806268 -6.761198 -4.579589 9.316143 0.164312 -0.334515 13.307436 -4.518150 -3.229440 17.014167 0.000003 0.000002 -0.000003 4.570448 11.014728 -2.160854 14.877691 -5.652323 19.377930 -59.555787 -17.342566 11.949489 154.466586 -161.452053 175.090192 -72.138723 -10.636690 5.772887 2.466132 -1.576217 2.681732 5.053098 -0.324284 11.996479 13.679234 26.949521 8.589516 2.200285 15.291443 20.936415 0.000007 0.000002 0.000000 9.109295 -0.518051 2.259866 0.085574 7.048918 -9.142534 2.008049 1.084994 -12.705369 0.963287 1.071201 -11.502347 0.000000 0.000001 0.000002 9.533408 0.000035 0.000039 1.222678 3.343282 -10.168417 -1.051724 1.081422 -8.942754 0.298326 1.183129 -11.441172 -0.000000 -0.000001 0.000003 9.104515 -0.043036 -1.865082 -1.589825 4.115167 -9.661848 -4.585152 2.671997 -19.711325 -2.773591 1.726358 -13.055840 -0.000001 0.000005 0.000003 8.077783 -0.486871 -3.806268 -6.650216 5.274366 -9.884221 0.274386 0.666833 -13.197698 -4.366036 3.496910 -16.958012 -0.000000 -0.000001 0.000001 -8.207786 -6.751667 -1.599565 -43.778016 -27.039959 -21.173171 72.416712 -4.364396 -9.953030 -29.162203 2.723732 9.467975 1.226766 0.000003 0.000008 -0.000000 0.000001 -0.000000 8.207791 -6.751713 -1.599556 -40.967625 26.461755 32.039605 77.284970 -9.816422 9.987978 -40.895717 -19.626376 -2.472912 1.348921 0.003415 -0.582313 -0.000000 0.000000 0.000000 
0.191181 83.568703 1.157997 -5.173998 -2.181562 -4.225760 -0.000006 10.181591 0.131522 7.486624 1.380053 6.481893 -4.004939 -0.059513 2.988433 -4.019670 -0.542547 -0.015807 0.000001 16.740408 -2.049041 8.927138 -0.205662 -1.249356 0.000001 9.617896 1.685008 6.784055 -0.450678 -4.473234 0.000002 22.037338 7.501098 0.000001 -0.000000 0.000000 -4.569965 11.014930 -2.160885 14.732298 4.892481 -22.415115 -55.377722 19.543966 -11.006101 -15.880675 14.922549 -9.531345 -75.746265 5.089596 -2.619008 -2.464804 -1.573960 2.681860 4.317966 2.099915 -11.412831 13.901145 -28.876073 -8.942117 3.263461 -21.457133 -21.983116 0.000003 0.000004 0.000002 -9.108295 -0.517864 2.259844 0.010831 -6.746219 8.585238 1.976129 -0.788220 12.798886 0.941394 -0.852376 11.541964 -0.000005 -0.000003 -0.000001 -9.532508 -0.000042 -0.000020 1.186126 -3.079117 9.533194 -1.077261 -0.797427 9.054381 0.276071 -0.984854 11.510250 -0.000002 0.000002 0.000001 -9.103603 -0.043079 -1.865125 -1.645575 -3.752090 9.056861 -4.650955 -2.294144 19.849163 -2.807913 -1.469998 13.121435 -0.000001 0.000004 -0.000002 -8.076703 -0.486713 -3.806268 -6.761198 -4.579589 9.316143 0.164312 -0.334515 13.307436 -4.518150 -3.229440 17.014167 0.000003 0.000002 -0.000003 4.570448 11.014728 -2.160854 14.877691 -5.652323 19.377930 -59.555787 -17.342566 11.949489 154.466586 -161.452053 175.090192 -72.138723 -10.636690 5.772887 2.466132 -1.576217 2.681732 5.053098 -0.324284 11.996479 13.679234 26.949521 8.589516 2.200285 15.291443 20.936415 0.000007 0.000002 0.000000 9.109295 -0.518051 2.259866 0.085574 7.048918 -9.142534 2.008049 1.084994 -12.705369 0.963287 1.071201 -11.502347 0.000000 0.000001 0.000002 9.533408 0.000035 0.000039 1.222678 3.343282 -10.168417 -1.051724 1.081422 -8.942754 0.298326 1.183129 -11.441172 -0.000000 -0.000001 0.000003 9.104515 -0.043036 -1.865082 -1.589825 4.115167 -9.661848 -4.585152 2.671997 -19.711325 -2.773591 1.726358 -13.055840 -0.000001 0.000005 0.000003 8.077783 -0.486871 -3.806268 -6.650216 5.274366 -9.884221 0.274386 0.666833 -13.197698 -4.366036 3.496910 -16.958012 -0.000000 -0.000001 0.000001 -8.207786 -6.751667 -1.599565 -43.778016 -27.039959 -21.173171 72.416712 -4.364396 -9.953030 -29.162203 2.723732 9.467975 1.226766 0.000003 0.000008 -0.000000 0.000001 -0.000000 8.207791 -6.751713 -1.599556 -40.967625 26.461755 32.039605 77.284970 -9.816422 9.987978 -40.895717 -19.626376 -2.472912 1.348921 0.003415 -0.582313 -0.000000 0.000000 0.000000 
0.191181 83.568703 1.157997 -5.173998 -2.181562 -4.225760 -0.000006 10.181591 0.131522 7.486624 1.380053 6.481893 -4.004939 -0.059513 2.988433 -4.019670 -0.542547 -0.015807 0.000001 16.740408 -2.049041 8.927138 -0.205662 -1.249356 0.000001 9.617896 1.685008 6.784055 -0.450678 -4.473234 0.000002 22.037338 7.501098 0.000001 -0.000000 0.000000 -4.569965 11.014930 -2.160885 14.732298 4.892481 -22.415115 -55.377722 19.543966 -11.006101 -15.880675 14.922549 -9.531345 -75.746265 5.089596 -2.619008 -2.464804 -1.573960 2.681860 4.317966 2.099915 -11.412831 13.901145 -28.876073 -8.942117 3.263461 -21.457133 -21.983116 0.000003 0.000004 0.000002 -9.108295 -0.517864 2.259844 0.010831 -6.746219 8.585238 1.976129 -0.788220 12.798886 0.941394 -0.852376 11.541964 -0.000005 -0.000003 -0.000001 -9.532508 -0.000042 -0.000020 1.186126 -3.079117 9.533194 -1.077261 -0.797427 9.054381 0.276071 -0.984854 11.510250 -0.000002 0.000002 0.000001 -9.103603 -0.043079 -1.865125 -1.645575 -3.752090 9.056861 -4.650955 -2.294144 19.849163 -2.807913 -1.469998 13.121435 -0.000001 0.000004 -0.000002 -8.076703 -0.486713 -3.806268 -6.761198 -4.579589 9.316143 0.164312 -0.334515 13.307436 -4.518150 -3.229440 17.014167 0.000003 0.000002 -0.000003 4.570448 11.014728 -2.160854 14.877691 -5.652323 19.377930 -59.555787 -17.342566 11.949489 154.466586 -161.452053 175.090192 -72.138723 -10.636690 5.772887 2.466132 -1.576217 2.681732 5.053098 -0.324284 11.996479 13.679234 26.949521 8.589516 2.200285 15.291443 20.936415 0.000007 0.000002 0.000000 9.109295 -0.518051 2.259866 0.085574 7.048918 -9.142534 2.008049 1.084994 -12.705369 0.963287 1.071201 -11.502347 0.000000 0.000001 0.000002 9.533408 0.000035 0.000039 1.222678 3.343282 -10.168417 -1.051724 1.081422 -8.942754 0.298326 1.183129 -11.441172 -0.000000 -0.000001 0.000003 9.104515 -0.043036 -1.865082 -1.589825 4.115167 -9.661848 -4.585152 2.671997 -19.711325 -2.773591 1.726358 -13.055840 -0.000001 0.000005 0.000003 8.077783 -0.486871 -3.806268 -6.650216 5.274366 -9.884221 0.274386 0.666833 -13.197698 -4.366036 3.496910 -16.958012 -0.000000 -0.000001 0.000001 -8.207786 -6.751667 -1.599565 -43.778016 -27.039959 -21.173171 72.416712 -4.364396 -9.953030 -29.162203 2.723732 9.467975 1.226766 0.000003 0.000008 -0.000000 0.000001 -0.000000 8.207791 -6.751713 -1.599556 -40.967625 26.461755 32.039605 77.284970 -9.816422 9.987978 -40.895717 -19.626376 -2.472912 1.348921 0.003415 -0.582313 -0.000000 0.000000 0.000000 
0.191181 83.568703 1.157997 -5.173998 -2.181562 -4.225760 -0.000006 10.181591 0.131522 7.486624 1.380053 6.481893 -4.004939 -0.059513 2.988433 -4.019670 -0.542547 -0.015807 0.000001 16.740408 -2.049041 8.927138 -0.205662 -1.249356 0.000001 9.617896 1.685008 6.784055 -0.450678 -4.473234 0.000002 22.037338 7.501098 0.000001 -0.000000 0.000000 -4.569965 11.014930 -2.160885 14.732298 4.892481 -22.415115 -55.377722 19.543966 -11.006101 -15.880675 14.922549 -9.531345 -75.746265 5.089596 -2.619008 -2.464804 -1.573960 2.681860 4.317966 2.099915 -11.412831 13.901145 -28.876073 -8.942117 3.263461 -21.457133 -21.983116 0.000003 0.000004 0.000002 -9.108295 -0.517864 2.259844 0.010831 -6.746219 8.585238 1.976129 -0.788220 12.798886 0.941394 -0.852376 11.541964 -0.000005 -0.000003 -0.000001 -9.532508 -0.000042 -0.000020 1.186126 -3.079117 9.533194 -1.077261 -0.797427 9.054381 0.276071 -0.984854 11.510250 -0.000002 0.000002 0.000001 -9.103603 -0.043079 -1.865125 -1.645575 -3.752090 9.056861 -4.650955 -2.294144 19.849163 -2.807913 -1.469998 13.121435 -0.000001 0.000004 -0.000002 -8.076703 -0.486713 -3.806268 -6.761198 -4.579589 9.316143 0.164312 -0.334515 13.307436 -4.518150 -3.229440 17.014167 0.000003 0.000002 -0.000003 4.570448 11.014728 -2.160854 14.877691 -5.652323 19.377930 -59.555787 -17.342566 11.949489 154.466586 -161.452053 175.090192 -72.138723 -10.636690 5.772887 2.466132 -1.576217 2.681732 5.053098 -0.324284 11.996479 13.679234 26.949521 8.589516 2.200285 15.291443 20.936415 0.000007 0.000002 0.000000 9.109295 -0.518051 2.259866 0.085574 7.048918 -9.142534 2.008049 1.084994 -12.705369 0.963287 1.071201 -11.502347 0.000000 0.000001 0.000002 9.533408 0.000035 0.000039 1.222678 3.343282 -10.168417 -1.051724 1.081422 -8.942754 0.298326 1.183129 -11.441172 -0.000000 -0.000001 0.000003 9.104515 -0.043036 -1.865082 -1.589825 4.115167 -9.661848 -4.585152 2.671997 -19.711325 -2.773591 1.726358 -13.055840 -0.000001 0.000005 0.000003 8.077783 -0.486871 -3.806268 -6.650216 5.274366 -9.884221 0.274386 0.666833 -13.197698 -4.366036 3.496910 -16.958012 -0.000000 -0.000001 0.000001 -8.207786 -6.751667 -1.599565 -43.778016 -27.039959 -21.173171 72.416712 -4.364396 -9.953030 -29.162203 2.723732 9.467975 1.226766 0.000003 0.000008 -0.000000 0.000001 -0.000000 8.207791 -6.751713 -1.599556 -40.967625 26.461755 32.039605 77.284970 -9.816422 9.987978 -40.895717 -19.626376 -2.472912 1.348921 0.003415 -0.582313 -0.000000 0.000000 0.000000 
0.191181 83.568703 1.157997 -5.173998 -2.181562 -4.225760 -0.000006 10.181591 0.131522 7.486624 1.380053 6.481893 -4.004939 -0.059513 2.988433 -4.019670 -0.542547 -0.015807 0.000001 16.740408 -2.049041 8.927138 -0.205662 -1.249356 0.000001 9.617896 1.685008 6.784055 -0.450678 -4.473234 0.000002 22.037338 7.501098 0.000001 -0.000000 0.000000 -4.569965 11.014930 -2.160885 14.732298 4.892481 -22.415115 -55.377722 19.543966 -11.006101 -15.880675 14.922549 -9.531345 -75.746265 5.089596 -2.619008 -2.464804 -1.573960 2.681860 4.317966 2.099915 -11.412831 13.901145 -28.876073 -8.942117 3.263461 -21.457133 -21.983116 0.000003 0.000004 0.000002 -9.108295 -0.517864 2.259844 0.010831 -6.746219 8.585238 1.976129 -0.788220 12.798886 0.941394 -0.852376 11.541964 -0.000005 -0.000003 -0.000001 -9.532508 -0.000042 -0.000020 1.186126 -3.079117 9.533194 -1.077261 -0.797427 9.054381 0.276071 -0.984854 11.510250 -0.000002 0.000002 0.000001 -9.103603 -0.043079 -1.865125 -1.645575 -3.752090 9.056861 -4.650955 -2.294144 19.849163 -2.807913 -1.469998 13.121435 -0.000001 0.000004 -0.000002 -8.076703 -0.486713 -3.806268 -6.761198 -4.579589 9.316143 0.164312 -0.334515 13.307436 -4.518150 -3.229440 17.014167 0.000003 0.000002 -0.000003 4.570448 11.014728 -2.160854 14.877691 -5.652323 19.377930 -59.555787 -17.342566 11.949489 154.466586 -161.452053 175.090192 -72.138723 -10.636690 5.772887 2.466132 -1.576217 2.681732 5.053098 -0.324284 11.996479 13.679234 26.949521 8.589516 2.200285 15.291443 20.936415 0.000007 0.000002 0.000000 9.109295 -0.518051 2.259866 0.085574 7.048918 -9.142534 2.008049 1.084994 -12.705369 0.963287 1.071201 -11.502347 0.000000 0.000001 0.000002 9.533408 0.000035 0.000039 1.222678 3.343282 -10.168417 -1.051724 1.081422 -8.942754 0.298326 1.183129 -11.441172 -0.000000 -0.000001 0.000003 9.104515 -0.043036 -1.865082 -1.589825 4.115167 -9.661848 -4.585152 2.671997 -19.711325 -2.773591 1.726358 -13.055840 -0.000001 0.000005 0.000003 8.077783 -0.486871 -3.806268 -6.650216 5.274366 -9.884221 0.274386 0.666833 -13.197698 -4.366036 3.496910 -16.958012 -0.000000 -0.000001 0.000001 -8.207786 -6.751667 -1.599565 -43.778016 -27.039959 -21.173171 72.416712 -4.364396 -9.953030 -29.162203 2.723732 9.467975 1.226766 0.000003 0.000008 -0.000000 0.000001 -0.000000 8.207791 -6.751713 -1.599556 -40.967625 26.461755 32.039605 77.284970 -9.816422 9.987978 -40.895717 -19.626376 -2.472912 1.348921 0.003415 -0.582313 -0.000000 0.000000 0.000000 
0.191181 83.568703 1.157997 -5.173998 -2.181562 -4.225760 -0.000006 10.181591 0.131522 7.486624 1.380053 6.481893 -4.004939 -0.059513 2.988433 -4.019670 -0.542547 -0.015807 0.000001 16.740408 -2.049041 8.927138 -0.205662 -1.249356 0.000001 9.617896 1.685008 6.784055 -0.450678 -4.473234 0.000002 22.037338 7.501098 0.000001 -0.000000 0.000000 -4.569965 11.014930 -2.160885 14.732298 4.892481 -22.415115 -55.377722 19.543966 -11.006101 -15.880675 14.922549 -9.531345 -75.746265 5.089596 -2.619008 -2.464804 -1.573960 2.681860 4.317966 2.099915 -11.412831 13.901145 -28.876073 -8.942117 3.263461 -21.457133 -21.983116 0.000003 0.000004 0.000002 -9.108295 -0.517864 2.259844 0.010831 -6.746219 8.585238 1.976129 -0.788220 12.798886 0.941394 -0.852376 11.541964 -0.000005 -0.000003 -0.000001 -9.532508 -0.000042 -0.000020 1.186126 -3.079117 9.533194 -1.077261 -0.797427 9.054381 0.276071 -0.984854 11.510250 -0.000002 0.000002 0.000001 -9.103603 -0.043079 -1.865125 -1.645575 -3.752090 9.056861 -4.650955 -2.294144 19.849163 -2.807913 -1.469998 13.121435 -0.000001 0.000004 -0.000002 -8.076703 -0.486713 -3.806268 -6.761198 -4.579589 9.316143 0.164312 -0.334515 13.307436 -4.518150 -3.229440 17.014167 0.000003 0.000002 -0.000003 4.570448 11.014728 -2.160854 14.877691 -5.652323 19.377930 -59.555787 -17.342566 11.949489 154.466586 -161.452053 175.090192 -72.138723 -10.636690 5.772887 2.466132 -1.576217 2.681732 5.053098 -0.324284 11.996479 13.679234 26.949521 8.589516 2.200285 15.291443 20.936415 0.000007 0.000002 0.000000 9.109295 -0.518051 2.259866 0.085574 7.048918 -9.142534 2.008049 1.084994 -12.705369 0.963287 1.071201 -11.502347 0.000000 0.000001 0.000002 9.533408 0.000035 0.000039 1.222678 3.343282 -10.168417 -1.051724 1.081422 -8.942754 0.298326 1.183129 -11.441172 -0.000000 -0.000001 0.000003 9.104515 -0.043036 -1.865082 -1.589825 4.115167 -9.661848 -4.585152 2.671997 -19.711325 -2.773591 1.726358 -13.055840 -0.000001 0.000005 0.000003 8.077783 -0.486871 -3.806268 -6.650216 5.274366 -9.884221 0.274386 0.666833 -13.197698 -4.366036 3.496910 -16.958012 -0.000000 -0.000001 0.000001 -8.207786 -6.751667 -1.599565 -43.778016 -27.039959 -21.173171 72.416712 -4.364396 -9.953030 -29.162203 2.723732 9.467975 1.226766 0.000003 0.000008 -0.000000 0.000001 -0.000000 8.207791 -6.751713 -1.599556 -40.967625 26.461755 32.039605 77.284970 -9.816422 9.987978 -40.895717 -19.626376 -2.472912 1.348921 0.003415 -0.582313 -0.000000 0.000000 0.000000 
0.191181 83.568703 1.157997 -5.173998 -2.181562 -4.225760 -0.000006 10.181591 0.131522 7.486624 1.380053 6.481893 -4.004939 -0.059513 2.988433 -4.019670 -0.542547 -0.015807 0.000001 16.740408 -2.049041 8.927138 -0.205662 -1.249356 0.000001 9.617896 1.685008 6.784055 -0.450678 -4.473234 0.000002 22.037338 7.501098 0.000001 -0.000000 0.000000 -4.569965 11.014930 -2.160885 14.732298 4.892481 -22.415115 -55.377722 19.543966 -11.006101 -15.880675 14.922549 -9.531345 -75.746265 5.089596 -2.619008 -2.464804 -1.573960 2.681860 4.317966 2.099915 -11.412831 13.901145 -28.876073 -8.942117 3.263461 -21.457133 -21.983116 0.000003 0.000004 0.000002 -9.108295 -0.517864 2.259844 0.010831 -6.746219 8.585238 1.976129 -0.788220 12.798886 0.941394 -0.852376 11.541964 -0.000005 -0.000003 -0.000001 -9.532508 -0.000042 -0.000020 1.186126 -3.079117 9.533194 -1.077261 -0.797427 9.054381 0.276071 -0.984854 11.510250 -0.000002 0.000002 0.000001 -9.103603 -0.043079 -1.865125 -1.645575 -3.752090 9.056861 -4.650955 -2.294144 19.849163 -2.807913 -1.469998 13.121435 -0.000001 0.000004 -0.000002 -8.076703 -0.486713 -3.806268 -6.761198 -4.579589 9.316143 0.164312 -0.334515 13.307436 -4.518150 -3.229440 17.014167 0.000003 0.000002 -0.000003 4.570448 11.014728 -2.160854 14.877691 -5.652323 19.377930 -59.555787 -17.342566 11.949489 154.466586 -161.452053 175.090192 -72.138723 -10.636690 5.772887 2.466132 -1.576217 2.681732 5.053098 -0.324284 11.996479 13.679234 26.949521 8.589516 2.200285 15.291443 20.936415 0.000007 0.000002 0.000000 9.109295 -0.518051 2.259866 0.085574 7.048918 -9.142534 2.008049 1.084994 -12.705369 0.963287 1.071201 -11.502347 0.000000 0.000001 0.000002 9.533408 0.000035 0.000039 1.222678 3.343282 -10.168417 -1.051724 1.081422 -8.942754 0.298326 1.183129 -11.441172 -0.000000 -0.000001 0.000003 9.104515 -0.043036 -1.865082 -1.589825 4.115167 -9.661848 -4.585152 2.671997 -19.711325 -2.773591 1.726358 -13.055840 -0.000001 0.000005 0.000003 8.077783 -0.486871 -3.806268 -6.650216 5.274366 -9.884221 0.274386 0.666833 -13.197698 -4.366036 3.496910 -16.958012 -0.000000 -0.000001 0.000001 -8.207786 -6.751667 -1.599565 -43.778016 -27.039959 -21.173171 72.416712 -4.364396 -9.953030 -29.162203 2.723732 9.467975 1.226766 0.000003 0.000008 -0.000000 0.000001 -0.000000 8.207791 -6.751713 -1.599556 -40.967625 26.461755 32.039605 77.284970 -9.816422 9.987978 -40.895717 -19.626376 -2.472912 1.348921 0.003415 -0.582313 -0.000000 0.000000 0.000000 
0.191181 83.568703 1.157997 -5.173998 -2.181562 -4.225760 -0.000006 10.181591 0.131522 7.486624 1.380053 6.481893 -4.004939 -0.059513 2.988433 -4.019670 -0.542547 -0.015807 0.000001 16.740408 -2.049041 8.927138 -0.205662 -1.249356 0.000001 9.617896 1.685008 6.784055 -0.450678 -4.473234 0.000002 22.037338 7.501098 0.000001 -0.000000 0.000000 -4.569965 11.014930 -2.160885 14.732298 4.892481 -22.415115 -55.377722 19.543966 -11.006101 -15.880675 14.922549 -9.531345 -75.746265 5.089596 -2.619008 -2.464804 -1.573960 2.681860 4.317966 2.099915 -11.412831 13.901145 -28.876073 -8.942117 3.263461 -21.457133 -21.983116 0.000003 0.000004 0.000002 -9.108295 -0.517864 2.259844 0.010831 -6.746219 8.585238 1.976129 -0.788220 12.798886 0.941394 -0.852376 11.541964 -0.000005 -0.000003 -0.000001 -9.532508 -0.000042 -0.000020 1.186126 -3.079117 9.533194 -1.077261 -0.797427 9.054381 0.276071 -0.984854 11.510250 -0.000002 0.000002 0.000001 -9.103603 -0.043079 -1.865125 -1.645575 -3.752090 9.056861 -4.650955 -2.294144 19.849163 -2.807913 -1.469998 13.121435 -0.000001 0.000004 -0.000002 -8.076703 -0.486713 -3.806268 -6.761198 -4.579589 9.316143 0.164312 -0.334515 13.307436 -4.518150 -3.229440 17.014167 0.000003 0.000002 -0.000003 4.570448 11.014728 -2.160854 14.877691 -5.652323 19.377930 -59.555787 -17.342566 11.949489 154.466586 -161.452053 175.090192 -72.138723 -10.636690 5.772887 2.466132 -1.576217 2.681732 5.053098 -0.324284 11.996479 13.679234 26.949521 8.589516 2.200285 15.291443 20.936415 0.000007 0.000002 0.000000 9.109295 -0.518051 2.259866 0.085574 7.048918 -9.142534 2.008049 1.084994 -12.705369 0.963287 1.071201 -11.502347 0.000000 0.000001 0.000002 9.533408 0.000035 0.000039 1.222678 3.343282 -10.168417 -1.051724 1.081422 -8.942754 0.298326 1.183129 -11.441172 -0.000000 -0.000001 0.000003 9.104515 -0.043036 -1.865082 -1.589825 4.115167 -9.661848 -4.585152 2.671997 -19.711325 -2.773591 1.726358 -13.055840 -0.000001 0.000005 0.000003 8.077783 -0.486871 -3.806268 -6.650216 5.274366 -9.884221 0.274386 0.666833 -13.197698 -4.366036 3.496910 -16.958012 -0.000000 -0.000001 0.000001 -8.207786 -6.751667 -1.599565 -43.778016 -27.039959 -21.173171 72.416712 -4.364396 -9.953030 -29.162203 2.723732 9.467975 1.226766 0.000003 0.000008 -0.000000 0.000001 -0.000000 8.207791 -6.751713 -1.599556 -40.967625 26.461755 32.039605 77.284970 -9.816422 9.987978 -40.895717 -19.626376 -2.472912 1.348921 0.003415 -0.582313 -0.000000 0.000000 0.000000 
0.191181 83.568703 1.157997 -5.173998 -2.181562 -4.225760 -0.000006 10.181591 0.131522 7.486624 1.380053 6.481893 -4.004939 -0.059513 2.988433 -4.019670 -0.542547 -0.015807 0.000001 16.740408 -2.049041 8.927138 -0.205662 -1.249356 0.000001 9.617896 1.685008 6.784055 -0.450678 -4.473234 0.000002 22.037338 7.501098 0.000001 -0.000000 0.000000 -4.569965 11.014930 -2.160885 14.732298 4.892481 -22.415115 -55.377722 19.543966 -11.006101 -15.880675 14.922549 -9.531345 -75.746265 5.089596 -2.619008 -2.464804 -1.573960 2.681860 4.317966 2.099915 -11.412831 13.901145 -28.876073 -8.942117 3.263461 -21.457133 -21.983116 0.000003 0.000004 0.000002 -9.108295 -0.517864 2.259844 0.010831 -6.746219 8.585238 1.976129 -0.788220 12.798886 0.941394 -0.852376 11.541964 -0.000005 -0.000003 -0.000001 -9.532508 -0.000042 -0.000020 1.186126 -3.079117 9.533194 -1.077261 -0.797427 9.054381 0.276071 -0.984854 11.510250 -0.000002 0.000002 0.000001 -9.103603 -0.043079 -1.865125 -1.645575 -3.752090 9.056861 -4.650955 -2.294144 19.849163 -2.807913 -1.469998 13.121435 -0.000001 0.000004 -0.000002 -8.076703 -0.486713 -3.806268 -6.761198 -4.579589 9.316143 0.164312 -0.334515 13.307436 -4.518150 -3.229440 17.014167 0.000003 0.000002 -0.000003 4.570448 11.014728 -2.160854 14.877691 -5.652323 19.377930 -59.555787 -17.342566 11.949489 154.466586 -161.452053 175.090192 -72.138723 -10.636690 5.772887 2.466132 -1.576217 2.681732 5.053098 -0.324284 11.996479 13.679234 26.949521 8.589516 2.200285 15.291443 20.936415 0.000007 0.000002 0.000000 9.109295 -0.518051 2.259866 0.085574 7.048918 -9.142534 2.008049 1.084994 -12.705369 0.963287 1.071201 -11.502347 0.000000 0.000001 0.000002 9.533408 0.000035 0.000039 1.222678 3.343282 -10.168417 -1.051724 1.081422 -8.942754 0.298326 1.183129 -11.441172 -0.000000 -0.000001 0.000003 9.104515 -0.043036 -1.865082 -1.589825 4.115167 -9.661848 -4.585152 2.671997 -19.711325 -2.773591 1.726358 -13.055840 -0.000001 0.000005 0.000003 8.077783 -0.486871 -3.806268 -6.650216 5.274366 -9.884221 0.274386 0.666833 -13.197698 -4.366036 3.496910 -16.958012 -0.000000 -0.000001 0.000001 -8.207786 -6.751667 -1.599565 -43.778016 -27.039959 -21.173171 72.416712 -4.364396 -9.953030 -29.162203 2.723732 9.467975 1.226766 0.000003 0.000008 -0.000000 0.000001 -0.000000 8.207791 -6.751713 -1.599556 -40.967625 26.461755 32.039605 77.284970 -9.816422 9.987978 -40.895717 -19.626376 -2.472912 1.348921 0.003415 -0.582313 -0.000000 0.000000 0.000000 
0.191181 83.568703 1.157997 -5.173998 -2.181562 -4.225760 -0.000006 10.181591 0.131522 7.486624 1.380053 6.481893 -4.004939 -0.059513 2.988433 -4.019670 -0.542547 -0.015807 0.000001 16.740408 -2.049041 8.927138 -0.205662 -1.249356 0.000001 9.617896 1.685008 6.784055 -0.450678 -4.473234 0.000002 22.037338 7.501098 0.000001 -0.000000 0.000000 -4.569965 11.014930 -2.160885 14.732298 4.892481 -22.415115 -55.377722 19.543966 -11.006101 -15.880675 14.922549 -9.531345 -75.746265 5.089596 -2.619008 -2.464804 -1.573960 2.681860 4.317966 2.099915 -11.412831 13.901145 -28.876073 -8.942117 3.263461 -21.457133 -21.983116 0.000003 0.000004 0.000002 -9.108295 -0.517864 2.259844 0.010831 -6.746219 8.585238 1.976129 -0.788220 12.798886 0.941394 -0.852376 11.541964 -0.000005 -0.000003 -0.000001 -9.532508 -0.000042 -0.000020 1.186126 -3.079117 9.533194 -1.077261 -0.797427 9.054381 0.276071 -0.984854 11.510250 -0.000002 0.000002 0.000001 -9.103603 -0.043079 -1.865125 -1.645575 -3.752090 9.056861 -4.650955 -2.294144 19.849163 -2.807913 -1.469998 13.121435 -0.000001 0.000004 -0.000002 -8.076703 -0.486713 -3.806268 -6.761198 -4.579589 9.316143 0.164312 -0.334515 13.307436 -4.518150 -3.229440 17.014167 0.000003 0.000002 -0.000003 4.570448 11.014728 -2.160854 14.877691 -5.652323 19.377930 -59.555787 -17.342566 11.949489 154.466586 -161.452053 175.090192 -72.138723 -10.636690 5.772887 2.466132 -1.576217 2.681732 5.053098 -0.324284 11.996479 13.679234 26.949521 8.589516 2.200285 15.291443 20.936415 0.000007 0.000002 0.000000 9.109295 -0.518051 2.259866 0.085574 7.048918 -9.142534 2.008049 1.084994 -12.705369 0.963287 1.071201 -11.502347 0.000000 0.000001 0.000002 9.533408 0.000035 0.000039 1.222678 3.343282 -10.168417 -1.051724 1.081422 -8.942754 0.298326 1.183129 -11.441172 -0.000000 -0.000001 0.000003 9.104515 -0.043036 -1.865082 -1.589825 4.115167 -9.661848 -4.585152 2.671997 -19.711325 -2.773591 1.726358 -13.055840 -0.000001 0.000005 0.000003 8.077783 -0.486871 -3.806268 -6.650216 5.274366 -9.884221 0.274386 0.666833 -13.197698 -4.366036 3.496910 -16.958012 -0.000000 -0.000001 0.000001 -8.207786 -6.751667 -1.599565 -43.778016 -27.039959 -21.173171 72.416712 -4.364396 -9.953030 -29.162203 2.723732 9.467975 1.226766 0.000003 0.000008 -0.000000 0.000001 -0.000000 8.207791 -6.751713 -1.599556 -40.967625 26.461755 32.039605 77.284970 -9.816422 9.987978 -40.895717 -19.626376 -2.472912 1.348921 0.003415 -0.582313 -0.000000 0.000000 0.000000 
0.191181 83.568703 1.157997 -5.173998 -2.181562 -4.225760 -0.000006 10.181591 0.131522 7.486624 1.380053 6.481893 -4.004939 -0.059513 2.988433 -4.019670 -0.542547 -0.015807 0.000001 16.740408 -2.049041 8.927138 -0.205662 -1.249356 0.000001 9.617896 1.685008 6.784055 -0.450678 -4.473234 0.000002 22.037338 7.501098 0.000001 -0.000000 0.000000 -4.569965 11.014930 -2.160885 14.732298 4.892481 -22.415115 -55.377722 19.543966 -11.006101 -15.880675 14.922549 -9.531345 -75.746265 5.089596 -2.619008 -2.464804 -1.573960 2.681860 4.317966 2.099915 -11.412831 13.901145 -28.876073 -8.942117 3.263461 -21.457133 -21.983116 0.000003 0.000004 0.000002 -9.108295 -0.517864 2.259844 0.010831 -6.746219 8.585238 1.976129 -0.788220 12.798886 0.941394 -0.852376 11.541964 -0.000005 -0.000003 -0.000001 -9.532508 -0.000042 -0.000020 1.186126 -3.079117 9.533194 -1.077261 -0.797427 9.054381 0.276071 -0.984854 11.510250 -0.000002 0.000002 0.000001 -9.103603 -0.043079 -1.865125 -1.645575 -3.752090 9.056861 -4.650955 -2.294144 19.849163 -2.807913 -1.469998 13.121435 -0.000001 0.000004 -0.000002 -8.076703 -0.486713 -3.806268 -6.761198 -4.579589 9.316143 0.164312 -0.334515 13.307436 -4.518150 -3.229440 17.014167 0.000003 0.000002 -0.000003 4.570448 11.014728 -2.160854 14.877691 -5.652323 19.377930 -59.555787 -17.342566 11.949489 154.466586 -161.452053 175.090192 -72.138723 -10.636690 5.772887 2.466132 -1.576217 2.681732 5.053098 -0.324284 11.996479 13.679234 26.949521 8.589516 2.200285 15.291443 20.936415 0.000007 0.000002 0.000000 9.109295 -0.518051 2.259866 0.085574 7.048918 -9.142534 2.008049 1.084994 -12.705369 0.963287 1.071201 -11.502347 0.000000 0.000001 0.000002 9.533408 0.000035 0.000039 1.222678 3.343282 -10.168417 -1.051724 1.081422 -8.942754 0.298326 1.183129 -11.441172 -0.000000 -0.000001 0.000003 9.104515 -0.043036 -1.865082 -1.589825 4.115167 -9.661848 -4.585152 2.671997 -19.711325 -2.773591 1.726358 -13.055840 -0.000001 0.000005 0.000003 8.077783 -0.486871 -3.806268 -6.650216 5.274366 -9.884221 0.274386 0.666833 -13.197698 -4.366036 3.496910 -16.958012 -0.000000 -0.000001 0.000001 -8.207786 -6.751667 -1.599565 -43.778016 -27.039959 -21.173171 72.416712 -4.364396 -9.953030 -29.162203 2.723732 9.467975 1.226766 0.000003 0.000008 -0.000000 0.000001 -0.000000 8.207791 -6.751713 -1.599556 -40.967625 26.461755 32.039605 77.284970 -9.816422 9.987978 -40.895717 -19.626376 -2.472912 1.348921 0.003415 -0.582313 -0.000000 0.000000 0.000000 
0.191181 83.568703 1.157997 -5.173998 -2.181562 -4.225760 -0.000006 10.181591 0.131522 7.486624 1.380053 6.481893 -4.004939 -0.059513 2.988433 -4.019670 -0.542547 -0.015807 0.000001 16.740408 -2.049041 8.927138 -0.205662 -1.249356 0.000001 9.617896 1.685008 6.784055 -0.450678 -4.473234 0.000002 22.037338 7.501098 0.000001 -0.000000 0.000000 -4.569965 11.014930 -2.160885 14.732298 4.892481 -22.415115 -55.377722 19.543966 -11.006101 -15.880675 14.922549 -9.531345 -75.746265 5.089596 -2.619008 -2.464804 -1.573960 2.681860 4.317966 2.099915 -11.412831 13.901145 -28.876073 -8.942117 3.263461 -21.457133 -21.983116 0.000003 0.000004 0.000002 -9.108295 -0.517864 2.259844 0.010831 -6.746219 8.585238 1.976129 -0.788220 12.798886 0.941394 -0.852376 11.541964 -0.000005 -0.000003 -0.000001 -9.532508 -0.000042 -0.000020 1.186126 -3.079117 9.533194 -1.077261 -0.797427 9.054381 0.276071 -0.984854 11.510250 -0.000002 0.000002 0.000001 -9.103603 -0.043079 -1.865125 -1.645575 -3.752090 9.056861 -4.650955 -2.294144 19.849163 -2.807913 -1.469998 13.121435 -0.000001 0.000004 -0.000002 -8.076703 -0.486713 -3.806268 -6.761198 -4.579589 9.316143 0.164312 -0.334515 13.307436 -4.518150 -3.229440 17.014167 0.000003 0.000002 -0.000003 4.570448 11.014728 -2.160854 14.877691 -5.652323 19.377930 -59.555787 -17.342566 11.949489 154.466586 -161.452053 175.090192 -72.138723 -10.636690 5.772887 2.466132 -1.576217 2.681732 5.053098 -0.324284 11.996479 13.679234 26.949521 8.589516 2.200285 15.291443 20.936415 0.000007 0.000002 0.000000 9.109295 -0.518051 2.259866 0.085574 7.048918 -9.142534 2.008049 1.084994 -12.705369 0.963287 1.071201 -11.502347 0.000000 0.000001 0.000002 9.533408 0.000035 0.000039 1.222678 3.343282 -10.168417 -1.051724 1.081422 -8.942754 0.298326 1.183129 -11.441172 -0.000000 -0.000001 0.000003 9.104515 -0.043036 -1.865082 -1.589825 4.115167 -9.661848 -4.585152 2.671997 -19.711325 -2.773591 1.726358 -13.055840 -0.000001 0.000005 0.000003 8.077783 -0.486871 -3.806268 -6.650216 5.274366 -9.884221 0.274386 0.666833 -13.197698 -4.366036 3.496910 -16.958012 -0.000000 -0.000001 0.000001 -8.207786 -6.751667 -1.599565 -43.778016 -27.039959 -21.173171 72.416712 -4.364396 -9.953030 -29.162203 2.723732 9.467975 1.226766 0.000003 0.000008 -0.000000 0.000001 -0.000000 8.207791 -6.751713 -1.599556 -40.967625 26.461755 32.039605 77.284970 -9.816422 9.987978 -40.895717 -19.626376 -2.472912 1.348921 0.003415 -0.582313 -0.000000 0.000000 0.000000 
0.191181 83.568703 1.157997 -5.173998 -2.181562 -4.225760 -0.000006 10.181591 0.131522 7.486624 1.380053 6.481893 -4.004939 -0.059513 2.988433 -4.019670 -0.542547 -0.015807 0.000001 16.740408 -2.049041 8.927138 -0.205662 -1.249356 0.000001 9.617896 1.685008 6.784055 -0.450678 -4.473234 0.000002 22.037338 7.501098 0.000001 -0.000000 0.000000 -4.569965 11.014930 -2.160885 14.732298 4.892481 -22.415115 -55.377722 19.543966 -11.006101 -15.880675 14.922549 -9.531345 -75.746265 5.089596 -2.619008 -2.464804 -1.573960 2.681860 4.317966 2.099915 -11.412831 13.901145 -28.876073 -8.942117 3.263461 -21.457133 -21.983116 0.000003 0.000004 0.000002 -9.108295 -0.517864 2.259844 0.010831 -6.746219 8.585238 1.976129 -0.788220 12.798886 0.941394 -0.852376 11.541964 -0.000005 -0.000003 -0.000001 -9.532508 -0.000042 -0.000020 1.186126 -3.079117 9.533194 -1.077261 -0.797427 9.054381 0.276071 -0.984854 11.510250 -0.000002 0.000002 0.000001 -9.103603 -0.043079 -1.865125 -1.645575 -3.752090 9.056861 -4.650955 -2.294144 19.849163 -2.807913 -1.469998 13.121435 -0.000001 0.000004 -0.000002 -8.076703 -0.486713 -3.806268 -6.761198 -4.579589 9.316143 0.164312 -0.334515 13.307436 -4.518150 -3.229440 17.014167 0.000003 0.000002 -0.000003 4.570448 11.014728 -2.160854 14.877691 -5.652323 19.377930 -59.555787 -17.342566 11.949489 154.466586 -161.452053 175.090192 -72.138723 -10.636690 5.772887 2.466132 -1.576217 2.681732 5.053098 -0.324284 11.996479 13.679234 26.949521 8.589516 2.200285 15.291443 20.936415 0.000007 0.000002 0.000000 9.109295 -0.518051 2.259866 0.085574 7.048918 -9.142534 2.008049 1.084994 -12.705369 0.963287 1.071201 -11.502347 0.000000 0.000001 0.000002 9.533408 0.000035 0.000039 1.222678 3.343282 -10.168417 -1.051724 1.081422 -8.942754 0.298326 1.183129 -11.441172 -0.000000 -0.000001 0.000003 9.104515 -0.043036 -1.865082 -1.589825 4.115167 -9.661848 -4.585152 2.671997 -19.711325 -2.773591 1.726358 -13.055840 -0.000001 0.000005 0.000003 8.077783 -0.486871 -3.806268 -6.650216 5.274366 -9.884221 0.274386 0.666833 -13.197698 -4.366036 3.496910 -16.958012 -0.000000 -0.000001 0.000001 -8.207786 -6.751667 -1.599565 -43.778016 -27.039959 -21.173171 72.416712 -4.364396 -9.953030 -29.162203 2.723732 9.467975 1.226766 0.000003 0.000008 -0.000000 0.000001 -0.000000 8.207791 -6.751713 -1.599556 -40.967625 26.461755 32.039605 77.284970 -9.816422 9.987978 -40.895717 -19.626376 -2.472912 1.348921 0.003415 -0.582313 -0.000000 0.000000 0.000000 
0.191181 83.568703 1.157997 -5.173998 -2.181562 -4.225760 -0.000006 10.181591 0.131522 7.486624 1.380053 6.481893 -4.004939 -0.059513 2.988433 -4.019670 -0.542547 -0.015807 0.000001 16.740408 -2.049041 8.927138 -0.205662 -1.249356 0.000001 9.617896 1.685008 6.784055 -0.450678 -4.473234 0.000002 22.037338 7.501098 0.000001 -0.000000 0.000000 -4.569965 11.014930 -2.160885 14.732298 4.892481 -22.415115 -55.377722 19.543966 -11.006101 -15.880675 14.922549 -9.531345 -75.746265 5.089596 -2.619008 -2.464804 -1.573960 2.681860 4.317966 2.099915 -11.412831 13.901145 -28.876073 -8.942117 3.263461 -21.457133 -21.983116 0.000003 0.000004 0.000002 -9.108295 -0.517864 2.259844 0.010831 -6.746219 8.585238 1.976129 -0.788220 12.798886 0.941394 -0.852376 11.541964 -0.000005 -0.000003 -0.000001 -9.532508 -0.000042 -0.000020 1.186126 -3.079117 9.533194 -1.077261 -0.797427 9.054381 0.276071 -0.984854 11.510250 -0.000002 0.000002 0.000001 -9.103603 -0.043079 -1.865125 -1.645575 -3.752090 9.056861 -4.650955 -2.294144 19.849163 -2.807913 -1.469998 13.121435 -0.000001 0.000004 -0.000002 -8.076703 -0.486713 -3.806268 -6.761198 -4.579589 9.316143 0.164312 -0.334515 13.307436 -4.518150 -3.229440 17.014167 0.000003 0.000002 -0.000003 4.570448 11.014728 -2.160854 14.877691 -5.652323 19.377930 -59.555787 -17.342566 11.949489 154.466586 -161.452053 175.090192 -72.138723 -10.636690 5.772887 2.466132 -1.576217 2.681732 5.053098 -0.324284 11.996479 13.679234 26.949521 8.589516 2.200285 15.291443 20.936415 0.000007 0.000002 0.000000 9.109295 -0.518051 2.259866 0.085574 7.048918 -9.142534 2.008049 1.084994 -12.705369 0.963287 1.071201 -11.502347 0.000000 0.000001 0.000002 9.533408 0.000035 0.000039 1.222678 3.343282 -10.168417 -1.051724 1.081422 -8.942754 0.298326 1.183129 -11.441172 -0.000000 -0.000001 0.000003 9.104515 -0.043036 -1.865082 -1.589825 4.115167 -9.661848 -4.585152 2.671997 -19.711325 -2.773591 1.726358 -13.055840 -0.000001 0.000005 0.000003 8.077783 -0.486871 -3.806268 -6.650216 5.274366 -9.884221 0.274386 0.666833 -13.197698 -4.366036 3.496910 -16.958012 -0.000000 -0.000001 0.000001 -8.207786 -6.751667 -1.599565 -43.778016 -27.039959 -21.173171 72.416712 -4.364396 -9.953030 -29.162203 2.723732 9.467975 1.226766 0.000003 0.000008 -0.000000 0.000001 -0.000000 8.207791 -6.751713 -1.599556 -40.967625 26.461755 32.039605 77.284970 -9.816422 9.987978 -40.895717 -19.626376 -2.472912 1.348921 0.003415 -0.582313 -0.000000 0.000000 0.000000 
0.191181 83.568703 1.157997 -5.173998 -2.181562 -4.225760 -0.000006 10.181591 0.131522 7.486624 1.380053 6.481893 -4.004939 -0.059513 2.988433 -4.019670 -0.542547 -0.015807 0.000001 16.740408 -2.049041 8.927138 -0.205662 -1.249356 0.000001 9.617896 1.685008 6.784055 -0.450678 -4.473234 0.000002 22.037338 7.501098 0.000001 -0.000000 0.000000 -4.569965 11.014930 -2.160885 14.732298 4.892481 -22.415115 -55.377722 19.543966 -11.006101 -15.880675 14.922549 -9.531345 -75.746265 5.089596 -2.619008 -2.464804 -1.573960 2.681860 4.317966 2.099915 -11.412831 13.901145 -28.876073 -8.942117 3.263461 -21.457133 -21.983116 0.000003 0.000004 0.000002 -9.108295 -0.517864 2.259844 0.010831 -6.746219 8.585238 1.976129 -0.788220 12.798886 0.941394 -0.852376 11.541964 -0.000005 -0.000003 -0.000001 -9.532508 -0.000042 -0.000020 1.186126 -3.079117 9.533194 -1.077261 -0.797427 9.054381 0.276071 -0.984854 11.510250 -0.000002 0.000002 0.000001 -9.103603 -0.043079 -1.865125 -1.645575 -3.752090 9.056861 -4.650955 -2.294144 19.849163 -2.807913 -1.469998 13.121435 -0.000001 0.000004 -0.000002 -8.076703 -0.486713 -3.806268 -6.761198 -4.579589 9.316143 0.164312 -0.334515 13.307436 -4.518150 -3.229440 17.014167 0.000003 0.000002 -0.000003 4.570448 11.014728 -2.160854 14.877691 -5.652323 19.377930 -59.555787 -17.342566 11.949489 154.466586 -161.452053 175.090192 -72.138723 -10.636690 5.772887 2.466132 -1.576217 2.681732 5.053098 -0.324284 11.996479 13.679234 26.949521 8.589516 2.200285 15.291443 20.936415 0.000007 0.000002 0.000000 9.109295 -0.518051 2.259866 0.085574 7.048918 -9.142534 2.008049 1.084994 -12.705369 0.963287 1.071201 -11.502347 0.000000 0.000001 0.000002 9.533408 0.000035 0.000039 1.222678 3.343282 -10.168417 -1.051724 1.081422 -8.942754 0.298326 1.183129 -11.441172 -0.000000 -0.000001 0.000003 9.104515 -0.043036 -1.865082 -1.589825 4.115167 -9.661848 -4.585152 2.671997 -19.711325 -2.773591 1.726358 -13.055840 -0.000001 0.000005 0.000003 8.077783 -0.486871 -3.806268 -6.650216 5.274366 -9.884221 0.274386 0.666833 -13.197698 -4.366036 3.496910 -16.958012 -0.000000 -0.000001 0.000001 -8.207786 -6.751667 -1.599565 -43.778016 -27.039959 -21.173171 72.416712 -4.364396 -9.953030 -29.162203 2.723732 9.467975 1.226766 0.000003 0.000008 -0.000000 0.000001 -0.000000 8.207791 -6.751713 -1.599556 -40.967625 26.461755 32.039605 77.284970 -9.816422 9.987978 -40.895717 -19.626376 -2.472912 1.348921 0.003415 -0.582313 -0.000000 0.000000 0.000000 
0.191181 83.568703 1.157997 -5.173998 -2.181562 -4.225760 -0.000006 10.181591 0.131522 7.486624 1.380053 6.481893 -4.004939 -0.059513 2.988433 -4.019670 -0.542547 -0.015807 0.000001 16.740408 -2.049041 8.927138 -0.205662 -1.249356 0.000001 9.617896 1.685008 6.784055 -0.450678 -4.473234 0.000002 22.037338 7.501098 0.000001 -0.000000 0.000000 -4.569965 11.014930 -2.160885 14.732298 4.892481 -22.415115 -55.377722 19.543966 -11.006101 -15.880675 14.922549 -9.531345 -75.746265 5.089596 -2.619008 -2.464804 -1.573960 2.681860 4.317966 2.099915 -11.412831 13.901145 -28.876073 -8.942117 3.263461 -21.457133 -21.983116 0.000003 0.000004 0.000002 -9.108295 -0.517864 2.259844 0.010831 -6.746219 8.585238 1.976129 -0.788220 12.798886 0.941394 -0.852376 11.541964 -0.000005 -0.000003 -0.000001 -9.532508 -0.000042 -0.000020 1.186126 -3.079117 9.533194 -1.077261 -0.797427 9.054381 0.276071 -0.984854 11.510250 -0.000002 0.000002 0.000001 -9.103603 -0.043079 -1.865125 -1.645575 -3.752090 9.056861 -4.650955 -2.294144 19.849163 -2.807913 -1.469998 13.121435 -0.000001 0.000004 -0.000002 -8.076703 -0.486713 -3.806268 -6.761198 -4.579589 9.316143 0.164312 -0.334515 13.307436 -4.518150 -3.229440 17.014167 0.000003 0.000002 -0.000003 4.570448 11.014728 -2.160854 14.877691 -5.652323 19.377930 -59.555787 -17.342566 11.949489 154.466586 -161.452053 175.090192 -72.138723 -10.636690 5.772887 2.466132 -1.576217 2.681732 5.053098 -0.324284 11.996479 13.679234 26.949521 8.589516 2.200285 15.291443 20.936415 0.000007 0.000002 0.000000 9.109295 -0.518051 2.259866 0.085574 7.048918 -9.142534 2.008049 1.084994 -12.705369 0.963287 1.071201 -11.502347 0.000000 0.000001 0.000002 9.533408 0.000035 0.000039 1.222678 3.343282 -10.168417 -1.051724 1.081422 -8.942754 0.298326 1.183129 -11.441172 -0.000000 -0.000001 0.000003 9.104515 -0.043036 -1.865082 -1.589825 4.115167 -9.661848 -4.585152 2.671997 -19.711325 -2.773591 1.726358 -13.055840 -0.000001 0.000005 0.000003 8.077783 -0.486871 -3.806268 -6.650216 5.274366 -9.884221 0.274386 0.666833 -13.197698 -4.366036 3.496910 -16.958012 -0.000000 -0.000001 0.000001 -8.207786 -6.751667 -1.599565 -43.778016 -27.039959 -21.173171 72.416712 -4.364396 -9.953030 -29.162203 2.723732 9.467975 1.226766 0.000003 0.000008 -0.000000 0.000001 -0.000000 8.207791 -6.751713 -1.599556 -40.967625 26.461755 32.039605 77.284970 -9.816422 9.987978 -40.895717 -19.626376 -2.472912 1.348921 0.003415 -0.582313 -0.000000 0.000000 0.000000 
0.191181 83.568703 1.157997 -5.173998 -2.181562 -4.225760 -0.000006 10.181591 0.131522 7.486624 1.380053 6.481893 -4.004939 -0.059513 2.988433 -4.019670 -0.542547 -0.015807 0.000001 16.740408 -2.049041 8.927138 -0.205662 -1.249356 0.000001 9.617896 1.685008 6.784055 -0.450678 -4.473234 0.000002 22.037338 7.501098 0.000001 -0.000000 0.000000 -4.569965 11.014930 -2.160885 14.732298 4.892481 -22.415115 -55.377722 19.543966 -11.006101 -15.880675 14.922549 -9.531345 -75.746265 5.089596 -2.619008 -2.464804 -1.573960 2.681860 4.317966 2.099915 -11.412831 13.901145 -28.876073 -8.942117 3.263461 -21.457133 -21.983116 0.000003 0.000004 0.000002 -9.108295 -0.517864 2.259844 0.010831 -6.746219 8.585238 1.976129 -0.788220 12.798886 0.941394 -0.852376 11.541964 -0.000005 -0.000003 -0.000001 -9.532508 -0.000042 -0.000020 1.186126 -3.079117 9.533194 -1.077261 -0.797427 9.054381 0.276071 -0.984854 11.510250 -0.000002 0.000002 0.000001 -9.103603 -0.043079 -1.865125 -1.645575 -3.752090 9.056861 -4.650955 -2.294144 19.849163 -2.807913 -1.469998 13.121435 -0.000001 0.000004 -0.000002 -8.076703 -0.486713 -3.806268 -6.761198 -4.579589 9.316143 0.164312 -0.334515 13.307436 -4.518150 -3.229440 17.014167 0.000003 0.000002 -0.000003 4.570448 11.014728 -2.160854 14.877691 -5.652323 19.377930 -59.555787 -17.342566 11.949489 154.466586 -161.452053 175.090192 -72.138723 -10.636690 5.772887 2.466132 -1.576217 2.681732 5.053098 -0.324284 11.996479 13.679234 26.949521 8.589516 2.200285 15.291443 20.936415 0.000007 0.000002 0.000000 9.109295 -0.518051 2.259866 0.085574 7.048918 -9.142534 2.008049 1.084994 -12.705369 0.963287 1.071201 -11.502347 0.000000 0.000001 0.000002 9.533408 0.000035 0.000039 1.222678 3.343282 -10.168417 -1.051724 1.081422 -8.942754 0.298326 1.183129 -11.441172 -0.000000 -0.000001 0.000003 9.104515 -0.043036 -1.865082 -1.589825 4.115167 -9.661848 -4.585152 2.671997 -19.711325 -2.773591 1.726358 -13.055840 -0.000001 0.000005 0.000003 8.077783 -0.486871 -3.806268 -6.650216 5.274366 -9.884221 0.274386 0.666833 -13.197698 -4.366036 3.496910 -16.958012 -0.000000 -0.000001 0.000001 -8.207786 -6.751667 -1.599565 -43.778016 -27.039959 -21.173171 72.416712 -4.364396 -9.953030 -29.162203 2.723732 9.467975 1.226766 0.000003 0.000008 -0.000000 0.000001 -0.000000 8.207791 -6.751713 -1.599556 -40.967625 26.461755 32.039605 77.284970 -9.816422 9.987978 -40.895717 -19.626376 -2.472912 1.348921 0.003415 -0.582313 -0.000000 0.000000 0.000000 
0.191181 83.568703 1.157997 -5.173998 -2.181562 -4.225760 -0.000006 10.181591 0.131522 7.486624 1.380053 6.481893 -4.004939 -0.059513 2.988433 -4.019670 -0.542547 -0.015807 0.000001 16.740408 -2.049041 8.927138 -0.205662 -1.249356 0.000001 9.617896 1.685008 6.784055 -0.450678 -4.473234 0.000002 22.037338 7.501098 0.000001 -0.000000 0.000000 -4.569965 11.014930 -2.160885 14.732298 4.892481 -22.415115 -55.377722 19.543966 -11.006101 -15.880675 14.922549 -9.531345 -75.746265 5.089596 -2.619008 -2.464804 -1.573960 2.681860 4.317966 2.099915 -11.412831 13.901145 -28.876073 -8.942117 3.263461 -21.457133 -21.983116 0.000003 0.000004 0.000002 -9.108295 -0.517864 2.259844 0.010831 -6.746219 8.585238 1.976129 -0.788220 12.798886 0.941394 -0.852376 11.541964 -0.000005 -0.000003 -0.000001 -9.532508 -0.000042 -0.000020 1.186126 -3.079117 9.533194 -1.077261 -0.797427 9.054381 0.276071 -0.984854 11.510250 -0.000002 0.000002 0.000001 -9.103603 -0.043079 -1.865125 -1.645575 -3.752090 9.056861 -4.650955 -2.294144 19.849163 -2.807913 -1.469998 13.121435 -0.000001 0.000004 -0.000002 -8.076703 -0.486713 -3.806268 -6.761198 -4.579589 9.316143 0.164312 -0.334515 13.307436 -4.518150 -3.229440 17.014167 0.000003 0.000002 -0.000003 4.570448 11.014728 -2.160854 14.877691 -5.652323 19.377930 -59.555787 -17.342566 11.949489 154.466586 -161.452053 175.090192 -72.138723 -10.636690 5.772887 2.466132 -1.576217 2.681732 5.053098 -0.324284 11.996479 13.679234 26.949521 8.589516 2.200285 15.291443 20.936415 0.000007 0.000002 0.000000 9.109295 -0.518051 2.259866 0.085574 7.048918 -9.142534 2.008049 1.084994 -12.705369 0.963287 1.071201 -11.502347 0.000000 0.000001 0.000002 9.533408 0.000035 0.000039 1.222678 3.343282 -10.168417 -1.051724 1.081422 -8.942754 0.298326 1.183129 -11.441172 -0.000000 -0.000001 0.000003 9.104515 -0.043036 -1.865082 -1.589825 4.115167 -9.661848 -4.585152 2.671997 -19.711325 -2.773591 1.726358 -13.055840 -0.000001 0.000005 0.000003 8.077783 -0.486871 -3.806268 -6.650216 5.274366 -9.884221 0.274386 0.666833 -13.197698 -4.366036 3.496910 -16.958012 -0.000000 -0.000001 0.000001 -8.207786 -6.751667 -1.599565 -43.778016 -27.039959 -21.173171 72.416712 -4.364396 -9.953030 -29.162203 2.723732 9.467975 1.226766 0.000003 0.000008 -0.000000 0.000001 -0.000000 8.207791 -6.751713 -1.599556 -40.967625 26.461755 32.039605 77.284970 -9.816422 9.987978 -40.895717 -19.626376 -2.472912 1.348921 0.003415 -0.582313 -0.000000 0.000000 0.000000 
0.191181 83.568703 1.157997 -5.173998 -2.181562 -4.225760 -0.000006 10.181591 0.131522 7.486624 1.380053 6.481893 -4.004939 -0.059513 2.988433 -4.019670 -0.542547 -0.015807 0.000001 16.740408 -2.049041 8.927138 -0.205662 -1.249356 0.000001 9.617896 1.685008 6.784055 -0.450678 -4.473234 0.000002 22.037338 7.501098 0.000001 -0.000000 0.000000 -4.569965 11.014930 -2.160885 14.732298 4.892481 -22.415115 -55.377722 19.543966 -11.006101 -15.880675 14.922549 -9.531345 -75.746265 5.089596 -2.619008 -2.464804 -1.573960 2.681860 4.317966 2.099915 -11.412831 13.901145 -28.876073 -8.942117 3.263461 -21.457133 -21.983116 0.000003 0.000004 0.000002 -9.108295 -0.517864 2.259844 0.010831 -6.746219 8.585238 1.976129 -0.788220 12.798886 0.941394 -0.852376 11.541964 -0.000005 -0.000003 -0.000001 -9.532508 -0.000042 -0.000020 1.186126 -3.079117 9.533194 -1.077261 -0.797427 9.054381 0.276071 -0.984854 11.510250 -0.000002 0.000002 0.000001 -9.103603 -0.043079 -1.865125 -1.645575 -3.752090 9.056861 -4.650955 -2.294144 19.849163 -2.807913 -1.469998 13.121435 -0.000001 0.000004 -0.000002 -8.076703 -0.486713 -3.806268 -6.761198 -4.579589 9.316143 0.164312 -0.334515 13.307436 -4.518150 -3.229440 17.014167 0.000003 0.000002 -0.000003 4.570448 11.014728 -2.160854 14.877691 -5.652323 19.377930 -59.555787 -17.342566 11.949489 154.466586 -161.452053 175.090192 -72.138723 -10.636690 5.772887 2.466132 -1.576217 2.681732 5.053098 -0.324284 11.996479 13.679234 26.949521 8.589516 2.200285 15.291443 20.936415 0.000007 0.000002 0.000000 9.109295 -0.518051 2.259866 0.085574 7.048918 -9.142534 2.008049 1.084994 -12.705369 0.963287 1.071201 -11.502347 0.000000 0.000001 0.000002 9.533408 0.000035 0.000039 1.222678 3.343282 -10.168417 -1.051724 1.081422 -8.942754 0.298326 1.183129 -11.441172 -0.000000 -0.000001 0.000003 9.104515 -0.043036 -1.865082 -1.589825 4.115167 -9.661848 -4.585152 2.671997 -19.711325 -2.773591 1.726358 -13.055840 -0.000001 0.000005 0.000003 8.077783 -0.486871 -3.806268 -6.650216 5.274366 -9.884221 0.274386 0.666833 -13.197698 -4.366036 3.496910 -16.958012 -0.000000 -0.000001 0.000001 -8.207786 -6.751667 -1.599565 -43.778016 -27.039959 -21.173171 72.416712 -4.364396 -9.953030 -29.162203 2.723732 9.467975 1.226766 0.000003 0.000008 -0.000000 0.000001 -0.000000 8.207791 -6.751713 -1.599556 -40.967625 26.461755 32.039605 77.284970 -9.816422 9.987978 -40.895717 -19.626376 -2.472912 1.348921 0.003415 -0.582313 -0.000000 0.000000 0.000000 
0.191181 83.568703 1.157997 -5.173998 -2.181562 -4.225760 -0.000006 10.181591 0.131522 7.486624 1.380053 6.481893 -4.004939 -0.059513 2.988433 -4.019670 -0.542547 -0.015807 0.000001 16.740408 -2.049041 8.927138 -0.205662 -1.249356 0.000001 9.617896 1.685008 6.784055 -0.450678 -4.473234 0.000002 22.037338 7.501098 0.000001 -0.000000 0.000000 -4.569965 11.014930 -2.160885 14.732298 4.892481 -22.415115 -55.377722 19.543966 -11.006101 -15.880675 14.922549 -9.531345 -75.746265 5.089596 -2.619008 -2.464804 -1.573960 2.681860 4.317966 2.099915 -11.412831 13.901145 -28.876073 -8.942117 3.263461 -21.457133 -21.983116 0.000003 0.000004 0.000002 -9.108295 -0.517864 2.259844 0.010831 -6.746219 8.585238 1.976129 -0.788220 12.798886 0.941394 -0.852376 11.541964 -0.000005 -0.000003 -0.000001 -9.532508 -0.000042 -0.000020 1.186126 -3.079117 9.533194 -1.077261 -0.797427 9.054381 0.276071 -0.984854 11.510250 -0.000002 0.000002 0.000001 -9.103603 -0.043079 -1.865125 -1.645575 -3.752090 9.056861 -4.650955 -2.294144 19.849163 -2.807913 -1.469998 13.121435 -0.000001 0.000004 -0.000002 -8.076703 -0.486713 -3.806268 -6.761198 -4.579589 9.316143 0.164312 -0.334515 13.307436 -4.518150 -3.229440 17.014167 0.000003 0.000002 -0.000003 4.570448 11.014728 -2.160854 14.877691 -5.652323 19.377930 -59.555787 -17.342566 11.949489 154.466586 -161.452053 175.090192 -72.138723 -10.636690 5.772887 2.466132 -1.576217 2.681732 5.053098 -0.324284 11.996479 13.679234 26.949521 8.589516 2.200285 15.291443 20.936415 0.000007 0.000002 0.000000 9.109295 -0.518051 2.259866 0.085574 7.048918 -9.142534 2.008049 1.084994 -12.705369 0.963287 1.071201 -11.502347 0.000000 0.000001 0.000002 9.533408 0.000035 0.000039 1.222678 3.343282 -10.168417 -1.051724 1.081422 -8.942754 0.298326 1.183129 -11.441172 -0.000000 -0.000001 0.000003 9.104515 -0.043036 -1.865082 -1.589825 4.115167 -9.661848 -4.585152 2.671997 -19.711325 -2.773591 1.726358 -13.055840 -0.000001 0.000005 0.000003 8.077783 -0.486871 -3.806268 -6.650216 5.274366 -9.884221 0.274386 0.666833 -13.197698 -4.366036 3.496910 -16.958012 -0.000000 -0.000001 0.000001 -8.207786 -6.751667 -1.599565 -43.778016 -27.039959 -21.173171 72.416712 -4.364396 -9.953030 -29.162203 2.723732 9.467975 1.226766 0.000003 0.000008 -0.000000 0.000001 -0.000000 8.207791 -6.751713 -1.599556 -40.967625 26.461755 32.039605 77.284970 -9.816422 9.987978 -40.895717 -19.626376 -2.472912 1.348921 0.003415 -0.582313 -0.000000 0.000000 0.000000 
0.191181 83.568703 1.157997 -5.173998 -2.181562 -4.225760 -0.000006 10.181591 0.131522 7.486624 1.380053 6.481893 -4.004939 -0.059513 2.988433 -4.019670 -0.542547 -0.015807 0.000001 16.740408 -2.049041 8.927138 -0.205662 -1.249356 0.000001 9.617896 1.685008 6.784055 -0.450678 -4.473234 0.000002 22.037338 7.501098 0.000001 -0.000000 0.000000 -4.569965 11.014930 -2.160885 14.732298 4.892481 -22.415115 -55.377722 19.543966 -11.006101 -15.880675 14.922549 -9.531345 -75.746265 5.089596 -2.619008 -2.464804 -1.573960 2.681860 4.317966 2.099915 -11.412831 13.901145 -28.876073 -8.942117 3.263461 -21.457133 -21.983116 0.000003 0.000004 0.000002 -9.108295 -0.517864 2.259844 0.010831 -6.746219 8.585238 1.976129 -0.788220 12.798886 0.941394 -0.852376 11.541964 -0.000005 -0.000003 -0.000001 -9.532508 -0.000042 -0.000020 1.186126 -3.079117 9.533194 -1.077261 -0.797427 9.054381 0.276071 -0.984854 11.510250 -0.000002 0.000002 0.000001 -9.103603 -0.043079 -1.865125 -1.645575 -3.752090 9.056861 -4.650955 -2.294144 19.849163 -2.807913 -1.469998 13.121435 -0.000001 0.000004 -0.000002 -8.076703 -0.486713 -3.806268 -6.761198 -4.579589 9.316143 0.164312 -0.334515 13.307436 -4.518150 -3.229440 17.014167 0.000003 0.000002 -0.000003 4.570448 11.014728 -2.160854 14.877691 -5.652323 19.377930 -59.555787 -17.342566 11.949489 154.466586 -161.452053 175.090192 -72.138723 -10.636690 5.772887 2.466132 -1.576217 2.681732 5.053098 -0.324284 11.996479 13.679234 26.949521 8.589516 2.200285 15.291443 20.936415 0.000007 0.000002 0.000000 9.109295 -0.518051 2.259866 0.085574 7.048918 -9.142534 2.008049 1.084994 -12.705369 0.963287 1.071201 -11.502347 0.000000 0.000001 0.000002 9.533408 0.000035 0.000039 1.222678 3.343282 -10.168417 -1.051724 1.081422 -8.942754 0.298326 1.183129 -11.441172 -0.000000 -0.000001 0.000003 9.104515 -0.043036 -1.865082 -1.589825 4.115167 -9.661848 -4.585152 2.671997 -19.711325 -2.773591 1.726358 -13.055840 -0.000001 0.000005 0.000003 8.077783 -0.486871 -3.806268 -6.650216 5.274366 -9.884221 0.274386 0.666833 -13.197698 -4.366036 3.496910 -16.958012 -0.000000 -0.000001 0.000001 -8.207786 -6.751667 -1.599565 -43.778016 -27.039959 -21.173171 72.416712 -4.364396 -9.953030 -29.162203 2.723732 9.467975 1.226766 0.000003 0.000008 -0.000000 0.000001 -0.000000 8.207791 -6.751713 -1.599556 -40.967625 26.461755 32.039605 77.284970 -9.816422 9.987978 -40.895717 -19.626376 -2.472912 1.348921 0.003415 -0.582313 -0.000000 0.000000 0.000000 
0.191181 83.568703 1.157997 -5.173998 -2.181562 -4.225760 -0.000006 10.181591 0.131522 7.486624 1.380053 6.481893 -4.004939 -0.059513 2.988433 -4.019670 -0.542547 -0.015807 0.000001 16.740408 -2.049041 8.927138 -0.205662 -1.249356 0.000001 9.617896 1.685008 6.784055 -0.450678 -4.473234 0.000002 22.037338 7.501098 0.000001 -0.000000 0.000000 -4.569965 11.014930 -2.160885 14.732298 4.892481 -22.415115 -55.377722 19.543966 -11.006101 -15.880675 14.922549 -9.531345 -75.746265 5.089596 -2.619008 -2.464804 -1.573960 2.681860 4.317966 2.099915 -11.412831 13.901145 -28.876073 -8.942117 3.263461 -21.457133 -21.983116 0.000003 0.000004 0.000002 -9.108295 -0.517864 2.259844 0.010831 -6.746219 8.585238 1.976129 -0.788220 12.798886 0.941394 -0.852376 11.541964 -0.000005 -0.000003 -0.000001 -9.532508 -0.000042 -0.000020 1.186126 -3.079117 9.533194 -1.077261 -0.797427 9.054381 0.276071 -0.984854 11.510250 -0.000002 0.000002 0.000001 -9.103603 -0.043079 -1.865125 -1.645575 -3.752090 9.056861 -4.650955 -2.294144 19.849163 -2.807913 -1.469998 13.121435 -0.000001 0.000004 -0.000002 -8.076703 -0.486713 -3.806268 -6.761198 -4.579589 9.316143 0.164312 -0.334515 13.307436 -4.518150 -3.229440 17.014167 0.000003 0.000002 -0.000003 4.570448 11.014728 -2.160854 14.877691 -5.652323 19.377930 -59.555787 -17.342566 11.949489 154.466586 -161.452053 175.090192 -72.138723 -10.636690 5.772887 2.466132 -1.576217 2.681732 5.053098 -0.324284 11.996479 13.679234 26.949521 8.589516 2.200285 15.291443 20.936415 0.000007 0.000002 0.000000 9.109295 -0.518051 2.259866 0.085574 7.048918 -9.142534 2.008049 1.084994 -12.705369 0.963287 1.071201 -11.502347 0.000000 0.000001 0.000002 9.533408 0.000035 0.000039 1.222678 3.343282 -10.168417 -1.051724 1.081422 -8.942754 0.298326 1.183129 -11.441172 -0.000000 -0.000001 0.000003 9.104515 -0.043036 -1.865082 -1.589825 4.115167 -9.661848 -4.585152 2.671997 -19.711325 -2.773591 1.726358 -13.055840 -0.000001 0.000005 0.000003 8.077783 -0.486871 -3.806268 -6.650216 5.274366 -9.884221 0.274386 0.666833 -13.197698 -4.366036 3.496910 -16.958012 -0.000000 -0.000001 0.000001 -8.207786 -6.751667 -1.599565 -43.778016 -27.039959 -21.173171 72.416712 -4.364396 -9.953030 -29.162203 2.723732 9.467975 1.226766 0.000003 0.000008 -0.000000 0.000001 -0.000000 8.207791 -6.751713 -1.599556 -40.967625 26.461755 32.039605 77.284970 -9.816422 9.987978 -40.895717 -19.626376 -2.472912 1.348921 0.003415 -0.582313 -0.000000 0.000000 0.000000 
0.191181 83.568703 1.157997 -5.173998 -2.181562 -4.225760 -0.000006 10.181591 0.131522 7.486624 1.380053 6.481893 -4.004939 -0.059513 2.988433 -4.019670 -0.542547 -0.015807 0.000001 16.740408 -2.049041 8.927138 -0.205662 -1.249356 0.000001 9.617896 1.685008 6.784055 -0.450678 -4.473234 0.000002 22.037338 7.501098 0.000001 -0.000000 0.000000 -4.569965 11.014930 -2.160885 14.732298 4.892481 -22.415115 -55.377722 19.543966 -11.006101 -15.880675 14.922549 -9.531345 -75.746265 5.089596 -2.619008 -2.464804 -1.573960 2.681860 4.317966 2.099915 -11.412831 13.901145 -28.876073 -8.942117 3.263461 -21.457133 -21.983116 0.000003 0.000004 0.000002 -9.108295 -0.517864 2.259844 0.010831 -6.746219 8.585238 1.976129 -0.788220 12.798886 0.941394 -0.852376 11.541964 -0.000005 -0.000003 -0.000001 -9.532508 -0.000042 -0.000020 1.186126 -3.079117 9.533194 -1.077261 -0.797427 9.054381 0.276071 -0.984854 11.510250 -0.000002 0.000002 0.000001 -9.103603 -0.043079 -1.865125 -1.645575 -3.752090 9.056861 -4.650955 -2.294144 19.849163 -2.807913 -1.469998 13.121435 -0.000001 0.000004 -0.000002 -8.076703 -0.486713 -3.806268 -6.761198 -4.579589 9.316143 0.164312 -0.334515 13.307436 -4.518150 -3.229440 17.014167 0.000003 0.000002 -0.000003 4.570448 11.014728 -2.160854 14.877691 -5.652323 19.377930 -59.555787 -17.342566 11.949489 154.466586 -161.452053 175.090192 -72.138723 -10.636690 5.772887 2.466132 -1.576217 2.681732 5.053098 -0.324284 11.996479 13.679234 26.949521 8.589516 2.200285 15.291443 20.936415 0.000007 0.000002 0.000000 9.109295 -0.518051 2.259866 0.085574 7.048918 -9.142534 2.008049 1.084994 -12.705369 0.963287 1.071201 -11.502347 0.000000 0.000001 0.000002 9.533408 0.000035 0.000039 1.222678 3.343282 -10.168417 -1.051724 1.081422 -8.942754 0.298326 1.183129 -11.441172 -0.000000 -0.000001 0.000003 9.104515 -0.043036 -1.865082 -1.589825 4.115167 -9.661848 -4.585152 2.671997 -19.711325 -2.773591 1.726358 -13.055840 -0.000001 0.000005 0.000003 8.077783 -0.486871 -3.806268 -6.650216 5.274366 -9.884221 0.274386 0.666833 -13.197698 -4.366036 3.496910 -16.958012 -0.000000 -0.000001 0.000001 -8.207786 -6.751667 -1.599565 -43.778016 -27.039959 -21.173171 72.416712 -4.364396 -9.953030 -29.162203 2.723732 9.467975 1.226766 0.000003 0.000008 -0.000000 0.000001 -0.000000 8.207791 -6.751713 -1.599556 -40.967625 26.461755 32.039605 77.284970 -9.816422 9.987978 -40.895717 -19.626376 -2.472912 1.348921 0.003415 -0.582313 -0.000000 0.000000 0.000000 
0.191181 83.568703 1.157997 -5.173998 -2.181562 -4.225760 -0.000006 10.181591 0.131522 7.486624 1.380053 6.481893 -4.004939 -0.059513 2.988433 -4.019670 -0.542547 -0.015807 0.000001 16.740408 -2.049041 8.927138 -0.205662 -1.249356 0.000001 9.617896 1.685008 6.784055 -0.450678 -4.473234 0.000002 22.037338 7.501098 0.000001 -0.000000 0.000000 -4.569965 11.014930 -2.160885 14.732298 4.892481 -22.415115 -55.377722 19.543966 -11.006101 -15.880675 14.922549 -9.531345 -75.746265 5.089596 -2.619008 -2.464804 -1.573960 2.681860 4.317966 2.099915 -11.412831 13.901145 -28.876073 -8.942117 3.263461 -21.457133 -21.983116 0.000003 0.000004 0.000002 -9.108295 -0.517864 2.259844 0.010831 -6.746219 8.585238 1.976129 -0.788220 12.798886 0.941394 -0.852376 11.541964 -0.000005 -0.000003 -0.000001 -9.532508 -0.000042 -0.000020 1.186126 -3.079117 9.533194 -1.077261 -0.797427 9.054381 0.276071 -0.984854 11.510250 -0.000002 0.000002 0.000001 -9.103603 -0.043079 -1.865125 -1.645575 -3.752090 9.056861 -4.650955 -2.294144 19.849163 -2.807913 -1.469998 13.121435 -0.000001 0.000004 -0.000002 -8.076703 -0.486713 -3.806268 -6.761198 -4.579589 9.316143 0.164312 -0.334515 13.307436 -4.518150 -3.229440 17.014167 0.000003 0.000002 -0.000003 4.570448 11.014728 -2.160854 14.877691 -5.652323 19.377930 -59.555787 -17.342566 11.949489 154.466586 -161.452053 175.090192 -72.138723 -10.636690 5.772887 2.466132 -1.576217 2.681732 5.053098 -0.324284 11.996479 13.679234 26.949521 8.589516 2.200285 15.291443 20.936415 0.000007 0.000002 0.000000 9.109295 -0.518051 2.259866 0.085574 7.048918 -9.142534 2.008049 1.084994 -12.705369 0.963287 1.071201 -11.502347 0.000000 0.000001 0.000002 9.533408 0.000035 0.000039 1.222678 3.343282 -10.168417 -1.051724 1.081422 -8.942754 0.298326 1.183129 -11.441172 -0.000000 -0.000001 0.000003 9.104515 -0.043036 -1.865082 -1.589825 4.115167 -9.661848 -4.585152 2.671997 -19.711325 -2.773591 1.726358 -13.055840 -0.000001 0.000005 0.000003 8.077783 -0.486871 -3.806268 -6.650216 5.274366 -9.884221 0.274386 0.666833 -13.197698 -4.366036 3.496910 -16.958012 -0.000000 -0.000001 0.000001 -8.207786 -6.751667 -1.599565 -43.778016 -27.039959 -21.173171 72.416712 -4.364396 -9.953030 -29.162203 2.723732 9.467975 1.226766 0.000003 0.000008 -0.000000 0.000001 -0.000000 8.207791 -6.751713 -1.599556 -40.967625 26.461755 32.039605 77.284970 -9.816422 9.987978 -40.895717 -19.626376 -2.472912 1.348921 0.003415 -0.582313 -0.000000 0.000000 0.000000 
0.191181 83.568703 1.157997 -5.173998 -2.181562 -4.225760 -0.000006 10.181591 0.131522 7.486624 1.380053 6.481893 -4.004939 -0.059513 2.988433 -4.019670 -0.542547 -0.015807 0.000001 16.740408 -2.049041 8.927138 -0.205662 -1.249356 0.000001 9.617896 1.685008 6.784055 -0.450678 -4.473234 0.000002 22.037338 7.501098 0.000001 -0.000000 0.000000 -4.569965 11.014930 -2.160885 14.732298 4.892481 -22.415115 -55.377722 19.543966 -11.006101 -15.880675 14.922549 -9.531345 -75.746265 5.089596 -2.619008 -2.464804 -1.573960 2.681860 4.317966 2.099915 -11.412831 13.901145 -28.876073 -8.942117 3.263461 -21.457133 -21.983116 0.000003 0.000004 0.000002 -9.108295 -0.517864 2.259844 0.010831 -6.746219 8.585238 1.976129 -0.788220 12.798886 0.941394 -0.852376 11.541964 -0.000005 -0.000003 -0.000001 -9.532508 -0.000042 -0.000020 1.186126 -3.079117 9.533194 -1.077261 -0.797427 9.054381 0.276071 -0.984854 11.510250 -0.000002 0.000002 0.000001 -9.103603 -0.043079 -1.865125 -1.645575 -3.752090 9.056861 -4.650955 -2.294144 19.849163 -2.807913 -1.469998 13.121435 -0.000001 0.000004 -0.000002 -8.076703 -0.486713 -3.806268 -6.761198 -4.579589 9.316143 0.164312 -0.334515 13.307436 -4.518150 -3.229440 17.014167 0.000003 0.000002 -0.000003 4.570448 11.014728 -2.160854 14.877691 -5.652323 19.377930 -59.555787 -17.342566 11.949489 154.466586 -161.452053 175.090192 -72.138723 -10.636690 5.772887 2.466132 -1.576217 2.681732 5.053098 -0.324284 11.996479 13.679234 26.949521 8.589516 2.200285 15.291443 20.936415 0.000007 0.000002 0.000000 9.109295 -0.518051 2.259866 0.085574 7.048918 -9.142534 2.008049 1.084994 -12.705369 0.963287 1.071201 -11.502347 0.000000 0.000001 0.000002 9.533408 0.000035 0.000039 1.222678 3.343282 -10.168417 -1.051724 1.081422 -8.942754 0.298326 1.183129 -11.441172 -0.000000 -0.000001 0.000003 9.104515 -0.043036 -1.865082 -1.589825 4.115167 -9.661848 -4.585152 2.671997 -19.711325 -2.773591 1.726358 -13.055840 -0.000001 0.000005 0.000003 8.077783 -0.486871 -3.806268 -6.650216 5.274366 -9.884221 0.274386 0.666833 -13.197698 -4.366036 3.496910 -16.958012 -0.000000 -0.000001 0.000001 -8.207786 -6.751667 -1.599565 -43.778016 -27.039959 -21.173171 72.416712 -4.364396 -9.953030 -29.162203 2.723732 9.467975 1.226766 0.000003 0.000008 -0.000000 0.000001 -0.000000 8.207791 -6.751713 -1.599556 -40.967625 26.461755 32.039605 77.284970 -9.816422 9.987978 -40.895717 -19.626376 -2.472912 1.348921 0.003415 -0.582313 -0.000000 0.000000 0.000000 
0.191181 83.568703 1.157997 -5.173998 -2.181562 -4.225760 -0.000006 10.181591 0.131522 7.486624 1.380053 6.481893 -4.004939 -0.059513 2.988433 -4.019670 -0.542547 -0.015807 0.000001 16.740408 -2.049041 8.927138 -0.205662 -1.249356 0.000001 9.617896 1.685008 6.784055 -0.450678 -4.473234 0.000002 22.037338 7.501098 0.000001 -0.000000 0.000000 -4.569965 11.014930 -2.160885 14.732298 4.892481 -22.415115 -55.377722 19.543966 -11.006101 -15.880675 14.922549 -9.531345 -75.746265 5.089596 -2.619008 -2.464804 -1.573960 2.681860 4.317966 2.099915 -11.412831 13.901145 -28.876073 -8.942117 3.263461 -21.457133 -21.983116 0.000003 0.000004 0.000002 -9.108295 -0.517864 2.259844 0.010831 -6.746219 8.585238 1.976129 -0.788220 12.798886 0.941394 -0.852376 11.541964 -0.000005 -0.000003 -0.000001 -9.532508 -0.000042 -0.000020 1.186126 -3.079117 9.533194 -1.077261 -0.797427 9.054381 0.276071 -0.984854 11.510250 -0.000002 0.000002 0.000001 -9.103603 -0.043079 -1.865125 -1.645575 -3.752090 9.056861 -4.650955 -2.294144 19.849163 -2.807913 -1.469998 13.121435 -0.000001 0.000004 -0.000002 -8.076703 -0.486713 -3.806268 -6.761198 -4.579589 9.316143 0.164312 -0.334515 13.307436 -4.518150 -3.229440 17.014167 0.000003 0.000002 -0.000003 4.570448 11.014728 -2.160854 14.877691 -5.652323 19.377930 -59.555787 -17.342566 11.949489 154.466586 -161.452053 175.090192 -72.138723 -10.636690 5.772887 2.466132 -1.576217 2.681732 5.053098 -0.324284 11.996479 13.679234 26.949521 8.589516 2.200285 15.291443 20.936415 0.000007 0.000002 0.000000 9.109295 -0.518051 2.259866 0.085574 7.048918 -9.142534 2.008049 1.084994 -12.705369 0.963287 1.071201 -11.502347 0.000000 0.000001 0.000002 9.533408 0.000035 0.000039 1.222678 3.343282 -10.168417 -1.051724 1.081422 -8.942754 0.298326 1.183129 -11.441172 -0.000000 -0.000001 0.000003 9.104515 -0.043036 -1.865082 -1.589825 4.115167 -9.661848 -4.585152 2.671997 -19.711325 -2.773591 1.726358 -13.055840 -0.000001 0.000005 0.000003 8.077783 -0.486871 -3.806268 -6.650216 5.274366 -9.884221 0.274386 0.666833 -13.197698 -4.366036 3.496910 -16.958012 -0.000000 -0.000001 0.000001 -8.207786 -6.751667 -1.599565 -43.778016 -27.039959 -21.173171 72.416712 -4.364396 -9.953030 -29.162203 2.723732 9.467975 1.226766 0.000003 0.000008 -0.000000 0.000001 -0.000000 8.207791 -6.751713 -1.599556 -40.967625 26.461755 32.039605 77.284970 -9.816422 9.987978 -40.895717 -19.626376 -2.472912 1.348921 0.003415 -0.582313 -0.000000 0.000000 0.000000 
0.191181 83.568703 1.157997 -5.173998 -2.181562 -4.225760 -0.000006 10.181591 0.131522 7.486624 1.380053 6.481893 -4.004939 -0.059513 2.988433 -4.019670 -0.542547 -0.015807 0.000001 16.740408 -2.049041 8.927138 -0.205662 -1.249356 0.000001 9.617896 1.685008 6.784055 -0.450678 -4.473234 0.000002 22.037338 7.501098 0.000001 -0.000000 0.000000 -4.569965 11.014930 -2.160885 14.732298 4.892481 -22.415115 -55.377722 19.543966 -11.006101 -15.880675 14.922549 -9.531345 -75.746265 5.089596 -2.619008 -2.464804 -1.573960 2.681860 4.317966 2.099915 -11.412831 13.901145 -28.876073 -8.942117 3.263461 -21.457133 -21.983116 0.000003 0.000004 0.000002 -9.108295 -0.517864 2.259844 0.010831 -6.746219 8.585238 1.976129 -0.788220 12.798886 0.941394 -0.852376 11.541964 -0.000005 -0.000003 -0.000001 -9.532508 -0.000042 -0.000020 1.186126 -3.079117 9.533194 -1.077261 -0.797427 9.054381 0.276071 -0.984854 11.510250 -0.000002 0.000002 0.000001 -9.103603 -0.043079 -1.865125 -1.645575 -3.752090 9.056861 -4.650955 -2.294144 19.849163 -2.807913 -1.469998 13.121435 -0.000001 0.000004 -0.000002 -8.076703 -0.486713 -3.806268 -6.761198 -4.579589 9.316143 0.164312 -0.334515 13.307436 -4.518150 -3.229440 17.014167 0.000003 0.000002 -0.000003 4.570448 11.014728 -2.160854 14.877691 -5.652323 19.377930 -59.555787 -17.342566 11.949489 154.466586 -161.452053 175.090192 -72.138723 -10.636690 5.772887 2.466132 -1.576217 2.681732 5.053098 -0.324284 11.996479 13.679234 26.949521 8.589516 2.200285 15.291443 20.936415 0.000007 0.000002 0.000000 9.109295 -0.518051 2.259866 0.085574 7.048918 -9.142534 2.008049 1.084994 -12.705369 0.963287 1.071201 -11.502347 0.000000 0.000001 0.000002 9.533408 0.000035 0.000039 1.222678 3.343282 -10.168417 -1.051724 1.081422 -8.942754 0.298326 1.183129 -11.441172 -0.000000 -0.000001 0.000003 9.104515 -0.043036 -1.865082 -1.589825 4.115167 -9.661848 -4.585152 2.671997 -19.711325 -2.773591 1.726358 -13.055840 -0.000001 0.000005 0.000003 8.077783 -0.486871 -3.806268 -6.650216 5.274366 -9.884221 0.274386 0.666833 -13.197698 -4.366036 3.496910 -16.958012 -0.000000 -0.000001 0.000001 -8.207786 -6.751667 -1.599565 -43.778016 -27.039959 -21.173171 72.416712 -4.364396 -9.953030 -29.162203 2.723732 9.467975 1.226766 0.000003 0.000008 -0.000000 0.000001 -0.000000 8.207791 -6.751713 -1.599556 -40.967625 26.461755 32.039605 77.284970 -9.816422 9.987978 -40.895717 -19.626376 -2.472912 1.348921 0.003415 -0.582313 -0.000000 0.000000 0.000000 
0.191181 83.568703 1.157997 -5.173998 -2.181562 -4.225760 -0.000006 10.181591 0.131522 7.486624 1.380053 6.481893 -4.004939 -0.059513 2.988433 -4.019670 -0.542547 -0.015807 0.000001 16.740408 -2.049041 8.927138 -0.205662 -1.249356 0.000001 9.617896 1.685008 6.784055 -0.450678 -4.473234 0.000002 22.037338 7.501098 0.000001 -0.000000 0.000000 -4.569965 11.014930 -2.160885 14.732298 4.892481 -22.415115 -55.377722 19.543966 -11.006101 -15.880675 14.922549 -9.531345 -75.746265 5.089596 -2.619008 -2.464804 -1.573960 2.681860 4.317966 2.099915 -11.412831 13.901145 -28.876073 -8.942117 3.263461 -21.457133 -21.983116 0.000003 0.000004 0.000002 -9.108295 -0.517864 2.259844 0.010831 -6.746219 8.585238 1.976129 -0.788220 12.798886 0.941394 -0.852376 11.541964 -0.000005 -0.000003 -0.000001 -9.532508 -0.000042 -0.000020 1.186126 -3.079117 9.533194 -1.077261 -0.797427 9.054381 0.276071 -0.984854 11.510250 -0.000002 0.000002 0.000001 -9.103603 -0.043079 -1.865125 -1.645575 -3.752090 9.056861 -4.650955 -2.294144 19.849163 -2.807913 -1.469998 13.121435 -0.000001 0.000004 -0.000002 -8.076703 -0.486713 -3.806268 -6.761198 -4.579589 9.316143 0.164312 -0.334515 13.307436 -4.518150 -3.229440 17.014167 0.000003 0.000002 -0.000003 4.570448 11.014728 -2.160854 14.877691 -5.652323 19.377930 -59.555787 -17.342566 11.949489 154.466586 -161.452053 175.090192 -72.138723 -10.636690 5.772887 2.466132 -1.576217 2.681732 5.053098 -0.324284 11.996479 13.679234 26.949521 8.589516 2.200285 15.291443 20.936415 0.000007 0.000002 0.000000 9.109295 -0.518051 2.259866 0.085574 7.048918 -9.142534 2.008049 1.084994 -12.705369 0.963287 1.071201 -11.502347 0.000000 0.000001 0.000002 9.533408 0.000035 0.000039 1.222678 3.343282 -10.168417 -1.051724 1.081422 -8.942754 0.298326 1.183129 -11.441172 -0.000000 -0.000001 0.000003 9.104515 -0.043036 -1.865082 -1.589825 4.115167 -9.661848 -4.585152 2.671997 -19.711325 -2.773591 1.726358 -13.055840 -0.000001 0.000005 0.000003 8.077783 -0.486871 -3.806268 -6.650216 5.274366 -9.884221 0.274386 0.666833 -13.197698 -4.366036 3.496910 -16.958012 -0.000000 -0.000001 0.000001 -8.207786 -6.751667 -1.599565 -43.778016 -27.039959 -21.173171 72.416712 -4.364396 -9.953030 -29.162203 2.723732 9.467975 1.226766 0.000003 0.000008 -0.000000 0.000001 -0.000000 8.207791 -6.751713 -1.599556 -40.967625 26.461755 32.039605 77.284970 -9.816422 9.987978 -40.895717 -19.626376 -2.472912 1.348921 0.003415 -0.582313 -0.000000 0.000000 0.000000 
0.191181 83.568703 1.157997 -5.173998 -2.181562 -4.225760 -0.000006 10.181591 0.131522 7.486624 1.380053 6.481893 -4.004939 -0.059513 2.988433 -4.019670 -0.542547 -0.015807 0.000001 16.740408 -2.049041 8.927138 -0.205662 -1.249356 0.000001 9.617896 1.685008 6.784055 -0.450678 -4.473234 0.000002 22.037338 7.501098 0.000001 -0.000000 0.000000 -4.569965 11.014930 -2.160885 14.732298 4.892481 -22.415115 -55.377722 19.543966 -11.006101 -15.880675 14.922549 -9.531345 -75.746265 5.089596 -2.619008 -2.464804 -1.573960 2.681860 4.317966 2.099915 -11.412831 13.901145 -28.876073 -8.942117 3.263461 -21.457133 -21.983116 0.000003 0.000004 0.000002 -9.108295 -0.517864 2.259844 0.010831 -6.746219 8.585238 1.976129 -0.788220 12.798886 0.941394 -0.852376 11.541964 -0.000005 -0.000003 -0.000001 -9.532508 -0.000042 -0.000020 1.186126 -3.079117 9.533194 -1.077261 -0.797427 9.054381 0.276071 -0.984854 11.510250 -0.000002 0.000002 0.000001 -9.103603 -0.043079 -1.865125 -1.645575 -3.752090 9.056861 -4.650955 -2.294144 19.849163 -2.807913 -1.469998 13.121435 -0.000001 0.000004 -0.000002 -8.076703 -0.486713 -3.806268 -6.761198 -4.579589 9.316143 0.164312 -0.334515 13.307436 -4.518150 -3.229440 17.014167 0.000003 0.000002 -0.000003 4.570448 11.014728 -2.160854 14.877691 -5.652323 19.377930 -59.555787 -17.342566 11.949489 154.466586 -161.452053 175.090192 -72.138723 -10.636690 5.772887 2.466132 -1.576217 2.681732 5.053098 -0.324284 11.996479 13.679234 26.949521 8.589516 2.200285 15.291443 20.936415 0.000007 0.000002 0.000000 9.109295 -0.518051 2.259866 0.085574 7.048918 -9.142534 2.008049 1.084994 -12.705369 0.963287 1.071201 -11.502347 0.000000 0.000001 0.000002 9.533408 0.000035 0.000039 1.222678 3.343282 -10.168417 -1.051724 1.081422 -8.942754 0.298326 1.183129 -11.441172 -0.000000 -0.000001 0.000003 9.104515 -0.043036 -1.865082 -1.589825 4.115167 -9.661848 -4.585152 2.671997 -19.711325 -2.773591 1.726358 -13.055840 -0.000001 0.000005 0.000003 8.077783 -0.486871 -3.806268 -6.650216 5.274366 -9.884221 0.274386 0.666833 -13.197698 -4.366036 3.496910 -16.958012 -0.000000 -0.000001 0.000001 -8.207786 -6.751667 -1.599565 -43.778016 -27.039959 -21.173171 72.416712 -4.364396 -9.953030 -29.162203 2.723732 9.467975 1.226766 0.000003 0.000008 -0.000000 0.000001 -0.000000 8.207791 -6.751713 -1.599556 -40.967625 26.461755 32.039605 77.284970 -9.816422 9.987978 -40.895717 -19.626376 -2.472912 1.348921 0.003415 -0.582313 -0.000000 0.000000 0.000000 
0.191181 83.568703 1.157997 -5.173998 -2.181562 -4.225760 -0.000006 10.181591 0.131522 7.486624 1.380053 6.481893 -4.004939 -0.059513 2.988433 -4.019670 -0.542547 -0.015807 0.000001 16.740408 -2.049041 8.927138 -0.205662 -1.249356 0.000001 9.617896 1.685008 6.784055 -0.450678 -4.473234 0.000002 22.037338 7.501098 0.000001 -0.000000 0.000000 -4.569965 11.014930 -2.160885 14.732298 4.892481 -22.415115 -55.377722 19.543966 -11.006101 -15.880675 14.922549 -9.531345 -75.746265 5.089596 -2.619008 -2.464804 -1.573960 2.681860 4.317966 2.099915 -11.412831 13.901145 -28.876073 -8.942117 3.263461 -21.457133 -21.983116 0.000003 0.000004 0.000002 -9.108295 -0.517864 2.259844 0.010831 -6.746219 8.585238 1.976129 -0.788220 12.798886 0.941394 -0.852376 11.541964 -0.000005 -0.000003 -0.000001 -9.532508 -0.000042 -0.000020 1.186126 -3.079117 9.533194 -1.077261 -0.797427 9.054381 0.276071 -0.984854 11.510250 -0.000002 0.000002 0.000001 -9.103603 -0.043079 -1.865125 -1.645575 -3.752090 9.056861 -4.650955 -2.294144 19.849163 -2.807913 -1.469998 13.121435 -0.000001 0.000004 -0.000002 -8.076703 -0.486713 -3.806268 -6.761198 -4.579589 9.316143 0.164312 -0.334515 13.307436 -4.518150 -3.229440 17.014167 0.000003 0.000002 -0.000003 4.570448 11.014728 -2.160854 14.877691 -5.652323 19.377930 -59.555787 -17.342566 11.949489 154.466586 -161.452053 175.090192 -72.138723 -10.636690 5.772887 2.466132 -1.576217 2.681732 5.053098 -0.324284 11.996479 13.679234 26.949521 8.589516 2.200285 15.291443 20.936415 0.000007 0.000002 0.000000 9.109295 -0.518051 2.259866 0.085574 7.048918 -9.142534 2.008049 1.084994 -12.705369 0.963287 1.071201 -11.502347 0.000000 0.000001 0.000002 9.533408 0.000035 0.000039 1.222678 3.343282 -10.168417 -1.051724 1.081422 -8.942754 0.298326 1.183129 -11.441172 -0.000000 -0.000001 0.000003 9.104515 -0.043036 -1.865082 -1.589825 4.115167 -9.661848 -4.585152 2.671997 -19.711325 -2.773591 1.726358 -13.055840 -0.000001 0.000005 0.000003 8.077783 -0.486871 -3.806268 -6.650216 5.274366 -9.884221 0.274386 0.666833 -13.197698 -4.366036 3.496910 -16.958012 -0.000000 -0.000001 0.000001 -8.207786 -6.751667 -1.599565 -43.778016 -27.039959 -21.173171 72.416712 -4.364396 -9.953030 -29.162203 2.723732 9.467975 1.226766 0.000003 0.000008 -0.000000 0.000001 -0.000000 8.207791 -6.751713 -1.599556 -40.967625 26.461755 32.039605 77.284970 -9.816422 9.987978 -40.895717 -19.626376 -2.472912 1.348921 0.003415 -0.582313 -0.000000 0.000000 0.000000 
0.191181 83.568703 1.157997 -5.173998 -2.181562 -4.225760 -0.000006 10.181591 0.131522 7.486624 1.380053 6.481893 -4.004939 -0.059513 2.988433 -4.019670 -0.542547 -0.015807 0.000001 16.740408 -2.049041 8.927138 -0.205662 -1.249356 0.000001 9.617896 1.685008 6.784055 -0.450678 -4.473234 0.000002 22.037338 7.501098 0.000001 -0.000000 0.000000 -4.569965 11.014930 -2.160885 14.732298 4.892481 -22.415115 -55.377722 19.543966 -11.006101 -15.880675 14.922549 -9.531345 -75.746265 5.089596 -2.619008 -2.464804 -1.573960 2.681860 4.317966 2.099915 -11.412831 13.901145 -28.876073 -8.942117 3.263461 -21.457133 -21.983116 0.000003 0.000004 0.000002 -9.108295 -0.517864 2.259844 0.010831 -6.746219 8.585238 1.976129 -0.788220 12.798886 0.941394 -0.852376 11.541964 -0.000005 -0.000003 -0.000001 -9.532508 -0.000042 -0.000020 1.186126 -3.079117 9.533194 -1.077261 -0.797427 9.054381 0.276071 -0.984854 11.510250 -0.000002 0.000002 0.000001 -9.103603 -0.043079 -1.865125 -1.645575 -3.752090 9.056861 -4.650955 -2.294144 19.849163 -2.807913 -1.469998 13.121435 -0.000001 0.000004 -0.000002 -8.076703 -0.486713 -3.806268 -6.761198 -4.579589 9.316143 0.164312 -0.334515 13.307436 -4.518150 -3.229440 17.014167 0.000003 0.000002 -0.000003 4.570448 11.014728 -2.160854 14.877691 -5.652323 19.377930 -59.555787 -17.342566 11.949489 154.466586 -161.452053 175.090192 -72.138723 -10.636690 5.772887 2.466132 -1.576217 2.681732 5.053098 -0.324284 11.996479 13.679234 26.949521 8.589516 2.200285 15.291443 20.936415 0.000007 0.000002 0.000000 9.109295 -0.518051 2.259866 0.085574 7.048918 -9.142534 2.008049 1.084994 -12.705369 0.963287 1.071201 -11.502347 0.000000 0.000001 0.000002 9.533408 0.000035 0.000039 1.222678 3.343282 -10.168417 -1.051724 1.081422 -8.942754 0.298326 1.183129 -11.441172 -0.000000 -0.000001 0.000003 9.104515 -0.043036 -1.865082 -1.589825 4.115167 -9.661848 -4.585152 2.671997 -19.711325 -2.773591 1.726358 -13.055840 -0.000001 0.000005 0.000003 8.077783 -0.486871 -3.806268 -6.650216 5.274366 -9.884221 0.274386 0.666833 -13.197698 -4.366036 3.496910 -16.958012 -0.000000 -0.000001 0.000001 -8.207786 -6.751667 -1.599565 -43.778016 -27.039959 -21.173171 72.416712 -4.364396 -9.953030 -29.162203 2.723732 9.467975 1.226766 0.000003 0.000008 -0.000000 0.000001 -0.000000 8.207791 -6.751713 -1.599556 -40.967625 26.461755 32.039605 77.284970 -9.816422 9.987978 -40.895717 -19.626376 -2.472912 1.348921 0.003415 -0.582313 -0.000000 0.000000 0.000000 
0.191181 83.568703 1.157997 -5.173998 -2.181562 -4.225760 -0.000006 10.181591 0.131522 7.486624 1.380053 6.481893 -4.004939 -0.059513 2.988433 -4.019670 -0.542547 -0.015807 0.000001 16.740408 -2.049041 8.927138 -0.205662 -1.249356 0.000001 9.617896 1.685008 6.784055 -0.450678 -4.473234 0.000002 22.037338 7.501098 0.000001 -0.000000 0.000000 -4.569965 11.014930 -2.160885 14.732298 4.892481 -22.415115 -55.377722 19.543966 -11.006101 -15.880675 14.922549 -9.531345 -75.746265 5.089596 -2.619008 -2.464804 -1.573960 2.681860 4.317966 2.099915 -11.412831 13.901145 -28.876073 -8.942117 3.263461 -21.457133 -21.983116 0.000003 0.000004 0.000002 -9.108295 -0.517864 2.259844 0.010831 -6.746219 8.585238 1.976129 -0.788220 12.798886 0.941394 -0.852376 11.541964 -0.000005 -0.000003 -0.000001 -9.532508 -0.000042 -0.000020 1.186126 -3.079117 9.533194 -1.077261 -0.797427 9.054381 0.276071 -0.984854 11.510250 -0.000002 0.000002 0.000001 -9.103603 -0.043079 -1.865125 -1.645575 -3.752090 9.056861 -4.650955 -2.294144 19.849163 -2.807913 -1.469998 13.121435 -0.000001 0.000004 -0.000002 -8.076703 -0.486713 -3.806268 -6.761198 -4.579589 9.316143 0.164312 -0.334515 13.307436 -4.518150 -3.229440 17.014167 0.000003 0.000002 -0.000003 4.570448 11.014728 -2.160854 14.877691 -5.652323 19.377930 -59.555787 -17.342566 11.949489 154.466586 -161.452053 175.090192 -72.138723 -10.636690 5.772887 2.466132 -1.576217 2.681732 5.053098 -0.324284 11.996479 13.679234 26.949521 8.589516 2.200285 15.291443 20.936415 0.000007 0.000002 0.000000 9.109295 -0.518051 2.259866 0.085574 7.048918 -9.142534 2.008049 1.084994 -12.705369 0.963287 1.071201 -11.502347 0.000000 0.000001 0.000002 9.533408 0.000035 0.000039 1.222678 3.343282 -10.168417 -1.051724 1.081422 -8.942754 0.298326 1.183129 -11.441172 -0.000000 -0.000001 0.000003 9.104515 -0.043036 -1.865082 -1.589825 4.115167 -9.661848 -4.585152 2.671997 -19.711325 -2.773591 1.726358 -13.055840 -0.000001 0.000005 0.000003 8.077783 -0.486871 -3.806268 -6.650216 5.274366 -9.884221 0.274386 0.666833 -13.197698 -4.366036 3.496910 -16.958012 -0.000000 -0.000001 0.000001 -8.207786 -6.751667 -1.599565 -43.778016 -27.039959 -21.173171 72.416712 -4.364396 -9.953030 -29.162203 2.723732 9.467975 1.226766 0.000003 0.000008 -0.000000 0.000001 -0.000000 8.207791 -6.751713 -1.599556 -40.967625 26.461755 32.039605 77.284970 -9.816422 9.987978 -40.895717 -19.626376 -2.472912 1.348921 0.003415 -0.582313 -0.000000 0.000000 0.000000 
0.191181 83.568703 1.157997 -5.173998 -2.181562 -4.225760 -0.000006 10.181591 0.131522 7.486624 1.380053 6.481893 -4.004939 -0.059513 2.988433 -4.019670 -0.542547 -0.015807 0.000001 16.740408 -2.049041 8.927138 -0.205662 -1.249356 0.000001 9.617896 1.685008 6.784055 -0.450678 -4.473234 0.000002 22.037338 7.501098 0.000001 -0.000000 0.000000 -4.569965 11.014930 -2.160885 14.732298 4.892481 -22.415115 -55.377722 19.543966 -11.006101 -15.880675 14.922549 -9.531345 -75.746265 5.089596 -2.619008 -2.464804 -1.573960 2.681860 4.317966 2.099915 -11.412831 13.901145 -28.876073 -8.942117 3.263461 -21.457133 -21.983116 0.000003 0.000004 0.000002 -9.108295 -0.517864 2.259844 0.010831 -6.746219 8.585238 1.976129 -0.788220 12.798886 0.941394 -0.852376 11.541964 -0.000005 -0.000003 -0.000001 -9.532508 -0.000042 -0.000020 1.186126 -3.079117 9.533194 -1.077261 -0.797427 9.054381 0.276071 -0.984854 11.510250 -0.000002 0.000002 0.000001 -9.103603 -0.043079 -1.865125 -1.645575 -3.752090 9.056861 -4.650955 -2.294144 19.849163 -2.807913 -1.469998 13.121435 -0.000001 0.000004 -0.000002 -8.076703 -0.486713 -3.806268 -6.761198 -4.579589 9.316143 0.164312 -0.334515 13.307436 -4.518150 -3.229440 17.014167 0.000003 0.000002 -0.000003 4.570448 11.014728 -2.160854 14.877691 -5.652323 19.377930 -59.555787 -17.342566 11.949489 154.466586 -161.452053 175.090192 -72.138723 -10.636690 5.772887 2.466132 -1.576217 2.681732 5.053098 -0.324284 11.996479 13.679234 26.949521 8.589516 2.200285 15.291443 20.936415 0.000007 0.000002 0.000000 9.109295 -0.518051 2.259866 0.085574 7.048918 -9.142534 2.008049 1.084994 -12.705369 0.963287 1.071201 -11.502347 0.000000 0.000001 0.000002 9.533408 0.000035 0.000039 1.222678 3.343282 -10.168417 -1.051724 1.081422 -8.942754 0.298326 1.183129 -11.441172 -0.000000 -0.000001 0.000003 9.104515 -0.043036 -1.865082 -1.589825 4.115167 -9.661848 -4.585152 2.671997 -19.711325 -2.773591 1.726358 -13.055840 -0.000001 0.000005 0.000003 8.077783 -0.486871 -3.806268 -6.650216 5.274366 -9.884221 0.274386 0.666833 -13.197698 -4.366036 3.496910 -16.958012 -0.000000 -0.000001 0.000001 -8.207786 -6.751667 -1.599565 -43.778016 -27.039959 -21.173171 72.416712 -4.364396 -9.953030 -29.162203 2.723732 9.467975 1.226766 0.000003 0.000008 -0.000000 0.000001 -0.000000 8.207791 -6.751713 -1.599556 -40.967625 26.461755 32.039605 77.284970 -9.816422 9.987978 -40.895717 -19.626376 -2.472912 1.348921 0.003415 -0.582313 -0.000000 0.000000 0.000000 
0.191181 83.568703 1.157997 -5.173998 -2.181562 -4.225760 -0.000006 10.181591 0.131522 7.486624 1.380053 6.481893 -4.004939 -0.059513 2.988433 -4.019670 -0.542547 -0.015807 0.000001 16.740408 -2.049041 8.927138 -0.205662 -1.249356 0.000001 9.617896 1.685008 6.784055 -0.450678 -4.473234 0.000002 22.037338 7.501098 0.000001 -0.000000 0.000000 -4.569965 11.014930 -2.160885 14.732298 4.892481 -22.415115 -55.377722 19.543966 -11.006101 -15.880675 14.922549 -9.531345 -75.746265 5.089596 -2.619008 -2.464804 -1.573960 2.681860 4.317966 2.099915 -11.412831 13.901145 -28.876073 -8.942117 3.263461 -21.457133 -21.983116 0.000003 0.000004 0.000002 -9.108295 -0.517864 2.259844 0.010831 -6.746219 8.585238 1.976129 -0.788220 12.798886 0.941394 -0.852376 11.541964 -0.000005 -0.000003 -0.000001 -9.532508 -0.000042 -0.000020 1.186126 -3.079117 9.533194 -1.077261 -0.797427 9.054381 0.276071 -0.984854 11.510250 -0.000002 0.000002 0.000001 -9.103603 -0.043079 -1.865125 -1.645575 -3.752090 9.056861 -4.650955 -2.294144 19.849163 -2.807913 -1.469998 13.121435 -0.000001 0.000004 -0.000002 -8.076703 -0.486713 -3.806268 -6.761198 -4.579589 9.316143 0.164312 -0.334515 13.307436 -4.518150 -3.229440 17.014167 0.000003 0.000002 -0.000003 4.570448 11.014728 -2.160854 14.877691 -5.652323 19.377930 -59.555787 -17.342566 11.949489 154.466586 -161.452053 175.090192 -72.138723 -10.636690 5.772887 2.466132 -1.576217 2.681732 5.053098 -0.324284 11.996479 13.679234 26.949521 8.589516 2.200285 15.291443 20.936415 0.000007 0.000002 0.000000 9.109295 -0.518051 2.259866 0.085574 7.048918 -9.142534 2.008049 1.084994 -12.705369 0.963287 1.071201 -11.502347 0.000000 0.000001 0.000002 9.533408 0.000035 0.000039 1.222678 3.343282 -10.168417 -1.051724 1.081422 -8.942754 0.298326 1.183129 -11.441172 -0.000000 -0.000001 0.000003 9.104515 -0.043036 -1.865082 -1.589825 4.115167 -9.661848 -4.585152 2.671997 -19.711325 -2.773591 1.726358 -13.055840 -0.000001 0.000005 0.000003 8.077783 -0.486871 -3.806268 -6.650216 5.274366 -9.884221 0.274386 0.666833 -13.197698 -4.366036 3.496910 -16.958012 -0.000000 -0.000001 0.000001 -8.207786 -6.751667 -1.599565 -43.778016 -27.039959 -21.173171 72.416712 -4.364396 -9.953030 -29.162203 2.723732 9.467975 1.226766 0.000003 0.000008 -0.000000 0.000001 -0.000000 8.207791 -6.751713 -1.599556 -40.967625 26.461755 32.039605 77.284970 -9.816422 9.987978 -40.895717 -19.626376 -2.472912 1.348921 0.003415 -0.582313 -0.000000 0.000000 0.000000 
0.191181 83.568703 1.157997 -5.173998 -2.181562 -4.225760 -0.000006 10.181591 0.131522 7.486624 1.380053 6.481893 -4.004939 -0.059513 2.988433 -4.019670 -0.542547 -0.015807 0.000001 16.740408 -2.049041 8.927138 -0.205662 -1.249356 0.000001 9.617896 1.685008 6.784055 -0.450678 -4.473234 0.000002 22.037338 7.501098 0.000001 -0.000000 0.000000 -4.569965 11.014930 -2.160885 14.732298 4.892481 -22.415115 -55.377722 19.543966 -11.006101 -15.880675 14.922549 -9.531345 -75.746265 5.089596 -2.619008 -2.464804 -1.573960 2.681860 4.317966 2.099915 -11.412831 13.901145 -28.876073 -8.942117 3.263461 -21.457133 -21.983116 0.000003 0.000004 0.000002 -9.108295 -0.517864 2.259844 0.010831 -6.746219 8.585238 1.976129 -0.788220 12.798886 0.941394 -0.852376 11.541964 -0.000005 -0.000003 -0.000001 -9.532508 -0.000042 -0.000020 1.186126 -3.079117 9.533194 -1.077261 -0.797427 9.054381 0.276071 -0.984854 11.510250 -0.000002 0.000002 0.000001 -9.103603 -0.043079 -1.865125 -1.645575 -3.752090 9.056861 -4.650955 -2.294144 19.849163 -2.807913 -1.469998 13.121435 -0.000001 0.000004 -0.000002 -8.076703 -0.486713 -3.806268 -6.761198 -4.579589 9.316143 0.164312 -0.334515 13.307436 -4.518150 -3.229440 17.014167 0.000003 0.000002 -0.000003 4.570448 11.014728 -2.160854 14.877691 -5.652323 19.377930 -59.555787 -17.342566 11.949489 154.466586 -161.452053 175.090192 -72.138723 -10.636690 5.772887 2.466132 -1.576217 2.681732 5.053098 -0.324284 11.996479 13.679234 26.949521 8.589516 2.200285 15.291443 20.936415 0.000007 0.000002 0.000000 9.109295 -0.518051 2.259866 0.085574 7.048918 -9.142534 2.008049 1.084994 -12.705369 0.963287 1.071201 -11.502347 0.000000 0.000001 0.000002 9.533408 0.000035 0.000039 1.222678 3.343282 -10.168417 -1.051724 1.081422 -8.942754 0.298326 1.183129 -11.441172 -0.000000 -0.000001 0.000003 9.104515 -0.043036 -1.865082 -1.589825 4.115167 -9.661848 -4.585152 2.671997 -19.711325 -2.773591 1.726358 -13.055840 -0.000001 0.000005 0.000003 8.077783 -0.486871 -3.806268 -6.650216 5.274366 -9.884221 0.274386 0.666833 -13.197698 -4.366036 3.496910 -16.958012 -0.000000 -0.000001 0.000001 -8.207786 -6.751667 -1.599565 -43.778016 -27.039959 -21.173171 72.416712 -4.364396 -9.953030 -29.162203 2.723732 9.467975 1.226766 0.000003 0.000008 -0.000000 0.000001 -0.000000 8.207791 -6.751713 -1.599556 -40.967625 26.461755 32.039605 77.284970 -9.816422 9.987978 -40.895717 -19.626376 -2.472912 1.348921 0.003415 -0.582313 -0.000000 0.000000 0.000000 
0.191181 83.568703 1.157997 -5.173998 -2.181562 -4.225760 -0.000006 10.181591 0.131522 7.486624 1.380053 6.481893 -4.004939 -0.059513 2.988433 -4.019670 -0.542547 -0.015807 0.000001 16.740408 -2.049041 8.927138 -0.205662 -1.249356 0.000001 9.617896 1.685008 6.784055 -0.450678 -4.473234 0.000002 22.037338 7.501098 0.000001 -0.000000 0.000000 -4.569965 11.014930 -2.160885 14.732298 4.892481 -22.415115 -55.377722 19.543966 -11.006101 -15.880675 14.922549 -9.531345 -75.746265 5.089596 -2.619008 -2.464804 -1.573960 2.681860 4.317966 2.099915 -11.412831 13.901145 -28.876073 -8.942117 3.263461 -21.457133 -21.983116 0.000003 0.000004 0.000002 -9.108295 -0.517864 2.259844 0.010831 -6.746219 8.585238 1.976129 -0.788220 12.798886 0.941394 -0.852376 11.541964 -0.000005 -0.000003 -0.000001 -9.532508 -0.000042 -0.000020 1.186126 -3.079117 9.533194 -1.077261 -0.797427 9.054381 0.276071 -0.984854 11.510250 -0.000002 0.000002 0.000001 -9.103603 -0.043079 -1.865125 -1.645575 -3.752090 9.056861 -4.650955 -2.294144 19.849163 -2.807913 -1.469998 13.121435 -0.000001 0.000004 -0.000002 -8.076703 -0.486713 -3.806268 -6.761198 -4.579589 9.316143 0.164312 -0.334515 13.307436 -4.518150 -3.229440 17.014167 0.000003 0.000002 -0.000003 4.570448 11.014728 -2.160854 14.877691 -5.652323 19.377930 -59.555787 -17.342566 11.949489 154.466586 -161.452053 175.090192 -72.138723 -10.636690 5.772887 2.466132 -1.576217 2.681732 5.053098 -0.324284 11.996479 13.679234 26.949521 8.589516 2.200285 15.291443 20.936415 0.000007 0.000002 0.000000 9.109295 -0.518051 2.259866 0.085574 7.048918 -9.142534 2.008049 1.084994 -12.705369 0.963287 1.071201 -11.502347 0.000000 0.000001 0.000002 9.533408 0.000035 0.000039 1.222678 3.343282 -10.168417 -1.051724 1.081422 -8.942754 0.298326 1.183129 -11.441172 -0.000000 -0.000001 0.000003 9.104515 -0.043036 -1.865082 -1.589825 4.115167 -9.661848 -4.585152 2.671997 -19.711325 -2.773591 1.726358 -13.055840 -0.000001 0.000005 0.000003 8.077783 -0.486871 -3.806268 -6.650216 5.274366 -9.884221 0.274386 0.666833 -13.197698 -4.366036 3.496910 -16.958012 -0.000000 -0.000001 0.000001 -8.207786 -6.751667 -1.599565 -43.778016 -27.039959 -21.173171 72.416712 -4.364396 -9.953030 -29.162203 2.723732 9.467975 1.226766 0.000003 0.000008 -0.000000 0.000001 -0.000000 8.207791 -6.751713 -1.599556 -40.967625 26.461755 32.039605 77.284970 -9.816422 9.987978 -40.895717 -19.626376 -2.472912 1.348921 0.003415 -0.582313 -0.000000 0.000000 0.000000 
0.191181 83.568703 1.157997 -5.173998 -2.181562 -4.225760 -0.000006 10.181591 0.131522 7.486624 1.380053 6.481893 -4.004939 -0.059513 2.988433 -4.019670 -0.542547 -0.015807 0.000001 16.740408 -2.049041 8.927138 -0.205662 -1.249356 0.000001 9.617896 1.685008 6.784055 -0.450678 -4.473234 0.000002 22.037338 7.501098 0.000001 -0.000000 0.000000 -4.569965 11.014930 -2.160885 14.732298 4.892481 -22.415115 -55.377722 19.543966 -11.006101 -15.880675 14.922549 -9.531345 -75.746265 5.089596 -2.619008 -2.464804 -1.573960 2.681860 4.317966 2.099915 -11.412831 13.901145 -28.876073 -8.942117 3.263461 -21.457133 -21.983116 0.000003 0.000004 0.000002 -9.108295 -0.517864 2.259844 0.010831 -6.746219 8.585238 1.976129 -0.788220 12.798886 0.941394 -0.852376 11.541964 -0.000005 -0.000003 -0.000001 -9.532508 -0.000042 -0.000020 1.186126 -3.079117 9.533194 -1.077261 -0.797427 9.054381 0.276071 -0.984854 11.510250 -0.000002 0.000002 0.000001 -9.103603 -0.043079 -1.865125 -1.645575 -3.752090 9.056861 -4.650955 -2.294144 19.849163 -2.807913 -1.469998 13.121435 -0.000001 0.000004 -0.000002 -8.076703 -0.486713 -3.806268 -6.761198 -4.579589 9.316143 0.164312 -0.334515 13.307436 -4.518150 -3.229440 17.014167 0.000003 0.000002 -0.000003 4.570448 11.014728 -2.160854 14.877691 -5.652323 19.377930 -59.555787 -17.342566 11.949489 154.466586 -161.452053 175.090192 -72.138723 -10.636690 5.772887 2.466132 -1.576217 2.681732 5.053098 -0.324284 11.996479 13.679234 26.949521 8.589516 2.200285 15.291443 20.936415 0.000007 0.000002 0.000000 9.109295 -0.518051 2.259866 0.085574 7.048918 -9.142534 2.008049 1.084994 -12.705369 0.963287 1.071201 -11.502347 0.000000 0.000001 0.000002 9.533408 0.000035 0.000039 1.222678 3.343282 -10.168417 -1.051724 1.081422 -8.942754 0.298326 1.183129 -11.441172 -0.000000 -0.000001 0.000003 9.104515 -0.043036 -1.865082 -1.589825 4.115167 -9.661848 -4.585152 2.671997 -19.711325 -2.773591 1.726358 -13.055840 -0.000001 0.000005 0.000003 8.077783 -0.486871 -3.806268 -6.650216 5.274366 -9.884221 0.274386 0.666833 -13.197698 -4.366036 3.496910 -16.958012 -0.000000 -0.000001 0.000001 -8.207786 -6.751667 -1.599565 -43.778016 -27.039959 -21.173171 72.416712 -4.364396 -9.953030 -29.162203 2.723732 9.467975 1.226766 0.000003 0.000008 -0.000000 0.000001 -0.000000 8.207791 -6.751713 -1.599556 -40.967625 26.461755 32.039605 77.284970 -9.816422 9.987978 -40.895717 -19.626376 -2.472912 1.348921 0.003415 -0.582313 -0.000000 0.000000 0.000000 
0.191181 83.568703 1.157997 -5.173998 -2.181562 -4.225760 -0.000006 10.181591 0.131522 7.486624 1.380053 6.481893 -4.004939 -0.059513 2.988433 -4.019670 -0.542547 -0.015807 0.000001 16.740408 -2.049041 8.927138 -0.205662 -1.249356 0.000001 9.617896 1.685008 6.784055 -0.450678 -4.473234 0.000002 22.037338 7.501098 0.000001 -0.000000 0.000000 -4.569965 11.014930 -2.160885 14.732298 4.892481 -22.415115 -55.377722 19.543966 -11.006101 -15.880675 14.922549 -9.531345 -75.746265 5.089596 -2.619008 -2.464804 -1.573960 2.681860 4.317966 2.099915 -11.412831 13.901145 -28.876073 -8.942117 3.263461 -21.457133 -21.983116 0.000003 0.000004 0.000002 -9.108295 -0.517864 2.259844 0.010831 -6.746219 8.585238 1.976129 -0.788220 12.798886 0.941394 -0.852376 11.541964 -0.000005 -0.000003 -0.000001 -9.532508 -0.000042 -0.000020 1.186126 -3.079117 9.533194 -1.077261 -0.797427 9.054381 0.276071 -0.984854 11.510250 -0.000002 0.000002 0.000001 -9.103603 -0.043079 -1.865125 -1.645575 -3.752090 9.056861 -4.650955 -2.294144 19.849163 -2.807913 -1.469998 13.121435 -0.000001 0.000004 -0.000002 -8.076703 -0.486713 -3.806268 -6.761198 -4.579589 9.316143 0.164312 -0.334515 13.307436 -4.518150 -3.229440 17.014167 0.000003 0.000002 -0.000003 4.570448 11.014728 -2.160854 14.877691 -5.652323 19.377930 -59.555787 -17.342566 11.949489 154.466586 -161.452053 175.090192 -72.138723 -10.636690 5.772887 2.466132 -1.576217 2.681732 5.053098 -0.324284 11.996479 13.679234 26.949521 8.589516 2.200285 15.291443 20.936415 0.000007 0.000002 0.000000 9.109295 -0.518051 2.259866 0.085574 7.048918 -9.142534 2.008049 1.084994 -12.705369 0.963287 1.071201 -11.502347 0.000000 0.000001 0.000002 9.533408 0.000035 0.000039 1.222678 3.343282 -10.168417 -1.051724 1.081422 -8.942754 0.298326 1.183129 -11.441172 -0.000000 -0.000001 0.000003 9.104515 -0.043036 -1.865082 -1.589825 4.115167 -9.661848 -4.585152 2.671997 -19.711325 -2.773591 1.726358 -13.055840 -0.000001 0.000005 0.000003 8.077783 -0.486871 -3.806268 -6.650216 5.274366 -9.884221 0.274386 0.666833 -13.197698 -4.366036 3.496910 -16.958012 -0.000000 -0.000001 0.000001 -8.207786 -6.751667 -1.599565 -43.778016 -27.039959 -21.173171 72.416712 -4.364396 -9.953030 -29.162203 2.723732 9.467975 1.226766 0.000003 0.000008 -0.000000 0.000001 -0.000000 8.207791 -6.751713 -1.599556 -40.967625 26.461755 32.039605 77.284970 -9.816422 9.987978 -40.895717 -19.626376 -2.472912 1.348921 0.003415 -0.582313 -0.000000 0.000000 0.000000 
0.191181 83.568703 1.157997 -5.173998 -2.181562 -4.225760 -0.000006 10.181591 0.131522 7.486624 1.380053 6.481893 -4.004939 -0.059513 2.988433 -4.019670 -0.542547 -0.015807 0.000001 16.740408 -2.049041 8.927138 -0.205662 -1.249356 0.000001 9.617896 1.685008 6.784055 -0.450678 -4.473234 0.000002 22.037338 7.501098 0.000001 -0.000000 0.000000 -4.569965 11.014930 -2.160885 14.732298 4.892481 -22.415115 -55.377722 19.543966 -11.006101 -15.880675 14.922549 -9.531345 -75.746265 5.089596 -2.619008 -2.464804 -1.573960 2.681860 4.317966 2.099915 -11.412831 13.901145 -28.876073 -8.942117 3.263461 -21.457133 -21.983116 0.000003 0.000004 0.000002 -9.108295 -0.517864 2.259844 0.010831 -6.746219 8.585238 1.976129 -0.788220 12.798886 0.941394 -0.852376 11.541964 -0.000005 -0.000003 -0.000001 -9.532508 -0.000042 -0.000020 1.186126 -3.079117 9.533194 -1.077261 -0.797427 9.054381 0.276071 -0.984854 11.510250 -0.000002 0.000002 0.000001 -9.103603 -0.043079 -1.865125 -1.645575 -3.752090 9.056861 -4.650955 -2.294144 19.849163 -2.807913 -1.469998 13.121435 -0.000001 0.000004 -0.000002 -8.076703 -0.486713 -3.806268 -6.761198 -4.579589 9.316143 0.164312 -0.334515 13.307436 -4.518150 -3.229440 17.014167 0.000003 0.000002 -0.000003 4.570448 11.014728 -2.160854 14.877691 -5.652323 19.377930 -59.555787 -17.342566 11.949489 154.466586 -161.452053 175.090192 -72.138723 -10.636690 5.772887 2.466132 -1.576217 2.681732 5.053098 -0.324284 11.996479 13.679234 26.949521 8.589516 2.200285 15.291443 20.936415 0.000007 0.000002 0.000000 9.109295 -0.518051 2.259866 0.085574 7.048918 -9.142534 2.008049 1.084994 -12.705369 0.963287 1.071201 -11.502347 0.000000 0.000001 0.000002 9.533408 0.000035 0.000039 1.222678 3.343282 -10.168417 -1.051724 1.081422 -8.942754 0.298326 1.183129 -11.441172 -0.000000 -0.000001 0.000003 9.104515 -0.043036 -1.865082 -1.589825 4.115167 -9.661848 -4.585152 2.671997 -19.711325 -2.773591 1.726358 -13.055840 -0.000001 0.000005 0.000003 8.077783 -0.486871 -3.806268 -6.650216 5.274366 -9.884221 0.274386 0.666833 -13.197698 -4.366036 3.496910 -16.958012 -0.000000 -0.000001 0.000001 -8.207786 -6.751667 -1.599565 -43.778016 -27.039959 -21.173171 72.416712 -4.364396 -9.953030 -29.162203 2.723732 9.467975 1.226766 0.000003 0.000008 -0.000000 0.000001 -0.000000 8.207791 -6.751713 -1.599556 -40.967625 26.461755 32.039605 77.284970 -9.816422 9.987978 -40.895717 -19.626376 -2.472912 1.348921 0.003415 -0.582313 -0.000000 0.000000 0.000000 
0.191181 83.568703 1.157997 -5.173998 -2.181562 -4.225760 -0.000006 10.181591 0.131522 7.486624 1.380053 6.481893 -4.004939 -0.059513 2.988433 -4.019670 -0.542547 -0.015807 0.000001 16.740408 -2.049041 8.927138 -0.205662 -1.249356 0.000001 9.617896 1.685008 6.784055 -0.450678 -4.473234 0.000002 22.037338 7.501098 0.000001 -0.000000 0.000000 -4.569965 11.014930 -2.160885 14.732298 4.892481 -22.415115 -55.377722 19.543966 -11.006101 -15.880675 14.922549 -9.531345 -75.746265 5.089596 -2.619008 -2.464804 -1.573960 2.681860 4.317966 2.099915 -11.412831 13.901145 -28.876073 -8.942117 3.263461 -21.457133 -21.983116 0.000003 0.000004 0.000002 -9.108295 -0.517864 2.259844 0.010831 -6.746219 8.585238 1.976129 -0.788220 12.798886 0.941394 -0.852376 11.541964 -0.000005 -0.000003 -0.000001 -9.532508 -0.000042 -0.000020 1.186126 -3.079117 9.533194 -1.077261 -0.797427 9.054381 0.276071 -0.984854 11.510250 -0.000002 0.000002 0.000001 -9.103603 -0.043079 -1.865125 -1.645575 -3.752090 9.056861 -4.650955 -2.294144 19.849163 -2.807913 -1.469998 13.121435 -0.000001 0.000004 -0.000002 -8.076703 -0.486713 -3.806268 -6.761198 -4.579589 9.316143 0.164312 -0.334515 13.307436 -4.518150 -3.229440 17.014167 0.000003 0.000002 -0.000003 4.570448 11.014728 -2.160854 14.877691 -5.652323 19.377930 -59.555787 -17.342566 11.949489 154.466586 -161.452053 175.090192 -72.138723 -10.636690 5.772887 2.466132 -1.576217 2.681732 5.053098 -0.324284 11.996479 13.679234 26.949521 8.589516 2.200285 15.291443 20.936415 0.000007 0.000002 0.000000 9.109295 -0.518051 2.259866 0.085574 7.048918 -9.142534 2.008049 1.084994 -12.705369 0.963287 1.071201 -11.502347 0.000000 0.000001 0.000002 9.533408 0.000035 0.000039 1.222678 3.343282 -10.168417 -1.051724 1.081422 -8.942754 0.298326 1.183129 -11.441172 -0.000000 -0.000001 0.000003 9.104515 -0.043036 -1.865082 -1.589825 4.115167 -9.661848 -4.585152 2.671997 -19.711325 -2.773591 1.726358 -13.055840 -0.000001 0.000005 0.000003 8.077783 -0.486871 -3.806268 -6.650216 5.274366 -9.884221 0.274386 0.666833 -13.197698 -4.366036 3.496910 -16.958012 -0.000000 -0.000001 0.000001 -8.207786 -6.751667 -1.599565 -43.778016 -27.039959 -21.173171 72.416712 -4.364396 -9.953030 -29.162203 2.723732 9.467975 1.226766 0.000003 0.000008 -0.000000 0.000001 -0.000000 8.207791 -6.751713 -1.599556 -40.967625 26.461755 32.039605 77.284970 -9.816422 9.987978 -40.895717 -19.626376 -2.472912 1.348921 0.003415 -0.582313 -0.000000 0.000000 0.000000 
0.191181 83.568703 1.157997 -5.173998 -2.181562 -4.225760 -0.000006 10.181591 0.131522 7.486624 1.380053 6.481893 -4.004939 -0.059513 2.988433 -4.019670 -0.542547 -0.015807 0.000001 16.740408 -2.049041 8.927138 -0.205662 -1.249356 0.000001 9.617896 1.685008 6.784055 -0.450678 -4.473234 0.000002 22.037338 7.501098 0.000001 -0.000000 0.000000 -4.569965 11.014930 -2.160885 14.732298 4.892481 -22.415115 -55.377722 19.543966 -11.006101 -15.880675 14.922549 -9.531345 -75.746265 5.089596 -2.619008 -2.464804 -1.573960 2.681860 4.317966 2.099915 -11.412831 13.901145 -28.876073 -8.942117 3.263461 -21.457133 -21.983116 0.000003 0.000004 0.000002 -9.108295 -0.517864 2.259844 0.010831 -6.746219 8.585238 1.976129 -0.788220 12.798886 0.941394 -0.852376 11.541964 -0.000005 -0.000003 -0.000001 -9.532508 -0.000042 -0.000020 1.186126 -3.079117 9.533194 -1.077261 -0.797427 9.054381 0.276071 -0.984854 11.510250 -0.000002 0.000002 0.000001 -9.103603 -0.043079 -1.865125 -1.645575 -3.752090 9.056861 -4.650955 -2.294144 19.849163 -2.807913 -1.469998 13.121435 -0.000001 0.000004 -0.000002 -8.076703 -0.486713 -3.806268 -6.761198 -4.579589 9.316143 0.164312 -0.334515 13.307436 -4.518150 -3.229440 17.014167 0.000003 0.000002 -0.000003 4.570448 11.014728 -2.160854 14.877691 -5.652323 19.377930 -59.555787 -17.342566 11.949489 154.466586 -161.452053 175.090192 -72.138723 -10.636690 5.772887 2.466132 -1.576217 2.681732 5.053098 -0.324284 11.996479 13.679234 26.949521 8.589516 2.200285 15.291443 20.936415 0.000007 0.000002 0.000000 9.109295 -0.518051 2.259866 0.085574 7.048918 -9.142534 2.008049 1.084994 -12.705369 0.963287 1.071201 -11.502347 0.000000 0.000001 0.000002 9.533408 0.000035 0.000039 1.222678 3.343282 -10.168417 -1.051724 1.081422 -8.942754 0.298326 1.183129 -11.441172 -0.000000 -0.000001 0.000003 9.104515 -0.043036 -1.865082 -1.589825 4.115167 -9.661848 -4.585152 2.671997 -19.711325 -2.773591 1.726358 -13.055840 -0.000001 0.000005 0.000003 8.077783 -0.486871 -3.806268 -6.650216 5.274366 -9.884221 0.274386 0.666833 -13.197698 -4.366036 3.496910 -16.958012 -0.000000 -0.000001 0.000001 -8.207786 -6.751667 -1.599565 -43.778016 -27.039959 -21.173171 72.416712 -4.364396 -9.953030 -29.162203 2.723732 9.467975 1.226766 0.000003 0.000008 -0.000000 0.000001 -0.000000 8.207791 -6.751713 -1.599556 -40.967625 26.461755 32.039605 77.284970 -9.816422 9.987978 -40.895717 -19.626376 -2.472912 1.348921 0.003415 -0.582313 -0.000000 0.000000 0.000000 
0.191181 83.568703 1.157997 -5.173998 -2.181562 -4.225760 -0.000006 10.181591 0.131522 7.486624 1.380053 6.481893 -4.004939 -0.059513 2.988433 -4.019670 -0.542547 -0.015807 0.000001 16.740408 -2.049041 8.927138 -0.205662 -1.249356 0.000001 9.617896 1.685008 6.784055 -0.450678 -4.473234 0.000002 22.037338 7.501098 0.000001 -0.000000 0.000000 -4.569965 11.014930 -2.160885 14.732298 4.892481 -22.415115 -55.377722 19.543966 -11.006101 -15.880675 14.922549 -9.531345 -75.746265 5.089596 -2.619008 -2.464804 -1.573960 2.681860 4.317966 2.099915 -11.412831 13.901145 -28.876073 -8.942117 3.263461 -21.457133 -21.983116 0.000003 0.000004 0.000002 -9.108295 -0.517864 2.259844 0.010831 -6.746219 8.585238 1.976129 -0.788220 12.798886 0.941394 -0.852376 11.541964 -0.000005 -0.000003 -0.000001 -9.532508 -0.000042 -0.000020 1.186126 -3.079117 9.533194 -1.077261 -0.797427 9.054381 0.276071 -0.984854 11.510250 -0.000002 0.000002 0.000001 -9.103603 -0.043079 -1.865125 -1.645575 -3.752090 9.056861 -4.650955 -2.294144 19.849163 -2.807913 -1.469998 13.121435 -0.000001 0.000004 -0.000002 -8.076703 -0.486713 -3.806268 -6.761198 -4.579589 9.316143 0.164312 -0.334515 13.307436 -4.518150 -3.229440 17.014167 0.000003 0.000002 -0.000003 4.570448 11.014728 -2.160854 14.877691 -5.652323 19.377930 -59.555787 -17.342566 11.949489 154.466586 -161.452053 175.090192 -72.138723 -10.636690 5.772887 2.466132 -1.576217 2.681732 5.053098 -0.324284 11.996479 13.679234 26.949521 8.589516 2.200285 15.291443 20.936415 0.000007 0.000002 0.000000 9.109295 -0.518051 2.259866 0.085574 7.048918 -9.142534 2.008049 1.084994 -12.705369 0.963287 1.071201 -11.502347 0.000000 0.000001 0.000002 9.533408 0.000035 0.000039 1.222678 3.343282 -10.168417 -1.051724 1.081422 -8.942754 0.298326 1.183129 -11.441172 -0.000000 -0.000001 0.000003 9.104515 -0.043036 -1.865082 -1.589825 4.115167 -9.661848 -4.585152 2.671997 -19.711325 -2.773591 1.726358 -13.055840 -0.000001 0.000005 0.000003 8.077783 -0.486871 -3.806268 -6.650216 5.274366 -9.884221 0.274386 0.666833 -13.197698 -4.366036 3.496910 -16.958012 -0.000000 -0.000001 0.000001 -8.207786 -6.751667 -1.599565 -43.778016 -27.039959 -21.173171 72.416712 -4.364396 -9.953030 -29.162203 2.723732 9.467975 1.226766 0.000003 0.000008 -0.000000 0.000001 -0.000000 8.207791 -6.751713 -1.599556 -40.967625 26.461755 32.039605 77.284970 -9.816422 9.987978 -40.895717 -19.626376 -2.472912 1.348921 0.003415 -0.582313 -0.000000 0.000000 0.000000 
0.191181 83.568703 1.157997 -5.173998 -2.181562 -4.225760 -0.000006 10.181591 0.131522 7.486624 1.380053 6.481893 -4.004939 -0.059513 2.988433 -4.019670 -0.542547 -0.015807 0.000001 16.740408 -2.049041 8.927138 -0.205662 -1.249356 0.000001 9.617896 1.685008 6.784055 -0.450678 -4.473234 0.000002 22.037338 7.501098 0.000001 -0.000000 0.000000 -4.569965 11.014930 -2.160885 14.732298 4.892481 -22.415115 -55.377722 19.543966 -11.006101 -15.880675 14.922549 -9.531345 -75.746265 5.089596 -2.619008 -2.464804 -1.573960 2.681860 4.317966 2.099915 -11.412831 13.901145 -28.876073 -8.942117 3.263461 -21.457133 -21.983116 0.000003 0.000004 0.000002 -9.108295 -0.517864 2.259844 0.010831 -6.746219 8.585238 1.976129 -0.788220 12.798886 0.941394 -0.852376 11.541964 -0.000005 -0.000003 -0.000001 -9.532508 -0.000042 -0.000020 1.186126 -3.079117 9.533194 -1.077261 -0.797427 9.054381 0.276071 -0.984854 11.510250 -0.000002 0.000002 0.000001 -9.103603 -0.043079 -1.865125 -1.645575 -3.752090 9.056861 -4.650955 -2.294144 19.849163 -2.807913 -1.469998 13.121435 -0.000001 0.000004 -0.000002 -8.076703 -0.486713 -3.806268 -6.761198 -4.579589 9.316143 0.164312 -0.334515 13.307436 -4.518150 -3.229440 17.014167 0.000003 0.000002 -0.000003 4.570448 11.014728 -2.160854 14.877691 -5.652323 19.377930 -59.555787 -17.342566 11.949489 154.466586 -161.452053 175.090192 -72.138723 -10.636690 5.772887 2.466132 -1.576217 2.681732 5.053098 -0.324284 11.996479 13.679234 26.949521 8.589516 2.200285 15.291443 20.936415 0.000007 0.000002 0.000000 9.109295 -0.518051 2.259866 0.085574 7.048918 -9.142534 2.008049 1.084994 -12.705369 0.963287 1.071201 -11.502347 0.000000 0.000001 0.000002 9.533408 0.000035 0.000039 1.222678 3.343282 -10.168417 -1.051724 1.081422 -8.942754 0.298326 1.183129 -11.441172 -0.000000 -0.000001 0.000003 9.104515 -0.043036 -1.865082 -1.589825 4.115167 -9.661848 -4.585152 2.671997 -19.711325 -2.773591 1.726358 -13.055840 -0.000001 0.000005 0.000003 8.077783 -0.486871 -3.806268 -6.650216 5.274366 -9.884221 0.274386 0.666833 -13.197698 -4.366036 3.496910 -16.958012 -0.000000 -0.000001 0.000001 -8.207786 -6.751667 -1.599565 -43.778016 -27.039959 -21.173171 72.416712 -4.364396 -9.953030 -29.162203 2.723732 9.467975 1.226766 0.000003 0.000008 -0.000000 0.000001 -0.000000 8.207791 -6.751713 -1.599556 -40.967625 26.461755 32.039605 77.284970 -9.816422 9.987978 -40.895717 -19.626376 -2.472912 1.348921 0.003415 -0.582313 -0.000000 0.000000 0.000000 
0.191181 83.568703 1.157997 -5.173998 -2.181562 -4.225760 -0.000006 10.181591 0.131522 7.486624 1.380053 6.481893 -4.004939 -0.059513 2.988433 -4.019670 -0.542547 -0.015807 0.000001 16.740408 -2.049041 8.927138 -0.205662 -1.249356 0.000001 9.617896 1.685008 6.784055 -0.450678 -4.473234 0.000002 22.037338 7.501098 0.000001 -0.000000 0.000000 -4.569965 11.014930 -2.160885 14.732298 4.892481 -22.415115 -55.377722 19.543966 -11.006101 -15.880675 14.922549 -9.531345 -75.746265 5.089596 -2.619008 -2.464804 -1.573960 2.681860 4.317966 2.099915 -11.412831 13.901145 -28.876073 -8.942117 3.263461 -21.457133 -21.983116 0.000003 0.000004 0.000002 -9.108295 -0.517864 2.259844 0.010831 -6.746219 8.585238 1.976129 -0.788220 12.798886 0.941394 -0.852376 11.541964 -0.000005 -0.000003 -0.000001 -9.532508 -0.000042 -0.000020 1.186126 -3.079117 9.533194 -1.077261 -0.797427 9.054381 0.276071 -0.984854 11.510250 -0.000002 0.000002 0.000001 -9.103603 -0.043079 -1.865125 -1.645575 -3.752090 9.056861 -4.650955 -2.294144 19.849163 -2.807913 -1.469998 13.121435 -0.000001 0.000004 -0.000002 -8.076703 -0.486713 -3.806268 -6.761198 -4.579589 9.316143 0.164312 -0.334515 13.307436 -4.518150 -3.229440 17.014167 0.000003 0.000002 -0.000003 4.570448 11.014728 -2.160854 14.877691 -5.652323 19.377930 -59.555787 -17.342566 11.949489 154.466586 -161.452053 175.090192 -72.138723 -10.636690 5.772887 2.466132 -1.576217 2.681732 5.053098 -0.324284 11.996479 13.679234 26.949521 8.589516 2.200285 15.291443 20.936415 0.000007 0.000002 0.000000 9.109295 -0.518051 2.259866 0.085574 7.048918 -9.142534 2.008049 1.084994 -12.705369 0.963287 1.071201 -11.502347 0.000000 0.000001 0.000002 9.533408 0.000035 0.000039 1.222678 3.343282 -10.168417 -1.051724 1.081422 -8.942754 0.298326 1.183129 -11.441172 -0.000000 -0.000001 0.000003 9.104515 -0.043036 -1.865082 -1.589825 4.115167 -9.661848 -4.585152 2.671997 -19.711325 -2.773591 1.726358 -13.055840 -0.000001 0.000005 0.000003 8.077783 -0.486871 -3.806268 -6.650216 5.274366 -9.884221 0.274386 0.666833 -13.197698 -4.366036 3.496910 -16.958012 -0.000000 -0.000001 0.000001 -8.207786 -6.751667 -1.599565 -43.778016 -27.039959 -21.173171 72.416712 -4.364396 -9.953030 -29.162203 2.723732 9.467975 1.226766 0.000003 0.000008 -0.000000 0.000001 -0.000000 8.207791 -6.751713 -1.599556 -40.967625 26.461755 32.039605 77.284970 -9.816422 9.987978 -40.895717 -19.626376 -2.472912 1.348921 0.003415 -0.582313 -0.000000 0.000000 0.000000 
0.191181 83.568703 1.157997 -5.173998 -2.181562 -4.225760 -0.000006 10.181591 0.131522 7.486624 1.380053 6.481893 -4.004939 -0.059513 2.988433 -4.019670 -0.542547 -0.015807 0.000001 16.740408 -2.049041 8.927138 -0.205662 -1.249356 0.000001 9.617896 1.685008 6.784055 -0.450678 -4.473234 0.000002 22.037338 7.501098 0.000001 -0.000000 0.000000 -4.569965 11.014930 -2.160885 14.732298 4.892481 -22.415115 -55.377722 19.543966 -11.006101 -15.880675 14.922549 -9.531345 -75.746265 5.089596 -2.619008 -2.464804 -1.573960 2.681860 4.317966 2.099915 -11.412831 13.901145 -28.876073 -8.942117 3.263461 -21.457133 -21.983116 0.000003 0.000004 0.000002 -9.108295 -0.517864 2.259844 0.010831 -6.746219 8.585238 1.976129 -0.788220 12.798886 0.941394 -0.852376 11.541964 -0.000005 -0.000003 -0.000001 -9.532508 -0.000042 -0.000020 1.186126 -3.079117 9.533194 -1.077261 -0.797427 9.054381 0.276071 -0.984854 11.510250 -0.000002 0.000002 0.000001 -9.103603 -0.043079 -1.865125 -1.645575 -3.752090 9.056861 -4.650955 -2.294144 19.849163 -2.807913 -1.469998 13.121435 -0.000001 0.000004 -0.000002 -8.076703 -0.486713 -3.806268 -6.761198 -4.579589 9.316143 0.164312 -0.334515 13.307436 -4.518150 -3.229440 17.014167 0.000003 0.000002 -0.000003 4.570448 11.014728 -2.160854 14.877691 -5.652323 19.377930 -59.555787 -17.342566 11.949489 154.466586 -161.452053 175.090192 -72.138723 -10.636690 5.772887 2.466132 -1.576217 2.681732 5.053098 -0.324284 11.996479 13.679234 26.949521 8.589516 2.200285 15.291443 20.936415 0.000007 0.000002 0.000000 9.109295 -0.518051 2.259866 0.085574 7.048918 -9.142534 2.008049 1.084994 -12.705369 0.963287 1.071201 -11.502347 0.000000 0.000001 0.000002 9.533408 0.000035 0.000039 1.222678 3.343282 -10.168417 -1.051724 1.081422 -8.942754 0.298326 1.183129 -11.441172 -0.000000 -0.000001 0.000003 9.104515 -0.043036 -1.865082 -1.589825 4.115167 -9.661848 -4.585152 2.671997 -19.711325 -2.773591 1.726358 -13.055840 -0.000001 0.000005 0.000003 8.077783 -0.486871 -3.806268 -6.650216 5.274366 -9.884221 0.274386 0.666833 -13.197698 -4.366036 3.496910 -16.958012 -0.000000 -0.000001 0.000001 -8.207786 -6.751667 -1.599565 -43.778016 -27.039959 -21.173171 72.416712 -4.364396 -9.953030 -29.162203 2.723732 9.467975 1.226766 0.000003 0.000008 -0.000000 0.000001 -0.000000 8.207791 -6.751713 -1.599556 -40.967625 26.461755 32.039605 77.284970 -9.816422 9.987978 -40.895717 -19.626376 -2.472912 1.348921 0.003415 -0.582313 -0.000000 0.000000 0.000000 
0.191181 83.568703 1.157997 -5.173998 -2.181562 -4.225760 -0.000006 10.181591 0.131522 7.486624 1.380053 6.481893 -4.004939 -0.059513 2.988433 -4.019670 -0.542547 -0.015807 0.000001 16.740408 -2.049041 8.927138 -0.205662 -1.249356 0.000001 9.617896 1.685008 6.784055 -0.450678 -4.473234 0.000002 22.037338 7.501098 0.000001 -0.000000 0.000000 -4.569965 11.014930 -2.160885 14.732298 4.892481 -22.415115 -55.377722 19.543966 -11.006101 -15.880675 14.922549 -9.531345 -75.746265 5.089596 -2.619008 -2.464804 -1.573960 2.681860 4.317966 2.099915 -11.412831 13.901145 -28.876073 -8.942117 3.263461 -21.457133 -21.983116 0.000003 0.000004 0.000002 -9.108295 -0.517864 2.259844 0.010831 -6.746219 8.585238 1.976129 -0.788220 12.798886 0.941394 -0.852376 11.541964 -0.000005 -0.000003 -0.000001 -9.532508 -0.000042 -0.000020 1.186126 -3.079117 9.533194 -1.077261 -0.797427 9.054381 0.276071 -0.984854 11.510250 -0.000002 0.000002 0.000001 -9.103603 -0.043079 -1.865125 -1.645575 -3.752090 9.056861 -4.650955 -2.294144 19.849163 -2.807913 -1.469998 13.121435 -0.000001 0.000004 -0.000002 -8.076703 -0.486713 -3.806268 -6.761198 -4.579589 9.316143 0.164312 -0.334515 13.307436 -4.518150 -3.229440 17.014167 0.000003 0.000002 -0.000003 4.570448 11.014728 -2.160854 14.877691 -5.652323 19.377930 -59.555787 -17.342566 11.949489 154.466586 -161.452053 175.090192 -72.138723 -10.636690 5.772887 2.466132 -1.576217 2.681732 5.053098 -0.324284 11.996479 13.679234 26.949521 8.589516 2.200285 15.291443 20.936415 0.000007 0.000002 0.000000 9.109295 -0.518051 2.259866 0.085574 7.048918 -9.142534 2.008049 1.084994 -12.705369 0.963287 1.071201 -11.502347 0.000000 0.000001 0.000002 9.533408 0.000035 0.000039 1.222678 3.343282 -10.168417 -1.051724 1.081422 -8.942754 0.298326 1.183129 -11.441172 -0.000000 -0.000001 0.000003 9.104515 -0.043036 -1.865082 -1.589825 4.115167 -9.661848 -4.585152 2.671997 -19.711325 -2.773591 1.726358 -13.055840 -0.000001 0.000005 0.000003 8.077783 -0.486871 -3.806268 -6.650216 5.274366 -9.884221 0.274386 0.666833 -13.197698 -4.366036 3.496910 -16.958012 -0.000000 -0.000001 0.000001 -8.207786 -6.751667 -1.599565 -43.778016 -27.039959 -21.173171 72.416712 -4.364396 -9.953030 -29.162203 2.723732 9.467975 1.226766 0.000003 0.000008 -0.000000 0.000001 -0.000000 8.207791 -6.751713 -1.599556 -40.967625 26.461755 32.039605 77.284970 -9.816422 9.987978 -40.895717 -19.626376 -2.472912 1.348921 0.003415 -0.582313 -0.000000 0.000000 0.000000 
0.191181 83.568703 1.157997 -5.173998 -2.181562 -4.225760 -0.000006 10.181591 0.131522 7.486624 1.380053 6.481893 -4.004939 -0.059513 2.988433 -4.019670 -0.542547 -0.015807 0.000001 16.740408 -2.049041 8.927138 -0.205662 -1.249356 0.000001 9.617896 1.685008 6.784055 -0.450678 -4.473234 0.000002 22.037338 7.501098 0.000001 -0.000000 0.000000 -4.569965 11.014930 -2.160885 14.732298 4.892481 -22.415115 -55.377722 19.543966 -11.006101 -15.880675 14.922549 -9.531345 -75.746265 5.089596 -2.619008 -2.464804 -1.573960 2.681860 4.317966 2.099915 -11.412831 13.901145 -28.876073 -8.942117 3.263461 -21.457133 -21.983116 0.000003 0.000004 0.000002 -9.108295 -0.517864 2.259844 0.010831 -6.746219 8.585238 1.976129 -0.788220 12.798886 0.941394 -0.852376 11.541964 -0.000005 -0.000003 -0.000001 -9.532508 -0.000042 -0.000020 1.186126 -3.079117 9.533194 -1.077261 -0.797427 9.054381 0.276071 -0.984854 11.510250 -0.000002 0.000002 0.000001 -9.103603 -0.043079 -1.865125 -1.645575 -3.752090 9.056861 -4.650955 -2.294144 19.849163 -2.807913 -1.469998 13.121435 -0.000001 0.000004 -0.000002 -8.076703 -0.486713 -3.806268 -6.761198 -4.579589 9.316143 0.164312 -0.334515 13.307436 -4.518150 -3.229440 17.014167 0.000003 0.000002 -0.000003 4.570448 11.014728 -2.160854 14.877691 -5.652323 19.377930 -59.555787 -17.342566 11.949489 154.466586 -161.452053 175.090192 -72.138723 -10.636690 5.772887 2.466132 -1.576217 2.681732 5.053098 -0.324284 11.996479 13.679234 26.949521 8.589516 2.200285 15.291443 20.936415 0.000007 0.000002 0.000000 9.109295 -0.518051 2.259866 0.085574 7.048918 -9.142534 2.008049 1.084994 -12.705369 0.963287 1.071201 -11.502347 0.000000 0.000001 0.000002 9.533408 0.000035 0.000039 1.222678 3.343282 -10.168417 -1.051724 1.081422 -8.942754 0.298326 1.183129 -11.441172 -0.000000 -0.000001 0.000003 9.104515 -0.043036 -1.865082 -1.589825 4.115167 -9.661848 -4.585152 2.671997 -19.711325 -2.773591 1.726358 -13.055840 -0.000001 0.000005 0.000003 8.077783 -0.486871 -3.806268 -6.650216 5.274366 -9.884221 0.274386 0.666833 -13.197698 -4.366036 3.496910 -16.958012 -0.000000 -0.000001 0.000001 -8.207786 -6.751667 -1.599565 -43.778016 -27.039959 -21.173171 72.416712 -4.364396 -9.953030 -29.162203 2.723732 9.467975 1.226766 0.000003 0.000008 -0.000000 0.000001 -0.000000 8.207791 -6.751713 -1.599556 -40.967625 26.461755 32.039605 77.284970 -9.816422 9.987978 -40.895717 -19.626376 -2.472912 1.348921 0.003415 -0.582313 -0.000000 0.000000 0.000000 
0.191181 83.568703 1.157997 -5.173998 -2.181562 -4.225760 -0.000006 10.181591 0.131522 7.486624 1.380053 6.481893 -4.004939 -0.059513 2.988433 -4.019670 -0.542547 -0.015807 0.000001 16.740408 -2.049041 8.927138 -0.205662 -1.249356 0.000001 9.617896 1.685008 6.784055 -0.450678 -4.473234 0.000002 22.037338 7.501098 0.000001 -0.000000 0.000000 -4.569965 11.014930 -2.160885 14.732298 4.892481 -22.415115 -55.377722 19.543966 -11.006101 -15.880675 14.922549 -9.531345 -75.746265 5.089596 -2.619008 -2.464804 -1.573960 2.681860 4.317966 2.099915 -11.412831 13.901145 -28.876073 -8.942117 3.263461 -21.457133 -21.983116 0.000003 0.000004 0.000002 -9.108295 -0.517864 2.259844 0.010831 -6.746219 8.585238 1.976129 -0.788220 12.798886 0.941394 -0.852376 11.541964 -0.000005 -0.000003 -0.000001 -9.532508 -0.000042 -0.000020 1.186126 -3.079117 9.533194 -1.077261 -0.797427 9.054381 0.276071 -0.984854 11.510250 -0.000002 0.000002 0.000001 -9.103603 -0.043079 -1.865125 -1.645575 -3.752090 9.056861 -4.650955 -2.294144 19.849163 -2.807913 -1.469998 13.121435 -0.000001 0.000004 -0.000002 -8.076703 -0.486713 -3.806268 -6.761198 -4.579589 9.316143 0.164312 -0.334515 13.307436 -4.518150 -3.229440 17.014167 0.000003 0.000002 -0.000003 4.570448 11.014728 -2.160854 14.877691 -5.652323 19.377930 -59.555787 -17.342566 11.949489 154.466586 -161.452053 175.090192 -72.138723 -10.636690 5.772887 2.466132 -1.576217 2.681732 5.053098 -0.324284 11.996479 13.679234 26.949521 8.589516 2.200285 15.291443 20.936415 0.000007 0.000002 0.000000 9.109295 -0.518051 2.259866 0.085574 7.048918 -9.142534 2.008049 1.084994 -12.705369 0.963287 1.071201 -11.502347 0.000000 0.000001 0.000002 9.533408 0.000035 0.000039 1.222678 3.343282 -10.168417 -1.051724 1.081422 -8.942754 0.298326 1.183129 -11.441172 -0.000000 -0.000001 0.000003 9.104515 -0.043036 -1.865082 -1.589825 4.115167 -9.661848 -4.585152 2.671997 -19.711325 -2.773591 1.726358 -13.055840 -0.000001 0.000005 0.000003 8.077783 -0.486871 -3.806268 -6.650216 5.274366 -9.884221 0.274386 0.666833 -13.197698 -4.366036 3.496910 -16.958012 -0.000000 -0.000001 0.000001 -8.207786 -6.751667 -1.599565 -43.778016 -27.039959 -21.173171 72.416712 -4.364396 -9.953030 -29.162203 2.723732 9.467975 1.226766 0.000003 0.000008 -0.000000 0.000001 -0.000000 8.207791 -6.751713 -1.599556 -40.967625 26.461755 32.039605 77.284970 -9.816422 9.987978 -40.895717 -19.626376 -2.472912 1.348921 0.003415 -0.582313 -0.000000 0.000000 0.000000 
0.191181 83.568703 1.157997 -5.173998 -2.181562 -4.225760 -0.000006 10.181591 0.131522 7.486624 1.380053 6.481893 -4.004939 -0.059513 2.988433 -4.019670 -0.542547 -0.015807 0.000001 16.740408 -2.049041 8.927138 -0.205662 -1.249356 0.000001 9.617896 1.685008 6.784055 -0.450678 -4.473234 0.000002 22.037338 7.501098 0.000001 -0.000000 0.000000 -4.569965 11.014930 -2.160885 14.732298 4.892481 -22.415115 -55.377722 19.543966 -11.006101 -15.880675 14.922549 -9.531345 -75.746265 5.089596 -2.619008 -2.464804 -1.573960 2.681860 4.317966 2.099915 -11.412831 13.901145 -28.876073 -8.942117 3.263461 -21.457133 -21.983116 0.000003 0.000004 0.000002 -9.108295 -0.517864 2.259844 0.010831 -6.746219 8.585238 1.976129 -0.788220 12.798886 0.941394 -0.852376 11.541964 -0.000005 -0.000003 -0.000001 -9.532508 -0.000042 -0.000020 1.186126 -3.079117 9.533194 -1.077261 -0.797427 9.054381 0.276071 -0.984854 11.510250 -0.000002 0.000002 0.000001 -9.103603 -0.043079 -1.865125 -1.645575 -3.752090 9.056861 -4.650955 -2.294144 19.849163 -2.807913 -1.469998 13.121435 -0.000001 0.000004 -0.000002 -8.076703 -0.486713 -3.806268 -6.761198 -4.579589 9.316143 0.164312 -0.334515 13.307436 -4.518150 -3.229440 17.014167 0.000003 0.000002 -0.000003 4.570448 11.014728 -2.160854 14.877691 -5.652323 19.377930 -59.555787 -17.342566 11.949489 154.466586 -161.452053 175.090192 -72.138723 -10.636690 5.772887 2.466132 -1.576217 2.681732 5.053098 -0.324284 11.996479 13.679234 26.949521 8.589516 2.200285 15.291443 20.936415 0.000007 0.000002 0.000000 9.109295 -0.518051 2.259866 0.085574 7.048918 -9.142534 2.008049 1.084994 -12.705369 0.963287 1.071201 -11.502347 0.000000 0.000001 0.000002 9.533408 0.000035 0.000039 1.222678 3.343282 -10.168417 -1.051724 1.081422 -8.942754 0.298326 1.183129 -11.441172 -0.000000 -0.000001 0.000003 9.104515 -0.043036 -1.865082 -1.589825 4.115167 -9.661848 -4.585152 2.671997 -19.711325 -2.773591 1.726358 -13.055840 -0.000001 0.000005 0.000003 8.077783 -0.486871 -3.806268 -6.650216 5.274366 -9.884221 0.274386 0.666833 -13.197698 -4.366036 3.496910 -16.958012 -0.000000 -0.000001 0.000001 -8.207786 -6.751667 -1.599565 -43.778016 -27.039959 -21.173171 72.416712 -4.364396 -9.953030 -29.162203 2.723732 9.467975 1.226766 0.000003 0.000008 -0.000000 0.000001 -0.000000 8.207791 -6.751713 -1.599556 -40.967625 26.461755 32.039605 77.284970 -9.816422 9.987978 -40.895717 -19.626376 -2.472912 1.348921 0.003415 -0.582313 -0.000000 0.000000 0.000000 
0.191181 83.568703 1.157997 -5.173998 -2.181562 -4.225760 -0.000006 10.181591 0.131522 7.486624 1.380053 6.481893 -4.004939 -0.059513 2.988433 -4.019670 -0.542547 -0.015807 0.000001 16.740408 -2.049041 8.927138 -0.205662 -1.249356 0.000001 9.617896 1.685008 6.784055 -0.450678 -4.473234 0.000002 22.037338 7.501098 0.000001 -0.000000 0.000000 -4.569965 11.014930 -2.160885 14.732298 4.892481 -22.415115 -55.377722 19.543966 -11.006101 -15.880675 14.922549 -9.531345 -75.746265 5.089596 -2.619008 -2.464804 -1.573960 2.681860 4.317966 2.099915 -11.412831 13.901145 -28.876073 -8.942117 3.263461 -21.457133 -21.983116 0.000003 0.000004 0.000002 -9.108295 -0.517864 2.259844 0.010831 -6.746219 8.585238 1.976129 -0.788220 12.798886 0.941394 -0.852376 11.541964 -0.000005 -0.000003 -0.000001 -9.532508 -0.000042 -0.000020 1.186126 -3.079117 9.533194 -1.077261 -0.797427 9.054381 0.276071 -0.984854 11.510250 -0.000002 0.000002 0.000001 -9.103603 -0.043079 -1.865125 -1.645575 -3.752090 9.056861 -4.650955 -2.294144 19.849163 -2.807913 -1.469998 13.121435 -0.000001 0.000004 -0.000002 -8.076703 -0.486713 -3.806268 -6.761198 -4.579589 9.316143 0.164312 -0.334515 13.307436 -4.518150 -3.229440 17.014167 0.000003 0.000002 -0.000003 4.570448 11.014728 -2.160854 14.877691 -5.652323 19.377930 -59.555787 -17.342566 11.949489 154.466586 -161.452053 175.090192 -72.138723 -10.636690 5.772887 2.466132 -1.576217 2.681732 5.053098 -0.324284 11.996479 13.679234 26.949521 8.589516 2.200285 15.291443 20.936415 0.000007 0.000002 0.000000 9.109295 -0.518051 2.259866 0.085574 7.048918 -9.142534 2.008049 1.084994 -12.705369 0.963287 1.071201 -11.502347 0.000000 0.000001 0.000002 9.533408 0.000035 0.000039 1.222678 3.343282 -10.168417 -1.051724 1.081422 -8.942754 0.298326 1.183129 -11.441172 -0.000000 -0.000001 0.000003 9.104515 -0.043036 -1.865082 -1.589825 4.115167 -9.661848 -4.585152 2.671997 -19.711325 -2.773591 1.726358 -13.055840 -0.000001 0.000005 0.000003 8.077783 -0.486871 -3.806268 -6.650216 5.274366 -9.884221 0.274386 0.666833 -13.197698 -4.366036 3.496910 -16.958012 -0.000000 -0.000001 0.000001 -8.207786 -6.751667 -1.599565 -43.778016 -27.039959 -21.173171 72.416712 -4.364396 -9.953030 -29.162203 2.723732 9.467975 1.226766 0.000003 0.000008 -0.000000 0.000001 -0.000000 8.207791 -6.751713 -1.599556 -40.967625 26.461755 32.039605 77.284970 -9.816422 9.987978 -40.895717 -19.626376 -2.472912 1.348921 0.003415 -0.582313 -0.000000 0.000000 0.000000 
0.191181 83.568703 1.157997 -5.173998 -2.181562 -4.225760 -0.000006 10.181591 0.131522 7.486624 1.380053 6.481893 -4.004939 -0.059513 2.988433 -4.019670 -0.542547 -0.015807 0.000001 16.740408 -2.049041 8.927138 -0.205662 -1.249356 0.000001 9.617896 1.685008 6.784055 -0.450678 -4.473234 0.000002 22.037338 7.501098 0.000001 -0.000000 0.000000 -4.569965 11.014930 -2.160885 14.732298 4.892481 -22.415115 -55.377722 19.543966 -11.006101 -15.880675 14.922549 -9.531345 -75.746265 5.089596 -2.619008 -2.464804 -1.573960 2.681860 4.317966 2.099915 -11.412831 13.901145 -28.876073 -8.942117 3.263461 -21.457133 -21.983116 0.000003 0.000004 0.000002 -9.108295 -0.517864 2.259844 0.010831 -6.746219 8.585238 1.976129 -0.788220 12.798886 0.941394 -0.852376 11.541964 -0.000005 -0.000003 -0.000001 -9.532508 -0.000042 -0.000020 1.186126 -3.079117 9.533194 -1.077261 -0.797427 9.054381 0.276071 -0.984854 11.510250 -0.000002 0.000002 0.000001 -9.103603 -0.043079 -1.865125 -1.645575 -3.752090 9.056861 -4.650955 -2.294144 19.849163 -2.807913 -1.469998 13.121435 -0.000001 0.000004 -0.000002 -8.076703 -0.486713 -3.806268 -6.761198 -4.579589 9.316143 0.164312 -0.334515 13.307436 -4.518150 -3.229440 17.014167 0.000003 0.000002 -0.000003 4.570448 11.014728 -2.160854 14.877691 -5.652323 19.377930 -59.555787 -17.342566 11.949489 154.466586 -161.452053 175.090192 -72.138723 -10.636690 5.772887 2.466132 -1.576217 2.681732 5.053098 -0.324284 11.996479 13.679234 26.949521 8.589516 2.200285 15.291443 20.936415 0.000007 0.000002 0.000000 9.109295 -0.518051 2.259866 0.085574 7.048918 -9.142534 2.008049 1.084994 -12.705369 0.963287 1.071201 -11.502347 0.000000 0.000001 0.000002 9.533408 0.000035 0.000039 1.222678 3.343282 -10.168417 -1.051724 1.081422 -8.942754 0.298326 1.183129 -11.441172 -0.000000 -0.000001 0.000003 9.104515 -0.043036 -1.865082 -1.589825 4.115167 -9.661848 -4.585152 2.671997 -19.711325 -2.773591 1.726358 -13.055840 -0.000001 0.000005 0.000003 8.077783 -0.486871 -3.806268 -6.650216 5.274366 -9.884221 0.274386 0.666833 -13.197698 -4.366036 3.496910 -16.958012 -0.000000 -0.000001 0.000001 -8.207786 -6.751667 -1.599565 -43.778016 -27.039959 -21.173171 72.416712 -4.364396 -9.953030 -29.162203 2.723732 9.467975 1.226766 0.000003 0.000008 -0.000000 0.000001 -0.000000 8.207791 -6.751713 -1.599556 -40.967625 26.461755 32.039605 77.284970 -9.816422 9.987978 -40.895717 -19.626376 -2.472912 1.348921 0.003415 -0.582313 -0.000000 0.000000 0.000000 
